sample_id,elv_angle,shoulder_elv,shoulder_rot,elbow_flexion,pro_sup,deviation,flexion,capacity_target,capacity_muscles,capacity_scale,usable,status,reason,duration_ms,objective,max_assembly_error_deg,max_equilibrium_residual,max_reserve_torque_nm,muscles_at_floor,muscles_at_capacity,activation__DELT1,activation__DELT2,activation__DELT3,activation__SUPSP,activation__INFSP,activation__SUBSC,activation__TMIN,activation__TMAJ,activation__PECM1,activation__PECM2,activation__PECM3,activation__LAT1,activation__LAT2,activation__LAT3,activation__CORB,activation__TRIlong,activation__TRIlat,activation__TRImed,activation__ANC,activation__SUP,activation__BIClong,activation__BICshort,activation__BRA,activation__BRD,activation__ECRL,activation__ECRB,activation__ECU,activation__FCR,activation__FCU,activation__PL,activation__PT,activation__PQ,activation__FDSL,activation__FDSR,activation__FDSM,activation__FDSI,activation__FDPL,activation__FDPR,activation__FDPM,activation__FDPI,activation__EDCL,activation__EDCR,activation__EDCM,activation__EDCI,activation__EDM,activation__EIP,activation__EPL,activation__EPB,activation__FPL,activation__APL,active_force_n__DELT1,active_force_n__DELT2,active_force_n__DELT3,active_force_n__SUPSP,active_force_n__INFSP,active_force_n__SUBSC,active_force_n__TMIN,active_force_n__TMAJ,active_force_n__PECM1,active_force_n__PECM2,active_force_n__PECM3,active_force_n__LAT1,active_force_n__LAT2,active_force_n__LAT3,active_force_n__CORB,active_force_n__TRIlong,active_force_n__TRIlat,active_force_n__TRImed,active_force_n__ANC,active_force_n__SUP,active_force_n__BIClong,active_force_n__BICshort,active_force_n__BRA,active_force_n__BRD,active_force_n__ECRL,active_force_n__ECRB,active_force_n__ECU,active_force_n__FCR,active_force_n__FCU,active_force_n__PL,active_force_n__PT,active_force_n__PQ,active_force_n__FDSL,active_force_n__FDSR,active_force_n__FDSM,active_force_n__FDSI,active_force_n__FDPL,active_force_n__FDPR,active_force_n__FDPM,active_force_n__FDPI,active_force_n__EDCL,active_force_n__EDCR,active_force_n__EDCM,active_force_n__EDCI,active_force_n__EDM,active_force_n__EIP,active_force_n__EPL,active_force_n__EPB,active_force_n__FPL,active_force_n__APL
sobol__0001720@@pectoralis_major@@0.25,-30.31259087,4.18657316,52.24610911,0.30780409,-59.16103981,2.8318941,8.87312899,Pectoralis major,PECM1;PECM2;PECM3,0.25,1,usable,Converged with independently replayed constrained generalized-force equilibrium and small reserve torques,529.403868,0.733682834207,9.673752141e-07,1.3571366253e-12,3.3532641046e-05,11,0,0.133968256959,0.010003172451,0.0100021370603,0.341122506664,0.0100004181145,0.0390781043859,0.0100025752606,0.0824695088817,0.0266915350069,0.0241877900917,8.87200186673e-06,0.14158311511,0.0491118993117,0.0784164399633,0.0875953385952,0.263044650172,0.546481491718,0.398311601422,0.0100452377845,0.010003327342,0.0989488596289,0.0100020585934,0.0100006204345,0.0100027759224,0.033157597477,0.0100153742544,0.0498052207561,0.0100039807254,0.0100014280697,0.010019919434,0.0100411006745,0.0445036002267,0.0100218797425,0.010010118611,0.0169390224604,0.0134158475462,0.010022959054,0.0100351702637,0.0100726709746,0.0116382525849,0.0137095333421,0.0610191652333,0.0483032981773,0.0281289441381,0.0233265745892,0.0100949857356,0.0109475734743,0.0132024591917,0.0133264760258,0.0309709736753,105.693604098,10.9549091004,1.99666688191,169.823463272,7.25368178468,48.237958583,2.69085683916,10.2319149555,2.81974034077,3.51567543472,0.00055510352281,26.1870243916,4.44890275955,11.9557556006,16.1693561327,199.358048051,240.410789611,127.716911845,0,3.50516589736,31.7407255727,2.51378741689,11.5073056284,2.30978606912,10.0075793641,2.20205954851,9.60727366712,3.58112405385,4.77973351823,0.934693526793,1.60171396121,11.1489737599,0.752092727132,1.71181216524,4.38363601764,2.17420996705,2.3733057134,1.73499665011,2.10211651315,2.29602440845,0.441793255746,6.66322782781,4.54399974619,1.37268324779,1.62630210709,0.39135136317,0.786558252766,0.607250019366,2.66183310523,3.61408271314
sobol__0003163@@triceps@@0.00,10.16104194,88.95952238,-42.93211354,118.53290174,-59.51260231,-9.68641644,12.00789462,Triceps,TRIlong;TRIlat;TRImed,0,0,solver_failed,The static optimization solver did not converge,694.512593,,9.44948931547e-07,,,0,0,,,,,,,,,,,,,,,,,,,,,,,,,,,,,,,,,,,,,,,,,,,,,,,,,,,,,,,,,,,,,,,,,,,,,,,,,,,,,,,,,,,,,,,,,,,,,,,,,,,,
sobol__0002973@@subscapularis@@0.50,80.56143257,115.55620206,-13.56199635,51.0573158,78.53427269,5.06211871,-35.74601163,Subscapularis,SUBSC,0.5,1,usable,Converged with independently replayed constrained generalized-force equilibrium and small reserve torques,307.286737,2.08062951949,2.43396129918e-08,1.52223906416e-12,0.000149291817655,25,1,0.562438348032,0.553330428011,0.0100046185757,0.0100001040288,0.596491859422,1.02067894261e-07,0.999998799091,0.0100004152012,0.0100001152597,0.010000037757,0.0100000519962,0.0100001625905,0.0100001513495,0.0100001789183,0.0100002217377,0.0100009547873,0.0566506214124,0.0553028199893,0.0100587638313,0.0100452377556,0.0100001684339,0.0100008543248,0.0100061743641,0.0100013863759,0.0100452377556,0.051751765205,0.0100019844863,0.0100032075222,0.0100009294077,0.0100085188539,0.286154783031,0.0534250287186,0.0100066365174,0.0100033990273,0.0100098377159,0.0100305188209,0.0100055183543,0.010008365036,0.0100108106351,0.0105354451863,0.010033939942,0.0100186451988,0.0170122851248,0.0202417375713,0.0100104180473,0.0100477880125,0.0101812518633,0.0270731276645,0.0116821692095,0.0587397148125,501.369442681,403.05570625,1.85459304411,4.94903881842,623.55681346,6.66597958135e-05,254.120933994,1.27876301462,4.39924472626,6.54160607725,4.96556048592,2.75511629304,3.06794200225,1.88073090526,2.08010739179,0.523234369929,37.8363436457,36.0570743767,0.496404384077,0,3.78341391825,0.488983509775,11.7581189197,2.75627539002,0,13.0513445787,1.9283220304,3.55925206339,4.79777399067,0.749484201275,152.993514689,10.1866167438,0.737734249078,1.70916868439,2.54709202215,1.5300784395,2.32874961236,1.71863064216,2.12500262921,2.05148833474,0.359900730789,1.08725645884,1.60556341014,0.972645307776,0.721790544813,0.475238416209,0.785627606066,1.23427643761,1.43037469393,6.57227228913
sobol__0003872@@middle_deltoid@@0.75,-59.62411431,46.17631925,2.62452708,14.81219862,5.01864769,24.86924762,-56.54679288,Middle deltoid,DELT2,0.75,1,usable,Converged with independently replayed constrained generalized-force equilibrium and small reserve torques,394.072379,0.797615451213,2.2805872284e-06,2.91322521662e-12,0.000216796676234,23,0,0.0100093042963,0.353369413446,0.0982484108146,0.0135715423508,0.0100058766662,0.0641118893466,0.0100495827052,0.0100595244105,0.0100023934709,0.0100008293164,0.0100009436145,0.017042217073,0.0100404211768,0.0100065219236,0.0100025976142,0.132417466111,0.010008274332,0.0100099015812,0.010045237766,0.010045237766,0.191693323563,0.239402931915,0.0441653915764,0.100394282803,0.010045237766,0.347128724021,0.497658987628,0.0100009780896,0.245019907677,0.0100040157292,0.0100001807771,0.0100003856017,0.0100297618218,0.0100047445371,0.0100010665595,0.0100015130421,0.0100060016236,0.010004540126,0.0100018775594,0.0100014582657,0.0735451904896,0.172655021566,0.121363977554,0.0100266099613,0.21468343938,0.0640888296715,0.0575262709859,0.0100048822144,0.0100038353462,0.0100021067575,1.12299013936,271.401138527,7.73318906565,6.30748608304,9.48458531783,78.765741693,2.58549030199,0.929651195611,4.44010096159,6.52602233759,4.5739824383,2.79096920859,0.708355423265,1.60468395697,2.07710929728,101.386494564,5.65754398961,4.52200196058,0,0,11.5928220905,20.0174120696,51.8677847759,24.4270082292,0,85.2762665451,87.0466487179,2.10662325467,117.553740881,0.362479986481,4.44587327847,2.80879534827,0.619114305789,1.55233034715,2.21469606188,1.26935726493,2.26886055169,1.67220676598,2.12430518986,1.68235057709,2.80380902974,14.3371966631,10.4840853874,0.447078115339,14.6395282788,2.90640187304,4.87943744513,0.370591708559,0.662198260474,0.84191238638
sobol__0001065@@biceps@@0.75,65.13662788,116.54008878,85.79103099,115.96210096,-3.06728981,-6.70423871,42.50594149,Biceps,BIClong;BICshort,0.75,1,usable,Converged with independently replayed constrained generalized-force equilibrium and small reserve torques,340.456839,1.40189787504,7.48532063e-08,3.8369307731e-13,0.000110970259301,24,0,0.0432774567389,0.505559890105,0.421461970067,0.129598571135,0.0100452370454,0.22708527068,0.885411095455,0.0100009982483,0.0100003813163,0.0100001000694,0.0100001292358,0.0100005584748,0.0100004590303,0.0100005142484,0.0100006004455,0.0100452370454,0.124488761084,0.124214991346,0.0307172570341,0.0100038978581,0.199692549904,5.01072765585e-07,0.0100021217894,0.0100092772212,0.0100097334941,0.0737442019909,0.119409950502,0.0100028494652,0.0100452370454,0.0100452370454,0.0768788594782,0.0578103057273,0.0100452370454,0.0100041757028,0.0100011490369,0.0100017079748,0.0100016943638,0.0100021114436,0.0100016863825,0.0100015682246,0.0152614990368,0.0706393942349,0.0573534034074,0.0282847693761,0.0354648546659,0.0166464170755,0.0100424897763,0.0100079442415,0.0100039069419,0.0100029671045,37.9171008685,195.802913417,78.9300860468,20.1185327686,0,260.084837242,223.681020676,1.42781534017,3.98518096435,6.33347365972,4.62682708704,2.7137870134,3.01246559254,1.87912554247,2.08025684883,0,89.3064269261,88.9140079837,8.69877995066,3.70833343006,54.4923530144,0.000118776207349,9.48675699903,0.69709096447,2.83164409418,14.0591508191,14.8241586653,1.13724620071,0,0,39.1185408523,16.438849939,0,0.678332090012,2.4212108297,1.56743845388,2.28112909949,1.65650922909,1.94945394644,1.88261812982,0.248801215291,4.58101664536,3.38643487504,1.06535819337,1.33531799638,0.463400908032,0.616594216808,0.45552644676,1.93247043093,1.10691505188
sobol__0000317@@infraspinatus@@0.25,80.69326851,115.08012784,89.96583568,78.95526502,-63.61416481,-9.48988324,-21.18546476,Infraspinatus,INFSP,0.25,1,usable,Converged with independently replayed constrained generalized-force equilibrium and small reserve torques,323.812487,3.48882908375,5.74992734315e-07,3.09059029115e-12,9.82265603194e-05,26,0,0.0100019674362,0.413145064838,0.374427656457,0.0100007549152,0.333915379956,0.010000376314,0.739206738728,0.0100011085906,0.0100002424363,0.010000101951,0.0100001402519,0.0100006612396,0.0100005416707,0.010000612529,0.010000727619,0.0100452377106,0.680165252391,0.665734084962,0.131738384797,0.555684876977,0.475650846993,0.010000362916,0.0100003734473,0.0100002454197,0.664336721181,0.518079012542,0.0100005073587,0.422564608414,0.010000207983,0.0100153354551,0.0100003845796,0.0100023451793,0.0100028579391,0.0100016633832,0.184499020714,0.169830490363,0.0100041830435,0.0100295264178,0.111052012291,0.244848697759,0.0100056558362,0.0100012685309,0.0100064729185,0.0172956191435,0.0100025316633,0.0100499425392,0.0100062542489,0.0765262163495,0.02133767796,0.169270771262,4.97638139286,238.609056949,71.5276033004,2.23535758152,89.7787738402,11.3616902975,196.151816558,1.42280194956,3.93830877084,6.34217381171,4.62272931706,2.71765844758,3.0232388604,1.87978513001,2.06766253032,0,473.831218098,453.937769143,32.9027743533,192.896151923,221.024485291,3.15432423069,11.2408923499,2.69920608211,209.857097605,126.848482455,1.5322593172,172.36079948,4.78744953703,1.00960008844,4.71635661481,2.45755529211,0.750652676949,1.71198502469,45.5207627713,24.8385128572,2.23022629929,1.68770921714,23.5861437988,46.8044550664,0.294435484152,1.08880404073,0.944436232142,0.840471628923,0.609625695965,0.475220164674,0.848636320759,3.5200743184,3.21514320542,19.7520471462
sobol__0002687@@supraspinatus@@0.25,-49.16512993,86.86479581,24.2309724,2.05340955,19.47177269,8.41172809,9.95711337,Supraspinatus,SUPSP,0.25,1,usable,Converged with independently replayed constrained generalized-force equilibrium and small reserve torques,307.739748,1.48619295033,1.42858472163e-07,2.77320996682e-12,4.04353397413e-05,25,0,0.0100110802949,0.986377510941,0.0100044705746,1.87016781894e-06,0.0100002356762,0.285124681014,0.194771799952,0.0100017977525,0.0100006215457,0.010000184344,0.0100002305317,0.0100026749544,0.0100007655707,0.0100006783801,0.010001474055,0.174387978351,0.471503197357,0.347814059531,0.0100452380085,0.0100452380085,0.0100452380085,0.0100452380085,0.0100007555907,0.0100027572085,0.0100149905228,0.0164945932896,0.0510878136299,0.0100017431455,0.0100011416222,0.0100066661335,0.0100038569751,0.026280840067,0.0100083038861,0.0100045261655,0.0100049555192,0.0100079445377,0.0100054057549,0.0100071937705,0.0100066409448,0.0100079834008,0.0173710464901,0.0796200409407,0.0624346669375,0.0351013211851,0.0311228367666,0.0138844531539,0.0166883875319,0.0106562524222,0.0100257666204,0.0175379475263,2.32124095118,566.05026265,1.15576124896,0.000136391098367,5.11180641021,323.402025066,52.4505026383,1.32672748809,4.36470753732,6.19480978938,4.97215493819,2.17452011494,2.12100642525,1.7581006354,0.974738367342,133.657579244,214.219708012,116.56918434,0,0,0,0,11.5553422373,2.32741379393,2.68035187235,3.33525542226,9.85313899984,4.06068727623,4.56460551786,1.01066323099,4.54854644501,7.15283218214,0.74893574533,1.7100607825,2.57629035112,1.62622714324,2.36716315935,1.72661280443,2.04582898877,1.97405409112,0.559524215677,8.69363149598,5.81962416516,1.71238247141,2.18463559474,0.516873681611,1.01733160337,0.487849945091,1.97440190451,2.04621678561
sobol__0003935@@posterior_deltoid@@0.25,-58.21786431,122.34819425,74.10890208,97.07782362,71.26864769,13.11143512,-33.10929288,Posterior deltoid,DELT3,0.25,1,usable,Converged with independently replayed constrained generalized-force equilibrium and small reserve torques,286.180485,2.93001432445,1.36882647439e-08,1.56716306283e-07,0.00178548174765,28,1,0.531422548417,0.0100001007949,1.37212739893e-07,0.0100000136096,0.01,0.0100000823159,0.010000017895,0.0100001182388,0.01,0.0100000045302,0.0100000442363,0.0100001265523,0.310188065194,0.999999607831,0.0100013145222,0.010000042603,0.584620852975,0.573199803965,0.122997303561,0.010045237639,0.397400745284,0.010000594692,0.0100004160923,0.0100001858534,0.0100005388151,0.0100128577905,0.0100012788519,0.0100005191146,0.0100004882207,0.0100016114258,0.766663716603,0.298878559948,0.0100023262739,0.0100011731549,0.010005930542,0.0100259918035,0.0100048109925,0.0100067411145,0.0100094876861,0.0270110726274,0.0192266814547,0.0480087997195,0.0597915505407,0.0434315251481,0.010007480616,0.010026927263,0.0100293178639,0.0287945058095,0.0356746562037,0.0696604491926,364.799737011,1.37029701486,5.24917681058e-06,3.38436058035,10.6704185479,12.2771272353,2.32020474871,1.43858274326,4.23495712412,3.70610196511,3.23963661596,2.63235270776,92.2843924805,187.974239682,0.0875534854787,1.16263672629,417.13585497,400.996838941,33.1091283066,0,206.213340887,0.373682726251,10.7831634624,2.47181094267,3.09170986636,2.52812079204,1.92907542442,4.07837147814,4.38425006675,1.01012218757,323.747923383,61.2953632634,0.711620616926,1.66917842867,2.56078560539,1.53441444966,2.35670550693,1.7261292628,2.12278646005,5.2583155068,0.714488839274,5.19599613088,5.64415361145,2.10469331299,0.718726952702,0.474260500177,0.738379241829,1.2400280777,4.26448684163,7.2833463771
sobol__0002687@@anterior_deltoid@@0.25,-49.16512993,86.86479581,24.2309724,2.05340955,19.47177269,8.41172809,9.95711337,Anterior deltoid,DELT1,0.25,1,usable,Converged with independently replayed constrained generalized-force equilibrium and small reserve torques,379.738582,1.50513745837,1.52165567258e-07,2.96038242113e-12,4.13470422684e-05,25,0,4.80017160459e-05,0.990468471475,0.0100045706773,0.010000441777,0.0100002292566,0.296602068711,0.203404009219,0.0100018054881,0.0100006174762,0.0100001818146,0.0100002275539,0.0100027421946,0.010000759086,0.0100006707798,0.0100014559456,0.173790223177,0.472145794505,0.348288219236,0.010045237973,0.010045237973,0.010045237973,0.010045237973,0.0100007545661,0.0100027537436,0.0100149525556,0.0164436883007,0.0511009868801,0.0100017423369,0.0100011406811,0.0100066662749,0.0100038489068,0.0262680225589,0.0100083007376,0.010004524608,0.0100049566199,0.0100079468732,0.0100054053685,0.0100071937542,0.0100066415311,0.0100079861353,0.0173796606011,0.0796626912275,0.0624671867356,0.0351219653009,0.0311372883039,0.0138843581731,0.0166992118632,0.010666502524,0.0100258489367,0.0175960491388,0.00278250562856,568.397932922,1.15577281357,2.91732372883,5.11180313056,336.42022613,54.775088205,1.32672851423,4.36470576113,6.19480822242,4.9721534576,2.17453473274,2.12100505014,1.7580992993,0.974736602357,133.199436941,214.511661474,116.728098041,0,0,0,0,11.5553410536,2.32741298781,2.68034171185,3.32496228493,9.85567968136,4.06068694773,4.56460508878,1.01066324528,4.54854277559,7.14934365326,0.748935509788,1.71006051632,2.57629063469,1.62622752275,2.36716306798,1.72661280168,2.04582910875,1.97405463051,0.559801677729,8.69828843757,5.82265538246,1.71338957374,2.18565000587,0.516870146019,1.01799145985,0.488319201204,1.9744181149,2.05299571424
sobol__0002973@@subscapularis@@0.00,80.56143257,115.55620206,-13.56199635,51.0573158,78.53427269,5.06211871,-35.74601163,Subscapularis,SUBSC,0,1,usable,Converged with independently replayed constrained generalized-force equilibrium and small reserve torques,331.810178,2.08062915085,2.63483457275e-08,1.18795825397e-12,0.000149291794915,24,1,0.562438080387,0.553330491455,0.0100046185854,0.0100001040289,0.596491362556,0.000673960260303,0.999998799087,0.0100004152015,0.0100001152598,0.0100000377571,0.0100000519963,0.0100001625903,0.0100001513492,0.0100001789181,0.0100002217379,0.0100009547881,0.0566506134207,0.0553028294249,0.0100587638879,0.0100452377934,0.0100001684341,0.0100008543254,0.0100061743674,0.0100013863762,0.0100452377934,0.0517517675874,0.0100019844865,0.0100032075255,0.0100009294079,0.0100085188574,0.286154785054,0.0534250190227,0.0100066365194,0.0100033990279,0.0100098377161,0.0100305188217,0.0100055183549,0.0100083650374,0.0100108106367,0.0105354476314,0.0100339399445,0.0100186451972,0.0170122725173,0.0202417427785,0.010010418047,0.0100477880825,0.0101812526236,0.0270731144248,0.011682162288,0.0587397160842,501.369204061,403.055752424,1.8545930459,4.94903881836,623.556294051,0,254.120933992,1.2787630146,4.39924472636,6.5416060771,4.96556048598,2.75511629299,3.0679420022,1.88073090523,2.08010739183,0.52323436952,37.8363383081,36.0570805285,0.496404386752,0,3.78341391819,0.488983509535,11.7581189236,2.75627539011,0,13.0513451795,1.92832203045,3.55925206466,4.79777399076,0.749484201574,152.993515771,10.1866148953,0.737734249234,1.7091686845,2.54709202223,1.53007843964,2.32874961251,1.7186306424,2.12500262956,2.05148881086,0.359900730874,1.08725645867,1.60556222028,0.972645557995,0.721790544788,0.475238419522,0.78562766472,1.234275834,1.43037384653,6.57227243141
sobol__0000234@@teres_major@@0.00,111.98233101,59.98247159,63.89161693,97.49042127,72.94833519,3.01988238,-22.35733976,Teres major,TMAJ,0,1,usable,Converged with independently replayed constrained generalized-force equilibrium and small reserve torques,308.930916,1.38615693069,2.71220343961e-08,3.55981910616e-12,0.000125532244475,21,0,0.223397081774,0.0100001050359,0.0102500120696,0.0100001259736,0.0100003456524,0.0100000478851,0.62611609621,0.000674458223532,0.789584601078,0.0100002139681,0.0100004008549,0.0811448009253,0.0100018063603,0.0100006943319,0.0100230409943,0.537498082448,0.0100113979838,0.0100115661186,0.0100278410665,0.0100452370014,0.0100001418579,0.0100008561813,0.0539410947743,0.0100042014908,0.0100169098385,0.0388786514981,0.0313441523587,0.0100023746573,0.010004929483,0.010006571661,0.102669710643,0.0252046685951,0.0100137355437,0.0100070948181,0.010005805786,0.0100088875745,0.0100087801637,0.010010510977,0.0100086595592,0.0100089746616,0.0132989203262,0.050400073983,0.0419486958838,0.020201653749,0.0176975129281,0.0127899598169,0.0100780118085,0.0100248341377,0.0100086449748,0.0100113681133,250.834204115,10.5151056067,1.88206473447,4.9889267909,7.79974427734,12.7931538564,168.519563206,0,229.155521251,4.79214589412,1.87869370305,20.8173732214,2.68731217849,1.76761702339,1.52078224588,75.9558199439,7.14641012167,7.00785648883,2.70318420079,0,5.23293542726,3.13670484414,58.0993120507,2.47156284926,3.06255767402,9.8163911278,5.49441290462,4.00562882559,4.44040357893,1.00484637318,42.4587206611,5.07355737487,0.705598783997,1.65622648819,2.58735581731,1.60428255334,2.36476517691,1.72978898242,2.11049136607,1.97269047522,0.420728709245,5.50329778408,3.95151880254,0.985774180378,1.12737708304,0.603897689605,0.738663075737,0.460332964318,1.49145550309,1.16193076241
sobol__0002973@@brachialis@@0.25,80.56143257,115.55620206,-13.56199635,51.0573158,78.53427269,5.06211871,-35.74601163,Brachialis,BRA,0.25,1,usable,Converged with independently replayed constrained generalized-force equilibrium and small reserve torques,349.118027,2.25415572237,6.47731894787e-08,1.09322576031e-12,0.000171357449687,24,1,0.615128830565,0.540930980258,0.01000393911,0.0100000894469,0.694283472104,0.010000038503,0.999999226782,0.0100003660478,0.0100001002368,0.0100000322635,0.0100000449452,0.0100001427933,0.0100001326186,0.0100001570675,0.0100001962958,0.0100008429236,0.0509405371037,0.0497287406623,0.010057046555,0.0100452377477,0.0100001476735,0.0100007672432,3.17657819991e-05,0.0100014152803,0.0100452377477,0.0518905855574,0.0100019888621,0.0100032693434,0.0100009366408,0.0100086230341,0.286261191774,0.0530483697093,0.0100066971067,0.010003434383,0.0100099035639,0.0100307338582,0.0100055424502,0.0100084022639,0.0100108648549,0.0105460163884,0.0100337768034,0.0100184796904,0.0167316540777,0.0200712400406,0.0100104124595,0.0100477075455,0.010180128431,0.026987329148,0.0116831293662,0.0585659401036,548.33885368,394.023727991,1.85446708935,4.94903160254,725.785578896,13.061904129,254.121042686,1.27875672917,4.39923811757,6.54160248307,4.96555698488,2.75511083881,3.06793625591,1.88072679578,2.08010209972,0.523228516964,34.0226394568,32.4228113689,0.496319634794,0,3.78340606572,0.488979250985,0.00933188421312,2.75628335575,0,13.0863538623,1.92832287405,3.5592740581,4.79777746062,0.749492002054,153.050406448,10.1147987037,0.737738715749,1.70917472516,2.54710877731,1.53011124134,2.32875522023,1.71863703479,2.12501413852,2.05354678549,0.359894879481,1.08723849718,1.57907837665,0.964452650122,0.721790141964,0.475234610295,0.785540917622,1.23036484344,1.43049225485,6.55282897412
sobol__0000234@@teres_minor@@0.25,111.98233101,59.98247159,63.89161693,97.49042127,72.94833519,3.01988238,-22.35733976,Teres minor,TMIN,0.25,1,usable,Converged with independently replayed constrained generalized-force equilibrium and small reserve torques,318.795393,2.65367589417,2.71220343961e-08,2.27709748706e-12,0.000241366402198,23,2,0.26667433969,0.0100000429469,0.28522567697,0.0100000418395,0.18574274221,0.0100000139215,0.566425145283,0.335539440901,0.999982791603,0.010000103848,0.0100001949057,0.0100011152263,0.0100004571937,0.0100002789093,0.0100110956859,0.999998615146,0.0100067115522,0.0100068245353,0.0100204895338,0.0100452380598,0.0100000469693,0.0100003865171,0.104165761497,0.0100087635555,0.0103021696856,0.0391841682373,0.0321064969816,0.0100026311555,0.0100059015891,0.0100071609308,0.104030341024,0.0221836232939,0.0100153120453,0.0100079385012,0.0100058689947,0.0100089395626,0.0100088284446,0.0100105835942,0.0100087024572,0.0100089681906,0.0130724841553,0.049655621952,0.0413190472585,0.0199315996813,0.0176845147686,0.0128319502595,0.0100823618511,0.0100249830918,0.0100086446958,0.0100114351187,299.426676583,10.5150403202,52.3719566715,4.98888481752,144.869581609,12.7931104065,38.1134260282,46.490559331,290.217891204,4.79209312409,1.87865501306,2.56574599879,2.68694968078,1.76754359769,1.51896980064,141.313461827,7.14306481845,7.00453749411,2.70120246345,0,5.23288577336,3.13655753697,112.19570362,2.47268991869,3.14977266824,9.89353042385,5.6280466391,4.00573154487,4.44083502059,1.00490554684,43.0214048732,4.46543802548,0.705709869172,1.65636612215,2.58737216214,1.6042908863,2.3647765842,1.72980153047,2.11050041183,1.97268919983,0.413565105314,5.42200938728,3.89220662776,0.972596431145,1.12654906686,0.605880333152,0.738981910038,0.460339804182,1.49145546152,1.16193853913
sobol__0003163@@pectoralis_major@@0.75,10.16104194,88.95952238,-42.93211354,118.53290174,-59.51260231,-9.68641644,12.00789462,Pectoralis major,PECM1;PECM2;PECM3,0.75,1,usable,Converged with independently replayed constrained generalized-force equilibrium and small reserve torques,356.918834,5.64766602246,9.44007110704e-07,2.25242047236e-12,0.000491408346839,25,3,0.0100020152375,0.548008269108,0.178755191291,0.172434113941,0.151304310485,0.167355816978,0.0100065921717,0.0100052731735,1.44975859861e-05,7.33107484758e-07,6.72524166771e-07,0.0100044102037,0.010003206148,0.0100023238411,0.0100014540671,0.0899870658598,0.510240003905,0.509735594141,0.128648905815,0.999999783609,0.414321711612,0.165840137972,0.0100005590243,0.0100001009246,0.999999166244,0.999999761928,0.0100001570483,0.367258206951,0.0100000872102,0.0100012408541,0.0100000715949,0.0100004158475,0.0100012864984,0.0100003671906,0.0946292293501,0.337743826203,0.0100005344875,0.0100011628368,0.0100052847794,0.667639254424,0.0100025495572,0.0100008536362,0.0415111370264,0.201370374424,0.0100010106893,0.156769912715,0.316628698068,0.391358796773,0.0100009646581,0.680978912094,9.98345709682,213.178818848,33.7848925782,27.676267658,148.666713319,218.192964426,2.53874790927,1.43932368158,0.00482668194983,0.00036043132485,0.000250401551995,2.66652197079,2.88146993488,1.83469638155,1.65073085989,9.73541317875,366.03927883,365.315890367,36.4333650811,350.145621383,116.455393824,52.5378837577,9.01039362529,1.43524094066,245.002098879,251.930289307,1.25689161281,133.066806146,2.69906342135,0.818903348603,5.5317199173,2.5013686225,0.377094589063,1.55319467359,24.4885517341,54.8557775546,2.36795250794,1.72911784731,2.08268607762,131.719577124,0.222131304692,0.888875426822,3.30290948071,9.66096814898,0.47589586327,6.26649447956,24.501137912,17.9585125981,2.00891220894,78.5467686566
sobol__0001218@@brachialis@@0.00,81.30850288,1.26665128,74.65821849,32.17303846,48.80771019,-1.91908246,38.28719149,Brachialis,BRA,0,1,usable,Converged with independently replayed constrained generalized-force equilibrium and small reserve torques,351.297635,0.265275700745,3.18432245905e-07,3.20363884511e-13,0.000289908725079,22,0,0.0100003812976,0.0100004452663,0.171297426913,0.0100021181093,0.0100013982964,0.0100007289952,0.125310708667,0.174513967397,0.0100017826296,0.0100021224411,0.0100011811321,0.168228290373,0.084720105274,0.128708208572,0.0100192147646,0.139335902229,0.0100010749493,0.0100011455308,0.0100452385315,0.0100452385315,0.124802877216,0.0785339845317,0.00067386233721,0.228667529427,0.0701858095112,0.0445300131399,0.108900540857,0.0100017434124,0.0186701182137,0.0100046447797,0.134816211405,0.010029086342,0.0100100219431,0.0100045452059,0.0100017609549,0.0100025485344,0.0100028199113,0.0100034076264,0.0100026495571,0.0100023412508,0.0109679598728,0.0435504140377,0.0311831084165,0.011460005316,0.0273399260553,0.0103174808476,0.0100285294267,0.0100082108577,0.0100032829073,0.0100030533511,8.32620008878,10.9904073054,34.4955458716,4.99160024983,5.92223802305,12.4175409049,33.7556866217,21.3011054189,4.21858650132,5.81637695054,2.89722302994,29.8263535539,7.12950756355,19.3554145182,1.7955066864,79.3435125102,6.42776024588,6.02558313809,0,0,41.6078379554,17.8471172878,0,60.0037748522,20.7018479395,7.95835972218,17.6936975319,3.87744257942,7.87742551484,0.920725946542,75.1159155582,2.5361860476,0.672939215737,1.59597796493,2.42004949997,1.56527067902,2.27810378903,1.65557076678,1.94592281565,1.88107676155,0.208189570198,3.29644704281,2.05757723496,0.450832295035,1.32167188378,0.284371722694,0.544540324288,0.460048471391,1.9577529393,1.12813595136
sobol__0002818@@subscapularis@@0.25,84.07705757,31.76713956,78.43019115,88.1276283,61.65927269,-8.47303754,25.66023837,Subscapularis,SUBSC,0.25,1,usable,Converged with independently replayed constrained generalized-force equilibrium and small reserve torques,527.199191,0.188048810172,1.8401941837e-07,5.39967687646e-13,2.12214908342e-05,11,0,0.0643636128608,0.0100019670946,0.0102389610293,0.0100034679872,0.0672988913537,1.33302966897e-05,0.0189688908347,0.0104613952295,0.107370333493,0.121061090368,0.0229690171917,0.0100237309785,0.0100278130784,0.0100209523388,0.0260170061818,0.0652170754199,0.0553189648959,0.0541695594243,0.0114472451552,0.0100452377237,0.0100011374795,0.0100034324558,0.0100041681849,0.0100021462666,0.276404466872,0.16780323934,0.0100025934308,0.0710145117639,0.0100010025007,0.0100213128156,0.112398490639,0.0452521694606,0.0100130453319,0.0100062010618,0.0345624337841,0.0428941417099,0.0100079942536,0.0100163830519,0.0103082347801,0.0628125195266,0.0100289181675,0.0100244345827,0.0170367764988,0.0251343267596,0.0100134012871,0.0154908035685,0.0271692430157,0.0381435491081,0.0100094334077,0.0648476920762,78.3940562734,10.6537354273,2.03957736783,4.82071424205,46.1255943222,0.00409128026161,5.002250933,1.38696602551,42.8813892482,55.848425847,2.43083000263,2.24677314026,1.66142591707,1.67189723638,4.15063687309,13.925035641,39.02786274,37.4225622061,2.98658728708,0,5.2310748847,3.16476855718,11.0242757788,2.55741757823,88.8157463652,37.0784956111,1.18863260661,25.4182731769,3.5986334806,0.768801741388,55.6415342168,10.4111579201,0.461530103844,1.54032734899,8.58908499996,6.85481121602,2.33721595304,1.69750164385,2.05212072932,12.0406344209,0.176408467126,0.737008963987,1.13416209724,1.04912123646,0.413045068256,0.527154356846,1.69376299034,1.74332316122,2.00960449492,7.34863640231
sobol__0001262@@brachialis@@0.25,44.74600288,60.17290128,-58.93553151,17.95428846,-63.69228981,12.84654254,-53.58780851,Brachialis,BRA,0.25,1,usable,Converged with independently replayed constrained generalized-force equilibrium and small reserve torques,447.534429,3.66537619138,2.63176715976e-08,2.47675399586e-12,0.000309242892361,12,2,0.0199740900781,0.682137768727,0.0100000719813,0.0100000421984,0.315076201443,0.0100000243612,0.999999035779,0.0100001061572,0.999999823002,0.0100002640199,0.0100001017843,0.0100000592029,0.0100000453277,0.0100000582899,0.947483034867,0.0100000311258,0.0365111071701,0.0298334908816,0.0100452377044,0.0100011289127,0.26496201561,0.0100011917402,5.18326901804e-05,0.103919545303,0.0100452377044,0.125928010102,0.01275306616,0.120888654964,0.0133508467519,0.0178960780613,0.239979708664,0.128663400352,0.0224122494764,0.0676015211556,0.0497909468699,0.0287489043738,0.013322071283,0.0156728501679,0.0307291811667,0.0225458829915,0.0101107700221,0.0172702126623,0.0266992491362,0.0179168998299,0.0101920403513,0.0105771477219,0.0101153462925,0.0101479624929,0.010016945566,0.0100708225105,19.0878402028,678.959755768,2.00250437807,4.77391478712,288.548518442,12.0250044452,208.048720446,1.43858295814,443.873429894,6.48468207131,4.58401211105,2.66501507667,2.85229554396,1.80501188665,191.961931192,4.86432656606,21.5285450808,14.3693011157,0,3.4711282813,119.358540972,1.47842670206,0.0152368744564,25.2778309105,0,30.7493514829,2.35432019841,21.5388151283,5.78027158058,0.460886007689,48.2797269443,31.6018087334,1.06886548184,9.01875891859,10.0082861616,3.35757742865,2.7485749758,2.4183798547,6.50919349036,3.56169520246,0.396673940015,1.68300823487,2.3472307511,0.801247728487,0.718366624853,0.486560795897,0.89043559179,0.430182071846,0.846034456408,0.983998943851
sobol__0000234@@brachialis@@0.25,111.98233101,59.98247159,63.89161693,97.49042127,72.94833519,3.01988238,-22.35733976,Brachialis,BRA,0.25,1,usable,Converged with independently replayed constrained generalized-force equilibrium and small reserve torques,452.995624,1.31944516831,1.50828611822e-08,1.28608235173e-12,0.000116632917256,21,0,0.239626050151,0.0100001124824,0.0203966760833,0.0100001303861,0.0100004279156,0.0100000504821,0.640163854993,0.265842289377,0.705156496801,0.0100002285264,0.0100004265435,0.0390400139333,0.0100016849464,0.0100007167312,0.0100211380459,0.493993669939,0.0100033242379,0.010003385285,0.0100123901781,0.0100452371716,0.0100001548262,0.0100010874699,0.0570990196964,0.0336901514912,0.0242369790473,0.0228441449639,0.0395814063142,0.0100028451834,0.010021220714,0.0100078574373,0.14789847499,0.0260635449983,0.0100189111393,0.0100097675749,0.0100059771061,0.0100089908656,0.010009846003,0.0100113707066,0.0100091089286,0.0100090265575,0.0143727440177,0.0533709982945,0.0414643103503,0.0195522948163,0.018884675698,0.012110009286,0.010060314295,0.010022140914,0.0100086506401,0.0100101531345,269.056377535,10.5151134365,3.74515312731,4.98892899221,7.79980843919,12.7931571785,172.300526814,36.8336929153,204.652553234,4.79215287045,1.87869852889,10.0155589928,2.68727955673,1.76762098245,1.52049351419,69.8080522526,7.1406468608,7.00213010143,2.69901913715,0,5.23294221323,3.13677738627,15.3751688619,8.32323568078,7.41018411544,5.7678713974,6.93834649523,4.00581725626,4.44763397883,1.00497548913,61.1629271562,5.24644434121,0.705963472486,1.65666884344,2.58740011818,1.60429910934,2.36501700176,1.72993754135,2.11058612309,1.97270070348,0.45470052396,5.82769971227,3.90589024366,0.954087602756,1.20300240451,0.57179277603,0.737365944983,0.460209293479,1.49145634682,1.16178975056
sobol__0002818@@middle_deltoid@@0.75,84.07705757,31.76713956,78.43019115,88.1276283,61.65927269,-8.47303754,25.66023837,Middle deltoid,DELT2,0.75,1,usable,Converged with independently replayed constrained generalized-force equilibrium and small reserve torques,557.831563,0.186426632375,1.82855488973e-07,1.75026111001e-13,2.12323395592e-05,12,0,0.0674768740347,2.852397175e-06,0.0101554796132,0.0100036290965,0.0625080583298,0.0100031630711,0.017961879024,0.0103758633959,0.105668525296,0.117881007598,0.0223194289768,0.0100240227496,0.0100278290628,0.0100209762774,0.0255836625834,0.0631502888642,0.0555983429493,0.0544431234381,0.0114937557781,0.0100452378335,0.0100011515257,0.010003388922,0.0100041491066,0.0100021413429,0.276360894702,0.1678858968,0.0100025922324,0.0709632989801,0.0100010018265,0.0100212859511,0.112358834941,0.0452855333758,0.010013036166,0.010006195644,0.034590041119,0.0429228094942,0.0100079920801,0.0100163813441,0.0103103463533,0.0628521414238,0.0100289122634,0.0100244266869,0.0170442082292,0.0251459007096,0.0100133966177,0.0154974584545,0.0271814703957,0.0381631921174,0.0100094304711,0.0648826226497,82.1859685169,0.00227870312031,2.02294806282,4.82079188134,42.8420332311,12.2805199553,4.73669372091,1.37562626199,42.2017238594,54.3813763222,2.36208354834,2.24683853893,1.66142856456,1.67190123021,4.08150317256,13.4837389983,39.2249656393,37.6115514923,2.99872191296,0,5.23108223147,3.16475478444,11.0242547547,2.55741631916,88.8017455214,37.096759942,1.18863246406,25.3999425477,3.59863323682,0.768799680128,55.6219031303,10.4188339483,0.461529681098,1.54032651493,8.59594567838,6.85939254668,2.33721544542,1.69750135442,2.05254109255,12.048229607,0.176408363262,0.737008383426,1.13465683789,1.04960433975,0.413044875615,0.527380823586,1.69452525973,1.74422093066,2.00960390534,7.3525947865
sobol__0003872@@supraspinatus@@0.50,-59.62411431,46.17631925,2.62452708,14.81219862,5.01864769,24.86924762,-56.54679288,Supraspinatus,SUPSP,0.5,1,usable,Converged with independently replayed constrained generalized-force equilibrium and small reserve torques,388.117638,0.740934476858,2.27322762214e-06,7.81597009336e-13,0.000210301187949,20,0,0.0100109768045,0.273106873288,0.0752783412482,2.79701275071e-05,0.0100045292312,0.0550939156952,0.0128548770714,0.0135648452987,0.0100039259525,0.0100012614819,0.0100014164514,0.0259949765969,0.0100800173343,0.0100103838201,0.0100037921572,0.130465625361,0.010008723577,0.0100104142333,0.0100452379465,0.0100452379465,0.18959390495,0.2502058605,0.0413882853588,0.0969116381464,0.0100452379465,0.345743863863,0.491021778763,0.0100009855739,0.247158805592,0.0100040412372,0.0100001866083,0.0100003977162,0.0100301146443,0.0100048243531,0.0100010835735,0.01000153646,0.010006270934,0.0100046696434,0.0100019193879,0.0100014823642,0.0748927933395,0.175281697353,0.124588993115,0.0100299986546,0.214470603818,0.0645611961679,0.0563119428771,0.0100049066505,0.0100038141743,0.010002110594,1.1231777915,279.67527667,5.92520167229,0.00649967356376,9.48330808358,67.6865582475,3.3072179192,1.25359551266,4.44078123609,6.52630434593,4.57419869213,4.25714441816,0.711148947,1.60530326526,2.07735735261,99.8920520534,5.65779794275,4.52223355373,0,0,11.4658579615,20.9206870678,48.6063544468,23.5796433476,0,84.9360593069,85.8857196409,2.10662483117,118.579924646,0.362480910689,4.4458758706,2.80879875096,0.619136084752,1.5523427314,2.21469982946,1.26936023698,2.26892161779,1.67222841415,2.12431407385,1.68235463063,2.85518453114,14.5553146576,10.7626799027,0.447229214323,14.6250147593,2.92782349791,4.7764368866,0.370592613667,0.662196858878,0.841912709225
sobol__0001720@@infraspinatus@@0.50,-30.31259087,4.18657316,52.24610911,0.30780409,-59.16103981,2.8318941,8.87312899,Infraspinatus,INFSP,0.5,1,usable,Converged with independently replayed constrained generalized-force equilibrium and small reserve torques,566.755807,0.708369611264,9.68537407109e-07,2.60769184024e-12,3.14409263296e-05,10,0,0.107948100357,0.0100105592248,0.0100032919041,0.330969726566,1.28678526099e-06,0.0907310933586,0.0100037590317,0.0730732842652,0.0696445159472,0.0244376805163,0.0100028450513,0.133018363513,0.0466981211588,0.0720658945789,0.0674770698012,0.267774893143,0.538482395378,0.392481386709,0.0100630346131,0.0100058413009,0.0888569131462,0.0100027837838,0.0100008828534,0.0100038044592,0.0287649028746,0.0100187696211,0.0445015763661,0.0100048953236,0.0100019720993,0.0100230603479,0.0100262832515,0.034706104329,0.010026779921,0.0100122940616,0.0122813454988,0.0110069533361,0.0100291265255,0.0100431906282,0.0100715000188,0.0105228783671,0.0133285201344,0.0589916867431,0.0465120637245,0.0270925365001,0.0224074928907,0.0101199655263,0.0110093387944,0.0131026120997,0.0145626948054,0.0309835866168,85.1651281897,10.9629986776,1.99689741641,164.769031962,0.000466677027915,111.998337491,2.69117529299,9.06613414081,29.4294728403,14.2079872128,2.50343253442,24.6028993398,4.230245682,10.9875202581,12.4556944471,202.943036402,236.891788339,125.847478431,0,3.50604678844,28.5034401183,2.51396967616,11.5076075833,2.31002357318,8.68178246591,2.20280608027,8.5842170013,3.58145145303,4.77999351255,0.934986522549,1.59935034797,8.69452009445,0.752460461424,1.7121841851,3.17827953766,1.78381779967,2.37476609005,1.73638330377,2.10187214042,2.07598051357,0.429515006581,6.44182933695,4.3754942981,1.32210689499,1.56222478189,0.392319752276,0.790995950409,0.602657530371,2.90875570264,3.61555454977
sobol__0002687@@middle_deltoid@@0.25,-49.16512993,86.86479581,24.2309724,2.05340955,19.47177269,8.41172809,9.95711337,Middle deltoid,DELT2,0.25,0,solver_failed,The static optimization solver did not converge,1184.701759,,1.44881489028e-07,,,0,0,,,,,,,,,,,,,,,,,,,,,,,,,,,,,,,,,,,,,,,,,,,,,,,,,,,,,,,,,,,,,,,,,,,,,,,,,,,,,,,,,,,,,,,,,,,,,,,,,,,,
sobol__0001065@@biceps@@0.25,65.13662788,116.54008878,85.79103099,115.96210096,-3.06728981,-6.70423871,42.50594149,Biceps,BIClong;BICshort,0.25,1,usable,Converged with independently replayed constrained generalized-force equilibrium and small reserve torques,342.774942,1.47747957223,8.08318381118e-08,4.54747350886e-13,0.000120637969241,22,0,0.0596956686715,0.469052503058,0.4452572532,0.131885750103,0.01004523791,0.30781009139,0.940082829224,0.0100009596835,0.0100003569739,0.0100000944297,0.0100001225332,0.0100005341312,0.0100004406385,0.0100004939702,0.0100005922927,0.01004523791,0.0424982872588,0.042404790441,0.0109529044171,0.0143599276816,0.149119727253,1.81066842549e-06,0.0100057175108,0.0100145406399,0.0100192239735,0.0765144356612,0.121979280302,0.01000285015,0.01004523791,0.01004523791,0.0100087470497,0.0100255591973,0.01004523791,0.0100042718752,0.0100011071827,0.0100016396676,0.0100016514063,0.0100020572607,0.0100016285599,0.0100015130175,0.0145275283273,0.0669370322353,0.0537571773597,0.0258251037199,0.0359903833631,0.0161479391262,0.0100558855808,0.010007924837,0.0100040115556,0.0100029864419,52.3017493017,181.663633576,83.3863926083,20.4735882913,0,352.540423629,237.492716898,1.42780983444,3.98517126384,6.33347008743,4.62682398563,2.71378040736,3.0124600522,1.87912173211,2.08025515293,0,30.487653283,30.3536621064,3.10173871447,5.32306513294,13.5639926231,0.000143069259338,9.49016744564,0.697457530955,2.83432884572,14.5872890607,15.1431283395,1.13724628004,0,0,5.09278601419,2.85085264864,0,0.678338611622,2.42120069727,1.56742774909,2.28111930214,1.65650025564,1.94944267622,1.8826077382,0.23683562775,4.34091574988,3.17409551032,0.972713812305,1.35510513354,0.44952434043,0.617416699732,0.455525563545,1.93249063949,1.1069171918
sobol__0001720@@teres_minor@@0.25,-30.31259087,4.18657316,52.24610911,0.30780409,-59.16103981,2.8318941,8.87312899,Teres minor,TMIN,0.25,1,usable,Converged with independently replayed constrained generalized-force equilibrium and small reserve torques,522.877212,0.725139897783,9.67185588563e-07,9.80548975349e-13,3.26874079233e-05,11,0,0.101118750043,0.0100058010119,0.0100022997423,0.338896135349,0.0100004314501,0.0867573538991,1.11853666933e-05,0.0784791789691,0.0729749954763,0.0245921844852,0.0100019470843,0.140420689158,0.0497177248518,0.0761582576032,0.0704483904883,0.263602174263,0.544223756788,0.396666024731,0.01004523745,0.0100037883707,0.0929297558548,0.0100019405104,0.0100006230134,0.0100027304069,0.0304648272929,0.0100140183057,0.0466980672657,0.010003666102,0.010001411825,0.0100177125779,0.0100237543938,0.0386654933665,0.0100201469552,0.0100092605085,0.014276893044,0.0119269003134,0.0100217417951,0.0100327017516,0.0100590943122,0.0108354313773,0.0134871598323,0.0599740647313,0.047356508284,0.0275816716261,0.0228249955518,0.0100895068421,0.0109301601295,0.0131758132562,0.0142279422298,0.0311722349989,79.77714554,10.9577877518,1.99669935713,168.715092878,7.25369145744,107.093158942,0.000752261784615,9.73683844935,30.8368235188,14.2978153117,2.50320779698,25.9720236352,4.50378271615,11.6114620262,13.0041750288,199.78058816,239.417555904,127.189264715,0,3.50532744183,29.8099229146,2.51375773934,11.5073085959,2.30977555894,9.19485126025,2.20176141885,9.00791332991,3.58101142823,4.7797257548,0.934487663471,1.59894695575,9.68642017186,0.751962689983,1.71166542269,3.69470568411,1.93290699287,2.37301748239,1.7345698651,2.09928313098,2.13764177543,0.434627211903,6.54910396654,4.45493309447,1.3459765287,1.59133259013,0.391138963411,0.78530714354,0.60602443369,2.84189215315,3.63756841553
sobol__0002687@@subscapularis@@0.75,-49.16512993,86.86479581,24.2309724,2.05340955,19.47177269,8.41172809,9.95711337,Subscapularis,SUBSC,0.75,1,usable,Converged with independently replayed constrained generalized-force equilibrium and small reserve torques,334.410171,1.56284261425,1.44881489028e-07,1.61990367765e-12,4.80858774884e-05,26,0,0.0100038737492,0.977038551367,0.0100055996182,0.0100003397868,0.0100001809068,0.324578653154,0.284156846206,0.0100019804994,0.0100006240288,0.0100001680458,0.0100002122836,0.0100039792072,0.0100007258577,0.01000062763,0.0100013569334,0.152877057941,0.494628475027,0.364872993426,0.0100452378422,0.0100452378422,0.0100452378422,0.0100452378422,0.0100007203722,0.0100026377724,0.0100137247188,0.0146548065348,0.0515762596839,0.0100017145437,0.0100011088318,0.0100066714888,0.010003586346,0.0258208286927,0.0100081927701,0.0100044711525,0.0100049957092,0.0100080297245,0.0100053925062,0.0100071938974,0.0100066626262,0.0100080831593,0.0176758580998,0.0811537041307,0.0636047083435,0.035839537614,0.0316465864615,0.0138826174204,0.0170853189023,0.0111184027967,0.0100290667717,0.0196145707962,2.31956998944,560.69093477,1.15589168104,2.91729397464,5.11177841348,276.114452851,76.5211874369,1.32675172925,4.36470862107,6.19479969317,4.97214586517,2.17480365144,2.12099800271,1.75809171363,0.974726952734,117.170791701,224.726296858,122.286451821,0,0,0,0,11.5553015443,2.32738600388,2.68001310019,2.963245113,9.94734398772,4.060675664,4.56459055203,1.01066377187,4.54842339556,7.02763130752,0.748927430356,1.7100513792,2.57630070008,1.62624098556,2.36716002487,1.72661282633,2.04583342145,1.97407376829,0.56934224687,8.8610906238,5.92868538975,1.74839561366,2.22139966713,0.516805343114,1.04152871807,0.509007480209,1.97505181248,2.28850405359
sobol__0002997@@triceps@@0.50,117.12393257,125.71245206,-53.40574635,77.4635658,-33.96572731,18.73399371,7.37898837,Triceps,TRIlong;TRIlat;TRImed,0.5,1,usable,Converged with independently replayed constrained generalized-force equilibrium and small reserve torques,542.194142,0.751958119528,3.3985326553e-08,6.16040551904e-12,2.06457549849e-05,14,0,0.362606867039,0.485087472036,0.0142793114438,0.0904379794187,0.239191217676,0.231758853274,0.0100055992044,0.0100109022918,0.010007421679,0.378933655989,0.0373400652182,0.15787138819,0.120583536224,0.0203133373072,0.010007756094,0.000674045986092,0.184173880387,0.180256714467,0.0710224238138,0.0100055087074,0.0100003829199,0.010001205825,0.0100006981924,0.0100010933354,0.0100022761847,0.0158855892693,0.0600738447173,0.0100025822958,0.0100048597926,0.010007276846,0.0100050617624,0.035280620723,0.0100120819755,0.0100070611863,0.0100187693776,0.0100231100959,0.0100275636535,0.0100287269469,0.0100260865994,0.0100211669732,0.0101232461905,0.0288349048596,0.0208545606094,0.0104940502118,0.0155766711725,0.0100920440524,0.0100382839877,0.0100272096852,0.0100118580181,0.0100140813751,119.769796207,478.572910902,2.18264937874,40.1615968958,248.150423335,226.00650097,2.04236483901,1.16174338359,4.4423465658,247.483334276,17.9031756329,43.9598528293,37.8094516307,3.73184405816,2.08142448276,0,64.0178389692,61.3236068694,17.5032612915,3.69910184293,5.00114033604,2.46740057376,11.2755796263,2.65991034118,3.37293827125,3.81536549692,11.5816948404,3.98128996647,2.67435247598,0.972938779125,5.51985825598,9.82616690353,0.670338599156,1.61598230701,2.59274800029,1.62328228396,2.37435694698,1.73380210043,2.08463466399,1.97676293629,0.288351954864,3.0049300905,1.7708484394,0.493503139981,0.98497733461,0.39141006026,0.612417257131,0.415205161977,1.74290457656,1.1065608965
sobol__0000234@@triceps@@0.75,111.98233101,59.98247159,63.89161693,97.49042127,72.94833519,3.01988238,-22.35733976,Triceps,TRIlong;TRIlat;TRImed,0.75,1,usable,Converged with independently replayed constrained generalized-force equilibrium and small reserve torques,356.532175,1.43113537901,1.89275084495e-08,1.03084413444e-12,0.000126859796803,21,0,0.235256026041,0.0100001019219,0.0280041551073,0.0100001176862,0.0100004083087,0.0100000451751,0.714384201949,0.2871503332,0.759382462679,0.0100002100174,0.0100003924429,0.0364568117461,0.0100015293829,0.0100006567248,0.0100209146624,0.426347959202,5.63232821229e-05,5.74220337105e-05,0.0100369732124,0.0100452378059,0.0100001294787,0.0100007709411,0.0193603595194,0.0100030865238,0.0100101129086,0.0384747526057,0.0309475909744,0.0100022241845,0.0100044448743,0.0100062189134,0.101848331335,0.0273207846178,0.0100128331387,0.0100066147405,0.010005766469,0.0100088554608,0.0100087627533,0.0100104749122,0.0100086383126,0.0100089823612,0.0134624735951,0.0509282680961,0.0423581603856,0.0203670470727,0.0177216695149,0.0127467046213,0.0100749165889,0.0100246919615,0.0100086476025,0.0100113051753,264.149636978,10.515102332,5.14200689608,4.98892265642,7.79979314663,12.7931503894,192.276982499,39.7860220755,220.390169518,4.79214400168,1.87869212343,9.35284883251,2.68723775968,1.76761037638,1.52045962064,45.1865921006,0.0301538262265,0.0301455361809,2.70564593432,0,5.23292894938,3.13667810917,20.8528131259,2.47128739392,3.06047958904,9.71441152328,5.42489844035,4.00556856624,4.44018849919,1.00481095078,42.1190419517,5.49951957318,0.705535197769,1.65614703286,2.58734565049,1.60427740591,2.36476106337,1.72978275053,2.11048688591,1.97269199274,0.425902930537,5.56097249093,3.99008988672,0.993844829949,1.12891591991,0.601855328801,0.738436213121,0.460326435691,1.49145589432,1.16192345772
sobol__0003163@@brachioradialis@@0.75,10.16104194,88.95952238,-42.93211354,118.53290174,-59.51260231,-9.68641644,12.00789462,Brachioradialis,BRD,0.75,1,usable,Converged with independently replayed constrained generalized-force equilibrium and small reserve torques,319.711891,5.60222348163,9.44007110704e-07,5.94724269831e-12,0.000484667390766,26,3,0.0100017160275,0.559093560587,0.189283761948,0.17744634646,0.155861039466,0.162178424425,0.0100065870326,0.0100053333402,0.0100075129119,0.0100005238343,0.0100004827751,0.0100045106297,0.0100032630938,0.0100023144923,0.0100014142703,0.0907208313405,0.496689391432,0.496198329763,0.125232571435,0.99999977886,0.40427286264,0.149691516632,0.0100005743488,1.40534318255e-07,0.999999163394,0.999999758031,0.010000158809,0.372711960448,0.0100000882647,0.0100012612982,0.0100000727844,0.0100004217126,0.0100013024235,0.0100003720197,0.0950334873101,0.335144721759,0.0100005401897,0.0100011756303,0.010005374558,0.661354247327,0.0100025778078,0.0100008644326,0.0422362737099,0.200042688473,0.0100010213743,0.15543168266,0.313419217634,0.387353781829,0.0100009719976,0.67368714241,9.98315844194,217.491070099,35.7748019403,28.4807481961,153.14400758,211.442851705,2.53874660542,1.43933233695,4.44240229429,6.5556590809,4.96465213953,2.66654873779,2.88148633836,1.83469466672,1.65072429146,9.81479692199,356.318252687,355.614041318,35.4658593188,350.14561972,113.63091557,47.4220269981,9.01040743251,1.51273928619e-05,245.002098181,251.930288325,1.2568918341,135.04283703,2.69906370596,0.818905022573,5.53172057528,2.50137008951,0.377095189511,1.55319542362,24.5931673168,54.4336354333,2.36795385813,1.72912005918,2.0827047658,130.479598391,0.222131932066,0.888876386402,3.36060630616,9.59727093574,0.475896371716,6.21300200064,24.2527841676,17.7747321083,2.00891368324,77.7057074485
sobol__0002818@@teres_minor@@0.50,84.07705757,31.76713956,78.43019115,88.1276283,61.65927269,-8.47303754,25.66023837,Teres minor,TMIN,0.5,1,usable,Converged with independently replayed constrained generalized-force equilibrium and small reserve torques,611.039261,0.191303580534,1.86262530733e-07,6.11066752754e-13,2.12024340501e-05,12,0,0.0611265524763,0.01000181797,0.0102703333714,0.0100033216851,0.0644127133575,0.0100028220624,0.0101007878404,0.0117858781902,0.114453547003,0.129298203584,0.0245593872663,0.0100256867456,0.010029544344,0.0100216542812,0.0285153360493,0.0684406515438,0.0548830202117,0.0537430821873,0.0113756440854,0.0100452366033,0.0100011370784,0.0100036056119,0.0100041982836,0.0100021539867,0.276472428102,0.167674302135,0.0100025952996,0.0710944557202,0.0100010035534,0.0100213547119,0.112460381469,0.0452004686551,0.0100130596067,0.0100062095248,0.0345192414393,0.0428491531965,0.0100079976447,0.0100163856818,0.0103051647224,0.0627507268696,0.0100289271242,0.0100244460012,0.0170251899814,0.0251163938981,0.0100134085471,0.0154802319323,0.0271500521269,0.0381126870516,0.0100094379618,0.0647935096233,74.4513581765,10.653576585,2.04582666582,4.82064373825,44.1474536334,12.2801013111,1.33182999038,1.56256524798,45.7102715445,59.6484065448,2.59914017712,2.24721151659,1.66171275653,1.67201434859,4.54920925308,14.613327957,38.7203011417,37.1279341703,2.96790656169,0,5.23107467474,3.16482333825,11.0243089463,2.55741955203,88.8375840261,37.0500051083,1.18863282861,25.4468875691,3.59863385693,0.768804955009,55.6721725312,10.3992631252,0.461530761353,1.54032865166,8.57835130185,6.84762170804,2.3372167449,1.69750208951,2.05150955489,12.0287892853,0.176408624648,0.737009803364,1.13339076635,1.04837270838,0.413045367672,0.526794602392,1.69256660728,1.74191263337,2.00960540924,7.34249636644
sobol__0003163@@supraspinatus@@0.75,10.16104194,88.95952238,-42.93211354,118.53290174,-59.51260231,-9.68641644,12.00789462,Supraspinatus,SUPSP,0.75,1,usable,Converged with independently replayed constrained generalized-force equilibrium and small reserve torques,345.599702,5.69868313721,9.42247815772e-07,3.57402996087e-12,0.000501350170414,26,3,0.0100013251053,0.581448544861,0.209975192157,0.140458416511,0.154307584232,0.161247689732,0.0100063494829,0.0100055099953,0.0100059874599,0.0100004953331,0.010000459348,0.0100048059191,0.0100034286027,0.0100023096326,0.0100013409646,0.097604674878,0.503905475413,0.503407545242,0.127051827989,0.999999790271,0.413535341074,0.153894167641,0.0100005660866,0.0100000991046,0.999999176871,0.999999766258,0.0100001548401,0.360665138296,0.0100000860357,0.010001218394,0.0100000701142,0.0100004074753,0.0100012687429,0.010000361655,0.0935807714895,0.340688934083,0.0100005276235,0.0100011472737,0.0100051672683,0.675519454475,0.0100025142252,0.0100008394748,0.0398521090859,0.202643891169,0.0100009973815,0.158169413101,0.320604504769,0.396452807499,0.0100009581638,0.690608213637,9.98276823655,226.187306136,39.685500931,16.9080437789,151.617632815,210.229390675,2.53868633738,1.43935774993,4.44172513589,6.55564039751,4.9646405093,2.66662744249,2.88153401369,1.83469377519,1.6507121923,10.5595379882,361.494973752,360.780721854,35.9810727034,350.145623719,116.234364992,48.7534199463,9.01039998488,1.43524067777,245.002101153,251.930290409,1.25689133555,130.677972994,2.6990631087,0.818901510483,5.53171909796,2.50136652845,0.377093920346,1.55319381402,24.2172273798,55.3341169645,2.36795088268,1.72911515656,2.08266161683,133.274273933,0.222130520212,0.888874168729,3.17090589246,9.72206653655,0.47589523024,6.32243609372,24.8087909791,18.1922644816,2.00891090437,79.6574499291
sobol__0002687@@triceps@@0.50,-49.16512993,86.86479581,24.2309724,2.05340955,19.47177269,8.41172809,9.95711337,Triceps,TRIlong;TRIlat;TRImed,0.5,1,usable,Converged with independently replayed constrained generalized-force equilibrium and small reserve torques,322.560574,2.49720986384,1.40325302933e-07,1.7062878699e-12,6.71053062996e-05,20,1,0.158754314358,0.999999609104,0.0100012711789,0.0100003015963,0.0100001480185,0.430439651615,0.154525229358,0.0100007211556,0.0100003148646,0.0100000964827,0.0100001210357,0.0100008469775,0.0100003656132,0.0100003447053,0.0100008015081,0.454280627647,0.800446973024,0.590466262608,0.0100452378069,0.0100452378069,0.0100452378069,0.0100452378069,0.0100002181969,0.0100008518684,0.0100015255138,0.0100026390199,0.120615733869,0.0100011254095,0.0100006716673,0.0100156646125,0.0100008631097,0.0179752897297,0.0100075472386,0.0100047783919,0.0268730685287,0.0229187438425,0.0100259746758,0.0100448048009,0.0103342705807,0.026518075147,0.0327920605565,0.139097559387,0.1004398165,0.0557172940324,0.0581870157317,0.0100490857658,0.0131617869514,0.025828110245,0.0665721863525,0.0712446455524,36.8099150045,573.867546852,1.15539163797,2.91728283494,5.11176160694,488.225202072,41.612420032,1.32658467848,4.36457368882,6.19475536454,4.97210049631,2.17412272275,2.1209215979,1.75804197582,0.97467282258,174.088975543,181.83494597,98.9467917151,0,0,0,0,11.5547213072,2.32697046465,2.67674817941,2.02256311838,23.262760861,4.06043647678,4.56439102723,1.01157206834,4.54718519661,4.89231815009,0.74887912435,1.71010389525,6.91985356878,3.72414966783,2.37202952792,1.73310210487,2.11281192646,5.23063564719,1.05623757143,15.1879213953,9.36213824643,2.71811186686,4.08437786854,0.374095248838,0.802348447661,1.1824271486,13.1102444857,8.31237460351
sobol__0002997@@subscapularis@@0.75,117.12393257,125.71245206,-53.40574635,77.4635658,-33.96572731,18.73399371,7.37898837,Subscapularis,SUBSC,0.75,1,usable,Converged with independently replayed constrained generalized-force equilibrium and small reserve torques,483.347326,0.730199485523,3.3985326553e-08,1.18660636872e-11,2.05624118869e-05,12,0,0.390736232468,0.488598294142,0.0135927770278,0.12491818967,0.237055483479,0.230738924576,0.0100048308061,0.0100086617251,0.0100048092611,0.398034061505,0.0369666237099,0.135082889262,0.0848138794726,0.0100248276925,0.0100064288868,0.0100452372522,0.0984775012289,0.0963831619143,0.0190348274994,0.0100090229129,0.0100006573986,0.0100031318229,0.0100025305255,0.0100047526524,0.0100067066592,0.0153328303948,0.0590980799941,0.0100041115442,0.010020320531,0.0100103815526,0.0144536918273,0.0196921381156,0.0100212296665,0.0100130264476,0.0100110387687,0.0100146392503,0.0100194763891,0.010020703558,0.0100169989022,0.0100139446494,0.0101713833833,0.0304053141725,0.0209366411814,0.0104643902064,0.0164634175738,0.010115883317,0.0100355795305,0.0100219543596,0.0100088382382,0.0100102498635,129.060983636,482.036583851,2.07770987079,55.4735301553,245.934692547,168.758915499,2.04220799187,1.16148337072,4.44118689987,259.957898012,17.7241242876,37.6143137765,26.5937322286,1.84170100129,2.08114844871,0,68.4604874753,65.5793948929,4.69107559935,3.70040106765,5.00127760148,2.46787573731,11.2776455439,2.6608835803,3.37443230287,3.68260509991,11.3935762122,3.98189864739,2.67848521397,0.97324062842,7.97419666738,5.48454737605,0.670951064219,1.61694560248,2.59074740321,1.62191039705,2.37244201998,1.73241498834,2.08274514024,1.97533826967,0.289723101372,3.168584877,1.77781824593,0.492108320489,1.04104997665,0.392334642825,0.612252263169,0.414987550262,1.7423788811,1.10613751259
sobol__0003903@@triceps@@0.25,-53.99911431,107.11381925,16.68702708,116.37469862,-9.98135231,-2.47450238,-15.29679288,Triceps,TRIlong;TRIlat;TRImed,0.25,1,usable,Converged with independently replayed constrained generalized-force equilibrium and small reserve torques,357.852515,5.85662270042,3.13714538791e-08,4.49773551736e-12,0.00169419858146,22,3,0.757125407792,0.999999793477,0.0100000951638,0.684250997258,0.0100000372043,0.0100024029235,0.0100452355529,0.0100004526349,0.010000024636,0.0100000034006,0.0100000070081,0.999995181546,0.0100000634046,0.0100000548582,0.0100001964354,0.999998731002,0.650752032779,0.649483503624,0.644080884219,0.0100004027717,0.338990877339,0.0100000581791,0.0100000975749,0.0100004533873,0.0100005664629,0.173613472009,0.110313142813,0.0100006731558,0.0100005290337,0.0100017337805,0.113102136481,0.580298643158,0.0100031252021,0.0100015446376,0.0847383532148,0.0594894576894,0.0411608983548,0.032354461576,0.0589621339846,0.0508268562213,0.015770973389,0.0779594504364,0.0777103655424,0.0325132561997,0.0219331169968,0.0254496040238,0.0100127721423,0.0100146239475,0.0100037568865,0.0100053082953,353.853824805,222.072884624,1.81058185397,164.682083492,3.07203633037,11.5358141704,0,1.39586832509,4.03167613002,5.0398058934,4.84803729603,249.931457712,2.79661218631,1.82352984175,0.625631803481,44.9980147088,116.710070031,116.255501299,182.399993603,3.79135365908,178.000699582,2.31871944429,9.41240670018,0.729076943786,1.6160123974,43.8354182714,18.5113167113,3.77304409914,3.55084015917,0.930078710853,58.2111074151,165.206937835,0.546517762353,1.58690861754,21.8964702756,9.43244370857,9.70512595907,5.58798974548,12.4743381357,9.99792068494,0.476831196121,8.501200662,7.30514623797,1.58655494758,1.32245690587,1.19254656588,0.797361850718,0.460654209487,1.64980071122,1.1674842521
sobol__0001065@@teres_major@@0.00,65.13662788,116.54008878,85.79103099,115.96210096,-3.06728981,-6.70423871,42.50594149,Teres major,TMAJ,0,1,usable,Converged with independently replayed constrained generalized-force equilibrium and small reserve torques,368.922552,1.39668055706,8.10130007523e-08,1.5916157281e-12,0.00010886089278,23,0,0.0380677559529,0.518781177221,0.417165213386,0.129639742508,0.0100452377703,0.205438068043,0.874875454223,0.000684847231523,0.0100003865037,0.0100001011464,0.0100001304607,0.0100005625916,0.0100004619072,0.0100005173709,0.0100005993503,0.0100452377703,0.151539437072,0.151206097116,0.0373817978948,0.010003142753,0.17778451565,0.0100003529395,0.0100017560272,0.010008013034,0.0100078566307,0.0732516348229,0.118958371438,0.0100028392481,0.0100452377703,0.0100452377703,0.0999954057142,0.0729553146241,0.0100452377703,0.0100041428268,0.0100011603116,0.0100017260653,0.0100017070486,0.0100021270696,0.0100017022275,0.0100015827654,0.0153912924711,0.0713007261618,0.0580237150368,0.0287185921828,0.0353145674497,0.0167118243711,0.010039985374,0.010007942199,0.0100038890737,0.0100029621361,33.35267486,200.923506555,78.1254028239,20.1249241177,0,235.291907454,221.0194061,0,3.98518303156,6.33347434157,4.62682765361,2.71378813051,3.0124664591,1.87912612919,2.08025662101,0,108.712188517,108.234440791,10.5861025835,3.70805352155,64.685414954,3.16069594641,9.48641008087,0.697002919851,2.83111314943,13.9652441003,14.7680973458,1.13724503992,0,0,50.8810144954,20.7454614586,0,0.678329861151,2.42121355934,1.56744128904,2.28113199263,1.65651181705,1.94945703489,1.88262086694,0.250917178162,4.62390450808,3.42601346285,1.08169831901,1.32965940237,0.465221708332,0.616440450191,0.4555263538,1.93246697938,1.10691450213
sobol__0001720@@anterior_deltoid@@0.00,-30.31259087,4.18657316,52.24610911,0.30780409,-59.16103981,2.8318941,8.87312899,Anterior deltoid,DELT1,0,1,usable,Converged with independently replayed constrained generalized-force equilibrium and small reserve torques,653.937881,0.754170138244,9.67185588507e-07,1.92557081391e-12,3.01427329967e-05,11,0,0.000673128187055,0.036802119981,0.0100020797988,0.357669846651,0.0100004773764,0.106654458923,0.0100024971489,0.0494312813942,0.0924169385794,0.0996587391705,0.010002566599,0.10606210654,0.0324185963362,0.0582706374637,0.0768256940457,0.243965463548,0.564662447554,0.411563052309,0.0100452378771,0.0100043405389,0.0881380958157,0.0100020541457,0.0100006004084,0.010002576285,0.0278654402981,0.0100121659081,0.0449350739541,0.0100032500302,0.0100013441592,0.0100154544383,0.0100155464803,0.033308933398,0.0100181617187,0.0100082225834,0.012358700441,0.0110777874117,0.0100205008258,0.0100306074791,0.010051205966,0.0105973187915,0.0137277915042,0.0610361161222,0.048018755128,0.0279707841843,0.0231117729163,0.0100855531369,0.011137017883,0.0136518815495,0.0161235946955,0.0327439138495,0,40.3036017894,1.99665545113,178.061344179,7.25372476953,131.654118158,2.69083582583,6.1328929227,39.0523467185,57.941263726,2.50336284419,19.6171059577,2.93670545658,8.8842275998,14.181371145,184.898185816,248.409043924,131.965932909,0,3.50552092156,28.2728585471,2.51378629894,11.5072825853,2.30973996995,8.41030793901,2.20135413604,8.66783735071,3.58086248705,4.77969341696,0.934277016225,1.59763766406,8.34450297351,0.751813707755,1.71148792902,3.19829816101,1.79529736907,2.37272363708,1.73420778298,2.09763687222,2.09066631198,0.442381629731,6.66507884681,4.51723214246,1.36496509392,1.61132638006,0.390985690496,0.800169402611,0.627921299732,3.22053017264,3.82097166995
sobol__0000234@@middle_deltoid@@0.00,111.98233101,59.98247159,63.89161693,97.49042127,72.94833519,3.01988238,-22.35733976,Middle deltoid,DELT2,0,1,usable,Converged with independently replayed constrained generalized-force equilibrium and small reserve torques,380.218103,1.23313780475,1.21104477557e-08,2.28084218179e-12,0.000112304260962,12,0,0.241009237353,0.000885253268382,0.0189024327764,0.0100002416775,0.0100007739723,0.0100000984212,0.615543865916,0.255154437391,0.679037660755,0.0100004166106,0.0100007707542,0.0365426972568,0.0100030066201,0.0100012888135,0.0100364464254,0.49362642394,0.0100210715921,0.0100213746003,0.010049683704,0.010077815505,0.0100002676136,0.0100015484912,0.0491636324229,0.0100069118539,0.0100266784576,0.0388108221481,0.031290976829,0.0100040678005,0.010008389744,0.0100112605513,0.102567158014,0.0255201842722,0.010023477599,0.0100121297795,0.0100100186118,0.010015338224,0.0100151568452,0.0100181381195,0.0100149476322,0.0100154983339,0.0134110111229,0.0504682021262,0.0420032446801,0.0202505513188,0.0177367234476,0.0128872310719,0.0101325463359,0.0100427894084,0.0100149282405,0.0100196091911,270.609444661,0,3.47078636422,4.98898451403,7.8000783444,12.7932185075,165.674040399,35.3528410195,197.072269251,4.79224300035,1.87876319217,9.37488241549,2.68763466732,1.76772209765,1.52281623341,69.7561554307,7.15331540826,7.01472219109,2.709072275,0,5.23300123348,3.13692198274,52.9535641363,2.4722324513,3.06554431956,9.79926503407,5.48509160316,4.00630687513,4.44193931764,1.00531722525,42.4163103616,5.13706889758,0.70628523939,1.65705980067,2.58844519276,1.60531650077,2.3662717895,1.73110693183,2.1118173103,1.9739762399,0.424274848044,5.51073684975,3.95665723635,0.98816022077,1.12987489415,0.608490502023,0.742660158019,0.461157457059,1.49239181431,1.16288723123
sobol__0000261@@infraspinatus@@0.25,106.00576851,72.42387784,54.80958568,105.36151502,63.88583519,-0.19300824,-11.81046476,Infraspinatus,INFSP,0.25,1,usable,Converged with independently replayed constrained generalized-force equilibrium and small reserve torques,407.792395,0.699759050712,4.98456245168e-08,1.27187149701e-12,7.64506913705e-05,25,0,0.265941195058,0.0100001414635,0.0103244205921,0.0100001330315,3.27125804121e-06,0.0100000576291,0.700266552874,0.156565715778,0.213340755777,0.0100005481012,0.0100007683729,0.0236052587339,0.010002482695,0.0100013542466,0.167062009523,0.147268117344,0.036422693997,0.035937831626,0.0102197612621,0.0100452375714,0.0100001448367,0.010002475473,0.0100060171496,0.010003600317,0.0100082999765,0.0482318352384,0.0551173560365,0.0100020234869,0.0100042244136,0.010005735301,0.0483470483557,0.0260324988846,0.0100126231468,0.0100063438045,0.010004913642,0.0100073537066,0.0100075366932,0.0100090847388,0.0100073772248,0.0100073148829,0.013210454126,0.0554055814488,0.0100452375714,0.0208712742604,0.0214256191815,0.0144853450778,0.0100837600227,0.010020228337,0.010006628115,0.0100086741727,262.163438474,10.2140167638,1.94364263993,4.98154628052,0.000735835012519,12.8212620793,188.629855598,22.3898729258,74.7700484223,5.76287456465,3.05803744342,6.19685518892,2.85100936963,1.80849251775,29.6797930551,7.44656851279,26.1167776936,25.4256710792,2.83008335148,0,5.06494631501,3.12583410316,10.5107299801,1.99610128812,2.88968279957,12.1528258818,8.78596265527,3.84193080742,4.2165768474,0.953945748522,17.5078635481,5.83291190297,0.66698360981,1.60995293081,2.58916396687,1.62361313118,2.36921656574,1.73047751259,2.08997164332,1.97433793724,0.379465116517,5.99138262968,0,1.01845163282,1.24103793619,0.663765290791,0.717638778133,0.460887876821,1.71138371837,1.1678523503
sobol__0003163@@coracobrachialis@@0.75,10.16104194,88.95952238,-42.93211354,118.53290174,-59.51260231,-9.68641644,12.00789462,Coracobrachialis,CORB,0.75,1,usable,Converged with independently replayed constrained generalized-force equilibrium and small reserve torques,379.477908,5.67747378178,9.43570533707e-07,2.15294448935e-12,0.000496262695331,26,3,0.0100015706506,0.563059150535,0.195000056751,0.179605213102,0.153617330189,0.161485544282,0.0100065244907,0.010005425589,0.010006969722,0.0100005173239,0.0100004777728,0.0100046378609,0.0100033398574,0.0100023278679,1.92635529776e-06,0.0941529576016,0.50711554023,0.506614198916,0.127861229887,0.999999786912,0.413611004873,0.160299451789,0.010000562486,0.0100001000291,0.999999171474,0.99999976406,0.0100001559632,0.364040629258,0.0100000866336,0.0100012297935,0.0100000708654,0.0100004117179,0.0100012777737,0.0100003644689,0.094116851284,0.339180682699,0.0100005311158,0.0100011551892,0.0100052267577,0.671485385643,0.0100025321893,0.0100008466644,0.0407002885551,0.201991531762,0.0100010041502,0.157452783504,0.318569025461,0.393845123996,0.0100009614812,0.68567943813,9.98301332937,219.033710736,36.8551868175,28.8272536996,150.939411551,210.53949755,2.53873073817,1.43934560753,4.44216116864,6.55565481314,4.96464965615,2.66658264923,2.8815084503,1.83469712009,0.00023845738695,10.1861077144,363.797830842,363.078857505,36.2102952893,350.145622545,116.255632162,50.7826034607,9.01039674247,1.43524081115,245.002100068,251.930289844,1.25689147643,131.900997512,2.69906326494,0.81890244283,5.53171951358,2.50136758966,0.37709425996,1.55319425084,24.3559563736,55.0891493417,2.3679517096,1.7291165251,2.08267399989,132.478386278,0.222130919003,0.888874807194,3.2383928403,9.69076886468,0.475895552115,6.29379057204,24.6512829536,18.072604166,2.00891157078,79.088945697
sobol__0002818@@posterior_deltoid@@0.50,84.07705757,31.76713956,78.43019115,88.1276283,61.65927269,-8.47303754,25.66023837,Posterior deltoid,DELT3,0.5,1,usable,Converged with independently replayed constrained generalized-force equilibrium and small reserve torques,524.715205,0.191072305772,1.86262530733e-07,3.55440040682e-13,2.12039110497e-05,9,0,0.0613419252252,0.0100034025129,0.00444808946869,0.0100061958517,0.0643614570293,0.0100052796221,0.0200403451907,0.0118133544543,0.113673059888,0.128361233214,0.0244043328045,0.0100472815132,0.0100544100826,0.0100400076325,0.0282875474259,0.0680487454903,0.0549207250535,0.0537803876998,0.0115824738301,0.0100834392561,0.0100021155086,0.0100066508495,0.0100077769576,0.0100039954972,0.276480291179,0.167700487996,0.010004813426,0.0710433828191,0.0100018661959,0.0100394753562,0.112447888661,0.045210530848,0.0100241723641,0.0100114991299,0.0344941237521,0.0428350342577,0.0100148049572,0.0100303029654,0.0104926591322,0.0627303702017,0.0100534836351,0.0100452381384,0.0170873707374,0.0251464162571,0.0100248264516,0.0155515499658,0.0271756573615,0.0381242436948,0.0100174729283,0.0647907644819,74.7136794267,10.655264383,0.443024569793,4.82202881151,44.1123233577,12.2831183678,5.28480216876,1.56620803596,45.3985618695,59.216159321,2.58273063576,2.2520518843,1.66583255637,1.67507642455,4.5128688743,14.5296488634,38.7469021346,37.1537063545,3.02186846064,0,5.23158644069,3.16578675478,11.0282525315,2.55789040212,88.8401106319,37.0557912441,1.18889641399,25.4286070103,3.59894425925,0.770195110485,55.6659881157,10.401578132,0.462042980356,1.54114291907,8.57210932388,6.84536539386,2.33880648997,1.69986068658,2.08883516623,12.0248870824,0.176840573176,0.738538467288,1.13753022646,1.04962585889,0.413516347416,0.529221565715,1.69416286812,1.74244082134,2.01121859792,7.34218528295
sobol__0001262@@posterior_deltoid@@0.75,44.74600288,60.17290128,-58.93553151,17.95428846,-63.69228981,12.84654254,-53.58780851,Posterior deltoid,DELT3,0.75,1,usable,Converged with independently replayed constrained generalized-force equilibrium and small reserve torques,335.980336,3.55762866382,2.63176573867e-08,3.2684965845e-12,0.000296618844885,12,2,0.0173443611428,0.675851250551,1.04137539959e-07,0.0100000444207,0.305778174735,0.010000025826,0.999998892709,0.0100001109551,0.999999811382,0.0100002722947,0.0100001059454,0.0100000620709,0.0100000476253,0.0100000611118,0.903812315787,0.0100000328362,0.0365236797125,0.0298431745419,0.0100452378044,0.0100011622376,0.25540358513,0.0100012223071,0.0100101170787,0.100630033211,0.0100452378044,0.121797871689,0.0122132615842,0.117551713043,0.0128836862233,0.0174252254302,0.232837673703,0.12490643971,0.0217668367506,0.0656632476563,0.0486105734209,0.0280832477768,0.0130598447852,0.0153286813704,0.0300230536268,0.0220879652968,0.010104327664,0.0165523667233,0.025734734626,0.0173366354659,0.0101674928066,0.0104411987577,0.0101091802724,0.0101413103736,0.0100173715592,0.0100717135343,16.5747922743,672.702525865,1.56400783974e-05,4.77391584804,280.033334436,12.0250062066,208.048690681,1.43858364835,443.873424737,6.48468743712,4.58401401851,2.66501584098,2.85229619931,1.80501239602,183.114157392,4.86432739808,21.5359584015,14.3739652507,0,3.47113984749,115.052715046,1.47843122062,11.7704017825,24.4776760386,0,29.7408460868,2.25466786383,20.9442698821,5.57801364318,0.448759921255,46.8428742218,30.6790385337,1.03808502025,8.76017270469,9.77102384792,3.27983555938,2.6944730892,2.36527331202,6.35961837604,3.48935546501,0.39642118819,1.61305306696,2.26243667668,0.77529817762,0.716636437741,0.4803069893,0.889892808221,0.429900081988,0.846070435929,0.984086003917
sobol__0002818@@coracobrachialis@@0.75,84.07705757,31.76713956,78.43019115,88.1276283,61.65927269,-8.47303754,25.66023837,Coracobrachialis,CORB,0.75,1,usable,Converged with independently replayed constrained generalized-force equilibrium and small reserve torques,618.028871,0.191361198512,1.86713272399e-07,4.96912460056e-13,2.12077926373e-05,12,0,0.0618416108478,0.0100018138947,0.0102288675425,0.0100033445508,0.0623067479809,0.0100027951035,0.0200216774247,0.0120055141971,0.115214970782,0.129738591967,0.0246302076478,0.0100261469236,0.0100298397051,0.0100217635201,0.0216197116575,0.0683110926663,0.054900684698,0.0537600602733,0.0113788003791,0.0100452377026,0.0100011417512,0.0100036222039,0.0100041970842,0.0100021536806,0.27646972346,0.1676794029,0.0100025952283,0.0710911405429,0.0100010035118,0.0100213532014,0.112457939975,0.0452023684473,0.0100130590892,0.0100062091936,0.0345210510004,0.0428513092245,0.0100079975166,0.0100163856395,0.0103051293535,0.0627532179671,0.0100289270448,0.010024446324,0.0170257982474,0.025117115632,0.0100134082769,0.0154808899964,0.0271509732318,0.0381141393169,0.0100094378175,0.0647954559135,75.3222901165,10.653572244,2.03756676855,4.82065475731,42.7040583178,12.2800682146,5.27987932685,1.59168446897,46.0143677354,59.8515684175,2.60663515633,2.24731466342,1.66176169261,1.67203257405,2.58683412024,14.5856647714,38.7327635431,37.1396633312,2.96873003901,0,5.23107711884,3.16482858745,11.0243076246,2.55741947376,88.8367149564,37.0511321942,1.18863282016,25.4457009652,3.59863384181,0.768804839102,55.6709638991,10.3997002104,0.461530737476,1.54032860066,8.57880099456,6.84796625776,2.33721671499,1.69750208234,2.05150251378,12.0292668078,0.176408623251,0.737009827097,1.13343125947,1.04840283396,0.413045356528,0.52681699641,1.69262403005,1.7419790081,2.00960538025,7.34271692292
sobol__0002997@@middle_deltoid@@0.00,117.12393257,125.71245206,-53.40574635,77.4635658,-33.96572731,18.73399371,7.37898837,Middle deltoid,DELT2,0,1,usable,Converged with independently replayed constrained generalized-force equilibrium and small reserve torques,496.44958,1.60181071178,3.66309329536e-08,8.40128425411e-12,7.40333845521e-05,6,1,0.999989653407,0.0014836469347,0.0300918628119,0.0100302252876,0.0100374751962,0.329050603461,0.0100077269494,0.0100143891277,0.0100060627808,0.274016559455,0.0100036713836,0.470971441953,0.395769574187,0.102380811347,0.0100063298707,0.0102157298889,0.098486049896,0.0963922774873,0.0192201809513,0.0100440125371,0.0100014411431,0.0100057946543,0.0100123113509,0.0100230143645,0.0100323782268,0.0154550965425,0.0590649424572,0.0100200037357,0.0100993860939,0.0100504278378,0.0143779022729,0.0197321423271,0.0101028104716,0.0100632914213,0.0100536982721,0.0100710866885,0.0100947247296,0.0101005114121,0.0100825941067,0.0100677307096,0.0106910329969,0.0303936845175,0.0210169316064,0.0112291593142,0.0166905450372,0.0105064495501,0.0101702814556,0.0101059822008,0.0100428845845,0.010049669261,330.298645971,0,4.59966056032,4.45421124489,10.4134413593,320.883428962,2.04279915609,1.16214802309,4.44174334379,178.961490233,4.79638920515,131.14368292,124.095138031,18.8087864012,2.08112785522,0,68.4664304154,65.5855971561,4.73675539617,3.71333695982,5.00166954822,2.46853268638,11.2886732215,2.66574050101,3.38308919368,3.71197071202,11.3871875943,3.98822415647,2.6996198642,0.977134053706,7.93238307225,5.49568913145,0.676413141306,1.62506260182,2.60178721638,1.63105228267,2.39025955036,1.74621245492,2.09638376549,1.98594804103,0.304524873425,3.16737293325,1.78463604391,0.528073076641,1.0554121856,0.40748237239,0.620470180204,0.418466962242,1.74830580589,1.11049337527
sobol__0002818@@latissimus_dorsi@@0.25,84.07705757,31.76713956,78.43019115,88.1276283,61.65927269,-8.47303754,25.66023837,Latissimus dorsi,LAT1;LAT2;LAT3,0.25,1,usable,Converged with independently replayed constrained generalized-force equilibrium and small reserve torques,729.406391,0.190246523214,1.8666816004e-07,3.69647475317e-13,2.12074503967e-05,12,0,0.058948154829,0.0100018187097,0.0102193579437,0.01000338196,0.059946624293,0.0100027922737,0.0198742117523,0.0122813965,0.11418835599,0.128731646257,0.0244522235518,0.000237116232673,0.000304011797497,0.000165278996275,0.0287866730048,0.0679944216994,0.0549435409697,0.0538019695036,0.0113856675301,0.0100452377096,0.0100011460239,0.0100036148888,0.0100041940997,0.0100021529175,0.276463010326,0.167692169624,0.0100025950429,0.0710832945239,0.0100010034079,0.0100213490287,0.112451896076,0.0452073990932,0.0100130576721,0.0100062083572,0.0345252825166,0.0428556229687,0.0100079971793,0.0100163853584,0.0103054754395,0.0627593205965,0.0100289261491,0.0100244451791,0.0170267590693,0.0251188366507,0.0100134075717,0.0154819265159,0.0271527991614,0.0381171714753,0.0100094373549,0.0648008043265,71.798097737,10.6535773728,2.03567247845,4.82067278499,41.0864669187,12.2800647405,5.24099142857,1.62826079295,45.6043599887,59.3870398677,2.58779895295,0.0132871279136,0.0125923039157,0.00689379331845,4.59249713819,14.5180497419,38.7629989008,37.1686159532,2.97052167932,0,5.23107935367,3.16482627318,11.0243043359,2.55741927866,88.8345578564,37.0539531821,1.18863279813,25.4428926343,3.5986338045,0.768804519007,55.6679719388,10.40085761,0.46153067217,1.54032847191,8.57985256554,6.84865562701,2.33721663622,1.6975020347,2.05157141116,12.0304366308,0.176408607495,0.737009742918,1.13349522273,1.04847467027,0.413045327442,0.526852269325,1.69273786068,1.74211759069,2.00960528739,7.34332301299
sobol__0001047@@teres_minor@@0.75,-22.05087212,86.07133878,-38.42771901,8.30585096,-55.56728981,15.71763629,36.88094149,Teres minor,TMIN,0.75,1,usable,Converged with independently replayed constrained generalized-force equilibrium and small reserve torques,350.285462,1.4462261985,5.00453154473e-08,1.89004367712e-12,9.5603923378e-05,29,1,0.344415312349,0.999999739165,0.482168872839,0.010000250339,0.0100001002376,0.0225995269633,5.51844717462e-07,0.0100008868058,0.0100003544865,0.0100000928788,0.0100000779319,0.0100011343807,0.0100004682268,0.0100003514113,0.0100003604703,0.116087913247,0.0100022641086,0.0100029072993,0.0100452373584,0.151705520946,0.0100003546092,0.0100341199064,0.205255783771,0.0222941962669,0.0299376897949,0.0598195908497,0.047787918071,0.0100012336698,0.0100020875544,0.0100034611521,0.0100058539901,0.0100068257033,0.0100065725455,0.0100030413729,0.0100018822475,0.0100028471748,0.0100028684938,0.0100035561563,0.0100028411743,0.010002822336,0.0116580004529,0.0519957590327,0.0377908926678,0.0183957240854,0.0264498207301,0.0131440420244,0.0101134933835,0.0100149367294,0.0100036626049,0.0100051487751,193.271006349,365.464657055,76.9015786728,4.29940864379,10.724324662,29.0323729575,0.000109508129636,1.41138432399,4.41804979717,6.3450617408,4.97234482704,2.5819758033,2.72390533723,1.79656057844,1.18979287869,87.5024011851,5.08818508069,3.90750529637,0,53.5500959254,2.09683950915,0.00416127728045,239.750201935,5.28608349517,7.43347454054,9.63049362637,9.21812760744,4.0792625556,4.12156846223,1.00415434353,1.95422969413,2.54809786641,0.718857004821,1.67442552801,2.52733036982,1.62409602512,2.32366452087,1.69325741814,2.0068260718,1.95960196094,0.323848414368,5.20661894551,3.07106862103,0.814116876846,1.6758964457,0.34115901776,0.520958465821,0.437875106119,2.0106902331,1.16745313002
sobol__0000234@@biceps@@0.75,111.98233101,59.98247159,63.89161693,97.49042127,72.94833519,3.01988238,-22.35733976,Biceps,BIClong;BICshort,0.75,1,usable,Converged with independently replayed constrained generalized-force equilibrium and small reserve torques,412.248443,1.23968339465,1.98824636755e-08,7.24753590475e-13,0.000113282182764,22,0,0.237497303523,0.0100001165231,0.0167015297172,0.0100001357232,0.0100004283406,0.010000052638,0.610042637656,0.260681253881,0.690214316036,0.010000235561,0.0100004396001,0.0435460754041,0.0100017672358,0.0100007419844,0.0100214738892,0.492894648461,0.0100091766736,0.0100093210805,0.0100247610558,0.0100452379979,2.12221248283e-07,1.36358826137e-06,0.0713591440092,0.0100100437815,0.010720743692,0.0414962608198,0.0349526787691,0.0100028162846,0.0100059862951,0.0100075913229,0.0754678266666,0.0164213573483,0.0100161492047,0.0100084763165,0.0100061080841,0.0100091957963,0.0100091234995,0.0100109371524,0.0100089564373,0.0100091129844,0.0121004692047,0.0462718890828,0.0387116298301,0.0185371601416,0.0175958490231,0.0126195569305,0.0100881438955,0.0100253302424,0.0100087941882,0.0100116677593,266.666183101,10.5151176857,3.06666566622,4.98893165485,7.79980876959,12.7931599367,164.193381159,36.1186073003,200.315990388,4.79215624009,1.87870098048,11.1715709898,2.68730166608,1.7676254459,1.52054447092,69.6527455788,7.14482448961,7.0062850159,2.70235392873,0,8.32893251166e-05,0.000320760579937,76.8600858553,2.47300620173,3.27774696925,10.4773059469,6.12696260248,4.00580568332,4.44087261521,1.0049487663,31.2094711427,3.30552644911,0.705768858056,1.65645513345,2.58743398718,1.60433195683,2.36484629653,1.72986262435,2.11055396779,1.97271773754,0.382814143261,5.05253196138,3.64659091138,0.904552373393,1.12090083106,0.595851854375,0.739405702317,0.46035574508,1.49147773787,1.16196553964
sobol__0000234@@brachioradialis@@0.75,111.98233101,59.98247159,63.89161693,97.49042127,72.94833519,3.01988238,-22.35733976,Brachioradialis,BRD,0.75,1,usable,Converged with independently replayed constrained generalized-force equilibrium and small reserve torques,358.156109,1.30372894571,2.10976054404e-08,5.64001203583e-13,0.000115806973115,21,0,0.239978833019,0.0100001134223,0.0197838598606,0.0100001315222,0.0100004295779,0.0100000509553,0.634172862512,0.264122445888,0.700779698601,0.0100002301569,0.0100004295494,0.0392485875253,0.0100016988839,0.0100007220486,0.0100211563033,0.508056865216,0.0100102637815,0.0100104203436,0.0100263450179,0.0100452376146,0.0100001488073,0.0100009223685,0.0618936736577,8.962327362e-06,0.0100340421103,0.0404886695976,0.0328832663847,0.0100025711858,0.0100053395255,0.0100070273862,0.0891295071681,0.0208729285666,0.0100147840693,0.010007690424,0.010005942992,0.0100090293487,0.0100089168115,0.0100106907181,0.0100087876692,0.0100090363773,0.0126941766298,0.0483615213237,0.0404119721994,0.0194247043878,0.0176219771445,0.0127303672307,0.0100833683673,0.0100251451045,0.0100087132032,0.0100115427803,269.452488404,10.5151144249,3.63263035232,4.98892955904,7.79980973529,12.7931577837,170.688047208,36.5954005531,203.382306224,4.79215365092,1.87869909279,10.0690677111,2.68728330131,1.76762192227,1.52049628422,71.7953738545,7.145600497,7.00705447373,2.70278091404,0,5.23293906377,3.13672560336,66.6649402446,0.00166062394175,3.0677956737,10.2229013019,5.76420893869,4.00570752915,4.44058556487,1.00489213654,36.859214118,4.2016025827,0.705672666395,1.65632506414,2.58739129677,1.60430527765,2.36479746255,1.72982004118,2.11051838023,1.97270263889,0.40159685287,5.28070362011,3.80676120276,0.947861609988,1.12256525959,0.601083933699,0.739055682234,0.460347243682,1.49146566979,1.16195103443
sobol__0003935@@pectoralis_major@@0.25,-58.21786431,122.34819425,74.10890208,97.07782362,71.26864769,13.11143512,-33.10929288,Pectoralis major,PECM1;PECM2;PECM3,0.25,1,usable,Converged with independently replayed constrained generalized-force equilibrium and small reserve torques,309.119219,1.87122491055,1.69166440855e-08,1.08844632404e-08,0.00088577672364,29,0,0.40166285357,0.0100001966638,0.0100000667953,0.0100000417595,0.01,0.0100000862997,0.0100000509953,0.0100002318099,6.30225825874e-08,1.07103314152e-07,4.29796812696e-07,0.0100002223383,0.0100030439542,0.859763529059,0.010002369026,0.0100000982491,0.465904758147,0.456802954847,0.0980226598017,0.0100452378172,0.303021618699,0.0100010110337,0.0100005233901,0.0100002361913,0.0100007345324,0.0106301737848,0.010001456029,0.0100006457627,0.0100005513781,0.0100019654788,0.607323927316,0.237123328473,0.0100027645912,0.0100013996009,0.0100059591011,0.0100207615454,0.0100047106493,0.0100066631391,0.0100086555782,0.0157766373495,0.0144683522866,0.0381812956068,0.0523894859167,0.038987021706,0.0100084881539,0.0100348937099,0.0100575630143,0.0286081841903,0.0276956229371,0.0668437932652,275.725039848,1.37031015227,1.5302403775,3.38437010716,10.6704185478,12.2771321263,2.32021242863,1.43859908122,6.67244837768e-06,9.92339058096e-06,3.48094833114e-05,2.63237792169,2.97601661008,161.613459061,0.0875627168032,1.16264319582,332.43011883,319.568394209,26.3863086947,0,157.239514762,0.373698283527,10.7832791584,2.47182338496,3.09177037317,2.68398532474,1.92910959886,4.07842312727,4.38427775508,1.01015794548,256.461674164,48.6303218293,0.711651801216,1.6692162221,2.56079291443,1.53361399183,2.35668187038,1.72611581232,2.12260998875,3.07127887753,0.537663052047,4.13236459572,4.94541960302,1.88931251201,0.718799313044,0.47463730266,0.740458708548,1.23200418449,3.31068697367,6.98885099283
sobol__0003872@@latissimus_dorsi@@0.75,-59.62411431,46.17631925,2.62452708,14.81219862,5.01864769,24.86924762,-56.54679288,Latissimus dorsi,LAT1;LAT2;LAT3,0.75,1,usable,Converged with independently replayed constrained generalized-force equilibrium and small reserve torques,426.674173,0.741352299889,2.27404583342e-06,8.40216785036e-13,0.000210331492407,22,0,0.0100105995959,0.268323265248,0.0780338622362,0.0100084483494,0.0100039213316,0.0632264913779,0.0150415889561,0.0161967949124,0.0100040066468,0.0100012527734,0.0100014012359,0.0222231142893,0.00428534071256,1.83883551833e-05,0.0100037422096,0.134955251222,0.0100078833721,0.0100094534449,0.0100452376073,0.0100452376073,0.18906835677,0.250308454129,0.0468395889004,0.0987007279509,0.0100452376073,0.346338220279,0.490525440699,0.010000987184,0.247534200209,0.0100040445325,0.0100001867207,0.0100003976523,0.0100304381048,0.0100048460283,0.0100010833538,0.0100015361918,0.010006266083,0.0100046675331,0.0100019188552,0.0100014820938,0.0747864480588,0.175012515361,0.12436328833,0.0100297818367,0.214299601096,0.0645709209379,0.0563352952254,0.0100049066828,0.0100038138276,0.0100021105408,1.12313547208,274.776619665,6.14209032683,4.65150880271,9.48273185578,77.6779711074,3.86980071856,1.49682720097,4.4408170566,6.52629866295,4.5741917329,2.72957565277,0.226749277783,0.0022116199898,2.0773469807,103.329570088,5.65732298603,4.52179951468,0,0,11.4340749856,20.9292653419,55.0083590199,24.0149481294,0,85.0820699739,85.7989040376,2.10662517044,118.760028548,0.362481030141,4.44587592047,2.80879873303,0.619156051251,1.55234609454,2.21469978089,1.26936020297,2.26892051786,1.67222806144,2.12431396071,1.68235458518,2.85113026391,14.5329619059,10.7431822867,0.447219546604,14.6133538731,2.92826451223,4.7784176567,0.370592614868,0.662196836027,0.841912704774
sobol__0002818@@brachialis@@0.50,84.07705757,31.76713956,78.43019115,88.1276283,61.65927269,-8.47303754,25.66023837,Brachialis,BRA,0.5,1,usable,Converged with independently replayed constrained generalized-force equilibrium and small reserve torques,619.795171,0.189078004981,1.95700501138e-07,3.31786509284e-13,2.09131984718e-05,11,0,0.0617652952554,0.0100018308475,0.0102433693141,0.0100033500322,0.0635411556414,0.0100028346733,0.019953827621,0.0117155338885,0.114065056726,0.128617269614,0.0244208981006,0.0100257253999,0.010029526528,0.0100216492034,0.0284083967442,0.0656879346711,0.0472444439949,0.0462629611513,0.0104714828451,0.0100452374471,0.01000119249,0.0100039219035,1.07634114479e-05,0.0100022990239,0.27766432628,0.165414858284,0.0100026285691,0.0724930472545,0.0100010223822,0.0100221195248,0.113544126854,0.0442881257678,0.0100133159984,0.0100063618281,0.033761665099,0.0420646703746,0.0100080575146,0.0100164323272,0.0102566886417,0.0616666373492,0.0100290910235,0.0100246655209,0.0168213166727,0.024800692785,0.0100135379197,0.0152993343563,0.0268158880598,0.0375763683833,0.0100095190366,0.0638381468558,75.2293387023,10.6535903011,2.04045548791,4.82065739868,43.5501017877,12.2801167926,5.26198678113,1.5532390392,45.55511693,59.3342751474,2.58448375526,2.24722018104,1.66170980523,1.67201350145,4.53214863551,14.0255726674,33.3312396386,31.9603585476,2.73201081309,0,5.23110365764,3.16492340288,0.00593046887685,2.5574566361,89.2205710573,36.5507490788,1.18863678238,25.9474864031,3.59864063159,0.768863629098,56.208667776,10.1893605724,0.461542579258,1.54035209683,8.39008656293,6.72225536603,2.33723072665,1.69750999466,2.04185913736,11.8209783955,0.17641150767,0.737025942834,1.11981863445,1.03519516261,0.413050704262,0.520638630915,1.67173442104,1.71740057886,2.00962168672,7.23423324445
sobol__0002973@@biceps@@0.50,80.56143257,115.55620206,-13.56199635,51.0573158,78.53427269,5.06211871,-35.74601163,Biceps,BIClong;BICshort,0.5,1,usable,Converged with independently replayed constrained generalized-force equilibrium and small reserve torques,335.809645,2.18767804649,4.22186801075e-08,1.33534720651e-12,0.000164285058932,24,1,0.596959012041,0.544903567972,0.0100041408649,0.0100000937158,0.663542725059,0.0100000406732,0.999999126715,0.0100003805653,0.0100001046512,0.0100000338864,0.0100000470307,0.0100001486452,0.0100001381495,0.0100001635226,0.0100002038403,0.0100008756362,0.0503940708907,0.0491952850176,0.0100568873888,0.0100452377357,3.20596872271e-07,1.63113900354e-06,0.010006826836,0.0100014650434,0.0100452377357,0.0523157161989,0.0100020224988,0.0100034391272,0.010000953889,0.0100089334191,0.274638937996,0.0510007485774,0.010006865237,0.0100035324495,0.0100102486498,0.0100319694448,0.0100056442247,0.0100085671807,0.0100111177662,0.010627950672,0.0100332748794,0.010018102804,0.0159467128872,0.0195336955465,0.0100105090298,0.010047415574,0.0101813627624,0.0267161711923,0.0117065728505,0.0580247708355,532.141893051,396.917431648,1.8545044893,4.9490337155,693.65001499,13.0619069636,254.121017264,1.27875858587,4.39924005921,6.54160354551,4.96555802019,2.75511245098,3.06793795257,1.88072800979,2.08010366901,0.523230232174,33.6576605206,32.0750018,0.496311776931,0,6.06465119347e-05,3.98765969174e-05,11.7588856309,2.75629706986,0,13.1935681093,1.92832935899,3.55933447057,4.79778573516,0.749515245828,146.836533545,9.72437622913,0.737751111266,1.70919148074,2.54719658813,1.5302997212,2.3287789084,1.71866535438,2.12506782416,2.06950123524,0.359876876033,1.08719759641,1.5049982137,0.938622845543,0.721797105003,0.475220800683,0.785636163383,1.21800262661,1.43336269707,6.49227860046
sobol__0001065@@subscapularis@@0.50,65.13662788,116.54008878,85.79103099,115.96210096,-3.06728981,-6.70423871,42.50594149,Subscapularis,SUBSC,0.5,1,usable,Converged with independently replayed constrained generalized-force equilibrium and small reserve torques,382.091175,1.45406188086,7.28705957798e-08,2.03925765163e-12,0.000118813322112,24,0,0.0347215257847,0.444004968044,0.437167042379,0.126275198119,0.0100452377597,0.157217991238,0.918015014625,0.0100009885338,0.0100003633469,0.0100000970121,0.0100001259142,0.0100005499073,0.010000454644,0.0100005093323,0.0100006110977,0.0100452377597,0.186432032103,0.186021938193,0.0459817706343,0.0100025137349,0.225126045372,0.0100003402566,0.0100014360061,0.0100068146678,0.0100062907306,0.0726146801725,0.118376289813,0.010002826164,0.0100452377597,0.0100452377597,0.12981306758,0.092491422945,0.0100452377597,0.0100041011706,0.0100011751779,0.0100017499624,0.0100017236888,0.0100021475632,0.0100017231022,0.0100016019137,0.0155591024834,0.0721537069952,0.0588886582442,0.0292793979373,0.035120472642,0.0167968238966,0.0100371571433,0.0100079394768,0.0100038662653,0.0100029557279,30.4209095258,171.962744612,81.8712831069,19.6026213044,0,90.0322939102,231.917734525,1.42781395326,3.98517380347,6.33347172332,4.6268255502,2.71378468846,3.01246427123,1.8791246187,2.08025906462,0,133.743628796,133.155876907,13.0215176455,3.70782035188,81.9102361799,3.16069193794,9.4861065514,0.696919461673,2.83067017357,13.8438102677,14.695834771,1.13724355465,0,0,66.0532404112,26.3007192808,0,0.678327037801,2.42121715853,1.5674450342,2.28113578796,1.65651521121,1.94946110375,1.88262447136,0.253652907821,4.67922094335,3.47708408326,1.102821313,1.32235137063,0.467587914854,0.616266801112,0.455526229891,1.93246257359,1.10691379303
sobol__0001262@@brachialis@@0.00,44.74600288,60.17290128,-58.93553151,17.95428846,-63.69228981,12.84654254,-53.58780851,Brachialis,BRA,0,1,usable,Converged with independently replayed constrained generalized-force equilibrium and small reserve torques,385.016136,3.66537574903,3.38962671265e-08,3.20029656667e-12,0.000309242748155,12,2,0.0199742054848,0.682136800716,0.0100000719813,0.0100000421984,0.315076030084,0.0100000243612,0.999999035777,0.0100001061573,0.999999823002,0.0100002640206,0.0100001017844,0.010000059203,0.0100000453277,0.0100000582899,0.94748204825,0.0100000311258,0.0365051945129,0.0298289781031,0.0100452374906,0.0100011289091,0.264964382987,0.0100011917436,0.000673828040146,0.103921226097,0.0100452374906,0.125929287139,0.0127516852,0.120889517955,0.0133514981582,0.0178961966579,0.239981170717,0.12866366082,0.0224126584955,0.0676025724665,0.0497910238704,0.0287483034407,0.0133239892451,0.0156714545232,0.0307286915545,0.0225465836935,0.0101107701066,0.0172712046458,0.0267003360551,0.0179163183342,0.0101920455567,0.0105771966883,0.010115350879,0.0101479668363,0.0100169453795,0.0100708214869,19.0879504914,678.958792209,2.00250437808,4.773914787,288.548361508,12.0250044466,208.048720486,1.43858295815,443.873429895,6.48468207207,4.58401211146,2.66501507674,2.8522955441,1.80501188673,191.961731315,4.86432656367,21.5250587264,14.3671275433,0,3.47112827991,119.359607465,1.47842670239,0,25.2782397556,0,30.7496633115,2.35406526202,21.5389688919,5.78055360786,0.460889062029,48.2800210916,31.6018727059,1.0688849885,9.01889917496,10.0083016386,3.35750724566,2.74897068458,2.41816450136,6.50908977848,3.56180589604,0.396673943336,1.68310490523,2.34732630624,0.801221723879,0.718366991758,0.486563048406,0.890435995535,0.430182255981,0.846034440613,0.983998843861
sobol__0003903@@infraspinatus@@0.75,-53.99911431,107.11381925,16.68702708,116.37469862,-9.98135231,-2.47450238,-15.29679288,Infraspinatus,INFSP,0.75,1,usable,Converged with independently replayed constrained generalized-force equilibrium and small reserve torques,440.030716,1.80312009026,8.06789373087e-08,1.91135995919e-12,0.000338743592861,15,0,0.567176787832,0.688739632627,0.0100009182255,0.313220217658,7.58983740815e-07,0.0100017347185,0.0100872449477,0.0100027940411,0.0100003198117,0.0100001243516,0.0100001591433,0.0326886042027,0.0100006507855,0.0100006042131,0.0100019652886,0.873388075813,0.107692238437,0.107482326741,0.0266968820041,0.0100043840652,0.237417867054,0.0100008461542,0.010004763722,0.0100477288477,0.0197530524752,0.0531254905355,0.0256907829139,0.0100089793228,0.0100077316506,0.0100186841231,0.206464846818,0.101219810521,0.010035439634,0.0100197104415,0.0100239946591,0.0100368887934,0.0100234511106,0.0100300242992,0.0100303337038,0.0100337093648,0.0112238560265,0.0444110574575,0.0426938345079,0.021596695169,0.0134958239953,0.0135025275064,0.0101087254612,0.010058361258,0.0100151105278,0.0100259362353,265.078510996,152.95042831,1.81073087488,75.3842642095,0.000174871270567,11.5350435262,0,1.39619513983,4.03179513392,5.0398668466,4.84811105024,8.16994986584,2.79677645329,1.82363001782,0.625742467567,157.20311744,77.2568846913,76.9559916837,7.56040308926,3.79286304752,124.665733664,2.31890215121,9.41679862897,0.732523534781,3.19193696323,13.4135794391,4.31109301496,3.77617784227,3.5533975595,0.931654953043,106.262779384,28.8165673686,0.548283252364,1.58979091954,2.59020966026,1.59141454994,2.36338028222,1.73230120979,2.12206997582,1.97368552494,0.339350309277,4.84286778521,4.01342475203,1.05385764383,0.8137304723,0.632716831077,0.805003042951,0.462666045009,1.65167313135,1.1698912539
sobol__0000261@@supraspinatus@@0.75,106.00576851,72.42387784,54.80958568,105.36151502,63.88583519,-0.19300824,-11.81046476,Supraspinatus,SUPSP,0.75,1,usable,Converged with independently replayed constrained generalized-force equilibrium and small reserve torques,402.497002,0.648900242181,2.46179130414e-08,1.34114941375e-13,7.40743545129e-05,25,0,0.264889248936,0.0100001469271,0.0100975169217,1.89242275989e-07,0.0100007738851,0.0100000604648,0.664252594464,0.15466774207,0.21886614709,0.0100005715131,0.0100007985757,0.0290168511493,0.0100026475035,0.0100014142111,0.162031656751,0.141701963423,0.0366188371089,0.0361312852999,0.0102240267488,0.0100452378071,0.0100001509863,0.0100025514585,0.0100059891181,0.0100035914108,0.0100082741907,0.0482306199783,0.05511563971,0.0100020225167,0.0100042209568,0.0100057329168,0.0483351181435,0.0260593351669,0.0100126162231,0.0100063402999,0.0100049135946,0.0100073537764,0.0100075369279,0.0100090848727,0.0100073773867,0.0100073151477,0.0132116871993,0.0554087396961,0.0100452378071,0.0208718270787,0.0214256157233,0.0144849490481,0.0100837186964,0.0100202272454,0.0100066281184,0.010008673721,261.126435472,10.2140223446,1.90092647537,7.07029961274e-05,8.99827465138,12.8212657164,178.92882426,22.1184508594,76.706545632,5.76288805623,3.05804667994,7.61750704109,2.85105634509,1.80850336084,28.7861139369,7.16511761678,26.2574214925,25.5625376972,2.83126456127,0,5.06494943009,3.12585784909,10.510700535,1.99609951088,2.88967535368,12.1525196771,8.78568906977,3.84193043528,4.21657539175,0.953945521401,17.5035432863,5.83892491623,0.666983148779,1.60995236708,2.58916395461,1.62361314247,2.3692166213,1.73047753573,2.08997167729,1.9743379895,0.379500536344,5.99172415383,0,1.01847860859,1.24103773661,0.66374714372,0.717635837296,0.460887826615,1.71138371749,1.16785229759
sobol__0003872@@subscapularis@@0.25,-59.62411431,46.17631925,2.62452708,14.81219862,5.01864769,24.86924762,-56.54679288,Subscapularis,SUBSC,0.25,1,usable,Converged with independently replayed constrained generalized-force equilibrium and small reserve torques,509.057273,0.780794078757,2.27184694168e-06,8.21510295093e-13,0.000220985942275,20,0,0.0100075872826,0.274525559325,0.101959969966,0.0100010190595,0.0100005320808,0.169676081529,0.0100670209626,0.0595615642116,0.01002239647,0.0100011485892,0.0100010804544,0.108473047478,0.0253669895281,0.0100116853679,0.0100025259769,0.105765100576,0.0100205477024,0.0100230808142,0.0100452377245,0.0100452377245,0.182787611914,0.241299147154,0.0121137464508,0.0915528834504,0.0100452377245,0.344345922311,0.50525650868,0.0100009633742,0.2412230031,0.0100039785625,0.0100001763894,0.0100003781661,0.0100277188949,0.0100045675993,0.0100010566486,0.0100014991893,0.0100058584941,0.0100044685283,0.0100018533707,0.0100014439985,0.0732988478187,0.172563064124,0.120594078422,0.0100256843612,0.215897698029,0.0637078420869,0.0582006970233,0.0100048656074,0.0100038520106,0.0100021044982,1.12279750574,281.128083061,8.02532806573,4.64805597873,9.47951917901,52.1146020878,2.58997670186,5.50438342475,4.44898036989,6.5262306779,4.57404502209,17.7644102456,1.78965048288,1.60551198638,2.07709442143,80.9798972173,5.66448196288,4.52795571799,0,0,11.0542414136,20.1759620596,14.2263698184,22.2758007239,0,84.5926384692,88.3755481493,2.10662015457,115.732091607,0.362478639626,4.44587132724,2.80879325997,0.61898820055,1.55230289353,2.21469386689,1.2693555066,2.26882809701,1.67219479875,2.1243000524,1.68234817701,2.79441755479,14.3295605513,10.4175772812,0.447036843593,14.7223300717,2.88912424381,4.93664295528,0.370591093375,0.662199363226,0.841912196069
sobol__0002997@@pectoralis_major@@0.00,117.12393257,125.71245206,-53.40574635,77.4635658,-33.96572731,18.73399371,7.37898837,Pectoralis major,PECM1;PECM2;PECM3,0,1,usable,Converged with independently replayed constrained generalized-force equilibrium and small reserve torques,512.90272,1.00347469542,3.7141088427e-08,7.58281653601e-12,2.82338146162e-05,9,0,0.433755723415,0.438816195525,0.024727397161,0.187465631567,0.577746755957,0.343062972176,0.0100061363009,0.0100177004163,0.000673944754456,0.000673944754456,0.000673944754456,0.251224030247,0.203966704292,0.0517408528002,0.0101611689295,0.0100452378693,0.098479425824,0.0963850775235,0.0190354755457,0.0100090224946,0.0100005240384,0.0100072591229,0.0100025304744,0.0100047526131,0.010006706579,0.0153327850606,0.0590980640014,0.0100041115665,0.0100203209175,0.0100103815957,0.0144553176372,0.0196929798874,0.0100212297573,0.0100130265491,0.0100110389732,0.0100146394746,0.0100194768729,0.0100207039785,0.0100169992437,0.0100139448382,0.0101714419536,0.0304054669195,0.0209368585388,0.0104642380532,0.0164630451054,0.0101158869487,0.0100355791912,0.0100219542785,0.0100088382268,0.0100102498346,143.270410294,432.923042037,3.77968071253,83.2495282983,599.386981937,334.54800477,2.04247447166,1.16253229109,0,0,0,69.9542299808,63.9545785572,9.50551803327,2.11333145859,0,68.4618254325,65.5806982788,4.69123530822,3.70040091298,5.00121090855,2.46889398488,11.2776454864,2.66088356987,3.37443227583,3.68259421244,11.393573129,3.98189865655,2.67848532043,0.973240632705,7.9750936372,5.4847818217,0.670951070401,1.61694561896,2.59074745613,1.62191043333,2.37244213454,1.73241506102,2.08274521134,1.97533830691,0.289724769767,3.16860079573,1.77783670308,0.492101165278,1.04102642413,0.392334783817,0.612252242633,0.414987546914,1.74237887871,1.10613750933
sobol__0000317@@triceps@@0.75,80.69326851,115.08012784,89.96583568,78.95526502,-63.61416481,-9.48988324,-21.18546476,Triceps,TRIlong;TRIlat;TRImed,0.75,1,usable,Converged with independently replayed constrained generalized-force equilibrium and small reserve torques,316.490417,3.45100163222,5.854452656e-07,1.38822286999e-12,0.000114951603435,28,0,0.0100005800787,0.0100015217622,0.390258244833,0.010000535891,0.403975652165,0.010000348436,0.524828898965,0.0100020873591,0.0100002610022,0.0100001463331,0.010000204808,0.0100011856303,0.0100011586029,0.0100012444529,0.0100015687455,0.000673936804779,0.756566702768,0.740514635379,0.195378987897,0.663132009036,0.350856245874,0.0100004395991,0.0100002492562,0.0100001823256,0.631829912376,0.590688096319,0.0100004406001,0.395735912857,0.0100001716174,0.010007706511,0.010000300044,0.0100019804176,0.0100022610451,0.0100012982239,0.214001602446,0.196733459502,0.0100037291388,0.010030445294,0.129462923827,0.284099862364,0.0100049504307,0.0100010995696,0.0100056307737,0.0186015310824,0.0100022159096,0.0100433973534,0.0100055009662,0.0889423090254,0.0300221186689,0.198329288041,4.97569113169,5.77630929048,74.5517496865,2.2353086258,434.462632029,11.3616586245,139.265697286,1.42294119356,3.93831608234,6.34220195887,4.62275915883,2.71780094958,3.02342536353,1.87990391085,2.06783643416,0,395.291718909,378.695753901,48.7975525297,230.194518619,163.03517937,3.15434841822,11.2407527531,2.69918905211,199.588532997,144.626373221,1.53224908881,161.417584352,4.78743212741,1.00883104954,4.7163167465,2.45746567092,0.75060788372,1.71192252035,52.7998259302,28.7731994001,2.23012511076,1.68786384025,27.4964052882,54.3075759204,0.294414726244,1.08878564649,0.944356748386,0.903931741325,0.60960645168,0.474910669938,0.848572434413,4.09119322442,4.52370736169,23.1428581476
sobol__0003903@@teres_major@@0.25,-53.99911431,107.11381925,16.68702708,116.37469862,-9.98135231,-2.47450238,-15.29679288,Teres major,TMAJ,0.25,1,usable,Converged with independently replayed constrained generalized-force equilibrium and small reserve torques,495.196221,1.82774899911,3.41826051908e-08,7.9111169095e-13,0.000341257209288,15,0,0.565232949552,0.693380893921,0.0100006734184,0.311148882073,0.010000409451,0.0100012971517,0.0100648744381,8.55170074758e-06,0.0100002328571,0.0100000888268,0.0100001144451,0.0353040839634,0.0100004765002,0.0100004420405,0.0100014437019,0.881821753366,0.111843336449,0.11162532424,0.0277090176854,0.0100031730685,0.242483561429,0.010000617354,0.0100034072639,0.0100338431586,0.0192730103165,0.0532224233522,0.0253806348931,0.0100066862819,0.0100056620069,0.0100138415545,0.210973183932,0.103799586314,0.0100261499449,0.0100145779589,0.0100182533286,0.0100281123017,0.0100175848768,0.0100225465547,0.0100229742649,0.0100256290696,0.0111229999467,0.0445685018157,0.0429263294984,0.0217117593503,0.0133654396425,0.0134709403892,0.0100796559435,0.0100434644556,0.0100111866228,0.0100192786073,264.170029125,153.981127175,1.8106865506,74.8857457085,3.07215068608,11.5345388788,0,0.000298412697771,4.03176007799,5.03984894705,4.8480893821,8.82364368408,2.79672771224,1.82360044518,0.625709835175,158.721114391,80.234823539,79.922325693,7.84703407974,3.79240393421,127.325678821,2.31884910081,9.41552188245,0.731511203918,3.1143659438,13.438053868,4.25904800457,3.77531272513,3.55266269652,0.931204633821,108.58311835,29.5510113726,0.547775711853,1.58897656701,2.58872609514,1.59002298008,2.36199711191,1.73100971686,2.12051297423,1.97209608676,0.33630095219,4.86003653197,4.03528039333,1.05947245045,0.805868949414,0.631236685803,0.802688106996,0.461980819609,1.65102600992,1.1691143987
sobol__0001218@@posterior_deltoid@@0.25,81.30850288,1.26665128,74.65821849,32.17303846,48.80771019,-1.91908246,38.28719149,Posterior deltoid,DELT3,0.25,1,usable,Converged with independently replayed constrained generalized-force equilibrium and small reserve torques,359.611954,0.219397567005,2.27091458527e-07,5.33938529188e-13,0.000121421186582,25,0,0.0100003243564,0.0100006605826,0.0439240840454,0.0100051182607,0.0100009790495,0.0100008771594,0.115040353156,0.16967336057,0.0100009566077,0.0100008592329,0.0100007944629,0.198544973602,0.0975150261959,0.153834656982,0.010005763334,0.171426362871,0.0100023587008,0.0100025080536,0.0100452378807,0.0100452378807,0.0937500526026,0.0100051638933,0.173016984215,0.101706609003,0.0449633843341,0.0478445951939,0.0947093754937,0.0100015898927,0.010005146664,0.0100044333914,0.0599873503607,0.0100363000841,0.0100084063262,0.0100038376449,0.0100018948887,0.0100027704792,0.010002881995,0.0100035359131,0.0100028035738,0.0100025691678,0.0107818266623,0.0459111532824,0.0345601734644,0.0152233130718,0.0265787675425,0.0107520688231,0.0100410246772,0.0100101550026,0.0100037466744,0.0100037421366,8.32615266552,10.9906439368,2.21133685915,4.99309748838,5.92198976711,12.4177248754,30.9891002237,20.7102628638,4.21823809957,5.81564237864,2.89711102589,35.2014073371,8.20624706463,23.1339833346,1.79309610556,97.6171220342,6.42858532228,6.02640404505,0,0,31.2551848419,2.27370780297,203.704920875,26.6884436274,13.26229835,8.55073853711,15.3879772245,3.87738306301,4.2214407382,0.920706492385,33.4233153215,2.53801028092,0.672830603299,1.59586509095,2.42008190677,1.56530541046,2.27811792831,1.65559199828,1.9459527781,1.88111962434,0.204656461484,3.47513769379,2.28040852078,0.598879405402,1.28487581414,0.296349891901,0.545218805578,0.460137838093,1.95784370346,1.12821363187
sobol__0001047@@pectoralis_major@@0.25,-22.05087212,86.07133878,-38.42771901,8.30585096,-55.56728981,15.71763629,36.88094149,Pectoralis major,PECM1;PECM2;PECM3,0.25,1,usable,Converged with independently replayed constrained generalized-force equilibrium and small reserve torques,332.91873,1.27467634725,4.65945362293e-08,6.92779167366e-13,7.28983212767e-05,29,1,0.264818429961,0.99999957385,0.366497907719,0.0100003306605,0.0100001343658,0.0216172700829,0.0100005355268,0.0100011582742,1.92084247692e-06,5.31320542923e-07,4.52425656669e-07,0.0100014775443,0.0100006148639,0.0100004628144,0.0100004747831,0.0807679607317,0.010002870427,0.0100036704701,0.0100452381413,0.149491214411,0.0100004754815,0.0100363341002,0.159774746306,0.0114913991622,0.031065328199,0.0574375967826,0.0476760449978,0.0100012214234,0.0100019950329,0.0100034755491,0.0100055252578,0.0100069090501,0.0100064786119,0.0100029966489,0.0100019272801,0.0100029191556,0.0100029097296,0.0100036145421,0.0100028961713,0.0100028979257,0.0117178574019,0.0529917538285,0.0384135295743,0.0190507119999,0.0265075273321,0.0130840545608,0.0101418117989,0.0100160922058,0.010003918553,0.0100055749096,148.604671683,365.464597099,58.4531048204,4.2994431765,10.7243612618,27.77052141,2.64600990386,1.41142263514,0.000212151922383,8.42807584359e-05,5.62399710504e-05,2.58206439715,2.72394527743,1.79658059191,1.18980647934,60.8796411783,5.08849351822,3.90780342052,0,52.7684742206,2.09686485383,0.00416219564775,186.625813841,2.72467752246,7.71346512891,9.24701092043,9.19654767038,4.07925756058,4.12153033741,1.00415578877,1.95416548917,2.5481190891,0.718850256818,1.67441804165,2.52734174903,1.62410771219,2.32367410003,1.69326730091,2.00683710568,1.9596167694,0.325511184812,5.30635333744,3.12166707333,0.843103869385,1.6795528143,0.339602018564,0.522417182206,0.437925626037,2.01074167748,1.16750285363
sobol__0002687@@brachialis@@0.50,-49.16512993,86.86479581,24.2309724,2.05340955,19.47177269,8.41172809,9.95711337,Brachialis,BRA,0.5,1,usable,Converged with independently replayed constrained generalized-force equilibrium and small reserve torques,358.111767,1.49435904376,1.40453406683e-07,1.52265328624e-12,4.19861891613e-05,26,0,0.0100086141713,0.989587963724,0.0100047658571,0.0100004369242,0.010000226841,0.298528959541,0.209175092304,0.0100018232872,0.0100006143115,0.0100001805302,0.010000225993,0.0100028141845,0.0100007590594,0.0100006686008,0.0100014474685,0.174587813547,0.463397964925,0.341835182061,0.0100452368191,0.0100452368191,0.0100452368191,0.0100452368191,1.57464423216e-06,0.0100028016547,0.010015484798,0.0171358792166,0.0509243568999,0.0100017533919,0.0100011536484,0.0100066643665,0.0100039617534,0.0264423728657,0.0100083438411,0.0100045459548,0.010004941755,0.0100079152919,0.0100054107406,0.0100071940921,0.0100066336703,0.0100079491731,0.0172647976942,0.0790830716457,0.062023885463,0.0348417275319,0.0309405458283,0.013884878473,0.0165472686599,0.0105399939869,0.0100247745892,0.0168054841302,2.32066913683,567.892638185,1.1557953609,2.91732231114,5.11180189334,338.60579769,56.3291951577,1.3267308752,4.36470438005,6.19480742704,4.97215268154,2.17455038249,2.12100504399,1.75809891621,0.974735776353,133.810740542,210.53722921,114.565375542,0,0,0,0,0.000909708913469,2.32742413554,2.68048415719,3.46492532858,9.82161363661,4.06069143622,4.56461100677,1.01066305253,4.54859408551,7.19679641606,0.748938735231,1.71006416507,2.57628680681,1.62622239099,2.36716433893,1.72661285993,2.04582750153,1.97404733978,0.556101924809,8.63500036343,5.78133463935,1.69971845745,2.1718398694,0.516889514899,1.00872893354,0.482527560728,1.97420654103,1.96075758956
sobol__0001047@@triceps@@0.75,-22.05087212,86.07133878,-38.42771901,8.30585096,-55.56728981,15.71763629,36.88094149,Triceps,TRIlong;TRIlat;TRImed,0.75,1,usable,Converged with independently replayed constrained generalized-force equilibrium and small reserve torques,333.385044,1.47167100354,3.07950216438e-08,1.27897692437e-12,0.00010004704943,29,1,0.344347665911,0.999999757805,0.511257493528,0.0100002371359,0.0100000947321,0.0257625210846,0.0100003882809,0.0100008544274,0.0100003360891,0.0100000880888,0.0100000739075,0.0100011043225,0.0100004505993,0.0100003363653,0.0100003435579,0.143748904765,3.64462919249e-06,4.74910434745e-06,0.0100452375579,0.150418737457,0.0100003331344,0.0100336517153,0.179260978488,0.0160100286562,0.0305828785371,0.0584585062498,0.0477252444754,0.0100012267185,0.0100020337645,0.0100034695505,0.0100056624151,0.0100068756212,0.01000651886,0.0100030158217,0.0100019077997,0.0100028879824,0.0100028920178,0.0100035894162,0.0100028724517,0.010002865146,0.0116918929115,0.0525638062289,0.0381459982325,0.0187700675847,0.0264822834977,0.0131095645848,0.0101281583181,0.0100155762292,0.0100038047228,0.0100053841169,193.233046063,365.464663778,81.5409508327,4.29940296737,10.7243187578,33.0956980506,2.64597094466,1.41137975456,4.41804166935,6.34505870113,4.97234282601,2.58196804322,2.72390053592,1.79655787543,1.1897908663,81.264108273,0.00139052626088,0.00139138176297,0,53.095877913,2.09683500658,0.0041610831151,209.386819714,3.79607083483,7.59367374451,9.41136948257,9.20603808303,4.07925972031,4.12154629714,1.00415518659,1.95419227599,2.54811057667,0.718853148154,1.67442125098,2.52733682652,1.62410265078,2.32366998552,1.6932630479,2.00683234686,1.95961034764,0.324789915364,5.26350060946,3.09992619701,0.83068373547,1.6779533306,0.340264141606,0.521713874591,0.437903066435,2.01071879814,1.16748059094
sobol__0001218@@brachialis@@0.50,81.30850288,1.26665128,74.65821849,32.17303846,48.80771019,-1.91908246,38.28719149,Brachialis,BRA,0.5,1,usable,Converged with independently replayed constrained generalized-force equilibrium and small reserve torques,410.972205,0.236999926222,2.28889221354e-07,8.31335000839e-13,0.000291073173612,23,0,0.0100004142857,0.0100004816604,0.141953587352,0.0100031753482,0.010001178553,0.0100006969648,0.112230733961,0.168348990087,0.0100019167128,0.0100020084706,0.0100011926003,0.166812251746,0.0819553692049,0.122498677249,0.0100310435933,0.155588437781,0.0100014399578,0.0100015334584,0.0100452378932,0.0100452378932,0.130284356531,0.0500287505801,0.144338707817,0.167593866392,0.0517829442443,0.0411319038199,0.100618096188,0.0100017239872,0.0100193799833,0.0100047012222,0.110616464268,0.0100430964611,0.01000960868,0.0100043877086,0.010001888258,0.0100027397486,0.0100029782257,0.0100036106988,0.0100028273594,0.0100025252985,0.0107555018694,0.0431083352589,0.0313988066784,0.0123320679681,0.0261988265211,0.0102978852246,0.0100312706294,0.0100090312193,0.0100035621725,0.010003372287,8.3262275411,10.9904473027,28.5863399838,4.99212786955,5.92210790445,12.417501134,30.2322564863,20.548610732,4.21864305594,5.81631067635,2.89722635972,29.5752942874,6.89684487072,18.4216119682,1.797626488,88.5983652883,6.42799484015,6.02581686306,0,0,43.4352998301,11.3692051219,84.9699964096,43.9776677227,15.2737803544,7.3510530058,16.3480010712,3.87743504848,4.22744616044,0.920731140918,61.6324765599,2.53972896926,0.672911433534,1.59595284015,2.42008030257,1.56530060159,2.27813984465,1.65560437547,1.94595740549,1.88111137421,0.204156774453,3.26298491963,2.07180980681,0.485138911593,1.2665086333,0.283831625845,0.544689169643,0.460086181025,1.95780759452,1.12817192053
sobol__0001065@@subscapularis@@0.25,65.13662788,116.54008878,85.79103099,115.96210096,-3.06728981,-6.70423871,42.50594149,Subscapularis,SUBSC,0.25,1,usable,Converged with independently replayed constrained generalized-force equilibrium and small reserve torques,414.24098,1.47542335347,7.94723407083e-08,1.34292577059e-12,0.000123053656622,24,0,0.0330795078307,0.410162656371,0.445404619757,0.124589224099,0.0100452377488,0.0905873798926,0.93579348892,0.0100009831906,0.0100003544315,0.010000095428,0.0100001241854,0.0100005452668,0.0100004521721,0.0100005066014,0.0100006173779,0.0100452377488,0.201656268488,0.20121269653,0.0497346007863,0.0100023116357,0.245781917954,0.010000335406,0.0100013300555,0.0100063971014,0.0100057871916,0.072336531997,0.118122447112,0.0100028204954,0.0100452377488,0.0100452377488,0.142822949551,0.101015458684,0.0100452377488,0.010004083261,0.0100011817848,0.0100017605984,0.0100017310533,0.0100021566316,0.0100017323728,0.0100016104151,0.0156323888312,0.0725258824056,0.0592660361438,0.0295239941231,0.0350357852986,0.0168339103747,0.010036044256,0.0100079382885,0.0100038564032,0.0100029529417,28.982272333,158.855646,83.4139909577,19.3408952596,0,25.9378381174,236.409102685,1.42781319045,3.98517025088,6.33347072006,4.62682475038,2.71378342921,3.01246352659,1.87912410557,2.08026037097,0,144.665274593,144.029533893,14.0842767209,3.70774543556,89.4257033561,3.16069040484,9.48600605285,0.696890376495,2.83052772637,13.7907819938,14.6643214469,1.137242906,0,0,72.6731044678,28.7246010199,0,0.67832582154,2.42121875779,1.56744670093,2.28113746745,1.65651671296,1.94946291055,1.88262607148,0.254847661485,4.703356791,3.49936638114,1.11203413486,1.31916273376,0.468620323409,0.616198471271,0.455526175804,1.93246066833,1.10691348467
sobol__0001218@@teres_major@@0.00,81.30850288,1.26665128,74.65821849,32.17303846,48.80771019,-1.91908246,38.28719149,Teres major,TMAJ,0,1,usable,Converged with independently replayed constrained generalized-force equilibrium and small reserve torques,484.097604,0.233877063384,2.29615316538e-07,1.10844666779e-12,0.000358709335668,22,0,0.0100003921681,0.0100004546505,0.113777739448,0.0100182960536,0.0100007559829,0.0100005276865,0.110808571135,0.000673947521854,0.0100017825695,0.0100014904016,0.0100009845619,0.202582459404,0.0952113103491,0.138068404145,0.0126400660016,0.206990636869,0.0100024746608,0.0100026308766,0.0100452379723,0.0100452379723,0.174532847916,0.010063608701,0.164498333482,0.0878054791014,0.0429503728827,0.0481127617173,0.0916052368206,0.0100014809434,0.0100041843824,0.0100041694097,0.101726411199,0.013216938102,0.0100077657653,0.0100035421439,0.0100018425545,0.0100027110243,0.0100027776282,0.0100034181603,0.0100027272103,0.0100025242179,0.0111924788951,0.048857555509,0.0372793419579,0.0170038034685,0.0269875580881,0.0112143896396,0.010041692757,0.0100102065058,0.0100036750336,0.0100037269539,8.32620912574,10.9904176191,22.9123420064,4.99967392286,5.92185768163,12.4172909475,29.8491600759,0,4.21858647654,5.816009412,2.89716609426,35.9172410366,8.01238092964,20.7630206568,2.26517981332,117.868861713,6.42865985074,6.02647804503,0,0,58.1872358575,2.28698958632,193.675321287,23.0407011134,12.6685450391,8.59866499422,14.8836299479,3.87734082577,4.2210347262,0.920682198162,56.6791814873,3.34233975728,0.672787540604,1.59581795106,2.42006924385,1.56529610651,2.27809415919,1.65557251011,1.94593792228,1.88111117088,0.212451303211,3.69815873971,2.45982935058,0.668923227392,1.30463764388,0.309092437257,0.545255081887,0.460140205544,1.95782968251,1.12821191951
sobol__0001218@@triceps@@0.25,81.30850288,1.26665128,74.65821849,32.17303846,48.80771019,-1.91908246,38.28719149,Triceps,TRIlong;TRIlat;TRImed,0.25,1,usable,Converged with independently replayed constrained generalized-force equilibrium and small reserve torques,392.427002,0.327462308226,3.07228240404e-07,4.61852778244e-13,0.000711383505145,20,0,0.010000315119,0.0100002343158,0.190675466291,0.0100015159251,0.010000837982,0.0100003553937,0.183054742565,0.279478071955,0.0100058938216,0.032415645033,0.0100011916189,0.237096959253,0.11635676151,0.163084926557,0.0777479064626,0.18771492432,2.1506106159e-05,2.29390941508e-05,0.0100452371466,0.0100452371466,0.032557517888,0.0907817476641,0.0803004269523,0.0440237062097,0.0386650962982,0.0530830975043,0.0885155801048,0.0100014471946,0.0100030555139,0.0100041156914,0.0438688503379,0.0100797412402,0.0100073775089,0.0100033659352,0.0100018718385,0.0100027622638,0.01000275912,0.0100034195688,0.0100027454163,0.0100025793057,0.0110108095086,0.0496172081015,0.0384206969009,0.0184392724893,0.0270802023208,0.0118148313008,0.0100543770885,0.010011253922,0.0100038594172,0.0100040743306,8.3261449877,10.9901754726,38.3978581147,4.99129972724,5.92190623859,12.4170770175,49.3105385035,34.1129822535,4.2203205342,18.8501602257,2.8972260686,42.0365547157,9.79184820916,24.5250585811,13.93291682,26.7231223384,0.00345553090339,0.00345513967661,0,0,10.8543004685,20.6304634617,94.5432738456,11.5520929555,11.4045695248,9.48695846465,14.3816356514,3.87732774231,4.22055842478,0.920677254496,24.4425267797,2.54899581355,0.672761439428,1.5957898413,2.42007632947,1.56530412485,2.27808994396,1.65557274319,1.94594146407,1.88112153091,0.209002925311,3.75565887194,2.53514018604,0.725394038152,1.30911626939,0.325641886726,0.545943829588,0.460188352242,1.95786576847,1.12825109649
sobol__0002997@@anterior_deltoid@@0.00,117.12393257,125.71245206,-53.40574635,77.4635658,-33.96572731,18.73399371,7.37898837,Anterior deltoid,DELT1,0,1,usable,Converged with independently replayed constrained generalized-force equilibrium and small reserve torques,595.538302,0.873967626885,4.63320333211e-08,3.09086090056e-12,2.53809280964e-05,12,0,0.000674028070572,0.652640218927,0.0162612316583,0.121859563087,0.247245659458,0.331858632221,0.0100039984434,0.0100073453897,0.0100039346877,0.433457065849,0.0100584444647,0.175708266441,0.120245327449,0.0100605855013,0.0100048838543,0.0100452389844,0.0984772906915,0.0963828849915,0.0190349390743,0.010009022831,0.0100005696066,0.010002820642,0.0100025305304,0.0100047526672,0.0100067065774,0.0153328556114,0.0590981577538,0.0100041115694,0.0100203218288,0.0100103816262,0.0144535534855,0.0196917780525,0.0100212299986,0.0100130266423,0.0100110389227,0.0100146394241,0.0100194769479,0.0100207040437,0.0100169992299,0.0100139448025,0.0101714856202,0.0304053421223,0.0209366722516,0.0104643230305,0.0164630376315,0.0101158817743,0.0100355797286,0.0100219543209,0.0100088382029,0.0100102497909,0,643.875480932,2.48559374288,54.1152586851,256.506554281,323.621761281,2.04203808733,1.1613306128,4.44079867222,283.092827,4.82265086542,48.9265953901,37.7034049121,1.84827021069,2.08082711109,0,68.4603411121,65.579206474,4.69110309674,3.7004010373,5.00123369723,2.46779896616,11.2776455494,2.66088358424,3.37443227529,3.68261115724,11.3935912036,3.98189865765,2.67848556446,0.973240635657,7.97412034318,5.48444709308,0.670951086552,1.61694563401,2.59074744305,1.62191042515,2.3724421523,1.7324150723,2.08274520845,1.97533829987,0.289726013544,3.16858779025,1.77782088458,0.492105161494,1.04102595144,0.392334583129,0.61225227548,0.41498754872,1.74237887476,1.10613750462
sobol__0000317@@brachialis@@0.50,80.69326851,115.08012784,89.96583568,78.95526502,-63.61416481,-9.48988324,-21.18546476,Brachialis,BRA,0.5,1,usable,Converged with independently replayed constrained generalized-force equilibrium and small reserve torques,346.727134,2.9078572317,5.854452656e-07,1.9610979507e-12,0.000110361518019,26,0,0.0100003986362,0.0100112317698,0.432049922112,0.0100007484586,0.433255065867,0.0100004408815,0.424947714071,0.0100027453472,0.0100003085295,0.0100001911534,0.0100002614242,0.0100015403825,0.0100018152388,0.010001865904,0.0100014017744,0.0100452378129,0.596447670451,0.58379273691,0.11552439175,0.661746887517,0.372704467741,0.0100007184716,8.71975342394e-07,0.0100002349681,0.665993032143,0.5188354023,0.0100004807322,0.419946873144,0.0100002042292,0.0100138322745,0.0100003482299,0.0100019837286,0.0100027645283,0.0100015839422,0.178595401683,0.168866635939,0.0100039239884,0.0100232042199,0.108186307179,0.248577946013,0.0100053432265,0.0100011918425,0.0100054498774,0.0122508856772,0.0100023940402,0.0100383574628,0.0100061307108,0.0800852768995,0.0324287601393,0.180213863953,4.97560085671,5.78191723777,82.5352905975,2.23535613866,465.951686068,11.3617636542,112.761777842,1.42303480187,3.93833479958,6.34223038441,4.62278533062,2.71789735274,3.02362386949,1.88002072314,2.06780191269,0,415.510091451,398.065201441,28.8531926364,229.713698244,173.187567458,3.15443638048,0.000490070746217,2.69920326104,210.380309112,127.033679874,1.53225523777,171.293045733,4.78744773981,1.00944855971,4.71633947182,2.45746648444,0.750645667026,1.71197142676,44.0641846276,24.6975445874,2.23016854846,1.68664535524,22.977501673,47.5173256435,0.294426285008,1.08879569193,0.944339674935,0.595325426379,0.609617308234,0.474672354384,0.848625843424,3.68378498172,4.88633805598,21.0289863434
sobol__0002818@@triceps@@0.00,84.07705757,31.76713956,78.43019115,88.1276283,61.65927269,-8.47303754,25.66023837,Triceps,TRIlong;TRIlat;TRImed,0,1,usable,Converged with independently replayed constrained generalized-force equilibrium and small reserve torques,497.387248,0.2605016179,1.80202295752e-07,8.46205598564e-13,3.8755487281e-05,16,0,0.0531829540423,0.0100016024784,0.0113605784405,0.0100029500557,0.0721485096633,0.0100025270987,0.023273097348,0.0139899588358,0.124571944598,0.143359428818,0.0273403173726,0.010026609191,0.0100309078875,0.0100220613311,0.0316326816385,0.000673967061601,0.000673967061601,0.000673967061601,0.108009785072,0.0100452378853,0.0100002917801,0.0100005713804,0.0100004594249,0.0100004234808,0.195881751418,0.312213364639,0.0100014752032,0.0100083089397,0.0100004581515,0.0100060296504,0.0519283813964,0.105205766885,0.0100056797618,0.0100023428131,0.0641848142197,0.0802568797834,0.0100048035768,0.0100108904984,0.0179932066783,0.118087914949,0.0100223953197,0.0100185724775,0.0332198471287,0.0465117274126,0.0100087120277,0.0279137744465,0.0482030350324,0.0697320889265,0.0100057558837,0.118870522993,64.7761570037,10.6533470506,2.26300096322,4.82046464827,49.4494459176,12.2797391946,6.13730522909,1.85478104774,49.7513407275,66.1351917933,2.89344830038,2.24741827874,1.66193867134,1.6720822609,5.04653663504,0,0,0,28.1797626083,0,5.23063254313,3.16386340373,11.0201888427,2.55697708439,62.9417612091,68.9879522909,1.18849972469,3.5822809215,3.59843760784,0.767629267497,25.706526784,24.2046705415,0.461190603218,1.53973342062,15.9505209753,12.8256619147,2.33647081862,1.69657080697,3.58201313792,22.6364652162,0.176293730343,0.736577974601,2.21149179771,1.94142621911,0.412851639876,0.949909909416,3.00503465301,3.18705439181,2.00886615454,13.4705835234
sobol__0003935@@latissimus_dorsi@@0.25,-58.21786431,122.34819425,74.10890208,97.07782362,71.26864769,13.11143512,-33.10929288,Latissimus dorsi,LAT1;LAT2;LAT3,0.25,0,reserve_too_high,The posture requires more reserve torque than the quality limit permits,244.937088,277.238811903,2.09894324144e-08,8.94517219407e-07,0.274686403704,30,10,,,,,,,,,,,,,,,,,,,,,,,,,,,,,,,,,,,,,,,,,,,,,,,,,,,,,,,,,,,,,,,,,,,,,,,,,,,,,,,,,,,,,,,,,,,,,,,,,,,,
sobol__0001262@@coracobrachialis@@0.00,44.74600288,60.17290128,-58.93553151,17.95428846,-63.69228981,12.84654254,-53.58780851,Coracobrachialis,CORB,0,0,reserve_too_high,The posture requires more reserve torque than the quality limit permits,305.146628,677.93269585,3.97810531183e-08,1.73941663206e-06,0.388652889516,14,5,,,,,,,,,,,,,,,,,,,,,,,,,,,,,,,,,,,,,,,,,,,,,,,,,,,,,,,,,,,,,,,,,,,,,,,,,,,,,,,,,,,,,,,,,,,,,,,,,,,,
sobol__0002973@@latissimus_dorsi@@0.25,80.56143257,115.55620206,-13.56199635,51.0573158,78.53427269,5.06211871,-35.74601163,Latissimus dorsi,LAT1;LAT2;LAT3,0.25,1,usable,Converged with independently replayed constrained generalized-force equilibrium and small reserve torques,321.975124,2.08683912872,2.43078233098e-08,3.77645371016e-12,0.000153051096835,25,1,0.568350587094,0.533912371316,0.0100044401153,0.010000101227,0.613705682722,0.0100000444657,0.999998903124,0.0100004070208,0.0100001126497,0.0100000368613,0.0100000508674,6.69965036195e-07,6.25129525568e-07,7.34222699431e-07,0.0100002179029,0.0100009363206,0.0566506122749,0.0553028279545,0.0100587638147,0.0100452377167,0.0100001641373,0.0100008405429,0.0100061743618,0.0100013863757,0.0100452377167,0.0517517821163,0.0100019844859,0.0100032075236,0.0100009294075,0.010008518851,0.286154783341,0.0534250117228,0.0100066365155,0.0100033990265,0.0100098377092,0.0100305187919,0.0100055183521,0.0100083650322,0.0100108106288,0.0105354469488,0.0100339399007,0.0100186451895,0.0170122782069,0.0202416959616,0.0100104180408,0.0100477879552,0.010181254648,0.0270730836466,0.0116821802804,0.0587397105037,506.639737727,388.911249048,1.8545599623,4.94903743195,641.551689051,13.0619119172,254.12096043,1.27876196861,4.39924357808,6.54160549135,4.96555992536,4.61450394001e-05,4.79458025512e-05,3.45212654054e-05,2.08010659412,0.52323340405,37.8363375427,36.0570795698,0.496404383031,0,3.78341229271,0.488982835883,11.7581189171,2.75627538998,0,13.0513488435,1.92832203033,3.55925206356,4.79777399058,0.749484200956,152.993514855,10.1866135032,0.737734248902,1.70916868425,2.54709202039,1.53007843502,2.32874961181,1.71863064149,2.12500262789,2.05148867791,0.359900729333,1.08725645782,1.60556275725,0.972643308354,0.72179054435,0.475238413498,0.785627820971,1.2342744308,1.43037604927,6.57227180679
sobol__0003903@@posterior_deltoid@@0.25,-53.99911431,107.11381925,16.68702708,116.37469862,-9.98135231,-2.47450238,-15.29679288,Posterior deltoid,DELT3,0.25,1,usable,Converged with independently replayed constrained generalized-force equilibrium and small reserve torques,418.360792,1.81495325305,2.97664723981e-08,1.13727971166e-12,0.000340121875565,17,0,0.563517288047,0.690772191869,1.920882015e-06,0.311249019563,0.010000283335,0.0100009004782,0.0100452380748,0.0100014385338,0.0100001596288,0.0100000590415,0.0100000769339,0.0353250274683,0.0100003299828,0.0100003058448,0.0100010055597,0.878897303425,0.110540364307,0.110324778015,0.0273764742141,0.0100022220319,0.240868281562,0.0100004287915,0.0100023948968,0.0100238981568,0.0193967243902,0.0532005927442,0.0254741495858,0.010004643001,0.0100039527286,0.0100096332514,0.209546356826,0.102983585692,0.0100182333554,0.0100101514841,0.0100125962349,0.0100193965036,0.0100121928036,0.0100156288638,0.0100158805848,0.0100176949396,0.0109912122891,0.0445219879704,0.0428542621278,0.0216569721412,0.0133357140861,0.0134097995761,0.0100558972571,0.0100302431475,0.0100077864819,0.0100134062365,263.368189213,153.401805022,8.69470255756e-05,74.9098462797,3.0721119415,11.5340813936,0,1.39600593734,4.03173055471,5.0398339355,4.84807119639,8.82887815015,2.79668673732,1.82357560964,0.625682424053,158.194735933,79.3000898018,78.9911509825,7.75285968563,3.79204337716,126.477511612,2.31880537861,9.41456901113,0.730786169921,3.13435715741,13.4325418888,4.27474042442,3.7745418384,3.55205579434,0.930813296463,107.848762764,29.3187017409,0.547343191798,1.5882742345,2.58726429677,1.58864103295,2.36072574139,1.72981495161,2.11901219814,1.97053539994,0.332316387426,4.85496436275,4.02850571582,1.0567989896,0.804076647684,0.628371679922,0.800796096601,0.461372663846,1.65046526443,1.1684291724
sobol__0003163@@biceps@@0.25,10.16104194,88.95952238,-42.93211354,118.53290174,-59.51260231,-9.68641644,12.00789462,Biceps,BIClong;BICshort,0.25,1,usable,Converged with independently replayed constrained generalized-force equilibrium and small reserve torques,394.32779,6.32211577752,9.3961272718e-07,4.88853402203e-12,0.000805937111406,24,3,0.0491466432784,0.461188951201,0.106607951835,0.136667214175,0.199243058995,0.127407805532,0.0100093567405,0.0100046627707,0.0100650327106,0.0100006752694,0.0100006064988,0.0100035150931,0.0100026756536,0.0100023213262,0.0100018362364,0.0419190540225,0.330719680286,0.33039271424,0.0833890924633,0.999999894426,0.301545621175,0.26763026806,0.010000861976,0.0100000624082,0.999999378767,0.999999850109,0.0100001076247,0.154286958186,0.0100000603423,0.0100007850944,0.0100000414251,0.010000250619,0.0100008934322,0.0100002472006,0.0685876807837,0.434070330073,0.0100003812589,0.0100008224506,0.0100031960711,0.9192820679,0.0100017630956,0.0100005538351,0.0100179103265,0.238301269149,0.0100007106561,0.198982094972,0.440138825766,0.551267286528,0.0100008053014,0.985164821463,49.0554545875,179.405533815,20.1489991674,21.9355574023,195.769774439,166.110071833,2.53944930128,1.43923587116,4.46793571983,6.55575835149,4.96471356095,2.66628339265,2.88131712319,1.83469592011,1.65079393703,4.53508854785,237.253826317,236.784933132,23.6157877151,350.14566019,21.1892190965,21.1962075123,9.01066657886,1.43523541138,245.002150831,251.930311521,1.25688540074,55.9020121687,2.6990561681,0.818866030548,5.53170322812,2.50132729456,0.377079768325,1.55317603741,17.7494097831,70.5009644063,2.36791622609,1.72905899737,2.08225129498,181.366575496,0.222113839352,0.888848780447,0.797093343205,11.4327689843,0.475881586214,7.95382339633,34.0585112344,25.2963280539,2.00888019868,113.632760053
sobol__0000234@@subscapularis@@0.50,111.98233101,59.98247159,63.89161693,97.49042127,72.94833519,3.01988238,-22.35733976,Subscapularis,SUBSC,0.5,1,usable,Converged with independently replayed constrained generalized-force equilibrium and small reserve torques,387.404639,1.16111111136,1.27510730863e-08,9.52127265919e-13,0.000109249724356,21,0,0.23519966367,0.0100001212836,0.0156545520241,0.0100001411241,0.0100004441672,1.20102288613e-07,0.587826664123,0.250912888698,0.665686382342,0.0100002442856,0.01000045554,0.0413594809665,0.0100018238254,0.0100007682192,0.0100216139747,0.477271464799,0.0100125407069,0.0100127193589,0.0100292090466,0.010045236963,0.0100001565041,0.010000916276,0.0473828303733,0.0100039325217,0.0100150009012,0.0388028096058,0.0312686923362,0.0100023446179,0.0100048296817,0.0100065018103,0.102513787886,0.0256054675224,0.0100135549882,0.0100069985929,0.0100057983103,0.0100088815057,0.0100087768577,0.0100105041403,0.0100086555447,0.0100089761556,0.0133296174178,0.0505000640009,0.0420261858774,0.0202332494918,0.0177019670429,0.0127818265174,0.0100774012873,0.010024807333,0.0100086455084,0.0100113562411,264.086352325,10.5151226911,2.87442396152,4.9889343493,7.79982111413,7.68239849629e-05,158.213937125,34.7651546046,193.197422713,4.79216042184,1.87870397576,10.6106089571,2.68731687096,1.76763008291,1.52056572609,67.444976327,7.14722582873,7.0086637294,2.70355296431,0,5.23294309142,3.13672369249,51.0354834146,2.47149639984,3.06197403783,9.79724196367,5.48118528584,4.005616796,4.4403592852,1.00483935892,42.3942393195,5.154235934,0.705586061535,1.65621056248,2.58735388419,1.60428158052,2.36476439578,1.72978780105,2.11049051961,1.97269076966,0.42169985191,5.51421591973,3.9588182707,0.987315948585,1.1276608218,0.603513663329,0.738618327947,0.460331733464,1.49145558214,1.16192938448
sobol__0003872@@brachioradialis@@0.75,-59.62411431,46.17631925,2.62452708,14.81219862,5.01864769,24.86924762,-56.54679288,Brachioradialis,BRD,0.75,1,usable,Converged with independently replayed constrained generalized-force equilibrium and small reserve torques,432.286537,0.746162868458,2.27384406415e-06,1.78346226676e-12,0.000213977962834,22,0,0.0100103890229,0.27112192077,0.0800119901545,0.010008348644,0.0100039302531,0.0608749546138,0.0161428028729,0.016921857316,0.0100039415945,0.0100012310019,0.0100013780124,0.0305478042207,0.010107022819,0.0100105009257,0.0100036872812,0.131750919185,0.010006885516,0.0100083011656,0.0100452382473,0.0100452382473,0.192684051563,0.255403195357,0.0550404811941,0.0771160711594,0.0100452382473,0.347832716516,0.493602317628,0.010000984961,0.246805846311,0.0100040343233,0.0100001835709,0.0100003907667,0.0100306368085,0.010004827265,0.0100010735875,0.010001522792,0.0100061083469,0.010004592343,0.0100018947976,0.0100014683058,0.0739086677147,0.173225923211,0.122298069961,0.010027602156,0.214208887399,0.0643207221963,0.0570379779282,0.0100048931362,0.0100038251218,0.0100021083461,1.12311184617,277.642584721,6.29778991258,4.65146246363,9.48274031218,74.7889510006,4.15311376609,1.56383386087,4.4407881796,6.52628445607,4.57418111164,5.00275173318,0.713054193748,1.60532204469,2.07733557441,100.876147573,5.65675891114,4.52127896903,0,0,11.6527372978,21.3552565012,64.6394774427,14.0723768249,0,85.4492106072,86.3370874757,2.10662470217,118.410584594,0.362480660225,4.44587452002,2.80879679906,0.619168316774,1.55234318324,2.21469761819,1.26935850232,2.26888475122,1.67221549379,2.12430885109,1.68235226591,2.81766609802,14.3846040835,10.5647774079,0.447122356473,14.6071679943,2.91691810296,4.83801992592,0.370592113085,0.662197583653,0.841912520039
sobol__0003935@@latissimus_dorsi@@0.50,-58.21786431,122.34819425,74.10890208,97.07782362,71.26864769,13.11143512,-33.10929288,Latissimus dorsi,LAT1;LAT2;LAT3,0.5,0,reserve_too_high,The posture requires more reserve torque than the quality limit permits,245.009374,71.1489351872,1.33807560587e-08,8.63974911169e-07,0.128819081056,29,10,,,,,,,,,,,,,,,,,,,,,,,,,,,,,,,,,,,,,,,,,,,,,,,,,,,,,,,,,,,,,,,,,,,,,,,,,,,,,,,,,,,,,,,,,,,,,,,,,,,,
sobol__0003163@@triceps@@0.25,10.16104194,88.95952238,-42.93211354,118.53290174,-59.51260231,-9.68641644,12.00789462,Triceps,TRIlong;TRIlat;TRImed,0.25,1,usable,Converged with independently replayed constrained generalized-force equilibrium and small reserve torques,356.697693,8.06274498333,9.42863703557e-07,7.4749095802e-12,0.00076444941054,25,5,0.0638067649127,0.418746938087,0.0933258566308,0.123538082483,0.194433038232,0.108105351203,0.0100107202165,0.010004941491,0.0100849257774,0.0100007436583,0.0100006675983,0.0100036969021,0.010002830535,0.010002496859,0.0100020271774,0.111350885579,0.753762270312,0.753017072918,0.760177387711,0.999999886449,0.0100005466502,0.0100003729642,0.0100000873086,0.0100000448593,0.999998617111,0.999999886676,0.0100000959739,0.0570343181574,0.0100000469276,0.0100006000579,0.0100000357398,0.0100002646552,0.0100007134105,0.0100002004083,0.11734043943,0.514250757631,0.0100003280525,0.0100007132577,0.0100029494157,0.99998599005,0.0100015859788,0.0100005234714,0.0572599277317,0.308004218459,0.0100006360473,0.254801764923,0.504820512385,0.616689872202,0.0100005874531,0.999992956511,63.6883752439,162.895311505,17.6386711796,19.8282866319,191.043603874,140.944171975,2.53979522545,1.43927596688,4.47676638596,6.55580318246,4.96474389336,2.66633185109,2.88136173762,1.83472811762,1.65082545109,3.01167415135,135.1847149,134.917546281,215.282206385,350.145657393,2.81090169065,3.16810175599,9.00996861334,1.4352328934,245.001964272,251.930320735,1.25688393653,20.6649556475,2.6990525487,0.818850880058,5.53170008333,2.50133080532,0.377072980957,1.55316877,30.3658546225,83.5237330167,2.36790362774,1.72904011882,2.08219995158,197.288776636,0.222109906062,0.888846081817,4.55599079484,14.7768456648,0.47587803602,10.1850784099,39.0636637499,28.2984129406,2.00883643908,115.343095092
sobol__0001065@@coracobrachialis@@0.00,65.13662788,116.54008878,85.79103099,115.96210096,-3.06728981,-6.70423871,42.50594149,Coracobrachialis,CORB,0,1,usable,Converged with independently replayed constrained generalized-force equilibrium and small reserve torques,367.902124,1.39073772551,8.18103522704e-08,2.51942705718e-12,0.000108683376653,23,0,0.0390140498867,0.516327412766,0.41618133251,0.129293395284,0.0100452378276,0.206379102456,0.873074741867,0.0100010065906,0.0100003873358,0.0100001013952,0.0100001307844,0.0100005639211,0.01000046303,0.0100005186379,0.000674464847297,0.0100452378276,0.151682080606,0.151348367459,0.037416868422,0.0100031395434,0.177978008418,0.0100003537484,0.0100017544303,0.010008007282,0.0100078486564,0.0732490466421,0.118955988349,0.0100028391913,0.0100452378276,0.0100452378276,0.100117250341,0.0730352298749,0.0100452378276,0.0100041426515,0.0100011603703,0.0100017261597,0.010001707114,0.0100021271502,0.0100017023098,0.0100015828409,0.0153919390952,0.0713042070552,0.0580271923301,0.0287209477795,0.0353138765476,0.0167120712102,0.010039972891,0.0100079421805,0.0100038889889,0.0100029621066,34.1817606045,199.973165652,77.9411446758,20.0711581044,0,236.369691063,220.564492923,1.4278165312,3.98518336316,6.33347449918,4.62682780342,2.71378849128,3.01246679734,1.87912636725,0,0,108.814518914,108.336278954,10.5960341604,3.70805233164,64.7558156973,3.16069620212,9.48640856669,0.697002519469,2.8311108935,13.9647506719,14.7678014979,1.13724503454,0,0,50.9430131257,20.7681860368,0,0.678329849764,2.42121357362,1.56744130388,2.28113200761,1.65651183045,1.949457051,1.8826208812,0.250927719819,4.6241302474,3.42621878034,1.08178704372,1.32963338879,0.465228579894,0.616439683791,0.455526352962,1.93246696309,1.1069144989
sobol__0001065@@supraspinatus@@0.25,65.13662788,116.54008878,85.79103099,115.96210096,-3.06728981,-6.70423871,42.50594149,Supraspinatus,SUPSP,0.25,1,usable,Converged with independently replayed constrained generalized-force equilibrium and small reserve torques,354.179612,1.42169311566,8.12949840778e-08,1.59872115546e-12,0.000110114573204,24,0,0.0449301813583,0.531060539925,0.42255586215,0.0330820067941,0.010045236745,0.20366080274,0.887482484221,0.0100009881168,0.0100003816625,0.0100000995372,0.0100001283918,0.0100005536321,0.0100004542321,0.0100005088779,0.0100005892515,0.010045236745,0.152380179756,0.152044683333,0.0375887754807,0.0100031239334,0.178924998179,0.010000347691,0.0100017466581,0.010007979207,0.0100078097541,0.0732359522956,0.118944136467,0.0100028389215,0.010045236745,0.010045236745,0.100713639582,0.0734260548485,0.010045236745,0.0100041418007,0.0100011606612,0.0100017266271,0.0100017074401,0.0100021275516,0.0100017027185,0.0100015832155,0.0153946921889,0.0713218028175,0.0580446594736,0.0287323262683,0.0353097910969,0.0167148764213,0.010039911331,0.0100079420949,0.0100038885084,0.0100029619696,39.3651186583,205.679293204,79.1349467474,1.28389038613,0,233.256373598,224.204314617,1.42781389375,3.98518110234,6.33347332247,4.62682669644,2.71378569922,3.01246414711,1.87912453332,2.08025452033,0,109.315325094,108.834706998,10.6447162961,3.70804654516,65.1003700353,3.16069428763,9.48640119504,0.697000564196,2.83109988854,13.9622542661,14.7663301445,1.13724500343,0,0,51.2464759636,20.8793204273,0,0.678329791882,2.42121364402,1.56744137711,2.28113208196,1.65651189691,1.94945713064,1.88262095169,0.250972602224,4.62527134516,3.42725012857,1.08221561941,1.32947956386,0.465306670981,0.616435904081,0.455526349063,1.93246687024,1.10691448372
sobol__0000317@@posterior_deltoid@@0.25,80.69326851,115.08012784,89.96583568,78.95526502,-63.61416481,-9.48988324,-21.18546476,Posterior deltoid,DELT3,0.25,1,usable,Converged with independently replayed constrained generalized-force equilibrium and small reserve torques,452.000244,3.76784950084,5.74992734315e-07,3.47452486886e-12,0.000388402717347,25,1,0.0100000600987,0.0100017817302,0.474568483068,0.010000234482,0.411332727695,0.0100001336445,0.996213345364,0.0100030873383,0.0100000901182,0.0100000843341,0.0100001154846,0.0100012406755,0.228068070503,0.0790162011856,0.0100005085243,0.0100452381901,0.564177168361,0.552206912776,0.109274476038,0.71839342314,0.317129280642,0.0100003084924,0.0100004514793,0.0100002278153,0.665808258299,0.521370141657,0.0100004663714,0.417853403995,0.0100002011538,0.0100128575784,0.0100003299272,0.0100018355333,0.0100026994707,0.0100015347362,0.176528860957,0.169200890037,0.0100037931969,0.0100209699812,0.107311117821,0.251647625305,0.0100051779698,0.01000115172,0.0100050295862,0.0104596717624,0.0100023210197,0.0100342206353,0.0100060460254,0.0822522882816,0.0382982544666,0.186606427702,4.9754324157,5.77645943174,22.6644223593,2.23524125486,442.374926697,11.3614145944,264.349669902,1.42308345495,3.93824878476,6.34216263891,4.62271786796,2.71781590805,68.946690716,14.8524382469,2.06761723222,0,393.029126331,376.528075929,27.2922233956,249.377538659,147.363000545,3.15430706433,11.2409800615,2.69920133044,210.321940957,127.654295321,1.5322530372,170.439136037,4.78744626767,1.00935030504,4.71633083976,2.45743007317,0.750640784871,1.71196300417,43.5543146561,24.7464308303,2.23013939105,1.68626939074,22.7916217269,48.1041152309,0.294421422023,1.08879132393,0.944300006793,0.508282316533,0.609612857841,0.474476740944,0.848618661204,3.78346377779,5.77074847876,21.7749285967
sobol__0002973@@coracobrachialis@@0.00,80.56143257,115.55620206,-13.56199635,51.0573158,78.53427269,5.06211871,-35.74601163,Coracobrachialis,CORB,0,1,usable,Converged with independently replayed constrained generalized-force equilibrium and small reserve torques,379.126319,2.21199753882,2.69056954494e-08,1.85451654033e-12,0.000167012909408,24,1,0.604426859739,0.537465483581,0.0100040399193,0.0100000919993,0.674877290882,0.0100000397883,0.99999916847,0.0100003750967,0.0100001029665,0.0100000332808,0.010000046258,0.0100001464575,0.0100001360641,0.0100001610931,0.000674334702763,0.0100008641138,0.0566506791363,0.0553027413823,0.0100587645708,0.010045238267,0.0100001509812,0.0100007828248,0.0100061743952,0.0100013863782,0.010045238267,0.0517517683324,0.0100019844809,0.0100032075675,0.010000929402,0.0100085188826,0.286154764602,0.0534249897389,0.0100066365162,0.010003399023,0.0100098376829,0.0100305187942,0.0100055183253,0.0100083650037,0.0100108105908,0.0105356744621,0.0100339399133,0.0100186449174,0.0170123016183,0.0202417803081,0.0100104180187,0.0100477888816,0.0101812510862,0.0270731174938,0.0116819958848,0.0587396824458,538.798890438,391.499399136,1.8544857765,4.94903286533,705.498870317,13.0619058077,254.121027864,1.27875788654,4.39923931813,6.54160314935,4.96555763647,2.75511184824,3.06793731279,1.88072755287,0,0.523229626949,37.8363821989,36.0570231255,0.496404420586,0,3.78340731559,0.488980014216,11.7581189563,2.75627539067,0,13.0513453675,1.92832202938,3.55925207918,4.79777398794,0.74948420336,152.993504835,10.1866093112,0.737734249019,1.70916868366,2.54709201373,1.53007843538,2.32874960566,1.71863063663,2.12500261981,2.05153297986,0.359900729799,1.08725642827,1.60556496674,0.97264736135,0.721790542767,0.475238457317,0.785627546064,1.23427597385,1.43035347176,6.57226866687
sobol__0001218@@posterior_deltoid@@0.50,81.30850288,1.26665128,74.65821849,32.17303846,48.80771019,-1.91908246,38.28719149,Posterior deltoid,DELT3,0.5,1,usable,Converged with independently replayed constrained generalized-force equilibrium and small reserve torques,386.961655,0.21435065586,2.24364500534e-07,8.38440428197e-13,0.000175839357205,25,0,0.010000358707,0.0100006153134,0.0766456026116,0.0100058731409,0.0100009790414,0.0100007937869,0.108975988865,0.166920314156,0.0100011579585,0.0100010379203,0.0100008906241,0.188084081925,0.0915502859223,0.141524729991,0.0100082831332,0.173449542635,0.0100024114245,0.0100025639029,0.0100452378624,0.0100452378624,0.107181627411,0.0100076727738,0.169042648518,0.0977519609281,0.0444471736004,0.0480336606627,0.0940083999585,0.0100015658485,0.0100048639101,0.0100043764411,0.0667425623807,0.0100470291456,0.0100082576871,0.0100037691211,0.0100018850036,0.0100027597821,0.0100028599842,0.0100035117763,0.0100027884748,0.0100025615374,0.0108502371597,0.0465198150098,0.0351338025622,0.0156160787253,0.0266632728813,0.0108440472108,0.0100414147142,0.010010190667,0.0100037370176,0.0100037477205,8.32618126595,10.9905941863,7.71737190794,4.99347421463,5.92198976451,12.4176213546,29.3555065528,20.3742271153,4.21832302597,5.81574628769,2.89713888163,33.3467237272,7.70429229804,21.2827902983,1.79354766954,98.7692026448,6.42861920811,6.02643769345,0,0,35.7331167548,2.27427795487,199.025659227,25.6507194985,13.1100379972,8.58452813142,15.2740857009,3.87737374193,4.22132143706,0.920701251376,37.1871351944,2.54072347895,0.672820610912,1.59585415979,2.42007951515,1.56530373661,2.27811291556,1.65558800371,1.94594984086,1.88111818948,0.205955003182,3.52120892555,2.31825869854,0.614330658497,1.28896098771,0.29888501204,0.545239984258,0.460139477489,1.95784181371,1.12821426173
sobol__0002997@@middle_deltoid@@0.50,117.12393257,125.71245206,-53.40574635,77.4635658,-33.96572731,18.73399371,7.37898837,Middle deltoid,DELT2,0.5,1,usable,Converged with independently replayed constrained generalized-force equilibrium and small reserve torques,519.608778,1.08729464514,4.63320297683e-08,2.92743607133e-12,3.93923981969e-05,13,0,0.654249239873,0.54024764203,0.0200439283924,0.035286737536,0.148676162919,0.257877013264,0.010003030032,0.0100057978468,0.010002853214,0.350262019141,0.010002475354,0.271493912529,0.222622660643,0.0533192872888,0.0100029162464,0.0100452373872,0.0984767106508,0.0963824230782,0.0190349519914,0.0100090228968,0.0100004589409,0.0100020865775,0.0100025305398,0.0100047526679,0.0100067065858,0.0153327929791,0.0590980510339,0.010004111536,0.0100203215625,0.0100103815343,0.0144530467907,0.0196919109484,0.0100212297253,0.0100130265066,0.0100110387568,0.0100146392089,0.0100194765796,0.0100207036714,0.010016998941,0.0100139446114,0.0101714551535,0.0304054178605,0.0209368750592,0.0104642044982,0.0164631589744,0.010115880834,0.0100355786062,0.0100219539968,0.0100088381484,0.010010249724,216.099873627,266.496149215,3.06379393897,15.6700949974,154.245014201,251.476397247,2.04184041309,1.16115102382,4.44031860042,228.757754808,4.79581575378,75.5984512182,69.8042285292,9.79549851633,2.08041788576,0,68.4599378741,65.5788921867,4.69110628011,3.70040106162,5.0011783539,2.46761786486,11.2776455599,2.6608835844,3.37443227812,3.68259611436,11.3935706289,3.98189864435,2.67848549328,0.973240626717,7.97384079634,5.48448410652,0.670951068254,1.61694561209,2.59074740012,1.62191039031,2.3724420651,1.73241500793,2.08274514839,1.97533826217,0.289725145729,3.16859568305,1.77783810582,0.492099587281,1.04103362445,0.392334546661,0.612252207001,0.414987535303,1.74237886527,1.10613749723
sobol__0000317@@biceps@@0.25,80.69326851,115.08012784,89.96583568,78.95526502,-63.61416481,-9.48988324,-21.18546476,Biceps,BIClong;BICshort,0.25,1,usable,Converged with independently replayed constrained generalized-force equilibrium and small reserve torques,342.698466,4.25560082101,5.854452656e-07,3.21165316564e-12,0.000198525913054,26,0,0.0617101373602,0.0100003078113,0.374899291239,0.0100002220221,0.229824226646,0.010000165131,0.993646465589,0.0100010684171,0.0100001387356,0.0100000678725,0.0100001001242,0.010000607209,0.0100004942295,0.0100005498233,0.0100024069205,0.0100452396121,0.494840141913,0.484340854309,0.0958457309521,0.815742582729,0.916788383892,4.82336273478e-06,0.0100005153952,0.0100002183886,0.666468536621,0.523182836081,0.0100004448118,0.415203683821,0.0100001972962,0.0100117450997,0.0100003039071,0.0100016239589,0.0100026132718,0.0100014671715,0.171863900302,0.168881052622,0.0100035954212,0.0100179161386,0.105149044731,0.255775717536,0.0100049281357,0.0100010913772,0.0100044345004,0.0100858442633,0.0100022106678,0.0100287425702,0.0100059273019,0.0856844198325,0.0485418178256,0.197018603814,30.703277288,5.77560818156,71.6177005563,2.23523847018,247.168456508,11.3614503669,263.668536848,1.42279623437,3.93826793115,6.34215219828,4.62271076702,2.71764376483,3.02322451846,1.87977334339,2.06800972786,0,344.726088819,330.252892075,23.9382808828,283.170573264,106.502848653,0.000380347445285,11.241051906,2.69919878601,210.530516057,128.098122487,1.53224973411,169.358335898,4.78744442073,1.00923816117,4.71631856839,2.45737808977,0.750634316158,1.71195143912,42.4033461241,24.6996530955,2.23009530118,1.68575550829,22.3324227826,48.8932274837,0.294414070172,1.08878475462,0.944243841084,0.490116363392,0.609606132207,0.474217705931,0.848608592198,3.94133592548,7.31423991323,22.9899156375
sobol__0002818@@latissimus_dorsi@@0.75,84.07705757,31.76713956,78.43019115,88.1276283,61.65927269,-8.47303754,25.66023837,Latissimus dorsi,LAT1;LAT2;LAT3,0.75,1,usable,Converged with independently replayed constrained generalized-force equilibrium and small reserve torques,645.947239,0.19024667547,1.80202295752e-07,7.48769929849e-13,2.12074755915e-05,12,0,0.0589506866387,0.0100018187245,0.0102193615084,0.0100033819406,0.0599493798213,0.0100027923146,0.0198743169737,0.012280699689,0.114187792731,0.128731060829,0.0244521650024,8.86407080203e-05,0.000122981560731,5.81783702592e-05,0.028786338146,0.0679942711995,0.054943592705,0.0538019500712,0.011385488295,0.0100452375808,0.0100011460192,0.010003614867,0.0100041941002,0.0100021529178,0.276462982775,0.167692209331,0.0100025950429,0.0710832603734,0.0100010034079,0.0100213490227,0.112451860822,0.0452074604845,0.0100130576711,0.0100062083572,0.0345253726628,0.0428556356428,0.0100079971785,0.0100163853535,0.0103054647542,0.0627592683137,0.0100289261122,0.0100244451487,0.0170267776697,0.0251188595912,0.0100134075681,0.0154819538729,0.0271529249541,0.0381172498032,0.0100094373622,0.064800815947,71.8011814489,10.6535773882,2.0356731885,4.82067277545,41.0883555197,12.2800647905,5.24101917605,1.62816841017,45.6041350356,59.3867697988,2.58779275685,0.0149013048916,0.0152818528939,0.00727986621202,4.59244371699,14.5180176017,38.7630354003,37.1686025285,2.97047491686,0,5.23107935119,3.16482626628,11.0243043364,2.55741927873,88.834549002,37.0539619605,1.18863279798,25.4428804115,3.59863380598,0.768804518713,55.6679544866,10.4008717339,0.461530672313,1.54032847195,8.57987496781,6.8486576525,2.33721663608,1.69750203389,2.051569284,12.0304266088,0.17640860685,0.737009740727,1.13349646108,1.04847562792,0.413045327289,0.526853200349,1.6927457029,1.7421211706,2.00960528885,7.34332432987
sobol__0002687@@teres_major@@0.25,-49.16512993,86.86479581,24.2309724,2.05340955,19.47177269,8.41172809,9.95711337,Teres major,TMAJ,0.25,1,usable,Converged with independently replayed constrained generalized-force equilibrium and small reserve torques,359.668851,1.50115092675,1.45478579849e-07,2.24277896614e-12,4.1760515682e-05,26,0,0.0100087170036,0.987513532765,0.0100046939053,0.0100004363779,0.0100002267563,0.301194802346,0.208149572584,7.62673455208e-06,0.0100006175857,0.0100001811713,0.0100002268357,0.0100028082996,0.0100007595972,0.0100006697713,0.0100014517793,0.176082879725,0.469680913593,0.346469835159,0.0100452378319,0.0100452378319,0.0100452378319,0.0100452378319,0.0100007585107,0.0100027670793,0.0100150990906,0.0166389086905,0.0510506941291,0.0100017454393,0.0100011443018,0.0100066657319,0.0100038800454,0.026317132874,0.0100083128273,0.0100045305924,0.0100049524089,0.0100079379325,0.0100054068609,0.0100071938272,0.0100066392945,0.0100079756684,0.0173471142887,0.0794993161643,0.0623423272999,0.0350430432567,0.0310817052096,0.013884756579,0.0166567497024,0.0106278398642,0.0100255367198,0.0173735155513,2.32069298003,566.702189003,1.15578704904,2.91732214917,5.11180184572,341.629523853,56.0530308217,0.000252919490697,4.36470580906,6.19480782369,4.97215310053,2.17454910322,2.12100515851,1.75809912202,0.974736196212,134.956616119,213.391783423,116.118670246,0,0,0,0,11.5553456113,2.32741609067,2.68038092907,3.36443642232,9.84597988349,4.06068820752,4.56460674086,1.01066319043,4.54855693287,7.16270996306,0.748936414413,1.71006153919,2.5762895502,1.62622606995,2.36716342104,1.72661281422,2.04582865138,1.97405256593,0.558753355591,8.68044968013,5.8110170561,1.70953944158,2.18174840727,0.516884977148,1.01540294716,0.486549200301,1.9743566296,2.02703190284
sobol__0002973@@coracobrachialis@@0.75,80.56143257,115.55620206,-13.56199635,51.0573158,78.53427269,5.06211871,-35.74601163,Coracobrachialis,CORB,0.75,1,usable,Converged with independently replayed constrained generalized-force equilibrium and small reserve torques,351.5512,2.21199797789,2.63483457275e-08,3.43513455472e-12,0.000167012816252,25,1,0.60442708349,0.537465555006,0.0100040399223,0.0100000919992,0.674877695967,0.0100000397882,0.999999168471,0.0100003750964,0.0100001029665,0.0100000332808,0.010000046258,0.010000146458,0.0100001360647,0.0100001610936,2.72803228535e-07,0.0100008641132,0.0566505987612,0.0553028172737,0.0100587641963,0.010045237969,0.0100001509811,0.0100007828243,0.0100061743721,0.0100013863761,0.010045237969,0.0517517739934,0.0100019844835,0.0100032075349,0.0100009294048,0.0100085188543,0.286154749689,0.0534250538385,0.0100066365109,0.010003399023,0.0100098376897,0.0100305187582,0.0100055183384,0.010008365015,0.0100108106041,0.0105355402344,0.010033939967,0.0100186451295,0.0170123380436,0.0202417616272,0.0100104180368,0.0100477883808,0.010181257591,0.0270731159632,0.0116821749551,0.0587396759397,538.799089766,391.499451088,1.85448577699,4.94903286488,705.49929379,13.0619058076,254.12102786,1.27875788632,4.39923931832,6.54160314892,4.96555763662,2.75511184843,3.06793731308,1.88072755298,4.25585572298e-05,0.523229625552,37.8363285171,36.057072606,0.49640440197,0,3.78340731511,0.488980013543,11.7581189292,2.75627539008,0,13.0513467951,1.92832202987,3.559252068,4.79777398931,0.749484201337,152.993496863,10.1866215337,0.737734248611,1.70916868366,2.54709201551,1.53007842995,2.32874960868,1.71863063856,2.12500262263,2.05150684274,0.359900731681,1.08725645132,1.60556840444,0.972646463703,0.721790544057,0.47523843363,0.785628048021,1.23427590413,1.43037539749,6.57226793972
sobol__0003163@@subscapularis@@0.25,10.16104194,88.95952238,-42.93211354,118.53290174,-59.51260231,-9.68641644,12.00789462,Subscapularis,SUBSC,0.25,1,usable,Converged with independently replayed constrained generalized-force equilibrium and small reserve torques,383.297851,5.74721354077,9.51849942865e-07,1.87058812011e-12,0.000502949482834,24,3,0.0241663537915,0.65110133248,0.153337667733,0.189925401692,0.0377584345428,0.0948831315877,0.0100038247074,0.0100041216371,0.0350872716709,0.0100005206096,0.0100004556851,0.0100034092418,0.0100024620612,0.0100019025225,0.0100013070515,0.0749496586273,0.504572195502,0.504073318969,0.127220001436,0.999999791304,0.418811354846,0.147052599333,0.0100005653352,0.0100000987804,0.999999178141,0.999999767015,0.0100001544707,0.359514493856,0.0100000858281,0.0100012144488,0.010000069868,0.0100004061643,0.0100012656176,0.0100003606946,0.0934416520074,0.341218176056,0.0100005264533,0.0100011446362,0.0100051483024,0.67687255114,0.0100025083142,0.0100008371638,0.0396236187278,0.202892158094,0.0100009951477,0.15843089909,0.32129066449,0.39732194303,0.0100009568651,0.692225319752,24.1215145661,253.282697237,28.9809576703,30.4836792818,37.1002144345,30.9263701262,2.53804578292,1.43915802557,15.5754758992,6.55565696666,4.96463869116,2.66625517982,2.88125559736,1.83461910043,1.65070659299,8.1085641217,361.973269728,361.257866723,36.028699417,350.145624079,117.717319397,46.5860223254,9.0103993032,1.43524062916,245.002101516,251.930290583,1.25689128904,130.261065785,2.69906304362,0.818901185996,5.53171896155,2.50136620049,0.377093801098,1.55319366455,24.1812254524,55.4200755458,2.3679506056,1.72911470057,2.08265766873,133.541228459,0.222130388823,0.888873962809,3.15272563772,9.73397741657,0.475895123763,6.33288835378,24.8618868982,18.2321470176,2.00891064355,79.8439732614
sobol__0003872@@middle_deltoid@@0.50,-59.62411431,46.17631925,2.62452708,14.81219862,5.01864769,24.86924762,-56.54679288,Middle deltoid,DELT2,0.5,1,usable,Converged with independently replayed constrained generalized-force equilibrium and small reserve torques,368.798297,0.935502163434,2.28613265918e-06,1.81188397619e-12,0.000232664209408,23,0,0.0100064417016,0.468353615474,0.160509420308,0.0917659964687,0.0100066185874,0.113323061314,0.0100140630682,0.0100167672197,0.0100012537248,0.0100004485664,0.0100005144783,0.0100909988375,0.0100209958127,0.0100034897842,0.010001452562,0.147545201953,0.0100060880083,0.0100073713583,0.0100452378284,0.0100452378284,0.195403533816,0.213517303768,0.0635247189059,0.112994879747,0.0100452378284,0.351868065696,0.512639113748,0.0100009639101,0.240690793898,0.0100039623845,0.0100001681654,0.0100003588419,0.010029638471,0.0100046062297,0.0100010268872,0.0100014584316,0.0100054259737,0.0100042493666,0.0100017820387,0.010001402271,0.0700246986127,0.165649199394,0.113005586504,0.0100206339462,0.214805096209,0.0629638688446,0.0605319590246,0.010004823919,0.0100038869591,0.0100020973742,1.12266897957,239.808916958,12.6337891036,42.6490026786,9.48528858994,139.22495604,2.57635204434,0.925699789658,4.43959502392,6.52577387912,4.57378616974,1.65258234488,0.706984956693,1.60419771127,2.07687151938,112.969166807,5.65630809211,4.52085892751,0,0,11.8172004025,17.8530138897,74.6033563974,27.4928689232,0,86.440541747,89.6668561471,2.10662026923,115.476752426,0.362478054016,4.44586767108,2.8087878325,0.619106691824,1.55230888776,2.21468727693,1.26935033413,2.26873002318,1.67215816714,2.12428490217,1.68234115836,2.66959512904,13.755436302,9.76204177026,0.446811649882,14.6478242091,2.85538536581,5.13438299412,0.37058954926,0.66220167754,0.8419115967
sobol__0002687@@teres_minor@@0.75,-49.16512993,86.86479581,24.2309724,2.05340955,19.47177269,8.41172809,9.95711337,Teres minor,TMIN,0.75,1,usable,Converged with independently replayed constrained generalized-force equilibrium and small reserve torques,345.432543,1.52932859101,1.7221929971e-07,9.84101689028e-13,4.84784802572e-05,26,1,0.0100050136664,0.999987619792,0.0100059219854,0.0100003787287,0.0100001975343,0.344179887787,0.196042828381,0.0100018429712,0.0100005695346,0.0100001633997,0.0100002051558,0.0100032273154,0.0100007156108,0.0100006187753,0.0100013246824,0.192577688089,0.451945128382,0.333386724625,0.0100452377818,0.0100452377818,0.0100452377818,0.0100452377818,0.01000078814,0.0100028669618,0.010016235426,0.0180387041191,0.0507002046977,0.0100017680664,0.010001171152,0.0100066619061,0.0100041198799,0.0266708226237,0.0100084012477,0.0100045743563,0.0100049224862,0.010007874341,0.010005418029,0.0100071947947,0.0100066235817,0.0100079012598,0.017115345905,0.0783249456992,0.06144328085,0.0344743238015,0.0306842862862,0.0138841648111,0.016346459217,0.0104154451575,0.0100234874496,0.0157668669688,2.31983430107,573.860665265,1.15592892322,2.91730533561,5.11178691379,390.385259883,39.5945853935,1.32673348635,4.36468483738,6.19479681492,4.97214232117,2.17464019514,2.12099582998,1.75809015702,0.974723809483,147.5988646,205.333821774,111.73389207,0,0,0,0,11.5553798471,2.32743933124,2.68068505122,3.64747918778,9.7783821368,4.06069739415,4.56461899551,1.01066280403,4.54866598338,7.25897337744,0.748943031034,1.71006901969,2.57628184507,1.62621573674,2.36716606328,1.72661298116,2.04582543894,1.97403788898,0.551288058431,8.55222136043,5.7272156568,1.68179503786,2.15385199359,0.516862947571,0.996487499693,0.476825636904,1.97395306106,1.83957830867
sobol__0002818@@brachioradialis@@0.75,84.07705757,31.76713956,78.43019115,88.1276283,61.65927269,-8.47303754,25.66023837,Brachioradialis,BRD,0.75,1,usable,Converged with independently replayed constrained generalized-force equilibrium and small reserve torques,531.427211,0.187093250846,2.10205925555e-07,1.45550238528e-13,2.07622579431e-05,12,0,0.0617745330185,0.0100018311228,0.0102431196779,0.010003350517,0.0635319871656,0.0100028350377,0.0199500119008,0.0117134477421,0.11405360044,0.128601713952,0.0244179870227,0.0100257246512,0.0100295252776,0.0100216490443,0.0284049983914,0.0657575139342,0.0475015211453,0.0465147983677,0.0104887184067,0.0100452383591,0.0100012277554,0.0100041560246,0.0100047835281,3.34233907849e-06,0.27779138392,0.165032669385,0.0100026555673,0.0737315311146,0.0100010308809,0.010022700698,0.106068249082,0.0419293910364,0.0100134708898,0.0100064568415,0.0332203276795,0.0414604773334,0.010008069757,0.0100164028484,0.0102171922482,0.0607856148711,0.0100290446295,0.0100244718687,0.0165317832937,0.0245010821401,0.0100136390081,0.0152324381298,0.0267642817371,0.0372899325661,0.0100095431384,0.0632960326294,75.2405901792,10.6535905951,2.0404057611,4.82065763305,43.5438178551,12.2801172405,5.2609805458,1.55296245898,45.5505415361,59.3270989269,2.58417567221,2.24722001287,1.6617095973,1.67201347484,4.53160647591,14.0404291424,33.5126091132,32.1343380641,2.73650757211,0,5.23112210379,3.16499747145,11.0249538685,0.000640944189747,89.2613979098,36.4662990319,1.1886399912,26.390777786,3.59864368743,0.768908214526,52.5078235359,9.64668693295,0.461549718455,1.54036672287,8.25555919832,6.62570070643,2.33723358553,1.6975049987,2.03399635862,11.6520937576,0.17641069154,0.737011705016,1.10054399109,1.02268924181,0.41305487406,0.51836214209,1.66851722093,1.70430923824,2.0096265256,7.17280005805
sobol__0003163@@latissimus_dorsi@@0.50,10.16104194,88.95952238,-42.93211354,118.53290174,-59.51260231,-9.68641644,12.00789462,Latissimus dorsi,LAT1;LAT2;LAT3,0.5,1,usable,Converged with independently replayed constrained generalized-force equilibrium and small reserve torques,340.432295,5.67589227984,9.42247815772e-07,8.01492205937e-12,0.000498381385555,25,3,0.0100012956911,0.561151984265,0.206354453672,0.181482044795,0.144700883561,0.155205902443,0.0100064980463,0.0100058160478,0.01000589434,0.0100005113586,0.0100004750164,1.15953305826e-05,7.95142555015e-06,5.11959255283e-06,0.010001382305,0.0986327172222,0.505565278846,0.505065441499,0.127470369605,0.999999788322,0.408829680489,0.161865032794,0.0100005642193,0.0100000996474,0.999999173781,0.999999764969,0.0100001554966,0.36264781205,0.0100000863867,0.0100012250783,0.0100000705528,0.0100004099417,0.010001274042,0.0100003633041,0.0938900897932,0.339801064342,0.0100005296681,0.0100011519055,0.0100052019164,0.673152719679,0.0100025247264,0.0100008436685,0.0403424507349,0.202257461487,0.0100010013395,0.157746434067,0.319409820171,0.394923618682,0.0100009601319,0.687721350027,9.98273887691,218.291810644,39.0011780876,29.1284916414,142.178399985,202.352308761,2.53872402903,1.43940177757,4.44168379934,6.5556509027,4.96464828775,0.00154527868838,0.00114522250771,0.000469535783895,1.6507190155,10.6707586055,362.685694289,361.96889834,36.0996036727,350.145623037,114.911722365,51.2785769557,9.01039830254,1.43524075568,245.002100396,251.930290084,1.25689141807,131.396345134,2.69906320343,0.8189020578,5.53171934062,2.50136714536,0.377094120145,1.55319407015,24.2972740771,55.1899106719,2.3679513668,1.72911595736,2.08266882914,132.807337179,0.222130753415,0.888874541465,3.2099208219,9.70352714187,0.475895418579,6.30552853963,24.7163447407,18.1220936899,2.00891129971,79.3244677999
sobol__0003872@@supraspinatus@@0.00,-59.62411431,46.17631925,2.62452708,14.81219862,5.01864769,24.86924762,-56.54679288,Supraspinatus,SUPSP,0,1,usable,Converged with independently replayed constrained generalized-force equilibrium and small reserve torques,475.843814,0.740934009768,2.28613266273e-06,3.12638803734e-13,0.000210297508782,20,0,0.0100109771072,0.273110502573,0.0752760619016,0.000673951785514,0.0100045298924,0.0550852702793,0.0128532372619,0.0135626595287,0.010003925916,0.0100012614948,0.0100014164683,0.0259916744563,0.0100800047711,0.0100103837514,0.0100037922002,0.130462130617,0.0100087242691,0.0100104150216,0.0100452378722,0.0100452378722,0.189594512507,0.250205718482,0.0413840051647,0.0969103049366,0.0100452378722,0.345743436625,0.49102207547,0.0100009855723,0.247158529298,0.0100040412305,0.0100001866082,0.0100003977162,0.0100301143412,0.0100048243313,0.0100010835732,0.0100015364595,0.01000627093,0.0100046696404,0.0100019193873,0.0100014823637,0.0748928754294,0.175282012953,0.124589083606,0.0100299988572,0.214470763544,0.0645611123918,0.0563116967566,0.0100049066444,0.0100038141686,0.0100021105922,1.12317782771,279.678993258,5.92502227466,0,9.48330871283,67.6759367796,3.3067960398,1.25339351486,4.44078121987,6.52630435404,4.57419869948,4.25660363379,0.711148060502,1.60530325411,2.07735736161,99.8893762766,5.65779833516,4.52223391119,0,0,11.4658947347,20.9206752264,48.6013277922,23.5793189647,0,84.9359543561,85.8857715408,2.10662483218,118.579792087,0.362480910877,4.44587587037,2.80879875105,0.619136066202,1.55234272827,2.2146998298,1.26936023716,2.26892161699,1.67222841371,2.12431407371,1.6823546308,2.85518766103,14.5553408824,10.7626877211,0.447229223397,14.6250256527,2.92781969893,4.77641600993,0.370592613498,0.662196859217,0.841912709303
sobol__0002973@@supraspinatus@@0.25,80.56143257,115.55620206,-13.56199635,51.0573158,78.53427269,5.06211871,-35.74601163,Supraspinatus,SUPSP,0.25,1,usable,Converged with independently replayed constrained generalized-force equilibrium and small reserve torques,329.127884,2.16689338787,2.7973072747e-08,4.6256332098e-12,0.000161038372458,25,1,0.588000649865,0.544793905978,0.0100042373503,4.14193742336e-07,0.649629750885,0.0100000417294,0.999999071766,0.0100003877297,0.0100001068225,0.0100000346888,0.0100000480632,0.0100001515383,0.01000014088,0.0100001667105,0.0100002075899,0.0100008926911,0.0566506043076,0.0553028235582,0.0100587638368,0.0100452377673,0.0100001565547,0.0100008054398,0.0100061743674,0.0100013863763,0.0100452377673,0.0517517655442,0.0100019844869,0.0100032075242,0.0100009294081,0.0100085188569,0.286154766675,0.0534250133337,0.01000663652,0.0100033990283,0.0100098377163,0.0100305188163,0.0100055183558,0.0100083650386,0.0100108106378,0.0105354379286,0.0100339399518,0.0100186452112,0.0170122798003,0.0202417257615,0.0100104180504,0.0100477880298,0.0101812523609,0.0270731246669,0.0116821654366,0.0587397196348,524.156219333,396.837552033,1.85452237496,5.12459896225e-05,679.105759772,13.0619083432,254.121003285,1.27875950175,4.39924101462,6.54160406998,4.96555853301,2.75511324809,3.06793879037,1.88072860935,2.08010444897,0.523231120717,37.8363322216,36.0570767036,0.496404384335,0,3.78340942388,0.488981119378,11.7581189236,2.75627539013,0,13.0513446642,1.92832203053,3.55925206417,4.79777399086,0.749484201526,152.993505945,10.1866138107,0.737734249285,1.70916868456,2.54709202225,1.5300784388,2.32874961273,1.71863064261,2.12500262978,2.0514869215,0.359900731141,1.08725646019,1.60556290763,0.972644740301,0.721790545037,0.475238417026,0.785627644451,1.23427630093,1.43037423201,6.57227282861
sobol__0000261@@biceps@@0.00,106.00576851,72.42387784,54.80958568,105.36151502,63.88583519,-0.19300824,-11.81046476,Biceps,BIClong;BICshort,0,1,usable,Converged with independently replayed constrained generalized-force equilibrium and small reserve torques,390.948558,0.651697524518,1.90904999309e-08,1.29879556824e-12,7.47188991438e-05,21,0,0.264869578927,0.0100001456038,0.0100912658243,0.0100001379313,0.0100007575911,0.0100000599934,0.667158932883,0.157076763,0.223789881606,0.0100005694125,0.0100007949419,0.0311510233686,0.010002657188,0.0100014089094,0.163827972723,0.141387805001,0.0168729012774,0.0166509965647,0.0100720368305,0.0100452376079,0.000673991545143,0.000673991545143,0.0100112946023,0.0100070705399,0.0100191342723,0.0502605590056,0.0576558125986,0.0100023455505,0.0100051275742,0.0100065345878,0.0229436507911,0.0124391941683,0.0100147768413,0.0100074945442,0.0100050777751,0.0100074921669,0.0100077266788,0.0100093301551,0.0100075165396,0.0100073442352,0.0120593182308,0.0510203830013,0.0100452376079,0.0190873022257,0.0212190243657,0.0142373612015,0.0100987927235,0.0100206753382,0.010006775329,0.0100089207331,261.107044915,10.2140209931,1.8997496636,4.98154872094,8.99825999052,12.8212651122,179.711700715,22.462955863,78.4321787216,5.76288684561,3.05804556832,8.17777017311,2.85105910544,1.80850240215,29.1052426619,7.14923229551,12.0986605698,11.7804203157,2.78917511062,0,0,0,10.5162736329,1.99679373054,2.89281097067,12.6639971156,9.19060443033,3.84205451734,4.21695751196,0.954021952553,8.30855908162,2.78715939237,0.667127076714,1.61013807711,2.58920644273,1.62363559523,2.36926154356,1.73051994278,2.09000073836,1.97434372814,0.346399189321,5.51718127536,0,0.931399485984,1.22907132786,0.652401868915,0.718708622187,0.460908436974,1.71140889469,1.16788111996
sobol__0003163@@brachioradialis@@0.25,10.16104194,88.95952238,-42.93211354,118.53290174,-59.51260231,-9.68641644,12.00789462,Brachioradialis,BRD,0.25,1,usable,Converged with independently replayed constrained generalized-force equilibrium and small reserve torques,375.550739,5.60222353135,9.43570533707e-07,3.51718654201e-12,0.000484666536101,26,3,0.0100017160018,0.559093551576,0.189283766666,0.177446340395,0.155861041861,0.162178422116,0.0100065870323,0.010005333338,0.0100075130642,0.0100005238361,0.0100004827764,0.010004510607,0.010003263094,0.0100023144815,0.0100014142703,0.090720756274,0.496689374167,0.496198358682,0.125232446609,0.99999977886,0.404272833112,0.149691511816,0.0100005743488,4.41602636184e-07,0.999999163394,0.999999758031,0.010000158809,0.372711910058,0.0100000882647,0.0100012612982,0.0100000727844,0.0100004217126,0.0100013024235,0.0100003720197,0.0950335430062,0.3351446973,0.0100005401897,0.0100011756303,0.0100053745585,0.661354281598,0.0100025778079,0.0100008644326,0.0422363842128,0.200042753759,0.0100010213743,0.155431704981,0.313419072218,0.387353767249,0.0100009719976,0.673687274074,9.98315841081,217.491066674,35.7748028294,28.4807472138,153.144009945,211.442848692,2.53874660544,1.43933233664,4.44240236189,6.55565908206,4.96465214012,2.66654873164,2.88148633827,1.83469466466,1.65072429126,9.81478881685,356.318240301,355.614062044,35.4658239682,350.145619725,113.630907364,47.4220254727,9.01040743066,1.5844994648e-05,245.002098089,251.930288325,1.25689183411,135.042818768,2.69906370519,0.818905022438,5.53172057512,2.50137008959,0.377095189368,1.55319542359,24.5931817301,54.4336314606,2.36795385813,1.72912005919,2.08270476591,130.479605152,0.222131932076,0.888876386427,3.36061509859,9.59727406799,0.47589637172,6.21300289289,24.2527729152,17.7747314393,2.00891368323,77.7057226353
sobol__0002973@@middle_deltoid@@0.25,80.56143257,115.55620206,-13.56199635,51.0573158,78.53427269,5.06211871,-35.74601163,Middle deltoid,DELT2,0.25,0,solver_failed,The static optimization solver did not converge,1043.760212,,2.43396129918e-08,,,0,0,,,,,,,,,,,,,,,,,,,,,,,,,,,,,,,,,,,,,,,,,,,,,,,,,,,,,,,,,,,,,,,,,,,,,,,,,,,,,,,,,,,,,,,,,,,,,,,,,,,,
sobol__0001720@@brachioradialis@@0.25,-30.31259087,4.18657316,52.24610911,0.30780409,-59.16103981,2.8318941,8.87312899,Brachioradialis,BRD,0.25,1,usable,Converged with independently replayed constrained generalized-force equilibrium and small reserve torques,616.811711,0.725287545159,9.30478632977e-07,5.10777737429e-13,3.28405509054e-05,11,0,0.100861735073,0.0100056803759,0.010002291231,0.34012051588,0.0100004292919,0.0865019506273,0.0100026178732,0.0790420855078,0.0734396711587,0.0248172742911,0.010001937637,0.141241170426,0.0500361029689,0.0766136290326,0.0708426267387,0.261264788928,0.5442053987,0.396652584075,0.0100452398291,0.010003632979,0.0915255564388,0.0100019213419,0.0100006230347,1.17322014002e-05,0.0312948810427,0.0100144413077,0.0476178931004,0.0100037650289,0.0100014186714,0.0100183708796,0.0100274576139,0.0404679264897,0.0100206794825,0.010009525821,0.0150872422863,0.0123658862439,0.0100221200407,0.0100334449555,0.0100627436109,0.0110453708242,0.013539303483,0.0602276428746,0.0475964956546,0.0277201940548,0.0229537894654,0.0100911058852,0.0109280784057,0.0131681879362,0.0139200934518,0.0310691965106,79.5743746963,10.9576556377,1.99669765776,169.324635013,7.25368988866,106.777889483,2.69086830262,9.80667773423,31.0331801235,14.4286817917,2.50320543844,26.1237787418,4.53262364745,11.6808901879,13.0769477004,198.009114885,239.409479563,127.184954908,0,3.50527299249,29.3594850769,2.51375291874,11.5073086193,0.000677283875032,9.44537690922,2.20185442172,9.18534490004,3.58104684088,4.77972902619,0.934549072426,1.59953767648,10.1379629565,0.752002653582,1.71171079332,3.90441531369,2.00405028687,2.37310704602,1.73469835881,2.10004472142,2.17905916957,0.436307554602,6.5767944296,4.47750924535,1.35273637779,1.60031195472,0.391200953165,0.785157575986,0.605673705418,2.78040237399,3.62554458886
sobol__0003903@@middle_deltoid@@0.75,-53.99911431,107.11381925,16.68702708,116.37469862,-9.98135231,-2.47450238,-15.29679288,Middle deltoid,DELT2,0.75,1,usable,Converged with independently replayed constrained generalized-force equilibrium and small reserve torques,472.393427,2.07513329551,3.14408179491e-08,1.93081735407e-12,0.000383298013038,17,0,0.668053355155,0.594966189404,0.0100004022659,0.334416493005,0.0100002461639,0.0100007904888,0.0100452341388,0.0100012178372,0.0100001394965,0.0100000507812,0.010000066595,0.0187919907976,0.0100002846512,0.0100002659702,0.0100008827228,0.977651917319,0.139858714571,0.139586052619,0.0346237737612,0.0100018775931,0.281074878183,0.0100003691706,0.0100019120634,0.0100185431525,0.0165744703532,0.0534630227923,0.0233356739751,0.0100048297157,0.0100036450704,0.0100095908632,0.245387121304,0.122744969841,0.0100175822634,0.0100100109861,0.0100156624772,0.0100244446122,0.0100133347454,0.0100172697219,0.0100189226178,0.0100218059067,0.0112020217445,0.0457981919909,0.0446314488479,0.0226573769354,0.012813049892,0.0136051663996,0.010049550066,0.0100308621568,0.0100076791615,0.0100135802547,312.224675484,99.0944140364,1.81063745663,80.4856771067,3.07210052387,11.5339545421,0,1.39597513236,4.03172243828,5.03982977315,4.84806618439,4.69673228402,2.7966740598,1.82356833839,0.625674739185,175.969804813,100.332658523,99.9418549114,9.80525314027,3.7919127935,147.589591036,2.31879155474,9.41411455194,0.730395766011,2.67830324021,13.4988024779,3.91588926382,3.77461228179,3.55194655355,0.930809354644,126.295192297,34.9446286688,0.547307619287,1.58825194214,2.58805661667,1.58944144377,2.36099499428,1.73009834679,2.11965578657,1.97134404969,0.338690155336,4.99412986995,4.195569772,1.10561591418,0.772562619163,0.637526401288,0.800290641312,0.461401137135,1.65044756569,1.16844947796
sobol__0002818@@pectoralis_major@@0.25,84.07705757,31.76713956,78.43019115,88.1276283,61.65927269,-8.47303754,25.66023837,Pectoralis major,PECM1;PECM2;PECM3,0.25,1,usable,Converged with independently replayed constrained generalized-force equilibrium and small reserve torques,637.727893,0.323310838784,1.87140376084e-07,8.52651282912e-13,2.69095125877e-05,11,0,0.108669347563,0.0100003945973,0.0215176700609,0.0100009531176,0.0597365862977,0.0100005598979,0.0804212405307,0.0861348359688,0.12511827101,0.140269947469,0.0267395294297,0.0207260378303,0.0117519546548,0.0100215092876,0.14481439611,0.24126364665,0.0740210126508,0.0724826951821,0.0149895518886,0.0100452373878,0.0100006896395,0.07989000681,0.0100031865829,0.010001552257,0.272384255107,0.176832697989,0.010002341724,0.0578014085188,0.0100009033648,0.0100166574884,0.164390421056,0.0650400803875,0.0100114835122,0.0100052904873,0.0402946507929,0.0492624630634,0.0100077259279,0.0100163798445,0.0123776934674,0.0720099652988,0.0100288407176,0.0100253778747,0.0197766050134,0.0282212789554,0.0100124219466,0.0164950147287,0.0284668488254,0.041674854972,0.0100090409094,0.071330856939,132.357873796,10.6520604594,4.28627013404,4.81950231533,40.9425102043,12.2773241338,21.2077358109,11.4197091769,12.4923829204,16.1774847226,0.707466604336,4.64564593822,1.94708476242,1.67199015785,23.1030414526,51.5141909481,52.2222700134,50.0740304738,3.91077543153,0,5.23084064272,25.2746627421,11.0231940844,2.55726569766,87.52395064,39.073682016,1.18860269565,20.6888980166,3.59859780653,0.768444599738,81.3795201834,14.9637587786,0.461458114669,1.54018717753,10.0135940327,7.87251757156,2.33715328957,1.69750110025,2.46410000228,13.8037078172,0.176407104762,0.737078315888,1.31655632253,1.17797239416,0.413004671175,0.561327812376,1.77465728284,1.90471892658,2.00952569261,8.08331823568
sobol__0001065@@latissimus_dorsi@@0.50,65.13662788,116.54008878,85.79103099,115.96210096,-3.06728981,-6.70423871,42.50594149,Latissimus dorsi,LAT1;LAT2;LAT3,0.5,1,usable,Converged with independently replayed constrained generalized-force equilibrium and small reserve torques,404.266647,1.35381654572,8.06790412256e-08,2.1037697407e-12,0.00010728127306,24,0,0.0357047866423,0.508850512079,0.410841550681,0.127357341861,0.0100452377434,0.204071511287,0.861260026518,0.0100010205931,0.0100003924713,0.0100001029154,0.0100001327095,1.16885524689e-06,9.59593160483e-07,1.07484179431e-06,0.0100006095348,0.0100452377434,0.149863935876,0.149534243369,0.0369689612855,0.0100031809404,0.175511215939,0.010000358668,0.0100017749961,0.0100080812644,0.0100079516459,0.0732821948242,0.118986311825,0.0100028398751,0.0100452377434,0.0100452377434,0.0985635579459,0.0720172874611,0.0100452377434,0.0100041448432,0.010001159605,0.0100017249311,0.0100017062546,0.0100021260917,0.0100017012347,0.0100015818545,0.0153832008459,0.0712598011102,0.0579820973247,0.0286917871002,0.0353240268621,0.0167075792341,0.0100401321125,0.0100079423224,0.0100038901622,0.0100029624399,31.2823834737,197.077368391,76.9411269541,19.7706103893,0,233.72676547,217.579746521,1.4278185303,3.9851854097,6.33347546206,4.62682869417,0.000158592352493,0.000144530434553,0.000100982940458,2.08025873951,0,107.510208324,107.037715534,10.4691919227,3.70806767709,63.8582938034,3.16069775699,9.48642807286,0.697007671957,2.83114002817,13.9710702909,14.7715660079,1.13724511198,0,0,50.1524423521,20.4787254921,0,0.678329998252,2.42121338833,1.56744111131,2.28113181159,1.65651165513,1.94945684144,1.88262069552,0.250785264134,4.62125048896,3.42355614311,1.08068869396,1.33001556702,0.465103532798,0.616449459754,0.455526359421,1.9324671897,1.10691453577
sobol__0003163@@subscapularis@@0.00,10.16104194,88.95952238,-42.93211354,118.53290174,-59.51260231,-9.68641644,12.00789462,Subscapularis,SUBSC,0,1,usable,Converged with independently replayed constrained generalized-force equilibrium and small reserve torques,470.173459,5.75680866544,9.32076707372e-07,2.39012656986e-12,0.000505253826592,24,3,0.0288745313473,0.662917353179,0.154762586125,0.192777785152,0.018421827635,0.000673935354351,0.0100036220408,0.0100041024606,0.0400018652746,0.0100005162605,0.0100004504361,0.010003420984,0.010002459305,0.0100018857721,0.0100012859501,0.0749681680243,0.503225889996,0.502728385373,0.126880593853,0.99999979278,0.417088650293,0.145638145902,0.0100005668549,0.0100000983663,0.999999180532,0.999999767998,0.0100001539675,0.357978178978,0.0100000855593,0.010001209355,0.0100000695332,0.0100004042806,0.0100012615637,0.0100003594336,0.0932004196378,0.341905430724,0.0100005248861,0.0100011410872,0.0100051219269,0.678707436439,0.0100025002693,0.0100008339559,0.0392415858258,0.203190845401,0.0100009921135,0.158758187003,0.322216499691,0.398507429328,0.0100009553551,0.69446473878,28.8209563697,257.879207738,29.2502685334,30.9414967326,18.1006909797,0,2.53799436475,1.4391552669,17.7570970565,6.55565411593,4.96463608514,2.66625830939,2.88125480318,1.83461602783,1.65070311169,8.11056661179,361.007448363,360.293983443,35.932579203,350.145624606,117.23311066,46.137925798,9.01040067854,1.43524057221,245.002102277,251.930290832,1.25689122513,129.704420585,2.69906297335,0.818900768658,5.5317187766,2.5013657295,0.377093648281,1.55319346868,24.1187983207,55.5316982799,2.3679502345,1.72911408697,2.08265217836,133.903235807,0.222130210056,0.888873677376,3.1223284911,9.74830727241,0.475894979198,6.34597088821,24.9335292223,18.2865461282,2.00891034025,80.1022765989
sobol__0001218@@brachialis@@0.75,81.30850288,1.26665128,74.65821849,32.17303846,48.80771019,-1.91908246,38.28719149,Brachialis,BRA,0.75,1,usable,Converged with independently replayed constrained generalized-force equilibrium and small reserve torques,398.191313,0.217590979216,3.18432242796e-07,2.82025759035e-13,0.000293430700445,24,0,0.0100004427133,0.010000511145,0.120041546044,0.0100050344872,0.010001053384,0.0100006727416,0.102623726239,0.164040549398,0.0100020390627,0.0100019409359,0.0100012024038,0.165893090341,0.0799530275366,0.117904289225,0.0100600965319,0.167508353566,0.0100019143478,0.0100020370153,0.0100452387551,0.0100452387551,0.134130558185,0.0289837383238,0.161374485565,0.12246557777,0.0469097936488,0.0453225736861,0.0959110204409,0.0100015961153,0.0100064710467,0.0100044308933,0.0947765780779,0.0100734170185,0.0100085708363,0.0100039117654,0.0100018730442,0.0100027366926,0.0100028792407,0.0100035205428,0.0100027844818,0.0100025355227,0.0109050863747,0.0458790249637,0.0343050839819,0.0147099381519,0.0265799351169,0.0106075409923,0.0100367588252,0.0100097003638,0.0100036470283,0.0100035830852,8.32625122276,10.9904797056,24.1737353134,4.99305568083,5.9220337863,12.4174710569,27.644360005,20.0227241855,4.21869466055,5.81627140268,2.89722919209,29.4123298388,6.72834048904,17.7306981173,1.80283295781,95.3860486359,6.42829973307,6.02612024799,0,0,44.717579068,6.58665392298,142.498048512,32.1357254967,13.8364068429,8.10000535583,15.5832154028,3.87738547576,4.22199953071,0.920706262606,52.8069240456,2.54739652474,0.672841662839,1.59587691515,2.42007662137,1.56530012337,2.27811730108,1.65558945453,1.94594906401,1.88111329703,0.206996129786,3.47270581717,2.26357677053,0.578683429367,1.28493225789,0.292366397386,0.544987173384,0.460116939675,1.95782420178,1.12819569433
sobol__0001047@@infraspinatus@@0.00,-22.05087212,86.07133878,-38.42771901,8.30585096,-55.56728981,15.71763629,36.88094149,Infraspinatus,INFSP,0,1,usable,Converged with independently replayed constrained generalized-force equilibrium and small reserve torques,339.787799,1.3886527588,4.65945468875e-08,9.04686729586e-13,8.04125203562e-05,28,1,0.324820880304,0.999999555722,0.444895774973,0.0102143300535,0.000674110710641,0.0100001783976,0.0100018699115,0.010000795257,0.0100004063428,0.0100001129243,0.0100000969307,0.0100006703833,0.0100004101176,0.0100003775157,0.0100005029229,0.103609161453,0.0100024466068,0.0100031376472,0.0100452374865,0.150909395575,0.0100009649578,0.0100364946892,0.189204482972,0.0184071503138,0.0303361874964,0.0589792817214,0.0477493672765,0.0100012293725,0.0100020540164,0.010003466342,0.0100057342691,0.0100068646762,0.0100065393083,0.0100030255534,0.0100018979471,0.0100028722394,0.0100028829771,0.0100035766244,0.0100028604101,0.0100028486212,0.01167873889,0.0523464322077,0.0380100609684,0.0186266616157,0.0264698375108,0.0131225734135,0.0101221374826,0.0100153252558,0.0100037490798,0.0100052916059,182.275456737,365.464590474,70.9568562901,4.39144795725,0,12.8466807894,2.64636296447,1.411371404,4.41807270659,6.3450744597,4.97235427387,2.58185601375,2.72388950909,1.79656526802,1.18980982728,78.096419854,5.08827791951,3.90759528022,0,53.2690739144,2.09696748553,0.00416226224608,221.001387474,4.36444231068,7.53242080363,9.49521032749,9.21069128971,4.07926080283,4.12155464278,1.00415486456,1.95420631089,2.5481077899,0.718854617156,1.67442288003,2.52733433701,1.62410009472,2.32366788545,1.69326088274,2.00682993107,1.9596071104,0.324424508917,5.24173376384,3.08887928538,0.824337194433,1.67716473621,0.34060179123,0.52140373401,0.437892093292,2.01070761414,1.16746979628
sobol__0000261@@posterior_deltoid@@0.25,106.00576851,72.42387784,54.80958568,105.36151502,63.88583519,-0.19300824,-11.81046476,Posterior deltoid,DELT3,0.25,1,usable,Converged with independently replayed constrained generalized-force equilibrium and small reserve torques,491.787682,0.71155217022,5.11745099629e-08,8.62088021367e-13,7.77994729653e-05,8,0,0.268434021644,0.0100008554401,0.00266815249081,0.0100008121424,0.0100043391223,0.0100003789081,0.699300292589,0.163222893163,0.229839378558,0.0100032224797,0.0100044835885,0.0313935930493,0.0100148158623,0.0100078975243,0.171014864602,0.149024927535,0.0363573427126,0.0358760837391,0.0109354618833,0.0102570559917,0.0100008815607,0.0100148087299,0.0100350685271,0.0100209785974,0.0100482302075,0.0482059006015,0.055144830141,0.0100118003559,0.0100246050883,0.0100333468077,0.0483830506761,0.0261342381788,0.0100732420992,0.0100368841063,0.0100285750278,0.0100427228864,0.0100437939358,0.0100527589381,0.0100428629428,0.0100424966969,0.0137581774805,0.0554053915426,0.0102570559917,0.0210438376789,0.0215967199566,0.0149044957004,0.0104541768562,0.0101169281027,0.0100385161692,0.0100503585635,264.620854212,10.2147460116,0.125574479075,4.98188457791,9.00148249948,12.8216739985,188.36957537,23.3418907714,80.5523604481,5.76441568943,3.05917347873,8.24144959262,2.85452469417,1.80967570428,30.3820467811,7.53540115455,26.0699177615,25.381985041,3.02827706258,0,5.065319457,3.12968832038,10.5412467369,1.99956892129,2.90121180082,12.1462912121,8.79034215664,3.84568625312,4.22516688741,0.956578226727,17.5209010455,5.85570788658,0.67102169733,1.61486665852,2.59528727884,1.62935149782,2.37780022249,1.73802837479,2.09738259058,1.98127893899,0.395198255244,5.99136209418,0,1.0268721774,1.25094862093,0.682972126028,0.744000520607,0.465335654677,1.71683737287,1.17271625264
sobol__0001065@@anterior_deltoid@@0.00,65.13662788,116.54008878,85.79103099,115.96210096,-3.06728981,-6.70423871,42.50594149,Anterior deltoid,DELT1,0,1,usable,Converged with independently replayed constrained generalized-force equilibrium and small reserve torques,354.035888,1.48587180967,8.82522277479e-08,3.1334934647e-12,7.68930215733e-05,24,0,0.000673962208087,0.567130318732,0.208223434451,0.239253844496,0.0100452377901,0.172651098039,0.895358326943,0.0100008485312,0.0100006721456,0.0100001054603,0.0100001345563,0.0100004770109,0.0100003625157,0.0100004239806,0.0100007107881,0.0100452377901,0.214135617431,0.213664581192,0.0528109440169,0.0100021686282,0.262713526915,0.0100003589092,0.010001254131,0.010006091107,0.0100054307632,0.0721084760618,0.117914446224,0.0100028158647,0.0100452377901,0.0100452377901,0.153487166207,0.108002605815,0.0100452377901,0.0100040686955,0.0100011872552,0.0100017694124,0.0100017371364,0.0100021641214,0.0100017400456,0.0100016174503,0.0156924790683,0.0728308980088,0.0595753568133,0.0297244953194,0.0349663248119,0.0168643179654,0.0100351803837,0.0100079373099,0.0100038483544,0.0100029506603,0,219.649087782,38.9954367529,37.1411217682,0,197.740402097,226.193985371,1.42779396548,3.98529686062,6.33347707381,4.62682954862,2.71376490705,3.01243651916,1.87910858087,2.08027980153,0,153.617778054,152.942684874,14.9554623474,3.70769242419,95.5861281857,3.16069783322,9.48593404673,0.696869069036,2.83042689865,13.747303693,14.6384991619,1.1372423824,0,0,78.0994153979,30.7114554697,0,0.678324835016,2.42122008225,1.5674480823,2.28113885491,1.65651795344,1.94946440615,1.8826273958,0.255827285072,4.72313727765,3.51763023753,1.11958610004,1.31654741699,0.469466806235,0.616145430768,0.455526131273,1.93245911362,1.10691323226
sobol__0000317@@teres_minor@@0.50,80.69326851,115.08012784,89.96583568,78.95526502,-63.61416481,-9.48988324,-21.18546476,Teres minor,TMIN,0.5,1,usable,Converged with independently replayed constrained generalized-force equilibrium and small reserve torques,359.282974,3.10367242157,5.74992736091e-07,2.59348098552e-12,0.000133638609963,27,0,0.0100003101334,0.0100046011178,0.552656122427,0.010000560289,0.51779617388,0.0100003345583,0.273227413569,0.0100021946948,0.0100002358949,0.010000146075,0.010000201205,0.0100012191944,0.0100014466038,0.0100014833626,0.0100011399132,0.0100452376951,0.650973242653,0.637161317437,0.126084694275,0.596631262817,0.435751326907,0.0100005253284,0.010000390491,0.0100002407491,0.664718967655,0.518915543774,0.0100004963941,0.421370025739,0.0100002062216,0.0100146244289,0.0100003692362,0.0100021916967,0.0100028163078,0.0100016290084,0.182487737918,0.169668872659,0.0100040774173,0.0100267723465,0.110106650301,0.24655675689,0.0100055275167,0.0100012369865,0.0100060373526,0.0153663802193,0.0100024751639,0.0100447783615,0.0100062005439,0.077966939927,0.0255965085488,0.173631295421,4.97555681801,5.77808774941,105.574914686,2.23531407888,556.872889128,11.3616428578,36.2510585315,1.42295646354,3.9383061947,6.34220179566,4.62275749366,2.71781007062,3.02351242849,1.87994881799,2.06774777264,0,453.49485795,434.455127889,31.4907173907,207.109963727,202.484056012,3.15437545894,11.2409115078,2.69920482145,209.977845312,127.053302019,1.53225763722,171.873538548,4.78744869377,1.00952841315,4.71634937857,2.45751758176,0.750649552775,1.71197914076,45.0245263868,24.8148755032,2.23020275211,1.68724577836,23.3853600097,47.1309619156,0.294431708106,1.08880060661,0.944395122332,0.746721265448,0.609622252491,0.474975972095,0.84863176601,3.58634512476,3.85686018401,20.2608726105
sobol__0001720@@pectoralis_major@@0.50,-30.31259087,4.18657316,52.24610911,0.30780409,-59.16103981,2.8318941,8.87312899,Pectoralis major,PECM1;PECM2;PECM3,0.5,1,usable,Converged with independently replayed constrained generalized-force equilibrium and small reserve torques,507.053728,0.730526611548,9.48937775247e-07,1.28608235173e-12,3.32300710412e-05,12,0,0.1220316771,0.010003818626,0.0100021932931,0.340505500603,0.0100004228068,0.0568497590895,0.0100025927922,0.0809854564436,0.0471335808198,0.0350320740814,4.2936620467e-06,0.141173520763,0.0493364472466,0.0775913591314,0.0812781707,0.263106890639,0.545816873779,0.397827247966,0.0100452380291,0.0100034811194,0.0967619525594,0.0100020122774,0.0100006211915,0.0100027583739,0.0321741608181,0.0100148419243,0.0486799614059,0.0100038595017,0.0100014218129,0.010019056567,0.0100324542196,0.042384682334,0.0100212151581,0.0100097875561,0.0159835428071,0.0128736440351,0.0100225090758,0.0100342477744,0.0100671708424,0.0113267130789,0.0136304788998,0.0606488194548,0.04796645305,0.0279346401859,0.0231474525708,0.0100929041768,0.0109415137505,0.0131968723944,0.0136649580636,0.0310569987176,96.2762974276,10.9556167548,1.99667810713,169.516294716,7.25368518742,70.1752648293,2.69086155539,10.0477899529,9.95854747351,10.1837664241,0.000537291801015,26.1112663579,4.46924389326,11.8299597226,15.0032605531,199.405219308,240.118407581,127.561605921,0,3.50521978091,31.039211485,2.51377577473,11.507306499,2.30978201679,9.71075989784,2.20194250642,9.39021460465,3.5810806582,4.77973052831,0.93461303516,1.60033471456,10.6181456948,0.752042853318,1.71175555213,4.13636820557,2.0863389418,2.37319916444,1.73483715945,2.10096866287,2.2345630933,0.439245706027,6.6227864634,4.51231196867,1.36320127865,1.61381392504,0.391270667658,0.786122875474,0.606993053393,2.72944157801,3.62412119696
sobol__0001262@@brachialis@@0.50,44.74600288,60.17290128,-58.93553151,17.95428846,-63.69228981,12.84654254,-53.58780851,Brachialis,BRA,0.5,1,usable,Converged with independently replayed constrained generalized-force equilibrium and small reserve torques,474.729931,3.66537617232,2.15809663473e-08,8.31348061237e-13,0.000309242306127,12,2,0.0199740875703,0.682137744589,0.0100000719813,0.0100000421984,0.315076181435,0.0100000243612,0.999999035778,0.0100001061572,0.999999823002,0.0100002640199,0.0100001017843,0.0100000592029,0.0100000453277,0.0100000582899,0.947483005369,0.0100000311258,0.0365113478829,0.029833278991,0.0100452377677,0.0100011289131,0.264962077179,0.0100011917406,2.60273844677e-05,0.103919246434,0.0100452377677,0.125928272776,0.0127536472229,0.120888994849,0.0133509097111,0.0178959920955,0.23997960456,0.128663378628,0.0224124972431,0.0676015160943,0.0497910904173,0.0287489795278,0.0133208378894,0.015673139083,0.0307287757563,0.0225467784023,0.01011076958,0.0172697948872,0.0266993542464,0.0179167829848,0.0101920359777,0.0105771218281,0.0101153478576,0.0101479660332,0.0100169455679,0.0100708248662,19.0878378013,678.959731756,2.002504378,4.77391478686,288.548500094,12.0250044453,208.048720429,1.43858295814,443.873429895,6.48468207131,4.58401211099,2.6650150766,2.85229554382,1.80501188659,191.961925215,4.86432656701,21.5286870173,14.3691990604,0,3.47112828128,119.358568714,1.47842670243,0.0153021573136,25.2777582122,0,30.7494156241,2.35442746734,21.5388756873,5.7802988399,0.460883793886,48.2797059873,31.6018033946,1.06887729827,9.01875824402,10.0083150159,3.35758620597,2.7483205054,2.41842443549,6.50910761452,3.56183665548,0.396673922674,1.68296752212,2.3472399918,0.801242503181,0.718366316593,0.486559604764,0.890435729557,0.430182221895,0.846034456727,0.983999174
sobol__0001065@@teres_major@@0.25,65.13662788,116.54008878,85.79103099,115.96210096,-3.06728981,-6.70423871,42.50594149,Teres major,TMAJ,0.25,1,usable,Converged with independently replayed constrained generalized-force equilibrium and small reserve torques,363.479042,1.39668099531,8.48275023557e-08,1.53431577962e-12,0.000108865548959,24,0,0.0380677645831,0.518781297986,0.417165326669,0.129639875137,0.0100452386681,0.205437799078,0.87487575122,4.13909120739e-06,0.0100003865033,0.0100001011462,0.0100001304605,0.010000562594,0.0100004619083,0.0100005173719,0.0100005993505,0.0100452386681,0.151539420001,0.151206427365,0.0373817408529,0.0100031427522,0.177784756112,0.0100003529395,0.0100017560267,0.0100080130494,0.0100078566517,0.073251700148,0.118958467598,0.0100028392455,0.0100452386681,0.0100452386681,0.099995437677,0.0729556986929,0.0100452386681,0.0100041428234,0.01000116031,0.0100017260631,0.010001707046,0.0100021270667,0.0100017022252,0.0100015827634,0.0153908380479,0.07130061771,0.0580242435597,0.0287188161558,0.0353140320429,0.0167107293837,0.0100399863951,0.0100079422117,0.0100038890527,0.0100029621343,33.3526824272,200.923552741,78.1254240423,20.1249446773,0,235.291599428,221.019481182,0.000147731700708,3.98518303173,6.33347434238,4.62682765429,2.71378813129,3.01246645966,1.87912612938,2.08025662104,0,108.712176271,108.234677187,10.5860864299,3.7080535213,64.685502509,3.16069594661,9.48641008015,0.697002920806,2.83111315488,13.9652565581,14.7681092862,1.13724504187,0,0,50.8810307591,20.7455706718,0,0.67832986193,2.42121355915,1.5674412888,2.28113199219,1.65651181667,1.94945703458,1.88262086669,0.250909770015,4.62389747686,3.4260446707,1.08170675535,1.32963924374,0.465191226392,0.616440512972,0.455526354388,1.93246697551,1.106914502
sobol__0000261@@pectoralis_major@@0.50,106.00576851,72.42387784,54.80958568,105.36151502,63.88583519,-0.19300824,-11.81046476,Pectoralis major,PECM1;PECM2;PECM3,0.5,1,usable,Converged with independently replayed constrained generalized-force equilibrium and small reserve torques,405.252108,0.764535443695,6.55804655025e-08,7.76380058965e-13,9.55100341555e-05,10,0,0.279206041763,0.0100003141697,0.010034549722,0.0100003227077,0.0100009660325,0.010000148338,0.666780467251,0.258668284122,0.234224169222,2.97448131936e-06,3.95701345727e-06,0.146570943429,0.0100114131452,0.010003621225,0.226062068704,0.171270464105,0.0355766394558,0.0351039286296,0.0104712770715,0.0101171660852,0.0100003580923,0.0100114844665,0.010016043227,0.0100095119886,0.0100219550173,0.0482248417299,0.0551309499328,0.0100053066374,0.010011080469,0.0100150056882,0.0484131141865,0.0259572337092,0.010033011512,0.0100166062547,0.0100128363084,0.010019198402,0.0100196754222,0.0100237119495,0.010019259329,0.0100190949032,0.0134082022106,0.0553920641185,0.0101171660852,0.0209265770541,0.0214830461532,0.0146355843104,0.0102136582012,0.0100527183807,0.0100173069283,0.0100226443825,275.239854813,10.2141931636,1.88907247034,4.98164076729,8.99844753663,12.8213783792,179.609753938,36.9911764065,41.0445543155,0.000857031163035,0.000604988280549,38.4778206242,2.8535548175,1.80890244364,40.1615869261,8.66024005801,25.5101169567,24.8356927081,2.89973377492,0,5.06505432676,3.12864946848,10.5212617845,1.99728089589,2.89362540185,12.1510637496,8.788129585,3.84319191603,4.21946653638,0.954829586294,17.5317879423,5.81604779243,0.668341766051,1.61160408959,2.59121426765,1.62553483831,2.37209032766,1.73300642106,2.09245313877,1.97666201132,0.385145352669,5.98992090859,0,1.02115023281,1.2443642834,0.67064973765,0.726883342801,0.462382280619,1.71321006256,1.16948245056
sobol__0002818@@triceps@@0.75,84.07705757,31.76713956,78.43019115,88.1276283,61.65927269,-8.47303754,25.66023837,Triceps,TRIlong;TRIlat;TRImed,0.75,1,usable,Converged with independently replayed constrained generalized-force equilibrium and small reserve torques,528.131576,0.197863794332,1.88613137553e-07,6.5874330779e-13,2.26817002257e-05,10,0,0.059216609764,0.01000263129,0.0105065588478,0.0100048196047,0.0661193305692,0.0100040956943,0.020959852661,0.0124462271145,0.117182206774,0.132994483313,0.0253021643713,0.0100388171042,0.0100446960384,0.0100325360216,0.0293751523873,0.0615442791812,0.0702297866049,0.0687701429725,0.0189222862227,0.0100674906846,0.0100013868901,0.0100038419032,0.0100038246911,0.0100024439478,0.270465971739,0.179174953749,0.0100036516854,0.0638931655012,0.0100013768969,0.0100271215935,0.106942316542,0.0498240426609,0.0100177841403,0.0100082782885,0.0382734235329,0.0467722765644,0.0100115143962,0.0100241048679,0.0110608664992,0.0681853487659,0.0100420287392,0.0100349983216,0.0181045132927,0.0267398441884,0.0100191277303,0.0164421701778,0.0288614606451,0.0408347476176,0.0100135219139,0.0696147346149,72.1250724102,10.654442904,2.09288223463,4.82136559213,45.3171420443,12.2816649026,5.52728377403,1.65011394516,46.8000392481,61.3535902973,2.67774888974,2.25015462607,1.66422311635,1.67382985985,4.68638050851,9.85561996252,37.1606529119,35.6319349009,4.93682617185,0,5.23120533825,3.16489809332,11.0238972593,2.55749369128,86.9075576746,39.5912365041,1.18875836159,22.8693247942,3.59876819567,0.76924737092,52.9405202055,11.4630079076,0.461748528669,1.5406471115,9.51130033279,7.47456676372,2.33803802913,1.69881027939,2.20195153786,13.0705608296,0.176639081791,0.737785623145,1.20524283237,1.116136456,0.413281279571,0.559529504399,1.79925785394,1.86632243115,2.0104253486,7.88884471504
sobol__0002818@@teres_major@@0.75,84.07705757,31.76713956,78.43019115,88.1276283,61.65927269,-8.47303754,25.66023837,Teres major,TMAJ,0.75,1,usable,Converged with independently replayed constrained generalized-force equilibrium and small reserve torques,619.695089,0.191062059646,2.45318606318e-07,5.25801624462e-13,2.12105125596e-05,12,0,0.0615962118742,0.0100018305942,0.0102329174752,0.0100033601873,0.0627581320506,0.0100028280328,0.0199025927502,0.00871008492678,0.114117819848,0.128593395666,0.0244150908046,0.0100259433445,0.0100296939807,0.0100217380051,0.0284750912731,0.0679447591271,0.0549503108589,0.0538083936477,0.0113866486,0.0100452375606,0.010001141339,0.0100035975119,0.0100041936318,0.0100021527976,0.276461893864,0.167694127,0.0100025950159,0.0710820345178,0.0100010033918,0.0100213484163,0.112450869852,0.0452082607081,0.0100130574507,0.01000620823,0.0345259020767,0.0428562566624,0.0100079971359,0.0100163853475,0.0103056821536,0.0627601289481,0.0100289259753,0.0100244452357,0.0170270146141,0.0251190961844,0.0100134074427,0.0154819009574,0.0271534481022,0.038117895033,0.0100094372804,0.0648018640005,75.0233973091,10.6535900316,2.03837350576,4.82066229259,43.0134298132,12.2801086405,5.24847572875,0.866083701662,45.5761893788,59.3232615048,2.58386916346,2.2472690322,1.6617375489,1.67202831712,4.54278878152,14.5074458759,38.7677750982,37.1730540163,2.97077764051,0,5.23107690324,3.16482077566,11.0243038203,2.55741924802,88.8341991215,37.0543856683,1.18863279646,25.4424416424,3.59863379131,0.76880447196,55.6674639202,10.4010558422,0.461530661489,1.54032845223,8.58000653197,6.84875689619,2.33721662601,1.69750203281,2.05161256292,12.0305915853,0.176408604519,0.737009747157,1.13351223448,1.04848550296,0.413045322327,0.526851399304,1.69277831555,1.74215066053,2.0096052724,7.34344309729
sobol__0000234@@brachialis@@0.00,111.98233101,59.98247159,63.89161693,97.49042127,72.94833519,3.01988238,-22.35733976,Brachialis,BRA,0,1,usable,Converged with independently replayed constrained generalized-force equilibrium and small reserve torques,404.13962,1.32318213986,3.54724534191e-08,1.48503431774e-12,0.000116798626833,22,0,0.239555339855,0.0100001122957,0.0205195606414,0.0100001301605,0.0100004275835,0.0100000503881,0.641364497557,0.266186997995,0.706033704762,0.0100002282021,0.0100004259458,0.0389981295559,0.0100016821778,0.0100007156743,0.0100211344974,0.491175183003,0.0100029266617,0.0100029809472,0.0100112000667,0.0100452378321,0.0100001553878,0.0100011084159,0.000673972425066,0.0448891893368,0.0265727694439,0.0191699802281,0.0399235910818,0.0100028176475,0.010038018458,0.0100078264946,0.165485538976,0.0287340486836,0.0100192946339,0.0100099086514,0.0100059155153,0.0100089142738,0.01000992541,0.0100113847693,0.0100090914609,0.0100089876432,0.0149552641236,0.0551892713751,0.0423848710298,0.0199643335709,0.0191270182954,0.0120557118388,0.0100566839688,0.0100216163839,0.0100086015418,0.0100098969989,268.976982788,10.5151132407,3.7677166805,4.98892887968,7.79980817917,12.7931570586,172.623680558,36.8814539051,204.907139026,4.79215271351,1.87869841525,10.0048137234,2.68727881242,1.76762079559,1.5204929754,69.4097616392,7.14036305998,7.00184707451,2.69869832124,0,5.23294250723,3.13678395576,0,11.089985822,8.12432579397,4.8401890647,6.99832911743,4.00580622912,4.45508918,1.00497238192,68.4359995658,5.78400164586,0.705990494704,1.65669219235,2.58738419168,1.60428683275,2.36503576316,1.72993997134,2.11058243976,1.97269303378,0.473129308181,6.02624105208,3.99260599867,0.974193737164,1.2184402513,0.569229038274,0.737099861962,0.46018520744,1.49144903017,1.16176002314
sobol__0001065@@supraspinatus@@0.50,65.13662788,116.54008878,85.79103099,115.96210096,-3.06728981,-6.70423871,42.50594149,Supraspinatus,SUPSP,0.5,1,usable,Converged with independently replayed constrained generalized-force equilibrium and small reserve torques,448.76808,1.41842333445,7.85586387053e-08,3.15231973045e-12,0.000109927272983,24,0,0.0436167644107,0.52899041699,0.421726213614,0.0659242274969,0.0100452379444,0.204068633361,0.885489290811,0.0100009906775,0.0100003823951,0.0100000997892,0.0100001287167,0.0100005550577,0.0100004554604,0.0100005102345,0.0100005908642,0.0100452379444,0.152275787747,0.151940765139,0.0375632415004,0.0100031262562,0.178783555475,0.0100003485146,0.0100017478168,0.010007983416,0.0100078155843,0.0732382067332,0.118946072422,0.0100028389662,0.0100452379444,0.0100452379444,0.100624601892,0.073367674563,0.0100452379444,0.0100041419339,0.0100011606194,0.0100017265598,0.0100017073935,0.0100021274945,0.0100017026598,0.0100015831619,0.0153947690462,0.0713187346725,0.0580419344045,0.0287305217317,0.0353105535333,0.0167134884305,0.0100399213271,0.0100079421307,0.0100038885805,0.0100029619956,38.2143818576,204.87753631,78.9795727507,5.11694967412,0,233.723469334,223.700775003,1.42781425935,3.98518139434,6.33347348201,4.62682684673,2.71378608605,3.01246451709,1.87912478824,2.08025485578,0,109.240435784,108.760321587,10.6374853615,3.70804740629,65.0489073178,3.16069454797,9.48640229449,0.697000857628,2.83110153796,13.9626840697,14.7665704831,1.13724500858,0,0,51.201170603,20.8627194988,0,0.678329800971,2.42121363389,1.56744136656,2.28113207134,1.65651188745,1.94945711919,1.8826209416,0.250973855181,4.62507237359,3.42708922669,1.08214765076,1.32950827097,0.465268032274,0.616436517846,0.45552635069,1.93246688416,1.1069144866
sobol__0001720@@biceps@@0.50,-30.31259087,4.18657316,52.24610911,0.30780409,-59.16103981,2.8318941,8.87312899,Biceps,BIClong;BICshort,0.5,1,usable,Converged with independently replayed constrained generalized-force equilibrium and small reserve torques,684.191683,0.740168394041,9.67185588618e-07,2.08899564313e-12,3.4768953774e-05,14,0,0.0950210869869,0.010004227641,0.0100021968408,0.353383014574,0.0100004039726,0.0795232593528,0.0100025187084,0.0868393192692,0.0802653209085,0.0293880669994,0.0100018294394,0.151968851049,0.0542868690267,0.0826262076209,0.0762382294885,0.245672100391,0.549214553776,0.400303671076,0.0100452374456,0.0274041455771,0.101834869376,5.99922391429e-06,0.0100006173402,0.0100023077044,0.0216783759213,0.0100105216477,0.0310783943962,0.0100018490575,0.0100011232382,0.0100071805463,0.0100050992668,0.0100229313304,0.0100100558917,0.0100044647281,0.0100108217239,0.0100174030018,0.0100095123089,0.0100128890715,0.0100127262562,0.0100191992684,0.0142492387393,0.0634844217827,0.0492967898286,0.0281556274959,0.0239091277983,0.0101031401469,0.0133618122257,0.0123303566238,0.0115677595601,0.0285092402859,74.9664239588,10.9560646849,1.99667881553,175.92719983,7.25367152697,98.1634025323,2.69084162568,10.7740732495,33.9174743264,17.0861256582,2.50317835376,28.1079562772,4.91768807132,12.597597455,14.0729301732,186.191623221,241.613131533,128.355660461,0,9.60241260125,16.3332485823,0.000753883485353,11.507302068,2.30967795081,6.54293688402,2.20099261592,5.9949265472,3.58036098098,4.77958783767,0.933505198308,1.5959711687,2.51092940415,0.751205405356,1.71084530501,2.59069251357,1.62344849071,2.37012169988,1.73114441912,2.0896063475,1.97661340529,0.459185401673,6.93243121628,4.63745973714,1.3739853869,1.66691705068,0.391667484459,0.960015815612,0.567137469607,2.31054671099,3.32681670141
sobol__0003935@@biceps@@0.75,-58.21786431,122.34819425,74.10890208,97.07782362,71.26864769,13.11143512,-33.10929288,Biceps,BIClong;BICshort,0.75,1,usable,Converged with independently replayed constrained generalized-force equilibrium and small reserve torques,340.245402,3.31116470766,2.31427819131e-08,1.79506284614e-07,0.00208508747326,28,1,0.565345391085,0.0100000850891,0.0100000214805,0.010000010156,0.01,0.0100000717519,0.0100000138267,0.0100001003595,0.01,0.010000002449,0.0100000364347,0.0100001081352,0.403584503145,0.999999709984,0.0100011327312,0.0100000349992,0.609469705966,0.597563211831,0.128224943743,0.0100452377956,0.557165949031,7.1261132686e-07,0.0100003988762,0.0100001778128,0.0100005097308,0.0100105163368,0.0100012483709,0.0100004986681,0.010000477417,0.0100015533497,0.800037633141,0.311811270239,0.0100022527742,0.0100011353677,0.010005943003,0.0100276253925,0.0100048485851,0.010006778387,0.010009725853,0.0294816323421,0.0202332415106,0.0500364231284,0.0612433503289,0.0442847045865,0.010007303036,0.0100256313521,0.0100264236577,0.0287529640691,0.0373795990758,0.070094897026,388.086374077,1.37029486445,1.53023344292,3.38435941095,10.6704185475,12.2771142658,2.32020380476,1.43858017121,4.23495712409,3.70610119436,3.23963408858,2.63234785975,120.070869468,187.974258884,0.0875518942207,1.1626358429,434.865888862,418.04089491,34.5163348428,0,216.837260258,1.99706031225e-05,10.7831448988,2.47180895523,3.0917008747,2.5275296044,1.92906954517,4.07836313977,4.38424533068,1.01011632212,337.841111766,63.9476618304,0.711615387793,1.66917212212,2.56078879434,1.53466445989,2.35671436208,1.72613569217,2.1228369699,5.73926576852,0.751893938572,5.41544596993,5.78119941379,2.14603841998,0.718714199134,0.474199205289,0.738166164489,1.23823909319,4.46829276852,7.32877005789
sobol__0000234@@coracobrachialis@@0.25,111.98233101,59.98247159,63.89161693,97.49042127,72.94833519,3.01988238,-22.35733976,Coracobrachialis,CORB,0.25,1,usable,Converged with independently replayed constrained generalized-force equilibrium and small reserve torques,370.075102,1.30522616372,6.38895762961e-08,1.79767312147e-12,0.000115751056514,12,0,0.239598577218,0.0100002725212,0.0198039731843,0.0100003139894,0.0100009957278,0.0100001295412,0.633683415198,0.264067511922,0.700530480628,0.0100005397581,0.0100009962016,0.0393853710799,0.0100039035918,0.0100016659416,0.000326443066325,0.508983119157,0.0100272607925,0.0100276561752,0.0100650113999,0.0101029154743,0.0100003481558,0.010002016825,0.0508348952969,0.0100093202116,0.0100364169007,0.0388205707282,0.0313124714884,0.0100054146733,0.0100111871537,0.0100149747884,0.102616021092,0.0254366893729,0.0100312314914,0.0100161424018,0.0100132929283,0.0100203449018,0.0100201034173,0.0100240571229,0.0100198261774,0.0100205530934,0.0134701526385,0.0504394647362,0.0419823646207,0.0202628189181,0.0177634519396,0.0129646680013,0.0101747575314,0.0100567111528,0.0100197978399,0.0100260085021,269.025530514,10.5152817182,3.63632347747,4.98902058941,7.80025130356,12.7932583196,170.556312141,36.5877891918,203.309977462,4.79230200796,1.87880554052,10.1041589826,2.68787566702,1.76778875467,0.0123826895328,71.9262663273,7.157733429,7.01911914306,2.71320413,0,5.23304338021,3.13706887239,54.7536615138,2.47282744203,3.06852173867,9.8017264331,5.48885946112,4.00684625374,4.44318086929,1.0056902038,42.4365175295,5.12026184663,0.706831602647,1.65772391063,2.58929188339,1.60611900031,2.36744051149,1.73212971947,2.11284603217,1.97497249342,0.426145866769,5.50759894927,3.9546903587,0.988758839219,1.13157756692,0.612146806128,0.745754007639,0.461796733289,1.4931174672,1.16362994274
sobol__0000261@@teres_major@@0.50,106.00576851,72.42387784,54.80958568,105.36151502,63.88583519,-0.19300824,-11.81046476,Teres major,TMAJ,0.5,1,usable,Converged with independently replayed constrained generalized-force equilibrium and small reserve torques,304.603548,0.733545232551,4.98456245168e-08,1.5418777366e-12,8.18580918469e-05,25,0,0.264630167954,0.0100001320166,0.0100703146247,0.0100001266789,0.0100006376369,0.0100000547087,0.710538452455,0.0903941907989,0.268044426446,0.0100005406622,0.0100007499451,0.0490686794627,0.010002673095,0.0100013359115,0.183097626386,0.15545299126,0.0361347340158,0.0356533288091,0.0102137559269,0.0100452387974,0.0100001388135,0.0100027149877,0.010006058861,0.0100036134978,0.0100083381369,0.0482334050647,0.0551195704883,0.0100020249279,0.010004229545,0.0100057388467,0.0483647563197,0.0259933925848,0.0100126334567,0.0100063490057,0.0100049137452,0.0100073536596,0.0100075364126,0.0100090846229,0.0100073770458,0.0100073145482,0.0132091270899,0.0554014031621,0.0100452387974,0.0208702333375,0.0214256674497,0.0144863416658,0.0100838230112,0.0100202301945,0.0100066281425,0.0100086748918,260.871034815,10.2140071148,1.8958054573,4.98154311601,8.99815206021,12.821258335,191.396783315,6.46346626771,93.9421756136,5.76287027784,3.05803180857,12.8815152746,2.85106363938,1.80848920231,32.5286381718,7.86043422573,25.9102968985,25.2243880658,2.82842033815,0,5.06494326434,3.12590895295,10.5107737954,1.9961039182,2.88969381757,12.153221426,8.78631564919,3.84193136091,4.21657901019,0.953946086565,17.5142761136,5.82414963998,0.666984296592,1.60995376763,2.58916399356,1.62361312355,2.36921649931,1.73047749254,2.08997160594,1.97433787121,0.379426997924,5.99093080309,0,1.01840083911,1.24104073203,0.66381095767,0.717643260884,0.46088796226,1.71138372307,1.16785243421
