sample_id,elv_angle,shoulder_elv,shoulder_rot,elbow_flexion,pro_sup,deviation,flexion,usable,status,reason,duration_ms,objective,max_assembly_error_deg,max_equilibrium_residual,max_reserve_torque_nm,muscles_at_floor,muscles_at_capacity,activation__DELT1,activation__DELT2,activation__DELT3,activation__SUPSP,activation__INFSP,activation__SUBSC,activation__TMIN,activation__TMAJ,activation__PECM1,activation__PECM2,activation__PECM3,activation__LAT1,activation__LAT2,activation__LAT3,activation__CORB,activation__TRIlong,activation__TRIlat,activation__TRImed,activation__ANC,activation__SUP,activation__BIClong,activation__BICshort,activation__BRA,activation__BRD,activation__ECRL,activation__ECRB,activation__ECU,activation__FCR,activation__FCU,activation__PL,activation__PT,activation__PQ,activation__FDSL,activation__FDSR,activation__FDSM,activation__FDSI,activation__FDPL,activation__FDPR,activation__FDPM,activation__FDPI,activation__EDCL,activation__EDCR,activation__EDCM,activation__EDCI,activation__EDM,activation__EIP,activation__EPL,activation__EPB,activation__FPL,activation__APL,active_force_n__DELT1,active_force_n__DELT2,active_force_n__DELT3,active_force_n__SUPSP,active_force_n__INFSP,active_force_n__SUBSC,active_force_n__TMIN,active_force_n__TMAJ,active_force_n__PECM1,active_force_n__PECM2,active_force_n__PECM3,active_force_n__LAT1,active_force_n__LAT2,active_force_n__LAT3,active_force_n__CORB,active_force_n__TRIlong,active_force_n__TRIlat,active_force_n__TRImed,active_force_n__ANC,active_force_n__SUP,active_force_n__BIClong,active_force_n__BICshort,active_force_n__BRA,active_force_n__BRD,active_force_n__ECRL,active_force_n__ECRB,active_force_n__ECU,active_force_n__FCR,active_force_n__FCU,active_force_n__PL,active_force_n__PT,active_force_n__PQ,active_force_n__FDSL,active_force_n__FDSR,active_force_n__FDSM,active_force_n__FDSI,active_force_n__FDPL,active_force_n__FDPR,active_force_n__FDPM,active_force_n__FDPI,active_force_n__EDCL,active_force_n__EDCR,active_force_n__EDCM,active_force_n__EDCI,active_force_n__EDM,active_force_n__EIP,active_force_n__EPL,active_force_n__EPB,active_force_n__FPL,active_force_n__APL
anchor__forward_45,90,45,0,0,0,0,0,1,usable,Converged with independently replayed constrained generalized-force equilibrium and small reserve torques,410.397148,0.462443544875,0.000545997706114,1.39867947569e-12,1.59145602043e-05,20,0,0.212885613018,0.224651994874,0.0100194580645,0.0643343353182,0.124302347739,0.021890341277,0.0100375643722,0.0100087554133,0.0100052077026,0.0100022463232,0.0100052162721,0.0100071506186,0.0100070423507,0.0100079652385,0.0100113958459,0.385450502891,0.349789771633,0.254403334541,0.010045237529,0.0288175452193,0.0100062898282,0.0100029648728,0.0100009582965,0.0100034585552,0.0365451544824,0.0273729606679,0.0146707806468,0.0100025359941,0.0100012642616,0.0100091858393,0.0100032955716,0.0100174808172,0.0100103059736,0.0100057823647,0.0100068546545,0.0100109639305,0.010006845947,0.010009352065,0.0100088591266,0.0100113073913,0.0119548925757,0.0537903695711,0.010045237529,0.0262759726799,0.0197359181399,0.0107442199678,0.0153016283343,0.0103188885954,0.0100169896191,0.0151374221477,254.898840218,237.902881383,2.01362289491,29.6940917923,133.683450009,28.5946427403,2.56486357388,1.40709307055,4.07860352596,5.49536424578,1.8556505715,2.59100677886,2.64140107619,1.75704873627,1.65843858517,258.430135216,153.012470381,80.9388065639,0,10.4238264933,2.36789647779,2.2262808351,11.4987575591,2.32073957192,11.2551938624,6.50202779918,2.82996690932,3.90505716401,4.79280328948,0.994575652222,3.80001960031,2.83956144885,0.753654543671,1.71293553741,2.58961882314,1.62565185353,2.3694893619,1.73053025459,2.08164151911,1.97514706269,0.397442152412,5.87366207832,0,1.28201831333,1.3969890665,0.452290338747,1.10663608026,0.474651423969,1.92590721931,1.76644289043
sobol__0000002,84.56045601,41.19340909,-51.53807057,83.77948377,-78.92666481,-1.76527387,12.79891024,1,usable,Converged with independently replayed constrained generalized-force equilibrium and small reserve torques,444.710898,0.114831500272,3.84254832397e-08,1.69206335246e-13,4.22377313397e-05,20,0,0.128563526671,0.112183606405,0.0100205472879,0.0107445095804,0.0254720802373,0.0100740328859,0.0100392822853,0.0100144531784,0.0100133954738,0.0100045606194,0.0100068261974,0.010011925206,0.0100110319587,0.0100116598579,0.0100177176061,0.0100161196121,0.0417846202545,0.0409068551978,0.0102315411759,0.235216139059,0.132784026374,0.0225823332613,0.010005423904,0.0100008838753,0.0100017516906,0.0108932601455,0.0467558457499,0.0100009759791,0.0100031552198,0.0100031545522,0.0100013297154,0.0100063440325,0.0100064155649,0.0100029392559,0.0100024412755,0.0100037745221,0.010004252232,0.0100050496478,0.0100039174511,0.0100038273437,0.0102275907634,0.0347132916431,0.0218052215519,0.0102034466885,0.0211753278583,0.0103325875798,0.0100419411485,0.0100140516476,0.0100057281543,0.0100058966035,156.590803661,121.309643891,2.01831952477,5.36051976649,24.6450890914,9.91798193043,1.73515081851,1.43375998237,4.30992250537,6.00105226548,2.71263519502,2.63165287777,2.76798382041,1.77259202006,1.78437018917,2.96465639685,29.3046429927,28.0859055432,2.62413263519,77.978658401,68.437429923,6.85491457235,11.1324626472,2.69126822028,3.33339449754,2.73110457822,6.90910924916,3.93920989837,4.24503398487,0.963706291131,4.48334947795,2.31647430636,0.688468815093,1.63656620689,2.58852117853,1.62307932221,2.36887421241,1.72978848476,2.08549407157,1.97366958743,0.222065627558,3.01251429496,1.6666209736,0.464170974677,1.07436944892,0.392882833688,0.73979765694,0.460620405871,2.01045413529,1.16478934062
sobol__0000010,118.31045601,0.56840909,89.08692943,108.15448377,11.07333519,4.79722613,50.29891024,0,reserve_too_high,The posture requires more reserve torque than the quality limit permits,302.611242,455.878692538,5.29516573922e-07,7.70265575767e-07,0.423691797933,21,7,,,,,,,,,,,,,,,,,,,,,,,,,,,,,,,,,,,,,,,,,,,,,,,,,,,,,,,,,,,,,,,,,,,,,,,,,,,,,,,,,,,,,,,,,,,,,,,,,,,,
sobol__0000018,90.18545601,20.88090909,9.39942943,6.59198377,-33.92666481,16.82847613,-50.95108976,1,usable,Converged with independently replayed constrained generalized-force equilibrium and small reserve torques,394.438574,0.0298740211807,5.00323071861e-08,3.21547395526e-14,1.12550532155e-05,7,0,0.106247678839,0.0277034178724,0.0100229144995,0.010041223168,0.0316402440726,0.0100088612222,0.010069245823,0.0100220614225,0.0109644674289,0.010023764672,0.0100310588104,0.0100166356212,0.0100186333282,0.0100165724301,0.0100541589455,0.0100046570195,0.010009193702,0.0100113732498,0.0100452377857,0.0100137061692,0.0100762714968,0.0100420305839,0.043960631693,0.0126469230549,0.0100452377857,0.0830382582449,0.0100030445415,0.0202323053439,0.0100014951972,0.0100493845212,0.0269964062296,0.0115642732377,0.0100183929176,0.0100108233547,0.0100161047502,0.0100349360799,0.0100066958414,0.0100098648623,0.0100107145006,0.0100354840158,0.0100217919104,0.0100133587805,0.0100334792673,0.0105139512518,0.0100125065372,0.0100468037477,0.0194387229346,0.0219318364322,0.0101600629966,0.042963799263,125.725273952,29.9842651465,2.01870035992,4.8089627158,33.6277433607,13.0265997901,2.61002358071,1.3487035352,4.50982564828,4.98442533412,0.96553326919,2.43003761738,1.84473699042,1.68914354919,1.62615735452,7.31829167847,4.93988200282,3.75415929193,0,3.70246876131,2.77971390773,2.74357391034,51.2282322528,3.00127669033,0,20.5946064135,1.78888313311,3.82613217623,4.72187049978,0.322645826547,7.25840574507,3.22129175776,0.532212532894,1.41869797843,2.15518736768,1.24512180597,2.17846200048,1.62004511288,2.12564827432,1.65674792268,0.38916514963,0.942215566768,0.877339462405,0.469524881629,0.696074511987,0.463597727824,1.69167590809,0.893293517402,0.862560588197,4.05613888555
sobol__0000026,101.43545601,61.50590909,18.77442943,63.46698377,56.07333519,10.26597613,-13.45108976,1,usable,Converged with independently replayed constrained generalized-force equilibrium and small reserve torques,469.925031,0.0707033840439,1.9960541664e-08,3.69482222595e-13,6.20501778206e-06,13,0,0.211493231519,0.010004465329,0.0100197180194,0.0100036178973,0.0695902513296,0.0100012143727,0.0426339130787,0.0100189391587,0.0201894152229,0.0100074025168,0.0100088623486,0.010010279193,0.0100079178149,0.0100079945951,0.0100460844903,0.0100203043506,0.0100081971031,0.0100083466681,0.0100286444162,0.0100452377845,0.0100061122719,0.0100491020456,0.065417034572,0.0404652276256,0.0478620483074,0.0452134768443,0.0338276898234,0.0100044984889,0.0100067153696,0.0100104924163,0.0418014403347,0.0101463426447,0.010021267247,0.0100121135656,0.010007504863,0.0100109114291,0.010010351749,0.0100126103358,0.0100105886619,0.0100106360783,0.0101706906906,0.0317280874098,0.0272454944692,0.0130968410495,0.0140168875426,0.0112768146995,0.0101063111542,0.0100308338137,0.0100107849119,0.0100158226403,235.631891214,10.4145107082,1.90907272305,4.19961743332,74.3144070985,13.0647851338,11.1855582862,1.43128773179,7.91295514364,5.6016530548,2.51079246252,2.62283327891,2.80975265957,1.79687810617,1.69558587029,2.85043608574,6.8187655032,6.66988388354,1.54398910651,0,3.74733625858,2.78483455966,75.684298326,11.1481736201,16.1409968145,11.3803926714,6.51556375762,4.08081147845,4.49931034691,1.01097399961,22.2183113862,2.46778453443,0.7352796069,1.69150601746,2.58981658655,1.6205462338,2.37024433846,1.73109808395,2.09187492698,1.97467310293,0.317070961573,3.46330777303,2.54203444853,0.639071845193,0.940871022588,0.520060250747,0.678245731177,0.45080405735,1.57530219997,1.14144736381
sobol__0000034,76.12295601,10.72465909,49.24317943,20.81073377,-56.42666481,18.46910113,-19.07608976,1,usable,Converged with independently replayed constrained generalized-force equilibrium and small reserve torques,414.604005,0.0220278030474,3.21197788367e-08,3.8369307731e-13,4.68908277543e-06,0,0,0.0624172393226,0.010135912905,0.0100850828573,0.0101064093327,0.0143942252034,0.0100435261357,0.0101574354239,0.0100963390523,0.0236455273837,0.0236030498561,0.010591142762,0.010075723555,0.0100894764957,0.0100762150793,0.0102973841259,0.0100133507652,0.010014264104,0.0100167185965,0.0101402754532,0.0100362565241,0.0307769567765,0.031938984659,0.0842423139251,0.0285523646054,0.0257236699354,0.0285051130548,0.0120720932206,0.0117438760709,0.0111079267827,0.0101447713524,0.0360700967426,0.0116303579789,0.0102100516965,0.0105648817753,0.0100753030855,0.0100913251654,0.0100868365339,0.0100955010035,0.0100870803961,0.0100830379063,0.0101734185878,0.010390898469,0.0103943082587,0.0101996315617,0.0102116661763,0.010243850763,0.0101798500698,0.0101249271585,0.0100712354487,0.0100925424292,64.06981011,10.993005292,2.03120861545,5.04464880154,11.1530736017,12.4450858575,2.73587618306,1.31055496405,9.77131312883,12.3908243025,1.5936655735,2.08672870638,1.25980169501,1.62317112366,1.79037929758,6.34486192232,6.08664187086,5.09490046347,0,3.53646854386,12.4620942942,9.6091284466,99.1216586293,7.03684710581,8.08936937106,7.19324805682,2.25307812017,3.38255032218,5.28233131865,0.650399059858,8.5509017756,2.94984657758,0.731378287248,1.77874008642,2.49688478029,1.44594206644,2.37082733004,1.73778870183,2.14210451602,1.88111550653,0.397421591427,1.09987457572,0.979296133269,0.491428353306,0.739301121447,0.483929318462,0.76576661486,0.414084266033,1.35668239103,1.03314264794
sobol__0000042,109.87295601,35.09965909,-16.38182057,45.18573377,33.57333519,7.53160113,-41.57608976,1,usable,Converged with independently replayed constrained generalized-force equilibrium and small reserve torques,492.254989,0.0676215563767,1.69442131437e-08,2.65732440091e-13,1.08558970652e-05,9,0,0.153886597322,0.0100121205793,0.0100197307746,0.0100118537009,0.0269623847067,0.0100035051896,0.0115086172914,0.0100234408715,0.0374831907643,0.0103049175742,0.0100268712288,0.0100148070913,0.0100133158979,0.0100121343972,0.0100619931994,0.0100046204729,0.01000430857,0.0100044150362,0.0100439652222,0.0100452378793,0.015410301287,0.0359239059762,0.0966218177575,0.0738327697075,0.0100452378793,0.116872009649,0.0100028407894,0.0296450286461,0.010001312784,0.0100297861889,0.0665556091601,0.0112219079287,0.010013687504,0.0100083112431,0.0100114001469,0.0100255034457,0.0100058511016,0.0100088430153,0.010010209593,0.0100318168174,0.0100277179938,0.0100169966534,0.0113616468099,0.0163358686131,0.010014045429,0.0101096602948,0.015984416297,0.0227255620295,0.0100313683768,0.0421789109439,187.447054253,11.0305321013,2.01817463065,4.01555588795,28.650496118,12.0564773397,2.77307187161,1.38101795937,15.3078411802,5.10734375754,1.18872775824,2.56880110632,2.4571587055,1.74050928382,1.42489211345,5.69667289922,6.61294186616,6.43718354493,0.037250198781,0,3.68645475534,10.4357940442,113.726431235,20.3520343206,0,29.0534488811,1.9278282641,10.4077085545,4.79834855918,0.738069597202,37.0814098282,2.95738503975,0.745735038288,1.71096772255,2.48930439167,1.46822398554,2.30209853911,1.70706799746,2.12591640129,1.89658027213,0.390481516818,1.05647567085,1.0566478715,0.767991034347,0.725008395963,0.477481132301,1.29976229032,1.02018829659,1.10360282676,4.5345693425
sobol__0000050,92.99795601,55.41215909,53.93067943,65.49823377,-11.42666481,-4.49964887,44.67391024,1,usable,Converged with independently replayed constrained generalized-force equilibrium and small reserve torques,492.2594,0.15432438275,5.12902005312e-08,2.96272978845e-13,2.90668265466e-05,16,0,0.190345009092,0.0100020155819,0.0101544823551,0.0100020178009,0.143724404292,0.010000986215,0.141262123763,0.0100919667464,0.0920724294952,0.0209889138549,0.010037725231,0.0100157276246,0.0100123251745,0.0100120942574,0.0529049103736,0.133551736695,0.0100236812427,0.0100240664416,0.0100642031469,0.0102957231491,0.0100030666638,0.0947643092627,0.0420019266789,0.0305353999015,0.0459605298812,0.0819620456194,0.123425748952,0.0100020422393,0.010006561987,0.0100082466661,0.010123654214,0.0100648971486,0.010019151613,0.0100044290134,0.0100023138669,0.0100034272368,0.0100034147173,0.0100042558563,0.0100033839139,0.0100031749797,0.0132522001295,0.0629074541742,0.0521918699969,0.0254285342432,0.0361840552051,0.0157870049027,0.0101110615127,0.0100158639753,0.0100063793529,0.0100055949409,217.013100686,10.3499125996,1.90647433353,4.99055168012,126.09322821,12.5183291408,38.0390580573,1.4075542697,32.4685411252,9.73958260365,1.59890516771,2.57102466983,2.63931482123,1.7579393209,8.63935769348,36.2821340907,6.85023099204,6.70167986618,1.71533951222,3.90672211587,5.24916051964,30.0100898836,48.4296652915,8.3404443276,15.5023405262,16.5039457862,17.5992138716,3.55797163952,2.25668518516,0.585479716547,5.63092356944,2.86543673071,0.288630384698,1.46691135867,2.41720223862,1.5663568888,2.2740795369,1.65219265817,1.94547528298,1.8816807691,0.203125560487,3.95772845103,3.04036782553,0.914962926507,1.46563210637,0.416473326181,0.605244336955,0.458009047786,1.92107275682,1.10884722117
sobol__0000058,104.24795601,31.03715909,-30.44432057,122.37323377,78.57333519,6.43785113,22.17391024,1,usable,Converged with independently replayed constrained generalized-force equilibrium and small reserve torques,437.962301,0.552511303327,3.58650709131e-08,2.91322521662e-13,0.000303532024526,18,0,0.115348402028,0.0390712007161,0.0100189784133,0.0100445476443,0.0573885340416,0.0100053626552,0.010183762948,0.0100166454084,0.010039026783,0.0100100705234,0.0100176433513,0.0100124589278,0.0100120671314,0.0100124058079,0.0100392651608,0.0100086978007,0.0100061589372,0.0100061600015,0.0100170459553,0.0100452377352,0.0100001417124,0.010000258565,0.0892976351259,0.0100004382839,0.0100003516025,0.0100057113086,0.0100013721836,0.010000415849,0.0100302754984,0.0100022242223,0.568387618344,0.368056783737,0.0100239008077,0.0100010718991,0.0100021696688,0.0100050042938,0.0100034498778,0.0100042391871,0.0100045992654,0.0100191700421,0.0537750345808,0.181198544599,0.136644104072,0.0892096955944,0.010012879805,0.0100380362386,0.0100146334788,0.0102536359259,0.0285948904336,0.0257003732915,139.517472105,43.0616944988,2.01780480722,4.60090467271,58.9649308516,11.3057986696,2.27074894493,1.38595512652,4.19427436024,5.5326924033,1.39847274405,2.57364113065,2.44722655121,1.73676927436,1.49871256524,2.53038330043,7.17788549407,7.17645335608,2.83458596717,0,5.21108730491,2.90957873717,73.5918030214,0.69759932417,2.85592713111,1.78508783886,1.47150127401,3.02290892246,0.0251984352207,0.433351294806,79.7208326792,70.1547935818,0.0249556515324,1.25680414037,2.51298539189,1.61613650861,2.33478934646,1.69892270899,2.00210998341,1.94441355129,1.25598306365,15.6298978886,9.64726764567,3.7566789117,0.481303794619,0.322436156833,0.528226972204,0.47129655152,5.74736040521,2.99892094567
sobol__0000066,83.15420601,27.99028409,69.16505443,58.38885877,24.82333519,0.69566363,-36.88858976,1,usable,Converged with independently replayed constrained generalized-force equilibrium and small reserve torques,761.185433,0.0463203584706,1.83394135433e-08,4.20940780728e-13,7.27729771457e-06,0,0,0.0918240634267,0.0100144253417,0.0101950942577,0.0100218035711,0.0526317326409,0.0100151361024,0.0171192084711,0.0101801030162,0.0733718107049,0.0790155900167,0.0157333098388,0.0100721512316,0.0100855824025,0.0100707583336,0.0172174785995,0.0227092990266,0.0100339861484,0.0100346121814,0.0101273277096,0.0101767929546,0.0100516827593,0.053306931296,0.0562409992394,0.0434402572914,0.0471292730529,0.0474447332212,0.0384372966816,0.0100164428927,0.0100339861423,0.0100448981628,0.0447113160031,0.0115524667512,0.010085409432,0.010048780051,0.0100293136973,0.010043810889,0.0100438764896,0.0100510425744,0.01004068663,0.0100405290878,0.0118497771427,0.0375806938203,0.0317914985466,0.0149654902101,0.0193042462772,0.0127030387252,0.0103997599985,0.0101073539342,0.0100403981532,0.0100495951925,111.700285542,10.7003346488,2.04696212387,4.92655864354,37.5556786157,12.3152165694,4.59829836213,1.34688841805,29.4363279813,36.5568945897,1.67666828815,2.24503299344,1.61563127418,1.67491497762,2.77625519554,8.22361113308,6.78268295801,6.63166394228,1.13183611871,0,5.16529643183,16.8388241019,65.5757325191,11.984308669,15.4397973413,11.7130652156,7.40319367452,4.03711148459,4.8136983193,0.899104508079,24.8704908721,3.10631561398,0.759409356408,1.72032838318,2.53393919943,1.50839170419,2.30380914678,1.7160406062,2.1321966396,1.93376601974,0.426238337483,4.07424800096,2.99595982846,0.710905488825,1.38285460363,0.600791709785,0.850844967562,0.464078352231,1.22703381458,1.14899905112
sobol__0000074,116.90420601,52.36528409,-33.95994557,1.51385877,-45.17666481,-5.86683637,-29.38858976,1,usable,Converged with independently replayed constrained generalized-force equilibrium and small reserve torques,635.47707,0.24542385855,1.97086849951e-07,1.05272948646e-12,1.24334591412e-05,10,0,0.234661190717,0.0100050946687,0.0100181788393,0.0100273926309,0.169791249851,0.0136212198717,0.0290990754717,0.0100129187746,0.0659646755789,0.015886446465,0.0100134767682,0.010007910404,0.0100063036014,0.0100062302985,0.010020278226,0.262005049162,0.228038780888,0.167601264094,0.0100452378881,0.0100048551612,0.0100037292844,0.0100030809046,0.0100015231538,0.0100060259809,0.0100452378881,0.0183931707613,0.0100466140904,0.0100193909281,0.0100033784505,0.0100399862471,0.0202099656072,0.0358203952597,0.0100338817987,0.010022056362,0.0151735340449,0.0119779448348,0.0100283479623,0.0100439432819,0.0101672174961,0.0129030709259,0.0101613621017,0.0209555048386,0.0260518031044,0.0154610747777,0.0102796628067,0.0100793995281,0.010035123129,0.0100658491723,0.0100189415048,0.0100573564339,280.480078867,11.0321608439,2.01631858738,3.87738468031,170.628736098,11.708388669,5.21997807887,1.4245860926,26.8094696829,8.40975500494,1.7361274236,2.63771572163,2.82046802081,1.79567338438,1.53296833558,166.119875861,102.578491304,55.4103310375,0,3.60805837473,1.69181002888,2.61290852815,11.5419736488,2.33213273027,0,4.62140364855,1.93797357061,2.70284278451,3.80648530827,0.551886986104,4.29267235268,9.5810953077,0.532109723764,1.4485142542,3.67695031046,1.71337782823,2.21049003029,1.6736318537,2.15943124621,2.41850846788,0.395951541036,2.20344358568,2.39510130802,0.712244089366,0.744218223516,0.476746539511,0.859754128256,0.463007482621,1.3670700548,1.17190784142
sobol__0000082,88.77920601,40.17778409,36.35255443,111.20135877,69.82333519,14.91441363,26.86141024,1,usable,Converged with independently replayed constrained generalized-force equilibrium and small reserve torques,513.418925,0.0906558039917,1.64330202779e-08,3.62982151662e-13,2.05473250622e-05,17,0,0.125494774182,0.010001977579,0.010044581484,0.0100023311316,0.122323498937,0.0100010076198,0.0762090516835,0.0100353794798,0.0721901638745,0.0591947596351,0.0101082528298,0.0100109018141,0.0100101781145,0.0100101042789,0.0303684861004,0.0340738777663,0.0100112750708,0.0100113307919,0.010026429121,0.0100452377336,0.0100015382362,0.010008739863,0.0528588692614,0.0100049014763,0.0178152260629,0.0823261070586,0.0826025805848,0.0100012057843,0.0100452377336,0.0100050913753,0.0855324782651,0.0352775811068,0.0100318127365,0.0100032281926,0.0100017645236,0.0100027039181,0.0100025543465,0.0100032105879,0.0100026508755,0.0100026739813,0.0200325253427,0.087175142791,0.0633444387993,0.0356098740358,0.0342026741756,0.0223029326116,0.0102439906185,0.0100153475068,0.0100033973925,0.0100050051254,151.296366661,10.5326149524,2.00907232102,4.99153810298,114.094782931,12.6864158965,20.5221610042,1.37768053026,28.2976563889,26.3430972913,1.13132894516,2.52243216315,2.29279166744,1.72627465495,4.80565840654,5.83181993119,7.18167176682,7.13474029532,2.82836704787,0,5.07837119569,2.99673854948,53.5853585749,1.57402533031,5.56930032132,13.9040780153,13.406329106,3.32940599162,0,0.519172079413,23.8691237015,7.35667393924,0.0406520197586,1.26319285473,2.49966608613,1.61157694333,2.315072111,1.68646402164,1.98998696831,1.93779097564,0.469339209913,7.31112540232,4.3433131529,1.41355862389,1.70159248968,0.657264111941,0.465125190302,0.440285495487,2.00785128507,1.16659198155
sobol__0000090,100.02920601,15.80278409,-10.52244557,86.82635877,-0.17666481,21.47691363,34.36141024,1,usable,Converged with independently replayed constrained generalized-force equilibrium and small reserve torques,484.227415,0.0348568240529,6.18284126119e-08,9.94759830064e-14,1.60706210467e-05,8,0,0.130491601909,0.0126572919802,0.0100176649758,0.0100233214795,0.0378857246397,0.0100054554645,0.0101197343642,0.0100197846194,0.0208154228788,0.010038039215,0.0100286558442,0.0100140249945,0.0100156246218,0.0100133766706,0.0100976235791,0.010009365615,0.0100124799441,0.010012671694,0.0100296735699,0.0100301014243,0.0398200303819,0.0242323685833,0.0469687278071,0.0387932511506,0.0100031252323,0.0100079596929,0.067371592503,0.0100059961941,0.0100452378072,0.0100157537978,0.0222460191775,0.0100626209642,0.0100540263387,0.0112014468625,0.0100117515293,0.0100129554894,0.0154015847495,0.0100968214326,0.0100361862929,0.0100118386635,0.0103110937441,0.0214267905878,0.0143799780485,0.0100544975745,0.0180894254959,0.0100337335564,0.0100148859856,0.0100088598576,0.0100028522818,0.0100033206408,139.128504765,13.8991248494,2.01135745552,4.73664108181,40.7399989939,13.0699661246,2.51637836195,1.34645765513,8.71647835576,5.4141122959,1.03618740965,2.4469032849,1.8406545025,1.68557724048,1.63755770565,4.32431983411,7.05141159035,6.90440439818,2.60407179425,3.63398310596,20.9082416119,7.34994191877,51.9100921568,9.82677558022,3.36297798892,1.82332864921,12.3646732853,3.62839706182,0,0.686794494094,12.1272024099,2.85309001921,0.138044662432,1.55380188136,2.5058135808,1.61948197326,3.55255616404,1.69764666183,1.99796093753,1.95110429842,0.234900171103,1.72793427661,0.975176144932,0.381080443705,0.941483085255,0.267983196776,0.447050414883,0.403214851798,2.00435055772,1.15422204164
sobol__0000098,80.34170601,58.45903409,1.19630443,129.48260877,2.32333519,12.18003863,58.73641024,1,usable,Converged with independently replayed constrained generalized-force equilibrium and small reserve torques,517.420504,0.0981492900709,5.77419456249e-07,5.48288727525e-13,3.52972943482e-05,18,0,0.124130301679,0.0745974637055,0.0100295756206,0.0100781540434,0.115669950492,0.0100043996401,0.0181620573133,0.0100128671172,0.0100084276233,0.0100033323398,0.0100050061642,0.0100092671554,0.0100084572273,0.0100095468168,0.0100156750157,0.0100281177326,0.0100078201383,0.0100078133585,0.0100197979426,0.0100172915844,0.0427141380359,0.0100209298817,0.053945919061,0.010045238274,0.0396295240473,0.068839669866,0.1632578392,0.0100259183436,0.010045238274,0.010045238274,0.0410143322004,0.010377822558,0.010045238274,0.0100399881026,0.0100008597027,0.0100012715468,0.0100013027334,0.0100016019133,0.0100012680824,0.0100011856103,0.0248350969389,0.0969559634636,0.077631272266,0.0385713724725,0.0535553269664,0.0162489298342,0.0100268989699,0.0100049206815,0.0100010548445,0.0100015112694,143.603530505,76.4905329751,1.99629984474,5.01311000005,124.386839409,13.0687176345,4.69574329308,1.43749717566,4.12475725369,5.91429822423,3.03446197986,2.63107675686,2.80770738145,1.78891681193,1.85120635454,0.38180386593,7.17191301417,7.17941910219,2.70576778911,3.54004507256,14.8973253402,2.7123323775,36.6012936738,0,10.8743045814,8.37147588355,24.6076175325,0.0390123908911,0,0,18.6916237956,2.9301708291,0,0.00722988261149,2.35495063997,1.53712635291,2.210829902,1.60942878696,1.88195551903,1.85230165615,0.4532259066,5.88076120787,4.14057262629,1.21034783353,2.11746223491,0.273737704204,0.413672046749,0.455691790488,1.91517942837,1.15654043192
sobol__0000106,114.09170601,17.83403409,29.32130443,72.60760877,-67.67666481,23.11753863,6.23641024,1,usable,Converged with independently replayed constrained generalized-force equilibrium and small reserve torques,574.430442,0.0793818384045,1.48512068421e-07,2.20268248086e-13,1.06888901659e-05,13,0,0.0934346365668,0.0100018336013,0.0100396995728,0.0100039406028,0.0262128153347,0.0100016983588,0.0408626399994,0.012694674064,0.126534981659,0.0769772282301,0.010068305665,0.0100242795416,0.010022656273,0.0100123086691,0.0243541204435,0.0666804738509,0.0100083968175,0.0100085461942,0.0100250342075,0.0237735679519,0.0222511834474,0.106831787751,0.0734638095796,0.0126549277133,0.0100054213863,0.0100581379077,0.0917592396111,0.0100031743161,0.0871727042205,0.0100083103828,0.0100198328556,0.0100261936783,0.0100326085384,0.0100186677753,0.0100071203342,0.0100097050899,0.010021468287,0.0100193857573,0.0100134133702,0.0100096271552,0.013274135449,0.0455753572895,0.0294223206761,0.0116931272675,0.0289479569697,0.0101983390213,0.0100212658111,0.01001324029,0.0100049802021,0.0100054750317,106.283454689,10.9923334715,2.02209845331,4.56659411491,23.8629851095,12.8451793093,10.8022216691,1.66552799979,50.8547066327,32.8585107111,0.805422413985,2.25603590212,1.57388778933,1.66626873062,3.5836919035,31.1440489814,6.91042266134,6.76244539701,2.24413080382,8.17753179029,11.6754090805,31.7189749345,83.6241256452,3.48005733941,3.37272926742,2.44009835071,17.6993918962,4.08005634012,29.4478409646,1.0104230136,4.25843551391,2.42206101172,0.704204834512,1.66056670576,2.58850450782,1.58701930081,2.3729537584,1.73226990377,2.10186367461,1.96950748487,0.400247021341,4.8954769989,2.58711722657,0.559114656722,1.9261117365,0.40758439328,0.612748535988,0.39013678816,1.62720390835,1.04102374284
sobol__0000114,97.21670601,5.64653409,-50.36619557,44.17010877,47.32333519,2.33628863,-5.01358976,1,usable,Converged with independently replayed constrained generalized-force equilibrium and small reserve torques,444.9822,0.0351382497499,4.9072920838e-08,1.41565828983e-13,8.38418449039e-06,16,0,0.0493066567422,0.0568869413414,0.0100174805355,0.0101083099435,0.0433403068939,0.0100098578379,0.0100573771434,0.010016425528,0.0100288181001,0.0100097235764,0.0100143536677,0.0100136609737,0.0100154438621,0.0100138136229,0.0100414632369,0.0100030573377,0.0100049142653,0.0100050374223,0.0100449655869,0.0100452377502,0.038060583634,0.0204183109287,0.0830291459189,0.0625616463051,0.0448743821006,0.0504411101772,0.0551264161517,0.0100033085252,0.0100078622483,0.0100082830452,0.0399618017448,0.0100612886834,0.0100186021778,0.01001032011,0.0100053251359,0.0100077845946,0.0100082763943,0.0100099535941,0.0100081456062,0.0100075348204,0.0103042039267,0.0389438535819,0.0100452377502,0.0141916733002,0.0183367088362,0.0122031667479,0.0100915390911,0.0100220128574,0.0100072758866,0.0100097751148,34.754743869,62.6914065719,1.94951136323,5.04063810345,42.689385831,11.3387422088,1.7864294785,1.35613795621,4.40026765636,6.00169287559,1.89796579159,2.48543849966,1.8519973162,1.67977205409,1.81115365847,6.29822369201,6.60092692243,6.42035322153,0.00902907837852,0,8.80941603611,4.80996168724,97.7362698001,17.2112691353,15.1293287629,12.6187477664,10.392855324,4.08032751255,4.6428055039,1.01081129174,22.1908183416,2.55746676875,0.749160488666,1.70748130597,2.58916728016,1.62571953341,2.36983131474,1.7306286415,2.07629107933,1.97440383435,0.292673514142,4.2152069534,0,0.692155395349,1.16156361997,0.530185503416,0.69131038234,0.460885384366,1.82083342459,1.16801994982
sobol__0000122,108.46670601,46.27153409,71.50880443,19.79510877,-22.67666481,-8.60121137,-57.51358976,1,usable,Converged with independently replayed constrained generalized-force equilibrium and small reserve torques,528.182957,0.633988061228,2.14105551066e-07,1.24516982042e-12,4.37671295164e-05,21,0,0.179527568265,0.01000088698,0.0100081073376,0.0100045861846,0.0100009314299,0.0100006403937,0.0100134091148,0.0820554858295,0.296107153386,0.0100033838888,0.0100063213946,0.0688409409863,0.01893814459,0.0100069188019,0.0423266177259,0.153839238579,0.0100040600431,0.0100048093747,0.0100452379228,0.0100161488109,0.0944607602144,0.0929762599312,0.0959727950586,0.0354996985379,0.0100452379228,0.527078805118,0.0100007554648,0.309878529616,0.0100005138507,0.0100375714599,0.0427812734541,0.0104353585387,0.0100104613815,0.0100064527539,0.12027793808,0.120070838502,0.0100033331232,0.0100096808976,0.067407062854,0.181562612473,0.0100053313626,0.010001739352,0.010007096423,0.0100173894691,0.0100052142973,0.0527972845741,0.0100031208097,0.0259164148127,0.0100064749602,0.0176470840123,213.158952284,10.7019771057,1.9133069342,4.991546597,7.01278218625,12.6039743254,2.68303887935,11.0461470317,91.1259967365,3.90576187393,1.00103502848,16.9079997575,4.14500818122,1.72316898918,5.69838196559,83.4998597921,6.02125017494,4.99325844572,0,3.79560561402,42.3274974832,28.3478458571,112.902108197,8.81794773607,0,122.586475399,1.92878116846,80.9872046608,3.02356318128,0.401985449583,15.3150288974,2.9673365207,0.470622952428,1.37094835441,26.3685463803,15.7572035415,1.97043269756,1.52757107684,14.3077618706,31.8202608349,0.394041526266,1.03024033482,0.888446665647,0.441008343051,0.724195722561,2.41376618117,0.85391470744,1.19121454471,0.815224363974,1.94613064124
sobol__0000130,85.26358101,2.09184659,-19.31150807,76.16229627,64.19833519,9.85581988,-27.04483976,1,usable,Converged with independently replayed constrained generalized-force equilibrium and small reserve torques,457.183358,0.0268778040633,1.37008311363e-07,1.14915639521e-13,9.02133823416e-06,3,0,0.0254630733523,0.035250410539,0.010044982805,0.0106831653996,0.0165715553729,0.0100417290585,0.0100597464622,0.0100391883561,0.0100405256054,0.0100216397821,0.0100405398687,0.0100375310361,0.010042780782,0.0100380034328,0.0100541035617,0.0100104842884,0.010011711424,0.0100119202361,0.0100347715595,0.0100652772324,0.0170336036623,0.0100733972543,0.0784596413497,0.0283531643423,0.0482894908636,0.0514317317807,0.0354292637971,0.0100053882183,0.0100091815712,0.0100135609186,0.062699511765,0.0118472732115,0.0100277203961,0.0100151938874,0.010009787427,0.0100146556631,0.0100142863434,0.010017208233,0.0100141049327,0.0100141588062,0.0113308232406,0.0406792213983,0.035438343652,0.0165816881604,0.0182063793485,0.0132818441659,0.0101927406209,0.0100420077647,0.0100142958346,0.010020424092,20.9318546209,38.6414359492,1.96992398268,5.32542774121,17.7300821824,13.1176538862,2.47124383601,1.33413381786,4.32432615806,5.85298442411,1.36777601338,2.34818926191,1.54343943933,1.65252887531,1.82083512743,5.12209961863,6.94734701832,6.7994238266,2.43254670747,0,6.15763859302,3.13576992209,88.6934192544,7.5759187207,15.8194666875,12.9859541706,6.82942162641,4.08109137778,4.55812732182,1.00635070642,32.1338235617,2.64448677018,0.739600536269,1.70151672813,2.58321806012,1.57696874295,2.36560318046,1.7304684553,2.11760830907,1.96711343087,0.388713528123,4.44145457272,3.34519857801,0.808741169667,1.28025467582,0.628150445674,0.741666073965,0.448400226678,1.34272070519,1.10558563784
sobol__0000138,119.01358101,42.71684659,46.31349193,116.78729627,-5.80166481,16.41831988,-34.54483976,1,usable,Converged with independently replayed constrained generalized-force equilibrium and small reserve torques,370.842232,0.30441000878,6.05454459901e-08,4.12114786741e-13,2.74974457164e-05,14,0,0.121836484463,0.010000489716,0.0259390768621,0.0100007703019,0.0100061428377,0.0100002689413,0.175570405661,0.0636378606527,0.39217502376,0.0100026120656,0.0100036568056,0.010016694012,0.010006256976,0.0100026721125,0.0100210311437,0.27193227018,0.0100056875125,0.0100056961043,0.0100166142041,0.0157218295712,0.0100014801679,0.0135912021563,0.112060520582,0.0263246707149,0.0100452371909,0.0660319650684,0.010003565202,0.0324137016005,0.0100030283002,0.0100946068972,0.0161075314291,0.0100246576655,0.0100199491205,0.0100114544026,0.010013293781,0.0100261958232,0.0100071310516,0.0100104120569,0.0100112393499,0.0100280776517,0.0100243010037,0.0100163127429,0.0100414555895,0.0101754765113,0.0100145326639,0.0100523990967,0.022094662398,0.0218703066594,0.0153008881876,0.0489876950649,146.832551342,10.8591669084,5.17738876133,4.45538298449,8.33604545322,13.0239961237,47.2101558551,8.55991138821,121.567061144,3.78927616911,1.02295366184,2.48988803644,2.23546453708,1.72847028816,1.35712283183,63.5875673367,7.17794132731,7.16558863071,2.83667961838,5.90744321429,4.5997743783,2.68477596711,104.644252124,1.69831149734,0,16.6678683632,1.92654860853,12.8941245215,2.71563071393,0.998763332481,8.21895461666,2.85318076819,0.622236331549,1.61140473495,2.46825807691,1.43256048224,2.3360816716,1.71719227774,2.12614184061,1.85551752797,0.39181432156,1.06344928174,0.945688442437,0.486768052546,0.724783798965,0.475386128451,1.75336613518,0.90660197573,1.7256450746,4.9055559965
sobol__0000146,90.88858101,63.02934659,-23.99900807,31.47479627,29.19833519,4.38706988,36.70516024,1,usable,Converged with independently replayed constrained generalized-force equilibrium and small reserve torques,471.779284,0.117922320358,5.41525082554e-08,3.63227970586e-13,1.2162305811e-05,13,0,0.193827480224,0.144843011592,0.0100366993511,0.0187773641658,0.10834951917,0.0100153086146,0.0119498552572,0.0100189284102,0.0100117832844,0.0100046054685,0.0100072097342,0.0100145724489,0.010012949663,0.0100145233578,0.010020912364,0.0100055192723,0.0100063046541,0.0100067282481,0.0100903618991,0.0100903618991,0.0900076774374,0.0123286299984,0.127514169084,0.0842628190452,0.0508084563951,0.0489381006261,0.0684168716031,0.0100044618576,0.0100112412511,0.0100120668021,0.0100359428073,0.0100247119002,0.0100226126328,0.0100107376975,0.0100052956441,0.0100076910941,0.0100078502277,0.0100096497676,0.0100077169801,0.0100072358603,0.0103171043839,0.03464204372,0.0260071991946,0.012537110747,0.0200610139949,0.0105381757892,0.0101167973269,0.0100287609829,0.0100086606719,0.0100106339608,221.562953784,151.994144367,1.98568057092,8.10711738817,112.071605038,11.5732661122,2.89699336856,1.4412313895,4.18253325333,5.99942833293,3.39372007036,2.66794770947,2.8777504278,1.81901407201,1.83837534058,4.04446709728,6.41859557529,5.98528853416,0,0,22.4661727828,2.40258170869,150.131110312,22.2396142505,14.5534276287,8.6544584107,12.3562333062,3.90055974197,3.78669733835,0.926764884317,5.57836392074,2.66873504231,0.668069841086,1.59492648672,2.44158043773,1.58063440441,2.28504851878,1.6624331323,1.9588558597,1.90157428464,0.21696235844,2.7947492463,1.78651643696,0.497691836691,1.04202118159,0.282070255516,0.524095347802,0.461301133457,1.98931463581,1.15556320249
sobol__0000154,102.13858101,22.40434659,60.37599193,39.59979627,-40.80166481,-2.17543012,29.20516024,1,usable,Converged with independently replayed constrained generalized-force equilibrium and small reserve torques,685.311274,0.0631080326149,4.28475743774e-08,1.67442842417e-13,8.94068591132e-06,18,0,0.0752607787786,0.0100018688716,0.0100273177275,0.0100055696599,0.0100075568969,0.0100018740311,0.0197089817962,0.0222666811397,0.139781718502,0.0806070377057,0.0101620576943,0.0100995990687,0.0100444628623,0.0100171508632,0.027977565771,0.0384932945757,0.0100053446141,0.010005505732,0.0100452378025,0.0100173997742,0.0375152073595,0.0969882663635,0.0737350650233,0.0544760666155,0.0327467990035,0.0319245594756,0.0372564525811,0.0100040180807,0.0100089292059,0.0100098337173,0.0377232530433,0.0101533584802,0.0100168866882,0.0100090128896,0.0100045987305,0.0100066280772,0.0100066237248,0.0100080615831,0.0100066241067,0.0100061991317,0.0100836360236,0.0221593323843,0.0170318150876,0.0102276805998,0.0114852573027,0.0101081341076,0.0100542240975,0.0100214863799,0.010008597991,0.0100095832035,90.1645665211,10.8981530034,2.0189991541,4.99460529801,7.16863941162,12.516130777,5.30917214679,2.90345520145,55.5183843087,34.6624510388,0.970923927739,2.1892427624,1.4847158149,1.65639883891,4.10312977827,19.9741734543,6.54265091881,6.32608708381,0,3.64678138084,18.9157749131,30.7258693301,86.8111648214,14.7512424056,10.6658240466,7.04088716049,6.28132291585,3.98476210931,4.36880677535,0.962196882634,13.8996239747,2.74150047999,0.700577253383,1.6399694137,2.53037339981,1.6239157156,2.34985199042,1.70837779757,2.01823158,1.95499439029,0.211131015155,1.86979352838,1.25220246071,0.442703785419,0.592075802194,0.32050790133,0.666097539638,0.460816939709,2.00116547099,1.14275239536
sobol__0000162,76.82608101,32.56059659,81.46974193,13.19354627,41.69833519,7.12144488,4.83016024,1,usable,Converged with independently replayed constrained generalized-force equilibrium and small reserve torques,618.10313,0.0366589875129,5.37141602308e-08,3.3560196133e-14,1.01411993202e-05,15,0,0.109179626334,0.0438455820266,0.0100240325604,0.014056335734,0.0109597414326,0.017992434238,0.0100298825794,0.0100240180428,0.0202706435571,0.0101163402198,0.0100475753762,0.010019508798,0.0100218924625,0.0100195640292,0.0100438410479,0.0100052634761,0.010006892864,0.0100083792072,0.0100452379608,0.0100452379608,0.0285398124989,0.0113812642138,0.0560516899065,0.0156791765633,0.0324442774828,0.056731942924,0.0698763969977,0.0100025257165,0.0100048259229,0.0100063095881,0.0189240248044,0.0100415599722,0.0100133364588,0.0100069524902,0.010004000896,0.0100059364325,0.0100061179117,0.0100074755641,0.0100061142577,0.0100057239488,0.0117005849143,0.0487399329963,0.0360328671402,0.0169134009259,0.0248002450777,0.0139286495808,0.0101014922371,0.0100193663289,0.010005878679,0.0100080219988,132.955085446,46.4086074755,1.9971054916,6.69843711615,7.59209172604,21.9687796763,2.61142298646,1.33266217444,8.18471388569,4.98360409287,1.22890900526,2.24478051682,1.6599915753,1.66996035644,1.69980741074,5.25360689097,5.52032670873,4.36749686393,0,0,10.5028363784,2.55134349498,65.7662464268,3.76023678499,9.20210705784,12.196592989,13.4790227785,4.06477343676,4.59142491364,1.01048932178,10.3798350707,2.59435196583,0.753128632715,1.71223701505,2.58319029646,1.62590281191,2.36878928144,1.72899678214,2.05245710989,1.97381948432,0.362042493983,5.31822265753,3.33083430191,0.824882628436,1.70242350245,0.547231961983,0.625849554024,0.459520748162,1.92445854881,1.16760664485
sobol__0000170,110.57608101,8.18559659,-59.15525807,53.81854627,-28.30166481,-3.81605512,57.33016024,1,usable,Converged with independently replayed constrained generalized-force equilibrium and small reserve torques,555.456843,0.0350088012635,3.33803900077e-08,2.62900812231e-13,1.23955271862e-05,18,0,0.0782755824847,0.0284222292925,0.0100094296179,0.0100245330352,0.0943576225906,0.0100034535118,0.010322025243,0.0100105055981,0.0163511764397,0.0100124443873,0.0100114535253,0.0100075015872,0.010008233722,0.0100073583203,0.0106404819562,0.0100030050017,0.0100079279804,0.0100080821146,0.0100351995247,0.0100300962369,0.0595881464039,0.0335621574259,0.056356828015,0.0465474884158,0.0164796924028,0.0222026640316,0.0539787207181,0.0100026726689,0.0100114393324,0.0100102116459,0.0244583029205,0.0100607080927,0.0100211510031,0.0100052543299,0.0100025625165,0.0100036951638,0.010003776555,0.0100046018854,0.0100036834492,0.0100033932472,0.0100878451018,0.0221395984721,0.0189781555013,0.0102413059671,0.0148452109768,0.0100774757047,0.0100340826923,0.0100127337724,0.0100071793503,0.0100050146963,49.8980123986,31.3495534006,1.94842025925,4.9770671956,90.1567384868,10.1413809138,1.43410949644,1.36013483071,7.18112545943,6.01140627668,1.97815414978,2.50990274683,1.95310835576,1.68778664764,1.87994576922,5.81638861037,6.7152081273,6.56028877735,0.732271933367,3.75821453427,25.3598242718,10.6229290167,66.0805005966,12.8470862528,5.36003274112,3.99171043272,7.86429234759,3.58079965838,1.77747595798,0.537378564661,11.6369853898,2.84540625917,0.215667009878,1.38382097487,2.35705817641,1.53525942313,2.22831012147,1.61921213553,1.89640310294,1.84399398217,0.141796606332,1.24893941213,1.00876334725,0.334660022981,0.576387194659,0.217956778415,0.568906006529,0.456869725762,1.84923110672,1.08693569179
sobol__0000178,93.70108101,28.49809659,20.53224193,90.38104627,6.69833519,8.21519488,-58.91983976,1,usable,Converged with independently replayed constrained generalized-force equilibrium and small reserve torques,495.643095,0.0369291262529,2.61676831315e-08,2.49179337736e-13,2.92501700415e-06,6,0,0.132060688184,0.0100053140717,0.0100252769196,0.0100064998114,0.0619564249884,0.0100023621617,0.0282345795003,0.010027533273,0.046998791452,0.0276750932233,0.0100436877944,0.0100139943164,0.0100143076138,0.0100129229319,0.0126349218855,0.0108460556196,0.0100153573959,0.0100155697293,0.0100324379416,0.0100452377737,0.0100088177242,0.0201749374832,0.0351281705181,0.0312333538165,0.0564128890086,0.0129769397884,0.0100095808793,0.0271473142561,0.0100066704701,0.0100765793844,0.0353260952404,0.0105541550149,0.0100353097233,0.0100316299542,0.0100672075353,0.0100776908326,0.0100229034232,0.0100302934301,0.0100395615618,0.010098890856,0.0100340739102,0.0100234127798,0.0100361836003,0.0100576519386,0.0100250094001,0.010041554517,0.0100439621298,0.010092121971,0.0100544492588,0.0106762397498,160.847382898,10.7592509743,2.01921053763,4.79909236912,62.3067153247,12.9364773962,7.44732842885,1.35870906556,18.9075853081,12.4564655432,0.90664981769,2.46242612483,2.03315870476,1.70553521974,1.93389588181,3.61777866381,7.087232905,6.94126015379,2.638753129,0,5.24011581938,6.05213582637,38.5097548095,7.76677431294,16.2395954466,3.08767217276,1.93081121783,11.0476833165,4.6401324943,0.920977849911,18.8936106723,2.95410604882,0.744863162605,1.7162725619,2.22768000019,1.30506245823,2.13877363575,1.60835874458,2.13200153277,1.72475240146,0.395330705982,1.02935988454,0.908816940022,0.459157789063,0.725790696387,0.459527913917,0.875940342154,0.443846840767,0.790380066453,1.0692645901
sobol__0000186,104.95108101,52.87309659,11.15724193,98.50604627,-63.30166481,19.15269488,-6.41983976,1,usable,Converged with independently replayed constrained generalized-force equilibrium and small reserve torques,539.921369,0.0442892068542,6.49389235718e-08,2.18116840436e-13,7.47681872917e-06,9,0,0.168181067786,0.0100033931116,0.0100233723724,0.0100042065947,0.0486416564808,0.0100012958199,0.036842227983,0.0100294833606,0.0570719534632,0.010058126386,0.0100169552704,0.0100133163345,0.0100100764822,0.0100092731527,0.0100748365211,0.0100779924169,0.0100184496648,0.0100186600917,0.0100345945126,0.0449066186988,0.01000844715,0.0342671496961,0.0264315238641,0.0100059257295,0.012239123563,0.0166609714868,0.0100095368534,0.0100136965808,0.0100076459141,0.0100257241304,0.0100057103422,0.0100182637109,0.0100240565878,0.0100149556097,0.0100184446051,0.0100277119131,0.0100161090239,0.0100204085604,0.0100200423135,0.0100307820913,0.0100336083295,0.0100226638884,0.0100293620361,0.0100414786951,0.0100263777536,0.0100462664049,0.0101617238126,0.0102040960637,0.0177194097593,0.0216352674063,194.296371462,10.6359969009,1.97943059032,3.8697948613,52.2352245894,13.0509344555,9.4918918211,1.41086870978,22.3779975812,5.12616717893,1.86952808138,2.60301740081,2.73741082863,1.77740712446,1.55147540154,2.0084545421,7.15865945673,7.02267046512,2.71443212228,15.5990396665,4.92256223758,9.64794345846,28.3906527015,2.52535864233,3.96238219403,4.19720909235,1.93057173822,4.03519506121,2.59782424658,0.99534242332,5.55213634281,2.46475254057,0.672003230476,1.6296357189,2.57192960749,1.52088648845,2.36981933938,1.73175111328,2.12295960661,1.94572444624,0.322807681516,1.09340673441,0.92627579323,0.489574365309,0.681166723548,0.450930537024,0.701786956919,0.416967917333,2.70686889464,2.2804362923
sobol__0000194,81.04483101,49.82622159,28.73536693,34.52167127,-39.55166481,21.06675738,50.76766024,1,usable,Converged with independently replayed constrained generalized-force equilibrium and small reserve torques,468.021777,0.0831224121225,6.60661925167e-08,4.19220214098e-13,1.5279937334e-05,22,0,0.164712564389,0.0620080010905,0.0100308053855,0.0100123849475,0.139381210064,0.0100028137719,0.0322141428032,0.0100117853212,0.010010363986,0.0100041313137,0.0100081928238,0.0100080031675,0.0100073899022,0.0100085779264,0.0100221523938,0.010004797317,0.0100042101706,0.0100044061187,0.0100452374099,0.0109656260683,0.0820547291712,0.0299791344276,0.0938664187412,0.04672220932,0.0100077448054,0.010090448979,0.0729539076029,0.0100020168166,0.0288837583369,0.010005476166,0.0116639651999,0.0100306734852,0.0100150840315,0.0100066860502,0.0100029210028,0.0100041306218,0.0100053847933,0.0100061879114,0.0100047216079,0.0100039037532,0.0118510095389,0.0386382854139,0.0300402848259,0.0113892406443,0.0258504768756,0.0100675831365,0.0100206599134,0.0100087689546,0.0100023571797,0.0100030067284,193.586657313,63.886697676,1.99100793345,4.99800924569,142.069561081,12.7167908302,8.66825934068,1.40658471153,3.99458476838,5.28598092409,1.83377441361,2.57264207878,2.62815770386,1.75390759454,1.77523023739,4.41614288569,6.46871417945,6.15240684482,0,4.00298807769,38.6709866509,8.98543536152,110.515493393,12.3720495658,2.54814872696,1.56044969569,13.939910302,3.93289996576,4.23413137885,0.93723799072,4.10771516354,2.72688267002,0.594019986693,1.57660189046,2.46174050218,1.59750822043,2.27260400501,1.65659295961,1.96166081901,1.92176695591,0.265798461291,3.03331172178,2.0172139299,0.413250930847,1.3830910512,0.200949073992,0.426264996142,0.40772792183,2.00869995638,1.16699964591
sobol__0000202,114.79483101,25.45122159,0.61036693,26.39667127,50.44833519,14.50425738,13.26766024,1,usable,Converged with independently replayed constrained generalized-force equilibrium and small reserve torques,416.449793,0.0774019993303,1.72719865077e-08,1.07469588784e-13,7.38992347908e-06,17,0,0.111908934274,0.0100016841997,0.0100350532211,0.0100041426171,0.0595647496363,0.0100013758149,0.0459192859401,0.0105107309639,0.113899517011,0.074360100191,0.0100448566822,0.0100174841475,0.0100156169262,0.0100098652696,0.0156457387301,0.0100130004492,0.0100030509456,0.010003409746,0.0100452377672,0.0100452377672,0.0100294022231,0.0805754714964,0.129492999198,0.0645655672211,0.0437115060959,0.0449303461424,0.0512454879105,0.0100038953529,0.0100096332526,0.0100085748854,0.0322816917809,0.0100280578184,0.0100188820756,0.0100104724239,0.0100048649809,0.0100070470054,0.0100074091256,0.0100089380833,0.0100073156575,0.01000680923,0.0101787607207,0.0334416139284,0.0234491547799,0.0117236058206,0.0174087950777,0.0106945485441,0.0100630811227,0.0100213397921,0.0100069933198,0.0100091022264,134.496421994,11.0236319088,2.02111238405,4.02976768747,64.0441095724,13.0633143792,11.5484770032,1.41058992118,46.1163288709,33.0422140901,0.795212371175,2.47597605168,1.99914006538,1.70389894104,2.20305672635,6.93901990213,6.30312854402,5.59421968381,0,0,1.62952550397,20.5926428259,152.447312424,16.3768019042,12.1383731792,8.85304146846,9.88500357806,4.08056625972,4.3760907363,1.01018300344,17.9866936246,2.51969597629,0.73015577739,1.68272216926,2.55894509027,1.62597172283,2.35743327127,1.71765238117,2.02986184917,1.97146958231,0.293289356799,3.54395254091,2.00811937787,0.553153402361,1.14415416573,0.378931133123,0.530959849729,0.439578975058,1.91753254386,1.16000634739
sobol__0000210,86.66983101,13.26372159,80.29786693,119.83417127,-74.55166481,-6.27699262,-12.98233976,1,usable,Converged with independently replayed constrained generalized-force equilibrium and small reserve torques,609.46679,0.095466047972,7.11463972181e-08,1.55431223448e-13,2.9967135228e-05,7,0,0.0100043066765,0.0100022664288,0.010108999414,0.0193039170536,0.0100042547,0.0100023314204,0.0336406862185,0.0853113695303,0.0950702693312,0.0861838728391,0.0100638887257,0.0775755552841,0.0403936525232,0.0431216849811,0.0632088191028,0.0293160168445,0.0100127242086,0.0100127314125,0.0100380869727,0.13559053565,0.0856086111134,0.0935930385113,0.126746900599,0.0100094337064,0.0111661034931,0.023391804393,0.0100122485257,0.0101274783071,0.0100098051695,0.0100718383697,0.0100064176546,0.0100252778771,0.0100509054319,0.0100301135371,0.0101517994446,0.0104298035192,0.0100530374916,0.0100774458302,0.0101352300909,0.0165473412637,0.010067188599,0.0100256853864,0.010044794561,0.0100826518403,0.0100441054441,0.0100902229285,0.0101165753773,0.0117030263795,0.0189924880655,0.0288075095003,10.2011236035,10.9103260582,2.03609165585,9.4901277971,5.97366487898,12.4109416375,9.0564337872,10.8620141568,39.3236961338,47.4204332518,1.95767364881,14.8437823549,4.41375121598,6.77887912353,10.5882235283,4.6168048264,7.18295390537,7.1784163696,2.84269883336,45.7686934515,14.1335827463,15.4861261279,110.957772236,1.65227438391,2.38138465114,5.90088624891,1.47203367385,3.94513877806,4.24108267577,0.972697782078,5.5745625867,2.35754962207,0.675246995828,1.63709266451,2.55981850233,1.56016708751,2.31338864894,1.72371786684,2.15231235859,3.20460477719,0.289528892099,1.07999912088,0.93961213299,0.492020432455,0.58423772096,0.472855031294,0.845517932005,0.538318149175,3.21086233884,3.36167048053
sobol__0000218,97.91983101,37.63872159,-41.57713307,79.20917127,15.44833519,0.28550738,-50.48233976,1,usable,Converged with independently replayed constrained generalized-force equilibrium and small reserve torques,447.160854,0.0959990411671,1.9108534699e-08,1.28052796519e-13,4.65337266577e-06,10,0,0.160759093064,0.109907700491,0.0100070893143,0.0100215757106,0.210685097994,0.0100015894672,0.0293655272289,0.0100059428419,0.0100732801927,0.0100031484661,0.0100050479219,0.010003984301,0.0100035240149,0.0100037812103,0.0100225487265,0.0100066140603,0.0100121713617,0.0100123633038,0.0100296483538,0.0100452377914,0.0100548908244,0.0100073159121,0.0472504078456,0.0376894128266,0.0475450501677,0.0108159184434,0.0100137620816,0.0215852296707,0.0100112418891,0.0100630127289,0.0471880682684,0.0132398243278,0.0100425907031,0.0100441291618,0.0100729535192,0.0100742963551,0.0100317393004,0.0100389903592,0.0100524106553,0.010094253676,0.0100407156759,0.0100319226308,0.0100478270046,0.0100532463687,0.0100322829628,0.0100469455882,0.0100388043155,0.0100593656974,0.0100423041988,0.0100774166322,194.651178774,120.729164179,2.01560430252,4.83037907465,209.687558548,10.0833266659,5.55777603418,1.41150650639,4.25117946955,5.79649116888,1.90663519452,2.60809652192,2.68453579081,1.75826297157,1.58729295126,3.50292323272,6.9773662727,6.82952023686,2.50970418919,0,4.86230170134,3.1682440917,53.0838692961,9.81362422834,14.4701752446,2.587432467,1.92414170365,8.79418535444,4.7961547664,0.92741755264,25.5675065605,3.63614018154,0.755898500926,1.71947819033,2.377442128,1.40532989641,2.17052186012,1.64375241569,2.135050465,1.8409541838,0.386913289465,1.06634906007,0.92912966533,0.465165365381,0.72505504454,0.468613810955,0.856077093658,0.460798860148,0.968622489419,1.1058652573
sobol__0000226,78.23233101,19.35747159,-39.23338307,105.61542127,-17.05166481,-7.91761762,-44.85733976,1,usable,Converged with independently replayed constrained generalized-force equilibrium and small reserve torques,476.797587,0.0754064994067,1.3269449628e-07,2.36118085728e-13,9.58035117155e-06,10,0,0.12333503504,0.0929828296289,0.0100139850838,0.0125967988812,0.0931070050932,0.0100048100178,0.0103499259544,0.010011406083,0.0100198892031,0.0100047119891,0.0100077012798,0.0100084137446,0.0100089443854,0.0100083418893,0.0100288411365,0.0100070444968,0.0100175476183,0.0100176889983,0.0100334226783,0.0100191561401,0.0352080046928,0.0100138335587,0.028522284946,0.0257236295022,0.106117599749,0.113196155667,0.0100036836921,0.098145538007,0.0100015490935,0.0100481111992,0.029614616545,0.0101543214705,0.0100208441398,0.0100157181178,0.0190154286886,0.0211340651678,0.0100112516324,0.010021573783,0.0101993348182,0.0311154452853,0.0100224716985,0.0100088954517,0.0100515507104,0.0101103823654,0.0100167661853,0.0106417875813,0.0100153052652,0.0101691536398,0.0100161112061,0.0101706014103,122.607295228,101.337681322,1.99855128984,6.28809597159,93.8213377531,12.0794425465,2.29080297605,1.38118498339,4.33512455629,5.94312235266,1.95568342032,2.54408266467,2.18228769913,1.71054254059,1.78852325203,3.15373697629,7.18335024943,7.08978567114,2.78087664056,3.80324193875,17.5349416775,2.90054736256,29.9297497801,4.62410998326,12.8420571967,26.9113805981,1.68815755183,39.4825341342,4.65118581544,1.01482773918,15.8470358999,2.89071624266,0.717510029268,1.6866879958,4.47344754645,2.95490351147,2.10766924355,1.61675294556,2.16624796814,5.72368881905,0.360068230014,1.08983880138,0.939997853776,0.469457575952,0.693906566127,0.499231964631,0.851838092751,0.467688524762,1.05201540112,1.16664553674
sobol__0000234,111.98233101,59.98247159,63.89161693,97.49042127,72.94833519,3.01988238,-22.35733976,1,usable,Converged with independently replayed constrained generalized-force equilibrium and small reserve torques,445.856193,1.30551750763,4.04622539918e-08,1.44950718095e-12,0.000115752141974,21,0,0.240002259065,0.0100001134853,0.0197431963639,0.0100001315983,0.0100004296888,0.010000050987,0.633774906073,0.264008212439,0.700488994008,0.0100002302661,0.0100004297507,0.0392624215492,0.0100016998175,0.0100007224046,0.0100211574791,0.508990946563,0.0100119117494,0.0100120847542,0.010028472145,0.0100452366689,0.0100001465331,0.0100008757907,0.0508368820784,0.0100040697509,0.0100159493034,0.0388427245176,0.0313082913696,0.0100023603419,0.0100048817305,0.0100065384076,0.102595815276,0.0253943501472,0.0100136494649,0.0100070489397,0.0100058022408,0.0100088846919,0.0100087785887,0.0100105077261,0.0100086576491,0.0100089753598,0.0133134891758,0.0504475399939,0.0419853515084,0.0202166171081,0.0176997122064,0.0127862968319,0.0100777217548,0.010024821353,0.0100086452225,0.0100113624833,269.478791598,10.5151144914,3.62516388957,4.98892959699,7.79980982158,12.7931578246,170.580936969,36.5795729734,203.297937084,4.79215370257,1.87869913005,10.0726167743,2.68728355192,1.76762198518,1.52049646244,71.9273723485,7.1467768616,7.00821952129,2.70335431928,0,5.23293787371,3.13671099441,54.7558014523,2.47153030258,3.06226400098,9.80731999804,5.48812672145,4.00562309285,4.44038238568,1.00484303395,42.4281614851,5.11173920085,0.705592718656,1.65621889513,2.58735490056,1.60428209123,2.36476480476,1.72978842066,2.11049096335,1.97269061282,0.421189613886,5.5084807049,3.95497172021,0.98650434303,1.12751718282,0.603724736128,0.738641816521,0.460332377257,1.49145553959,1.16193010899
sobol__0000242,95.10733101,47.79497159,-6.42088307,52.80292127,-52.05166481,23.80113238,18.89266024,1,usable,Converged with independently replayed constrained generalized-force equilibrium and small reserve torques,453.759266,0.182312451003,2.40751251823e-07,5.87267321871e-13,3.11658019763e-05,10,0,0.179196184654,0.0442537720582,0.0100408284312,0.0100463131586,0.0704877248972,0.0100084530797,0.0120506404531,0.0100305055986,0.0100468366139,0.0100122197123,0.0100208923153,0.0100219440013,0.010019700439,0.0100214169826,0.0100567093876,0.0100123973914,0.0100159090613,0.0100162238396,0.0100744524691,0.0187528949248,0.0827747178487,0.0298786620483,0.0577624502586,0.0222647483477,0.0100048872265,0.0159241461349,0.242733600504,0.0100022716259,0.189777303112,0.0100062749681,0.0100510811791,0.0100545632241,0.0100267241797,0.0100117577785,0.0100046086244,0.0100065766236,0.0100121738198,0.0100126013709,0.0100086973801,0.0100064007741,0.0358518404779,0.128028371984,0.0848043603335,0.0347236553582,0.0796816226594,0.0192971203514,0.0100243100504,0.0100115282745,0.0100032859198,0.0100039729498,212.784394753,47.183329177,2.01584951391,4.29998123251,75.7522192927,12.9721764745,3.02746611669,1.41771783397,4.09662958199,5.55871394668,1.98157431463,2.61051633502,2.72802320683,1.7711556382,1.63237801218,4.31481578863,6.70922997479,6.55298103362,0.647647639224,6.6671262173,40.0455903472,9.46556013481,67.7917908701,6.14203535501,3.11172597927,3.4566050235,46.8218363238,4.07946824021,62.9316758663,1.00601468849,3.86484922738,2.60260832741,0.704432286829,1.65326995346,2.58886494794,1.62468906349,2.36951854936,1.72978268369,2.06472032679,1.97417558152,1.01982160215,13.1330916536,7.07942438746,1.5784645218,5.14075798954,0.660617552562,0.545166144881,0.388019133123,1.79477722728,1.07697444884
sobol__0000250,106.35733101,7.16997159,40.45411693,12.17792127,37.94833519,12.86363238,41.39266024,1,usable,Converged with independently replayed constrained generalized-force equilibrium and small reserve torques,505.930112,0.0313347050558,7.38888275009e-08,4.97379915032e-14,9.90518054386e-06,11,0,0.010341959843,0.0100073710678,0.0100572495482,0.0100307233636,0.0100113332103,0.0100168831736,0.0100805724792,0.0157371016759,0.0528064848168,0.0373786320765,0.0100847078346,0.0135247234067,0.0102402266139,0.0101121633955,0.0137512532037,0.0100084064116,0.0100083009876,0.0100102952569,0.0100867877162,0.0100867877162,0.0337305444471,0.0478786206037,0.0969985834436,0.0271655895669,0.0136419839108,0.0314448550088,0.0726163822421,0.0100041148493,0.0100183859153,0.0100114004633,0.0112539953027,0.0100441273914,0.0100220171424,0.0100106774803,0.010005628882,0.0100081096572,0.0100087170542,0.0100105105153,0.0100083491632,0.0100076549906,0.0107171856248,0.0391182401068,0.0282929860727,0.0128313757849,0.0230674950236,0.0102725438043,0.0100737338016,0.0100245930843,0.0100068605912,0.0100089735235,10.1074466395,10.9711249994,2.02461527743,4.94955996329,8.17828977194,12.5669727598,2.7035800831,2.02689164176,21.7753269881,19.0394176418,1.41486836086,2.79020589112,1.24220353699,1.62537392932,2.31718363351,7.20767619371,5.43327327136,4.27218523082,0,0,7.72777976017,11.225085086,113.729689384,6.49914089586,3.12813385796,4.48672779238,13.9814322043,3.99482873419,3.22027082019,0.943044080752,6.07301229924,2.61959368586,0.678319328476,1.60779002599,2.42858516767,1.57487657028,2.26567546897,1.65022124202,1.94514402647,1.89624412452,0.261882140685,3.46420124608,2.05744358741,0.517204164119,1.33887591088,0.241964171581,0.435061343728,0.452691538227,2.00807429663,1.16795323476
sobol__0000258,83.50576851,23.67387784,36.05958568,121.61151502,43.88583519,-4.56800824,33.18953524,1,usable,Converged with independently replayed constrained generalized-force equilibrium and small reserve torques,469.931686,0.075538600682,5.13011624292e-08,3.48468485586e-13,2.99899939525e-05,16,0,0.0867882298318,0.0100044411592,0.0100403874174,0.0100057326186,0.0800094772542,0.0100023140407,0.03451901667,0.0100305235371,0.0463570559988,0.0515557692389,0.0103252497464,0.0100144729773,0.0100166373011,0.0100152105032,0.0166437498576,0.0100620617453,0.0100060928504,0.0100060944699,0.0100169884914,0.0100452375002,0.0119087234782,0.06087363556,0.0923063043963,0.0101367952143,0.0471775434807,0.074141377173,0.122605323122,0.0100022308855,0.0100452375002,0.0100429279645,0.0437950237841,0.0174404624712,0.0100452375002,0.0100038801462,0.0100011949109,0.0100017810835,0.0100017896894,0.010002232537,0.0100017812735,0.0100016592931,0.0189593299289,0.0858487802642,0.0649608552177,0.0327010660706,0.0393049482727,0.0199686040404,0.0100733397405,0.0100081362998,0.0100029184138,0.0100028982886,105.127504285,10.7132716108,2.02232012293,4.99218382803,71.4935209732,12.5805471194,9.28907791359,1.34167123889,18.7711582608,23.9432939737,0.982503381372,2.35964433753,1.74794922568,1.68082688552,2.72579113813,1.89490904562,7.17800133499,7.17580243124,2.8357337413,0,5.738305514,16.9693804661,77.5043334557,0.210412310205,10.9352218283,13.6677611547,15.3788785939,1.48949548663,0,0.00307229542624,12.5289662197,4.47942194065,0,0.852035666168,2.44742875765,1.57993178745,2.30191944784,1.67190517623,1.9659427711,1.89777787695,0.359293057507,6.35560250962,4.18991145474,1.32206200354,1.59403417556,0.603827261047,0.589209449042,0.45912338839,1.97922559903,1.12856860586
sobol__0000266,117.25576851,64.29887784,-10.81541432,80.98651502,-26.11416481,6.36949176,25.68953524,1,usable,Converged with independently replayed constrained generalized-force equilibrium and small reserve torques,573.089579,0.0632204203166,2.00930188043e-08,1.33134918535e-13,7.3773393292e-06,14,0,0.185375781125,0.0194408666626,0.0100197109846,0.0100055429359,0.0100017865164,0.0100215672431,0.0100100818509,0.0133676509106,0.132334868382,0.0100177337018,0.0100080675453,0.0179982147774,0.0101551894431,0.0100210898642,0.0100228170707,0.0127422372019,0.0100152355386,0.0100154525085,0.0100326709598,0.0100590446494,0.0100123643292,0.0154478702874,0.0345486206535,0.0244301557068,0.0151915883972,0.0297230226646,0.0480167360704,0.0100032410721,0.0100150957729,0.0100088997933,0.0101580495533,0.0100403842607,0.0100208004608,0.0100081700648,0.0100043928593,0.0100063511025,0.010006621705,0.0100079895187,0.0100064864127,0.010006023963,0.0101107889736,0.0268393233541,0.0199526075222,0.01056055127,0.0141641649203,0.0101381939753,0.0100508431712,0.0100192039669,0.01000654858,0.0100080507102,208.355121351,20.9900209059,1.95689771846,2.86991670483,10.5937577476,9.70620620198,2.40886498273,1.91944809558,52.5988021662,5.68304801191,2.73072451097,4.77160792726,2.91099545353,1.82270769989,1.71946968383,3.20474704937,6.99681335541,6.84903975186,2.53864622636,3.78836338906,5.22064714658,4.78546322,38.6702786494,6.39415081585,5.09928534942,6.47885182274,8.08747476198,3.73526915888,1.84416489801,0.866001218786,5.65912448991,2.84802082134,0.416961187612,1.54454865225,2.5409087504,1.62540617492,2.34834020798,1.70926365819,2.02210304389,1.96565481668,0.211088774268,2.14879092431,1.380102178,0.427244592054,0.703349128817,0.317329982426,0.605605059338,0.460601503493,2.01126652592,1.16762604248
sobol__0000274,89.13076851,43.98637784,68.87208568,36.29901502,8.88583519,20.58824176,-23.06046476,1,usable,Converged with independently replayed constrained generalized-force equilibrium and small reserve torques,464.45846,0.059142328458,5.79771395337e-08,1.35003119794e-13,5.3874155493e-06,0,0,0.149731173892,0.0100208483074,0.0102620322412,0.0100217533093,0.0724699766198,0.0100134900961,0.0321191667038,0.0101728339818,0.0748688106724,0.0420896597311,0.0103263925176,0.0100739004589,0.010075963847,0.0100690300248,0.0168200433589,0.0176516763536,0.0100340489607,0.0100353369346,0.0102689349479,0.0102689349479,0.0100878196137,0.0596433073795,0.0688848515477,0.0476507030593,0.050856765487,0.0494509109143,0.0303447336814,0.0100422771781,0.0100516551667,0.010091348645,0.0319800339587,0.0103502860714,0.0101559524348,0.0100980017078,0.0100536150443,0.0100784467635,0.0100763257372,0.0100909178939,0.0100751504284,0.0100746196153,0.0108444787326,0.0262437585572,0.0235011168732,0.0119203522783,0.0137661431849,0.0120819605187,0.0107038925206,0.0102161270867,0.0100866868801,0.0101296416823,179.064963827,10.5262439109,1.98435174039,4.88778177179,55.756289492,12.3189811011,8.55871201936,1.38144023999,27.9339320096,17.5047041355,1.01531792448,2.4793938324,2.16627665521,1.72530723338,2.62637578164,7.29498712376,6.51506514529,6.24482748579,0,0,4.76584271016,17.6170106394,81.1027844283,12.9270497219,16.8941487454,12.485553136,5.65304335143,3.64644063074,4.61028117393,0.836449929383,17.1377367843,2.88368407952,0.764733198171,1.72875353058,2.58725743835,1.54430293671,2.38371218316,1.74389008287,2.13294610985,1.95519664366,0.420832176598,2.79430743494,2.21721841675,0.577222723185,0.996660618446,0.571382435427,0.756525922582,0.405753754331,1.25896104214,0.996865810797
sobol__0000282,100.38076851,3.36137784,-34.25291432,28.17401502,-61.11416481,9.65074176,-30.56046476,1,usable,Converged with independently replayed constrained generalized-force equilibrium and small reserve torques,563.187635,0.0240544708028,8.76244832249e-08,1.56319401867e-13,4.04195838078e-06,8,0,0.010003306081,0.0324745209042,0.0250927165253,0.036089305369,0.0262594034197,0.0244044758533,0.0100601460213,0.010294784922,0.0100077607147,0.0100093286384,0.0100465742597,0.0167975566843,0.0149279207966,0.0224413424276,0.0100180216164,0.010005828201,0.0100044761853,0.0100048989555,0.0100452377898,0.0100176906899,0.0418674201519,0.013491644051,0.0857082046517,0.0367841762978,0.0100452377898,0.0570036187159,0.0100083320388,0.0192804137322,0.0100037250087,0.0100491185781,0.0272541278393,0.0100962841659,0.0100310904297,0.0100243053118,0.0100189245035,0.0100295763073,0.0100125887449,0.0100170822543,0.0100177110014,0.0100297219089,0.0100357686902,0.0100312592348,0.0100914101224,0.0101046977147,0.0100256894239,0.0100753253652,0.0109004264957,0.0103432593078,0.010036759389,0.0180036044697,7.88725910214,35.7289653101,4.89628720209,18.0151177086,27.0572544874,31.3735446925,2.33643271633,1.37898434435,4.34899141678,5.92260634434,1.54992073953,4.05606232895,2.49916015656,3.72739381005,1.80873201908,7.18487283224,6.34945690348,5.74292822345,0,3.49598500812,13.836940064,4.00341449944,100.906652147,9.28241795865,0,14.3743425498,1.91104707999,5.37793889176,4.7986532982,0.576012885133,6.79702913237,2.5075677654,0.653232678384,1.61303466662,2.33528382671,1.35766104589,2.25257228553,1.67572997794,2.12768088464,1.792015823,0.390607865293,1.05781143145,0.942309946151,0.478664903025,0.725855280941,0.476553415171,0.91744780151,0.461324331626,1.28494172636,1.96871615558
sobol__0000290,75.06826851,54.14262784,-45.97166432,50.51776502,61.38583519,17.85386676,-54.93546476,1,usable,Converged with independently replayed constrained generalized-force equilibrium and small reserve torques,511.274414,0.132709982919,4.68730689818e-08,5.75539615966e-13,2.30960704248e-05,22,0,0.152436419629,0.221577273531,0.0100233825455,0.0371250335525,0.0744275269613,0.0122891848291,0.0100545812672,0.0100092029968,0.0100058616522,0.0100019856146,0.0100024648793,0.0100071507157,0.0100065327743,0.0100068576947,0.0100081333919,0.0100034183367,0.0100049534838,0.0100050617762,0.0100347674805,0.0100452374813,0.0403466208794,0.0100071917899,0.0903005278142,0.0371354011734,0.0100452374813,0.122634593197,0.0100014311451,0.0442059330295,0.0100007412581,0.0100491854302,0.101138942228,0.0201767275287,0.0100082344859,0.010004569402,0.0100093189497,0.0100301164152,0.0100033665636,0.0100051764693,0.0100059141733,0.0100341787379,0.0100129010285,0.0100064122907,0.0100171210976,0.0184342212248,0.0100062966026,0.0100313378356,0.0312537224398,0.0437170184617,0.0197744702671,0.0871020851613,185.092009945,232.123920953,2.01871202035,18.5248006983,73.1494297439,13.4689070715,2.15334272975,1.43981560353,4.32787950303,6.13562552697,3.7598712341,2.6593458272,2.84670455597,1.80020186809,1.88213214006,3.58812956337,6.67605220207,6.51608262283,0.448971310686,0,11.8701983237,1.85182728783,106.141831915,10.245096242,0,30.1335190858,1.87910445255,13.0476392942,4.79797652402,0.556752251035,54.8194674353,4.65669757642,0.718944138433,1.69712394611,2.33762428993,1.36835133308,2.27909226472,1.68592397258,2.1251715645,1.79844332407,0.394495093696,1.01013980045,0.904763553394,0.850528625237,0.71708038714,0.460213140935,2.54825988032,1.75522075097,1.52707384416,8.0167038274
sobol__0000298,108.81826851,29.76762784,75.90333568,9.89276502,-8.61416481,11.29136676,-2.43546476,1,usable,Converged with independently replayed constrained generalized-force equilibrium and small reserve torques,540.603885,0.120012254004,5.04650898847e-08,4.97379915032e-13,1.55173155305e-05,9,0,0.0767684839802,0.010001203888,0.0100102742626,0.0352047426385,0.0100014426503,0.0100009208069,0.0100312124561,0.0643767045952,0.237078416993,0.0100320502341,0.0100170241566,0.0497298251232,0.0200055239609,0.0100136796684,0.0435861186584,0.0513089603197,0.0100047389827,0.0100059347894,0.0100452377124,0.01000600606,0.109200777091,0.0762878996895,0.090213986524,0.0215013916405,0.0339007505672,0.0517946393977,0.0311786084225,0.0100063473548,0.0100068214927,0.0100118925089,0.0893614591693,0.0349660079441,0.0100223965308,0.0100144069378,0.0100078055145,0.0100114950456,0.0100105738609,0.0100129005266,0.0100113520677,0.0100111934157,0.0101836351515,0.0296377861981,0.0246878227681,0.0124328508859,0.013395933969,0.0114015689578,0.010089516353,0.0100301490157,0.0100100100854,0.0100149051682,93.4438381814,10.9152816023,2.00409996558,17.4942299703,6.31575354268,12.556125882,2.69491479777,8.3818811643,90.9138436101,4.13393145759,0.897426662691,10.8298122835,3.13330963092,1.66892552173,5.88686141718,32.3576703383,5.230265598,4.05578459823,0,3.78622705076,44.0499047335,21.9719639292,105.563253508,5.15374110948,9.99401719969,12.1826488704,5.9708063323,3.78066213117,4.62307714304,0.958203451265,33.6294527738,9.95426337778,0.754678824355,1.71444389505,2.58991171313,1.61993795155,2.37037492338,1.73114669668,2.08987744534,1.97458241419,0.356987298086,3.23519787807,2.3298960126,0.606705799057,0.966974692216,0.484661960672,0.681873881926,0.45018899216,1.74266747365,1.15585159497
sobol__0000306,91.94326851,9.45512784,5.59083568,103.33026502,26.38583519,-2.92738324,1.31453524,1,usable,Converged with independently replayed constrained generalized-force equilibrium and small reserve torques,522.541191,0.0299495137907,3.23578972505e-08,1.94895516847e-13,9.21237731783e-06,12,0,0.0954604770712,0.0100166560345,0.0100210104395,0.0100191991947,0.0367932191925,0.0100054457131,0.0103232388333,0.0100256112457,0.0281474320056,0.0183976680042,0.0100514205204,0.010017320489,0.0100202979704,0.0100166265449,0.0103799125431,0.0100151504242,0.0100117766654,0.0100119135485,0.0100278579221,0.0100452377692,0.0222175539158,0.0263253040345,0.0514874083938,0.0292097498587,0.043434551613,0.0493533134633,0.0432933368934,0.0100031250371,0.0100065816138,0.0100081988645,0.0328773671894,0.0102116535644,0.0100189821702,0.0100083267525,0.0100046316738,0.0100068844149,0.0100068192705,0.0100083818173,0.0100069514507,0.0100065908967,0.0102387499293,0.0395679617115,0.0292128158892,0.0154350510781,0.015918361012,0.0117809093803,0.0101103234066,0.0100231821013,0.0100071826648,0.0100102651641,95.2682539839,10.9337807802,2.00921996911,4.82419630655,39.2441835442,12.9951901344,2.65541661696,1.32821774474,11.7775800488,9.85042591098,1.05593017291,2.305569737,1.54238852148,1.65512857624,1.78186362034,3.65318334002,7.17541693671,7.06421929229,2.75778880056,0,11.6105054232,7.80970842737,54.4958415088,5.25262497466,12.6550701571,12.3360367874,6.59431748377,3.68689503861,3.30460507287,0.895795762155,16.4474341417,2.73603590082,0.503136317873,1.56633596749,2.58800366386,1.6260251739,2.36948418653,1.73029815813,2.06774249516,1.9741667918,0.255415600213,3.90918427181,2.45125288416,0.747820720735,0.836549953194,0.492482326984,0.714291660757,0.461047392413,1.95464338391,1.16797510109
sobol__0000314,103.19326851,33.83012784,33.71583568,95.20526502,-43.61416481,3.63511676,53.81453524,1,usable,Converged with independently replayed constrained generalized-force equilibrium and small reserve torques,454.019492,0.0854628996214,1.28790134113e-08,4.81340427134e-13,2.65338405785e-05,16,0,0.125298728357,0.0100017765206,0.0100443176508,0.0100025443449,0.0729393758996,0.0100010717629,0.0645362857035,0.0101028703701,0.118927832526,0.0568835061823,0.0100389522692,0.0100138436921,0.0100124761125,0.0100093311966,0.0243199480897,0.0692623027825,0.0100125238067,0.0100127078181,0.0100293279542,0.0286719834517,0.0100075154437,0.083189308373,0.0474232057783,0.0100265665319,0.0179671649631,0.068954228749,0.110265638587,0.0100014688311,0.0100452373571,0.0100178101903,0.0100100072562,0.0100201584441,0.0100452373571,0.0100036386355,0.0100011652878,0.0100017242421,0.0100017504238,0.0100021628971,0.010001707634,0.0100016087838,0.0127896084056,0.0546381305857,0.046747851192,0.0229787258929,0.0338454609849,0.0127153218881,0.0100359989909,0.0100070532972,0.0100018555887,0.0100022793326,152.603157231,10.7788807252,2.02009700836,4.75877895827,66.8380619196,12.8869749582,17.2705023725,1.36370376936,45.7817568894,22.5071304509,0.81847475194,2.47264358951,2.08507157278,1.71199254494,3.39867406476,20.9816599192,7.12883867182,6.98643068257,2.68248109337,10.3744672305,4.90582472603,22.9495884392,51.3834207844,2.51650193973,5.96882941146,11.9522455557,15.5830019586,2.28464023711,0,0.0930495914409,5.57735464017,2.70003640788,0,0.857688511104,2.40479368249,1.56225623687,2.24927038974,1.63629420925,1.92943070866,1.87685647763,0.190151451269,2.98350662557,2.398856985,0.716440449869,1.28424913906,0.264197088258,0.533261759297,0.46030850167,1.89220635556,1.12483531206
sobol__0000322,82.09951851,36.87700284,6.76271068,29.18964002,-19.86416481,1.72105426,-8.99796476,1,usable,Converged with independently replayed constrained generalized-force equilibrium and small reserve torques,501.842057,0.0670680610849,1.93713596275e-08,6.67910171614e-13,3.47651994761e-06,5,0,0.147387128526,0.0727059713824,0.0100232508188,0.0106254124119,0.0828754464282,0.010006148,0.010430653947,0.0100145993296,0.0100168610409,0.0100056149705,0.0100117432228,0.0100106178694,0.0100109071438,0.0100111622088,0.0100251262361,0.0100027407557,0.0100032938728,0.0100035812619,0.0100452379173,0.0100186776605,0.0697938736182,0.0236116358147,0.120079897516,0.0648317682642,0.0398758810848,0.0288067943403,0.0142508209814,0.0100160932176,0.0100642959415,0.0100228848987,0.0504279251117,0.0101689141611,0.0100432218715,0.0100402289356,0.0100126714277,0.0100173072784,0.010017257953,0.0100200170542,0.0100172290688,0.010016651606,0.0100624688073,0.0113334427442,0.0100452379173,0.0100801960586,0.0100923928214,0.0100929004799,0.0100582353044,0.0100325984019,0.0100147556963,0.0100190320957,179.501337887,76.8411896793,2.01845050887,5.25202751887,89.0700699792,13.0598114012,2.71009945967,1.38872668933,4.10428289213,5.38197642874,1.53286979267,2.55124310271,2.3605769492,1.73145699753,1.70870618763,5.5132770912,6.37147551436,5.82177235743,0,3.80223298007,25.0096277474,6.6478796825,141.375893924,16.8791784149,13.411426747,7.27213558347,2.74825460584,4.00752344309,4.796212585,0.9680079755,20.4276493031,2.89399429417,0.756236220604,1.71886381087,2.58985522567,1.6002968187,2.36961067745,1.73201865623,2.11221458708,1.97264754311,0.319426488308,1.23760478448,0,0.49188657148,0.696456755292,0.457058970268,0.772557511619,0.461377674271,1.7543183848,1.16898947941
sobol__0000330,115.84951851,12.50200284,16.13771068,37.31464002,70.13583519,-9.21644574,-46.49796476,1,usable,Converged with independently replayed constrained generalized-force equilibrium and small reserve torques,651.453779,1.89299278477,3.75450383672e-07,9.20614120097e-13,0.000149916003509,20,1,0.0934992146932,0.0100030810574,0.0100256405812,0.0100067978288,0.0143343116668,0.0100030064671,0.020899196871,0.0100845016588,0.0804958009449,0.0590341298329,0.0100709072434,0.0100239465345,0.0100247853724,0.0100156621253,0.0182738522559,0.0956389946069,0.0385351134686,0.0370569665452,0.0100452376104,0.0100452376104,0.0100024810372,0.0100023945139,0.0100095587171,0.0100023551041,0.0100452376104,0.9999996326,0.010000233811,0.636309759086,0.0100001024266,0.0100023910534,0.357406207062,0.0859655634602,0.0100016996742,0.0100008051953,0.0692959633453,0.226789153028,0.0100006354402,0.0100013566997,0.0100100497941,0.401743693134,0.0100030856528,0.0100007775332,0.129486744909,0.132400274556,0.0100024538789,0.248797440776,0.0100013048785,0.0661494485547,0.0100009696259,0.0100055794663,97.4774694301,11.0073866788,2.0168242243,4.4930812892,14.3571748684,12.9457895798,5.42625514003,1.32492326666,33.0186719009,27.9551051247,0.881509134809,2.25775494848,1.49766360567,1.65844693382,2.87098395913,61.9573040126,25.0772558917,23.1893864917,0,0,1.89716205606,2.4905118024,11.7848877197,2.6560891476,0,241.55400127,1.79820610234,210.631577738,3.55734396097,0.607454405577,196.765931206,17.8616118495,0.586133474927,1.577014513,17.2567650224,34.1459478857,2.17815680058,1.66403156017,2.125961296,78.0599778043,0.364228545085,1.0817757526,12.0127856851,6.11445168153,0.721519421821,11.65107661,0.77503553283,3.04230882632,1.01068342106,1.14461044167
sobol__0000338,87.72451851,24.68950284,-54.17478932,73.87714002,-54.86416481,13.75230426,47.25203524,1,usable,Converged with independently replayed constrained generalized-force equilibrium and small reserve torques,599.848003,0.11558198203,1.73397793901e-08,2.91279230967e-13,2.02301324342e-05,18,0,0.178256692595,0.0923648292302,0.0100049693748,0.0100120396248,0.229306607007,0.0100013861811,0.0286215646549,0.0100050219593,0.0350300654517,0.0100035244899,0.0100040180416,0.0100032253232,0.0100030630474,0.0100030271549,0.0101183508679,0.0100023837236,0.0100120158089,0.0100122078283,0.0100297703712,0.0100310390424,0.0607590490911,0.010031539183,0.0467118275634,0.0403865764845,0.010002217404,0.0100052737172,0.0887905898635,0.010004770992,0.0170117004142,0.0100120139973,0.0199541362671,0.0100547873427,0.0100748247951,0.0155896688023,0.0100079933381,0.0100089787837,0.0160335459603,0.010071153217,0.0100243989316,0.010007620238,0.0102164509684,0.0148588671934,0.0108280711518,0.0100338019851,0.0177468063913,0.0100255183136,0.0100108494078,0.0100059541288,0.0100021181162,0.0100022770318,164.936484699,101.525821289,2.00500395767,4.99781638071,220.653426789,10.0234444686,4.49583896261,1.39763398127,15.1966699374,5.96936746816,2.16879171677,2.58076202417,2.43933825211,1.73023977756,1.74727366153,4.15861417329,6.92528595475,6.77730761387,2.32348154692,3.54590180994,31.9045766489,3.10863330629,53.0425870268,10.994364385,3.35177948099,1.77423647296,14.7061240567,3.70568318849,0.319063478027,0.762292093233,9.47457453628,2.56864112969,0.236967727818,2.29560546927,2.47295955409,1.60237253922,3.6625192447,1.67578391114,1.97492491939,1.92504522281,0.186732367222,0.97000561915,0.635242277603,0.334523999352,0.809868735687,0.217908907068,0.489276130091,0.449137770858,1.98979072265,1.1670693205
sobol__0000346,98.97451851,49.06450284,86.45021068,114.50214002,35.13583519,24.68980426,9.75203524,1,usable,Converged with independently replayed constrained generalized-force equilibrium and small reserve torques,551.753408,1.75545737534,9.56518206863e-07,1.37278945476e-12,0.000168944313967,15,0,0.0684639990954,0.0100003970486,0.0363259575204,0.010000631039,0.103048536749,0.0100004221133,0.108276023581,0.0685864619937,0.387124254654,0.148875087949,0.0100372220095,0.0100451161106,0.0100170656134,0.0100055884755,0.0895313788083,0.0853082983678,0.0188783738874,0.0188170681399,0.0100826844472,0.0100452370666,0.0100008364403,0.0747496397878,0.0100109292261,0.0100141590871,0.0100002701164,0.0100008122984,0.965662995208,0.0100007944071,0.0100452370666,0.0100028798368,0.0756262574005,0.0431462342641,0.0286462522089,0.247963769617,0.044737032754,0.0100089748399,0.431880924133,0.256112919925,0.206314197335,0.0100089113073,0.128386443367,0.333070786885,0.178697228288,0.0282610122449,0.258968677314,0.0100138626936,0.0100017801863,0.0100012021404,0.0100004094899,0.0100004245077,80.7638744016,10.5645403048,6.71847033982,4.76130143146,69.8885065395,12.3468880352,26.3718994381,9.27531935086,129.549532067,60.3542846234,0.984939202025,2.4625278039,2.20127301386,1.71962652196,12.9533960812,5.97760491962,13.5430249525,13.4548976772,2.85472588962,0,3.9038727466,21.0258803427,9.73500167402,0.803657696282,3.02263078846,2.01017235375,185.921581723,3.66928364109,0,0.827343224344,30.7576213516,11.3289680738,0.392548899549,35.7073420432,11.5532147113,1.62639013909,102.043849576,44.1448225537,42.1782681036,1.97461319778,3.95460382303,35.7016303189,15.2574287087,1.33728651862,16.262248162,0.379423513421,0.501498467709,0.381659809187,1.6411814274,1.03069799239
sobol__0000354,79.28701851,6.40825284,55.98146068,92.15839002,-37.36416481,15.39292926,15.37703524,1,usable,Converged with independently replayed constrained generalized-force equilibrium and small reserve torques,587.800584,0.0400728554565,4.5584586772e-08,4.47641923529e-13,3.27945683764e-05,4,0,0.0100071739678,0.0100041281111,0.0137970342407,0.0100231011102,0.0100093423566,0.0100072281735,0.0203625909667,0.05828347896,0.0567624327504,0.0916423442412,0.0100720511539,0.0543653677565,0.0291293173825,0.0370755944172,0.033627764832,0.0666416470014,0.0100516924295,0.0100524098735,0.0101102978611,0.010102666111,0.0448539513014,0.0696847714996,0.0369001244399,0.0347718866094,0.0174264698314,0.010317426997,0.01110519883,0.0100704259819,0.0101618966192,0.0101065876429,0.0212495680047,0.0102039485178,0.010144764907,0.0101172103432,0.0100699429138,0.0100869056903,0.0100891384834,0.0100973745813,0.0100881947715,0.0100847690467,0.0101811446459,0.0103789724173,0.0102678878966,0.0101989949329,0.010216584833,0.0101841236908,0.0101591883241,0.0101304954515,0.010080733896,0.0100926714018,9.51813137368,10.9190849464,2.77855017459,5.0032430796,7.19660689769,12.3848637542,5.48488839931,7.44619105146,23.594728964,50.1474586815,1.90392825459,10.6556339881,3.16175910042,5.83525497752,5.89756042133,22.0259208772,7.12951820534,6.98426010608,2.67585615166,3.70605006891,22.0200869796,20.2675750268,40.2825138323,8.7945618125,5.73605271127,2.33585009795,2.08280526408,3.83836538944,1.2048685675,0.925309884307,11.8398279225,2.80117979497,0.449459144696,1.57805448965,2.60507074151,1.63872867788,2.38802112158,1.74440174464,2.07794800727,1.98964100542,0.260400800058,0.975207404954,0.797765225181,0.449193837049,0.584101952383,0.357874820227,0.605164043591,0.440154146196,1.94257999653,1.16826790713
sobol__0000362,113.03701851,47.03325284,-28.39353932,100.28339002,52.63583519,21.95542926,37.87703524,1,usable,Converged with independently replayed constrained generalized-force equilibrium and small reserve torques,480.663096,0.0617308961709,9.14018158937e-08,1.70530256582e-13,3.42025614407e-05,15,0,0.153459812329,0.0348870978792,0.0100149460998,0.0100276074937,0.101027076374,0.0100027228883,0.0160897315492,0.0100119763926,0.0102331288288,0.0100078785393,0.0100126810525,0.0100084877614,0.010007310379,0.0100078644303,0.0100259320457,0.0100102456302,0.0100134209802,0.010013593949,0.0100299907425,0.0100452370371,0.0150695291281,0.0100330982293,0.0430783432837,0.0302458541022,0.0100014978646,0.0100049305302,0.121763388387,0.0100030038975,0.0100452370371,0.0100108747637,0.0142936919134,0.0100506165448,0.0100453150048,0.0107668332017,0.0100056256267,0.0100065743122,0.0230321312008,0.0100860271953,0.0100200734661,0.0100059651529,0.0181837786734,0.0428604697138,0.0296518092452,0.0100743370844,0.03543025089,0.010026989394,0.0100097945899,0.0100046636835,0.0100013769482,0.0100016150631,186.356315776,38.4513156694,2.01671468086,3.87177451967,103.438119428,9.53738458929,3.35584103677,1.41197711682,4.17339836503,5.26259277526,1.60422844561,2.61935561016,2.76652457403,1.77843062307,1.47634911858,2.34574926453,7.16560192124,7.03627666378,2.72976323559,0,7.64586744133,3.08232088417,46.0379640241,6.81037729664,3.26480276063,1.55210991824,20.5782195544,3.22160014237,0,0.461418446281,6.53111475293,2.49953984816,0.00101801527231,1.21526678902,2.46420088725,1.59508423232,5.25276508255,1.67678935851,1.96713578588,1.91996679892,0.405782498756,3.31358500143,1.91211809329,0.366488540273,1.72806176601,0.249406706087,0.380756651585,0.400651805374,2.00847161026,1.15735554135
sobol__0000370,96.16201851,59.22075284,51.29396068,14.97089002,-72.36416481,-1.01332074,-40.87296476,1,usable,Converged with independently replayed constrained generalized-force equilibrium and small reserve torques,438.132222,0.0862594300458,2.79530922853e-08,1.13686837722e-13,6.96617799494e-06,1,0,0.213760930307,0.0100603050448,0.010086240314,0.0100170283329,0.0524256015001,0.0100081542243,0.0282951298579,0.0100625809928,0.0130430439654,0.0100233144807,0.0100356931238,0.0100378321799,0.0100311171713,0.010033348115,0.0101853129116,0.0100145048094,0.01001173537,0.010014424253,0.0101686077671,0.0100920900295,0.0338589706508,0.0414780272216,0.133625547626,0.0359703902506,0.0101686077671,0.075144502086,0.0100142587248,0.062886812109,0.0100127103067,0.0104663403482,0.0193344715374,0.0102211314446,0.0101553740902,0.0102132506174,0.011685117237,0.0124943945917,0.0100565567135,0.0100923853472,0.010201816811,0.0170156917034,0.0100811519898,0.0100383620606,0.0100899146437,0.0101829137668,0.0100516986613,0.0101749713096,0.010142333558,0.012882222998,0.0101852457679,0.0252414831093,239.706336234,10.3826988432,1.88522324034,5.00031583811,47.0126903694,12.6364205078,7.62162413444,1.41332637381,4.54142986363,4.92256617054,1.88955759873,2.59507776869,2.73636137294,1.77493921686,1.67965624273,4.76410189327,5.67257897678,4.53916144335,0,3.42968051883,15.6708221892,11.9736078882,156.942051767,8.61550590585,0,18.533428308,1.93166455571,13.9319323149,3.69396670173,0.39558543115,3.11809484019,2.42370383894,0.465423788131,1.35535821692,2.54034076387,1.60300881249,2.07727368512,1.58193736072,2.16569664273,2.929762547,0.396730377047,1.03836917022,0.915520609742,0.463915456662,0.727726939884,0.480414833682,0.888663471217,0.591802870535,1.16889070821,2.87686955994
sobol__0000378,107.41201851,18.59575284,-14.33103932,55.59589002,17.63583519,-7.57582074,-18.37296476,1,usable,Converged with independently replayed constrained generalized-force equilibrium and small reserve torques,444.461616,0.0692221640843,1.29940350035e-07,2.8327165852e-13,1.1168645646e-05,4,0,0.136404472157,0.0120322231773,0.0100316231372,0.0100371319261,0.0309447714617,0.0100097917621,0.0101729329878,0.0100363886378,0.022998048006,0.0100863528941,0.0100524066569,0.0100257978973,0.010027770282,0.0100240658852,0.0101569576599,0.0100094424981,0.0100121346132,0.0100123747921,0.0100577147313,0.0100820288079,0.0290382330331,0.0298925196055,0.0719519953991,0.058931017584,0.0100820288079,0.16373304911,0.0100059276889,0.0618956403575,0.0100021268213,0.0100379435519,0.0485380342596,0.010606724544,0.0100252394871,0.0100155762214,0.0100270804076,0.0100716020066,0.0100114215621,0.0100188323314,0.0100266499429,0.0101586235224,0.0100864310445,0.0100370844637,0.0315385420329,0.0262622347663,0.0100350228238,0.0147463817942,0.0101041477007,0.0114614016159,0.0100151989015,0.0111494538067,149.189173968,13.2585838883,2.01574063943,4.59131403889,33.2217325364,13.050864805,2.49786782902,1.35137659099,9.59209325741,5.32046887041,0.998072879887,2.47837068513,1.93741725965,1.69644724981,1.56969245972,5.65446957513,6.73763481533,6.58458238824,0.886323654101,0,9.73892583552,9.43803321657,84.2019841208,16.2641527816,0,41.0773823705,1.7169383901,25.2466381291,4.79713362205,1.01304536755,27.0440161775,2.89877709693,0.754519489082,1.71394275829,2.5936036637,1.61865519763,2.35804620293,1.73046691752,2.11647294999,2.00257556849,0.300703049842,1.09503721806,2.97622035737,1.27973554373,0.629443400728,0.695710294653,0.792373572574,0.527205321398,1.57878910865,1.30106096867
sobol__0000386,85.61514351,62.77544034,76.48927318,112.97870252,-59.23916481,8.96714801,-46.96671476,1,usable,Converged with independently replayed constrained generalized-force equilibrium and small reserve torques,409.644527,0.186652704845,6.50812665981e-08,1.62003743753e-12,1.93947945909e-05,7,0,0.135434847576,0.0100007556589,0.0280653918464,0.0100009420632,0.235960683856,0.0100006129087,0.167871956657,0.0205409146824,0.145069709808,0.119658117307,0.0213798565608,0.0100150500639,0.0100129193749,0.0100117008453,0.1118604933,0.0100753668376,0.012867701357,0.0128131120895,0.0100905278308,0.0100310036401,0.0100064864838,0.117260287173,0.0100201367229,0.0100826667489,0.0100634069731,0.10909244974,0.0100035270273,0.0433677862835,0.0100017495428,0.0100459104554,0.0115692951982,0.0101011898287,0.0100178028045,0.0100104673868,0.0100239803277,0.0100614159026,0.0100086632814,0.0100132783556,0.0100154376913,0.0100904003826,0.010030686564,0.0100166841327,0.0100912704522,0.015124866122,0.0100164583303,0.0100811306378,0.0163420880126,0.0265663880379,0.0100894378888,0.0508663821992,152.128748733,10.1674153934,5.13638088419,4.68691816449,204.402831992,12.0716966851,42.4254655088,2.87910997447,50.7187673305,57.9204194031,3.73348032,2.5738888367,2.68874891324,1.76151314526,19.998033046,0.0214073201137,9.23098621684,9.14896626386,2.85470392072,3.51429713493,1.11700360937,27.9532895929,9.95937474393,1.92321674739,0,26.5282419859,1.92965476892,17.6895585916,4.38199411378,1.01115816217,6.44235104472,2.52965295883,0.713011915067,1.69157192238,2.12310434541,1.24181473879,2.10295740972,1.57801932253,2.12548780927,1.66872661922,0.394122951178,1.05344663828,0.934851798105,0.705864757629,0.725128834758,0.470972452488,1.43364729801,1.17459169221,1.0012266599,5.29276983075
sobol__0000394,119.36514351,22.15044034,-45.38572682,88.60370252,30.76083519,19.90464801,-9.46671476,1,usable,Converged with independently replayed constrained generalized-force equilibrium and small reserve torques,643.984146,0.0385500815278,4.58977140738e-08,3.14235281178e-13,3.03552684032e-06,5,0,0.109032581312,0.0100040008183,0.010013844546,0.0100119484862,0.0907144876448,0.0100022739023,0.0184336458049,0.0100177512862,0.0583823678403,0.0354589074356,0.0100307158215,0.0100096780148,0.0100093414979,0.0100079032992,0.0127766471435,0.0100103023137,0.0100118298136,0.0100120142623,0.0100288444858,0.0100452381127,0.0100127929144,0.0325786427299,0.0507548732785,0.0337052494867,0.0467221589987,0.0233559404967,0.0100485169761,0.0100125130218,0.0100106163035,0.0100214412027,0.0429566225696,0.0116727008802,0.0100295395494,0.0100199523997,0.0100151737575,0.0100212052898,0.0100164003265,0.0100199922226,0.0100186640792,0.0100211308569,0.010059374015,0.0117667335349,0.0109949911594,0.0101113263763,0.0100641313739,0.0100881021368,0.0100871266226,0.0100571730178,0.0100334578495,0.010069060198,104.325194315,11.0348790011,1.99480264987,4.96782742914,89.9499135943,9.99065555216,2.94380482192,1.36440862023,24.7736736644,20.1565494551,1.28400464166,2.54405709375,2.21361033292,1.71546412122,1.88710843338,4.44072413009,7.06794059644,6.92137916267,2.62107740917,0,4.86370745532,10.0814382873,55.8696448083,8.46905250377,15.1191530554,5.80293028403,1.93834058968,3.97609341118,2.92322720535,0.984104809094,22.2648284272,3.09631428785,0.669189583665,1.61389483226,2.59181229018,1.62017187491,2.37175447454,1.73237030579,2.0893485555,1.97629567227,0.331988488707,1.28483505409,1.02529441301,0.493255753021,0.691195902045,0.459239524345,0.626676469466,0.406212258361,1.47208317064,1.04125218467
sobol__0000402,91.24014351,1.83794034,24.92677318,60.16620252,-14.23916481,5.68589801,9.28328524,1,usable,Converged with independently replayed constrained generalized-force equilibrium and small reserve torques,447.377446,0.0236200767415,1.60248416092e-07,2.4495984167e-13,4.7109874978e-05,8,0,0.0100030666961,0.010002574543,0.020797300185,0.010007780968,0.0100070414942,0.0100125855207,0.0121410126853,0.0285538544173,0.0109745424566,0.0371090841148,0.0100415107976,0.0280056330639,0.0180537639221,0.0235581494504,0.0101102744653,0.039292163795,0.0100077219766,0.0100078665666,0.010029912714,0.0100364863175,0.0267161005111,0.0555764680933,0.0661502988577,0.0539855608315,0.0338942147001,0.0243634746474,0.0220561072206,0.010007328534,0.0100136248237,0.0100154743456,0.0255401318424,0.0100517988285,0.0100266540344,0.0100163488541,0.010008715514,0.0100123267993,0.0100121937173,0.0100144842583,0.0100123254211,0.0100119095111,0.0100686436456,0.0163983260991,0.0122069124051,0.0101178462134,0.0101619915798,0.0100912739707,0.0100606213875,0.0100308429141,0.010012865678,0.0100168884803,8.94407078987,10.931702615,4.15807221263,4.86382492225,9.25958241544,12.6501738076,3.20639968807,3.70295443969,4.60084080371,20.3082570984,1.48447970907,5.83499128176,2.19933935935,3.78090347594,1.80267549586,20.9402479773,6.78387321918,6.63386718779,1.27038060324,3.80982668797,12.6356283225,17.6065189288,76.9304332212,14.8892493531,11.4325142478,5.9517973184,4.11613234282,3.99105443418,4.26669761874,0.977002025604,13.9674521593,2.86170916795,0.699720217928,1.6419522022,2.58881019652,1.62683670129,2.37058491826,1.73093839067,2.0648962773,1.97525607009,0.253072242579,1.60513356092,1.00002173616,0.473437641447,0.589410928244,0.383312571883,0.669101510562,0.460968642489,1.98930093813,1.16891238445
sobol__0000410,102.49014351,42.46294034,-3.19822682,3.29120252,75.76083519,-5.25160199,46.78328524,1,usable,Converged with independently replayed constrained generalized-force equilibrium and small reserve torques,725.235991,0.0928408147247,8.76324794952e-08,3.90798504668e-13,2.74772230139e-05,19,0,0.173399007057,0.0345369624593,0.0100195899707,0.0100206744794,0.0627939859611,0.010003862486,0.0112653508923,0.0100158803221,0.0100416498494,0.0100082351239,0.0100144780808,0.0100113073807,0.0100104188195,0.0100109788589,0.0100340420656,0.0907171050112,0.0897744043594,0.0667794885637,0.0100452377818,0.0100452377818,0.0100094202457,0.0100050419925,0.0100038522239,0.0100090036794,0.0398663372362,0.066726520988,0.0694156568451,0.0100008535629,0.0100009474464,0.0100025267455,0.0907596926257,0.0241328627734,0.0100038310594,0.0100017343684,0.0100012390634,0.0100018938843,0.0100016803436,0.0100021427105,0.0100017775264,0.0100018105765,0.0151856506776,0.0788867143179,0.0655739054719,0.0369799218034,0.036902119025,0.0188300189024,0.011623352991,0.0100130764513,0.0100037475414,0.0100041364229,209.275931155,37.3489652512,2.01606374148,4.02133350469,67.5312407856,12.9620790536,2.82841337568,1.39515919595,4.04967471586,5.02269338395,1.47139054796,2.5836329343,2.59630399572,1.7539831357,1.49130274168,64.0338486514,41.7286089965,23.0882659567,0,0,1.02355760831,1.90468370278,11.5896743951,2.30654666004,9.17344758183,9.3730850136,11.4574972159,3.97587454912,4.41031931934,0.929256675788,50.5472509904,4.71901241557,0.68952685929,1.61548243407,2.36999417673,1.53564944423,2.246383752,1.63186353334,1.90768949304,1.84299365934,0.298959787517,6.17069703344,4.38117980251,1.47572290734,1.8761292033,0.477705445396,0.607800025333,0.45665860167,1.90909312938,1.10261221708
sobol__0000418,77.17764351,32.30669034,-5.54197682,41.88495252,-76.73916481,4.04527301,41.15828524,1,usable,Converged with independently replayed constrained generalized-force equilibrium and small reserve torques,503.111112,0.068563244299,2.00277838758e-08,2.36984737854e-13,1.13031356019e-05,2,0,0.136919736683,0.0795912222358,0.010058753307,0.017523034955,0.0881589346124,0.0100160082843,0.0105818168687,0.0100364995479,0.0100384426958,0.010012837647,0.0100261289293,0.0100269844496,0.0100282384884,0.0100281468602,0.0100599125344,0.0100118640696,0.0100189031664,0.0100193849779,0.0101151984949,0.0637862565847,0.134529928415,0.0494567913871,0.0514458774595,0.0100288694197,0.0100720784079,0.0286942065417,0.0426146721834,0.0100045574455,0.0100110466011,0.0100134716594,0.010023855648,0.0100426393685,0.0100238572162,0.0100112017771,0.0100070012408,0.0100103653452,0.0100105268571,0.0100128896535,0.0100103886005,0.0100100181842,0.0103177262119,0.0300258453593,0.0233566056201,0.0116708143802,0.0165707643714,0.0103341815291,0.0101219560504,0.0100396064546,0.010012466289,0.0100150619424,166.73215477,84.5539998966,2.02602721851,8.70718203289,94.8037884139,13.0839306094,2.6927190262,1.39146266702,4.19087585911,5.69790901636,1.69362843525,2.55422448522,2.31523765836,1.72874471152,1.77180840897,5.13695248929,6.58145606435,6.38645737913,4.1891238972e-07,21.359202958,62.7475619267,15.64745927,60.5659349512,2.6515756626,2.93787270753,5.384076152,7.10902818219,3.9898076147,3.93126878039,0.954194972919,2.54150677731,2.34502688228,0.684507371715,1.62050406034,2.50197550202,1.61514744588,2.31750050251,1.68674001948,1.99483170466,1.93696419,0.202283046,2.25823552725,1.54413762446,0.446263295233,0.815254698089,0.266567403545,0.59335651956,0.461805674396,1.96660766712,1.14823554025
sobol__0000426,110.92764351,56.68169034,41.33302318,17.50995252,13.26083519,-2.51722699,18.65828524,1,usable,Converged with independently replayed constrained generalized-force equilibrium and small reserve torques,460.757047,0.326109332612,2.60631760618e-08,1.11298023372e-12,2.55482383559e-05,24,0,0.253226879515,0.0100005274952,0.0101154545868,0.0100005874568,0.0177456115252,0.0100002126122,0.222934841222,0.0345572632457,0.256430839832,0.0100022991208,0.0100027332139,0.01000923576,0.0100040455732,0.0100026419192,0.0100733164216,0.141918033362,0.0100014807723,0.010001807523,0.0100452378549,0.0100452378549,0.0100022607779,0.115281577049,0.282709201804,0.116056189016,0.0653940591921,0.0608559658038,0.0767447782139,0.010003089625,0.0100171021662,0.0100073953246,0.0100029601114,0.0100038550216,0.0100187552598,0.010009328598,0.0100029674396,0.0100041925038,0.0100049446363,0.0100059139842,0.0100044737985,0.010003927395,0.0100775617948,0.0196213064968,0.0109643948873,0.0100514966433,0.017351227066,0.0101798552848,0.0100847630708,0.0100149983994,0.0100063406097,0.0100063880519,287.127643462,10.543977081,1.91779473411,4.44932665762,16.2362576416,13.0520548561,59.9731013493,4.81762360102,84.4139578433,4.74819885548,1.82575287744,2.58416710751,2.71843379413,1.77122105676,1.51699389549,74.9005740048,5.86517163503,4.77513003774,0,0,3.01054025627,28.6941753347,332.378089104,28.524112024,20.0109659688,13.2710522249,14.3404137198,4.07618294772,4.55913044236,0.993980682212,4.8364286003,2.76077870771,0.73208570861,1.68432222965,2.53719986884,1.62410865859,2.36009948831,1.71603029876,2.02384837997,1.95915257732,0.257131216809,1.9814927769,0.926414884073,0.483298741413,1.0293623027,0.359825893501,0.659050072706,0.460616414023,2.01122737549,1.15685717926
sobol__0000434,94.05264351,36.36919034,-38.35447682,127.19745252,-31.73916481,11.70152301,-15.09171476,1,usable,Converged with independently replayed constrained generalized-force equilibrium and small reserve torques,439.227502,0.063773216416,9.84155406059e-08,2.46631328903e-13,2.71499189928e-06,7,0,0.123591594353,0.0623095124214,0.0100179422388,0.0100476030752,0.138566059452,0.0100039008687,0.021580130542,0.0100146201661,0.0100482253675,0.0100072090928,0.0100115593373,0.0100099797172,0.0100090396142,0.010009656196,0.010044978459,0.0100116801368,0.0100080965644,0.0100080931238,0.0100229883581,0.0100615744906,0.0918632540235,0.0173821312533,0.0952105885841,0.0101326782202,0.0250761481892,0.0100283195298,0.0101748574391,0.0213444072452,0.0148297403269,0.0103702656118,0.0427337770273,0.0100772364828,0.0101117799482,0.0126631628295,0.0101257548534,0.0100908735714,0.0101463255623,0.0101088088009,0.010111979949,0.0100906129992,0.0100798224506,0.010092995683,0.0100745158788,0.0100711992628,0.0100817914227,0.0100654522795,0.0100594867808,0.0100620876091,0.010068010398,0.0100535331914,150.014978664,68.1303334911,2.01777994641,4.87560834543,139.167777131,10.7402792303,4.47931612224,1.41071952527,4.24832052095,5.8219458404,1.95599554515,2.60391081642,2.65020687489,1.75448759042,1.63117255037,1.81060008194,7.17602773822,7.17946107349,2.78466967724,3.73930284329,41.341968325,3.19195548843,69.0353634829,0.0939432587231,4.34987618922,2.52741049642,1.9606390992,8.1676520088,1.82626104866,0.9674306177,22.2245516758,2.82777008304,0.38821983056,1.98164168952,2.60208759311,1.54181736219,2.3969795289,1.74604705076,2.14385085605,1.96016111368,0.347333047181,1.10214574982,0.949642324921,0.491456801862,0.687973466303,0.47097176807,0.756643512527,0.446177041399,1.5344468309,1.12720387963
sobol__0000442,105.30264351,11.99419034,64.77052318,70.32245252,58.26083519,18.26402301,-37.59171476,1,usable,Converged with independently replayed constrained generalized-force equilibrium and small reserve torques,575.444432,0.0824691649139,6.15451689612e-08,2.04079077024e-13,2.4045795013e-05,7,0,0.0122837991224,0.0100011368229,0.0100121190943,0.0240954063533,0.0100016810751,0.010001266663,0.0100726056455,0.0614465618004,0.182264151937,0.0727949212181,0.0100286891862,0.0509111411758,0.0232488167645,0.0100656804257,0.0533683621356,0.0466979732939,0.0100118275979,0.0100120187904,0.010030403912,0.010045238384,0.0519040573874,0.0421862760428,0.0460527331994,0.0100120721228,0.0417882391931,0.0511852075351,0.0146446665258,0.0100036364901,0.0100045669676,0.0100101084016,0.112761852233,0.0321974959355,0.0100163000811,0.0100090304972,0.0100076541853,0.0100120030941,0.0100108875298,0.0100131006683,0.010011092454,0.0100118682651,0.0127732399423,0.0389774457591,0.0356175048167,0.0166374117266,0.0157702442646,0.0127496904388,0.0101803052505,0.0100378335437,0.0100129245175,0.0100207042736,12.63603325,10.9808884195,2.0166368833,12.0279761942,6.66094214558,12.466625633,2.71332794085,7.81082859185,74.4980897034,36.9338220807,1.58332165838,10.0231739485,2.655209663,1.60386801135,8.54376946984,18.9197706408,6.8904896135,6.74242063764,2.08502322408,0,24.8149410277,13.3321291226,52.6472778542,2.71594229685,13.8940944536,12.9139266299,2.80281730077,3.95931287176,4.57143865944,0.876238185015,58.9367749385,7.68248862514,0.751855017485,1.71277096674,2.52981488204,1.49005652766,2.35621393877,1.72575372901,2.124858779,1.91596317521,0.498082249382,4.13159845184,3.35135114291,0.798321823281,1.14175499736,0.602519033504,0.755846834456,0.406254600965,1.05314937806,0.971765010232
sobol__0000450,81.39639351,15.04106534,-25.46385182,4.30682752,4.51083519,24.00621051,23.34578524,1,usable,Converged with independently replayed constrained generalized-force equilibrium and small reserve torques,453.020829,0.272060855098,2.86429386875e-07,9.45021838561e-13,4.23038756632e-05,19,0,0.103301549083,0.0706622415521,0.010019386337,0.0144770589849,0.0566188805339,0.0100082006791,0.0100661095745,0.0100158868516,0.0100230498455,0.0100070741315,0.0100138896334,0.0100126520874,0.0100142926936,0.0100127843315,0.0100328280938,0.0589117504614,0.080958014954,0.0606254401749,0.0100452380797,0.0100452380797,0.108412892624,0.100869802581,0.0100043264176,0.0100280427322,0.0100030761197,0.0380445825714,0.332059286768,0.0100006647388,0.192740438193,0.0100019042853,0.0100009727605,0.0100019491162,0.0100067284324,0.0100027719797,0.0100012940228,0.0100018421146,0.0100029586265,0.0100033074252,0.0100022991193,0.010001788012,0.0518827642324,0.175293962457,0.118521229024,0.0457262978327,0.123151437787,0.0234976074273,0.0100130765913,0.0100042913701,0.0100011428078,0.0100014211714,104.017301458,77.0897206322,1.99887997599,7.21779030931,59.3093348934,13.0150082563,2.43750092315,1.36233546757,4.29150790683,5.83451030884,1.51135378647,2.49395766189,1.9519582073,1.69289045196,1.76561378719,44.7804877075,38.3377961916,21.4974901342,0,0,21.2629304138,22.4893866038,11.6133457505,2.35649380975,2.34350016998,6.56708424283,63.3867056667,4.0747315369,80.1607387779,1.00997063151,4.0818000342,2.81211008033,0.724164058824,1.68097985489,2.55263073337,1.62515811187,2.34098864158,1.70688239052,2.02236326339,1.97150292574,1.72040447741,19.1319807353,10.8308802642,2.20914170818,8.78760115969,0.747558063479,0.474960652121,0.387109151348,1.85563215219,1.09096593569
sobol__0000458,115.14639351,39.41606534,58.91114818,61.18182752,-65.48916481,13.06871051,30.84578524,1,usable,Converged with independently replayed constrained generalized-force equilibrium and small reserve torques,460.870635,0.249293029474,2.58595562741e-08,6.03961325396e-13,2.11581632228e-05,20,0,0.147729646909,0.0100006961687,0.0100181788669,0.0100017015279,0.0100014863414,0.0100005134588,0.0393595595785,0.0736958788932,0.349116123292,0.0100043339964,0.0100061907348,0.0345039585297,0.0100304014745,0.010004680134,0.0325089749735,0.241112609836,0.0100046030941,0.0100046962375,0.0100227013647,0.0234182728629,0.0320709470536,0.114200147351,0.122368448933,0.0508518596898,0.0166568479399,0.0231863142386,0.0343908393019,0.010003788911,0.0100210636275,0.0100097511533,0.0100464002382,0.0100259779653,0.0100188919125,0.0100096802459,0.010004865264,0.010007068068,0.0100074988363,0.0100089431689,0.0100072512673,0.0100068220886,0.0100906460918,0.021125442506,0.0155858201839,0.0101608981117,0.0119461637656,0.0100941628532,0.0100447334822,0.0100202530178,0.0100068313156,0.0100086525569,179.545839229,10.8613465821,1.9941329304,4.97614428814,7.43993633369,12.7989776502,10.6025779586,9.81238449924,111.649822171,3.72373341109,0.877960240268,8.32002310312,2.02768421441,1.71155377792,4.18490519749,101.976778255,6.79247581179,6.64290436626,1.35421788707,8.09584012436,16.8041527808,34.7460635338,142.090080485,14.0351001862,5.40344513602,4.72873593796,6.18972754742,3.96317879974,2.76818032275,0.953052107617,3.77992301969,2.44395463385,0.667040384757,1.60730940598,2.55902504384,1.62604147223,2.34880353121,1.71147129399,2.02884489536,1.97175275562,0.223009903045,1.72953763547,1.09330972981,0.402244804418,0.63547003422,0.289717062218,0.562320419692,0.45007122234,2.01130942558,1.16793337101
sobol__0000466,87.02139351,51.60356534,-20.77635182,81.49432752,49.51083519,-9.90003949,-32.90421476,1,usable,Converged with independently replayed constrained generalized-force equilibrium and small reserve torques,482.391425,2.7941223375,2.97828301932e-06,1.04893871367e-12,6.85105353716e-05,22,1,0.178886227101,0.163209037306,0.0100122724247,0.0101562470825,0.195403950199,0.0100023806028,0.0277320484081,0.0100067596193,0.0100060399727,0.0100018672185,0.0100029913361,0.0100047774219,0.0100042393947,0.0100047404279,0.0100105933248,0.10329384842,0.443304680623,0.433941596019,0.0869677258153,0.0100452377736,0.0100003217586,0.0100004340192,0.010000569201,0.0100004693291,0.999995013742,0.577974420875,0.0100005516632,0.674861695183,0.0100002197025,0.0222870367416,0.354516166226,0.2177890233,0.0100039540289,0.010002792686,0.30977485149,0.264124382065,0.0100056872449,0.031977162939,0.187906122474,0.334504739678,0.0100060217871,0.0100013842453,0.0100149339141,0.0306584048503,0.0100027885331,0.0287903363599,0.0100033681711,0.0527481997407,0.010007575422,0.0956980503523,213.195920288,172.557451686,2.01237270862,4.71759902507,203.991257636,12.4385575323,6.79483309593,1.43470252265,4.17807579518,5.89722347375,2.69886554736,2.63225371247,2.79965074562,1.78421452726,1.78375117948,28.410813835,309.918874183,296.965442372,22.0661666943,0,4.7115887041,3.14600849453,11.1816440874,2.60387577278,300.594028827,141.512947532,1.53970103641,274.654762138,4.79735105386,2.25037304654,182.31591424,54.929764708,0.747020161786,1.70837054042,79.7366916438,41.6621758477,2.2941970408,5.48220479134,39.8625555099,65.8022909894,0.317431418304,1.09211607962,0.945392889521,1.46435974728,0.633731026866,1.36172716853,0.774504419891,2.42633238034,1.2703225374,11.1453212286
sobol__0000474,98.27139351,27.22856534,44.84864818,105.86932752,-20.48916481,1.03746051,-25.40421476,1,usable,Converged with independently replayed constrained generalized-force equilibrium and small reserve torques,517.258528,0.0520353016647,2.3753052858e-08,2.30013423825e-13,7.42688250604e-06,5,0,0.0929492650245,0.0100019007046,0.0100586401649,0.0100029685912,0.0601419826402,0.0100013849347,0.0525937912336,0.0101855210196,0.117397145678,0.0831571709358,0.0101599246219,0.0100162915313,0.0100167573458,0.0100117359801,0.0264510716646,0.0541129166028,0.0100140660068,0.0100141908342,0.0100302083297,0.0100344154339,0.0100059998565,0.0602572867461,0.0399927253478,0.0265831821828,0.0468792744553,0.021055989885,0.0100137560767,0.0128456171247,0.0100079729892,0.0100486053636,0.0176649459628,0.0100540980928,0.0100366235449,0.0100302800926,0.0100322579395,0.0100421544339,0.0100219194185,0.0100279300089,0.0100309036992,0.0100453731627,0.0100432534472,0.010039757256,0.0100742192807,0.0100686199834,0.0100351413423,0.0100535673527,0.0100618737693,0.0100725018608,0.0100379824889,0.0101714749962,113.185882493,10.8001472262,2.02490707863,4.98571762773,49.9299984286,12.6326845996,14.1649299817,1.35498555421,46.1957826364,33.8747551701,0.794938120243,2.35129345421,1.77683316873,1.68579487419,3.87257011578,13.5516849841,7.18112924541,7.08966964118,2.78237835231,3.80763998229,4.73215817164,15.2220931454,41.9213759254,4.83827239665,11.9419296885,5.29630454466,1.85158702419,5.0617290229,4.28314845481,0.987418213675,9.49932186767,2.86095640496,0.682597923896,1.63953827441,2.54004107995,1.50210048512,2.32246851644,1.71936126052,2.13004379563,1.93117509976,0.330830882733,1.09633465803,0.950970672721,0.489590167343,0.661871098829,0.475434527816,0.832236639303,0.462945547094,1.44762808083,1.18165238576
sobol__0000482,78.58389351,45.50981534,23.75489818,67.27557752,22.01083519,-7.16566449,-1.02921476,1,usable,Converged with independently replayed constrained generalized-force equilibrium and small reserve torques,387.605225,0.0686404970687,9.63808552967e-08,2.72784036258e-13,1.20350272578e-05,18,0,0.156856048287,0.0520214035207,0.0100293137054,0.0100142369498,0.134006987692,0.0100028264355,0.0305138447291,0.010012524832,0.0100124330723,0.0100047406657,0.0100094905067,0.0100084017835,0.0100080153538,0.0100090975962,0.0100257527867,0.0100121406077,0.0100105506957,0.0100107289323,0.0100300599041,0.010045237796,0.0284278488607,0.0100366003868,0.0509167957412,0.041488068292,0.0529558998132,0.0660185209095,0.056773074885,0.0100023093371,0.01000394004,0.0100062430858,0.0184522088591,0.0100490210314,0.0100131890123,0.0100066006585,0.0100036854274,0.0100055105255,0.0100055448068,0.0100068580946,0.0100055858823,0.0100052350011,0.0106388080849,0.0456475266915,0.010045237796,0.0184725488298,0.0206412750984,0.014630445314,0.0102424980678,0.0100214188636,0.0100062320467,0.0100090940665,187.588989396,53.8551231197,2.00972463241,4.99892270738,138.996678761,12.7649332929,8.17901819935,1.40097283806,4.03779420272,5.32733968146,1.73537982443,2.56177636648,2.54002529924,1.74495281575,1.77926058446,3.16701537583,6.85928243419,6.7110149066,1.8513678917,0,14.5151058741,3.17013688283,58.528457599,11.242166769,17.3576977531,16.6686216729,8.7808889619,3.94388287534,4.55725578002,0.981810255908,10.1595716632,2.71936909917,0.714811747982,1.65972751625,2.58855179402,1.62567956152,2.36915800126,1.73010003813,2.07569233283,1.9739372869,0.261385815677,4.5740365129,0,0.900048317507,1.12266410725,0.634375332411,0.75261027028,0.460900370153,1.91666186218,1.16750652428
sobol__0000490,112.33389351,4.88481534,14.37989818,124.15057752,-47.98916481,-0.60316449,-53.52921476,1,usable,Converged with independently replayed constrained generalized-force equilibrium and small reserve torques,565.59202,0.0516994708812,6.43656923316e-08,2.35571336729e-13,2.98231499196e-05,8,0,0.0100037212862,0.0100015587154,0.0254702609256,0.0100047344183,0.0267440156241,0.0100026379014,0.0415784336017,0.0316000799036,0.0510920215135,0.0646514411847,0.0103965117179,0.0191028930775,0.0127539885564,0.0112174734879,0.0196149844321,0.0290147309674,0.0100037950898,0.0100037950117,0.0100116296882,0.0168620989035,0.0612587154818,0.0636707275877,0.145903049136,0.0375122936633,0.0100452377179,0.044364395477,0.0100057687034,0.0454268465776,0.0100037937252,0.010076032909,0.0304338682383,0.0100267601403,0.0100322315207,0.0100241805667,0.0100362398185,0.0100648518525,0.0100136214058,0.010019951701,0.0100258545365,0.0101378332546,0.0100309610182,0.0100175298387,0.0100490285921,0.0100782095858,0.0100225275416,0.0100588251528,0.0100324161724,0.0101853211922,0.0100336781726,0.0127500719002,9.28966674387,10.9679717266,5.08999192742,4.7325698476,26.9216560264,12.8408696478,10.8092322975,4.12447891384,21.3512776155,34.3717670739,1.20823952567,4.15631145709,1.70024628142,1.82914939649,3.39553448941,8.67543563669,7.17552822781,7.1756889237,2.82635804872,6.04523536665,26.4512536507,9.19815140407,114.92384606,2.56105346101,0,10.5641819545,1.88716810087,18.5153061431,4.47184034675,1.01764032078,16.3542403824,2.64610912581,0.708115542422,1.68662331493,2.10346742885,1.24707495113,1.99805844262,1.52459113895,2.12544764023,1.6866032667,0.394337940997,1.05245388576,0.919128238069,0.45880231996,0.72511762197,0.465317214441,0.882267242004,0.466694401804,0.911652143283,1.38976167921
sobol__0000498,95.45889351,17.07231534,84.69239818,22.58807752,67.01083519,22.36558551,55.22078524,1,usable,Converged with independently replayed constrained generalized-force equilibrium and small reserve torques,575.114759,0.12043826486,8.94405047802e-08,3.41060513165e-13,4.96605473477e-05,19,0,0.0253171701037,0.0100018389618,0.010013012615,0.0569158144503,0.0100024716967,0.0100013773624,0.0100452377959,0.0388485135035,0.117845743616,0.0632811901534,0.0134482240551,0.0287131483646,0.0124911094172,0.0100495525033,0.0436120438761,0.0100262875252,0.0100052810395,0.0100060789534,0.0100452377959,0.0100452377959,0.078512460786,0.0492049154172,0.0709502388574,0.0138120177599,0.0100022714305,0.0100134177562,0.183900125227,0.0100007053168,0.106059755555,0.0100019727581,0.0905545245106,0.0158055860057,0.0100067962971,0.0100026459905,0.0100012035843,0.0100017202288,0.0100024850924,0.0100028210399,0.010002094714,0.0100016138649,0.0331678380228,0.101243600095,0.0810708117312,0.0277433241743,0.0725150280217,0.0100736827715,0.010010783915,0.0100032212144,0.0100008082501,0.0100010111382,27.2225924141,10.9279473642,2.0158077996,27.7262674076,5.76944404622,12.4634951067,0,4.9539034993,48.2853586526,33.4609310912,2.2687137514,5.57456884909,1.44741750352,1.59878642593,6.89632261241,5.5940716392,6.16968110724,5.25496467736,0,0,26.6806526378,11.0415170293,83.50316097,3.4006541691,2.1050540399,1.12330759832,34.5810153148,3.92433797757,16.630042335,0.929956957892,50.4531014776,3.40898992016,0.600056586696,1.56944206694,2.38370662329,1.54962315389,2.22341510909,1.62054366618,1.90061692358,1.86611516129,0.717939510993,7.51499228911,5.11394848228,0.942817253557,3.86112077498,0.175749410512,0.309888468491,0.400089354336,2.00085988622,1.16682467505
sobol__0000506,106.70889351,57.69731534,-55.93260182,46.96307752,-2.98916481,15.80308551,2.72078524,1,usable,Converged with independently replayed constrained generalized-force equilibrium and small reserve torques,442.181806,0.131524337287,2.36900241646e-08,2.75512023476e-12,5.07723024337e-06,9,0,0.23134487552,0.0260074358171,0.0100133264304,0.0833074276992,0.231783811085,0.0678990995004,0.0140451851723,0.0100079808499,0.0100181738503,0.010004164079,0.0100052600406,0.0100057714076,0.0100049761748,0.0100056950766,0.0100142979001,0.0100041261483,0.0100067953525,0.0100069460553,0.0100422491376,0.0100552283888,0.0330853490258,0.0100448021364,0.0576192497469,0.0481734029152,0.0209666473103,0.0100584473044,0.0100272851507,0.0204188018565,0.0124803626009,0.0100971368733,0.0195143381586,0.0100411798701,0.0100639868422,0.0101254131292,0.0100489315894,0.0100479123931,0.0100452266555,0.0100457309159,0.0100464549474,0.010048135657,0.010041929857,0.0100341322937,0.0100368709708,0.0100411941355,0.0100378824199,0.0100445675394,0.0100465538047,0.0100479829044,0.0100549804746,0.0100545194073,273.531170782,28.5708588472,2.01100995784,39.6209626696,218.662492341,54.4057225667,1.96697946077,1.43960409984,4.18138119053,5.85199795238,2.50828410229,2.67200190463,2.87993856549,1.81937873227,1.70415848265,3.44985692854,6.63591300024,6.46688970129,0.15228485316,3.72546111019,9.89661356392,2.91301365429,67.8028653129,13.2908163471,6.9643083447,2.42120435816,1.93423473721,8.3287035982,5.37299564047,1.0196751616,10.467882425,2.85516292776,0.72546374412,1.6941738212,2.60050297888,1.63082128826,2.37851896128,1.73668282053,2.08269134316,1.98236906922,0.304792553484,1.09087231251,0.907040928427,0.487373219074,0.67786569476,0.405887009122,0.622318450592,0.431109781665,1.74384772903,1.13304942673
sobol__0000514,84.38467476,8.82036222,86.59669505,45.3126869,-6.89541481,13.6497652,-57.16202726,1,usable,Converged with independently replayed constrained generalized-force equilibrium and small reserve torques,568.83854,0.0789719596966,3.21963966599e-08,3.97768437991e-13,3.70773600763e-05,13,0,0.0100018873538,0.0100009730356,0.0100750923473,0.030382800131,0.0100020253807,0.0100009700382,0.0100452379287,0.0703986846015,0.0566959317663,0.056326867935,0.0100138431318,0.0601096933942,0.0292319841215,0.0341375051784,0.0522584677137,0.096698936359,0.0100088810022,0.0100090745704,0.0100445946959,0.0100054657603,0.0743363863707,0.0400666528512,0.0417481870195,0.0475864211451,0.0100452379287,0.120950543448,0.010002118235,0.0326430936389,0.0100010063405,0.010035225217,0.116083809609,0.0390989872295,0.0100111280317,0.0100064116283,0.0100129277955,0.0100350672065,0.0100048111588,0.0100073171291,0.0100083267481,0.0100412600467,0.0100207502062,0.0100117871535,0.0100788363042,0.0208226118888,0.010010342446,0.0100617490288,0.0181334467397,0.029286535162,0.010049765859,0.0511472848368,9.25802788059,10.9548631016,2.02934102858,14.8560633336,5.50255123098,12.4679471178,0,8.79683407264,23.7551770407,32.4447917693,2.52078839025,10.9100969511,2.7724066426,5.2201080052,9.05342971006,44.6056573606,6.61750441066,6.4422698391,0.0429987625469,3.77185756057,38.5244708231,12.3664000325,49.1380637025,13.1204951188,0,28.9657312496,1.872003969,9.48962087813,4.79818440344,0.540569608995,60.1336870475,11.1297132472,0.70017443622,1.67416947773,2.1839048211,1.26935252494,2.16552614433,1.61641805429,2.12530635257,1.68053099099,0.394755879632,1.00115400122,0.899035614034,0.945273411448,0.715413220536,0.46017691278,1.5830927183,1.22749940717,0.780807619414,4.89160656868
sobol__0000522,118.13467476,33.19536222,-54.02830495,20.9376869,63.10458519,24.5872652,-4.66202726,1,usable,Converged with independently replayed constrained generalized-force equilibrium and small reserve torques,461.939296,0.507578394562,7.14352832887e-07,1.1189455946e-12,3.40577938387e-05,22,0,0.154767742139,0.0100040354581,0.0100042591133,0.0100150836659,0.377780357136,0.0100431641995,0.0380636561442,0.0100043915315,0.173538626213,0.047312730083,0.0100105903077,0.0100025594084,0.010002205198,0.0100021540771,0.0103665632362,0.0100012131673,0.0100042004,0.0100049266307,0.0100452378195,0.0100452378195,0.010015976182,0.0143186497629,0.0919778056426,0.0244089330883,0.0100028799514,0.0741679781959,0.364143368708,0.010001007487,0.260438011575,0.0100027601034,0.084778106006,0.0136340776882,0.0100152770323,0.0100063785271,0.0100023029141,0.0100031744298,0.0100078037999,0.0100074015733,0.0100045672257,0.0100030310397,0.0617841154767,0.194277156944,0.140040048137,0.0551510616447,0.122602086374,0.0466834907385,0.0100141733438,0.0100055457857,0.010001854296,0.010002032713,155.79857344,11.0329528866,2.01269044741,4.97076365126,361.047289078,8.95882462472,4.51920050233,1.38898398922,73.0082047509,26.4972076996,1.36276791329,2.59259587205,2.58682276623,1.74814823554,1.4576332872,6.20723392417,6.08748092777,5.10080568217,0,0,0.913023015655,3.25364343043,108.225773215,5.98059545682,2.67298582964,16.1886924741,68.8515239129,3.64913438682,117.414936931,0.906453925317,47.2365851253,3.08378291954,0.754130709714,1.71304186647,2.58847632392,1.62317211594,2.36964032472,1.73006896575,2.07223935157,1.97347307357,2.25403484438,21.1940255075,13.2143891328,2.69135373968,8.87508333488,2.06243613733,0.550843729262,0.380451537554,1.44124972104,0.98531906831
sobol__0000530,90.00967476,53.50786222,16.28419505,122.5001869,-41.89541481,1.6185152,6.58797274,1,usable,Converged with independently replayed constrained generalized-force equilibrium and small reserve torques,369.775155,0.0454369608599,3.86755516502e-08,1.85637127509e-13,9.47552195882e-06,16,0,0.137291672901,0.0221448228345,0.0100268494026,0.0100119732323,0.090642061331,0.0100031613932,0.0221191500505,0.0100157819169,0.0100148455471,0.0100055868787,0.0100097593824,0.0100106978034,0.0100097261341,0.0100108329344,0.0100287070906,0.0100254578991,0.0100110114309,0.0100110129574,0.010024975105,0.0386147059171,0.0369508052248,0.0153712809804,0.0436534444467,0.0100289743291,0.0156722684911,0.0563325314542,0.0492481188774,0.0100025013303,0.0100134276346,0.0100075314301,0.0100077771875,0.0100166858949,0.010023805484,0.0100066788036,0.0100037624904,0.0100056500646,0.0100056556798,0.0100069706857,0.0100056218281,0.0100054734751,0.0102813537473,0.0397679008184,0.0289508281811,0.015173576363,0.0182222376896,0.0122446856017,0.0101856517654,0.0100214274757,0.0100065964517,0.0100091627112,158.595030257,23.0086539755,1.97591677791,4.85383253281,97.0145972879,13.0591344924,5.83320538578,1.4205374124,4.0018517165,5.48129441838,2.12215196785,2.60182896477,2.7258189494,1.77364506811,1.71626822731,0.974959775308,7.18133317481,7.18002067265,2.83656233468,14.0239719892,12.2313274652,3.1777501764,35.862327286,0.703868078676,3.68280026316,13.7291340813,7.98914419836,3.64638954831,1.08078888731,0.792870671315,5.34810055883,2.72073064523,0.248093672903,1.52592940028,2.5888625049,1.62294422779,2.36920852154,1.73012023671,2.08602869364,1.97395166073,0.266491122271,3.9123770157,2.38759084959,0.728836352591,0.991440144929,0.486200021536,0.73916740265,0.460962683257,1.99059240723,1.16798530914
sobol__0000538,101.25967476,29.13286222,6.90919505,65.6251869,28.10458519,-9.3189848,59.08797274,1,usable,Converged with independently replayed constrained generalized-force equilibrium and small reserve torques,817.332124,1.78314918437,4.70705085576e-07,1.57029944603e-12,8.74385001942e-05,10,1,0.160903982332,0.0106947267656,0.0100194938395,0.0100161200957,0.0433348260292,0.010004256815,0.0105205825227,0.0100197287359,0.0232012859502,0.0100257071236,0.0100260449976,0.0100131154547,0.0100135662895,0.0100123320187,0.0100654954412,0.0900910661422,0.155516351037,0.152139299734,0.0222923934006,0.0100452378198,0.0130054997489,0.0136969235064,0.0100018610335,0.0100027200479,0.999997338016,0.559215323623,0.0100008129419,0.0120052350757,0.0100007074138,0.0102642714099,0.0100016666452,0.0100051645679,0.0100385467543,0.0100085272139,0.283158372773,0.25140071516,0.0100104971094,0.0277573777712,0.115866212818,0.340338283344,0.0100146525332,0.0100127378811,0.0143805332468,0.0659393265616,0.010005750425,0.0615967310589,0.150441277603,0.207143821183,0.0100007055376,0.188747297459,195.955184677,11.6289146126,2.01814217869,4.38553143448,46.4563102419,13.0684377778,2.6993207989,1.35993972558,9.38098786862,4.60376027938,0.936663510855,2.50169212809,2.10881754131,1.71269464455,1.48071936399,41.7135517582,106.300731644,101.734084148,3.82224305004,0,5.27914324614,4.33908821143,11.5299932566,2.72550748839,337.274634998,98.6920082622,1.23059137323,3.22575527614,1.43585020175,0.212470429203,5.48223030097,2.67021136001,0.0216950865069,1.05346956162,64.1523388269,37.6502488819,2.20079923384,4.428588001,20.9444478448,61.1846467334,0.119583011635,0.506734620396,0.706845877998,2.10564390739,0.335582532846,1.39861819526,8.25443327062,9.29524486369,1.85219766293,20.1764795403
sobol__0000546,75.94717476,43.35161222,-14.18455495,108.2814369,-29.39541481,-1.1158598,34.71297274,1,usable,Converged with independently replayed constrained generalized-force equilibrium and small reserve torques,482.993068,0.0565291262675,4.71994638929e-08,4.53176978894e-13,1.84479365151e-05,14,0,0.1247694122,0.101903344172,0.0100256973567,0.0243413040817,0.0869674020896,0.010008924618,0.0101322479003,0.0100134637296,0.0100106656749,0.0100037472269,0.0100061828779,0.0100102026793,0.0100097808812,0.0100104076095,0.0100164337774,0.0100134514686,0.0100231259667,0.0100232388301,0.0100370906745,0.0100346141323,0.0376771577354,0.0100106439643,0.0171895314356,0.0129060482537,0.0235756512052,0.0583129462374,0.087429843758,0.0100020356404,0.0100441293638,0.0100128563942,0.0110318523507,0.0100535203462,0.0100452385965,0.0100045463214,0.0100018432343,0.0100027204781,0.0100027673067,0.0100034256077,0.0100027324699,0.0100025437938,0.011428614956,0.0506316428945,0.0395962001382,0.0196628417775,0.0262270970971,0.0129464943068,0.0100580999545,0.0100110361174,0.0100036352392,0.010003980995,151.908293122,106.949167085,2.01927145919,12.1223884205,92.2747115217,13.0687562978,2.54321429085,1.41912239817,4.20654976,5.89180847791,2.46389582238,2.60176021461,2.66289227815,1.75764707282,1.82477551955,1.8946188673,7.18935243867,7.11811749676,2.80684464298,3.75012051438,17.968418173,2.87859813631,17.8056832021,2.24848609365,7.2858559543,11.95933648,12.2838184134,2.53438968923,0.0075768919303,0.223324830369,5.98164462094,2.83761598513,0,1.12458725807,2.49066915118,1.60803082409,2.3212604336,1.6873745455,1.99242913791,1.93114495113,0.207457287269,3.56455909488,2.48980173272,0.760432087535,1.11276673246,0.378875614719,0.628954951227,0.460382362943,1.97765357771,1.13689513562
sobol__0000554,109.69717476,2.72661222,51.44044505,83.9064369,40.60458519,-7.6783598,27.21297274,1,usable,Converged with independently replayed constrained generalized-force equilibrium and small reserve torques,672.928836,0.0887429075083,1.1942105882e-07,3.48165940522e-13,0.000136122494373,17,0,0.0100010950123,0.0100006829646,0.0379998492636,0.010004801297,0.0100012252906,0.0100016703072,0.029492646255,0.115545875008,0.0770477561506,0.0100255020345,0.0100044336792,0.115720505738,0.0604057974279,0.0617055241585,0.0361434374033,0.131060688621,0.0100118322272,0.0100120190405,0.010029037436,0.0100452378045,0.0389879284853,0.047532471354,0.0500529769807,0.0216964950494,0.095097040944,0.0616460027416,0.0100457157541,0.0100039500297,0.0100033836254,0.010009960155,0.0603416837687,0.017912722698,0.010016522013,0.0100062928036,0.0100042727912,0.0100065214277,0.0100051520747,0.0100066906501,0.0100059234199,0.0100063952272,0.0100712409435,0.0221604095834,0.021871600094,0.0144247524042,0.0101222469791,0.0105059189715,0.0102440369533,0.0100367382767,0.0100092414828,0.0100162177751,8.96294882167,10.9765277547,7.64644901726,4.98609059986,7.35276880477,12.4315804208,7.93958225094,14.6033552976,32.1027500251,5.52523258478,2.00347814065,22.3340186292,6.17502170673,9.62775327896,6.34971474724,51.5805125861,7.02278857679,6.87531585625,2.57360113157,0,20.4304989583,15.0470685863,55.675759568,5.57781110994,30.818397965,13.7216415098,1.27715102243,3.5412756313,3.26900076911,0.713208900895,31.2102603036,4.64103459976,0.417462508954,1.52865390139,2.48045133237,1.59765237306,2.33089285301,1.691965846,1.98906181897,1.91795787349,0.176899146972,1.62513565516,1.45385335286,0.597790137247,0.423669646947,0.350151080521,0.644422684928,0.458979302108,2.00602104808,1.13356059058
sobol__0000562,92.82217476,23.03911222,-28.24705495,63.5939369,-64.39541481,15.2903902,-29.03702726,1,usable,Converged with independently replayed constrained generalized-force equilibrium and small reserve torques,431.405522,0.0398089862535,5.5496016671e-08,1.38246167464e-13,1.37158151782e-06,5,0,0.137776026027,0.0501743242067,0.0100171208148,0.0100530383518,0.0598802792961,0.0100053784997,0.0101441133527,0.0100154314187,0.0100435207725,0.0100087397837,0.0100149231166,0.010011430618,0.0100118673536,0.0100113694757,0.0100413518378,0.0100056177053,0.0100098211352,0.010009992278,0.0100308693301,0.0100381722615,0.0642501808193,0.017231722786,0.0523479852755,0.0381645729691,0.0197842118644,0.0100271465016,0.0100138613077,0.0374128830908,0.0103090942727,0.0107742293385,0.014524850026,0.0100481747204,0.0100801757458,0.0106517927373,0.0109622380362,0.0101332407534,0.0100723895783,0.0100715622932,0.0101195903529,0.0101797264024,0.0100334180623,0.0100209446975,0.0100240231593,0.0100340673358,0.0100263684535,0.0100348268321,0.0100440469512,0.0100641471778,0.0103638867306,0.0103008614095,156.013057683,55.0064286134,2.01482159146,4.94435576179,62.084020385,12.5034408737,2.40382094211,1.37597686347,4.25495350808,5.7428147211,1.47944227728,2.54224466896,2.20976905305,1.71523395883,1.64708799042,4.88690136454,6.82118623323,6.67232546824,1.55474663598,3.47865980921,33.3828820828,5.38445408299,60.551466876,10.5333772177,6.67256522441,2.51961912242,1.92767598712,13.5641323363,4.76266651847,0.857570917456,5.68364647005,2.46064365224,0.759028757428,1.82355073642,2.55675544629,1.36548219315,2.2991012928,1.69928454882,2.14931890177,1.81072377536,0.375949651443,1.07999076549,0.946020706307,0.48547706367,0.725656808386,0.474637995666,0.818784393301,0.424541160655,1.28083377246,1.06394214151
sobol__0000570,104.07217476,63.66411222,56.12794505,6.7189369,5.60458519,21.8528902,-36.53702726,1,usable,Converged with independently replayed constrained generalized-force equilibrium and small reserve torques,523.548707,0.134738830165,8.16514038604e-08,3.13064407895e-13,1.47253620566e-05,18,0,0.24803419526,0.0100009091901,0.0100153599025,0.010000985965,0.0100024498951,0.0100004612735,0.0779418428186,0.0294988383914,0.138608422931,0.0100033620276,0.0100044260023,0.010051831848,0.0100092877088,0.0100055342883,0.0327962657529,0.062885950158,0.0100031417562,0.0100040461413,0.0100452381136,0.0100452381136,0.0100024154322,0.0453227294121,0.149424546872,0.0398089217603,0.0100452381136,0.0996175002759,0.0100048372205,0.0100419113702,0.0100018972564,0.0100278647456,0.0273368180148,0.0100263556566,0.0100163080091,0.010009674295,0.0100081373084,0.0100143378895,0.0100065290793,0.0100090285502,0.0100085904,0.0100137796845,0.0100285799728,0.0100240007568,0.0100791734544,0.0101617424607,0.0100189279722,0.0101497043078,0.0237406418483,0.0154921268281,0.0100474042943,0.0311331352094,272.356670907,10.3465411156,1.86144568803,4.99156011658,8.6363969539,12.7349744832,20.9922470156,4.15253077775,44.9880603303,5.15558619488,2.18742312473,2.60767387239,2.77747941965,1.78211137639,5.36532078041,32.0105827595,4.94809852661,3.76291346042,0,0,3.55036213245,10.5149957874,174.160489724,9.42461323976,0,25.1522920731,1.77270848708,2.56322019157,4.7959194196,0.54751430273,11.4664706733,2.8127290152,0.685772884956,1.65372569631,2.46749551757,1.42676348006,2.34852473749,1.72129894309,2.12546152622,1.84766009157,0.394840158692,0.996603543834,0.909166546542,0.469237158668,0.706384269555,0.479286915247,1.8285081849,0.60087888376,1.0211732477,2.89551627331
sobol__0000578,82.97842476,60.61723722,-36.45017995,72.7345619,51.85458519,20.4857027,20.65047274,1,usable,Converged with independently replayed constrained generalized-force equilibrium and small reserve torques,575.03733,0.0855003902521,4.91270313319e-08,7.57394952962e-13,7.68034476051e-06,21,0,0.157896322019,0.194289355507,0.0100222135176,0.0324101744912,0.0734882601186,0.0113298679889,0.0100557481058,0.010009662158,0.010005820107,0.0100023922938,0.0100030278303,0.0100076324148,0.0100068868435,0.0100074443569,0.0100088646726,0.0100079232115,0.0100133571404,0.0100135622019,0.0100314112994,0.0100452376261,0.0455964273394,0.010005596521,0.0400458620866,0.0151719054784,0.0343746732927,0.0392213850567,0.0448210990746,0.0100031515712,0.0100091747054,0.0100079624388,0.0429308296432,0.0112991912228,0.0100158186645,0.0100077062157,0.0100048254603,0.0100071193244,0.0100068538314,0.0100084058275,0.010007068812,0.0100070233732,0.0101877068534,0.0349778776055,0.0250868522255,0.0138451343906,0.016017915733,0.0107156754735,0.0100735294249,0.0100277872444,0.0100088116139,0.010012308282,185.229100402,203.345810785,2.01064447134,15.6141657112,73.9413770358,12.6372727926,2.34477913252,1.43993401679,4.26050818091,6.08513348543,3.68573203764,2.66944242685,2.87420224832,1.81501457391,1.86739989019,2.13460595297,6.91508379025,6.76707342465,2.25383014474,0,19.0623674592,2.63261154764,45.5733097727,4.07379733154,11.593913801,7.59421345796,8.47102141672,3.87734748227,1.93417870852,0.937999189301,22.4771622941,2.82115956795,0.602858310341,1.576652105,2.53692210275,1.62512140854,2.33639411436,1.70307778681,2.01284031444,1.96425185817,0.257836879085,3.21149560647,1.87735258583,0.579232402344,0.916900615379,0.346959386818,0.462512967043,0.407773369437,1.89603818618,1.1279659747
sobol__0000586,116.72842476,19.99223722,66.67482005,129.6095619,-38.14541481,9.5482027,43.15047274,1,usable,Converged with independently replayed constrained generalized-force equilibrium and small reserve torques,655.088357,0.222299675155,7.64042766832e-07,9.23705556488e-13,3.2372252818e-05,20,0,0.0100011542422,0.0100004609116,0.0364759379741,0.0100025796383,0.0100015005928,0.0100005767168,0.0714276236296,0.130022871828,0.290210608825,0.0194928527149,0.0100105306623,0.0971251975178,0.0536584239172,0.0100513428424,0.0550364013142,0.0924703413617,0.0100021751516,0.010002172891,0.0100071746269,0.0772979508961,0.0884513636148,0.0707985163759,0.221318246567,0.0100595636233,0.0482786251733,0.0244128566927,0.103215470774,0.0100028894974,0.0100452378532,0.0100452378532,0.0100122815511,0.010009895556,0.0100452378532,0.0100088518316,0.0100017807067,0.0100025967879,0.0100029056796,0.0100035116192,0.0100027236124,0.0100024604769,0.014834742688,0.0545757825165,0.0402771682795,0.0184275012058,0.0318809350153,0.010274603026,0.0100284786748,0.0100081937583,0.0100022875036,0.0100028407218,11.3572701955,11.0142502171,7.346522992,4.99311556058,6.55554715678,12.5981810439,19.2410351931,16.5926932428,115.285111718,8.66739528838,1.13969479944,19.9258909924,7.02577801318,1.64283828797,7.82618008476,16.7422337585,7.16758085501,7.17537708599,2.69716949914,28.3060909475,14.0343417283,5.27868350514,149.590608891,0.0339049076513,13.5101675055,3.96396802383,16.0766880247,1.62814826231,0,0,5.23311314763,2.73781350065,0,0.578177456913,2.46802046334,1.59872156165,2.28951800092,1.66696875567,1.97185832382,1.92171065529,0.303975653356,3.89649485835,2.47522887333,0.671110276359,1.4267490263,0.244449572353,0.522786599598,0.459018020507,1.98462364246,1.16471306285
sobol__0000594,88.60342476,7.80473722,-13.01267995,19.9220619,16.85458519,-4.6705473,-43.09952726,1,usable,Converged with independently replayed constrained generalized-force equilibrium and small reserve torques,564.253911,0.0358573180601,4.4358513307e-08,3.41060513165e-13,8.44461582551e-06,9,0,0.0612286234193,0.0324085412392,0.0100237275907,0.0101065865486,0.0259777625993,0.0100129083177,0.010050673124,0.0100230141738,0.0100553436266,0.0100174257927,0.0100282483542,0.0100194286688,0.0100224821423,0.0100194325724,0.0100483062283,0.0100024688207,0.010003666092,0.0100043461672,0.0100452372545,0.0100452372545,0.0332606036318,0.0307380773809,0.107197385895,0.0450259237606,0.0100452372545,0.0932535503212,0.0100284077273,0.0100069514015,0.010003725574,0.0100144406558,0.0259340140519,0.0100298159542,0.0100208712317,0.0100113913322,0.0100069900076,0.0100111909785,0.0100081450765,0.0100103675263,0.0100089341641,0.0100106908033,0.0101482774038,0.0217309917378,0.0275214244042,0.0149322577161,0.0125860356549,0.0145875566954,0.0100754532365,0.0100353839895,0.0100099573094,0.0100144384896,56.9560767798,35.4741705615,1.98988951714,5.00009662073,27.9301003598,13.0800027847,2.49834838881,1.3382511146,4.27973623503,5.72676447306,1.21691127522,2.381460862,1.64582745718,1.66453333679,1.77070249858,7.33255121844,6.02875236235,5.00500643326,0,0,6.82444077871,7.37758503689,126.110021927,11.1850654054,0,22.7839961356,1.93445485207,3.137085224,4.07257886372,0.618289391532,13.0736378574,2.74591610329,0.603446321377,1.58034324436,2.46459394286,1.46619180001,2.20477177207,1.67096473916,2.12579284337,1.90088484024,0.396638640345,2.28084534254,2.51390676988,0.681845771496,0.911217436011,0.687980508708,0.838373778152,0.461429931623,1.10027013702,1.14736298545
sobol__0000602,99.85342476,48.42973722,33.86232005,44.2970619,-73.14541481,6.2669527,-20.59952726,1,usable,Converged with independently replayed constrained generalized-force equilibrium and small reserve torques,660.769947,0.0882236679583,1.07147570816e-08,3.05533376377e-13,6.03154287089e-06,8,0,0.195285628858,0.0100022645589,0.0100264295868,0.0100022634761,0.0780965694653,0.0100009379827,0.0665180981112,0.0100300937031,0.0754313010843,0.0100586963611,0.0100164161263,0.0100106587912,0.0100083636053,0.0100078062834,0.016540633367,0.024599710312,0.0100038515479,0.0100039503401,0.0100448025426,0.0346437022883,0.0100812101177,0.115663821382,0.108729723304,0.0281744067274,0.0252546516981,0.010036073429,0.0100084688998,0.0334206313565,0.0100501365776,0.0102160687178,0.0100256789308,0.0100229396576,0.0100595219328,0.0101129318969,0.0101004077003,0.0100855287805,0.0100441697282,0.010049437867,0.0100666186537,0.0101532566718,0.010030024197,0.0100159339139,0.0100195704224,0.0100297599126,0.0100212258347,0.0100342111841,0.0100474723849,0.0100884647513,0.014096708344,0.0146438630345,228.04163279,10.5433247054,1.9684043379,4.82192774018,74.7089118456,12.9507756519,17.8658241869,1.39158635217,28.0553662966,4.5017400311,1.3964860651,2.56552964293,2.57441830379,1.75144492565,2.48252892186,10.9806915908,6.60178749293,6.42186408747,0.0110689426723,11.7462082887,5.19579652065,36.6416879296,127.987998232,7.56596107269,8.51647167421,2.53354647541,1.93052465973,11.3923341941,4.8197522406,0.765355163859,2.76114448252,2.36959171601,0.744707577794,1.7233072659,2.45451688797,1.42989119966,2.30799584366,1.70979083094,2.13803862,1.88978222468,0.344616608509,1.09319254058,0.945840633912,0.48819787306,0.717070011336,0.473907948167,0.825612926469,0.460936946764,2.10905331327,1.68618089668
sobol__0000610,80.16592476,26.08598722,31.51857005,1.6408119,74.35458519,-3.0299223,-14.97452726,1,usable,Converged with independently replayed constrained generalized-force equilibrium and small reserve torques,488.113827,0.194605723138,1.80633029867e-07,1.01607611214e-12,1.99321389477e-05,17,0,0.148802909897,0.124804810823,0.0100198446859,0.0426803466236,0.0185460671343,0.0597694021396,0.0100187424636,0.0100156931712,0.0100267525917,0.0100079503041,0.0100199476066,0.0100138780554,0.010015899068,0.0100144367473,0.0100221382669,0.241477278209,0.211332912095,0.155458182784,0.0100452376712,0.0100452376712,0.0100044793661,0.0100033438445,0.0100016455249,0.0100050366873,0.0100106419531,0.0371795036983,0.02612820868,0.0100018904933,0.010001506348,0.0100056282022,0.0755238131779,0.0325269640247,0.0100084257319,0.0100039553354,0.0100042823089,0.0100069949557,0.0100053254097,0.0100069743692,0.010006202725,0.0100073796384,0.0191190583634,0.0696560001627,0.0669909090402,0.0339015576173,0.0284992824979,0.0173361229091,0.010264816203,0.0100322869692,0.0100065984261,0.0100131127966,180.948195992,132.914411837,2.01815708649,21.2970762601,17.3094784331,75.4048373821,2.692368264,1.34996607289,4.07048950765,4.78027540113,1.01355651099,2.41380823847,1.86132130371,1.6905296836,1.67701370009,166.937417757,95.2868733376,51.5611062341,0,0,1.81998884906,1.92738553847,11.5455143686,2.29581525256,3.08352760053,9.2076437534,5.03330462202,3.38458743545,4.65644980689,0.820745032752,42.0443550566,6.4507894717,0.67743745495,1.68093079591,2.58893593224,1.62145033736,2.36700329664,1.72993728061,2.09723158637,1.97428689017,0.654396147494,7.60033737353,6.32388787633,1.6426807913,2.04497641172,0.808890948555,0.746104780293,0.461468916415,1.65711519359,1.16843057219
sobol__0000618,113.91592476,50.46098722,3.39357005,58.5158119,-15.64541481,3.5325777,-52.47452726,1,usable,Converged with independently replayed constrained generalized-force equilibrium and small reserve torques,474.905439,0.0866874362277,1.32546773557e-08,5.00622195145e-13,9.24625021271e-06,11,0,0.188145381862,0.0100019072645,0.0100268097776,0.0100031806276,0.0403168453434,0.0100008436064,0.051544237223,0.0100570132819,0.137545548652,0.0394052147515,0.0100166957782,0.01001338564,0.0100087710555,0.010006724255,0.0100346768139,0.013743594872,0.0100073509983,0.0100074912151,0.0100304844563,0.010021986378,0.0100037931508,0.0305714137769,0.0679654814845,0.0588972349338,0.0100452380322,0.084994841587,0.01000317603,0.0611664211908,0.010001650535,0.0100599712419,0.0384053773102,0.0101013362479,0.0100185347943,0.0100125783884,0.0100379989051,0.0101510438541,0.0100085998459,0.0100135680555,0.0100192664174,0.0123555890925,0.0100227940812,0.0100113897194,0.0100404526094,0.0102437650538,0.0100137289659,0.0100541390522,0.0100442818092,0.0171848414886,0.0100364416768,0.0301786434739,221.046289676,10.8486567439,2.00647145477,3.28554310195,43.3597493401,12.3945506932,12.9418130879,1.40523620742,53.6376646386,18.8436168637,1.61664429837,2.59932561405,2.71974960532,1.77256300553,1.47196337202,5.46816643558,6.76603937599,6.61517725156,1.13172721139,3.80434590742,4.17800967391,9.68497073056,79.2320178034,16.2524126028,0,20.1965099989,1.92958320906,21.4680652302,4.79730318057,0.695909110716,20.690664024,2.875770151,0.740990434994,1.70649785962,2.23314866579,1.32533994699,2.11062769076,1.59573567441,2.12761807949,2.13106024541,0.393894631314,1.04345405475,0.916013878382,0.469918926367,0.724989430537,0.466426092892,0.878086138148,0.780816738212,0.92476779303,3.21874777692
sobol__0000626,97.04092476,38.27348722,73.70607005,86.9533119,39.35458519,17.7513277,48.77547274,1,usable,Converged with independently replayed constrained generalized-force equilibrium and small reserve torques,545.653288,0.148888703395,3.04682572505e-08,4.26325641456e-13,2.37646938178e-05,17,0,0.0853444654106,0.0100009416423,0.015740557143,0.0100015002002,0.0747011710781,0.0100008874426,0.0704199911639,0.0242389657577,0.211140667718,0.127771435264,0.0112545868708,0.0100174742846,0.0100163142725,0.0100091077712,0.0431514696851,0.113390644805,0.0100138317055,0.0100140352478,0.0100311135074,0.0100452386928,0.0100019323066,0.0855004126988,0.0406572115812,0.0166119488216,0.0100456712402,0.0679903311362,0.140508777073,0.01000104245,0.0100452386928,0.0100062793307,0.0528015142784,0.0163033613708,0.0100452386928,0.0100032436201,0.0100012271748,0.0100018191108,0.0100018985036,0.0100023247576,0.0100018386686,0.0100017248814,0.0207744007977,0.0833731635539,0.0651129427578,0.032222605807,0.0466650944582,0.0164909532836,0.0100328763115,0.0100069448882,0.0100014860682,0.0100021240813,103.808774284,10.6820294993,3.08320149082,4.90837993724,52.2496176495,12.4104583255,18.7472916718,3.23668185834,78.4199602128,50.9663751709,0.937164390897,2.36412531214,1.90885260562,1.69684778114,6.1749030859,26.3465280636,7.05358204012,6.90658999674,2.60569644164,0,5.1594668206,26.4544039065,44.9217986112,4.21690864619,3.38652426975,10.0274169887,22.7218461676,2.91232878359,0,0.342031984533,27.1465419014,4.23737171471,0,1.01147033816,2.40273441117,1.56102166976,2.24088587436,1.63270018428,1.92215778085,1.88077468214,0.385828980571,5.36635652285,3.67930141242,1.03398745973,2.04359757123,0.33307921873,0.375421088405,0.427664341351,2.0042612141,1.1671900205
sobol__0000634,108.29092476,13.89848722,-48.16892995,111.3283119,-50.64541481,11.1888277,11.27547274,1,usable,Converged with independently replayed constrained generalized-force equilibrium and small reserve torques,442.840669,0.0333118591774,6.53733991385e-08,9.62604965893e-14,3.4133156719e-06,5,0,0.111965538713,0.0340880603368,0.0100114913046,0.0100263368943,0.078463771379,0.0100037678288,0.0103088591279,0.0100122919791,0.0145653482031,0.0100130612644,0.0100144697029,0.0100087605235,0.0100093808875,0.0100085343217,0.0101147867271,0.0100063054733,0.0100105988418,0.0100106511161,0.010025513956,0.0100920794695,0.0633931132532,0.0240400446183,0.0572758936843,0.0288976355344,0.0100175700694,0.0100145333617,0.0140864024958,0.0103336501791,0.0111796614596,0.0100968394092,0.0107538128904,0.0100375742627,0.0100647370628,0.0131272778405,0.0102294447323,0.0100715711526,0.0131164238662,0.0102522790209,0.0102167474325,0.0100675687569,0.0100497945729,0.0100452951838,0.0100390758282,0.0100369369019,0.01005612278,0.0100368057418,0.0100287844812,0.0100276785689,0.0100198057921,0.0100171770026,93.6839174017,37.5993107171,1.97479635751,5.00497115732,77.4973713883,10.808595923,1.76403031783,1.36215890412,6.29784342218,5.8974459339,1.6067528879,2.52074453677,2.04138720656,1.69800848235,1.68726029554,3.47605475578,7.18120507132,7.13528386668,2.82894736796,3.59833193224,30.7427578371,5.87316914234,57.9926483808,5.40712249108,3.10422930143,2.32047837517,2.52639178473,3.87045470103,0.70155089187,0.892790963749,5.96821393029,2.61558109837,0.30793091682,2.01943956564,2.64724609584,1.63404381546,3.10575330951,1.77242976961,2.12145508077,1.98620982741,0.263047905464,0.966399816949,0.79833520336,0.459517226556,0.569206043652,0.371958650594,0.651094699542,0.453552634053,1.9515921839,1.16738615806
sobol__0000642,85.08779976,34.71879972,43.82325755,52.9298744,12.47958519,-9.72914105,42.68172274,1,usable,Converged with independently replayed constrained generalized-force equilibrium and small reserve torques,467.001169,5.67899863973,1.0886678119e-06,2.58915658588e-12,0.000488785791039,18,2,0.155010194039,0.0149788634297,0.0100286080215,0.0100097882987,0.0823156945932,0.0100038542454,0.0208984805666,0.0100165710281,0.0189395876343,0.0100286660122,0.0100298059346,0.0100104678169,0.0100115446443,0.0100113580909,0.0100616431447,0.12609266599,0.199757233753,0.195105310349,0.0112434857687,0.0100452400083,0.0368862615187,0.0399879818752,0.0100018558395,0.0100022095261,0.999999951814,0.999999882064,0.0100001131811,0.544596624066,0.0100000306981,0.0100011288992,0.0100012008544,0.0100037887869,0.0100007105921,0.0100002787127,0.0100014308378,0.211657646483,0.0100002378971,0.0100004309206,0.0100006906357,0.627405212066,0.0100037915146,0.0101832419665,0.436815654336,0.628289251669,0.0100011111365,0.479742605573,0.907404484097,0.846050585171,0.0100001704496,0.675941714465,188.779217062,15.8391270212,2.01348921909,4.99670794938,71.9678891788,12.5189021833,5.62950548809,1.35842693488,7.49595027224,4.41097787054,0.976394976594,2.45826146783,2.04109733921,1.70615462986,1.61575441557,51.3490600483,133.837203673,127.676150131,0.735012380084,0,17.3456532307,12.6081102014,11.7372151412,2.7606081794,337.062194232,208.851983077,1.36430432664,200.420494316,3.80573711804,0.766348725284,5.57225570443,2.76550973531,0.495718504354,1.53832854133,2.40796501291,32.9778699004,2.27718666506,1.65261227478,1.94142060931,117.382861691,0.155588363992,0.676288144521,26.9035647502,24.2381020555,0.40964902604,13.7803311973,56.1192867387,38.2561182397,1.93677380224,74.4816883623
sobol__0000650,118.83779976,10.34379972,-21.80174245,12.3048744,-77.52041481,1.20835895,20.18172274,1,usable,Converged with independently replayed constrained generalized-force equilibrium and small reserve torques,618.549486,0.0751160936979,3.51689184441e-08,3.05533376377e-13,2.46932260072e-05,22,0,0.010008006657,0.010001715833,0.0141057044312,0.0100072162586,0.0415002207591,0.010002756496,0.0327860087535,0.0222438590526,0.0537638252126,0.0661093531906,0.0102793667291,0.0110269726548,0.0101551976067,0.0100486448808,0.019097220505,0.0428452956927,0.0100061266934,0.0100075143374,0.0100452385124,0.138679383566,0.0711102698493,0.163080634581,0.065063608452,0.0100094166726,0.010017805519,0.0217259037366,0.0275803370183,0.0100015774112,0.0100029392928,0.0100044758578,0.0100076508631,0.0100096852686,0.0100081356162,0.0100039230548,0.010002942619,0.0100045469313,0.0100045596989,0.0100055878154,0.0100045295806,0.0100045583322,0.0102412573666,0.0378663099815,0.0264784191323,0.012251533963,0.0166850907986,0.0103218996137,0.0100714932963,0.0100190379791,0.0100065949631,0.0100079695705,9.25405165761,11.029949256,2.79187958215,4.86036678124,44.0657301169,13.0226438794,7.91102412068,2.96506931726,22.8046132892,37.2614100206,1.12455361283,2.66079499639,1.75078622194,1.67827638212,3.15692931353,32.8761901331,5.44313980524,4.28299263689,0,46.284723367,19.2523606165,48.1557987574,76.2934648738,2.36767115561,2.96210900169,4.53081016405,5.23410709036,3.98018021991,4.66358627161,1.00841568001,1.35230465439,2.33074493895,0.753601257067,1.71264742171,2.58742508873,1.6255941413,2.36874261339,1.7292987233,2.06288051393,1.97374504067,0.281109986925,3.98960365367,2.31484994966,0.592909565936,1.04035650921,0.357548459456,0.693466284828,0.460860040433,2.01127954603,1.16452039733
sobol__0000658,90.71279976,30.65629972,57.88575755,97.6173744,57.47958519,24.17710895,-21.06827726,1,usable,Converged with independently replayed constrained generalized-force equilibrium and small reserve torques,495.004693,0.200659764792,3.53938492736e-07,2.45623251069e-13,2.27777634305e-05,0,0,0.0866664632814,0.010016546248,0.0110959954227,0.0100248870995,0.0809313383848,0.0100129861992,0.0560608395735,0.0113044979573,0.12498075215,0.11120091254,0.016053778452,0.0101460220621,0.0101601360239,0.0101211084105,0.0319974425269,0.0620099970798,0.0101559884935,0.0101579548196,0.0103148092971,0.0104296707424,0.0100207375886,0.017459375506,0.0337719739046,0.0100955121514,0.010024205813,0.0166870484488,0.263635227509,0.0100159473564,0.186825119651,0.01004466363,0.0833493418136,0.0280625180272,0.0103818199166,0.01018443483,0.0100510625804,0.0100647466552,0.0144610970206,0.0103642465538,0.0101353054314,0.0100622623584,0.0421982261367,0.125673000162,0.0878942198797,0.030081448309,0.0796638473707,0.0282613300531,0.0101410745407,0.0100806248092,0.0100365506264,0.0100332277492,105.567647303,10.7159429632,2.22700743156,5.00289013262,62.3295741999,12.4474968411,15.1002806183,1.50697741659,49.1354860374,46.6617947941,1.37872568384,2.36830994988,1.80992142941,1.70361762808,4.86792723817,14.2686810995,7.25057700462,7.11157459779,2.78175124976,0,5.19398958648,5.34869465803,36.3630126089,2.43406210668,3.16241066503,4.20059240062,50.8136276545,4.04959739558,59.3295434738,1.01229297532,38.4410178883,6.74487258729,0.705084976809,1.65558267978,2.5983071024,1.592565416,3.42387051294,1.79184226774,2.13163142525,1.97755959382,1.57979089848,13.6607690954,8.29702240216,1.46778222573,5.74841839805,1.33630548933,0.646693764623,0.382763211966,1.21852517724,0.946878202791
sobol__0000666,101.96279976,55.03129972,-26.48924245,89.4923744,-32.52041481,13.23960895,-43.56827726,1,usable,Converged with independently replayed constrained generalized-force equilibrium and small reserve torques,531.422747,0.0416539331938,4.55130546584e-08,6.15154584261e-14,8.41226580173e-06,3,0,0.144537158553,0.0896106692351,0.0100204743423,0.0100734264098,0.0110680452061,0.0115817278033,0.0100305659308,0.0100163162158,0.0100160129981,0.0100055460938,0.0100100985832,0.0100140295993,0.0100126296989,0.0100138212145,0.01002173075,0.0100141037916,0.0100212988308,0.0100215349238,0.010036864522,0.0100290640714,0.0309767815451,0.0100133294985,0.0203058823933,0.0218296402162,0.0100452378385,0.0446718422627,0.0100037077587,0.0501649866157,0.0100022240712,0.0102672733156,0.0161858330472,0.0100623011979,0.0100203996399,0.0100138822872,0.0100367565224,0.0100817137607,0.0100102050121,0.0100152391169,0.0100191121167,0.0101286684495,0.0100227886523,0.0100127092115,0.0100249852708,0.0100780309446,0.0100136204087,0.0100364847452,0.0124032492015,0.0181822519796,0.0128482777132,0.0397313224545,169.110035903,96.7589921431,2.0071886636,3.99133302054,11.3879193783,12.0045050602,2.33072275083,1.43758176624,4.12670441402,5.77676905914,2.39189089907,2.64718136705,2.83717469231,1.80068839933,1.66767129262,2.14239129145,7.08306020437,6.93667945828,2.63158940297,3.7203618851,16.222925179,3.01070569616,22.3066121129,5.56059080413,0,10.936811643,1.92656942165,20.4346621489,4.47226071931,0.996002900504,9.01841632047,2.81675884505,0.730976805356,1.70630142151,2.26709334399,1.31776907576,2.21826542258,1.65190371765,2.12793174226,1.74655704201,0.392885958688,1.05433796229,0.933273336249,0.475574024702,0.724977368561,0.47111030276,1.0653072937,0.774701865233,1.30129313692,4.0053328226
sobol__0000674,76.65029976,0.18754972,-56.95799245,115.8986244,34.97958519,22.53648395,-49.19327726,1,usable,Converged with independently replayed constrained generalized-force equilibrium and small reserve torques,473.677095,0.0611701134575,1.58967939998e-06,4.05009359383e-13,0.000234763763157,8,0,0.0100016210753,0.0291711207505,0.0776751220245,0.0933672693355,0.0365181492095,0.0342343803434,0.0101250050451,0.0385638223438,0.0100041775289,0.0100073943208,0.0179180964123,0.0602216783364,0.0533893239638,0.0736012100706,0.0100099783207,0.0418359988645,0.0100059081547,0.0100059197076,0.0100171556027,0.0100452377679,0.0320116040224,0.0100116957232,0.109183901594,0.0225082685545,0.0100452377679,0.0487186695687,0.0100102927496,0.0100085963346,0.0100054733335,0.0100164158394,0.081160574126,0.0285757395592,0.0100225413184,0.0100133145852,0.010010842012,0.0100174456255,0.0100110487636,0.0100140656626,0.0100129590654,0.0100170726262,0.010156460516,0.0216897421813,0.0233984278553,0.013280054749,0.0100902957869,0.0101942854315,0.0112663632792,0.0100796598839,0.0100211084837,0.0100709130624,5.63387487253,32.1280710839,14.9344400711,45.8498067201,35.354043859,37.6840965835,1.61310127978,5.2059706595,4.42957425491,6.07522905994,3.93273334892,14.8224539557,9.34877172144,12.2630028776,1.84665062877,14.6319959577,7.1780923712,7.16201924156,2.83673401273,0,16.2709823582,2.97190871088,103.678024813,1.50376783582,0,12.2058035715,1.88635284054,4.0742887115,3.34150848205,1.01164222544,31.9434256933,7.50594090436,0.674490827894,1.63444873342,2.3833232553,1.38008708211,2.3252946728,1.70963328979,2.12662999422,1.80277386751,0.400111128463,2.19493340426,2.13158026843,0.61726553852,0.729531850502,0.470747122605,0.898911967101,0.385002797972,0.808052821505,0.893137737563
sobol__0000682,110.40029976,40.81254972,83.66700755,75.2736244,-55.02041481,15.97398395,-11.69327726,1,usable,Converged with independently replayed constrained generalized-force equilibrium and small reserve torques,449.246996,0.291899782135,2.85166947833e-08,2.01781122318e-13,3.03206841087e-05,8,0,0.0962183915257,0.0100005220578,0.0100107137652,0.01000250645,0.0100009208682,0.0100003785375,0.0270188820714,0.117030870802,0.417510277654,0.0100025246746,0.010005496301,0.071438783646,0.0139328414965,0.0100044081207,0.0619670741183,0.246767246338,0.0100150630606,0.010015280898,0.0100327230099,0.0100271474179,0.0348530470174,0.116773137996,0.0341543836518,0.0346256699268,0.0458676350144,0.0131612135324,0.0100145018583,0.0210689220052,0.010009511907,0.0100859998249,0.0199217809908,0.0100604746161,0.0100414555819,0.0100394083952,0.0100420694508,0.0100491949353,0.0100258532522,0.0100316815735,0.0100347283472,0.010050823048,0.0100381736206,0.0100312735077,0.010039173567,0.0100484339653,0.0100308192058,0.0100476601531,0.0100848199965,0.010097746638,0.0104230529492,0.0142470875872,117.004993658,10.819702441,1.93385301978,4.90124484221,6.10946553229,12.5652898615,7.0346564102,15.4699621116,141.247458316,3.9640270733,0.8813207605,16.5721176072,2.62329266546,1.69821176287,8.08973045099,73.4282572092,6.94100706288,6.79302409041,2.39589633858,3.54339855974,16.9800221147,34.3172077027,38.6774259714,9.39068874409,15.4528765986,3.3229702011,1.93177916796,8.59393315394,4.30471130076,1.01854191026,9.59045599424,2.56823544428,0.722510293407,1.69095865124,2.56403651039,1.50609566082,2.36871815238,1.73243964953,2.12893278628,1.93567554892,0.327729113934,1.09536490998,0.942943061634,0.490344762222,0.698953955191,0.465425677377,0.735238628117,0.428160372589,1.57154427636,1.53860350719
sobol__0000690,93.52529976,61.12504972,13.35450755,38.7111244,79.97958519,-6.99476605,14.55672274,1,usable,Converged with independently replayed constrained generalized-force equilibrium and small reserve torques,443.558138,0.21346394178,8.89599940379e-08,3.64844021607e-13,4.16306101749e-05,26,0,0.203109278261,0.0749501285443,0.0100206474746,0.0100174631752,0.106280870542,0.0100034889566,0.0191434391942,0.0100115643378,0.0100086801222,0.0100031912627,0.0100052566902,0.0100083012676,0.0100073323646,0.0100081477357,0.0100166030776,0.0100042974591,0.0100041908222,0.0100043282217,0.0100452394708,0.0100452394708,0.0100028026236,0.0100029160422,0.0962532145498,0.0100034051871,0.0186795936395,0.0947126895027,0.070604204571,0.0100006836499,0.0100011142618,0.0100020308743,0.322315376,0.044856054711,0.0100038730756,0.0100017744998,0.0100013027549,0.0100020405281,0.0100019310758,0.0100024468512,0.0100020290661,0.0100020145234,0.0212266999476,0.102860115465,0.0825554709463,0.0434305659122,0.0389895675571,0.0274089641304,0.0121282564651,0.0100121414219,0.010003214139,0.010004336361,228.079255416,77.4622633114,1.9262435859,4.59606801303,114.216011982,13.0676406789,5.00958508393,1.43332434702,4.00739170476,5.75007979388,2.69069543682,2.62754289537,2.81418202223,1.79669415033,1.76716158068,3.82806090792,6.52985623979,6.3020508916,0,0,2.41532592012,1.89502806632,113.323887364,2.65040698141,6.24140901117,21.5199115639,10.4983089369,4.06828696224,4.69401243657,1.00213981806,176.035045088,8.45394379129,0.740580634411,1.69218558574,2.54396514096,1.62333759377,2.36587516409,1.72232097686,2.02659711592,1.95275430606,0.451898500392,9.12806663072,6.40241337477,2.00685203494,2.04409180915,1.02994008152,0.781118208185,0.459952915334,2.01051472996,1.15312086784
sobol__0000698,104.77529976,20.50004972,22.72950755,30.5861244,-10.02041481,-0.43226605,52.05672274,1,usable,Converged with independently replayed constrained generalized-force equilibrium and small reserve torques,568.829722,0.0595000355276,5.25711811861e-08,2.29549958793e-13,1.37473800847e-05,18,0,0.105644849033,0.0100031010978,0.0100306165088,0.0100054603924,0.0506694110651,0.0100021416887,0.0325462840855,0.0100510487448,0.0756921318038,0.0522274599936,0.0100625014006,0.0100174299041,0.0100183794713,0.0100134993227,0.0175382701486,0.0100098717984,0.0100037873991,0.0100040653576,0.0100452381858,0.0101561850631,0.0287139814977,0.0944587197028,0.103725373006,0.058284270328,0.0288177612666,0.0346942031316,0.0648740052587,0.0100020789977,0.0100064686272,0.0100060822546,0.0236572553625,0.0100327225225,0.0100117386331,0.0100044252043,0.0100022980621,0.0100033401591,0.010003392671,0.0100041554552,0.0100033209233,0.0100030961725,0.0101358195261,0.0305430023742,0.024636499057,0.011359183922,0.0188845518835,0.0101137291718,0.0100387286718,0.0100120021597,0.0100043027539,0.0100044010809,125.237909388,10.9232693764,2.02033236095,4.60709848419,49.0681599966,12.9125682357,8.5591499669,1.33607508219,30.5279428611,22.7341212892,0.777457347732,2.34713080968,1.73676984468,1.68112050509,2.61350054881,6.36607929256,6.40025090682,5.92406071855,0,3.85055044734,9.36803845299,29.0441292163,122.122502438,15.3376986502,8.15509287122,5.86094787465,11.0122202554,3.78421041451,2.92378202667,0.842994312067,10.6003033615,2.85624694721,0.491567479386,1.54336100662,2.37653152897,1.54556548674,2.23944459477,1.6280807564,1.91234087458,1.85860010222,0.180034652164,2.10996094996,1.50565017209,0.40994014581,0.871298359269,0.225796251975,0.542145333504,0.460265863441,1.88644097374,1.11006053775
sobol__0000706,80.86904976,17.45317472,-1.87986745,96.6017494,-46.27041481,5.85679645,-7.00577726,1,usable,Converged with independently replayed constrained generalized-force equilibrium and small reserve torques,458.626081,0.0300980161576,4.0581667804e-08,1.84741111298e-13,1.53096083165e-06,1,0,0.124478788712,0.0356227317855,0.0100197692185,0.0100577926994,0.0536946843214,0.0100062669322,0.0101172721656,0.0100181901392,0.0101903525612,0.0100144303662,0.0100233101168,0.0100133125979,0.0100153026996,0.0100134622896,0.0100556597662,0.0100107825745,0.0100142952484,0.0100144905142,0.010031130806,0.0100885002951,0.0505712686035,0.0190574967568,0.0393426610332,0.0218061492282,0.0304250571434,0.0101245232157,0.0100153426652,0.0200469499749,0.010016066915,0.0100883961049,0.0100745836003,0.0100374506241,0.0100458360116,0.010047182568,0.01005901285,0.0100597943631,0.0100343333189,0.0100399004598,0.0100454924255,0.0100657169115,0.0100390456451,0.0100292901599,0.0100360976559,0.0100439412677,0.0100326525532,0.0100437750818,0.0100603345352,0.0100784977346,0.0102451783848,0.0117406060893,137.813316155,38.5276926282,2.01637873835,4.95135054184,57.7447890523,13.0665830482,2.57976354183,1.35223645944,4.26957884266,5.51415167298,1.17948246073,2.44079625551,1.83488566155,1.68559544298,1.73353638648,3.56699452437,7.14162517976,7.00127065252,2.69583767996,3.62984059597,25.260614226,5.44960085358,42.4752284636,5.45199069541,9.59275453868,2.55610041069,1.83910464351,7.90521505551,3.80179543431,0.980181681862,5.61331850864,2.6708076392,0.67695148399,1.63360705733,2.59707428015,1.57497330054,2.37277519302,1.73506622355,2.12509248931,1.97506373405,0.287848333893,1.07797657251,0.903761030293,0.489686699029,0.615548883342,0.447932223779,0.76385760821,0.462324435295,1.78919373295,1.36805345502
sobol__0000714,114.61904976,58.07817472,26.24513255,104.7267494,23.72958519,-5.08070355,-59.50577726,1,usable,Converged with independently replayed constrained generalized-force equilibrium and small reserve torques,421.555972,0.182670204182,4.16152889926e-08,1.10134124043e-12,2.32046455399e-05,11,0,0.179541885586,0.01000058382,0.012576874239,0.0100007847272,0.0587267333561,0.0100002147171,0.198013651289,0.0351300361399,0.296942458239,0.010004852716,0.0100033657946,0.0100094027247,0.0100042989235,0.0100027420702,0.0100128029274,0.111760434392,0.0100246114096,0.0100247702155,0.0100381318344,0.0100452369321,0.01000057382,0.0100049166566,0.0152617134091,0.0101302712556,0.0139979385273,0.0176618897668,0.0100130083072,0.019559529734,0.0100070772258,0.010046163128,0.0273426467111,0.0108457380153,0.0100360077713,0.0100328766633,0.0101098671997,0.0101057144126,0.0100293909228,0.0100388737447,0.0100627688908,0.0102361944414,0.0100365602072,0.0100246452548,0.0100416092085,0.0100477609599,0.010032199896,0.0100530267976,0.0100301020403,0.0100560810997,0.0100387664198,0.0100611969195,203.2848292,10.6056481506,2.42110828235,3.60266248304,59.9584184698,13.0555692307,51.9319141647,4.93509270368,105.801969603,5.00969193511,2.03453212444,2.59880137302,2.77942608341,1.78424391034,1.54622700921,19.2349133509,7.18725071213,7.08648219064,2.77379358467,0,5.1619778269,2.9696158442,16.0717063936,1.68496230099,1.11109212645,4.14328528077,1.77749546853,7.97159281455,4.73785557954,1.01119122295,13.6810003393,2.92354399239,0.733622506532,1.70723992822,2.3228655679,1.38855732274,2.06536874714,1.58730770536,2.13715112542,1.85322323058,0.392066379337,1.05983603892,0.915818004875,0.454453965261,0.724827978933,0.459969340835,0.839723163708,0.461707093345,0.797564713979,1.09192411021
sobol__0000722,86.49404976,45.89067472,-44.06736745,11.2892494,-1.27041481,9.13804645,56.74422274,1,usable,Converged with independently replayed constrained generalized-force equilibrium and small reserve torques,546.682157,0.0881196478312,4.21854622346e-08,2.55795384874e-13,1.01810952275e-05,22,0,0.159405866279,0.109005632392,0.0100187149142,0.0172321564522,0.0832451687296,0.0100072530545,0.0102328027581,0.0100115168558,0.0100096621904,0.010003517415,0.0100055387493,0.0100088567693,0.0100080636966,0.0100088672385,0.0100158454418,0.0100017872151,0.0100026520737,0.010003339781,0.0100452377413,0.0261881710521,0.063922303328,0.0148901857547,0.165602893684,0.0448162784503,0.010022595645,0.0115890656971,0.0630861621993,0.0100026957897,0.015670803859,0.0100071388465,0.0181897323578,0.0100186180289,0.0100165329933,0.0100069828595,0.0100030098717,0.0100042314596,0.0100050298861,0.0100059029948,0.0100045883734,0.0100038968362,0.0101286721918,0.0219104369182,0.0172160091929,0.0100840962529,0.0170460398544,0.0100545823331,0.0100242739225,0.0100094903349,0.0100029614054,0.0100035164586,194.116951634,117.234699572,2.01793394387,8.51076915287,82.2445231538,10.3314383309,2.04183673233,1.43657167829,4.26941981679,5.97217744918,2.72902839463,2.63770271337,2.79641994114,1.78121810179,1.7803096747,5.95622421717,5.35245967971,4.18548766069,0,9.57919943267,14.5958842593,3.07417876029,194.030468274,10.778628672,2.31344836119,1.5337032933,12.0512627941,3.86398156385,3.13141292484,0.896273135234,7.43815901135,2.84459413124,0.52493061859,1.55546114986,2.3609489276,1.53978700994,2.21829159123,1.61452435496,1.89114791637,1.85468354738,0.216877709829,1.688090979,1.12210819623,0.36691472327,0.892697276685,0.182225112742,0.444229189473,0.45975341932,1.90723600176,1.14606167034
sobol__0000730,97.74404976,5.26567472,77.80763255,51.9142494,68.72958519,20.07554645,4.24422274,1,usable,Converged with independently replayed constrained generalized-force equilibrium and small reserve torques,559.515702,0.108101630025,5.5001006416e-08,2.66488932778e-13,8.45013790203e-05,18,0,0.0100011534282,0.0100006516637,0.0245668836551,0.0100931539674,0.0100013997429,0.0100007303931,0.0568699553973,0.10817378665,0.0634874476325,0.0100201011069,0.0100047391893,0.0953860823624,0.0456450229129,0.0461757314071,0.0564906559386,0.128898509682,0.0100044809288,0.0100045783004,0.0100316968959,0.0100452377403,0.0901756290718,0.0453677062303,0.10427411655,0.0162746943417,0.0372175002619,0.0505286188136,0.0503903109341,0.0100023157874,0.0100044721556,0.0100058795855,0.136491362655,0.024635374596,0.0100127383201,0.0100065759336,0.0100044124722,0.0100067674352,0.0100066703158,0.0100081642437,0.0100069184843,0.0100069426887,0.0127839697086,0.0535680735968,0.039250576934,0.0206354966929,0.0223429127139,0.0156180014688,0.0100891190697,0.010024601797,0.0100077776473,0.0100108157037,8.90813295525,10.9921359037,4.94811990122,5.02661322209,5.81466896336,12.4477944819,15.3195294109,13.3388061588,26.5723775818,5.74328183024,2.55129331673,17.2092219607,4.13203676659,7.02872091236,9.82170210035,59.9462708369,6.69158918669,6.53406159887,0.568606825516,0,35.0567136145,11.5771632184,122.463687604,4.49013240411,12.0709882841,10.9504001951,9.71951938445,4.07992229911,4.29675076938,1.01057378024,73.3253086694,5.20433966052,0.723995039643,1.67353486967,2.58707423187,1.62600708143,2.36814759275,1.72863370314,2.05274698048,1.97423809905,0.378986529087,5.74956222264,3.40227894779,0.980472883845,1.48641697183,0.619263329214,0.530563157127,0.406954149786,1.66649843739,1.07740616672
sobol__0000738,78.05654976,51.98442472,66.08888255,25.5079994,-68.77041481,11.87242145,28.61922274,1,usable,Converged with independently replayed constrained generalized-force equilibrium and small reserve torques,466.4332,0.0622078415353,1.32930324526e-08,2.31944619658e-13,8.29111239486e-06,19,0,0.147715304938,0.0575709695819,0.0100713528466,0.0100095195998,0.140082200008,0.0100095931695,0.0215532961039,0.0100123915772,0.0100225507229,0.0100069365724,0.0100125958146,0.0100080671629,0.0100085466935,0.0100093937601,0.0100186331358,0.0100105114509,0.0100073150983,0.0100081430408,0.0100452379883,0.0485579552112,0.0600229225531,0.0303813730579,0.048615697399,0.0100292625455,0.0223005878944,0.0376189443906,0.0260868203218,0.010002513647,0.0100035586267,0.0100066468427,0.0100131601584,0.0100183630699,0.0100114725632,0.0100057510542,0.0100038799551,0.0100058707331,0.0100054999414,0.0100068167129,0.0100056546924,0.0100057873977,0.0101079555631,0.0290300148743,0.0216160532038,0.011757392362,0.0134013064187,0.0102320506003,0.0101061642569,0.0100277327006,0.010008614545,0.0100122176885,173.359019882,59.0397163932,1.92997785796,4.77740882318,119.641151027,12.1180537068,5.71284222923,1.38601655036,3.87565282813,4.75870640856,1.43980636903,2.53214089325,2.42486043866,1.73504744888,1.79057852049,4.15646576229,6.27967831437,5.5197097711,0,16.6589500352,31.3176733283,9.14974528123,57.2310119548,2.48977710225,6.09380185881,7.16477186674,5.01644643069,4.0798870927,4.32654021122,1.00935348443,2.13247086733,2.40948111926,0.726096145839,1.68462711587,2.56896297357,1.62588640864,2.35626010905,1.7169949998,2.0360301958,1.97293784819,0.26338955465,2.81079944392,1.72780983978,0.521092972558,0.81290534984,0.304319434309,0.583877463843,0.454349421911,2.01164179601,1.1683646903
sobol__0000746,111.80654976,27.60942472,-37.03611745,33.6329994,1.22958519,18.43492145,36.11922274,1,usable,Converged with independently replayed constrained generalized-force equilibrium and small reserve torques,481.714955,0.0556707465921,3.54950238091e-08,5.95084808706e-13,5.25660926554e-06,4,0,0.143031338096,0.0100345403527,0.0100278991925,0.0100391825721,0.10236668618,0.0100048906275,0.0184146861641,0.01002760872,0.0254002012054,0.0100416468888,0.0100375733993,0.0100177211531,0.0100170318191,0.0100163259003,0.0101555138,0.0100055057512,0.0100081481982,0.0100085653228,0.010088823333,0.0118757377346,0.0377424597902,0.0558686950374,0.0955662636604,0.0606363435125,0.0101110951472,0.012452412732,0.0366642911898,0.0100102362099,0.0179675875675,0.0100236569052,0.0182027578072,0.010054525345,0.0100506252928,0.0100295869675,0.0100123965544,0.0100170343692,0.0100206928214,0.010023593531,0.0100187843474,0.0100162954553,0.0101750743414,0.0186052275251,0.0133479509291,0.0101806487246,0.0120136078147,0.0101270438953,0.0100671165261,0.0100355116653,0.0100117746524,0.0100146736065,161.840800657,11.0686410845,2.01733815302,4.74213932788,103.512380323,10.5705420604,3.53933640336,1.37757175967,10.6592645082,5.55270370074,1.28091600874,2.56459092313,2.36198554618,1.73001315345,1.47811518983,6.47885392527,6.45702877918,6.11168865183,0,4.24476808193,9.04828723607,16.3344510124,112.516851752,16.2483113978,2.74499046713,2.15920399339,7.0654900904,3.97121335416,4.55578621964,0.949800312912,9.12839716982,2.84444395488,0.668573446667,1.60249014908,2.48951372683,1.61182976252,2.30264193366,1.67843007713,1.98511432689,1.94085779759,0.250265553188,1.65364864446,0.981703829555,0.410832625731,0.698179756924,0.261505815717,0.457524819039,0.422758745312,2.01207864266,1.16696442779
sobol__0000754,94.93154976,15.42192472,42.65138255,78.3204994,-23.77041481,4.21617145,-35.13077726,1,usable,Converged with independently replayed constrained generalized-force equilibrium and small reserve torques,481.863503,0.0371180522988,3.1997405614e-08,9.23705556488e-14,6.69532764491e-06,3,0,0.0862696587593,0.0100032846471,0.0100311774483,0.0100063026367,0.0259744691055,0.0100027452234,0.0231628552402,0.0100742306184,0.081062937505,0.0745343028814,0.0127422457028,0.0100218845871,0.0100242681604,0.0100170860153,0.0203565670054,0.0289267378784,0.0100122124303,0.0100124050976,0.0100297540369,0.0100247112299,0.01003172723,0.0585062934729,0.0468319390314,0.0427770272927,0.0500666526637,0.014286454125,0.0100143905167,0.020383482763,0.0100106741526,0.010069603124,0.0287158909499,0.0100789324708,0.0100427847416,0.0100419103197,0.0100435245517,0.0100507124947,0.0100268981625,0.0100329948495,0.0100375752221,0.0100546099466,0.0100415533873,0.010034812308,0.0100516729132,0.0100571264062,0.0100333373851,0.0100482767676,0.0100543601455,0.0100669909783,0.0100444688713,0.0101299026982,96.550716062,10.8832868568,2.0204574022,4.98275756532,21.3300781784,12.5541702858,6.23395128357,1.31828040639,32.9453394775,34.7798961375,1.33922467518,2.18743855187,1.43558382888,1.64734541733,3.26140067081,11.3572071277,6.96873458297,6.82085194601,2.49217789654,3.79326708228,5.23772127124,17.661444281,52.7099769988,11.284468078,15.9017542145,3.51736233554,1.93079221519,8.3133907302,4.63414794054,1.00242391852,15.995504645,2.86436950359,0.745015294958,1.71677478687,2.42350031682,1.41763720538,2.25849030248,1.68800328575,2.13189457113,1.84984555594,0.359547668115,1.0903809161,0.948462679276,0.481417527278,0.717261486886,0.475250182179,0.854578122487,0.460132313243,1.24654476258,1.14215431672
sobol__0000762,106.18154976,39.79692472,-4.22361745,118.9454994,46.22958519,-2.34632855,-27.63077726,1,usable,Converged with independently replayed constrained generalized-force equilibrium and small reserve torques,437.704943,0.0335208772291,2.83246603949e-08,3.41060513165e-13,4.92658690404e-06,7,0,0.126785552493,0.0100077559332,0.0100236480152,0.0100097686556,0.0293063404283,0.0100029294278,0.0150339772941,0.0100282826619,0.0371905089845,0.0104434795917,0.0100276951644,0.0100166842294,0.0100145519867,0.0100133212184,0.0100666622531,0.0100218113382,0.0100080522243,0.010008057939,0.0100208825998,0.0100452376599,0.0100146634791,0.0122940529214,0.0710082683223,0.0102224350838,0.0359725664895,0.041014680382,0.0100082673463,0.0112052020935,0.0100040704437,0.0100314049228,0.0470740117675,0.0213265846635,0.0100263852992,0.0100180795272,0.0100266358771,0.0100456197025,0.0100146085181,0.0100207333498,0.0100261437674,0.0100625568764,0.0100493936837,0.0100527214029,0.0126577761259,0.0104181594907,0.0100303089367,0.0100711157379,0.0100529427529,0.0101060352791,0.0100244647493,0.0104823493805,154.194341315,10.9078711891,2.01834445234,3.90987393955,31.5168776554,12.88680122,3.75214916822,1.38790338869,14.9760531705,5.03596473314,1.29270104157,2.57432803796,2.52382343677,1.74772424231,1.44886457185,2.38481481636,7.17963509176,7.17345519636,2.83790749619,0,5.10614086807,3.49833319063,63.4077227208,0.494534487798,3.68866251979,10.3549164325,1.6850420608,4.29695344335,4.24264302356,0.96032063267,14.1589929732,5.43996793502,0.653545794944,1.61128124536,2.58797111884,1.59155925024,2.34841284551,1.72808295344,2.12346942064,1.97961364432,0.340221261962,1.09772023798,1.19488549133,0.502553165857,0.642421288976,0.476322006129,0.782828331525,0.464795040392,1.40915082567,1.22033104439
sobol__0000770,84.03311226,56.30083097,-8.6181487,9.51190565,32.16708519,15.08531207,-17.08390226,1,usable,Converged with independently replayed constrained generalized-force equilibrium and small reserve torques,459.892475,0.121090466102,8.99409489108e-08,9.37916411203e-13,6.17988547217e-06,11,0,0.177893305076,0.134108318913,0.0100226126534,0.0236326284878,0.115342428769,0.0100069243051,0.0109406617421,0.0100104380272,0.0100070627702,0.0100025663923,0.0100039662716,0.0100078347526,0.0100071409764,0.0100079514221,0.0100120650685,0.0100014978259,0.0100023169429,0.0100029536346,0.0100452376838,0.0100452376838,0.0682727231578,0.0100845000688,0.196277480201,0.0514513160722,0.0557958021248,0.0543124985772,0.0256542444859,0.0100147445694,0.0133132928188,0.0100173177924,0.0306781171531,0.0100176276121,0.0100344918835,0.0100275215962,0.0100091311433,0.0100125226741,0.0100142696246,0.0100163990371,0.0100130077875,0.0100119125104,0.0100694625975,0.0121486009838,0.0114539348851,0.0100751975117,0.0102281062251,0.0103071589289,0.0100723076526,0.0100285282335,0.0100125122786,0.010015357299,207.294509024,139.387099405,2.00327548735,11.3498458566,123.268815221,13.0531740145,2.76717378871,1.43731808661,4.14629265453,5.91223557177,2.93749280173,2.63464344226,2.81232464198,1.78978695612,1.82574033049,5.66234936241,5.19523928984,4.01912134401,0,0,15.7964350723,1.7870069028,229.581587201,12.2225545833,16.2719663357,13.3800982215,4.80878258293,3.36711870336,6.28537160674,0.817557495968,15.8617563618,2.64866526135,0.753620749773,1.71581985386,2.58954024716,1.60386615939,2.3709538564,1.73171829289,2.10314096614,1.97186009916,0.389991695564,1.29382671425,1.08086704134,0.487326678428,0.74050973287,0.48420932724,0.686482148389,0.428067902135,1.43860137487,1.07580683025
sobol__0000778,117.78311226,31.92583097,38.2568513,50.13690565,-57.83291481,21.64781207,-39.58390226,1,usable,Converged with independently replayed constrained generalized-force equilibrium and small reserve torques,545.687179,0.151287945747,8.18267551495e-08,5.3290705182e-13,1.16103216274e-05,3,0,0.134096629141,0.0100056176774,0.0102090050898,0.0100110633106,0.0100368443727,0.0100042768538,0.0570687776991,0.0302488325636,0.236248940553,0.0376644656716,0.0100800328488,0.0101651205112,0.010084260316,0.0100338308165,0.0236328898333,0.132758614891,0.0100176025274,0.0100180024591,0.0101579288538,0.0102840171157,0.0101475619013,0.126683372912,0.128812837254,0.0848343880018,0.0102195460258,0.050676132651,0.0100148688874,0.055058009138,0.0100096117655,0.0121842324524,0.0281962085011,0.0102030849065,0.01010474832,0.01007409421,0.0101113222494,0.0102354667811,0.0100393666054,0.0100577395964,0.010064677645,0.0102471530601,0.010089221079,0.0100477154924,0.0100796290001,0.0102317591273,0.0100523070535,0.0101600232991,0.0216539713411,0.0223486141102,0.0220899509571,0.0511257025776,163.341582047,10.9657551669,2.0554582841,4.41787174884,8.70555775718,12.979830609,15.2175195626,4.01639925866,86.2136100564,13.8076413168,0.751033275178,2.44343278349,1.940914883,1.70718677596,3.06587015934,71.0541103389,6.68012755832,6.5193875755,0.421493613377,3.61337018578,5.12426363167,39.6255227262,151.437831712,23.3527565105,0,12.5724837451,1.849678024,16.0478612343,4.7270621339,0.705676402075,9.93599687516,2.57134993473,0.750240756433,1.71342344229,2.22526593736,1.29296960646,2.25058151779,1.66579812383,2.13755933746,1.7242279721,0.397491544948,1.03408330458,0.92697808987,0.481443461784,0.725341050294,0.477100558079,1.80580909627,0.867437128154,2.14514073352,4.72355715105
sobol__0000786,89.65811226,11.61333097,-32.0556487,94.82440565,77.16708519,0.86656207,39.16609774,1,usable,Converged with independently replayed constrained generalized-force equilibrium and small reserve torques,437.953082,0.119553274003,2.78987588587e-08,3.95103847109e-13,3.99982966188e-05,21,0,0.12049233705,0.057160370003,0.0100152431352,0.0100770339493,0.0555789516739,0.0100060730918,0.0100813753605,0.0100147707425,0.0100574781992,0.0100091987559,0.0100147999873,0.010011332825,0.0100127967305,0.0100111913716,0.0100500763748,0.0100062210781,0.0100098217514,0.0100099787552,0.0100258913396,0.0100452377091,0.0100017666686,0.0100022789686,0.0654051199513,0.010001713232,0.0100253067086,0.11837413569,0.11567898552,0.010000665374,0.0100035788324,0.0100034045248,0.191709368944,0.0402757437775,0.0100131205329,0.0100015749308,0.010000840368,0.0100012836603,0.01000122562,0.0100015443118,0.0100012515188,0.0100012289047,0.0234202203625,0.107692007107,0.0869575571879,0.0479476798891,0.0470986702117,0.028043236922,0.0101646915585,0.0100068135543,0.0100017206777,0.0100021043102,112.070144581,62.7916214967,1.98345021827,5.02813511343,57.3494970304,12.7559720368,2.36407558364,1.35687162004,4.32941379436,5.864120878,1.5033451101,2.48396442372,1.89749765611,1.68666149758,1.7599798888,4.05169004633,7.12364970917,6.98081458035,2.67805856523,0,4.69757170817,3.16863619971,70.935091199,2.51709777215,3.28373602119,20.3214224466,14.8177093702,3.09133398416,1.01165371688,0.425093875985,82.2906360432,7.77198188421,0.114027751008,1.28595344878,2.41955928378,1.56394801859,2.27335088768,1.65298800558,1.94223695039,1.87806670851,0.384010247881,6.83216243347,4.8966179254,1.66976718745,1.85394308713,0.740763623472,0.510476964488,0.460278668509,1.96114631969,1.13690002913
sobol__0000794,100.90811226,35.98833097,71.0693513,102.94940565,-12.83291481,-5.69593793,16.66609774,1,usable,Converged with independently replayed constrained generalized-force equilibrium and small reserve torques,508.575489,0.127997973807,5.75307010919e-08,4.01087286226e-13,1.46508670977e-05,17,0,0.0679250178678,0.0100008431644,0.0178230119941,0.0100014123392,0.0569080013092,0.0100007634019,0.0808550179667,0.0311664268015,0.2375827301,0.120120886047,0.010118218213,0.010019413297,0.0100167275543,0.0100080430784,0.0439812102194,0.109645221604,0.0100187293352,0.0100189055732,0.0100345358425,0.0100297403189,0.0100023557725,0.09310608113,0.0257080758413,0.0199038067203,0.0351384381203,0.0631472211025,0.0677988696529,0.0100019998917,0.0100062414046,0.0100067553838,0.0158663727056,0.0100624130997,0.0100175798022,0.0100049203699,0.0100025940673,0.010003877486,0.0100038884577,0.0100048150064,0.0100038930566,0.0100036258761,0.0107268661559,0.0486561987014,0.0369819663235,0.0186816900776,0.0221220226051,0.0138108089183,0.0101374497717,0.0100164187035,0.0100055348637,0.0100066610487,82.7212509113,10.7517234084,3.52528846786,4.963376191,39.5123005961,12.4793925592,21.6924851881,4.14007226513,87.8866991869,47.19383314,0.815965460704,2.33572118682,1.8428598427,1.69222197128,6.11665121088,21.2165863406,7.17946535013,7.06553503729,2.75602439899,3.80696560948,4.51625048243,25.1433373171,27.2455805242,3.93912463347,10.6181594476,15.3947206549,9.4871442717,3.46283936198,2.27091662545,0.675530664936,8.48830811915,2.864734575,0.300037930138,1.51818968141,2.56542277765,1.62550428577,2.36793034247,1.72681915221,2.04337966177,1.97069668286,0.223953472797,4.10875688236,2.75845682408,0.848566415094,1.03319451625,0.511031481799,0.71629158705,0.460337722861,2.0110667175,1.15252431325
sobol__0000802,75.59561226,21.76958097,73.4131013,80.60565565,14.66708519,2.50718707,11.04109774,1,usable,Converged with independently replayed constrained generalized-force equilibrium and small reserve torques,531.336321,0.0403446531876,1.35429729653e-08,2.07595619337e-13,1.09183588143e-05,8,0,0.0555337960338,0.0100069382876,0.0100980608829,0.0100135647855,0.0373970588038,0.0100109230266,0.0104472294526,0.0101313643008,0.0621240558938,0.0876546360612,0.0236062379268,0.0100489966219,0.0100583190813,0.0100509167997,0.0172038307615,0.0206020174505,0.0100239496639,0.0100243178306,0.0100563694795,0.010083799179,0.0100967278753,0.0591852321186,0.0439904886922,0.0352961503523,0.0451048353978,0.0579702999656,0.0602674165598,0.0100046024317,0.0100098636017,0.010012181887,0.0205633602277,0.0101141090973,0.0100254086508,0.0100119106638,0.0100066195856,0.0100098677975,0.0100097882457,0.0100120877965,0.0100099367997,0.0100094137074,0.0105632122958,0.0433823315844,0.0321576089058,0.0169099020507,0.0197043546421,0.0131175377057,0.010207870656,0.0100359805655,0.010010759123,0.0100146696731,64.3705985103,10.7361244852,2.03275937295,4.90753851197,25.2829548408,12.2851511167,2.80731750904,1.32537895611,25.4261615843,45.3888795778,3.42093836323,2.10669803413,1.38185328967,1.63899172524,2.93105076627,5.7668544434,6.99919042775,6.85136641898,2.53916361034,0,5.23680472542,18.5511826131,49.2779931576,9.14383752412,14.7824995426,13.8476689248,10.1227291314,3.79505973525,3.46805726956,0.921935623928,11.1191731667,2.78253443921,0.620221311956,1.58533904146,2.57253187637,1.62652792118,2.36889086015,1.72795937894,2.04583782455,1.97377277881,0.244822945113,3.96139231965,2.4911477067,0.768879637302,1.0382929723,0.490751993278,0.66261909339,0.461625324711,2.00700323048,1.16858405847
sobol__0000810,109.34561226,62.39458097,-48.4618987,121.23065565,-75.33291481,-8.43031293,48.54109774,1,usable,Converged with independently replayed constrained generalized-force equilibrium and small reserve torques,552.642619,0.295885604326,1.82591399778e-07,1.072919531e-12,4.92066655283e-05,13,0,0.169853794547,0.0207274064586,0.0100170401891,0.0438097335278,0.153407119791,0.0400850401191,0.011343896286,0.0100111002009,0.0100326096112,0.0100049594915,0.0100056440542,0.0100082649537,0.0100070991474,0.0100079902109,0.0100166079528,0.0100305452383,0.015408304686,0.0154034154685,0.0100743411702,0.279590639146,0.0100101396484,0.0100111666567,0.0100141167416,0.0100010875912,0.210996222566,0.25347745877,0.0100017640126,0.0100062350582,0.0100452395993,0.0100400745854,0.0100009305139,0.0100052346851,0.0100452395993,0.0100056976285,0.0531444709318,0.0678841774744,0.0100063442838,0.0100136146257,0.0124263516176,0.11346209379,0.0100195490564,0.0100117679544,0.0100322531604,0.0225456840508,0.0100102131574,0.0255239083702,0.0689374552175,0.0836356494186,0.010003343007,0.124956485162,196.391664974,22.6605567891,1.99735204205,19.1488851324,148.678202144,31.7574474829,1.81120060103,1.44012138186,4.14889887177,5.85769752853,2.80583584818,2.67915614832,2.89719498875,1.83024184595,1.7501116198,0.363225834917,11.0534425812,11.0458954844,2.85234015389,94.1227925891,4.79273347254,2.2890363078,8.48567223591,1.54677959382,64.2030918812,49.9978250262,1.09936750431,2.0416212861,0,0.0226090678272,5.57076312714,2.34597052487,0,0.887681933362,13.0081882949,10.7379495206,2.29460968657,1.66763212725,2.44011503039,21.4747465587,0.14851970946,0.579343306061,0.551391541447,0.80950208743,0.359426246785,0.683499563835,4.52101810851,3.78059678779,1.90416919199,13.6454204287
sobol__0000818,92.47061226,42.08208097,31.2256013,27.79315565,59.66708519,12.35093707,-45.20890226,1,usable,Converged with independently replayed constrained generalized-force equilibrium and small reserve torques,437.095479,0.0843838304405,1.95167046968e-08,4.33431068814e-13,8.65047995762e-06,10,0,0.171848977488,0.0100362138,0.010023406517,0.0100078497629,0.0665301592592,0.0100029123726,0.0225981139584,0.0100177840798,0.0190677973196,0.0100148938281,0.0100195475007,0.0100110976042,0.010010494671,0.0100108751257,0.0100662010384,0.0100031843442,0.0100026266848,0.0100028982563,0.0100452375025,0.0100452375025,0.0305668640189,0.0376365772299,0.152264528176,0.0748252599742,0.0100452375025,0.104072201393,0.0100128573537,0.0100101249847,0.0100029719803,0.0100179261512,0.0460252620688,0.0100325487415,0.0100210155872,0.0100118668973,0.0100066667117,0.0100107333411,0.0100076022646,0.0100098242306,0.0100084658348,0.0100101355916,0.0101551350074,0.0226388715954,0.028036402187,0.0156243530764,0.0102336308935,0.0139605273021,0.0144685290906,0.0100637303202,0.0100120205669,0.01003038187,205.665973271,10.5861856821,2.00221817282,4.9653203187,64.2617283131,12.8371888824,6.06901838496,1.38150008575,7.44333681714,4.48923861139,1.20005685539,2.54224641822,2.3989635073,1.7352055643,1.55886808315,5.31351630212,6.33920457649,5.71093326719,0,0,8.00773234572,8.71781882483,179.263664571,19.0052743477,0,26.1876728362,1.88875773418,2.79632692751,4.79211214952,0.558075608467,25.6422736562,2.35992389965,0.652291366956,1.63768012125,2.46024087602,1.44799070993,2.31026190265,1.70755386693,2.12557015513,1.87877056114,0.400068799088,2.32541825691,2.56535435136,0.72624280143,0.739515136337,0.655466999149,1.14913222515,0.43206421625,0.99478804827,1.01509499527
sobol__0000826,103.72061226,1.45708097,3.1006013,35.91815565,-30.33291481,23.28843707,-7.70890226,1,usable,Converged with independently replayed constrained generalized-force equilibrium and small reserve torques,475.665637,0.0506571433375,2.17193756091e-07,1.84524122602e-13,2.512085005e-05,12,0,0.0100014717127,0.0100209744253,0.0547277779254,0.0243809899483,0.0405641407609,0.0393430453395,0.0136124227247,0.022722656515,0.0100038985904,0.0100051807982,0.010028823239,0.0338798752105,0.0262074631413,0.0430881976811,0.0100116680851,0.0102764790795,0.0100046853449,0.010004873509,0.0100452377239,0.0193592502498,0.0463822595913,0.0241607068159,0.0839307304308,0.0438022658869,0.0100117212595,0.0367390017386,0.105496971073,0.0100032869913,0.0745466782091,0.0100083458046,0.010045373972,0.010023038651,0.0100308119033,0.0100172862731,0.0100061468626,0.0100085478774,0.0100148364757,0.0100151362979,0.0100104649855,0.0100080178867,0.0174024298738,0.0550733151166,0.0400496304637,0.0155286734609,0.0352427804291,0.0152838012142,0.0100303376018,0.0100149859876,0.0100059484663,0.0100064618578,8.6295177615,10.9681714809,10.8369528009,11.8565985127,43.3567363318,50.9795141869,3.48623873281,2.97878142405,4.24021841383,5.64241346896,1.26551540797,7.47668847948,3.53210872423,6.9861045904,1.79622553298,6.91905770774,6.49036485078,6.21156582921,0,7.21875889638,15.8732771746,7.43598283217,98.8173892838,11.7479651693,3.15050094634,9.20009534511,19.887108657,3.78766320819,33.2301331279,0.910593220217,3.94146326717,2.82313566782,0.754479305476,1.7147301591,2.58443134156,1.55785500959,2.37114077194,1.73147235325,2.11147718575,1.95737397299,0.635606550232,6.002705281,3.78045671899,0.757785747347,2.55079016317,0.697846692147,0.65857662109,0.387059251057,1.42560110058,0.994098952021
sobol__0000834,82.62686226,4.50395597,18.3349763,99.90253065,-66.58291481,16.99937457,53.22859774,1,usable,Converged with independently replayed constrained generalized-force equilibrium and small reserve torques,473.504626,0.0310392864715,7.26238775783e-08,2.0605739337e-13,3.68243933485e-05,12,0,0.0294020980035,0.0100054604459,0.0100369622159,0.0100118395401,0.0322455948235,0.0100047004386,0.015782503119,0.0100508846157,0.031328257656,0.0449548871351,0.011315916027,0.0100285202216,0.0100320089946,0.0100280747774,0.0126454414508,0.0100645807123,0.0100109265702,0.0100110806182,0.0100270640564,0.0203186312919,0.0436943944958,0.0544828457787,0.0570367240919,0.0100588966352,0.0100012474201,0.0100035367334,0.108787530532,0.0100028585413,0.0100452379448,0.0100103669119,0.0100172825579,0.0100277143093,0.0100452379448,0.0101074746953,0.0100042039024,0.0100050769985,0.0139703467355,0.0100355599624,0.0100135135217,0.0100044265095,0.0134091494691,0.0217597846305,0.0184886293036,0.0100321193785,0.0265974610087,0.010020755809,0.0100074782993,0.0100036905437,0.010001219361,0.0100013223651,27.4013667786,10.9081075797,2.00900620811,4.87476305703,31.6092850359,12.7384291411,4.13894790679,1.31634655983,13.1284923568,24.4183292102,1.452569177,2.16762256771,1.31673533229,1.63113524594,2.24098965084,3.7666407792,7.16181276788,7.03084331987,2.72539766869,7.00691409912,21.398819749,14.9958368725,61.0231357239,2.53237056963,3.36345003866,1.61877040938,16.8521992331,3.1202539131,0,0.365109912861,5.55344134927,2.43331021251,0,1.03685843282,2.46091590841,1.59601814775,3.17300976078,1.66081540666,1.96226523608,1.91686972179,0.238921015238,1.30291607424,1.0112905377,0.313034805999,1.14187078871,0.191731178151,0.453770795893,0.432712640644,1.97945723288,1.16707781708
sobol__0000842,116.37686226,45.12895597,8.9599763,91.77753065,3.41708519,10.43687457,0.72859774,1,usable,Converged with independently replayed constrained generalized-force equilibrium and small reserve torques,382.06349,0.089636725422,2.12443040937e-08,5.40012479178e-13,9.84664414991e-06,7,0,0.158186596963,0.0100011695761,0.010051208377,0.0100022197627,0.0558861971765,0.0100005997158,0.0790538107907,0.0145913032858,0.200300852059,0.056315662479,0.0100149694465,0.0100134931132,0.0100083691615,0.0100054902348,0.0100382328611,0.0530771653849,0.0100145147229,0.0100147197982,0.010031590537,0.010035724216,0.0100018734688,0.0263797419087,0.0382986837515,0.0309179069281,0.033506697697,0.0227637635865,0.0130232855501,0.0100094446917,0.0100145494846,0.0100185600654,0.015890189368,0.0100533079177,0.0100300966978,0.0100187741684,0.0100118908768,0.0100165593982,0.0100151030469,0.0100180366911,0.0100160272282,0.0100163631094,0.0100625645292,0.0139537665207,0.011072290933,0.0101101937258,0.0100966080537,0.0100863498257,0.010070403346,0.0100404378178,0.0100192749236,0.010027810232,189.528234961,10.9127017409,2.01994765579,3.36722625305,60.0140492559,12.9060099859,20.0403575161,2.00957796392,76.7315851015,24.3860128237,1.2660591759,2.57052473735,2.5615701333,1.75421162929,1.40278593379,15.6133887708,7.09964140541,6.95434655544,2.65150708893,3.5043091062,5.2519836081,7.85094695405,41.8473524028,7.63189077832,10.6868481979,5.58789447334,2.46481070675,3.83925020847,2.59043923524,0.937859565097,8.51340158536,2.83265711704,0.582689317184,1.58624170983,2.59090396427,1.62624402134,2.37143404545,1.7319691764,2.0778468681,1.97613061543,0.279491885447,1.45596286623,0.946829631933,0.485975506725,0.606269986897,0.414683762881,0.658934196957,0.454260618165,1.81056349181,1.16447993539
sobol__0000850,88.25186226,57.31645597,88.6474763,55.21503065,-21.58291481,-1.59437543,-3.02140226,1,usable,Converged with independently replayed constrained generalized-force equilibrium and small reserve torques,481.723408,0.0982693443294,3.59519147786e-08,1.32026928458e-13,9.90229611786e-06,15,0,0.151723042204,0.0100011426998,0.01140329525,0.010001542927,0.135003656619,0.0100016433704,0.0244158433462,0.0108786178202,0.13839329816,0.088869665932,0.0102689213474,0.0100170659075,0.0100155989704,0.0100120645691,0.0436897302118,0.069923428768,0.0100219572322,0.0100222183334,0.0100420851223,0.0100209262555,0.0100028621074,0.0820827504346,0.0132464093613,0.0162254839781,0.0462130810423,0.0625868777191,0.0533569301066,0.0100027075147,0.0100040198921,0.010007003706,0.0212331247101,0.010112727239,0.0100143227247,0.010007511245,0.0100046171425,0.0100069149341,0.0100067309987,0.0100083380127,0.0100068756277,0.0100066198868,0.0104101215456,0.0437564540783,0.0100452373212,0.0173247869798,0.0193059554815,0.0137378783928,0.0102089665827,0.0100234636897,0.0100067411427,0.0100101378054,174.37285658,10.3101749811,2.05346604419,4.61178604552,106.675072023,12.1111702011,5.11787086042,1.50112678833,48.5344960311,39.4704340019,1.33109176392,2.52939041635,2.48173527274,1.74019750591,7.36095118516,15.6998936166,6.74006287575,6.58651160723,0.852398829167,3.80076641944,5.16004667331,26.0038153275,15.5085861491,4.47822686148,15.5824884257,15.8023332767,9.62845118746,4.07734530813,4.59321893599,1.01051435068,10.7513518235,2.87678709432,0.736473064107,1.69556337082,2.58902986742,1.61734657603,2.36874119223,1.73031730387,2.09961686922,1.97365985057,0.280103785122,4.65507383525,0,0.84498575749,1.16429285349,0.598228776738,0.779215631243,0.461063738235,1.88152012501,1.16811980419
sobol__0000858,99.50186226,16.69145597,-51.9775237,14.59003065,48.41708519,4.96812457,-55.52140226,1,usable,Converged with independently replayed constrained generalized-force equilibrium and small reserve torques,461.47576,0.0640094474009,5.5400349197e-08,1.56319401867e-13,7.32808181768e-06,16,0,0.128976000535,0.0278596968644,0.0100084189023,0.0100217810926,0.138554430265,0.0100022608225,0.0171727573344,0.0100088722443,0.0226893768261,0.0100081408764,0.0100090141847,0.0100058905029,0.0100060851411,0.0100056230987,0.0104905845984,0.0100015543378,0.0100039609862,0.010004858329,0.0100452379567,0.0100452379567,0.0188102456894,0.0196777885695,0.103079977329,0.0301490623368,0.0100452379567,0.0948099539913,0.0100098272633,0.0100127060394,0.0100033162678,0.0100205459402,0.0285215156191,0.0100325407097,0.0100222414065,0.0100124004725,0.0100083999018,0.0100135672073,0.0100087232678,0.0100112936125,0.0100099108302,0.0100130072299,0.0100873021926,0.014015627334,0.0219367473506,0.0131771822179,0.0101174085958,0.0116376638154,0.0101226484564,0.0100569279363,0.0100147915906,0.0100246443031,108.976248889,30.7246811613,1.98308646938,5.00268468328,135.010058751,10.3644628068,2.73924706376,1.37396474003,9.8363413703,5.92884576058,1.79789103844,2.54409456466,2.1708565348,1.70815990915,1.76693952087,7.30016495831,5.63670714544,4.49858706899,0,0,2.69934752535,4.00085985678,121.043249977,7.25119742868,0,23.2962067646,1.90632140138,2.42566399527,4.1482283319,0.438759860018,15.8394739618,2.54063334026,0.535396731078,1.46876851534,2.34556239365,1.38854682464,2.18626014201,1.6451614416,2.12602419862,1.81814169772,0.397411851394,1.40277055332,1.94844738893,0.589568964431,0.724856665893,0.537645128693,0.851677213934,0.453218345877,0.86261882553,1.04529538386
sobol__0000866,79.81436226,39.03520597,-30.8837737,36.93378065,-49.08291481,-4.32875043,-31.14640226,1,usable,Converged with independently replayed constrained generalized-force equilibrium and small reserve torques,380.259413,0.104034013031,5.96673919162e-08,3.41060513165e-13,5.87774633069e-06,13,0,0.161063653012,0.129492014219,0.0100128412376,0.0132888363099,0.167709469438,0.0100027248864,0.0235483760987,0.0100080986526,0.0100093729105,0.0100025799511,0.0100040858764,0.0100056397867,0.0100052199484,0.0100056325685,0.0100153643589,0.0100022428043,0.010003966652,0.0100041154355,0.010045237644,0.0100093935077,0.0667219539422,0.0100121679588,0.10133594942,0.0767116682118,0.010045237644,0.0489200342303,0.0100124900146,0.0372989174407,0.0100080596774,0.0100677746833,0.0632667751938,0.0157489184472,0.0100517901289,0.0100945258565,0.0100342910866,0.0100454974307,0.0100196460644,0.0100260756393,0.0100306775033,0.0100463959318,0.0100450940888,0.0100401336211,0.0101878884745,0.0101081373193,0.0100362961163,0.0100838168173,0.0100466416828,0.0100556731371,0.0100187248355,0.010042054967,196.167014626,138.296613749,2.01677858278,6.60783056342,171.388298871,12.2727776227,5.61629656114,1.41849128403,4.2586258366,5.93069145756,2.44021038524,2.60526856267,2.66469660352,1.755572242,1.79396186235,5.11076475681,6.5047665617,6.24775392231,0,3.58034783768,26.905781974,2.93882897496,119.309424824,20.4007403231,0,12.0201276584,1.92306511346,12.6151900593,4.59062494888,0.696555778339,20.7019814096,4.13452390735,0.670127040752,1.66330586519,2.39284433744,1.41174256503,2.19181267329,1.65818629323,2.13043467546,1.85726855912,0.358745048518,1.08874538899,0.957180016881,0.47687877807,0.720013261814,0.476954580251,0.865668360115,0.462512504571,1.33695352871,1.16846367359
sobol__0000874,113.56436226,14.66020597,53.4912263,28.80878065,20.91708519,6.60874957,-23.64640226,1,usable,Converged with independently replayed constrained generalized-force equilibrium and small reserve torques,615.924356,0.0828398899441,1.78128249928e-08,2.03424172889e-13,1.586852195e-05,8,0,0.0301059976596,0.010001243808,0.0100156678531,0.0100136721786,0.0100019329977,0.0100017975918,0.0100405161879,0.0533145102559,0.188980737622,0.0671812767212,0.0100243014793,0.0433889213529,0.0206869956063,0.0100331702169,0.0392138184699,0.0230316978679,0.0100047394241,0.0100051543243,0.0100452381504,0.0100452381504,0.0650920719024,0.0833824360699,0.0805778009784,0.0429156496728,0.0430593435083,0.0453954722323,0.0317275571541,0.0100056705056,0.0100099599083,0.0100134037998,0.0699670684519,0.0162664161108,0.0100245114049,0.0100151110667,0.0100083257423,0.0100121461695,0.0100119958691,0.0100142045872,0.010011725765,0.0100115277971,0.0102590888475,0.0296756057057,0.0263973998799,0.012164718065,0.0146116054337,0.0111519503422,0.0100864905142,0.0100283280567,0.0100104599201,0.0100140282142,32.472664342,11.0007731809,2.01733765692,4.98919804299,7.3498929502,12.5739902632,2.7040411991,6.8407325129,76.2441194587,30.9098201569,1.18848572413,8.97437916477,2.65074376127,1.63134775897,5.96303042216,14.2937214364,6.36408592377,5.7933156788,0,0,21.387801232,23.4232064636,94.8676211237,11.1809987087,14.4868942171,11.461874323,6.11693178738,3.69874496986,4.79832641917,0.847348421637,38.0642516796,4.41277932649,0.753298189557,1.71413608244,2.58351235391,1.57307084133,2.36384612986,1.72979109407,2.11876143348,1.96398217653,0.372973506841,3.21036461926,2.49164280971,0.587504183773,1.0563512723,0.527072175042,0.769089209066,0.457188276088,1.43830465739,1.14455501833
sobol__0000882,96.68936226,26.84770597,-16.8212737,114.12128065,-4.08291481,18.63999957,25.10359774,1,usable,Converged with independently replayed constrained generalized-force equilibrium and small reserve torques,417.85345,0.0294312178724,4.14671212923e-08,1.10369334662e-13,4.89122794921e-06,8,0,0.120228935147,0.0250333089206,0.0100209525921,0.010030474128,0.0371332270858,0.0100064214054,0.0100941705807,0.0100201707179,0.0101328942378,0.0100152239243,0.0100220225841,0.0100149541649,0.0100151944182,0.0100145603526,0.0100479886257,0.0100122932588,0.01001122995,0.0100112604249,0.010026089117,0.0100254944141,0.040584002887,0.0147424494198,0.0512929363245,0.0186431956664,0.0241411261382,0.0194329499354,0.0404500638714,0.0100053500638,0.0100452377507,0.0100187454823,0.0270509619056,0.0100775382657,0.0100452377507,0.010014423733,0.0100062693936,0.0100089159996,0.010009411885,0.0100111439303,0.0100092084944,0.0100086185991,0.0101187983248,0.0259368639853,0.0181958872941,0.0104162866076,0.0128396581074,0.010110424616,0.0100473336767,0.0100238381601,0.0100081553564,0.010010562115,144.968099391,27.3833957235,2.01820057983,4.6436546733,39.5563436354,12.9569558023,2.47397354001,1.37451984742,4.22094326791,5.44345176159,1.2721218377,2.54099961261,2.23626336102,1.71986974868,1.56986201496,2.82852591888,7.18187511089,7.15608052406,2.8383757812,3.73873061685,19.9819141927,3.9216090485,50.1738468702,1.63703279694,7.3811972021,3.63985889191,7.41715425,3.16620751552,0,0.424852840137,13.860897012,2.8669934069,0,1.14346751399,2.54277839658,1.62604681809,2.33889592016,1.70472278201,2.01868639965,1.96986944214,0.255935116867,2.32720661114,1.33593560117,0.434508984727,0.695363866466,0.310116823542,0.505972383371,0.41914771439,1.9805380994,1.15574305104
sobol__0000890,107.93936226,51.22270597,48.8037263,73.49628065,65.91708519,7.70249957,32.60359774,1,usable,Converged with independently replayed constrained generalized-force equilibrium and small reserve torques,433.36148,0.334528691009,1.67505049831e-08,5.75539615966e-13,2.7833739507e-05,25,0,0.193711189296,0.0100004319539,0.0180720416314,0.0100005069839,0.059829799145,0.0100002172593,0.254081321882,0.0480177879631,0.319605044544,0.0100046767001,0.0100040975219,0.0100085672012,0.0100043717156,0.0100027707326,0.0390977027337,0.240848308386,0.0100069468551,0.0100070752358,0.0100222887282,0.0100452374343,0.0100007156934,0.029124475448,0.0927810283535,0.0336418873236,0.0438957409285,0.0880313059275,0.141518181249,0.0100008903395,0.0100037674587,0.0100027484091,0.0729640937395,0.0127292478536,0.010007152795,0.0100023417846,0.01000128644,0.010001923462,0.0100019575714,0.0100024297759,0.0100019404525,0.0100018285968,0.0196171823732,0.0871035233467,0.0660437452439,0.0333628007967,0.0451218448795,0.0219649593654,0.0100610294266,0.0100078758606,0.0100019704649,0.0100025594267,224.205007224,10.5925836482,3.46844695772,4.90646253582,51.1023395366,12.8842426634,68.4420281837,6.6100651609,102.085043504,4.26047267292,1.38145385198,2.55104220094,2.54624467162,1.75095082537,5.62301089812,67.2785521423,6.91807140758,6.77011847279,2.29939330625,0,4.71088897939,9.2112029698,105.43310337,9.07357425089,14.8059098633,15.7770622058,22.0858098103,3.73774752473,2.16625780702,0.864330731466,37.5761686265,2.78236684695,0.457114808264,1.53624770088,2.45981202959,1.58882594182,2.29461600345,1.67001503511,1.96746205462,1.90981006837,0.373167660115,6.27805042632,4.11077165483,1.22136436507,2.08795721693,0.608131533418,0.484263086522,0.459806504872,2.00953071907,1.16661018245
sobol__0000898,86.14248726,30.40239347,-43.1884612,18.14471815,-27.20791481,-6.37953168,3.07234774,1,usable,Converged with independently replayed constrained generalized-force equilibrium and small reserve torques,426.996194,0.105902962309,7.30004492411e-08,6.18172180111e-13,4.15009258973e-06,11,0,0.163693306478,0.0819268273935,0.0100079694162,0.0100244289359,0.202698346069,0.0100017219928,0.0311845400702,0.0100067947958,0.0100400885133,0.0100033885632,0.0100048585027,0.0100044528541,0.010004167471,0.0100043130518,0.0100327353715,0.0100013498822,0.0100030022107,0.0100036186813,0.0100452375565,0.0100223152521,0.0569331398959,0.0133385955846,0.13440244694,0.0433646131786,0.0218335100165,0.024612863426,0.0173758818071,0.0100141825587,0.0111575943162,0.0100219370917,0.041710549967,0.0100943854345,0.010041527184,0.0100360906372,0.0100104207035,0.0100141744705,0.010015512492,0.0100176257711,0.0100146485023,0.0100133329411,0.010056110254,0.0102073957398,0.0100900654088,0.010054443146,0.0100802612517,0.0100719588024,0.0100524323357,0.010030762184,0.0100158116295,0.0100181972865,184.408263622,89.3237669661,2.0149689982,5.00000376309,201.31042792,10.9674770509,6.23817696495,1.40426245265,4.30742330349,5.91944535379,2.12294690786,2.58959925063,2.53258441552,1.74008962294,1.72548609332,6.46207914863,5.91169784066,4.83633657713,0,3.76501938513,15.6497692763,3.35583586038,158.045989853,10.6919773397,7.3241486821,6.19567239903,3.24603089587,4.07289377098,5.35160706293,1.00820563536,13.9524388628,2.85961371321,0.756090128649,1.71815475694,2.59058579238,1.62516848873,2.37132467295,1.73196555259,2.09110471023,1.97553751428,0.289695996984,1.11236108894,0.945717134097,0.490653464932,0.64460372591,0.424590830081,0.771888310128,0.461309738009,1.97792850051,1.16766272618
sobol__0000906,119.89248726,54.77739347,78.6865388,42.51971815,42.79208519,0.18296832,55.57234774,0,reserve_too_high,The posture requires more reserve torque than the quality limit permits,371.378072,362.625643417,2.95489712698e-08,7.33373282547e-07,0.258776723425,28,4,,,,,,,,,,,,,,,,,,,,,,,,,,,,,,,,,,,,,,,,,,,,,,,,,,,,,,,,,,,,,,,,,,,,,,,,,,,,,,,,,,,,,,,,,,,,,,,,,,,,
sobol__0000914,91.76748726,34.46489347,-1.0009612,70.95721815,-62.20791481,20.96421832,-53.17765226,1,usable,Converged with independently replayed constrained generalized-force equilibrium and small reserve torques,438.50896,0.0556743721126,5.12081115289e-08,1.19509179565e-13,1.91540589954e-05,11,0,0.153055270477,0.0322061429327,0.0100205611291,0.0100253677887,0.059238525876,0.0100047495625,0.0104863648289,0.0100172365631,0.0100625348484,0.0100099870523,0.0100170087547,0.0100121379984,0.0100120739799,0.0100120695771,0.0100410067054,0.0100088552659,0.0100111719832,0.0100113559866,0.010029410472,0.0100587332787,0.0530851143962,0.0182355170486,0.0502234355288,0.0317333153656,0.0100452378532,0.0579457498333,0.0100018482083,0.0728279090997,0.0100010723051,0.013490113695,0.010502243538,0.0100420083688,0.0100115842001,0.0100071461757,0.0100224216814,0.0100945596366,0.0100050102824,0.01000768747,0.0100086834434,0.0100896366977,0.0100122297485,0.0100059586062,0.0100107829477,0.0100912046102,0.0100067118419,0.0100227589235,0.0268478382497,0.0351113252716,0.0279034512163,0.0762113621398,186.431090203,34.6063130557,2.01827803673,4.62072486534,63.7096279998,13.0693890588,2.66838063065,1.38355313078,4.11859803997,5.19846029479,1.34570323143,2.55206914285,2.35489167687,1.73102664383,1.58778592234,4.02742309011,6.8962633417,6.74822354032,2.13111891693,3.50222970962,27.8747225465,5.5691636476,57.3476595573,8.73132623293,0,13.8989766479,1.86762131204,22.468692041,4.68730765193,0.802893625935,4.56753171861,2.48224547019,0.753337770768,1.70999607003,2.0140547829,1.1659637817,2.12964961075,1.57901929592,2.12236204231,1.57989818392,0.39445237437,1.00970369559,0.902902089822,0.466079618761,0.716430192782,0.458246867548,2.35055508839,1.36268180222,2.13179009175,6.802192485
sobol__0000922,103.01748726,10.08989347,27.1240388,127.83221815,7.79208519,14.40171832,-0.67765226,1,usable,Converged with independently replayed constrained generalized-force equilibrium and small reserve torques,493.163076,0.0536669108089,1.09157619832e-07,1.98951966013e-13,1.01630554778e-05,5,0,0.0379946762491,0.0100025116356,0.0100558137574,0.0100055728776,0.0462826772883,0.0100024149402,0.033429578963,0.0102007045749,0.0714710353139,0.071427689853,0.0120011135089,0.0100280741395,0.0100291144122,0.0100197613944,0.0213051115712,0.0100502053425,0.0100040385103,0.0100040362632,0.0100120745952,0.0100452384917,0.0667542141552,0.069601704109,0.121470271053,0.0100452384917,0.0600688735566,0.0194073314934,0.0147206970413,0.0100122956475,0.0100452375992,0.0100233154851,0.073851001033,0.0147210708597,0.0100430864841,0.0100236881793,0.0100109629501,0.010015808648,0.0100132252171,0.0100162022454,0.0100147685575,0.0100157595956,0.0100957376246,0.0235192686651,0.0181858416883,0.0108045206366,0.0101804244713,0.010132045651,0.0100917688784,0.0100460769815,0.0100200833459,0.010034226581,39.0512206363,10.9436663254,2.02415950552,4.80390801834,42.5561835231,12.7157679922,8.84921351847,1.33398333344,29.4109760893,35.0541695813,1.2781375617,2.18206496702,1.40625987777,1.64256517647,3.51507051039,2.51380493977,7.17224268262,7.17661400021,2.76352188377,0,30.4270700582,12.5337029702,86.4979511873,0,10.4973949994,4.34703904417,2.82428927145,3.62381021128,3.36839558806e-05,0.763402053203,32.383565479,4.11097285634,0.0982900323316,1.4464235805,2.59070285607,1.62534658583,2.37098360037,1.73165116088,2.07855651563,1.97596505308,0.319542767081,2.56161016721,1.63925879769,0.52633840108,0.643628859317,0.422723266036,0.638131142553,0.437406040255,1.71389335251,1.1366990444
sobol__0000930,77.70498726,64.93364347,38.8427888,89.23846815,-9.70791481,23.69859332,-25.05265226,1,usable,Converged with independently replayed constrained generalized-force equilibrium and small reserve torques,411.084795,0.12329860266,2.24780059455e-07,4.80118884479e-13,1.16707736171e-05,18,0,0.159622380371,0.0379392303014,0.0100534064684,0.010004773384,0.21058909035,0.0100014655651,0.0645111625311,0.0100097824021,0.0100056303546,0.0100025373518,0.0100042503211,0.0100061637283,0.0100054963143,0.0100066597624,0.0100192237726,0.0100464866687,0.0100279989914,0.0100282219729,0.0100402349174,0.0268067517575,0.0100520445693,0.0100202371335,0.0114213072358,0.0100286339989,0.0100052208903,0.0291668901176,0.151261921117,0.0100027676748,0.0981364200242,0.0100074960508,0.0100098300381,0.0100187210679,0.0100408265551,0.0100223590451,0.0100070210426,0.0100093642971,0.0100396656845,0.0100256601901,0.0100140609218,0.0100087310271,0.0220924957748,0.0679730799927,0.0485271157504,0.0160225642424,0.0459819087091,0.0176747073794,0.0100252178118,0.0100136020228,0.0100065944894,0.0100060946972,179.481116085,37.8722047762,1.92643393675,4.91899750404,216.288760192,12.453026685,17.3778589306,1.43327768555,3.96926625851,5.75458278096,2.75922569031,2.61874481125,2.80678498801,1.78615056768,1.8725435421,1.25269119402,7.0853896998,6.93881573292,2.63007787623,10.1602055641,4.92966790955,3.11103921272,12.5539914145,2.52239738868,3.20735390439,7.36419972293,28.7268855403,4.07885994554,35.2689190638,1.01074403031,5.50640627151,2.85224759938,0.69464133706,1.65091421064,2.53702939137,1.47506939694,2.37168305396,1.73099944198,2.12514533488,1.89587084245,0.845828784981,7.3206862619,4.58080009049,0.78026904084,3.32828872316,0.835997567814,0.724066460074,0.381851007714,1.16415786408,0.939542094597
sobol__0000938,111.45498726,24.30864347,-8.0322112,113.61346815,60.29208519,12.76109332,-32.55265226,1,usable,Converged with independently replayed constrained generalized-force equilibrium and small reserve torques,398.60601,0.0385854449128,5.79516239441e-08,1.99506372282e-13,1.13308411446e-05,9,0,0.112563784512,0.0100045391727,0.0100238566341,0.0100088638544,0.0319958935039,0.0100028947404,0.018334806739,0.0100374035619,0.0524943628418,0.0333513657667,0.0100401754341,0.0100178737012,0.0100173991807,0.010013534507,0.0103698678161,0.0100281613572,0.0100087489807,0.0100087777214,0.0100225453424,0.0100452373305,0.0100037512907,0.0100142611664,0.0711324178851,0.0100157094122,0.053646814385,0.0359219405371,0.0100064876012,0.0100090651296,0.0100034518183,0.0100165779534,0.0756186464023,0.0355855564351,0.0100176997956,0.0100103862923,0.0100142299164,0.0100252361913,0.0100109595413,0.0100148515911,0.0100159055813,0.0100295298279,0.010057983513,0.0104440204625,0.0153884141936,0.0116252880615,0.0100273586212,0.0100714486827,0.0102206246155,0.0104171048788,0.0100422188447,0.0189353141097,133.386067268,11.0273117052,2.01855170926,4.21666808801,34.4089350692,13.0406439236,4.53846096104,1.35397633152,21.5288802812,16.0330058583,0.893878562615,2.49643448207,2.04654014879,1.70656923441,1.49829847127,3.28317080937,7.18007547346,7.15099662424,2.83673786115,0,5.25043825184,2.92281895585,70.0987212375,1.18837485286,12.7774821888,9.06990375974,1.93004029716,3.98730413761,3.81614714797,0.997993935467,21.8779843278,8.31443428998,0.67319286232,1.62478452435,2.5677698438,1.53901671714,2.35946470078,1.72806727635,2.12371088964,1.95341878429,0.382166304846,1.12426448967,1.45251270898,0.560760217941,0.719609872548,0.47636865274,0.757361418127,0.450485072751,1.21444674396,1.99114464437
sobol__0000946,94.57998726,3.99614347,62.2802888,3.92596815,-44.70791481,-8.02015668,31.19734774,1,usable,Converged with independently replayed constrained generalized-force equilibrium and small reserve torques,496.528693,0.0887332344635,1.43849833378e-07,4.26325641456e-13,1.17640135957e-05,11,0,0.0100017043292,0.0100550930341,0.0102546988871,0.0793642374273,0.0100020947235,0.0208249458263,0.0100190908036,0.0341761565924,0.0100036265928,0.0100025751928,0.0100037231213,0.0578639010742,0.0288268599857,0.0428205552098,0.0100160145356,0.103875567672,0.112156525057,0.0837766981733,0.0100452375662,0.0436005121153,0.0510228432431,0.010006258224,0.0100031793425,0.0100093095473,0.159104609373,0.0666153105563,0.0100035434119,0.0281056366466,0.0100014434789,0.0100349897029,0.0100076614111,0.0100157456976,0.0100165568882,0.0100105053013,0.028230453703,0.0281652595692,0.0100170144748,0.0100338543192,0.0107851971425,0.0397960359819,0.0100306338658,0.0100275579722,0.0102172640091,0.0142508831659,0.0100180655062,0.0101612326443,0.0203628351984,0.0244887274252,0.0100207558726,0.0453524565722,9.03996815434,11.030381781,2.06505437844,39.6172225185,6.70925599791,25.8125347086,2.69881702657,4.29097993607,4.17176957971,5.60119632871,2.21244846822,10.8855545393,2.82086846297,6.62083449385,1.75582147701,74.4125039801,52.7430867845,29.4272043044,0,15.7393265908,18.4154173502,2.66356729583,11.6035715585,2.35070586993,48.4329563377,13.6782313381,1.78206522285,11.4641279168,4.63522849737,1.00295808654,2.20930915371,2.68494396167,0.739760570444,1.699962413,7.11653965099,4.56239206054,2.35373207182,1.7122190768,2.17162785804,7.73848676906,0.247256931288,0.990279475279,0.853482251019,0.68545550819,0.574348380448,0.331662130462,1.42044029649,1.11723919517,1.99307535866,5.09972464901
sobol__0000954,105.82998726,44.62114347,-40.8447112,60.80096815,25.29208519,2.91734332,23.69734774,1,usable,Converged with independently replayed constrained generalized-force equilibrium and small reserve torques,446.282284,0.0446004703307,3.81881193334e-08,2.69072632707e-13,7.38161213917e-06,16,0,0.15857881187,0.0404088710283,0.0100184572451,0.0100291833553,0.0324004430246,0.0100072495579,0.0100649728353,0.0100169999513,0.0101014326085,0.0100112826047,0.0100160415354,0.0100131063485,0.0100115187724,0.010012196655,0.0100314791613,0.0100072963535,0.0100084050304,0.0100085590425,0.0100305354717,0.0100452380195,0.0352253177686,0.0190909712108,0.060401898768,0.0503421164795,0.0363721977494,0.0329249691469,0.0386767900058,0.0100036206459,0.0100078759045,0.0100092184245,0.0184952910969,0.0100423167886,0.0100166893425,0.0100084784808,0.0100046310944,0.0100066829966,0.0100066719874,0.0100081449165,0.0100067195584,0.0100063745257,0.0100926420814,0.0247144538108,0.018642207816,0.0104630750438,0.0123111890316,0.0101447727889,0.0100617055284,0.0100220920634,0.010007750326,0.010009616745,193.076523946,44.5112360643,2.01787406521,4.49438818102,32.2008343338,9.11949555653,1.78621105738,1.421707828,4.20579725524,5.67446983044,1.83387974165,2.62764203238,2.77524357644,1.77816369702,1.53220915921,3.63841254718,6.79104558408,6.64130803964,1.32352283082,0,11.4524122632,5.95887762201,70.1777186758,13.8645232619,12.267463974,7.03484319026,6.50199066725,3.83047728021,3.66669122556,0.921835120586,10.2575543586,2.69737664727,0.650679887474,1.58634123269,2.50850218222,1.61608994045,2.33570059244,1.69864477857,2.00335429437,1.9440944989,0.211094748266,2.03617165216,1.32033085188,0.435752209161,0.619950445137,0.327183746551,0.587614138496,0.460998810604,2.01147896017,1.16539418571
sobol__0000962,81.92373726,47.66801847,61.1084138,124.78534315,71.54208519,4.28453082,-39.11515226,1,usable,Converged with independently replayed constrained generalized-force equilibrium and small reserve torques,586.592558,0.0932537555805,5.60080479772e-08,3.72453001713e-13,2.48188771309e-05,12,0,0.0939342025509,0.0100014276518,0.0136241444015,0.0100016718539,0.165934498798,0.0100008949229,0.0912510952408,0.0100389115883,0.0810115156889,0.0893233773021,0.0170931443962,0.0100097699893,0.0100100465077,0.0100105469398,0.0432768083567,0.0102510088674,0.0100044257632,0.0100044253525,0.0100131014664,0.0100452377733,0.0100018580189,0.0159056451349,0.120955369387,0.0100164706306,0.0100276473036,0.0220335203661,0.0108717973982,0.0100024623035,0.0100066728478,0.010006840301,0.0653432863378,0.0476782519989,0.0100140192602,0.0100071765776,0.0100067576812,0.0100109230135,0.0100108493794,0.0100124193874,0.0100103431552,0.01001137281,0.0196360415807,0.0569128359493,0.0461554249972,0.0218445524064,0.0167491625975,0.0109323646937,0.0100534887104,0.0100276998706,0.0100119073818,0.0100136367966,111.211134556,10.361590175,2.64282491612,4.87248147065,139.453430619,12.2417199027,24.4759045924,1.38120625429,31.1462643606,40.3964576405,2.13045339698,2.51621516735,2.33026488691,1.72834403431,7.39215491842,0.359404246306,7.17562036279,7.17635651545,2.82204887072,0,4.55380640361,4.57847067729,93.6946536713,0.330056301439,0.907564398896,5.56205149943,2.03476789213,3.95722289384,4.26766226843,0.993469107114,8.81602106357,9.7478489755,0.677740454803,1.63144566993,2.52578273218,1.50856046502,2.3101933898,1.71253383386,2.12555516163,1.93721317393,0.755390679158,6.08883259359,4.34470349733,1.03265674478,1.18934477324,0.516952463537,0.790976377546,0.457563084763,1.16755726239,1.11470187107
sobol__0000970,115.67373726,7.04301847,-23.2665862,67.91034315,-18.45791481,-2.27796918,-16.61515226,1,usable,Converged with independently replayed constrained generalized-force equilibrium and small reserve torques,493.505789,0.0201048394689,6.22355740276e-08,1.91846538655e-13,4.11048072746e-06,2,0,0.0433210962537,0.0100041353438,0.0100296980258,0.0100115585041,0.0243084824219,0.0100046176901,0.0141290648052,0.0100604391116,0.0360936000451,0.0354749397968,0.0100618114975,0.010028168029,0.0100290641633,0.0100220570939,0.0134607403517,0.010025102129,0.0100100591307,0.0100102312834,0.0100291590696,0.0100247903621,0.015416219764,0.0504320392238,0.0547433052288,0.0478537075529,0.0415411006856,0.0138764587987,0.0100235430938,0.0114363061763,0.0100164602458,0.0100496496284,0.0308497354617,0.0100794125812,0.010045218883,0.010044213921,0.0100319306162,0.0100385547698,0.0100273702786,0.0100321803014,0.0100333376839,0.0100390888375,0.0100465801377,0.0100517199319,0.0100720572768,0.0100597116321,0.0100423157299,0.0100539910645,0.010052278617,0.0100508441846,0.0100317032572,0.01005149076,37.9920439602,11.0260299349,1.97594129547,4.96089093397,25.7466664654,13.0450762338,3.41405001867,1.34055333233,15.4290980056,20.4207663702,1.21657288914,2.40108612675,1.66840888919,1.66594719316,2.32502529316,5.49251356576,6.86532409756,6.71711907796,1.90103650785,3.80518880325,7.39010593301,15.9246514445,62.8564229012,13.0108335539,13.572466143,3.49409173585,1.81622755098,4.66298464993,4.64963376877,1.01500453875,17.0973431901,2.86908654046,0.740104881679,1.70722062563,2.58676510947,1.57062113824,2.35733291299,1.73096951779,2.12679868172,1.96917887059,0.297441000904,1.09639824301,0.948818794557,0.490885470516,0.635577351906,0.472636947971,0.811776913281,0.4623167339,1.62812393076,1.17279452598
sobol__0000978,87.54873726,19.23051847,47.0459138,47.59784315,36.54208519,9.75328082,17.13484774,1,usable,Converged with independently replayed constrained generalized-force equilibrium and small reserve torques,501.493306,0.0518368953287,1.93435845119e-08,3.8369307731e-13,1.08655802107e-05,17,0,0.0938649351043,0.0100048388108,0.0100327420476,0.010007223893,0.042791358681,0.0100032225652,0.0206994139344,0.0100382275544,0.06115634033,0.0609356216176,0.011721385839,0.010017804975,0.010020876031,0.0100168095343,0.0157960919996,0.0100207314382,0.0100054310428,0.0100055542487,0.0100403100473,0.0100452362082,0.0191739513647,0.0641493065869,0.0758203947157,0.0616042711602,0.0457505580607,0.0538733080153,0.0706235115306,0.0100023486282,0.0100051886664,0.0100060926919,0.0408804334418,0.0100764771505,0.0100124745216,0.0100062262669,0.0100033934931,0.0100050094164,0.010005081865,0.0100062454827,0.0100051069208,0.0100048177277,0.0107551898562,0.0462496671408,0.0333881415177,0.0169948452647,0.0225991575804,0.0128878162775,0.0100764402976,0.0100177056737,0.0100051896189,0.010006972972,110.116501132,10.8053274632,2.02080617116,4.99510564237,34.4932127934,12.4805223082,5.57552300437,1.32205041761,24.7750836904,28.2829167884,1.20420026947,2.22438419527,1.5156951037,1.65693000512,2.55211856355,4.90854155884,6.64251198846,6.47548506401,0.202947926812,0,7.2226586316,18.858968132,89.209974144,16.9959141944,14.9782116524,11.2898891827,13.3743929469,3.99878077021,4.15618717787,0.970751742763,22.7629286985,2.63696437436,0.697169808431,1.63138271948,2.54029676882,1.6249089722,2.34981395668,1.71070539129,2.0202235236,1.96440471605,0.266205412643,4.35631560358,2.59997278561,0.751609885884,1.30733588563,0.438378425704,0.557100066458,0.457412020421,2.00320946665,1.16768051605
sobol__0000986,98.79873726,59.85551847,-18.5790862,23.22284315,-53.45791481,16.31578082,39.63484774,1,usable,Converged with independently replayed constrained generalized-force equilibrium and small reserve torques,439.562053,0.0942301229482,2.32871038008e-08,6.75015598972e-13,5.68362227685e-06,18,0,0.194091281717,0.0836085106773,0.0100178563755,0.010048742371,0.0730787327232,0.0100061879627,0.0103115828204,0.0100120576053,0.0100106094921,0.0100037408908,0.0100064816511,0.0100093183561,0.0100081737316,0.0100091074991,0.0100164755434,0.0100022798367,0.0100024974267,0.0100028880006,0.0100452376355,0.0100103365524,0.066640762129,0.014016379023,0.159944194866,0.0578449785172,0.0145979386266,0.0277581134241,0.0410668570452,0.0100058307561,0.0173005590056,0.0100121671256,0.0565869865809,0.0132005804265,0.0100248417815,0.0100149225979,0.0100050860059,0.0100071536086,0.0100078816087,0.0100092693834,0.0100074708493,0.0100066906325,0.0100999227296,0.0217748565245,0.0161478736625,0.0101473478192,0.0126745547227,0.0100848965218,0.0100359831969,0.0100174580151,0.0100053170711,0.0100069130779,222.173806822,88.9049374536,1.98188974131,3.92483994682,76.5440232111,11.3357664001,2.50603728632,1.43950099229,4.11646545925,5.85895530362,2.79378174589,2.65315254703,2.85488086615,1.80875827198,1.75055161679,4.7569076128,6.19512262111,5.31161474846,0,3.54873220785,21.1480745483,3.69920528022,188.25545105,14.3961064484,3.72187065111,4.65738787096,7.91039643912,4.07720848155,6.07973294194,0.980765414369,14.530923065,3.39443563121,0.698187698899,1.64193766123,2.51454305903,1.62222053181,2.31451740535,1.68677322239,1.9986766087,1.9527775445,0.253154808524,1.97349035861,1.21406931669,0.41716839936,0.745137318794,0.249650770833,0.501695792767,0.435096899842,2.01099930833,1.16768845703
sobol__0000994,79.11123726,13.13676847,11.8896638,61.81659315,54.04208519,8.11265582,45.25984774,1,usable,Converged with independently replayed constrained generalized-force equilibrium and small reserve torques,538.824662,0.0616969466999,1.90357969387e-08,1.7763568394e-13,2.36291222743e-05,18,0,0.115040348639,0.0165334985782,0.0100204736994,0.010032465838,0.0493372865018,0.0100058728424,0.0102133069319,0.0100204751681,0.0190554285789,0.0100618163972,0.0100403392434,0.0100145752054,0.0100175786727,0.010014946598,0.0101066635911,0.010006816498,0.0100071163209,0.0100072508232,0.0100278192074,0.0100452382576,0.0345405716445,0.0329523701484,0.075220413302,0.0530763167356,0.0270688215449,0.0619320362534,0.126046763821,0.0100009949454,0.0100066183726,0.0100036853459,0.0380750391355,0.0100858257003,0.010009918952,0.0100025815686,0.0100013541382,0.0100020007327,0.0100020573504,0.0100025320755,0.0100020099516,0.0100018760582,0.0152745127163,0.0656018980791,0.0517861225659,0.0250405643506,0.03827016287,0.0142677066071,0.0100370013627,0.0100074433966,0.010001862797,0.010002417296,122.068437843,17.8864060452,2.01635268956,4.93841365522,51.4264844429,12.8777121813,2.66280238792,1.33458531995,7.94246020454,5.35455077809,1.09848148873,2.32493718535,1.59704809743,1.66684899762,1.75508462696,4.97386754373,6.80084377973,6.651489972,1.40766773662,0,11.755562278,9.81678981347,87.2569873515,14.6382385398,8.91636341271,9.88171146229,19.899524595,3.67752445476,1.40660840553,0.72293759679,20.3494635886,2.48819734469,0.327235824769,1.47643628352,2.39431941878,1.55350903587,2.24617984991,1.63486356914,1.92082552995,1.8695764138,0.261983972398,4.18764438967,2.93325505886,0.829343579776,1.67405700726,0.321246685542,0.439200400242,0.459888830715,1.96540979435,1.15784311258
sobol__0001002,112.86123726,37.51176847,21.2646638,4.94159315,-35.95791481,19.05015582,7.75984774,1,usable,Converged with independently replayed constrained generalized-force equilibrium and small reserve torques,418.927653,0.0643025028756,7.43504582346e-08,4.83169060317e-13,6.44264022573e-06,7,0,0.153842305497,0.0100019067864,0.0100323232956,0.0100030705018,0.0416117093403,0.0100010377688,0.0527910096531,0.0101208443835,0.127778200565,0.0312320773459,0.0100208811412,0.0100141474113,0.0100112164797,0.0100077637859,0.0101731289085,0.0659627232936,0.010005622456,0.0100071864924,0.0100452378639,0.0135741779929,0.0100090728624,0.0525095536291,0.081645824041,0.0206241163415,0.0186641794151,0.0159060066941,0.0100227973122,0.0100960549133,0.0100181893546,0.0100369862591,0.010062733785,0.0100276338778,0.0100389664881,0.0100358851376,0.0100209554367,0.0100267868071,0.0100232623416,0.010026725946,0.0100247760454,0.0100271544454,0.0100390582599,0.0100320132799,0.0100368720832,0.0100421037462,0.0100359333804,0.010052832065,0.0100601696699,0.0100526598452,0.0100549289722,0.0100673956137,187.231090756,10.8858127071,2.01877210126,3.98146915718,41.9631754367,13.064245781,13.7566255697,1.37444908875,48.5459017797,12.3650809394,0.919390798699,2.51257184915,2.2823202052,1.72875059375,1.38763140002,48.282440018,4.79331829207,3.6045806372,0,4.99546730912,2.67606989052,15.2466299538,94.8869813003,4.86781680095,5.05545331832,3.33022313016,1.8979852287,3.66127950748,4.51110279141,0.953704091006,2.57777630931,2.77027170142,0.755918527511,1.7181204582,2.59331414826,1.62357473238,2.37333781359,1.73345690319,2.08461880559,1.9779171279,0.358331678602,1.09527236489,0.946601226028,0.490049167023,0.725709529164,0.388578039169,0.611796944579,0.41456287899,1.74898534869,1.10950211489
sobol__0001010,95.98623726,49.69926847,-58.4228362,106.50409315,19.04208519,7.01890582,-10.99015226,1,usable,Converged with independently replayed constrained generalized-force equilibrium and small reserve torques,459.898663,0.0582168040762,1.69160472296e-08,1.55608859131e-12,3.47524602658e-06,2,0,0.147102795448,0.0664117202871,0.0100317121604,0.0479865094231,0.14525414797,0.0100061090911,0.0131289846686,0.0100185627185,0.0100186597663,0.0100075830674,0.010013472842,0.0100138468708,0.0100123911195,0.0100142764593,0.0100309845492,0.0100248613044,0.0100301945622,0.0100304288796,0.0100598386569,0.0100838022783,0.0173256508354,0.0100161028196,0.0321971597772,0.0163758575882,0.0379872957409,0.0105276279308,0.0100248995123,0.0186972764671,0.0100256758597,0.010128462482,0.0335492061957,0.0112651891713,0.0100757789317,0.0100703332511,0.0101174735704,0.0101280063269,0.0100569731157,0.0100694123427,0.0100856222805,0.01014533314,0.0100746265476,0.0100631680517,0.0100838022783,0.0100962930036,0.0100589359979,0.0100856956065,0.0101157506774,0.0101702858798,0.0103152206248,0.0135593589962,178.846932026,72.5867771734,2.02021905562,23.8199433324,136.448866352,8.00301961527,1.83990732601,1.44066659074,4.26200075256,5.94597400354,2.56777841794,2.65826707563,2.84323304267,1.79944783414,1.72498272389,1.24977936748,7.1932925077,7.10704446647,2.79660069159,0,9.00059903732,3.01030248747,33.6555207833,2.44300259983,10.9694928223,2.64835416479,1.87455831323,7.12163482258,2.79635817304,0.947845266669,16.8394603931,3.06900863714,0.549056827733,1.59107321925,2.61825184457,1.6371057332,2.38116273213,1.74091324957,2.11180166663,2.0008507475,0.307088906341,1.09669893755,0,0.492651206075,0.627574687053,0.459025315478,0.718330210579,0.465054437129,1.71362092238,1.57430654072
sobol__0001018,107.23623726,25.32426847,82.2021638,82.12909315,-70.95791481,-3.91859418,-48.49015226,1,usable,Converged with independently replayed constrained generalized-force equilibrium and small reserve torques,608.682442,0.126293646093,3.87094409859e-08,1.91846538655e-13,2.0328249569e-05,5,0,0.0331342259165,0.0100008724128,0.0100139021296,0.0100267199678,0.0100016901471,0.0100007508827,0.0198950766988,0.0735518875528,0.265953703176,0.0523024264475,0.0100340542031,0.0464397780125,0.0193301741449,0.0100134660625,0.0540663095359,0.122398527298,0.0137354966563,0.0134579952454,0.0100615453654,0.0100116670464,0.0731449576185,0.0904846523521,0.0100134107531,0.0356798648832,0.0100452376295,0.0613130584124,0.0100070636498,0.0448873162496,0.0100027579596,0.0100476867021,0.0344323331637,0.0102549088198,0.0100272183987,0.0100223243311,0.010086186402,0.0101415616124,0.0100162258544,0.010024767146,0.0100410329954,0.0107640487273,0.0100332271039,0.0100193824523,0.0100930758976,0.0101054450491,0.0100262356254,0.0100886833128,0.0100281392446,0.0101007821502,0.0100232411911,0.0101197637121,39.6562184153,10.9454499098,2.01012746886,4.9195316139,5.9005024569,12.5317683868,5.33116837234,9.47082628102,105.45215416,23.6712412267,1.11161908176,9.60143383992,2.67473079267,1.64390931017,7.59341092636,37.1330667687,9.61109218915,9.2182646355,2.56109187247,3.41562700194,34.8203413214,26.0525484243,11.1809200442,9.59166985191,0,14.382208999,1.80622233101,17.2353773688,4.79827817562,0.774845534321,15.9957675312,2.44504379082,0.753887362279,1.7124626304,2.10879694933,1.26067536029,1.9778117767,1.51579748794,2.12836904795,1.80950416273,0.372937336626,1.08035658,0.936997844617,0.467788321416,0.720644194146,0.470563129985,0.880369559078,0.464187504657,1.00065230371,1.13946548376
sobol__0001026,84.82412788,25.13383878,13.13478099,109.86835096,9.43271019,21.18638629,18.13094149,1,usable,Converged with independently replayed constrained generalized-force equilibrium and small reserve torques,526.618235,0.0326832261799,7.16993895367e-08,1.31892934503e-13,5.73978353092e-06,8,0,0.119885406659,0.0100191658868,0.0100243943565,0.0100137546789,0.0656440810796,0.0100036978012,0.0174358191987,0.0100221753842,0.0182158145731,0.010051286784,0.0100334239622,0.0100137667279,0.0100152053683,0.0100141878962,0.0101243567105,0.0100217991805,0.0100124007659,0.0100124738201,0.0100279664199,0.0100452377593,0.0264060386132,0.0274653652755,0.0469611495119,0.020403274831,0.0305233400033,0.0294604331663,0.0445228626365,0.0100044532827,0.0100452377593,0.0100131041763,0.0181610875625,0.0100538986592,0.010040605159,0.0100119125279,0.010006008903,0.0100087027748,0.0100088221617,0.0100106052983,0.0100088441622,0.010008517642,0.0101514317217,0.0307713138124,0.0214419155888,0.0116723518062,0.0146398506397,0.0102306968965,0.0100605744055,0.0100268969843,0.0100094696779,0.0100124988112,145.451289087,10.7447602741,2.01910910317,4.91477548722,69.0882627648,12.9562470976,4.56150818101,1.35797747043,7.46574462443,5.02006922075,1.05229672183,2.46020171904,1.94462461853,1.70053303439,1.66654395873,2.62849734861,7.18221435482,7.12440033109,2.81845042926,0,13.0601978156,7.80976119813,48.1425203803,2.43018850246,9.43294526925,5.80874176018,8.46401528873,3.56726784501,0,0.659337259852,9.18806182146,2.797826969,0.057224237252,1.34827155818,2.56578109626,1.62634084253,2.35374735142,1.71608745265,2.03292814754,1.97392309001,0.277629236328,2.99493310631,1.680197637,0.514633021916,0.8475937684,0.346073041561,0.508981383434,0.403296374561,1.84454572779,1.11066844874
sobol__0001034,118.57412788,49.50883878,22.50978099,85.49335096,-60.56728981,14.62388629,40.63094149,1,usable,Converged with independently replayed constrained generalized-force equilibrium and small reserve torques,646.06771,0.237667864963,2.01699705826e-08,1.172395514e-12,2.1690494534e-05,22,0,0.173894421523,0.0100006112463,0.0182024810674,0.0100009769205,0.0589504036056,0.0100002575409,0.171318934586,0.0382129404492,0.351870306814,0.010009125751,0.010004379104,0.010009666234,0.0100047603451,0.0100027752134,0.0100119894522,0.149228971673,0.0100070980557,0.0100072258464,0.0100218752284,0.0364602251675,0.0100009282869,0.0169294497827,0.0956456053757,0.0101049924339,0.010030783223,0.0441726599713,0.0797407418147,0.0100015406935,0.0100409131813,0.0100052495903,0.0100111481638,0.0100201421993,0.0100191246513,0.0100042380258,0.0100021761046,0.0100032056708,0.0100034337618,0.0100041734423,0.0100032976669,0.0100030745121,0.0114352285225,0.0451056008695,0.0347836718109,0.0167325783233,0.0260220457081,0.0106596126106,0.0100381071506,0.010011194801,0.0100029056039,0.010003885411,204.575268906,10.8097616213,3.62874839408,3.43206137422,60.5025603638,13.0462586376,44.4299146034,5.27353296873,122.956873927,4.32258525826,1.43272763313,2.5675406352,2.63626070971,1.76136305573,1.42507996382,44.9745651697,7.03480016743,6.88758108907,2.58864698641,12.7384765943,5.17302112594,4.9150814507,106.0215058,2.66676235323,3.38338313227,8.27428059808,13.2322944345,3.70303991944,0.0539213687116,0.766470348597,5.16369865498,2.4946363392,0.218510548513,1.48102612114,2.51099497241,1.62045914918,2.31241535423,1.68486782959,1.99624922947,1.9489929951,0.224102991461,3.15563994764,2.14743747026,0.589350142268,1.22686959426,0.260642405464,0.511783076492,0.444217001566,2.01006453431,1.16739587306
sobol__0001042,90.44912788,37.32133878,-57.17771901,57.05585096,44.43271019,-6.15736371,-38.11905851,1,usable,Converged with independently replayed constrained generalized-force equilibrium and small reserve torques,573.260708,0.0561916010377,4.15783381058e-08,3.39168246801e-13,5.4785391301e-06,11,0,0.141587289496,0.093253211043,0.0100176907971,0.0196228165214,0.0789970320062,0.0100065183337,0.0101152925915,0.0100122057877,0.0100116048091,0.0100043957135,0.0100073829281,0.0100094723671,0.0100087215121,0.010009624544,0.0100201384194,0.010005703662,0.0100066936407,0.010006824751,0.0100305370679,0.0100452376955,0.0302732136711,0.0100155797414,0.0737460700499,0.0477739785544,0.0440968525181,0.0327077585108,0.0191267987785,0.0100055641571,0.0100108442467,0.0100145224279,0.0615818224876,0.0134873049378,0.0100248144618,0.010015116117,0.0100094281177,0.0100138697955,0.0100132225019,0.0100153177212,0.0100126996229,0.0100131550564,0.0101499495458,0.0258475700572,0.0217128733827,0.0110173701918,0.0122470372849,0.0102408018101,0.0100673421285,0.0100321904016,0.0100134738184,0.0100163355229,171.973353957,102.179205538,2.01764073028,9.7942811177,74.6883205452,9.02250327928,1.45899855915,1.42610585909,4.30815973986,5.96240440239,2.40565266755,2.62368263507,2.73525961732,1.76504553148,1.71040621633,4.13949328727,6.7498690253,6.5980397755,1.00817403928,0,9.22954898396,2.65772048103,86.1428573245,13.1851133733,14.2274923308,7.98671877665,3.45009391594,4.03484039754,4.77443564741,0.865745964979,33.5883580697,3.4587425241,0.751990810698,1.71417487872,2.54777456428,1.53676857215,2.26826738569,1.70470980719,2.12602943573,1.95457075811,0.350932879701,2.82025136587,2.04590991504,0.519920300909,0.854562992287,0.484248614396,0.803128361716,0.461420039369,1.19210312952,1.16021255133
sobol__0001050,101.69912788,12.94633878,83.44728099,0.18085096,-25.56728981,0.40513629,-15.61905851,1,usable,Converged with independently replayed constrained generalized-force equilibrium and small reserve torques,625.108369,0.570340056731,1.66749755659e-06,8.17124146124e-13,1.87359978774e-05,14,0,0.0958036214441,0.134130201627,0.0100051853148,0.300166721288,0.0100012610771,0.0100014286863,0.0100159844769,0.0190622941386,0.0100470277677,0.0100032214629,0.0100085913778,0.0360404527328,0.0111839849824,0.0100825608525,0.0291281705977,0.414262290931,0.41488451002,0.302127500057,0.0100452380752,0.0100082542327,0.0494319498073,0.0100029398731,0.0100008136166,0.0100029488712,0.0354952780865,0.0101608580119,0.0189375113333,0.0100031972188,0.010001331769,0.0100129897329,0.0100076119084,0.0231574681968,0.0100153914817,0.0100075668785,0.0100135426864,0.0100226311781,0.0100098268147,0.0100138639194,0.0100148482568,0.0100231332722,0.0159413096507,0.056067508702,0.0544226642541,0.0284430273742,0.0216035393,0.0102936731652,0.0105924511697,0.01018271918,0.0100159381818,0.011974345815,96.1932982498,147.318388565,2.01516837964,147.482863896,5.64594123898,12.4965554773,2.69672921457,2.39210690196,4.14175259871,5.46479779176,1.95734080341,6.7599465694,1.17063721278,1.57701040883,4.68404741245,281.886285264,182.091408394,96.5638534584,0,3.77381755695,20.1344664555,2.62744434326,11.5038529926,2.32771622594,11.7754826331,2.56387996438,3.65160201166,3.20596390774,4.78318548628,0.758766860104,2.82765784294,6.57232093553,0.684697439265,1.66249696307,2.57940669823,1.55743570015,2.35602429487,1.72808824679,2.12340192734,1.96205984864,0.595112697498,6.00655805346,5.13129215695,1.35887592627,1.56325572928,0.482417307632,0.849767208754,0.468302715733,1.63679583698,1.39668953173
sobol__0001058,76.38662788,59.66508878,57.66603099,42.83710096,26.93271019,-8.89173871,-9.99405851,1,usable,Converged with independently replayed constrained generalized-force equilibrium and small reserve torques,493.16377,0.317882856328,2.61561366344e-07,5.68434188608e-13,1.90991744969e-05,16,0,0.16621739825,0.0580248363023,0.0100877712041,0.0100067030683,0.183097436293,0.0100028865203,0.0425352424919,0.0100104281512,0.0100105279492,0.0100037563752,0.0100067341018,0.0100065384672,0.0100062996058,0.0100073881662,0.0100169717254,0.031562141809,0.0560769620862,0.0544733101086,0.0100452487629,0.0100452387378,0.0100032575502,0.0100051559105,0.0100068603866,0.0100076406776,0.388406566139,0.178719342757,0.0100019087661,0.213363856398,0.0100008968836,0.022184397898,0.0179124237164,0.0164019383843,0.0100148453958,0.0100108782594,0.0492663874741,0.0483148230584,0.0100099076685,0.0100258158236,0.0215589778094,0.0607928945406,0.0100246576487,0.0100076543785,0.0202327188283,0.0257689073329,0.0100098560684,0.0104221038198,0.0100416300861,0.022114844333,0.0100128528967,0.0404505952092,190.430615221,58.5300568524,1.91648020742,4.78274864321,170.304494258,12.1305143961,11.3982185183,1.41002375673,3.88575414976,5.26024017373,1.99432277357,2.57979024051,2.68221782038,1.75976144507,1.84894977396,9.84937918857,36.9048473523,34.8239804811,0.000486149858769,0,4.70530666782,2.49952908129,11.780356279,2.75432752709,130.826032056,45.1216648043,1.68681892814,87.0303771413,4.79789186797,2.23969369813,9.98032544748,4.38913770646,0.754072849565,1.71358442528,12.7496109069,7.83954283579,2.36835640534,1.73329501236,4.51089754437,11.9938112581,0.283871351232,1.0869289785,1.90413162166,1.25743310893,0.611923534761,0.482120598552,0.759814445391,1.01718533642,1.73830841001,4.72027674297
sobol__0001066,110.13662788,19.04008878,-26.70896901,18.46210096,-43.06728981,2.04576129,-47.49405851,1,usable,Converged with independently replayed constrained generalized-force equilibrium and small reserve torques,611.087582,0.0394796448973,1.5395933417e-08,1.06581410364e-13,4.82941408327e-06,7,0,0.108335040231,0.0100092555459,0.0100196553515,0.0100148572962,0.0420212830785,0.0100038998149,0.0124293607611,0.010024237439,0.0292457241688,0.0138268170051,0.010032394496,0.0100152617147,0.0100157416005,0.0100134681515,0.0101747192822,0.0100028228842,0.0100038182941,0.0100045734354,0.0100452380557,0.0100105721013,0.0149450585144,0.0359792016712,0.103480036021,0.0319484042744,0.0100452380557,0.0684060947414,0.0100076248187,0.0226890612188,0.0100046017933,0.0100447075482,0.048911625265,0.0145973651525,0.0100361396999,0.0100322672203,0.0100233074227,0.0100364427073,0.0100137567705,0.0100188503721,0.0100205807282,0.0100383834418,0.0100401243507,0.0100314007737,0.0101911648561,0.0101438447227,0.0100298210075,0.0100984070135,0.0100543161624,0.0100919574262,0.0100206329154,0.0100766772909,114.757447068,11.0391156758,2.00623170837,4.75976444376,43.8709718106,12.4378771716,2.9098644908,1.35663818469,12.3136559282,7.6494742601,1.13528196342,2.50733510911,2.03374352436,1.70186306342,1.56928713504,7.3691417379,5.93426592493,4.8669364308,0,3.62641025377,3.90772098474,10.6197047312,121.69461776,7.85707691237,0,16.6495077929,1.9204001425,5.4503863664,4.04216585014,0.423871274718,13.5112951539,3.94349834447,0.520360923082,1.42545327167,2.18898838591,1.28715067978,2.08479550794,1.57872492688,2.12737661014,1.71385741893,0.395570030734,1.02217725894,0.915015487616,0.458117569868,0.725477094235,0.472549294125,0.881969838998,0.461423643698,1.01968423882,1.10630588627
sobol__0001074,93.26162788,6.85258878,43.60353099,128.14960096,61.93271019,22.82701129,46.25594149,1,usable,Converged with independently replayed constrained generalized-force equilibrium and small reserve torques,595.85416,0.350360422429,1.61585063552e-07,8.66862137627e-13,0.000180622152915,18,0,0.0100027814201,0.0100014783717,0.0248681954564,0.0100042784347,0.0100147546357,0.0100024429108,0.0365488302741,0.0356354125349,0.0520356349614,0.0807294173474,0.0106329020889,0.0253652213158,0.0157711825445,0.0170655672584,0.0214245453579,0.0100851925501,0.0100024664701,0.010002464874,0.0100079869884,0.010045237754,0.0100190362276,0.0660263081126,0.203943873482,0.0100453556296,0.0100003084032,0.0100011294242,0.40802753084,0.0100014096922,0.010045237754,0.0100451399866,0.0865973546132,0.0733864467016,0.010045237754,0.0240258234767,0.0100014113761,0.010001664723,0.146794450393,0.0528014178675,0.0100160007212,0.0100014863286,0.091112145713,0.181793409631,0.137472508073,0.011636786308,0.150737027973,0.0100082908383,0.0100024540429,0.0100009655803,0.0100002705322,0.0100003103777,9.75148626013,10.9303251387,5.00695596926,4.97698853207,7.99333173144,12.4847663151,9.82982831482,4.59272058341,21.5252524624,42.1399155066,1.61202697982,5.19184201575,1.8795152349,2.73253389721,3.68192342352,2.21704025564,7.17062195367,7.17551189387,2.75220113174,0,4.82269761625,18.2023084649,143.904533855,0.00172904509585,2.95380134014,1.21119769904,64.987280127,1.52276933564,0,5.59361880239e-05,11.8355780139,16.830461265,0,1.14927520885,2.42706160465,1.5737563463,33.0795150218,8.67390243807,1.9396766716,1.89459883446,2.10975777706,13.971788221,8.68026419151,0.41665679883,6.49268382759,0.212829026778,0.339641927266,0.396261673849,2.01000848912,1.1633797394
sobol__0001082,104.51162788,47.47758878,-22.02146901,71.27460096,-8.06728981,11.88951129,8.75594149,1,usable,Converged with independently replayed constrained generalized-force equilibrium and small reserve torques,460.705561,0.0479070030927,5.97302616256e-08,3.69694388284e-13,1.63183966715e-06,6,0,0.167422816836,0.0544489993701,0.0100167531264,0.0100304323191,0.0798547489164,0.0100039847808,0.0124584095655,0.0100128753006,0.0100227350309,0.0100057848836,0.0100103914714,0.0100094799978,0.01000837681,0.0100091931522,0.0100254006652,0.0100076969152,0.0100115868834,0.0100117752521,0.0100298021933,0.0100342888269,0.0334416600044,0.0100297230175,0.04808779356,0.0395434149173,0.0286037067632,0.0101053660308,0.0100276073577,0.0108881490544,0.0100287923878,0.0100568602412,0.0205040017674,0.0100545119424,0.0100477621529,0.0100497037173,0.0100359923732,0.0100405951459,0.0100324013943,0.0100359388591,0.0100363670189,0.0100410488745,0.0100440908376,0.0100443162873,0.0100465366773,0.0100484089199,0.0100411871091,0.0100487378424,0.0100538948999,0.0100555246493,0.0100698180565,0.0100858724814,201.030984653,59.3538798783,2.0155427618,3.96283662987,83.2353739167,10.9790839102,2.94848676803,1.41736891919,4.10524518019,5.50820005184,1.85300401455,2.61921560864,2.76438219063,1.77699357247,1.54097166332,3.29593922205,6.89964932407,6.75161677751,2.15391592885,3.79210857251,15.9376607559,3.17271569377,54.8765423829,10.6104618034,9.64576720365,2.40632552443,1.9173664461,4.2818651599,3.35894007598,0.964189887754,11.424405828,2.86229399345,0.67564835878,1.61891693236,2.59603915883,1.63135577862,2.37511023974,1.73433134947,2.0680774044,1.98101345516,0.264222584205,0.998700608968,0.822837528757,0.464979788688,0.597598059965,0.379820543912,0.624112035969,0.451855739095,1.91619101726,1.17318160655
sobol__0001090,83.41787788,44.43071378,42.43165599,7.29022596,-54.31728981,10.52232379,-54.05655851,1,usable,Converged with independently replayed constrained generalized-force equilibrium and small reserve torques,533.029493,0.0620408698802,3.89919749821e-08,2.84217094304e-13,1.39355193761e-05,10,0,0.145910315208,0.0864609006734,0.0100249824208,0.0178488838662,0.0439084845849,0.0116364062316,0.010039963847,0.0100160442706,0.0100311689357,0.010008179213,0.0100158834927,0.0100122689894,0.0100123331917,0.0100129845987,0.0100232821726,0.010003314923,0.0100055904069,0.0100070581926,0.0100452378057,0.0100073942944,0.0105364464225,0.0100136813788,0.0783632359404,0.0292918241632,0.0100452378057,0.102146907465,0.0100023358162,0.0576034478729,0.0100014950982,0.0101022747541,0.0425267044891,0.0195757233003,0.0100238320701,0.0100168923937,0.0101082569466,0.01344460166,0.0100070872498,0.0100114975596,0.0100166640143,0.0169419793989,0.0100158881018,0.010007913698,0.0100185021977,0.0103541011433,0.010009041635,0.0100343423456,0.0107660472822,0.0283395906857,0.0107289260136,0.055821438384,173.984860058,90.0018702971,1.98960336778,8.90894216938,40.3280051238,14.5632919967,2.70453149003,1.38324008673,3.93211749582,4.65504762864,1.29956912537,2.53586765097,2.37720360884,1.73287004779,1.68473209683,5.8042132627,4.99982411429,3.81601325814,0,3.54148493984,4.25887620296,2.75012401862,91.4105706813,6.92735021488,0,25.0345034594,1.84081062731,9.65097643084,4.11700649526,0.24296078641,8.35384387179,5.01361424481,0.444455754054,1.28682627931,2.06249110683,1.59731574048,2.06198648968,1.54724139403,2.12286579423,2.70998741783,0.391029832787,0.958134283674,0.87372641282,0.457530273329,0.702331783664,0.461986498927,0.947980805852,1.22790938116,0.917869383039,5.57412171949
sobol__0001098,117.16787788,3.80571378,-4.44334401,64.16522596,35.68271019,17.08482379,-1.55655851,1,usable,Converged with independently replayed constrained generalized-force equilibrium and small reserve torques,759.306159,0.0880961662934,7.96363459621e-08,5.6132876125e-13,6.07722893447e-05,9,0,0.0100016072614,0.0100010567992,0.0573846428607,0.0100042893156,0.0166603736727,0.0100028942145,0.0513347051395,0.0595519838901,0.0376252404112,0.0737217357377,0.0136053791439,0.0524286380304,0.037664034993,0.0435083876737,0.0186472254708,0.166626140067,0.0100057172902,0.0100058285268,0.0100235777908,0.0100452366304,0.0100068908084,0.0827827910258,0.101247022078,0.0719730018902,0.048239262776,0.0342857755874,0.0347982764687,0.0100052443047,0.0100115441281,0.0100115045383,0.0739699007278,0.0159676065979,0.0100244404212,0.0100146136733,0.0100080569573,0.010011666317,0.0100116903437,0.0100140008228,0.0100118646027,0.0100115306609,0.0101565705603,0.0305729692404,0.0229830784738,0.0118289587291,0.0134195005563,0.0104552699103,0.0100672101761,0.0100294415969,0.0100113984723,0.0100152161407,8.7859199695,10.9879635259,11.3542563488,4.84206078106,17.9158844146,13.0601295771,12.9592589467,7.84077865474,15.9437131436,41.4373429553,1.56184614596,11.8969882498,5.44989457924,7.12065536731,3.2846274183,92.9028500727,6.82428694422,6.67557550068,1.60032316671,0,3.51554232427,25.9921878835,117.003225307,19.7144090367,16.2710927317,8.23343507608,6.71230493651,4.06603091364,4.13996701021,1.00525580817,40.2386114428,4.18721145484,0.706259617477,1.65013168546,2.5898163325,1.62603441266,2.37052846047,1.73111227985,2.06974535575,1.97519201446,0.307917306669,3.31950920463,2.05916249367,0.573508616634,0.889229044238,0.439727015511,0.597428765418,0.422245673929,1.64472980443,1.09943871772
sobol__0001106,89.04287788,24.11821378,65.86915599,84.47772596,-19.31728981,5.05357379,2.19344149,1,usable,Converged with independently replayed constrained generalized-force equilibrium and small reserve torques,510.236492,0.048266839827,5.21752987481e-08,1.98951966013e-13,6.52340819567e-06,6,0,0.0674298357415,0.010002186483,0.010064228902,0.0100041891537,0.0367384997659,0.0100023012783,0.0266467080802,0.0105506059307,0.104259654572,0.104867316389,0.0193044290631,0.0100240162526,0.0100266172618,0.0100183983724,0.0252816539449,0.047351686571,0.0100135224196,0.0100137247168,0.0100308892985,0.0100430097462,0.0100149158545,0.0777458174375,0.0416783528094,0.0326767925049,0.0418199994571,0.0354045107138,0.0212137342633,0.0100058622512,0.0100079340393,0.0100130358855,0.0143981269683,0.0100464981518,0.0100226684096,0.01001304168,0.0100079032773,0.0100114647043,0.010010596336,0.0100129538787,0.0100111209635,0.0100111882211,0.0100766902027,0.0208260794605,0.0160276155473,0.0103192735835,0.010250715201,0.0101489563247,0.0100931397611,0.0100342839683,0.0100126056975,0.0100191080824,81.4215547874,10.7806680729,2.0248731212,4.97839272264,25.9949789737,12.3762731263,7.17458082928,1.38524869042,41.8326021621,47.8560991159,2.03733864073,2.1845540649,1.50912557489,1.65626422982,3.95282627908,13.6175937626,7.02950460159,6.88209092996,2.58028609069,3.8117964109,4.98793118024,23.1295593865,46.3027759262,8.41724557707,13.5851211263,8.88960337257,3.8326952094,3.88649383803,3.72558011957,0.952347778346,8.02183348326,2.85941160114,0.666801914641,1.61204287185,2.58993254248,1.62390424038,2.37038065919,1.73115206553,2.08564397239,1.9750440766,0.261910150067,2.09654233115,1.34847335761,0.494954045618,0.591306109201,0.415382428359,0.710626145903,0.461111753315,1.9135457977,1.16910196943
sobol__0001114,100.29287788,64.74321378,-37.25584401,108.85272596,70.68271019,-1.50892621,54.69344149,1,usable,Converged with independently replayed constrained generalized-force equilibrium and small reserve torques,552.819597,0.0760256913912,2.29644183669e-08,4.83092348598e-13,4.05385390097e-05,16,0,0.143178819188,0.110722571592,0.0100191413351,0.0143071460306,0.0434410581316,0.010028755619,0.0100481662033,0.0100127950654,0.0100083924402,0.0100035824773,0.0100051091093,0.0100106504864,0.0100095449321,0.0100107703552,0.0100144716568,0.0100219889941,0.0100217195097,0.0100218245489,0.0100361863023,0.0100452377008,0.0100140139734,0.0100051180999,0.0193861244162,0.0100110220211,0.0306662897444,0.0787713529248,0.125955257854,0.0100022014666,0.0100452377008,0.0100452377008,0.0309607106699,0.0116756059607,0.0100452377008,0.0100039260347,0.0100008280438,0.0100012281191,0.0100012068005,0.0100015035151,0.010001216996,0.0100011383225,0.0171842829835,0.0761007683039,0.0638405510327,0.0330152005186,0.0414040586168,0.0176354418591,0.0100371567927,0.0100054350995,0.0100017738846,0.0100017385057,162.991669544,118.468223035,1.97293306665,5.84180463924,43.5872288336,9.17910059262,2.12082909691,1.44039607139,4.16999002554,5.96860113953,3.25762364966,2.68051197348,2.90037159475,1.83146768446,1.81306889351,0.700216079036,7.18858149372,7.12219665024,2.81180201228,0,5.25669023107,3.15563225671,20.0121993897,1.80349465839,9.66695870432,11.3323563809,14.6209748578,1.10027294317,0,0,9.32633885374,2.41059094832,0,0.523099491507,2.31618100519,1.51272023966,2.20907428444,1.60551955843,1.85009811657,1.81711754046,0.243556787807,4.05215811424,3.10193018748,1.02512856606,1.38147801865,0.373864671757,0.470779302839,0.45939126816,1.86735776496,1.10055463322
sobol__0001122,80.60537788,9.89946378,-44.28709401,66.19647596,-71.81728981,6.69419879,30.31844149,1,usable,Converged with independently replayed constrained generalized-force equilibrium and small reserve torques,656.915621,0.0368695833342,4.70924703677e-08,2.31915956836e-13,4.22643362169e-06,13,0,0.107144184396,0.0652061715238,0.010012950045,0.0100698428127,0.0721295478298,0.0100052516175,0.0101221792521,0.0100125161881,0.0100459042967,0.0100068410192,0.0100098496627,0.010009405708,0.0100105500771,0.0100091411189,0.0100498966576,0.010004362943,0.010010703428,0.0100108838824,0.0100307166956,0.0100711954165,0.0808928828443,0.0193017630718,0.0490516530101,0.0271359690444,0.0100242016735,0.0102412340562,0.0375619337239,0.0100046254861,0.0102009803132,0.0100121146379,0.0101334133801,0.0100409480919,0.0100232203096,0.0100127632017,0.0100063533381,0.010008864904,0.0100103367984,0.0100118625795,0.0100094859092,0.010008317183,0.0100771486933,0.0165761561071,0.01205120027,0.0100852152523,0.0107065239594,0.0100636079993,0.0100350143144,0.0100190082881,0.0100074476421,0.0100084397193,87.6948026333,71.5995967758,1.96684810962,5.02633909569,72.046756526,11.8810347997,2.0572456079,1.36354784369,4.38572566272,5.97678383593,1.87968885901,2.50250572536,1.93984028946,1.68851041694,1.81143680092,5.1279277736,6.84847179477,6.70007752212,1.76572277818,3.42788569772,42.4132466587,6.06453864129,56.4905816636,7.48942279735,3.35929383273,2.17831831402,6.20868306439,3.92546252919,3.26159496007,0.9436688062,3.84262943816,2.38601936182,0.66327990042,1.60520357139,2.55729968912,1.62628364115,2.35433184286,1.71440335551,2.03035657046,1.97001433104,0.205050117111,1.28811227335,0.819657701704,0.397751729542,0.53402290737,0.298292808763,0.60979512348,0.460589998858,2.01105962175,1.16712069533
sobol__0001130,114.35537788,34.27446378,77.58790599,123.07147596,18.18271019,-4.24330121,22.81844149,1,usable,Converged with independently replayed constrained generalized-force equilibrium and small reserve torques,478.244399,0.261659345247,5.59926860433e-08,5.18696197105e-13,2.78076878741e-05,19,0,0.0189615117078,0.01000049356,0.010056458945,0.0100016525171,0.0100016425835,0.0100004156858,0.0667286503656,0.101364185839,0.418009984181,0.0100051962932,0.0100071331877,0.0434490611159,0.0101016285492,0.010004497475,0.0523756997749,0.127488424169,0.0100053641436,0.0100053646661,0.0100153364847,0.0100452384597,0.0141621997583,0.102168016704,0.102558125701,0.0100482533974,0.0484068098654,0.0691176439117,0.0966284485372,0.0100023881371,0.0100398191368,0.0100157124685,0.0258110724348,0.0100343855783,0.0100452384597,0.01000479082,0.0100017737209,0.0100026341664,0.0100026596563,0.0100033175556,0.010002661514,0.0100024727201,0.0150938380336,0.0694448606477,0.0514199388084,0.026075536255,0.0312011139666,0.0176341492006,0.0101544186082,0.0100118127021,0.0100038615509,0.010004395329,23.0968439161,10.9337042739,2.00158350756,4.9820814997,6.18563710156,12.6332667681,17.904718506,13.2289260133,149.978327117,3.9837255238,0.874884083263,9.68199495041,1.69920852181,1.68189326059,6.77209060507,19.6742394964,7.17710835778,7.17631733797,2.83231502539,0,4.51691832542,18.9049510109,83.0543598212,0.0127732098514,8.89184972461,14.4280167374,13.2163835693,2.04856458146,0.0413569596251,0.159887384298,10.846005306,2.73899139202,0,1.08854985381,2.51292215187,1.61636032681,2.34737586652,1.70512171966,2.00882131797,1.94296523479,0.321438896867,5.7956953143,3.6978133253,1.15285715714,1.40474077892,0.602183481477,0.654196214188,0.460177803803,2.010306931,1.14624763303
sobol__0001138,97.48037788,54.58696378,-2.09959401,21.50897596,-36.81728981,7.78794879,-25.93155851,1,usable,Converged with independently replayed constrained generalized-force equilibrium and small reserve torques,492.098022,0.0901064936318,3.49010562672e-08,1.70530256582e-13,4.56395140211e-06,9,0,0.193920590753,0.0531311744913,0.0100194762703,0.0100199709865,0.0739021326732,0.0100038871232,0.0124394056543,0.0100135316274,0.010016046489,0.0100046955704,0.010007868959,0.01000986734,0.0100086700394,0.0100095552177,0.0100223073826,0.0100022952428,0.010002535116,0.0100029797022,0.0100452373041,0.0100139889389,0.0606853657961,0.0253657865414,0.157990316426,0.0572761115303,0.0448583622478,0.0258838883028,0.0100189823581,0.0365920413079,0.0205287326888,0.0101218430404,0.0561518005092,0.0110394225881,0.0101204121269,0.0159598875342,0.0100372892133,0.0100415204836,0.0100326978228,0.0100363244671,0.0100372050497,0.0100397921024,0.0100388314251,0.0100299173748,0.0100381285378,0.010043192768,0.0100327186499,0.0100559144256,0.01005262114,0.0100475717072,0.0100312547263,0.0100440957184,224.098630418,56.2157811031,1.98829460192,4.09945162645,79.4699959985,12.9518280444,3.1473911836,1.42672352908,4.05289465246,5.64665642063,2.29801962275,2.62345341025,2.79229511377,1.78553310688,1.66768654344,5.08974250776,6.11653959384,5.1532206176,0,3.67806892623,19.3869315101,6.76996675723,185.916265149,14.2735665501,15.0617323761,6.53494437511,1.91528773677,11.305862568,9.84912109749,0.683034110996,17.4588897357,3.03815752298,0.702121381819,2.665858724,2.48426255084,1.448994922,2.32399767939,1.71663065993,2.13170590946,1.88145380787,0.385201937592,1.06543715581,0.943061432732,0.478504442417,0.726358581367,0.475591280177,0.823792268871,0.455220446549,1.38762240636,1.13232268957
sobol__0001146,108.73037788,30.21196378,26.02540599,45.88397596,53.18271019,18.72544879,-33.43155851,1,usable,Converged with independently replayed constrained generalized-force equilibrium and small reserve torques,602.730319,0.0939411100786,3.68845469723e-08,5.14856830737e-13,9.71001026024e-06,13,0,0.136661414051,0.0100018701356,0.0100341467275,0.010003141901,0.0497507978575,0.0100012196242,0.0523960122143,0.0101550016536,0.126832290391,0.0569815227231,0.0100349887121,0.01001540183,0.0100138681229,0.0100092543352,0.0213251414211,0.0325255420031,0.0100037435105,0.0100038356564,0.0100423637599,0.0100452381578,0.010010520653,0.0672059794809,0.113125240869,0.0749903321295,0.0100452381578,0.111061733185,0.0100048227861,0.0100106766721,0.0100014567477,0.0100174524807,0.085053141384,0.0138417907899,0.0100124604307,0.0100070486879,0.0100064611337,0.0100117655834,0.0100053186462,0.0100074781048,0.0100072555012,0.010011727539,0.0100384996129,0.0101001305244,0.0199518155607,0.0165489198068,0.0100214667227,0.0113084670042,0.0267131814659,0.0194073675708,0.0100353840605,0.0386689079996,166.464890174,10.8897839026,2.02080615178,4.40949005799,47.7623535199,13.0130438217,13.8131369222,1.36365207576,49.5319884526,22.5093049254,0.758222094233,2.44248189434,2.00944380033,1.70614614978,2.9217745131,17.7383652949,6.62100240831,6.44812405256,0.0747649179021,0,2.79655263717,19.4296525622,133.140729999,20.6516069858,0,28.0414222194,1.88490324903,3.49948571804,4.69036932475,0.758899672459,46.8565406246,3.43216496995,0.753799565753,1.71314870733,2.55729779306,1.51672804508,2.36185995375,1.72758847232,2.12210719985,1.93541871942,0.392321034465,1.06746869416,1.87596362942,0.794317785004,0.725544438136,0.534838515725,1.93570261322,0.78346331935,1.11719016489,3.77728991297
sobol__0001154,85.52725288,51.03227628,-27.29490651,118.50116346,-14.94228981,-0.00501996,-2.02530851,1,usable,Converged with independently replayed constrained generalized-force equilibrium and small reserve torques,399.997904,0.0401382897227,3.00326945535e-08,3.90798504668e-13,4.97223592343e-06,6,0,0.119087291134,0.11502725688,0.0100245111327,0.0219693384734,0.0537814893893,0.0100540001541,0.0100481347172,0.0100138342304,0.0100097432082,0.0100036834725,0.0100057660401,0.0100112662248,0.0100104493067,0.0100113526377,0.0100152997054,0.0100156445842,0.0100171808078,0.0100171914755,0.0100320630464,0.010016263225,0.0332782125019,0.0100091063717,0.0254377273999,0.0107266630643,0.0194584518606,0.0247189857547,0.0292103204977,0.0100058905006,0.0100184282222,0.0100141594862,0.0344896548422,0.0104580721233,0.0100317721533,0.0100152392892,0.0100086774391,0.0100122894052,0.0100124716299,0.010014753609,0.0100124750494,0.0100117737305,0.0100963438154,0.024518310312,0.0100452376491,0.0103483064306,0.0106326825998,0.0101319080952,0.0100638977988,0.010028861635,0.010011315081,0.0100151124303,142.529135848,121.841686602,2.01695629993,10.4369533676,55.2973307146,12.024605919,2.4190675661,1.43762232095,4.21195979586,5.94168949757,2.82178418769,2.63823505182,2.80794530286,1.7868577414,1.80141455331,1.28787495454,7.18619035086,7.17901835945,2.84107998341,3.80217240771,15.6682239017,2.81277034579,22.9347297156,0.636957073243,3.90195981718,6.20517324129,4.8354896356,3.66849490699,1.98449181327,0.867873644347,17.8070159324,2.97736017834,0.343851101895,1.54709797268,2.59013719109,1.62184860794,2.37062117469,1.73146721184,2.09471490246,1.97500604735,0.2769277565,2.57245415808,0,0.504355074766,0.600067131818,0.435285330421,0.750525651235,0.46130898116,1.89168222635,1.1687053232
sobol__0001162,119.27725288,26.65727628,57.08009349,77.87616346,75.05771019,-6.56751996,-54.52530851,1,usable,Converged with independently replayed constrained generalized-force equilibrium and small reserve torques,501.935137,0.234116665006,8.04580482239e-08,7.67386154621e-13,2.12908896097e-05,18,0,0.057600391309,0.0100006938202,0.010012406887,0.0100059696196,0.01000105526,0.0100007522387,0.0100310110339,0.0977027360237,0.384460264132,0.0100196301325,0.0100090903318,0.0749064029707,0.0323959428236,0.0100088809084,0.0456495914309,0.154170838775,0.0100064784957,0.0100065988906,0.0100210399562,0.0100452371749,0.0110918525076,0.0378342501073,0.103223879935,0.0100085160229,0.0156989213994,0.0405799874358,0.0211615123558,0.010002420581,0.010006883059,0.0100083578213,0.130474795856,0.0213614849405,0.0100141818234,0.0100072921278,0.0100057735435,0.0100089786074,0.0100094791753,0.0100105719771,0.0100079202015,0.0100084554084,0.0165951268019,0.0538150091532,0.0413621164794,0.0196844656017,0.0233333811248,0.013219139527,0.0100999188562,0.0100274384887,0.0100128192142,0.0100117360534,69.770013018,11.0066010028,2.01604567253,4.96961930425,7.24258848332,12.7388419983,2.70191594304,12.6862218525,145.16517541,3.89882574103,0.839182526135,16.5794578824,5.11775414878,1.67303633948,6.050822819,61.7889766852,6.96041491261,6.81255258037,2.4799648128,0,5.29043221461,11.9858825861,116.285284041,2.67693976538,4.72054970532,9.6267863667,3.53160407668,3.98578643404,4.60653742862,0.776261529415,65.9180930896,4.2062291288,0.74751530704,1.71135817449,2.39215384327,1.4446045553,2.11624406183,1.62176408917,2.1256008503,1.89629643007,0.61463817956,5.8082065225,3.83558096113,0.90699540528,1.67233181204,0.610934754261,0.800434703345,0.460865230485,0.878466464185,1.11210053318
sobol__0001170,91.15225288,14.46977628,-13.23240651,33.18866346,-59.94228981,14.21373004,54.22469149,1,usable,Converged with independently replayed constrained generalized-force equilibrium and small reserve torques,475.34897,0.0458383468675,3.37067120881e-08,1.69817073198e-13,1.04209125245e-05,15,0,0.115016182682,0.0334856936457,0.0100186144965,0.0100468358394,0.0419786103425,0.0100068538659,0.010079399155,0.0100186911568,0.0103494468701,0.0100162761186,0.0100237554805,0.0100140878954,0.0100159658926,0.0100139203621,0.010060071753,0.0100028810003,0.0100039906297,0.0100042062525,0.0100452378444,0.010015959432,0.0628298431448,0.0439398403521,0.0989706480723,0.0533391085787,0.0100144871707,0.0102357641598,0.0633938133202,0.0100027643529,0.0279445468284,0.0100075168072,0.0348355915471,0.0101237055412,0.0100174867382,0.0100081733084,0.0100033970057,0.0100047707045,0.0100058247989,0.010006760147,0.0100052347251,0.0100044035806,0.010182992438,0.0262890259173,0.0208963359592,0.0101629368896,0.0182627687879,0.0100583632402,0.0100231697778,0.0100100253591,0.0100029519934,0.0100036717933,119.529330543,36.6254107825,2.0075330034,4.9114390304,45.1126035825,13.0718404049,2.50248085483,1.3499103912,4.36822714144,5.61478820864,1.17096464312,2.4503989409,1.83559660456,1.68420479753,1.70316558898,6.53244284327,6.44701544525,6.08559244953,0,3.50392631229,23.0127811675,13.8240853712,116.525071647,13.7821333218,2.54235959049,1.55005854399,11.6274769048,3.92554447052,5.44625844306,0.932132968205,9.52912994362,2.5273830141,0.597989546113,1.57781861979,2.44255956016,1.58556406457,2.26289307103,1.64844292603,1.94988515335,1.90485588759,0.207181670766,1.90295578628,1.32104552496,0.354018282433,0.920613689639,0.189922050294,0.465639005357,0.448238879038,1.95589396493,1.16644179165
sobol__0001178,102.40225288,38.84477628,52.39259349,25.06366346,30.05771019,20.77623004,1.72469149,1,usable,Converged with independently replayed constrained generalized-force equilibrium and small reserve torques,531.750745,0.10145019761,6.19551698833e-08,3.76587649953e-13,8.03027730214e-06,5,0,0.148845810346,0.0100048276851,0.0101150373732,0.0100065219853,0.0286194602132,0.010003040201,0.0592318454993,0.0111953280877,0.145511743957,0.0473130287359,0.0100875982314,0.0100438247524,0.0100366353144,0.0100248165586,0.026745429824,0.0392756429651,0.0100082257655,0.0100093246216,0.0101333472318,0.0101333472318,0.0100358519301,0.0931934365948,0.143862934925,0.0724378834447,0.0497887356328,0.0542434649319,0.0479260982855,0.0100140710055,0.0100324126345,0.0100285744793,0.0378327854046,0.0100797710309,0.0100696421242,0.0100420348227,0.0100180274325,0.0100261027769,0.0100279447655,0.0100334221916,0.0100273284955,0.0100255410595,0.0106225344976,0.032697432505,0.0252776337879,0.0124085866461,0.0181019727686,0.0127357364769,0.0102267976119,0.0100751494874,0.0100270808985,0.0100355088901,180.177836435,10.7121137691,2.01140344083,4.99371655246,23.0760817835,12.6702194112,15.9557158835,1.50881727313,51.9884011335,18.1354953816,0.85542753315,2.46548650881,2.10514842188,1.71691404866,3.71141592334,21.7580125882,6.26613613541,5.48113931199,0,0,3.34274989287,25.3405650076,169.352845701,18.4212080349,14.1312271077,11.9874774438,9.16510297386,4.05187807712,4.42358370395,1.01036017812,20.8664265428,2.67810282384,0.749076570924,1.71215982608,2.59219158096,1.6286379233,2.37407116451,1.7340957725,2.06788203913,1.97795699684,0.362117869234,3.57054031921,2.37257149803,0.605339623958,1.30266195724,0.522248093336,0.575934686328,0.404619270871,1.61760620896,1.06179757006
sobol__0001186,77.08975288,16.50102628,17.23634349,51.46991346,-32.44228981,12.57310504,26.09969149,1,usable,Converged with independently replayed constrained generalized-force equilibrium and small reserve torques,632.743039,0.0363912555993,3.69694177493e-08,1.71983777745e-13,3.90341268867e-06,7,0,0.118072076809,0.0224660095921,0.0100224780503,0.0100314247377,0.0627954041728,0.0100052398877,0.0115231858142,0.0100186963519,0.0141008386949,0.0100337004215,0.0100377301572,0.0100135150975,0.0100163872093,0.0100141876872,0.0100802310978,0.0100066046921,0.0100068411471,0.0100069817025,0.0100363072806,0.0100328084583,0.0575795352643,0.0409554003754,0.0637646226866,0.0510442661309,0.0194697615724,0.0183627002572,0.0278492431856,0.0100064688898,0.0100249360351,0.0100144660213,0.0243202845903,0.0100556283227,0.0100253527029,0.0100150857072,0.0100076133305,0.0100106651675,0.0100111843936,0.0100131251867,0.0100109231472,0.0100102011988,0.0100717722371,0.0161226039358,0.0118199743194,0.010101109543,0.010253825168,0.0100754352968,0.0100463321278,0.0100255948905,0.0100099410356,0.010012402405,131.914790807,24.1782278111,2.01833992292,4.97388280932,63.557844238,12.7933264635,3.03379548906,1.34078350857,5.84425543023,5.2320594737,1.09161389294,2.34191521548,1.64756093719,1.67279030373,1.74466715061,5.19352566124,6.68814459814,6.52988407391,0.530709560197,3.72243477616,27.1231991732,12.9746668265,74.9101239727,14.0865238324,6.27667679204,3.83508727347,5.29339238891,3.97623705184,3.27505436035,0.958675418264,10.9481451636,2.8156015354,0.679760674857,1.61554628465,2.55322506207,1.62655692308,2.34944483171,1.71160614987,2.0274740924,1.97193656455,0.23860662436,1.43132247076,0.880947547613,0.423239602527,0.578112168359,0.307767194738,0.565974243139,0.451433247589,2.011156071,1.16828944921
sobol__0001194,110.83975288,57.12602628,7.86134349,10.84491346,57.55771019,23.51060504,33.59969149,1,usable,Converged with independently replayed constrained generalized-force equilibrium and small reserve torques,445.013356,0.2920125905,1.91004406958e-07,5.82645043323e-13,3.75758381265e-05,22,0,0.217232975907,0.0100013350163,0.0100266857737,0.0100021100065,0.0827130918101,0.010000551193,0.0815661867603,0.0100558664837,0.151948837407,0.0416327868694,0.0100134608416,0.010010854267,0.0100067572461,0.0100054587686,0.010036319972,0.0100029857151,0.0100019229342,0.0100024392567,0.0100452378057,0.0100452378057,0.0100103956204,0.0577083645957,0.233495194448,0.0608343600066,0.0100058786977,0.0589167229282,0.263416382327,0.0100007778705,0.13550115846,0.0100020580452,0.0192829026137,0.0100143380408,0.0100061966571,0.0100027460522,0.0100012373572,0.0100017864584,0.010002385774,0.0100027777547,0.0100020756593,0.0100017126036,0.0430082231462,0.157075037529,0.107362065138,0.0454260420173,0.0973910502253,0.0235530445887,0.0100151958503,0.0100044657665,0.0100010533689,0.0100013923845,247.745657988,10.6788507645,1.96495510301,3.36305318737,88.9450345931,12.6689020183,20.7478497876,1.4225236359,59.2706516628,21.8677237441,2.09668629549,2.61760599768,2.79223367541,1.7887696116,1.57606895478,5.80138850459,5.31296057994,4.14339272804,0,0,1.33366298065,11.3025821602,273.471483388,14.4211659642,2.12694265632,8.37973484192,50.8125335949,4.07918376142,49.3679529952,0.988066387776,10.7292032878,2.40526072781,0.705310759944,1.64723714029,2.4860785749,1.60663725894,2.29643302163,1.67435382973,1.977970034,1.93343597222,1.22627323005,15.8200135908,8.64165611767,1.97232073527,6.36501150015,0.633164356361,0.386547997312,0.391051738701,1.98888336646,1.13503313096
sobol__0001202,93.96475288,44.93852628,87.54884349,104.28241346,-77.44228981,2.72935504,-30.15030851,1,usable,Converged with independently replayed constrained generalized-force equilibrium and small reserve torques,409.108346,0.19326346147,2.16144258047e-08,4.47641923529e-13,4.33600641198e-05,16,0,0.0695760594985,0.0100008043657,0.019547862234,0.0100013505352,0.0940684131773,0.010001120492,0.0355427382869,0.0323957927518,0.227866595852,0.153919023821,0.0173598902149,0.0100362537476,0.0100286169292,0.0100121321908,0.0507411070333,0.0578414622889,0.0100158195473,0.0100159705596,0.0100320451377,0.243635592168,0.0100090609132,0.134200060287,0.0336841564166,0.010000911881,0.010045237711,0.0636164647496,0.0100018253304,0.0100054798008,0.0100011314173,0.0100098617408,0.0100011359482,0.0100059882647,0.0100078510198,0.0100041360153,0.0100162939484,0.0100623205491,0.0100069523985,0.0100107707642,0.0100146493915,0.0177247410731,0.0100148877621,0.0100052888762,0.0100101287846,0.0100273598566,0.0100081643647,0.010025858891,0.0103309679217,0.0316990929668,0.0407238800266,0.0793393888968,83.4663873327,10.5698600517,3.67589021162,4.72123713569,63.9575026332,12.3026608711,8.16578703994,4.35926936698,83.7588040767,63.6749494501,1.59073287391,2.4107692665,2.05204963732,1.70707318778,7.52973324465,6.234822013,7.1802296747,7.07608320708,2.76791906404,81.3420592995,2.03718825033,29.5057317643,35.5312989442,2.49865125018,0,15.7818021441,1.84721295923,4.08115594742,4.46317164678,1.0108137618,5.51990388346,2.33053907896,0.72015763119,1.69557962962,2.29897207821,1.3532184972,2.18885133612,1.64293730988,2.12700626826,3.16939777123,0.341306081399,1.09251562131,0.944949223789,0.485141575068,0.687490765377,0.474214111106,0.889561920492,1.45432139134,5.47038337619,9.12396608015
sobol__0001210,105.21475288,4.31352628,-53.07615651,96.15741346,12.55771019,-8.20814496,-22.65030851,1,usable,Converged with independently replayed constrained generalized-force equilibrium and small reserve torques,403.449064,0.0700291104789,1.59298476632e-07,4.07412465037e-13,1.18933944806e-05,2,0,0.036244708864,0.0720041916334,0.0100430107337,0.0106677623112,0.0358510565399,0.0100358334567,0.0101033941594,0.0100380369737,0.0100474157595,0.0100220000444,0.0100345365364,0.0100338035491,0.0100383928053,0.0100357665377,0.0100755943083,0.0100183702895,0.0100489329336,0.0100494407943,0.0100829416539,0.0101015330511,0.0203901526745,0.0100368081503,0.0198177941966,0.0163307064816,0.182661444658,0.100135069287,0.0100086457424,0.106852453402,0.0100040180182,0.0110703786743,0.0235976843961,0.0103368294428,0.0100525775721,0.0100414922306,0.0208745787021,0.0219197254072,0.0100299017751,0.0100589934003,0.010577339391,0.0285648173191,0.010064034055,0.0100251734317,0.0103501402925,0.0119074069978,0.010036857164,0.0102067431184,0.0100652140725,0.0111744369405,0.0100426166022,0.0176751167574,23.8278590442,79.3767494817,1.94733490113,5.30656158146,35.067708087,11.1420743754,1.69251539314,1.35716920524,4.41983299449,6.02629517686,1.96004244619,2.48550357025,1.83095869671,1.68046621296,1.82380088319,4.22727992766,7.16273492271,7.02136748876,2.7056392974,0,10.7063170789,3.07554144094,21.4204779487,3.82010929521,46.944524676,24.9787120792,1.56641524699,41.6491386932,4.52792352911,1.0859864827,12.3297297619,2.85708742017,0.701505281213,1.65426417262,5.3909871791,3.48207546545,2.34465902915,1.7341214195,2.24046456433,5.62230266553,0.30339647406,1.09341180363,0.976815154112,0.578613246015,0.602773732754,0.482584058777,0.802391720078,0.514006418094,1.4930502734,2.06233685809
sobol__0001218,81.30850288,1.26665128,74.65821849,32.17303846,48.80771019,-1.91908246,38.28719149,1,usable,Converged with independently replayed constrained generalized-force equilibrium and small reserve torques,517.217215,0.202661026562,2.34044885028e-07,3.05533376377e-13,0.000295014310775,23,0,0.0100004671215,0.0100005365411,0.103251511945,0.0100091428668,0.0100009737051,0.0100006554496,0.0952443233698,0.160722219922,0.010002141276,0.0100018892938,0.010001209376,0.165214937706,0.0784284460351,0.114407178786,0.0101955364708,0.176633671936,0.0100025617397,0.0100027230817,0.0100452384425,0.0100452384425,0.137047816986,0.0128076427874,0.158606507232,0.0877513624061,0.0431540644928,0.0485366035606,0.092278295858,0.010001510217,0.010004277239,0.010004243991,0.0825504576013,0.01015600444,0.010007914767,0.0100036111472,0.010001861836,0.0100027348059,0.010002807966,0.0100034548037,0.0100027528512,0.0100025438636,0.0110323205118,0.047999762146,0.0365325263339,0.0165830250565,0.0268677335504,0.0111054829936,0.0100424873005,0.0100102876232,0.0100037156818,0.0100037645411,8.32627153171,10.9905076162,20.792590588,4.99510598548,5.92198660377,12.4174495863,25.6565266158,19.6176902002,4.21873777301,5.81624137347,2.89723121993,29.2920954657,6.60004135118,17.2047951966,1.82710465249,100.582374969,6.4287158167,6.02653359682,0,0,45.6901594475,2.91058074173,186.738464739,23.0265005559,12.7286254515,8.67441358301,14.9929857292,3.87735217454,4.22107390366,0.920689061858,45.9948632129,2.56828148487,0.672797557413,1.59582895878,2.42007390921,1.56529982801,2.27810106842,1.65557857456,1.94594291044,1.88111486551,0.209411238808,3.63323007134,2.41055168359,0.652369962924,1.29884506365,0.306090738243,0.545298224611,0.460143934279,1.95783763782,1.12821615865
sobol__0001226,115.05850288,41.89165128,-47.21678151,40.29803846,-21.19228981,4.64341754,15.78719149,1,usable,Converged with independently replayed constrained generalized-force equilibrium and small reserve torques,580.129718,0.0540315866287,8.94595828527e-08,1.1536529514e-12,2.47820511289e-06,5,0,0.158852077337,0.010005619985,0.0100200749394,0.0100255636563,0.0870023430967,0.0256557918959,0.0127015483791,0.0100195645048,0.0518697761498,0.0317477230871,0.0100420645062,0.0100118107328,0.0100097242489,0.0100092765782,0.0100451571542,0.0100232586784,0.0100052751557,0.0100054284928,0.010045237742,0.0100290634271,0.0122672108847,0.0509914146611,0.0751039387591,0.0542878581155,0.0173530985049,0.0117977800457,0.0177848649731,0.0100124985103,0.0124720203998,0.0100224918592,0.0305245966168,0.0100636084821,0.0100370136417,0.0100284847644,0.0100119781902,0.0100159742059,0.0100175486876,0.0100196892014,0.010016701555,0.010015202527,0.0100576570298,0.0103464806342,0.0101137761127,0.0100609744841,0.0100850688374,0.0100599967304,0.0100438765018,0.0100292483381,0.0100145714804,0.0100164760634,193.495708759,11.0368825783,2.01822161854,4.66205635694,84.7439869475,22.3324760182,1.76944675936,1.40995331532,21.5372873383,17.3407782593,1.48289486392,2.61902256049,2.7446963201,1.77173397761,1.44366295982,5.21850625744,6.55189314551,6.34292701224,0,3.80462206174,3.53162436147,16.0482813,88.4217392124,14.8496939192,5.69883661001,2.72527782046,3.37384170104,4.06727601218,5.46663172592,0.993385596117,13.5826030822,2.86315181784,0.717353312738,1.66724418191,2.58036970026,1.62753353739,2.37052807676,1.72932282794,2.05136510191,1.97556839511,0.252265687331,1.01110624798,0.826359291959,0.467794867935,0.593359054227,0.357346032963,0.654143802285,0.46121635511,2.01159774672,1.16882347885
sobol__0001234,86.93350288,62.20415128,32.47071849,76.86053846,3.80771019,16.67466754,-17.96280851,1,usable,Converged with independently replayed constrained generalized-force equilibrium and small reserve torques,449.363026,0.0726661701251,5.40980380492e-08,3.48165940522e-13,4.20661403246e-06,10,0,0.184713508974,0.0302509454628,0.0100294380806,0.0100052996229,0.158597876277,0.0100017519808,0.0490206192602,0.0100109799354,0.0100071947917,0.0100030734451,0.0100053188798,0.0100071639381,0.0100062373292,0.0100074580887,0.0100216907223,0.0100241670473,0.0100156491397,0.0100158704251,0.0100331733944,0.0130968477229,0.0100335742518,0.0100227763533,0.032527544054,0.0232412835533,0.0465428160101,0.0393869415391,0.0138698695006,0.0100074068086,0.0100065274604,0.010015419145,0.0100239759539,0.0100260730984,0.0100252271621,0.0100153024961,0.0100101212633,0.010014715723,0.0100125345969,0.0100154111887,0.0100132694694,0.0100142006738,0.0100738220121,0.0174310059672,0.0162616936223,0.0102219973908,0.0101820504196,0.0101776400707,0.0101636040431,0.0100473599709,0.0100195671638,0.0100362240545,206.725811282,30.7397758668,1.922450136,4.99446334661,163.156072523,12.7720313608,13.1999314236,1.43023314632,3.93492670484,5.64290734369,2.53914517745,2.61828761958,2.80545189555,1.78664134522,1.81147035019,2.10853669514,6.95688925158,6.80893163522,2.45553471753,4.55303899659,5.25694324663,3.17510791495,36.7188168125,6.10709821489,15.3634083283,9.94460572969,2.67509089334,4.07961512544,4.23203297078,1.01149428622,5.54967829614,2.82282908414,0.707266610632,1.66103402981,2.5855688265,1.56795243172,2.36965472752,1.7312848183,2.11444881163,1.96118098861,0.346668392845,1.90338182828,1.53419442134,0.498827261737,0.724740700042,0.479622285049,0.717541590093,0.420490266209,1.3985125719,1.05452894753
sobol__0001242,98.18350288,21.57915128,4.34571849,117.48553846,-66.19228981,10.11216754,-40.46280851,1,usable,Converged with independently replayed constrained generalized-force equilibrium and small reserve torques,575.29002,0.0390197407862,4.97678200873e-08,2.07769516723e-13,8.24783294469e-06,8,0,0.110569072792,0.0100060158938,0.0100240667891,0.0100096701107,0.0485039164008,0.0100031400569,0.0189323083257,0.0100310040731,0.0394238835897,0.026003830028,0.0100437907402,0.0100163979412,0.0100173977992,0.0100146663087,0.0111038147653,0.0100197419453,0.0100072608369,0.0100072693136,0.0100196357257,0.0429330832465,0.0528650142198,0.0357033596494,0.0831041163332,0.0100223298466,0.0100452378118,0.0375825460746,0.0100034339019,0.0374606371074,0.0100024538097,0.0101033901792,0.0100084714482,0.0100192592283,0.0100197864748,0.0100124997605,0.0100333346789,0.0100742275467,0.0100106593489,0.0100158524485,0.0100198530588,0.0102094045655,0.0100210515194,0.0100105220414,0.0100188857088,0.0100511827091,0.0100127770951,0.0100321565087,0.0107308273918,0.0188287509006,0.018168165484,0.0433035436382,131.071419662,10.9093074427,2.01888414516,4.58480568682,52.0511393326,13.0649553406,4.84700552383,1.35003300573,16.1826083921,12.6681499907,0.913212533972,2.45042385593,1.89823179021,1.69371423543,1.72219322729,2.80551490637,7.17907446177,7.16912604694,2.83755755833,14.8187431061,24.2001141197,5.69207150251,76.5339975645,1.67595323179,0,9.28954328984,1.92962062461,15.2797784268,4.2396358305,1.02039032436,5.57234976189,2.43518650845,0.700785940755,1.67538841531,2.18705465069,1.27705833751,2.15674894681,1.61280305429,2.12762420419,1.72862960182,0.39034276274,1.06549655016,0.939457667236,0.475499715066,0.724431073196,0.473345127817,0.932092084072,0.829398731773,1.99576084902,4.56020226923
sobol__0001250,78.49600288,35.79790128,-12.06053151,91.07928846,66.30771019,19.40904254,-46.08780851,1,usable,Converged with independently replayed constrained generalized-force equilibrium and small reserve torques,443.042003,0.0644660041555,3.73227919681e-08,2.84184933279e-13,1.81050058338e-05,14,0,0.133919853944,0.099539216947,0.0100229958384,0.0236808695831,0.0746145999314,0.0100103181462,0.0100728452009,0.0100139922052,0.0100128952009,0.0100043759842,0.0100083696145,0.01001078577,0.010010848412,0.010011062447,0.0100194856204,0.0100080022481,0.0100101856152,0.0100103507181,0.0100266108592,0.01004523791,0.0100870857483,0.0100074917949,0.062133824039,0.0100287332202,0.01004523791,0.0967437948685,0.0100018513176,0.0228033239325,0.0100010128061,0.0100367011447,0.0687625506413,0.0152880516454,0.0100097516894,0.0100054851211,0.0100098905917,0.0100259351583,0.0100043192924,0.0100065218167,0.0100073072087,0.0100281536527,0.0100171741657,0.0100094385918,0.0100254512232,0.0136062188573,0.0100083650576,0.0100377571443,0.0304188486812,0.034967924798,0.018988756859,0.0740569923531,163.126355091,105.708484229,2.01884147848,11.745665195,79.8278271513,13.0746090786,2.52983383838,1.4001723508,4.19508641648,5.78244453927,1.93737718847,2.57405357149,2.46757825114,1.73835681124,1.77182740778,2.96593412852,7.09009873817,6.94447960147,2.64371122497,0,5.11705900037,3.17036032899,68.0035084988,2.54190901991,0,24.2464249461,1.91689572278,9.27455220236,4.46197692013,0.939038249124,33.0157829084,3.32575820347,0.731996534576,1.70002725524,2.43991436015,1.42886041475,2.33109407755,1.71352022387,2.12528616143,1.86215401105,0.394570928347,1.03948440935,0.929821770945,0.64272501472,0.724590574722,0.468131825243,2.34824953166,1.38803365562,1.70398624957,6.89263914134
sobol__0001258,112.24600288,11.42290128,34.81446849,99.20428846,-3.69228981,8.47154254,-8.58780851,1,usable,Converged with independently replayed constrained generalized-force equilibrium and small reserve torques,486.709749,0.0424952788451,2.38609292325e-08,4.7517545454e-14,1.11440414235e-05,3,0,0.0543978572756,0.0100018873605,0.0100454453797,0.0100046521853,0.0100993623831,0.0100021532091,0.0324006175718,0.0161960815695,0.112491421417,0.0848463860651,0.0106095123223,0.0100398426452,0.0100352112733,0.0100171737046,0.0261091816035,0.054113567018,0.0100130389738,0.0100132150277,0.0100296530467,0.0100207281349,0.0100117801982,0.0637159275986,0.0448828160374,0.0373699202999,0.0441404461464,0.0241764031708,0.0101196111652,0.0100118861613,0.0100121164071,0.0100209179882,0.0307749360278,0.010123603495,0.0100315760709,0.0100210591444,0.0100143064433,0.0100199125503,0.0100162307989,0.0100197201287,0.0100179992678,0.0100195071509,0.0100614641641,0.0130364001804,0.0100452377347,0.0101222950686,0.0100785849629,0.0100884946986,0.0100790389568,0.0100461215797,0.0100211557072,0.0100359625059,56.6383505277,10.9846995837,2.02283251896,4.80279260071,8.69640045348,12.6776125807,8.63466807517,2.10209070865,45.8979618748,39.9498611906,1.13687608445,2.15895222712,1.36013397684,1.63765898134,4.15350968722,19.3616970089,7.15928060249,7.02560522829,2.71959124394,3.72884327614,5.05649577495,18.3226314021,48.1157393162,8.22623587404,13.5814414831,6.09316968217,1.92435276375,3.86298850145,2.99125456662,0.949993925254,16.3740530415,2.87964552583,0.610572390692,1.59721561349,2.59137032768,1.61245883283,2.37145786683,1.73231174845,2.10224693491,1.97490876654,0.300679394392,1.41675559859,0,0.493706643783,0.632321334544,0.452373345904,0.720569251189,0.457451224973,1.68709240862,1.16304745246
sobol__0001266,95.37100288,31.73540128,-35.49803151,13.89178846,21.30771019,-3.55970746,10.16219149,1,usable,Converged with independently replayed constrained generalized-force equilibrium and small reserve torques,455.384234,0.0793929734735,5.44237783728e-08,3.11530273233e-13,6.45686415116e-06,15,0,0.148642864801,0.0467257632002,0.0100127482914,0.0100431014604,0.144248907763,0.0100023984893,0.0234142395961,0.0100102202111,0.0100271552313,0.0100051493296,0.01000891289,0.0100069277842,0.0100065599336,0.0100068547018,0.0100355432714,0.010001574909,0.0100029676059,0.0100036753182,0.0100452377158,0.0100452377158,0.0428031670144,0.0333518503389,0.141924583312,0.0483110588687,0.038052968837,0.0370963543121,0.0384976844905,0.0100057120368,0.0100137506193,0.0100119824376,0.0100126250779,0.0100103750702,0.0100248726681,0.0100149219176,0.0100058114046,0.0100081389734,0.0100091499093,0.0100107703141,0.0100085322055,0.0100076432614,0.0100645830594,0.0141813515254,0.0102635964605,0.0100609506053,0.0104938339455,0.0100971339163,0.0100662894392,0.0100238353444,0.0100107291947,0.0100119021645,178.785798264,51.2575210458,2.01656145224,4.87793149388,146.203220195,11.2111715805,5.07872894075,1.39702788808,4.23699460297,5.77205648413,1.73180715729,2.58449548664,2.5166459558,1.74054495738,1.60318392722,6.83029292491,5.57761853707,4.43169199259,0,0,7.75745560118,7.55266029436,166.593190793,11.6764016488,11.9098046771,8.5676896236,7.28263793688,4.08130790498,4.68029188098,1.01103029116,4.98057250251,2.7132301696,0.752015394978,1.71149009938,2.57089662554,1.62622208584,2.36955580039,1.72900729256,2.04666908765,1.97247743743,0.27853862831,1.52445555931,0.927470894604,0.490616237735,0.656971684824,0.390530286818,0.687539345038,0.461040244801,2.00984343258,1.16498444109
sobol__0001274,106.62100288,56.11040128,67.62696849,54.51678846,-48.69228981,7.37779254,47.66219149,1,usable,Converged with independently replayed constrained generalized-force equilibrium and small reserve torques,448.599634,0.443937909033,2.64242814296e-08,9.59232693276e-13,3.66882928843e-05,25,0,0.236045524708,0.0100003146532,0.0139374218792,0.0100003764757,0.0100036052335,0.01000017535,0.274428192156,0.0763790605331,0.344975166531,0.010001429363,0.0100022731691,0.010011586944,0.0100039982058,0.0100021739528,0.0627130440479,0.35365979339,0.0100039727731,0.0100040579084,0.0100269173917,0.041345394377,0.0100005636562,0.14269194102,0.126039475269,0.0498178448657,0.0253398215653,0.0529195807826,0.0852956189253,0.0100013171798,0.0100069789807,0.0100041448414,0.0100146355555,0.0100168904771,0.0100099651083,0.0100032725656,0.010001719346,0.0100025355192,0.0100026176002,0.0100032153471,0.0100025430852,0.0100023977893,0.010945221985,0.0455841450269,0.0366451779395,0.0173093370101,0.0273394041871,0.0106476030724,0.0100410431688,0.0100097750736,0.0100025668438,0.0100033092437,268.900067068,10.5192964236,2.55950628016,4.99160507341,7.62827719628,12.6172912615,73.5903572025,10.5153863246,101.503274877,4.39499019503,1.49658466521,2.54678059892,2.57019244357,1.75306177119,9.26861238899,108.686952679,6.72028233478,6.56617361184,0.791440227019,14.8011483677,5.24574868972,45.0575921601,147.679327187,13.7483441443,7.88377730727,9.50090881412,14.2506214792,3.79048310498,1.78553990059,0.877126171429,4.04761667733,2.63462490234,0.442539521358,1.53980895864,2.44981342067,1.58818389569,2.27718452296,1.65757085209,1.95969974141,1.90780479541,0.195292007191,3.03924967172,2.19218985772,0.596967700278,1.25375203809,0.238539548562,0.529837663869,0.460230386747,1.94837452263,1.1515479032
sobol__0001282,83.76944038,40.11430753,62.64649974,75.08319471,-34.62978981,24.94615191,57.74031649,0,solver_failed,The static optimization solver did not converge,825.683729,,5.53439047835e-06,,,0,0,,,,,,,,,,,,,,,,,,,,,,,,,,,,,,,,,,,,,,,,,,,,,,,,,,,,,,,,,,,,,,,,,,,,,,,,,,,,,,,,,,,,,,,,,,,,,,,,,,,,
sobol__0001290,117.51944038,15.73930753,-40.47850026,115.70819471,55.37021019,14.00865191,5.24031649,1,usable,Converged with independently replayed constrained generalized-force equilibrium and small reserve torques,602.876813,0.0377620508267,3.97686523712e-08,1.11921562628e-13,7.28174205632e-06,14,0,0.0863879218715,0.0100049930026,0.0100176959825,0.0100128460516,0.0521451018102,0.0100033237034,0.0142148928257,0.0100247566562,0.0406738216099,0.0280369070565,0.0100360686567,0.0100140789574,0.0100144216363,0.0100117613953,0.0122994677201,0.0100103994819,0.0100067381919,0.0100067518087,0.0100188267647,0.0100452376941,0.0100754442639,0.0363873171007,0.0940789102546,0.0152145268278,0.0468562797819,0.0354777499704,0.0370689604882,0.0100036622606,0.0100248152717,0.0100093631907,0.0522872672713,0.0215954306825,0.0100277896386,0.0100094092553,0.010005625613,0.0100084595225,0.0100080171062,0.0100098253771,0.0100084410624,0.0100084600945,0.0104932139041,0.0414582872115,0.0297747544609,0.0164061019362,0.0150976902286,0.0112815672798,0.010084122744,0.0100284049154,0.0100094864073,0.010013475187,78.9555792444,11.0361490856,1.98260760969,4.98387195048,52.5893776344,11.2677621526,2.7163682925,1.35514883652,17.3769081735,16.1612948606,1.31212761148,2.50893262677,2.00753347064,1.69743649829,1.94510640074,3.48724774098,7.17868575619,7.16171498891,2.83716844195,0,5.28198796694,10.6471259559,89.6420326844,1.38927731471,13.7488217244,7.42068050358,6.76228845402,3.67324291687,0.51166421014,0.849940952725,15.116849966,5.28034382095,0.251668651031,1.50505608969,2.58407071043,1.626312708,2.36840547223,1.72847158072,2.04990886638,1.97440814932,0.302508718118,4.33476444076,2.48888091179,0.778772740276,0.884326604164,0.438782646358,0.56845944761,0.440292508165,1.81131619675,1.15144243761
sobol__0001298,89.39444038,27.92680753,39.20899974,30.39569471,-79.62978981,-8.96009809,-6.00968351,1,usable,Converged with independently replayed constrained generalized-force equilibrium and small reserve torques,690.241754,0.699076840269,2.75850331022e-07,8.03461284773e-13,7.39512390963e-05,14,0,0.12429616029,0.0311214039047,0.0100424953951,0.0100097386456,0.126112918038,0.0100034989876,0.0292789077994,0.0100141757851,0.0100313444876,0.0100165270815,0.0100331723976,0.0100093387404,0.0100112885384,0.0100111531627,0.0100421854249,0.11716703576,0.123010928823,0.113665733718,0.0100452381713,0.409919312265,0.265274509001,0.198234612956,0.0100035907783,0.0100016460969,0.459666026155,0.152050566524,0.0100008257234,0.205757722356,0.0100005001013,0.0101952388091,0.0100017176924,0.0100038978924,0.0100062659843,0.0100033446899,0.109959963721,0.102885641807,0.0100091972921,0.0100572927515,0.0579563212565,0.149275834432,0.0100112641776,0.0100030887639,0.0100186073228,0.0163716007998,0.0100042244845,0.0100366353003,0.0100322949605,0.0520463565695,0.0333222986506,0.119706890776,151.383782595,33.3138285487,2.02194994261,4.99366476904,110.805354771,12.6121773957,7.88384559514,1.34381285899,4.0024284634,4.351031004,0.868067462007,2.39744853055,1.85709911783,1.69113370843,1.56506566937,65.0433971041,78.6546059578,67.1573310121,0,135.378493524,123.489162786,62.7787702668,11.7778521965,2.50155116189,155.042619633,38.3906258664,1.69085332742,76.6058081561,4.75312078347,0.855577394976,1.97135293921,2.31013855844,0.702858395413,1.68678468857,28.2135741809,15.9072889817,2.33494991948,1.73111081251,12.2996827203,29.2825773931,0.294021668506,1.09125931279,0.945078623323,0.798657879831,0.634222249773,0.45952800398,0.826048797889,2.39372497069,6.04512013617,13.9675486505
sobol__0001306,100.64444038,52.30180753,-7.66600026,38.52069471,10.37021019,1.97740191,-58.50968351,1,usable,Converged with independently replayed constrained generalized-force equilibrium and small reserve torques,508.716804,0.082422293879,2.82537229168e-08,2.58497811899e-13,1.03047903278e-05,11,0,0.185268375876,0.0494630817695,0.0100190184386,0.0100214588413,0.0492150995605,0.0100048947101,0.0101620186954,0.0100150712891,0.0100268755336,0.010006062334,0.0100098897544,0.0100112554916,0.0100098449334,0.0100106235379,0.0100254539653,0.0100037728029,0.0100038629016,0.0100039922178,0.0100452377451,0.0100452377451,0.0394061573344,0.0156951493348,0.105131763828,0.0763201446068,0.0100452377451,0.111028948286,0.0100027880794,0.0586888322155,0.0100015624331,0.0100439144737,0.062201647923,0.0102991095104,0.0100186076588,0.0100120381513,0.0100335882178,0.0102025845631,0.0100073286604,0.0100117617503,0.0100171599587,0.0150644253076,0.0100204644742,0.0100097007302,0.0100372417934,0.0101933788853,0.0100129134113,0.0100849356942,0.0100261390687,0.0170490019767,0.0100265299624,0.0257473938205,216.395605366,52.9006471531,2.00186495551,3.9169758774,52.8171987638,12.4864682275,2.53026014785,1.42304755277,4.06405291492,5.56306698954,2.11617418106,2.62175298508,2.78332993842,1.78297863773,1.61254557182,4.45004688148,6.52702748602,6.29655333629,0,0,11.4211502158,4.20841085829,123.77728541,20.8579922756,0,26.284950941,1.92915227491,17.4573164796,4.3836552553,0.53300807441,33.9372065063,2.86027610346,0.622876546234,1.59598613596,2.25110156978,1.35197539967,2.09694649323,1.59102452866,2.12728634857,2.63031340234,0.39479999357,1.02091020102,0.89761249007,0.457227941246,0.724486630454,0.462998518402,0.869561404388,0.775854249995,0.818634505068,2.71033910409
sobol__0001314,75.33194038,5.58305753,-0.63475026,16.17694471,-12.12978981,-7.31947309,-34.13468351,1,usable,Converged with independently replayed constrained generalized-force equilibrium and small reserve torques,487.994728,0.0316102205458,1.08265695964e-07,9.92486198424e-14,6.59220891436e-06,6,0,0.0307587463685,0.0221692490425,0.0100319957792,0.0101204223628,0.0186610733084,0.010019905555,0.0100484899508,0.0100290058776,0.0100409471976,0.0100208365882,0.010034919381,0.0100261917797,0.010030012022,0.0100264695788,0.010043889246,0.0100031179946,0.0100045215853,0.0100054778374,0.0100452377948,0.0100332763828,0.0291997465935,0.0247914682929,0.0876185165529,0.0284014820135,0.0100452377948,0.118064609455,0.0100044904793,0.0310768297132,0.0100020795158,0.0100254741733,0.0273608578311,0.0100558618691,0.0100213722457,0.010013619916,0.0100178673457,0.0100374492084,0.0100088183428,0.0100135510764,0.0100177281222,0.0100600334524,0.0100335142102,0.0100183013946,0.0145141007553,0.0123864693842,0.0100240965816,0.0115276149413,0.0100299800796,0.0100863302888,0.0100112356876,0.010042114661,28.2464142659,24.1580406943,1.99500690707,4.9878176763,20.0530744137,13.0457441503,2.56365662981,1.3282036454,4.25605183515,5.66985598753,1.22901710053,2.29314186632,1.49047199718,1.64766841066,1.79797359331,7.42960117254,5.76552549417,4.64996009128,0,3.80788507209,7.19732736113,6.36468606561,102.962525309,6.95736679379,0,29.0721552022,1.92923517658,10.0622277396,4.0864574227,0.660742405787,10.5332724573,2.8628684455,0.610692777593,1.58501040416,2.48966072411,1.48125249125,2.22287924114,1.68286070006,2.12763201038,1.92301802248,0.381261381952,1.06717621509,1.34086595658,0.57202563841,0.725245066619,0.545215924708,0.841911240196,0.463946698848,1.26460931485,1.16815264423
sobol__0001322,109.08194038,46.20805753,27.49024974,56.80194471,77.87021019,-0.75697309,-26.63468351,1,usable,Converged with independently replayed constrained generalized-force equilibrium and small reserve torques,458.590603,0.16786882465,2.68607962539e-08,4.94538524581e-13,2.25143380414e-05,22,0,0.187015917041,0.0100012556637,0.0100353465762,0.0100017351424,0.0566959227439,0.010000602591,0.0890826915865,0.0111199328486,0.159968713642,0.0193850910367,0.0100125550671,0.0100116883735,0.010007969111,0.0100057826733,0.0124065053116,0.105100844814,0.0100035890807,0.0100036653732,0.0100232157181,0.010045237396,0.0100020495016,0.0100074798204,0.147606955706,0.0100082507638,0.010045237396,0.0765196302104,0.0110933980897,0.0100017731371,0.0100024169753,0.0100054115702,0.208388098065,0.0288623691126,0.0100095179232,0.0100047325697,0.0100038524378,0.0100062665533,0.0100053519086,0.0100067563427,0.0100056840533,0.0100064180613,0.016438035329,0.0624140590866,0.0583380656929,0.0301961644887,0.0213162132605,0.0195065902953,0.0102672567713,0.0100257019856,0.0100063270496,0.0100100091865,220.940200598,10.7074199381,1.99664217474,4.17702301075,55.8518718929,13.0628128782,23.5379195071,1.53274955821,58.2551296444,8.24234822905,1.2692980611,2.55266242149,2.53636177821,1.74937439362,1.75406883876,46.6098896973,6.74502369228,6.59301335267,0.985892219409,0,2.89755822142,2.78413919967,172.47718812,2.76221711661,0,19.3159846371,2.01416099691,4.01213133575,4.79889123092,0.897622264844,110.239035879,5.53470114738,0.753205038548,1.7127615024,2.58238514007,1.58995294335,2.35103648982,1.72643299437,2.11750833624,1.97042519135,0.522305306125,6.81557430608,5.50663336934,1.47108219243,1.43480117867,0.922466446947,0.776034063137,0.461010401154,1.42447986616,1.16445371972
sobol__0001330,92.20694038,58.39555753,-42.82225026,93.36444471,-57.12978981,22.21177691,29.61531649,1,usable,Converged with independently replayed constrained generalized-force equilibrium and small reserve torques,516.614396,0.0718013982144,9.31094774614e-08,4.61852778244e-13,3.20409409133e-05,16,0,0.134972207196,0.136227130138,0.0100210743551,0.0168744567181,0.0317906470086,0.0145385044107,0.0100374488002,0.0100127180534,0.0100082943198,0.010003567469,0.0100051086779,0.0100106390277,0.0100096768736,0.0100106383662,0.0100133512073,0.010014861022,0.0100289057277,0.0100291193511,0.0100405245294,0.0100302846034,0.0421771777077,0.010007682477,0.0108157350296,0.0164613820504,0.0100014261364,0.0100040171606,0.141658342655,0.0100031340963,0.0100508523064,0.0100082501216,0.0122579364339,0.0100551675242,0.0101742719155,0.0278786794042,0.0100089217341,0.0100092556006,0.0442504219066,0.0208819328228,0.0101254672359,0.0100082969395,0.0184891107965,0.0446480572804,0.0286723202786,0.0100667069625,0.0385543095047,0.0100265998044,0.0100079901415,0.0100050785929,0.0100015411528,0.0100018013207,158.50694154,145.538979664,2.00938505809,7.75147231013,31.5266130429,14.0075112397,2.02835762795,1.44034104446,4.22960133243,5.99716159845,3.14517020551,2.66958626096,2.87371300778,1.81514570683,1.81428122763,1.43011027131,7.12433335504,6.97988852147,2.66851152211,3.52929360987,21.3615088987,2.99901685758,11.7727176017,4.21500440131,3.36525639057,2.00420417182,25.9749065853,3.77956454911,0.00920195287448,0.890900963575,6.77990493239,2.54216079481,0.298865681197,4.25263935054,2.57557567804,1.62644203406,10.4008416655,3.57916916355,2.06062940828,1.97424308191,0.445699978106,3.78886070722,2.04221133684,0.400562166814,2.10668693167,0.293533801599,0.508928262364,0.398141306564,1.97234358369,1.13602627554
sobol__0001338,103.45694038,17.77055753,79.05274974,101.48944471,32.87021019,15.64927691,37.11531649,1,usable,Converged with independently replayed constrained generalized-force equilibrium and small reserve torques,738.506125,0.106701296738,5.12795494956e-08,1.56319401867e-13,2.61769093029e-05,15,0,0.0100025449813,0.0100007607198,0.0100342031226,0.0100211030216,0.0100016862424,0.0100007898698,0.0333763966106,0.087227038724,0.191916801037,0.0697988339689,0.0100386620509,0.0675495742436,0.0349450954127,0.0118632084373,0.060977433732,0.0925525408491,0.0100217268675,0.0100219229602,0.0100366525061,0.0100452376554,0.0471984843014,0.072810737741,0.0197128023499,0.0100338711945,0.0223575806872,0.0584242578242,0.0944661748869,0.0100017477888,0.0100452376554,0.0100098737712,0.0725407521045,0.0285183862944,0.0100452376554,0.0100048304643,0.010001970461,0.0100029334161,0.010002942689,0.0100036286944,0.010002929228,0.0100028136906,0.0152457391009,0.0643745858134,0.0480621261333,0.0251829021825,0.0312036806894,0.0151385322058,0.0100540373029,0.0100120347641,0.0100028384569,0.0100039730081,10.9722676806,10.9637850513,2.02045048355,4.95042219124,5.97236769625,12.4886959687,8.98307396085,11.1118378817,77.8854843822,34.9029346023,1.48368442708,13.3126672634,4.18296220477,1.90394382349,9.2722271256,22.3470807253,7.17693379633,7.05371935166,2.74287680921,0,23.2049834956,21.5886975946,20.9905287244,1.99820759877,7.18091599622,9.59101806395,15.660088477,2.76971951126,0,0.297751100567,36.0085882392,7.52797185943,0,1.02283825335,2.45661123866,1.59101447433,2.28220934259,1.6626214945,1.96301069202,1.91568959347,0.319907843052,4.79834414531,3.03403750728,0.91415451289,1.46442991988,0.381559007899,0.437386274079,0.438170425661,2.01052380961,1.16733359846
sobol__0001346,82.36319038,20.81743253,-58.05662526,35.47381971,69.12021019,9.36021441,-21.94718351,1,usable,Converged with independently replayed constrained generalized-force equilibrium and small reserve torques,506.062233,0.142082969624,5.29749613065e-08,2.36929776739e-12,7.55373534515e-06,15,0,0.184373850324,0.0899437515947,0.010004142842,0.0100096481915,0.25495300769,0.0100012422381,0.0306936739497,0.0100043950195,0.046444437831,0.0100032719807,0.0100033182952,0.0100027938411,0.0100027268174,0.0100026219335,0.0138977419035,0.0100011560193,0.0100036327611,0.0100037889677,0.0100452368052,0.0100452368052,0.0287539706865,0.0100897405794,0.110745914959,0.0546792579414,0.0453970997976,0.0466915782428,0.0398602240349,0.0100051594726,0.0100132305315,0.0100124205482,0.0647588665125,0.010093906017,0.0100246414699,0.0100147452711,0.0100073450309,0.0100105841693,0.0100113637966,0.0100133136422,0.0100106919384,0.0100101912857,0.0103267371677,0.0325623358429,0.0276500826276,0.012294342305,0.01633757438,0.0118174804723,0.0100824292248,0.0100258584489,0.0100098778073,0.01001259017,150.99035265,98.768015904,1.99089954763,4.99209261657,241.554888703,9.98807882148,4.54550689549,1.39403252853,20.3221226054,6.0225752067,2.34015638091,2.57184168337,2.35312295593,1.72210966905,2.47427947626,5.89190515512,6.48301307632,6.19329641894,0,0,5.26146377612,1.9457420644,130.388821528,14.3857540703,15.1725833994,11.7754558764,7.68893349293,3.63653240226,4.79698176093,0.830096154126,35.7788007154,2.12248924768,0.752771540865,1.71410505508,2.58785975906,1.60089683523,2.36848387832,1.73081590633,2.10861282683,1.97201843808,0.358866136181,3.55336734935,2.61012683915,0.599580887224,1.17740715897,0.557931905387,0.711474020383,0.451024396408,1.43879221461,1.1261627494
sobol__0001354,116.11319038,61.44243253,82.56837474,27.34881971,-0.87978981,20.29771441,-44.44718351,0,reserve_too_high,The posture requires more reserve torque than the quality limit permits,335.798649,59.0557286022,5.46151355252e-08,7.30333197474e-07,0.102036352148,22,4,,,,,,,,,,,,,,,,,,,,,,,,,,,,,,,,,,,,,,,,,,,,,,,,,,,,,,,,,,,,,,,,,,,,,,,,,,,,,,,,,,,,,,,,,,,,,,,,,,,,
sobol__0001362,87.98819038,41.12993253,12.25587474,120.78631971,24.12021019,6.07896441,41.80281649,1,usable,Converged with independently replayed constrained generalized-force equilibrium and small reserve torques,409.728502,0.0631937179319,6.46884785738e-08,4.12114786741e-13,2.47543907093e-05,14,0,0.129708499382,0.0100454651308,0.0100256673801,0.0100121834426,0.080413763311,0.0100032046787,0.0205364988754,0.0100186861206,0.0100428926655,0.0100104432649,0.010016989614,0.0100119982524,0.0100116403554,0.0100122206857,0.0100490406389,0.0100218746339,0.010009962529,0.0100099659604,0.0100236898976,0.0100452378555,0.0242548399378,0.0158479739905,0.0520479864777,0.0100701937912,0.0426298006472,0.0646511886887,0.120611486191,0.0100030957245,0.0100452378555,0.0100452378555,0.0255224715403,0.0101068677716,0.0100452378555,0.0100065504249,0.0100013420288,0.0100019897207,0.0100020132271,0.0100024930931,0.0100019842753,0.0100018669602,0.0172300117314,0.0735546266981,0.0561704953596,0.0284702992922,0.0371589595196,0.0163209013622,0.0100476481493,0.0100080212236,0.0100020388524,0.0100026026842,156.636531104,10.6071061133,2.01541791816,4.85860683416,86.0766512007,13.0549046358,5.37245067727,1.3925031985,4.05475193486,5.12727233869,1.50028638261,2.56163052194,2.45419363303,1.74283868977,1.6443124191,1.58682608143,7.18089500816,7.17773164362,2.83829928136,0,11.613365216,4.39803182881,44.5713453729,0.157907137244,12.2103391082,10.0951900773,17.8077996568,1.12748909353,0,0,10.4171673147,2.72195960093,0,0.518890917381,2.4185567334,1.56824014121,2.26485020194,1.64796618956,1.94142758037,1.88760969067,0.331505220749,5.12800020046,3.36717915162,1.02723847918,1.56248494138,0.398770078376,0.493440087038,0.460285832462,1.97169472371,1.15432293093
sobol__0001370,99.23819038,0.50493253,21.63087474,80.16131971,-45.87978981,-4.85853559,19.30281649,1,usable,Converged with independently replayed constrained generalized-force equilibrium and small reserve torques,523.807129,0.0228084217232,5.89332712964e-07,2.0605739337e-13,0.000134931045117,11,0,0.0100017941634,0.0100037121043,0.0422368903156,0.0100111765288,0.0100148131896,0.0122635881821,0.0154389497472,0.0296217518428,0.0100070550532,0.0100120987069,0.0100204766144,0.0342703131358,0.0238566571937,0.0351391002962,0.0100196755477,0.0504957579861,0.0100088414396,0.0100089949114,0.0100251222753,0.0135100454425,0.0369919329897,0.0361886270552,0.0718527777307,0.0346483985024,0.0237842473965,0.0209550858045,0.0201741679711,0.0100054316636,0.0100124041089,0.0100132768589,0.0100429320162,0.0100289002672,0.0100226645643,0.0100123129039,0.0100066068712,0.0100094842582,0.0100095520937,0.0100114310183,0.0100094747759,0.0100090287437,0.0100639932694,0.0143364470901,0.0112567171415,0.0100972058304,0.0101416037921,0.0100783130518,0.0100596349189,0.0100283180626,0.0100135049436,0.0100152568417,8.70815868318,10.9371448215,8.41852845037,4.84736743239,9.49723220535,15.5342046585,4.05946122423,3.84201134078,4.20927644709,5.5461102544,1.50141064334,7.14577021364,2.89001117563,5.63345356134,1.7986793754,23.3528130506,6.98431684656,6.83654262601,2.52455339358,4.86490804226,19.385356184,10.8732857309,80.5641114135,9.20358718566,7.8638156825,5.2044920955,2.91420274014,3.80590230487,4.02691337373,0.922877511054,5.37271380852,2.67351593796,0.646995123651,1.59830076877,2.58039694881,1.62647839382,2.3697684232,1.72958500519,2.05399844575,1.97389676144,0.201239866137,1.17357536749,0.824999054609,0.447130699006,0.482785826269,0.363697647234,0.724152060868,0.460944875301,2.01265431708,1.15135198294
sobol__0001378,79.55069038,55.34868253,47.41212474,102.50506971,46.62021019,3.34458941,13.67781649,1,usable,Converged with independently replayed constrained generalized-force equilibrium and small reserve torques,534.394881,0.110476273347,9.63414859001e-09,1.00186525742e-12,1.80394559525e-05,19,0,0.14348844013,0.010001543114,0.0100787822061,0.0100015371222,0.193974737615,0.0100006646825,0.117452937782,0.0100215952238,0.026169394542,0.0309338420764,0.0100909736582,0.0100078580998,0.0100069636267,0.0100084814144,0.0499667519468,0.0332122945232,0.0100282376121,0.0100284118096,0.0100399835046,0.0100452378107,0.0100019749448,0.0297248866072,0.0112920626617,0.0100216259084,0.0274018548989,0.079363917815,0.0985273294194,0.0100014473217,0.0100060724044,0.0100045553082,0.0387622539492,0.0152646373911,0.0100139577524,0.0100039067949,0.0100021715193,0.0100032635242,0.0100033025819,0.0100041046213,0.010003331483,0.0100031154506,0.0160834618532,0.0734005290201,0.0533185401413,0.0276798824529,0.0323449638141,0.0201482520859,0.0101452770255,0.0100128400492,0.0100034956088,0.0100046485304,165.706530836,10.1918833859,1.94593844417,4.92219664871,183.106569515,12.357297897,31.634155208,1.4078787796,10.2080970225,15.9307723848,1.87089764423,2.57707858968,2.64918394717,1.75638983961,9.0300700943,3.47076791439,7.18504790921,7.06800399467,2.75333576482,0,4.98755115618,9.17311641497,11.9850881701,2.02080356135,8.4675511235,17.1724117033,15.3599119218,3.60599638792,1.76389707326,0.773014309287,17.8951098474,3.88892829314,0.325914176835,1.51729905054,2.54802390885,1.62488629241,2.36114063038,1.71847925035,2.02736378062,1.96474652246,0.37256751285,6.55499162867,3.99093888676,1.23037812583,1.62095851875,0.726446564876,0.61160287082,0.460542675529,2.00854444757,1.16740345732
sobol__0001386,113.30069038,30.97368253,-18.21287526,94.38006971,-23.37978981,-3.21791059,51.17781649,1,usable,Converged with independently replayed constrained generalized-force equilibrium and small reserve torques,639.030795,0.0400159946297,5.14989437761e-08,1.7763568394e-13,1.97590878045e-05,13,0,0.129017421574,0.0100069248145,0.0100218387828,0.0100108164334,0.0228485158034,0.010003432931,0.0130575581811,0.0100294629681,0.0455908196341,0.0234810582811,0.0100344054427,0.010016971268,0.010015444544,0.0100130226086,0.0100841053041,0.0100247106188,0.0100131632888,0.0100133542905,0.0100300825195,0.0101011690925,0.0191323680427,0.0381963188307,0.0442142771528,0.0288600857905,0.0215785890435,0.0427482584319,0.0806845890026,0.0100026485127,0.0100452377777,0.0100358125037,0.0100941093076,0.0100351228638,0.0100452377777,0.0100051800219,0.010001639562,0.0100024026972,0.0100024392334,0.010003007034,0.0100023861686,0.0100022176938,0.0102372683417,0.0377110587745,0.0319820154348,0.0153172344962,0.0229362593982,0.0102698044246,0.0100368484455,0.0100095072841,0.0100040571374,0.0100034459017,156.716404428,11.0363477728,2.01847088575,4.09015485996,24.2229202926,12.0715830907,3.1181574821,1.37069292041,18.689973477,11.5434738129,1.05529848505,2.55155986592,2.32861110746,1.72972537859,1.41338431066,3.93395811257,7.12216374996,6.97883399749,2.6750907345,3.82447655831,10.0083780794,10.9664791917,48.0059115706,7.13340849016,7.03165383545,7.9390820732,10.61854456,1.96041817379,0,0.0233815677487,5.59845583236,2.8525487856,0,0.848474991759,2.39106478847,1.55274787241,2.25141004367,1.63615400073,1.92477706744,1.86531884963,0.144517724766,2.09653037238,1.67875411513,0.506353862088,0.833704034004,0.24289506839,0.580079459549,0.458297248186,1.88574394362,1.10073603793
sobol__0001394,96.42569038,10.66118253,61.47462474,49.69256971,1.62021019,11.00083941,-50.07218351,1,usable,Converged with independently replayed constrained generalized-force equilibrium and small reserve torques,616.289335,0.0639676222665,8.66182254811e-08,1.63424829225e-13,1.82563377638e-05,10,0,0.0223960235856,0.0100017779637,0.010014518624,0.0110479629504,0.0100025168606,0.0100021376846,0.0100435019752,0.0382856903397,0.11992147009,0.0748673300084,0.0100557072703,0.0324017668336,0.0147763807005,0.0100927885486,0.0383030784987,0.0144029332645,0.010010109536,0.0100103039485,0.0100408108544,0.0100074097864,0.0532267600261,0.0475353959885,0.0379063811893,0.0380738330158,0.0100452379292,0.119972147134,0.0100023401945,0.0279928823726,0.0100010765388,0.0100298509504,0.0900965707709,0.0287960256204,0.0100113427361,0.0100066985563,0.0100126568221,0.0100331529633,0.0100052193054,0.0100079467131,0.0100092573485,0.0100420485347,0.0100237014207,0.0100139401372,0.0102306470117,0.0194316224021,0.0100116996814,0.010076317829,0.0181853029991,0.027442129859,0.0100420235191,0.0496553848678,22.7831691974,10.9452075277,2.01709924455,5.5149502373,6.89396999074,12.4256841819,2.70547505535,4.89260938556,49.2666656428,38.7661413514,1.63818986645,6.41848475047,1.69301454502,1.60629263491,6.34190012961,7.07772586176,6.67002177739,6.50832967046,0.378682220294,3.56275271916,25.1787787373,15.0057201903,44.5727736239,10.5080429753,0,29.1226617009,1.89993540178,9.24894231324,4.7980837009,0.662886094859,49.7541896197,8.14090347822,0.742796983227,1.70756559663,2.30729667952,1.34566890491,2.2187322741,1.65610316034,2.12588017011,1.76490878906,0.394882864954,1.02892453779,0.93160889573,0.897245927012,0.724500319514,0.468404081939,1.56036662848,1.18829273759,0.925141940251,5.007998412
sobol__0001402,107.67569038,35.03618253,-22.90037526,9.06756971,-68.37978981,17.56333941,-12.57218351,1,usable,Converged with independently replayed constrained generalized-force equilibrium and small reserve torques,525.85495,0.0486946946572,2.65279389566e-08,1.63424829225e-13,3.70533907461e-06,5,0,0.14123881262,0.0100058083503,0.0100210062949,0.01001091816,0.0610080705344,0.010002536371,0.0210315513962,0.0100236441398,0.0397893957087,0.016959793551,0.010029446602,0.0100135094063,0.0100120172652,0.0100111263214,0.0100878348148,0.0100028009724,0.0100037829244,0.0100047877174,0.0100452377512,0.0100263144043,0.0188723473197,0.0530999667847,0.117184946559,0.0311018960715,0.0101266509843,0.021819694387,0.0105187619787,0.0105618828179,0.0159866083839,0.0100448365055,0.0157262226345,0.0100579586735,0.0100760830982,0.0104813609376,0.0100222087141,0.0100269517094,0.0100320263685,0.0100328277627,0.0100281966513,0.0100251619447,0.0100493164185,0.0100564208654,0.0100572566346,0.0100465865304,0.0100581218634,0.01006521342,0.0100445693022,0.0100339379905,0.01002088578,0.0100224075439,172.032645684,11.0247732778,2.01841603547,4.2069713227,63.7955856745,11.5480262079,4.94215727524,1.38743784313,16.3919337042,8.85167815633,1.30857698989,2.5778657336,2.50586304985,1.74349251111,1.45577984695,7.2772950919,5.15657280752,3.97861124872,0,3.44302786897,4.74079149328,15.510274293,137.001901601,7.33623996495,3.03574858386,5.38391849596,1.97044305158,2.83222788505,7.63153380002,0.621240810426,2.41998636195,2.42281543166,0.681932933029,1.71624099184,2.52479596682,1.46904422603,2.36630774408,1.73078321326,2.12897213494,1.90578318484,0.391918888963,1.0675883738,0.948743311729,0.48574228765,0.728197073653,0.46933675165,0.733187128182,0.416880435939,1.46786664868,1.0584057307
sobol__0001410,85.87881538,14.21587003,30.41993724,82.70038221,29.74521019,1.29380816,-42.10343351,1,usable,Converged with independently replayed constrained generalized-force equilibrium and small reserve torques,571.120925,0.0341637320762,1.91078672884e-08,2.14600738752e-13,5.26027125653e-06,5,0,0.0999680118669,0.0100065148654,0.01002579126,0.010009453853,0.0474341204634,0.0100035101284,0.0190608734631,0.0100304014099,0.0492398755938,0.0500434426066,0.0104673383723,0.0100168056187,0.0100197696787,0.0100163976556,0.0148929384457,0.0100565871099,0.0100112429554,0.010011424117,0.0100283668821,0.0100452369443,0.01001692738,0.0303102988196,0.0533632134827,0.0354131181356,0.0476396916717,0.0363455158433,0.0183309689311,0.0100058356473,0.0100090030537,0.0100134289286,0.0492947342018,0.0135584502281,0.0100246452179,0.0100149864928,0.0100102055802,0.0100150446983,0.0100139923989,0.0100162725506,0.0100135530712,0.0100141163165,0.0102236873456,0.0270355765586,0.0240325917776,0.0116616839725,0.0129921223344,0.0102965948313,0.0100739650197,0.0100331243286,0.0100140061487,0.0100170657239,109.878626994,10.8376767408,2.01921755905,4.96066646093,43.1114994757,12.6353934826,5.09088232164,1.3241880534,20.2259976135,24.6117002889,1.10020219874,2.25250279279,1.51020745949,1.65507886415,2.49677874967,3.91456309673,7.01068083747,6.86308190974,2.55961770178,0,5.24288853022,9.52566942684,59.512390421,9.11679293997,14.600240436,8.90988621198,3.50806098522,4.08135819508,4.70103340605,1.00247050215,25.9583926355,3.60494391683,0.744235205711,1.71032875407,2.48633463625,1.47352673572,2.26406077845,1.69511039896,2.12670492386,1.90320080083,0.376422663709,2.91947822294,2.25938695729,0.550553339599,0.927974694235,0.486354802151,0.832242872316,0.459974067228,1.12266274237,1.12544543534
sobol__0001418,119.62881538,38.59087003,2.29493724,107.07538221,-40.25478981,-9.64369184,-19.60343351,1,usable,Converged with independently replayed constrained generalized-force equilibrium and small reserve torques,487.953528,2.88139264766,8.32155684805e-07,2.41114928503e-12,9.17930637221e-05,20,0,0.140187223237,0.0100010138692,0.0100882169101,0.0100023791526,0.0801920129865,0.0100006485665,0.0845382757036,0.0183749289307,0.219148533635,0.0865340412934,0.0100205634958,0.0100135267931,0.0100090063359,0.0100053888392,0.0100464868169,0.177662513621,0.322892912518,0.319230150972,0.0734554703332,0.641059838873,0.110108648368,0.173560411686,0.0100007638392,0.0100003669003,0.814737385689,0.876124106672,0.0100004320173,0.713935799569,0.0100001828817,0.0249775972613,0.0100003350155,0.0100015104211,0.0100032450319,0.0100017977057,0.149972825917,0.163208789774,0.0100021786791,0.0100065818932,0.06980437375,0.241096709362,0.010004993638,0.0100010916878,0.0100102957189,0.0473579646737,0.0100022921037,0.0256227569149,0.010007172636,0.0877832485249,0.0100068465322,0.170224492689,170.741287054,11.0203902593,2.0318714752,3.38686057617,86.2395484633,12.7873829332,21.0895662836,2.50306848464,85.876791508,36.0696726554,0.995438829267,2.54794167728,2.3922754031,1.7387372473,1.36568786026,48.2232226323,231.581272295,226.357107583,20.4596073589,233.654983945,54.6665203396,37.9939225006,10.4255921528,2.02899605813,173.22862011,217.219407773,1.48702360291,277.782748599,4.45549490112,2.43499222242,5.52651524898,2.70863101834,0.688663188934,1.64464160223,38.1248348739,24.7755473295,2.28547460731,1.70973973779,14.8226234641,46.9085205994,0.296916591705,1.08787061272,0.944478115762,2.30347209449,0.590283230763,1.21109288626,0.835922282781,4.03786451196,1.53832746622,19.8639263894
sobol__0001426,91.50381538,50.77837003,72.60743724,5.51288221,64.74521019,13.32505816,21.64656649,1,usable,Converged with independently replayed constrained generalized-force equilibrium and small reserve torques,553.397983,0.0628399501232,6.07419909926e-08,1.91846538655e-13,1.5768000413e-05,15,0,0.165911799407,0.0296357946718,0.0100153881568,0.0406178908891,0.0100052138876,0.0100553761923,0.0100156128673,0.0100419876726,0.0526084556151,0.0100674269318,0.0100308384924,0.0100359997721,0.0100235348859,0.0100195591818,0.0101124223152,0.0137835204848,0.0457914430639,0.0345651784137,0.0100452373218,0.0100452373218,0.0100443287165,0.0100147607694,0.0100072940048,0.0100171018971,0.0332594796584,0.0629666509137,0.0756000983977,0.0100014562853,0.0100017429757,0.010004000527,0.0346359517939,0.014340727482,0.0100071790485,0.010003477535,0.0100024681824,0.0100037602338,0.0100034143552,0.0100043283153,0.0100036224459,0.0100036954987,0.0157292160728,0.0746459081528,0.0542495331258,0.02949396399,0.0335393602828,0.0186577241439,0.0111633784564,0.0100238731412,0.0100054445538,0.0100085977921,193.56711883,30.9088369234,1.8756091086,19.6435966948,7.78048518273,12.3519724085,2.62714698327,1.37656995217,18.3362683872,4.2393972575,1.14811867983,2.51830174717,2.36745224932,1.73394510823,1.59476617421,7.34487916228,22.1653945366,12.6261265321,0,0,3.33746020338,2.09498847225,11.6417234839,2.3322122018,7.60300959258,10.202665036,14.583083896,4.07839050539,4.42613316936,1.00778663619,19.2694376455,3.17981710396,0.732281693129,1.68629927798,2.52058235722,1.62070600248,2.33217972969,1.69855305164,2.00452067462,1.95102759773,0.455199597063,7.88563772227,4.59646223699,1.37550780867,2.23122812098,0.592905458129,0.54575628081,0.447359856701,2.00251187663,1.16708014197
sobol__0001434,102.75381538,26.40337003,-49.26756276,62.38788221,-5.25478981,24.26255816,44.14656649,1,usable,Converged with independently replayed constrained generalized-force equilibrium and small reserve torques,558.836703,4.91296083045,3.9480549674e-07,4.26759253875e-12,0.00101789795572,25,2,0.168865282578,0.0511490445123,0.0100068474148,0.0100207803078,0.199217230764,0.0100015671133,0.0248301185438,0.0100066900738,0.0295302576755,0.0100057507707,0.0100073890982,0.0100043445818,0.0100041207173,0.010004101241,0.0100889871777,0.0100027006161,0.0100093479158,0.010009513683,0.010030901718,0.0411124561688,0.101503632371,0.0593847412833,0.0545177511516,0.0322523775231,0.0100000425913,0.0100001568181,0.999999755613,0.0100000965701,0.361186394307,0.0100002302346,0.0100086165426,0.0100141365412,0.158726545239,0.405515201136,0.0100002423135,0.0100002882033,0.770556383657,0.255959573471,0.0100025580952,0.0100002576288,0.466524977374,0.999957552181,0.792596376839,0.0779264812732,0.991864775659,0.010001984005,0.0100003959977,0.0100001754887,0.0100000411508,0.010000049549,170.789276424,56.4146039997,2.01023779435,4.99609075837,194.797061832,9.80380101401,3.93603369326,1.38828473749,12.6152946902,5.82877097555,1.67783747587,2.57647977722,2.43270928738,1.73152281228,1.57640511545,4.89482294717,6.80833245582,6.65914944847,1.45542691367,15.4161441881,42.3794436668,18.8130823673,63.1843598218,8.86444080031,3.20641651239,1.68964256909,187.502085774,3.7665964525,3.71087963813,0.877795708226,5.57212730345,2.84989861601,5.27154067706,61.07708749,2.47035113083,1.60172421154,175.660243348,42.5421650137,1.968195071,1.92909902997,10.2639330539,76.8007941857,52.0434890293,2.79634163554,50.6602974014,0.227100151625,0.401665804888,0.387556249096,2.0097696767,1.15582958971
sobol__0001442,77.44131538,48.74712003,-32.86131276,23.79413221,7.24521019,16.05943316,49.77156649,1,usable,Converged with independently replayed constrained generalized-force equilibrium and small reserve torques,651.338208,0.370111039438,4.78899124801e-08,1.18822760354e-12,1.63094183467e-05,25,0,0.261801043886,0.157121196359,0.0100031695903,0.0100026172816,0.459616673812,0.0100005503005,0.107521306231,0.0100026497525,0.013306487366,0.0100011423057,0.0100012626859,0.0100016305497,0.0100013767738,0.0100015184571,0.0100111352432,0.0100008964166,0.0100027016043,0.0100031038963,0.0100452378035,0.0100452378035,0.127688869429,0.0148072039215,0.147132950306,0.0741129483697,0.0100371214695,0.0197966559444,0.0687787687256,0.01000241715,0.0175176807254,0.010006549319,0.0100029154005,0.0100047235487,0.0100171976949,0.0100073783017,0.0100029163277,0.0100040798989,0.0100050683543,0.0100059535224,0.0100045055819,0.0100038441557,0.0101378598397,0.0239006369572,0.0177623051382,0.0100914428858,0.0201292086598,0.0100626527293,0.0100291057454,0.0100101326572,0.0100029479083,0.010003693603,318.882583828,165.421503895,2.01469484769,4.97851030268,466.036957701,12.0807673179,25.6338611453,1.43651329096,5.67856889234,6.0221252354,3.11420236605,2.63366277902,2.79231839172,1.77985499082,1.84774914588,5.22007463793,6.21787635195,5.36379473853,0,0,36.0127193636,2.99939559342,173.185843964,18.8091017259,2.44086007632,2.86057372614,13.1981478579,3.88745308389,3.16266315702,0.916298238168,4.85682248215,2.79711750419,0.566596470697,1.56507058245,2.41077460089,1.56716301606,2.24629707945,1.63641786412,1.92985836458,1.88817348541,0.226735578903,1.9005097401,1.19141177012,0.371363924672,1.09093787497,0.201957765167,0.413463926402,0.43793306139,1.99165586346,1.16735990832
sobol__0001450,111.19131538,8.12212003,70.26368724,48.16913221,-62.75478981,22.62193316,12.27156649,1,usable,Converged with independently replayed constrained generalized-force equilibrium and small reserve torques,587.373361,0.0739276070475,1.19504349527e-07,5.44801885579e-13,3.65346669656e-05,10,0,0.0100026178972,0.0100009130813,0.0101099430703,0.010019748471,0.0100020091269,0.0100011085481,0.0311383712679,0.0727156280108,0.119147728518,0.017651622889,0.0100121630778,0.0600661164738,0.0292984485543,0.0158736327854,0.0442935147747,0.112401518163,0.0100086096866,0.0100087870273,0.0100415970643,0.010008755393,0.0931635088348,0.0713435530891,0.0446957645284,0.0703592410587,0.0100783788511,0.0195168324242,0.0570450457342,0.0100087478125,0.0447725955728,0.0100161250034,0.0531328544475,0.0140838393431,0.0100440191418,0.0100375785882,0.0100107385264,0.0100140210556,0.0100198825618,0.0100208425314,0.0100166079977,0.0100131556558,0.0101855851605,0.0292358538039,0.019936727358,0.0103356039624,0.0170188990455,0.0101160557809,0.0100337900342,0.0100208139612,0.0100080012719,0.0100094549054,9.48379252913,11.0072659412,2.03629576994,5.00143093125,6.2350054433,12.4664745618,8.38796780505,9.05482254486,49.2304676055,9.62488505751,2.03330666901,11.2493402789,2.92808315905,2.46910631985,7.35382914432,56.3413034244,6.65133138999,6.48592113182,0.250050042911,3.48077806938,48.915575799,22.5990960576,52.5818905883,19.2860770762,3.09227084218,4.43004956551,11.003881716,4.07977841225,18.6147682013,1.01157967147,17.3637641467,3.47312638919,0.729104062684,1.6932795864,2.59066540728,1.6160994094,2.37254332334,1.73246518701,2.08679131511,1.97469738207,0.306946057478,3.14508418926,1.75553910932,0.491907758577,1.14704541112,0.375791635303,0.586180756921,0.394055653128,1.72578485662,1.06958054866
sobol__0001458,94.31631538,20.30962003,-9.42381276,68.48163221,42.24521019,-0.34681684,-13.97843351,1,usable,Converged with independently replayed constrained generalized-force equilibrium and small reserve torques,555.834063,0.0445550108563,1.73913379808e-08,1.27897692437e-13,7.27311071087e-06,13,0,0.140551378495,0.0287380510092,0.010018246866,0.0100303425751,0.0428318614148,0.0100058103624,0.0101037018394,0.0100184664031,0.0133080094442,0.0100178343375,0.01002366802,0.0100133415917,0.0100145337755,0.0100130187722,0.0100617420686,0.0100064894159,0.010008389725,0.0100085400837,0.0100264789609,0.0100452378589,0.027797494175,0.0161037559208,0.0693869712623,0.0468705709275,0.048243589621,0.0453348458561,0.0361789014114,0.0100038619489,0.0100066189011,0.0100096103689,0.0466672355834,0.0104354916805,0.0100201613287,0.0100112080376,0.0100068051276,0.0100099687908,0.0100093928617,0.0100114918158,0.0100095845073,0.0100096832995,0.0102038238455,0.0350756071372,0.0304785855623,0.014647399844,0.0147730700578,0.0114544844871,0.0100999714178,0.010026945422,0.0100088818266,0.0100126972492,160.746022464,31.3907438107,2.01670413487,4.74695903032,46.0588847412,13.0702896591,2.52315886927,1.35736220772,5.55221205099,5.38322588847,1.10668894008,2.48579782799,1.97715948472,1.69813076923,1.6239068241,4.79121479547,6.86989195548,6.72174233569,1.94491664311,0,10.4548987923,5.09008291369,79.5890902819,12.7062170646,15.8667098581,11.4465681649,6.41669995555,4.06651416299,4.59822725551,1.01079869614,24.9507881357,2.69224928702,0.732008696265,1.68652037245,2.58962314208,1.62118904265,2.36902708202,1.73083331868,2.09704451471,1.97459638037,0.29397487382,3.81303484602,2.84024168612,0.714787019454,0.911430930254,0.531580109267,0.742423011359,0.461189640259,1.67068435402,1.16821550262
sobol__0001466,105.56631538,60.93462003,37.45118724,125.35663221,-27.75478981,-6.90931684,-51.47843351,1,usable,Converged with independently replayed constrained generalized-force equilibrium and small reserve torques,447.310453,0.130711959385,8.71877992026e-08,2.60996225961e-13,2.06905500992e-05,10,0,0.159813284246,0.0100005371763,0.0100949994673,0.0100006066722,0.0693955289799,0.0100002358333,0.223768824357,0.0335169958894,0.189122425058,0.010011162169,0.0100056242875,0.0100125873178,0.0100054065086,0.0100038259101,0.0406397091187,0.0274303861636,0.010008473379,0.0100084721431,0.010020951793,0.0352400287936,0.0100011400483,0.044893958697,0.0560218944951,0.0100530146687,0.0100452377316,0.0238424992142,0.0101989969345,0.0100072488668,0.010013414108,0.0100167479136,0.0100108456645,0.0100162455139,0.0100293064027,0.0100177766432,0.0100124279732,0.0100176247629,0.0100166083321,0.0100188121831,0.0100147629571,0.0100166805916,0.010075521617,0.0129383450121,0.0113667831492,0.0100956176813,0.0102363253813,0.0100890620951,0.0100656379169,0.010038369235,0.0100228608315,0.010023645659,177.662281427,10.4110062798,1.91016054842,4.58247174141,66.7329677104,13.0457040495,60.1735381295,4.73489583112,67.5744835846,5.22370341029,2.20634412824,2.60754960034,2.78905744093,1.78498031079,6.54973280268,1.16153984791,7.17812933171,7.17941475918,2.81834242385,13.2213574833,3.11550686734,8.41524521272,42.7376483314,0.175154073352,0,5.6554426121,1.76602980972,3.99644589608,4.51986419847,1.0107410121,5.19426410761,2.83528222286,0.698464512932,1.66799163881,2.23202210694,1.32915319784,2.02603461898,1.55911766503,2.1264333943,1.76752373194,0.389521551453,1.38195784824,1.04544647911,0.459710477324,0.734503633733,0.467582783264,0.869451943397,0.461498413013,0.933439883075,1.12633089465
sobol__0001474,81.66006538,63.98149503,-17.62693776,59.34100721,-74.00478981,-5.54212934,5.70906649,1,usable,Converged with independently replayed constrained generalized-force equilibrium and small reserve torques,373.29074,0.0911440277689,6.42271000828e-08,6.03321407091e-13,5.03826171237e-06,14,0,0.17987170512,0.16583817664,0.0100225693397,0.0268140348796,0.124281584039,0.0100076998024,0.0124717745932,0.0100091858412,0.0100056054295,0.0100020161537,0.0100026015271,0.0100068661685,0.010006121153,0.0100067395541,0.0100089887145,0.0100068504099,0.0100127683945,0.0100129755781,0.0100360858346,0.0100756453398,0.0881430426599,0.0100066818797,0.0341289273023,0.0164175517901,0.0100519173459,0.0177082662458,0.0323038706038,0.0100045485857,0.0100162372726,0.0100118731726,0.010063450561,0.010040706252,0.0100224800015,0.0100129009653,0.0100072264722,0.0100102415436,0.0100112502066,0.0100130498927,0.0100104604606,0.0100096296051,0.0100785886978,0.0198240924342,0.0135131282117,0.0101092143984,0.0106284482468,0.0100907665473,0.0100571058638,0.01002653004,0.0100123877753,0.0100141190718,206.694837299,170.695847737,1.99455842185,12.9897068244,130.000057232,12.8784233624,3.1071352447,1.43983843017,4.20375720366,6.06215617575,3.76271301188,2.66220524351,2.8686191231,1.81360653594,1.87660288798,2.64926756982,6.77852358557,6.6280824827,1.20189396697,3.40711933765,46.282549165,3.16532202244,39.7392487382,4.53030363507,3.39041306245,4.47056923677,4.9897704503,4.08041249641,4.64310278346,1.0111616001,3.41692281436,2.36605060838,0.744139060354,1.70826849125,2.5894835317,1.61436903603,2.3691561861,1.73104966196,2.10494596246,1.97435695937,0.240135744342,1.9271117364,1.15114689208,0.490119630614,0.582389875185,0.417003090453,0.785364081736,0.461121364834,1.99808565574,1.16634251364
sobol__0001482,115.41006538,23.35649503,47.99806224,2.46600721,15.99521019,5.39537066,58.20906649,1,usable,Converged with independently replayed constrained generalized-force equilibrium and small reserve torques,659.539992,0.126717010495,1.24040070215e-07,5.82645043323e-13,1.4868815569e-05,20,0,0.109575925255,0.01000458898,0.0100096840374,0.0797957041914,0.0100015028511,0.0272024338291,0.0100065084725,0.0356805490334,0.138966225034,0.0142647556341,0.010021037602,0.045626726043,0.0239808829457,0.010079607592,0.0168983239144,0.169493276947,0.137717050704,0.101875387971,0.0100452377164,0.0100452377164,0.0988862172546,0.0476300144781,0.010002534227,0.0100096473282,0.0152915179931,0.0267513939766,0.0802744548364,0.0100016175398,0.0100034159316,0.0100058419566,0.0100021095636,0.0100051240813,0.0100103041293,0.0100038994174,0.0100024450135,0.0100035192093,0.0100034759537,0.0100042912285,0.0100034573974,0.0100033082209,0.0102575753334,0.0407981928124,0.0302109399636,0.0150865690452,0.0252569847809,0.0101088752119,0.0100763034312,0.010016126417,0.0100041757809,0.0100058051631,131.51277392,10.992400465,2.01610929493,39.0610405109,7.83968003149,34.632365536,2.69292942846,4.65410482209,54.184748409,5.65232379534,0.809191060741,10.1845074673,3.76939978277,1.68132259897,2.33084127071,125.402327947,63.047662021,34.5002991428,0,0,26.1726900572,12.6242006579,11.5679549964,2.33359914241,3.35904076788,3.28196062001,15.2853150509,3.85766278927,2.59324526768,0.872367413739,4.44113454695,2.74442430209,0.505172484866,1.54933000688,2.32446836973,1.52154707753,2.20260194411,1.60215946436,1.85507740857,1.83253161013,0.221545164667,3.19714437586,1.98325419532,0.560387711586,1.32388101177,0.183833568466,0.451065725179,0.460723177135,1.875125872,1.12631889555
sobol__0001490,87.28506538,3.04399503,-31.68943776,112.15350721,-39.00478981,19.61412066,-58.04093351,1,usable,Converged with independently replayed constrained generalized-force equilibrium and small reserve torques,585.164647,0.0388051039442,9.74596412462e-08,9.92539384015e-14,2.15179258983e-05,2,0,0.018317793621,0.0427086109337,0.0100903330924,0.012044955103,0.0175851873072,0.010098576601,0.0101105289399,0.0100726603828,0.0100608804967,0.0100341938567,0.0100653715253,0.0100712516047,0.0100803400087,0.0100733498737,0.0100905406653,0.0100298229633,0.0100285305164,0.0100286520585,0.0100688430811,0.0100933400282,0.0565883285925,0.0158902389831,0.0582362696817,0.0351034932497,0.0101231378417,0.0949501744672,0.0100046002836,0.0763055523055,0.0100026331494,0.0115176567868,0.0250937891203,0.0101441428067,0.0100263324654,0.0100148272329,0.0100330716106,0.0100944745386,0.0100106710758,0.0100162255704,0.0100173652112,0.0100806798765,0.0100345492607,0.0100174576529,0.0100386671278,0.015128259078,0.0100181873741,0.0100773991824,0.0301621219391,0.0391384051787,0.0195781381987,0.0782304251193,14.5916600258,46.9089073855,1.97040219365,6.01258810224,18.2405912939,13.1015839958,2.39360659164,1.34858994511,4.36988596462,5.93484863842,1.5490952071,2.42192844222,1.66650527019,1.67109728405,1.83024068265,3.69540858461,7.19416599941,7.15462823933,2.84572288524,3.68903776619,27.4225518557,4.22758321878,58.459972398,5.51710224732,0,22.8104346213,1.89504863552,31.0944120968,4.2454028473,1.11915090672,13.6818971212,2.76303946159,0.70774620543,1.68638009476,2.04343865014,1.18155120458,2.13547456304,1.58610126316,2.12503864214,1.58886067944,0.394715549276,1.00076314239,0.899237736343,0.691245664897,0.718540619378,0.457173794555,2.64918615026,1.53765495462,1.37588818808,6.9803900778
sobol__0001498,98.53506538,43.66899503,52.68556224,87.77850721,50.99521019,8.67662066,-5.54093351,1,usable,Converged with independently replayed constrained generalized-force equilibrium and small reserve torques,491.784787,0.134773517486,5.02862746998e-08,5.11590769747e-13,1.21424316013e-05,7,0,0.143476896738,0.0100016723357,0.0107459875297,0.0100020674579,0.111314924903,0.0100010039672,0.126550463155,0.0148757593683,0.18223944124,0.0779947293233,0.0100604623927,0.0100179514684,0.0100148832533,0.0100112673371,0.0425995240004,0.139797805655,0.0100243816799,0.0100247447313,0.0100557582523,0.0100822900283,0.0100023287575,0.0578331300849,0.042846123644,0.0101153012017,0.0399248467968,0.0581675048945,0.0511279114096,0.0100050210623,0.010008559763,0.0100127809808,0.0629057532564,0.0189110845842,0.0100275131389,0.0100143568158,0.0100092796986,0.0100139773281,0.0100135291486,0.0100167917732,0.0100140422252,0.0100139156787,0.0114306440982,0.0488236274992,0.0372715726454,0.0194131915646,0.0195865665688,0.0149318645389,0.0102544907416,0.0100449839835,0.0100134781365,0.0100198570897,170.682380214,10.5959734808,2.10691654894,4.99284531622,92.0234817598,12.6215561621,34.0897852338,2.02659563217,64.4953301637,31.1904990187,1.00565346512,2.50531300497,2.27476100151,1.7274055373,6.20144003173,35.0641392546,7.06892443015,6.9220788801,2.62015824449,0,5.25204522572,18.1184399118,47.2524444525,2.57314790132,12.8476990364,14.3453589102,9.43844188268,3.92561776453,3.98861031854,0.970240214921,31.7268309958,4.74049297969,0.681037498978,1.61963958087,2.59023297506,1.62636645959,2.37107304503,1.73179371757,2.07663640743,1.97566330722,0.326299575806,5.2237107689,3.27558266462,0.943176683367,1.18915892756,0.647652005789,0.664836006329,0.457528277598,1.73495181717,1.16342724818
sobol__0001506,78.84756538,29.45024503,87.84181224,126.37225721,-51.50478981,17.97349566,-29.91593351,1,usable,Converged with independently replayed constrained generalized-force equilibrium and small reserve torques,578.222889,0.0784309223768,8.36939761939e-08,2.20268248086e-13,1.09267125449e-05,7,0,0.0355637568123,0.0100030358853,0.010077097447,0.0100066143667,0.0333015303423,0.0100091731121,0.0100452377629,0.010339937944,0.0685062023364,0.0919980055656,0.0216773273712,0.0100452335439,0.0100478014477,0.0100400538242,0.0182367468947,0.0100305942233,0.0100026591871,0.010002658353,0.0100085429108,0.0701047617949,0.012926883745,0.0797506412132,0.199628455055,0.0238692053444,0.067671331867,0.0100381414664,0.010005368554,0.0262052207417,0.0100131189392,0.0112829167996,0.0100100442879,0.0100120414184,0.0100380231221,0.0100263336644,0.0100262728985,0.0100416489677,0.010014958272,0.0100200798293,0.0100215651059,0.0100544321871,0.0100250908309,0.0100135148878,0.0100177016482,0.0100338744189,0.0100172159706,0.0100300145249,0.0102158128224,0.0116740479013,0.0220425366076,0.0298631967452,43.1324940121,10.6616622011,2.00996242962,4.73971320536,21.542396125,12.2965941518,0,1.36280534569,27.8393707409,46.8499404853,2.89464781356,2.16407556283,1.52840579557,1.65691842241,3.03449318377,0.511434766433,7.17306732929,7.17544870367,2.79923179497,24.9518884481,0.418858144779,10.7238500379,148.125271773,1.3383864805,13.6504150734,2.53437521799,1.92852246781,10.5255331252,2.09512501248,1.12169528671,5.38054401356,2.59831129883,0.607588279139,1.6182617461,2.36549771621,1.36481287794,2.30882461967,1.70230381549,2.12849582753,1.79573170858,0.391292203362,1.06958058164,0.945156648758,0.4827500042,0.724959132971,0.47440576695,0.819888086243,0.476758872519,2.60495154637,2.97675091997
sobol__0001514,112.59756538,53.82524503,-52.78318776,69.49725721,38.49521019,11.41099566,-37.41593351,1,usable,Converged with independently replayed constrained generalized-force equilibrium and small reserve torques,556.576553,0.0809629184702,1.60580810871e-08,1.02317223491e-12,3.18969748001e-06,6,0,0.190484563828,0.0100205580385,0.0100168929416,0.0426111145512,0.164585074134,0.0470694031747,0.0112192138009,0.0100114658851,0.0294240523691,0.0100235512962,0.0100105419749,0.0100080791545,0.0100068283515,0.0100074036892,0.0100213671155,0.0100083297972,0.0100125571443,0.0100127559213,0.0100314933331,0.0100452383355,0.0100132446767,0.0100137198417,0.0418633779864,0.0213259022315,0.0550539458186,0.0132994888337,0.0100087649624,0.0185789027818,0.0100062056,0.010062370921,0.0523946144899,0.0151774935951,0.0100322158202,0.0100265046972,0.0100497957836,0.0100663975556,0.0100219348162,0.0100287674129,0.0100359260835,0.0100832999871,0.0100364130886,0.010026780993,0.0100410326701,0.0100575340789,0.01002477691,0.0100429402072,0.0100662514785,0.0101209363318,0.0100858635263,0.0144091751488,228.574442549,11.0504526075,2.01624125094,19.8927162136,156.282070249,39.3597207225,1.49314143522,1.43823013952,12.1770024177,5.67378742062,1.99847210277,2.65774414834,2.8541802636,1.80763950066,1.59717059101,2.90194182639,6.88284913776,6.73473475452,2.02358354174,0,3.22316030501,3.15213516932,47.9305246909,5.75728900467,18.0502648712,3.3379693838,1.93038737373,7.5339554548,4.6279913103,0.938443480057,28.0881398415,3.95313236613,0.752485193446,1.71553467937,2.54030886827,1.50126835288,2.34416048357,1.72426506681,2.13076688794,1.9298474605,0.38088577026,1.0736111393,0.94626096103,0.481601228969,0.725246545097,0.474901730822,0.787597451553,0.441728663348,1.14935578194,1.51294342686
sobol__0001522,95.72256538,33.51274503,17.52931224,41.05975721,-16.50478981,-2.80775434,33.83406649,1,usable,Converged with independently replayed constrained generalized-force equilibrium and small reserve torques,521.203185,0.0622897365615,3.28772644664e-08,1.35003119794e-13,1.05448310288e-05,18,0,0.154607422677,0.0100057120756,0.0100235203221,0.0100062195283,0.0717835775298,0.0100020984001,0.0303528998134,0.0100235964208,0.0417515322299,0.0129818309553,0.0100303237785,0.0100122315123,0.01001217378,0.0100112022623,0.0107517533806,0.0100078927937,0.0100044965231,0.0100046249346,0.0100452375059,0.0100761758676,0.0388053820904,0.073253063614,0.0901456287347,0.0641703890923,0.0402975047075,0.0402637274176,0.0496898624461,0.0100026766564,0.0100057212354,0.0100070586155,0.0240485387642,0.0100372363008,0.010012360697,0.0100060399279,0.0100031539749,0.0100045950355,0.0100046045105,0.0100056643177,0.0100045868456,0.0100043151698,0.0101091690588,0.0285708589818,0.0221976876812,0.0110677847095,0.0151591889707,0.0101684614943,0.0100586886486,0.0100173722259,0.0100066978416,0.010007130477,188.313095554,10.7340601056,2.01814187001,4.66974767339,74.3082033532,13.0328366933,7.96327485204,1.37015570857,16.6964314945,5.85530880479,1.00893287712,2.50926135923,2.170373702,1.72051826254,1.61677531467,5.29454212867,6.56135680092,6.35962881881,0,3.82490769073,15.3875355957,23.1121657491,106.128854138,17.5982818353,13.1687036125,8.52147308168,8.22965450674,3.8833790535,4.22135520285,0.930082019066,11.2018925113,2.85745329487,0.675467205556,1.60379461722,2.48296471491,1.60332664931,2.31997753655,1.68589275321,1.98887479769,1.92574935113,0.197926242573,2.26428699318,1.54566519513,0.45830345398,0.745057283652,0.304476552831,0.633078265137,0.460371168681,1.97895161576,1.13307727446
sobol__0001530,106.97256538,9.13774503,8.15431224,16.68475721,73.49521019,3.75474566,26.33406649,1,usable,Converged with independently replayed constrained generalized-force equilibrium and small reserve torques,487.547021,0.0386409678412,3.57242999627e-08,1.20792265079e-13,1.40661310895e-05,18,0,0.0553645625604,0.010006109772,0.0100294160702,0.0100125155544,0.0253964292018,0.0100049725028,0.0128548144768,0.010045419157,0.0351664513241,0.030707366462,0.0100654261186,0.0100248711164,0.0100274250938,0.0100214907421,0.0111931332975,0.0100041208138,0.0100042307631,0.0100051173023,0.0100452373724,0.0100452373724,0.0100323440478,0.0138352108094,0.0938393057644,0.017068747747,0.0347785996498,0.050539946429,0.070704063719,0.0100016484804,0.0100030906884,0.0100044853175,0.0780493408596,0.0102579513096,0.0100084542911,0.0100040783325,0.01000248196,0.0100036943829,0.0100036562151,0.0100045350227,0.0100036997852,0.0100035445868,0.0112190064676,0.0504368587086,0.0373611141482,0.0186634221698,0.0249073937867,0.0129198487498,0.0100725077866,0.0100148371953,0.0100043024882,0.0100054595331,54.8411064875,10.9794885073,2.01058956417,4.67573263472,26.7781885328,12.9890724192,3.30912122821,1.32288427555,14.6372564378,15.87816228,0.989584580974,2.27533057057,1.49543997634,1.65055131504,1.86954443049,7.41531794422,5.80480796908,4.69815852498,0,0,1.32186806099,2.92892090814,110.294377318,4.09475305122,8.98165234497,8.66106786163,13.0269346282,4.07844191006,4.45175852718,0.987057428752,43.4873407468,2.05277719926,0.72418204368,1.67083590146,2.48876024668,1.60325285772,2.32100455904,1.68821440058,1.98788947544,1.9253766711,0.26432723471,4.59870027628,2.82588083707,0.810536142836,1.43944723203,0.398587244896,0.535477341825,0.460657812602,2.01062320431,1.16467815709
sobol__0001538,84.29678413,57.50688566,20.01954661,19.09686659,76.46396019,5.97642535,-31.90812101,1,usable,Converged with independently replayed constrained generalized-force equilibrium and small reserve torques,400.40735,0.128879137685,6.33310293097e-08,2.83899114416e-13,1.05892925073e-05,8,0,0.178627899863,0.119715031864,0.0100484408735,0.014116339798,0.113714919433,0.01001247714,0.0138753077594,0.0100206411089,0.0100150101835,0.0100055097522,0.0100095829839,0.0100151574386,0.0100134261225,0.0100156086358,0.010025742903,0.0100038028914,0.0100043209494,0.0100051873235,0.0100839167648,0.0100839167648,0.0104344402146,0.0100216051147,0.175724511915,0.0338829005031,0.0100839167648,0.0889282954077,0.0226750737449,0.0100068861238,0.0100062554987,0.0100180462238,0.141492350246,0.0135522622289,0.0100288111814,0.0100142610539,0.0100087370313,0.0100137756238,0.010012667334,0.0100156142288,0.0100127063763,0.0100133352702,0.0140980253927,0.0451228223216,0.0436142053134,0.0206241443035,0.0202932035922,0.0185872845743,0.010959194619,0.0100491316589,0.0100137214275,0.0100204860072,204.468804937,122.564845233,1.96567656691,7.04135714915,121.518204609,12.969412824,3.69227288492,1.43010987725,4.01975890234,5.69196397202,2.46711718619,2.61150880642,2.78841597216,1.78142255085,1.80925627353,4.97746721977,5.97715545339,4.92742223169,0,0,2.4831305164,1.692510861,206.689177363,8.18071555895,0,22.4530275459,4.3728714878,2.96448898411,4.75895654022,0.641945111427,78.831895025,2.63225614916,0.641565638798,1.63331222132,2.56830163812,1.55181002885,2.34949392653,1.72584804258,2.12350564172,1.96036020287,0.534018456637,4.81606974524,4.10407793485,0.983216508545,1.4691944251,0.879161896104,0.82879023835,0.45751835358,1.29120546851,1.12652101694
sobol__0001546,118.04678413,16.88188566,10.64454661,43.47186659,-13.53603981,-4.96107465,-24.40812101,1,usable,Converged with independently replayed constrained generalized-force equilibrium and small reserve torques,544.636817,0.0747262467371,4.72218966152e-08,4.0811491645e-13,8.12881078288e-06,8,0,0.0850225335119,0.0100015806881,0.0100416499927,0.0100039783761,0.0394199438052,0.0100016249219,0.044167404364,0.015748520681,0.121824716011,0.0841864586311,0.0100583603357,0.0100238077772,0.0100222675083,0.0100118745647,0.0255388495743,0.0426747117427,0.0100045527929,0.0100046706068,0.0100451567213,0.0100124865528,0.0100139931254,0.0923670689952,0.0900644058428,0.075627669466,0.0100452379829,0.0885092801728,0.0100060198111,0.0268620527953,0.0100024375874,0.0100278879157,0.0661025699489,0.0140672397084,0.0100221896926,0.01001549128,0.0100160636053,0.0100290438758,0.0100098064232,0.0100143985131,0.0100169885578,0.0100340394322,0.010046056385,0.0100399355731,0.0183641580953,0.0140189469789,0.0100290050719,0.0102781464619,0.0100631648378,0.0101040522953,0.01001300329,0.0100807688348,93.3281394908,11.0219079536,2.02129375804,4.27525682032,41.2402280436,13.0549171968,11.334388136,2.07675594523,49.6395442777,38.1094275871,0.7701435085,2.33791961198,1.64992511234,1.67537003339,3.79349677062,26.7308507881,6.59204446242,6.40766044788,0.00246806243627,3.80062925973,3.53792068131,29.2509897496,106.02268672,20.818292992,0,22.0083755312,1.89795927757,10.7844675775,4.79840727158,0.905820467369,32.1783378463,4.00489498407,0.753425703683,1.71432282259,2.56035637406,1.53432031811,2.31284910979,1.71789980858,2.12665006772,1.95402755823,0.331428929494,1.09630483299,1.73352259903,0.674202134972,0.690195536144,0.486048361426,0.832196535609,0.464768333276,1.46821130078,1.17574370704
sobol__0001554,89.92178413,4.69438566,80.95704661,71.90936659,31.46396019,9.25767535,24.34187899,1,usable,Converged with independently replayed constrained generalized-force equilibrium and small reserve torques,570.374295,0.150614342944,6.39311279471e-08,4.33431068814e-13,0.000125468489482,18,0,0.0100007252903,0.0100004594562,0.0581961393511,0.010008095353,0.0100012377519,0.0100005596354,0.0100452377239,0.146599138032,0.0400389066658,0.0154595676309,0.0100032395851,0.126003128615,0.061345337629,0.0732787665871,0.0686725082738,0.22900577898,0.0100107312791,0.010010910069,0.0100285723998,0.0100452377239,0.0808285215177,0.0581237686738,0.0536215083226,0.0228820774768,0.0355747401446,0.0486967447564,0.0682921002179,0.0100019666351,0.0100065778278,0.0100054182712,0.106219920004,0.0353700948647,0.0100122865919,0.0100049795762,0.0100029594901,0.0100044004774,0.0100043605279,0.0100053759012,0.0100044267728,0.0100042364193,0.0112994001505,0.0491752905241,0.0366493941139,0.0192346664429,0.0225512025364,0.0128843102977,0.0100615733828,0.010016074743,0.0100045219103,0.0100060278194,8.73552488767,10.9865739653,11.7215656646,4.96592543394,5.64868307041,12.4540113119,0,18.0274289036,16.8270314978,8.94896777402,2.72929731967,22.4708502821,5.39713213306,11.0842194739,12.0778657757,85.5389116393,6.9052389953,6.75723070136,2.19803365743,0,42.4343841377,18.4084097757,61.1184910632,6.12010801748,11.9992059948,9.83259246121,11.8835837115,3.77607651503,2.28420441063,0.899383721252,57.1845312889,9.36710085852,0.517285142438,1.55588863768,2.50819431965,1.61679861287,2.32750893942,1.69419665663,2.00001166333,1.94619972231,0.245729070914,4.0566242199,2.55809492902,0.776727631526,1.15292444931,0.400238382251,0.533502162172,0.458676784142,2.01074816535,1.16764525106
sobol__0001562,101.17178413,45.31938566,-59.66795339,128.78436659,-58.53603981,20.19517535,31.84187899,1,usable,Converged with independently replayed constrained generalized-force equilibrium and small reserve torques,587.667456,0.0918418318319,2.43070104489e-07,2.13162820728e-12,9.33505760512e-06,15,0,0.137521998947,0.0100085046428,0.0100179174566,0.0435878434424,0.16668793984,0.0472885975289,0.0157212740163,0.0100124708176,0.0103865310285,0.0100197439012,0.0100190985492,0.0100083857841,0.010007296186,0.0100080994019,0.0100341908729,0.0100162513721,0.0100036444278,0.0100036415979,0.0100111176646,0.0179941790681,0.0988997011622,0.0383787202114,0.131553823791,0.0280326530324,0.0125059530717,0.0100408951871,0.0653114762433,0.0100036648825,0.0100452376488,0.0100160648455,0.0292413202448,0.0100276805098,0.0100452376488,0.0100152188432,0.0100046572318,0.0100065739687,0.0100089164417,0.0100099576008,0.0100076291807,0.0100063015501,0.0111272399757,0.0359584032316,0.02462986626,0.0110554492242,0.0212045845645,0.0100800285232,0.0100250992417,0.0100129188665,0.0100039157485,0.0100048679841,167.508647443,11.0287118194,2.01782096712,21.6922302646,154.000454383,37.319085611,1.98827728231,1.43560510285,4.40394553484,5.87965126828,2.17300311101,2.64430675381,2.81300867836,1.78704650856,1.62184643238,0.584495898573,7.17035492425,7.17639579976,2.7306538504,6.31327992335,44.1046065343,6.3955154982,91.1232530921,1.41045283162,3.75555202638,1.79738244474,11.5324622378,3.30152833785,0,0.39893539596,15.7970500195,2.51915565992,0,1.09212740779,2.5628312037,1.62599310489,2.34546421339,1.71012765954,2.02883648417,1.97297578017,0.280835941642,3.09754991624,1.75354740542,0.448031188874,1.13619438506,0.283957068584,0.511875188672,0.410628627289,2.00276192403,1.15728885932
sobol__0001570,75.85928413,27.03813566,-24.51170339,86.12811659,58.96396019,10.89830035,56.21687899,1,usable,Converged with independently replayed constrained generalized-force equilibrium and small reserve torques,464.628169,0.0905657387038,2.66961706075e-08,5.54223333893e-13,3.50314006092e-05,16,0,0.134074844048,0.093363709942,0.0100198409057,0.0197068859493,0.0753836308786,0.0100075904967,0.0100921428998,0.0100137052716,0.0100153240149,0.0100047382696,0.0100086336087,0.0100104591158,0.0100109110175,0.0100105665696,0.0100225792896,0.0100068347457,0.0100111187167,0.0100112971113,0.0100280716299,0.0100452376938,0.0454268190836,0.0100158144731,0.0547835364364,0.026799426591,0.0156718109908,0.0753115423296,0.158665452474,0.0100009573285,0.0100452376938,0.010008570392,0.0366199059511,0.0101418966811,0.0100452376938,0.0100027351487,0.0100008746836,0.0100012930304,0.0100013265005,0.0100016316367,0.0100013018745,0.0100012070546,0.020589506602,0.0837110758836,0.0695524565758,0.0340163071265,0.0507331379288,0.0163960359784,0.0100276506482,0.0100048676494,0.010001082978,0.0100015063003,157.749084127,100.357832483,2.01717692528,9.82758318851,78.6480115509,12.9896831273,2.46186186638,1.38958016338,4.26906115589,5.87226766527,1.91332924233,2.55623819803,2.29965831203,1.72252546295,1.78750868511,3.566261731,7.04374210237,6.89660871988,2.59670124727,0,21.5282293832,3.17194003541,60.6413669697,6.89384451528,5.28573014321,10.2114088332,22.7896084058,2.39425003982,0,0.185326578005,18.3510504146,2.40312419296,0,0.850942930976,2.33737639238,1.52531856242,2.20517560828,1.60518560465,1.86138770658,1.83665861362,0.315284995914,4.48674167809,3.41022052774,0.981343721023,1.92845234007,0.289809620383,0.3783451359,0.457938324955,1.92167266351,1.1545065139
sobol__0001578,109.60928413,51.41313566,59.86329661,110.50311659,-31.03603981,17.46080035,3.71687899,1,usable,Converged with independently replayed constrained generalized-force equilibrium and small reserve torques,418.338397,0.463134512555,3.78153899305e-08,4.94725270284e-13,4.58530806945e-05,17,0,0.140588161591,0.0100002540787,0.0487293032672,0.0100003052238,0.0418902321236,0.0100001353578,0.393595823596,0.0894923603801,0.468738730672,0.0100014828291,0.0100021369376,0.0100065758514,0.0100030742524,0.0100016940458,0.0470407018466,0.203775860058,0.0100134143322,0.0100134839309,0.0100290588926,0.048706361141,0.0100005603348,0.0340356196397,0.0418930547201,0.010016142558,0.0244654771398,0.0469285805457,0.02257381328,0.0100041068026,0.0100231314543,0.010010300418,0.010005950805,0.0100132235603,0.0100257653177,0.0100096999379,0.0100061743651,0.0100092143344,0.0100084137597,0.0100104438671,0.0100087640009,0.0100092587486,0.0100829283637,0.0225473548354,0.01728771006,0.0105365192493,0.0109350680433,0.0103381301569,0.0102687354801,0.0100419479941,0.0100165808273,0.0100266974845,163.064831766,10.6201457925,9.2416883527,4.98926708105,32.7684733625,12.7642803864,106.013086501,12.2348607712,139.918439164,4.16389969,1.31184629806,2.53017932405,2.46719471984,1.74483306992,6.66478242785,25.1552008341,7.18308542168,7.1305068286,2.8239742002,18.1314991924,3.81228928726,7.41779182114,42.7328781698,1.57625996085,7.5214509072,11.0950470053,4.34101401918,3.78651368942,0.457702711432,0.912100474936,5.41012672726,2.81535636236,0.330817705612,1.54558784747,2.58948752133,1.61705496256,2.36986030463,1.73070869757,2.08761562822,1.97390814803,0.300797537107,2.40530008264,1.49739106256,0.506505244124,0.686276260465,0.416495123522,0.648888364084,0.422060631973,1.71712590112,1.11269564392
sobol__0001586,92.73428413,39.22563566,-19.82420339,0.81561659,13.96396019,3.24205035,-0.03312101,1,usable,Converged with independently replayed constrained generalized-force equilibrium and small reserve torques,484.689579,0.296298077165,3.68379182381e-07,5.64616435997e-13,3.93992379572e-05,1,0,0.195660151171,0.171091413516,0.0101431260958,0.0397155005401,0.128151282971,0.0100610752335,0.0109994577269,0.0100781221942,0.0100524430365,0.0100220066036,0.0100509025636,0.0100617771087,0.0100599621647,0.010067442312,0.0101236590355,0.290878844134,0.271471074978,0.198573502796,0.0103639125163,0.0103639125163,0.0658821237644,0.0138273800504,0.0100105326303,0.0100451263455,0.0423316679906,0.0271779636505,0.0358485703153,0.010027345322,0.0100166642018,0.010090865149,0.0100073826464,0.0100172612077,0.0101218597037,0.0100612944245,0.0100501787744,0.0100692638317,0.0100656954159,0.010084319352,0.010065106472,0.0100681914008,0.0104063522028,0.0155628987165,0.0121111508359,0.0107498798158,0.0153152848092,0.0104945914029,0.017886001951,0.0108581741611,0.011038278447,0.0164084715303,238.301484699,184.806485006,2.04298987101,18.0959338587,134.77083017,12.5809986082,2.68005105695,1.41495449121,4.17761085921,5.67529826934,1.82014937721,2.60785227932,2.63371970185,1.76312992505,1.63766618512,204.968718336,120.551041992,64.4982302237,0,0,12.1930485863,2.9869340263,11.5331722331,2.33062295946,12.4544884247,6.23301190329,6.91486004705,3.93378737505,4.75790792767,1.01010604081,4.33034673125,2.76018836695,0.762167439817,1.72247084772,2.60066728457,1.63572218927,2.38342517882,1.74345414287,2.08624607345,1.98637121148,0.350103932228,1.69938255417,1.14259835338,0.524563387179,1.09213171597,0.437470454168,1.23543341673,0.499306471459,2.09311735661,1.9147523636
sobol__0001594,103.98428413,14.85063566,45.80079661,57.69061659,-76.03603981,-3.32044965,-52.53312101,1,usable,Converged with independently replayed constrained generalized-force equilibrium and small reserve torques,539.486409,0.0487606806029,3.45184978379e-08,2.77111666946e-13,7.57806998624e-06,7,0,0.0725138043887,0.0100026363998,0.010039114211,0.0100054969115,0.0215064649151,0.0100024535239,0.0265945107144,0.0102029905666,0.0934881783858,0.0737796241181,0.0117308028059,0.0100248127865,0.0100267371111,0.0100163508708,0.0208933368994,0.0400061977703,0.0100084670806,0.0100086244855,0.0100327192247,0.03397785652,0.053033639331,0.101851070868,0.0563614244855,0.0100231619718,0.0100452379205,0.0528518104951,0.01000411904,0.0398131726302,0.010002678286,0.0100486066898,0.0100143920674,0.0100234941776,0.0100250957862,0.010017574194,0.0101886627654,0.0110727908761,0.0100147363404,0.0100237471676,0.0100518861138,0.0177166108939,0.0100220324379,0.0100100399075,0.0100230085247,0.0100429576829,0.0100155783653,0.010052467683,0.01002251248,0.0103840587874,0.0100428680067,0.0176730414467,79.9522239163,10.9442536949,2.02205187662,4.97444981967,17.056462999,12.574759066,7.15822933139,1.32549485994,37.8511202531,33.8398144244,1.25726525916,2.14639537299,1.37831312984,1.64082035549,3.25771559298,19.4281576291,6.75792425691,6.60653467563,1.06221698629,11.4090390525,27.8479056593,31.5163898074,65.7797749487,2.76442981456,0,12.3501552004,1.90176569143,11.8073578811,4.19756131604,0.510497214756,3.2583917672,2.34655953264,0.602013958937,1.54009112151,2.06139863855,1.33517263964,1.93328637041,1.48382735275,2.12552458738,2.90730445398,0.388776428366,1.05897331106,0.915436558459,0.4579908151,0.72496279598,0.465296120959,0.881370991321,0.476877164261,0.928219201036,1.95776173439
sobol__0001602,82.89053413,11.80376066,-6.93357839,123.70624159,-22.28603981,-9.06263715,8.40437899,1,usable,Converged with independently replayed constrained generalized-force equilibrium and small reserve torques,538.290831,1.15240584479,3.1549901891e-07,1.17986825309e-12,6.94563827789e-05,2,0,0.0894418693639,0.0140429259184,0.0101488506011,0.010259344937,0.0421070833293,0.0100466410874,0.0106869963331,0.0101515142665,0.0123774165374,0.0101815646954,0.0102075475029,0.0101126925014,0.0101302669872,0.0101125015825,0.010498842496,0.0107171721685,0.0460883710839,0.0460868490589,0.0131612104333,0.143762701114,0.0999182403395,0.0405380064561,0.0100439791688,0.0100984643399,0.523282939194,0.729392124753,0.0100050727835,0.452017749079,0.0100041282774,0.0118480566676,0.0100127977955,0.0100374896203,0.0100838577218,0.0100198146388,0.0653004090455,0.102172696579,0.0100150755458,0.0100329962667,0.010217993525,0.154997304789,0.0100793195653,0.0100458329309,0.0764581777566,0.0827434517873,0.0100305538185,0.050528102273,0.072939835639,0.0933564873206,0.0100200581027,0.156412716344,90.1353324588,15.2904183231,2.03103438487,5.05551053531,45.2849964886,13.1230539222,2.69689086095,1.36089014708,5.22931028452,5.72536112484,1.20415903885,2.42435621437,1.73096291582,1.68876918298,1.83296256478,3.00515796829,33.0592588998,33.0571026132,3.71868414422,54.4991882338,46.1899384739,7.82374237963,8.00306448196,0.230006802648,70.7238208819,182.936218117,1.34382801027,145.914882961,1.95402364535,0.727658305144,5.16769304991,2.85466740898,0.215341148789,1.50702506523,16.8953030943,16.6013731727,2.37144071409,1.73460100673,2.11746595237,30.5791666349,0.240577405404,0.954338117631,6.35344058698,4.01850092574,0.493451239562,2.06285079845,5.5214008324,4.28878523912,2.00745900504,18.125451224
sobol__0001610,116.64053413,36.17876066,39.94142161,66.83124159,47.71396019,1.87486285,45.90437899,1,usable,Converged with independently replayed constrained generalized-force equilibrium and small reserve torques,465.783331,0.205766319391,2.33992949461e-08,4.40536496171e-13,3.2542709649e-05,21,0,0.151050149761,0.010000963532,0.0101152295861,0.010001592981,0.0118955865413,0.0100006010235,0.0923155803483,0.0265787165111,0.242495533518,0.0118236557766,0.0100117300505,0.0100156005669,0.0100102711451,0.0100051659741,0.0233472945251,0.204256719209,0.0100056341191,0.0100057432134,0.0100219725433,0.0100452374174,0.010002958406,0.0647068609024,0.107877255075,0.0779025324557,0.0480156649177,0.0779834572181,0.151927191032,0.0100008306777,0.010004710571,0.0100036914644,0.054072885561,0.0101625614486,0.0100099193478,0.01000206231,0.0100010213641,0.0100015136335,0.0100015387248,0.0100019056753,0.0100015114997,0.0100014063299,0.0171184013542,0.0765781641447,0.0619023569733,0.029863388474,0.0445869672169,0.0173740024813,0.0100359039215,0.010006018859,0.0100016979302,0.0100019476358,183.956985037,10.9086398962,2.03356346257,4.430804061,10.2920232229,12.9965811729,24.6920970191,3.55393019073,84.2353858708,4.338206864,0.817445875131,2.4525094145,2.06582684655,1.71379038741,3.00839180383,91.3127064966,6.85143209146,6.70314337615,1.81473676369,0,4.14275250143,20.4986160648,124.100615404,21.256299851,16.1815716204,13.2305118425,22.1168159249,3.53926640926,1.56462089306,0.563325295207,28.8150926953,2.57983914626,0.246610313746,1.40377645568,2.38077686943,1.54508230619,2.24438499947,1.63210897098,1.91427000599,1.85858334229,0.268376698737,4.6574980587,3.41262809621,0.99641313967,1.81288629813,0.410521433812,0.488691314183,0.460251993144,1.92935255507,1.13006337168
sobol__0001618,88.51553413,56.49126066,-39.74607839,46.51874159,-67.28603981,24.84361285,-47.84562101,1,usable,Converged with independently replayed constrained generalized-force equilibrium and small reserve torques,526.772296,0.329423852539,1.89932431738e-06,4.47641923529e-13,2.72238558462e-05,19,0,0.171493048745,0.133014404653,0.0100190622225,0.0159510552736,0.0632372532117,0.0100134466744,0.0100774446784,0.0100110555354,0.0100082619706,0.0100034203394,0.0100047359586,0.0100087036137,0.0100077949947,0.0100085397611,0.0100125927306,0.010007764233,0.0119764970429,0.0117101294341,0.0100457578655,0.0985642821009,0.127832182296,0.0102890456237,0.0100206285523,0.0100040067223,0.0100452372239,0.107975117818,0.317862122785,0.0100016485478,0.255432014179,0.0100064338787,0.0100043109872,0.0100111722161,0.0100248109024,0.0100090010651,0.0100036335303,0.010004924426,0.019360776519,0.0100337486043,0.010008927715,0.0100049351733,0.0672881612156,0.175460202904,0.128342453182,0.0330059568432,0.122708569128,0.047595810911,0.0100282594611,0.0100077927397,0.0100042579051,0.0100032636101,202.886716252,141.420963382,2.01273790069,7.49147326073,63.1600207745,10.3554468546,2.18628133294,1.44003558463,4.24029263051,6.0079789617,3.17486920403,2.66216131658,2.85917112183,1.80749128636,1.82324691138,3.47172944777,7.93577453306,7.55959546369,0.118562092206,33.934830392,58.3254869394,3.17358429902,11.7925501923,2.72381474636,0,26.4046258229,57.6752926879,2.41682996429,122.309636269,0.424297713695,3.04448316398,2.42229102663,0.68463593226,1.63120979824,2.05475807178,1.17713636475,4.22335783942,1.61611802359,2.12440136744,1.59236324739,2.64924478691,17.4887341904,11.5199104302,1.52350722489,8.67554922856,2.1906845189,0.861383144207,0.372237955359,0.795575614306,0.86543904122
sobol__0001626,99.76553413,32.11626066,63.37892161,22.14374159,2.71396019,13.90611285,-10.34562101,1,usable,Converged with independently replayed constrained generalized-force equilibrium and small reserve torques,598.591397,0.0672252836941,2.27017409316e-08,4.5489697224e-13,7.03747461313e-06,9,0,0.108558063457,0.0100021018537,0.0100238769554,0.0100048778635,0.0100077386316,0.0100017754655,0.0190180487383,0.017913357335,0.139610824818,0.0645378577128,0.0100647991155,0.0100509701266,0.0100300680487,0.0100144869765,0.025669701727,0.0107129176702,0.010004043099,0.0100046952953,0.0100452376813,0.0100231933141,0.0228166474135,0.0847951751443,0.0955600582305,0.0424700025881,0.0432058563723,0.0490770043257,0.0319231802576,0.0100062402201,0.010009094238,0.0100127449256,0.0428862582138,0.0100971014244,0.010025654197,0.0100161038288,0.0100080841436,0.0100116029669,0.0100113860495,0.0100136917047,0.0100113669479,0.0100111348629,0.0101407214213,0.0255056471028,0.0217977251382,0.0107276138279,0.0130734392069,0.0109511459471,0.0100936524304,0.0100302408747,0.0100113254118,0.0100157904847,132.232471461,10.7787638758,2.00583987874,4.99327781796,7.27881750901,12.5062855623,5.12147171566,2.37501278692,53.303754048,25.5873162953,0.80221424761,2.32606199431,1.77831671706,1.68708651723,3.63264586029,6.02746841963,6.14855993435,5.21314049292,0,3.52724111463,8.97510975417,24.615930092,112.46092811,10.687952996,13.4588707409,12.2294251159,6.08609038901,3.79936446926,4.62304976689,0.927136178943,19.857851906,2.84882886437,0.754923505395,1.71473280581,2.58963405655,1.60678747106,2.37044928934,1.73127916084,2.10059695831,1.97226033866,0.363999291349,2.77961745873,2.05764906784,0.523416519203,0.94544627535,0.498659505151,0.692144076905,0.436215333695,1.56807172408,1.11213159866
sobol__0001634,80.07803413,42.27251066,79.78517161,64.79999159,-4.78603981,22.10923785,-15.97062101,1,usable,Converged with independently replayed constrained generalized-force equilibrium and small reserve torques,815.493167,0.0524115858444,1.07076196798e-07,3.22851676481e-13,5.05362338347e-06,2,0,0.109385386406,0.0100084777021,0.0105371782584,0.0100099362451,0.117234753589,0.0100154368335,0.0152101451094,0.0100803028042,0.0710291664133,0.0718529977522,0.0119846354964,0.010035836354,0.0100429445579,0.0100400300872,0.0144913196035,0.0317215364877,0.0100344547172,0.0100349989173,0.0100895132872,0.0100595598414,0.0100166862991,0.04523683959,0.0372031476171,0.0331879669943,0.0338610989235,0.0406506112648,0.0408313569778,0.0100145954026,0.0100274043254,0.0100326436919,0.0275416332914,0.0102580821033,0.0100681570051,0.0100409453498,0.0100242732481,0.0100348490483,0.0100359240924,0.010042145334,0.0100345885133,0.0100331099651,0.0105357260472,0.030578474046,0.0251756621438,0.0119318622024,0.0158156436863,0.0115109564363,0.0102285929808,0.0100865011138,0.0100361573924,0.0100494937344,132.772575649,10.4642619379,2.04457098233,4.73253762408,87.6417374929,12.169527987,3.85188840972,1.36285916638,27.9709331761,32.8029802985,1.30711210444,2.41168272933,2.00735006119,1.70566361199,2.44168600405,8.10043882382,6.85043035135,6.70170622907,1.66282714973,3.76449532894,5.21924709077,14.3296581409,42.9472118048,9.0690688567,11.4210576236,10.2627442734,7.79427824749,4.08460035139,4.29559245934,1.01196887539,15.3429463011,2.91899938472,0.726047588572,1.68699283751,2.58754781656,1.55791288102,2.37572882919,1.7360188408,2.11900145144,1.95877668938,0.378565305761,3.3366630556,2.37632180014,0.582261755717,1.14257802978,0.542379711191,0.694384287738,0.394397921515,1.33272853115,0.98973194576
sobol__0001642,113.82803413,1.64751066,-42.08982839,7.92499159,65.21396019,15.54673785,-38.47062101,1,usable,Converged with independently replayed constrained generalized-force equilibrium and small reserve torques,524.878738,0.158353508258,1.88411430457e-07,8.81072992343e-13,0.000194299107609,5,0,0.0100011497759,0.0100020894664,0.135274089533,0.0616974925672,0.036988198317,0.010024548674,0.0367855314507,0.0972545429126,0.0100071536505,0.0102189507012,0.0483046024659,0.121159868377,0.100344391777,0.126691026412,0.0100220087092,0.152308868613,0.0100034241105,0.0100044034693,0.0100666236477,0.0100666236477,0.0101056057876,0.0459281426733,0.201718147765,0.0511187888559,0.0100666236477,0.0806068278586,0.0224584481524,0.0100224803357,0.0101248832972,0.0100295205874,0.03442226649,0.0100322568558,0.0100494478339,0.0100285157848,0.0100122614683,0.0100176400399,0.0100191453404,0.0100221942116,0.0100173418242,0.0100162386492,0.0101726801618,0.0190538181175,0.018638361575,0.0102270718919,0.0119860072302,0.0124137608664,0.0102706290099,0.0100460582663,0.0100181074559,0.0100240832924,7.1317913143,11.0122539952,26.2194671231,30.794922618,37.3583530154,12.3879897174,7.78168507358,13.043295133,4.3825283459,6.1056508159,8.36332980717,29.3815543731,16.860558177,21.033859611,1.82613181172,117.285463289,5.05498606917,3.87307778565,0,0,1.07977121118,7.97981614274,235.504476561,11.9852689953,0,20.3513624658,4.13954587989,2.50797743518,4.85003435971,0.543122605337,19.1661864107,2.21178896993,0.635010661534,1.60590731258,2.52542261642,1.4913468031,2.35153041477,1.72511001459,2.12654120824,1.91919808516,0.400802542827,1.9393215264,1.70394880915,0.476336069771,0.858670589687,0.586691498974,0.77322623952,0.419286995294,1.0751311318,1.00146727739
sobol__0001650,96.95303413,21.96001066,28.22267161,109.48749159,-49.78603981,-7.42201215,40.27937899,1,usable,Converged with independently replayed constrained generalized-force equilibrium and small reserve torques,632.152951,0.0424251574715,9.71794378302e-08,9.77759896334e-14,1.04737699501e-05,13,0,0.0951047764574,0.0100029781173,0.0100353040518,0.0100048311448,0.0612894522097,0.0100019927166,0.0372324634552,0.0100507138868,0.0729941309057,0.0602362269012,0.0101045717123,0.0100173308517,0.0100180271486,0.0100141740424,0.0196448076266,0.0259039327153,0.0100119413483,0.010012016641,0.0100274522905,0.0437731954939,0.0254899270216,0.0602069407404,0.0495640401724,0.0100109148804,0.0417479042204,0.0569522565155,0.0165914534714,0.0100036055416,0.0100232674373,0.0100195400833,0.0100063601036,0.0100163875764,0.0100452377716,0.0100061209807,0.0100028913228,0.0100043291777,0.0100039035211,0.0100049447055,0.0100041078033,0.0100041783463,0.0100732942951,0.0212008247295,0.0196112784643,0.0120745616879,0.0106089842986,0.0102699262672,0.0102556411085,0.0100250819547,0.0100092810027,0.0100106166538,114.547646398,10.8403115418,2.02132043707,4.85044458444,57.3131924866,12.7908345916,9.90447265376,1.33989181172,29.4148397615,26.4936810744,0.822801043127,2.35015645876,1.75406920722,1.68240176583,3.00339849143,7.19107749041,7.18177974176,7.12078685383,2.81501736188,15.6349293828,11.8558734872,12.2061869752,50.9503902993,2.00920094714,12.9168260759,12.1074755821,2.00548161018,2.42863833244,0.245982693187,0.189301882629,5.56344365757,2.62076394142,0,1.12521314785,2.47609772897,1.59858934797,2.31648001587,1.68240111109,1.98443480302,1.91582683558,0.16121507456,1.36201589123,1.17391295423,0.460635853956,0.408495788998,0.300248959055,0.683442882086,0.455999340302,1.94570597662,1.1104650053
sobol__0001658,108.20303413,62.58501066,0.09767161,85.11249159,20.21396019,-0.85951215,17.77937899,1,usable,Converged with independently replayed constrained generalized-force equilibrium and small reserve torques,478.114025,0.0511260175572,3.21067403775e-08,2.66051888491e-13,1.09921260665e-05,15,0,0.188358794224,0.0155961108195,0.0100190716267,0.0100108310618,0.0243029603448,0.0100033047735,0.0103586743206,0.0100175470787,0.011286909577,0.0100072889968,0.0100094734938,0.0100129046293,0.0100103762462,0.0100105223353,0.0100228618375,0.0100180388843,0.010017989927,0.0100182202665,0.0100347780868,0.0100452379748,0.0107496057227,0.010072845948,0.0270055146372,0.0228933069877,0.0330028597597,0.0517248603793,0.0564601965018,0.0100024367171,0.0100061168752,0.0100068271561,0.010023991722,0.0100263128464,0.0100154065581,0.0100060697598,0.0100033036505,0.0100048549756,0.0100048679376,0.0100060160402,0.0100049037518,0.0100046010489,0.0101837938991,0.0373357112297,0.0281321452926,0.014457268689,0.0178731641727,0.0112995404562,0.0100936433003,0.0100184313914,0.010006030575,0.0100075161594,210.768960673,16.5494261232,1.93204321924,3.32395582864,26.1348546647,12.0351080829,2.60183081969,1.43622421732,4.50104222138,5.69701093232,2.62545360525,2.64311914647,2.84751846013,1.80894802444,1.69548347847,2.18051852722,7.0387791868,6.89141021419,2.58803394082,0,5.52909037772,3.18915991274,29.9602506779,5.82963281715,10.6809991177,11.9200587013,8.63973035892,3.68524944586,2.95837450542,0.861114424496,5.32069534317,2.72428270793,0.481639422273,1.55277763673,2.5377263643,1.62429534598,2.35911172714,1.71556969429,2.02347389257,1.95996239974,0.212945248534,3.12439184653,2.04172462358,0.629457539538,0.861993077447,0.398820818061,0.64488296345,0.460824162744,2.0111662287,1.16219199507
sobol__0001666,84.99990913,18.40532316,54.58985911,10.46405409,-61.66103981,19.7850191,48.24812899,1,usable,Converged with independently replayed constrained generalized-force equilibrium and small reserve torques,625.072568,0.0316822512182,4.68241978524e-08,8.52651282912e-14,1.01553687734e-05,14,0,0.0889298819923,0.0112100253007,0.01002745498,0.0100275422061,0.024677277557,0.0100140569698,0.0100573774495,0.0100259434365,0.0253151705022,0.019333604983,0.0100917540927,0.0100195112029,0.010023432055,0.0100199242336,0.0100738778743,0.0100041393372,0.0100051911044,0.010006463376,0.0100452379574,0.0156127933937,0.0586287254804,0.0523123300173,0.0807282196507,0.0163614027629,0.0100105665117,0.0102703634341,0.0530849162388,0.0100025337261,0.0216646879028,0.0100067108724,0.01005104517,0.0100296946562,0.0100153134742,0.0100076810046,0.0100037139808,0.010005253597,0.0100065330746,0.0100075448804,0.0100058563164,0.0100050037753,0.0104176676576,0.0320689966643,0.0238217295088,0.0103092291151,0.0200981295406,0.01006568487,0.0100253396591,0.0100116874604,0.010003310501,0.0100042310346,102.540281493,12.1099866752,2.01972245978,5.00555590148,18.7195286126,12.4162992294,2.70922502963,1.31347527618,10.2880735274,9.26258727212,1.17421922332,2.16274245681,1.42769146613,1.64518645217,1.65099619273,6.51141802999,5.28106850216,4.10937158259,0,5.44231564957,23.4687895091,15.4325510767,94.5164338028,3.89284060359,2.32790746734,1.44604725846,10.2368373133,4.07977237001,6.71580604241,0.986806605527,1.8224220914,2.48509161171,0.699016384263,1.64447690836,2.48903378279,1.61168523521,2.29122441155,1.67023033947,1.97921484649,1.9367811376,0.272566856473,2.94771388191,1.80268989507,0.419325864237,1.19820704487,0.212672605723,0.45407297326,0.415376771497,2.0097088568,1.16726058024
sobol__0001674,118.74990913,59.03032316,-29.78514089,51.08905409,8.33896019,8.8475191,10.74812899,1,usable,Converged with independently replayed constrained generalized-force equilibrium and small reserve torques,557.67805,0.0731298952417,2.68253614877e-08,1.85307714913e-13,3.36701235365e-06,7,0,0.205966996864,0.0100062139984,0.0100218077996,0.0100111618954,0.0517307649014,0.0511041403952,0.0145051516769,0.0100203932979,0.100924457526,0.0387818300035,0.0100050469271,0.0100126279302,0.0100090127875,0.0100078419669,0.0100165299185,0.010009494081,0.010006537692,0.0100066737678,0.0100363841145,0.0100452378642,0.0100203845048,0.0340138164024,0.0666567275642,0.0556470937225,0.0274024504111,0.0101480264094,0.0100355194269,0.0108886948617,0.0100863493095,0.010054396492,0.0112521628179,0.0100295569716,0.0100531483085,0.0100615567819,0.0100267226647,0.0100314435081,0.010029931405,0.010032701927,0.0100307029407,0.0100312602106,0.0100444690145,0.0100436787801,0.0100446796194,0.0100457047208,0.0100435698923,0.0100490013034,0.0100504949942,0.0100458061838,0.0100394570878,0.010044331177,239.713699819,11.0085570892,2.00837064181,3.55931387042,52.3451239162,43.079750489,2.78564947795,1.43668803252,40.6479267806,21.0171230744,2.26381292848,2.65404710657,2.85880279699,1.81358545397,1.64083942208,3.83960968585,6.68362022354,6.5247027641,0.498023070142,0,2.63335644998,10.249689221,78.3259675486,15.3585737498,9.21088755772,2.35187220651,1.9226058555,4.37875027777,4.28830601869,0.987388851398,6.26407352147,2.79758594345,0.706430944072,1.65294043131,2.5849068847,1.63004731466,2.37324429498,1.73152567721,2.05333732938,1.97883807481,0.26179465425,1.00265174167,0.827633897933,0.467826573813,0.602538897873,0.371331727357,0.617819705591,0.45942649381,1.97995926629,1.17186047733
sobol__0001682,90.62490913,46.84282316,49.90235911,95.77655409,-26.66103981,-5.3712309,-8.00187101,1,usable,Converged with independently replayed constrained generalized-force equilibrium and small reserve torques,505.038568,0.0905646656295,6.78325395853e-08,2.03201959733e-13,7.84468409861e-06,13,0,0.142589405038,0.0100012800142,0.0101155815528,0.0100014049197,0.148382479542,0.0100006688288,0.111650839248,0.0100446495813,0.100587825082,0.0660362683019,0.0100770283989,0.0100088470487,0.0100079144887,0.0100076772717,0.0432741237175,0.0752857462559,0.0100225254508,0.010022752792,0.0100373814173,0.0100380424293,0.0100021096266,0.0667337556197,0.0183860897749,0.0160333889518,0.0337334044558,0.0418275706789,0.0284429718,0.0100042229925,0.0100060667774,0.0100105102525,0.010354814895,0.0100500802621,0.0100204072088,0.0100113682068,0.0100069107774,0.0100101474749,0.0100097433434,0.0100120134201,0.010010047564,0.0100097028472,0.0101122361308,0.0275419141739,0.0246277917298,0.0121227361011,0.0119070741939,0.0103712675058,0.0101004575732,0.0100292430605,0.0100098756724,0.0100145521301,167.900141516,10.4551271038,1.97227836164,4.99217135667,129.25616589,12.5282728614,30.0756495403,1.38379807776,37.5199939584,28.685654264,1.21935047076,2.53370115715,2.40582147991,1.73560074423,6.84393831799,14.1164886722,7.1407726443,6.99901030906,2.68990013293,3.77573127373,4.76615165079,19.1999523505,19.8924932449,3.94083080773,10.223124882,10.5599700734,4.45539482414,3.86297793438,4.33849744425,0.958692187565,5.75012709753,2.84902698188,0.68062342907,1.62871503589,2.58813165129,1.60157651306,2.3639678309,1.7300756019,2.11348443649,1.97223621629,0.26957654023,2.8918262238,2.24536213513,0.591551433268,0.670503489696,0.473280740668,0.805379157104,0.461324935534,1.79321188253,1.16863051488
sobol__0001690,101.87490913,6.21782316,-15.72264089,103.90155409,43.33896019,5.5662691,-45.50187101,1,usable,Converged with independently replayed constrained generalized-force equilibrium and small reserve torques,498.982644,0.025022381648,5.0272431551e-08,4.62381140195e-14,4.01861907744e-06,4,0,0.0769938152294,0.0310927418245,0.0100198778375,0.0100571320397,0.0231651791634,0.0100112660932,0.0100480859342,0.0100214037495,0.0102110385837,0.0100249185738,0.0100303400062,0.0100177175402,0.0100205877987,0.0100175389905,0.0100619371766,0.0100087178639,0.0100099884599,0.0100101061615,0.0100254350391,0.0100452377054,0.0154772488712,0.0100499614743,0.0638726183462,0.0237086902516,0.0556854961554,0.0392209822567,0.0100172966301,0.0100094153494,0.0100053490122,0.0100168162442,0.0575703974879,0.0174062929001,0.0100237994062,0.0100148796727,0.0100132407559,0.0100203841051,0.0100135093344,0.0100169601885,0.0100159600049,0.0100203220015,0.0100946249392,0.01597421352,0.0186654224603,0.0110514222728,0.010083118458,0.0101209776259,0.0100737411208,0.0100529350066,0.0100191675218,0.0100342996125,68.9554032894,34.1665102429,1.98111780598,4.96848953958,24.8841733184,13.0778880875,2.47927980932,1.33375626753,4.35325228373,5.74013391219,1.19658913167,2.36862185693,1.61212358145,1.65969938653,1.76533893151,3.95655411508,7.17535017051,7.06834901559,2.762504913,0,8.12710327595,3.04414560996,67.4688293797,4.4138808129,12.6535725232,9.72342118692,1.92864013868,4.07207686767,4.47021687598,1.01168842474,26.6786097915,4.47742079674,0.711438440151,1.67322686729,2.46034541975,1.45413808323,2.27105731393,1.69449273824,2.12724876715,1.88446303389,0.391715709231,1.69711250896,1.74294815954,0.518586236893,0.727501809928,0.476138781616,0.826749213464,0.454964801188,1.04296311255,1.08168490292
sobol__0001698,76.56240913,48.87407316,10.05860911,77.49530409,-44.16103981,-2.6368559,-39.87687101,1,usable,Converged with independently replayed constrained generalized-force equilibrium and small reserve torques,624.861462,0.0575642755936,3.07142622447e-08,1.50280546852e-13,1.80668333874e-06,7,0,0.150407860385,0.100352999802,0.0100278230005,0.0156291711528,0.123504515221,0.0100050500052,0.0162605735163,0.0100120552791,0.0100092585158,0.0100033354384,0.0100060027576,0.0100085032397,0.0100082009006,0.0100089032046,0.0100157707807,0.0100102871141,0.0100162177333,0.0100164423082,0.0100336520959,0.0100282381101,0.0366930747511,0.0100102364944,0.0308919054619,0.0307738303715,0.030389821143,0.0101009939817,0.0100187965989,0.0248750049457,0.0100209012094,0.0100913466285,0.019726911436,0.0100611998492,0.0100530058672,0.0100714932755,0.0100878305885,0.0100710298035,0.0100429822137,0.0100484672575,0.0100631562818,0.0100815294254,0.0100399750122,0.0100301005412,0.0100391683491,0.0100451111342,0.0100341389853,0.0100438279167,0.010041354284,0.0100543118341,0.010050777247,0.0100733817168,179.242565627,103.518402869,2.01314362848,7.80089364033,132.781813939,13.0028580832,4.27430756509,1.41531367367,4.10103427895,5.73598267649,2.26092890996,2.59168649608,2.64839633089,1.76056778746,1.82516236256,2.71796823541,6.96347513409,6.81552809201,2.47359437681,3.62430628117,18.8422609952,3.10531670246,34.8277417376,8.23402389008,9.51244654313,2.42343230721,1.87195584423,10.1104934462,4.8057560419,0.923318738933,10.4238615684,2.70412013215,0.756961242798,1.72421692611,2.3090594932,1.35844032935,2.13136766753,1.61855545378,2.13724080199,1.80029316179,0.357280878165,1.09132748575,0.944121687399,0.473310237895,0.710202984357,0.474580669021,0.874214696839,0.462201696506,1.17211816852,1.15674489994
sobol__0001706,110.31240913,24.49907316,19.43360911,118.12030409,25.83896019,3.9256441,-17.37687101,1,usable,Converged with independently replayed constrained generalized-force equilibrium and small reserve torques,548.769992,0.0487778994682,2.44656348514e-08,4.05009359383e-13,6.2998106447e-06,7,0,0.0960053491506,0.0100020044315,0.0100399490625,0.0100039907116,0.0489693374848,0.0100015412375,0.044262742654,0.0102324132841,0.104587287335,0.0615544018097,0.010047083045,0.0100188279189,0.0100179077904,0.0100115302001,0.0200914853825,0.034168318629,0.0100078703868,0.0100078777638,0.0100206543992,0.0100452373688,0.010008019471,0.0547984204927,0.074402642897,0.0121136828547,0.0455440954197,0.0376736816036,0.0100300038926,0.0100104349387,0.0100080694279,0.0100182424969,0.0481520809903,0.0146327763483,0.0100290251298,0.0100162865889,0.010011728615,0.0100175168198,0.0100121771051,0.0100156305192,0.010014734891,0.010017579042,0.0100765357029,0.0183397716268,0.0201720857623,0.0112185388579,0.010080830139,0.0101454883433,0.0101175638225,0.0100549982218,0.0100166960653,0.0100420431427,116.215786642,10.9582723128,2.02224189606,4.33478221908,48.8429808362,13.0348668661,11.541913289,1.36593367066,41.7502017112,25.5171224408,0.731381250946,2.4037284579,1.83196341316,1.69398842674,2.83364559845,9.62504814123,7.17951318302,7.17139309755,2.83784930906,0,4.94167833148,13.9596505358,67.626632473,0.494207088269,7.62766295749,9.50464709012,1.83345225245,3.78035685453,2.80292608435,0.931081538115,20.4297369367,3.92548801042,0.492699201975,1.57574674899,2.59017804139,1.60912316815,2.36865007403,1.7313208238,2.10803715109,1.97417847167,0.325315865151,2.00264919838,1.89935610521,0.547432393448,0.64049631746,0.475946979605,0.753572407662,0.461630236554,1.58006639556,1.16773618976
sobol__0001714,93.43740913,12.31157316,-50.87889089,24.68280409,-9.16103981,18.1443941,16.37312899,1,usable,Converged with independently replayed constrained generalized-force equilibrium and small reserve torques,695.229594,0.0449504551296,3.27783844511e-08,1.5459434113e-13,3.43485417741e-06,11,0,0.111827740096,0.0418545745447,0.0100101863171,0.0100284921166,0.100336973494,0.0100033008319,0.0117430222484,0.0100106208794,0.0120250085778,0.0100079721855,0.0100095848452,0.0100074337408,0.0100080174207,0.0100071801314,0.010125407892,0.0100019249328,0.0100041337079,0.0100046840656,0.010045237818,0.0100829758472,0.0500952059913,0.034442443409,0.0930523265601,0.0435857602422,0.015740422604,0.0225203732478,0.0285429822768,0.0100071406172,0.0100565270022,0.0100141651672,0.0225846780066,0.0100363834878,0.0100288592461,0.0100188320189,0.0100083062789,0.0100115747945,0.010012888171,0.0100148412439,0.0100122732881,0.010011266642,0.0100808255632,0.0178657180583,0.0125469810141,0.0101025133931,0.0106459580533,0.0100889766686,0.0100453967126,0.0100255709746,0.0100101782219,0.0100124129974,89.0168759011,46.1307881254,1.97046550784,5.00547381503,98.2985291757,10.8936147432,2.00750863211,1.36842133036,5.24489802278,5.9694545069,1.88573852099,2.52498074209,2.0465927326,1.69725235749,1.77882817644,6.94073007275,6.25086565594,5.44469558672,0,3.81896035694,12.9335614877,8.721645874,109.536765578,11.1082129531,4.38425648217,4.63077684771,5.50473304129,4.08187037496,4.28159672761,1.01094014817,9.67296836659,2.85724401501,0.724950319866,1.68039323049,2.58030971747,1.62681877575,2.36458656371,1.72446403988,2.0456227678,1.97502283995,0.304814864321,1.93076423039,1.10711418912,0.482442405338,0.723430912468,0.348638939555,0.552084331834,0.42039496389,1.88679487987,1.14090854708
sobol__0001722,104.68740913,36.68657316,89.74610911,32.80780409,60.83896019,11.5818941,38.87312899,1,usable,Converged with independently replayed constrained generalized-force equilibrium and small reserve torques,599.069135,0.169977242493,3.20369792917e-08,2.70006239589e-13,2.16402109935e-05,19,0,0.088664005867,0.010001065448,0.0100101287757,0.0202018600341,0.0100013248579,0.0100007294893,0.0100874057242,0.0697272835494,0.258282401897,0.0100316814578,0.0100191416479,0.048512460603,0.0165851306928,0.0100110390675,0.0533198560147,0.0993851113504,0.010004769378,0.0100050329406,0.0100452378543,0.0100452378543,0.102867487899,0.0855548357268,0.0811601818313,0.0183740509969,0.0320130095179,0.0657289826306,0.112438961161,0.0100009963052,0.0100025483492,0.0100030196998,0.12771648812,0.0280293596072,0.0100056896521,0.0100025574094,0.0100015447688,0.010002316379,0.0100022965806,0.0100028474376,0.0100022964147,0.0100022190134,0.0173425471834,0.0763123118206,0.0576822761498,0.02914881575,0.0396869125909,0.0170349692855,0.0100569726863,0.0100099412504,0.0100023321724,0.0100032243721,107.998091891,10.8114437104,1.94217145657,9.67989903822,5.87513359392,12.4924154404,2.54372621946,9.16354873363,97.4601005128,4.18754660846,0.88205529055,10.8354425731,2.84090003469,1.68106109783,7.19320367918,46.205957855,6.44110564448,6.06503140154,0,0,42.4189597886,22.6076167635,95.5555587149,4.79630278404,8.43446066062,10.129585449,20.5626778764,3.93830011975,3.28702786954,0.935940218835,71.0798009999,6.50932962361,0.668806290592,1.59506032416,2.43430613949,1.57591571095,2.27114636173,1.65382311233,1.94834931296,1.89586686901,0.36901489657,5.99515840664,3.82603832686,1.0913661996,2.09857124144,0.419507190759,0.435053935773,0.455606456336,2.00844727982,1.16724318243
sobol__0001730,80.78115913,33.63969816,-49.70701589,98.82342909,37.08896019,13.4959566,-23.93937101,1,usable,Converged with independently replayed constrained generalized-force equilibrium and small reserve torques,469.615257,0.143304369007,2.73838907106e-08,2.82653804406e-13,8.16712952773e-06,13,0,0.175542345495,0.149998520092,0.0100041895792,0.0100075783299,0.274334799301,0.0100011112357,0.0417440168378,0.010003934773,0.0300301919851,0.0100022021756,0.0100025108784,0.0100025056202,0.0100022332959,0.0100023439907,0.0100262766462,0.0100029291713,0.0100139253138,0.0100141098814,0.0100306207602,0.0100452381442,0.0134408563386,0.0100056841363,0.0408798896839,0.018677890393,0.0567158031748,0.0182336525192,0.0100093698597,0.0110934860559,0.0100061806349,0.0100476223459,0.0454525526933,0.0141208660043,0.0100303369183,0.010022887906,0.0100329850085,0.0100474180629,0.0100189664929,0.0100248877031,0.0100285766759,0.0100537054649,0.0100382772927,0.0100336328647,0.0100527947578,0.0100652587002,0.0100269255189,0.0100490191828,0.0101023222994,0.0101712155897,0.0101633769837,0.0179797653598,189.020675236,162.50258271,2.01444287467,4.99556897266,267.125742318,10.4732492684,7.58997073931,1.41753088646,12.9901216835,6.00035996769,2.54697697905,2.60596173823,2.64271854857,1.75046451558,1.79189701013,2.69077526942,7.15751846345,7.02255179089,2.71630834294,0,7.05777481144,3.13767037745,43.8713234954,4.16485496873,17.345202384,4.60357283475,1.93071428159,4.42235441601,3.85250419701,0.998886170066,22.5990656659,3.69051221399,0.680654658113,1.62912987423,2.59167168078,1.58295259531,2.3700226791,1.73265007537,2.11781909664,1.97335762602,0.354023242085,1.09526453937,0.948900778153,0.491026749156,0.705096275375,0.475097628141,0.724233880667,0.439641129518,1.36956547249,1.92693225373
sobol__0001738,114.53115913,9.26469816,72.16798411,90.69842909,-52.91103981,24.4334566,-31.43937101,1,usable,Converged with independently replayed constrained generalized-force equilibrium and small reserve torques,738.731328,0.261904445113,5.13822179471e-07,4.55635529306e-13,5.86223288402e-05,13,0,0.0100011012928,0.0100004917081,0.0289884141994,0.0100100031423,0.0100011700844,0.0100006070445,0.0653131752257,0.136957069049,0.177443449472,0.010013247063,0.0100058963837,0.115514321099,0.0580052574606,0.0340540557053,0.0678967321678,0.196981843064,0.0143437521502,0.0140578806552,0.0100634204832,0.0100186645885,0.09671328342,0.0766751211015,0.0100127635716,0.0100886527178,0.0100032926832,0.0297614560926,0.239681825354,0.0100022220105,0.211971490423,0.0100062588429,0.0171743382168,0.0101000394804,0.010092549605,0.010053489018,0.0100074529691,0.010009270313,0.021713432084,0.0101112381467,0.0100206818961,0.0100084950273,0.0358451183359,0.102220108858,0.0722220697282,0.0215625305908,0.0701865945118,0.0253715172139,0.0100168614626,0.0100100693115,0.0100052279804,0.0100043759073,9.58382547516,11.0148117131,5.83877106364,4.99622747517,6.11374448136,12.4905724033,17.5939245265,16.9961135002,73.1188691817,5.41386593195,1.98040945966,21.6102575417,5.83042517977,5.30785418002,11.0725732885,64.2134061136,10.1544219199,9.74713595468,2.64986769555,3.55564578705,46.2481962658,22.0085563331,10.9684789748,2.59927287865,3.23584851784,7.47841456862,45.240071414,4.07218934997,88.4076195536,0.983588229296,9.49692736756,2.60382110409,0.721331087605,1.69602833493,2.31977750773,1.32894289415,5.02188076785,1.71845263647,2.12831068973,1.75319478932,1.40442273973,10.8429664595,6.80290968921,1.03929090662,5.08147627235,1.19963380525,0.786205541976,0.377040288365,1.05473212608,0.913316814154
sobol__0001746,86.40615913,29.57719816,1.85548411,54.13592909,72.08896019,1.4647066,32.31062899,1,usable,Converged with independently replayed constrained generalized-force equilibrium and small reserve torques,468.2088,0.0917331801276,6.26551468486e-08,4.90274487674e-13,2.68146260577e-05,19,0,0.147624584122,0.041617292789,0.0100208477624,0.0100397629048,0.0639367431871,0.0100053299427,0.0103086163258,0.0100168703266,0.0100501953431,0.0100097246091,0.010017872521,0.0100119930812,0.010012662134,0.0100122285168,0.0100405341904,0.0100043296402,0.0100045006178,0.0100045961089,0.0100288389482,0.0100452377907,0.021588062851,0.0101428389111,0.108982207769,0.0508103193581,0.049682449971,0.0826412690289,0.130195023042,0.0100009108124,0.0100021941507,0.0100027024139,0.0794718458267,0.0104596508299,0.0100052946537,0.0100023277819,0.0100012972014,0.0100019380626,0.0100019580321,0.0100024360071,0.0100019472295,0.0100018287024,0.017036747611,0.0788368509472,0.0605421955396,0.0300191467367,0.0415447196682,0.0200904032429,0.0100650836735,0.010008146732,0.0100023009153,0.0100027268746,179.75988638,44.6366609569,2.01840743629,4.84253415254,68.7535856937,13.0689252137,2.64490721497,1.37373796051,4.13818373448,5.25564388661,1.25811043255,2.52293432612,2.1780502712,1.71625802963,1.64649785788,4.80187206622,6.71642673747,6.56189325217,0.758993646979,0,5.91111114518,2.63386769169,127.744779753,14.0220063044,16.3953936431,15.304213727,19.7929135582,3.85895919612,4.05198899418,0.924562248372,42.4096136007,2.12542450261,0.666028518869,1.58991122487,2.45551095341,1.58441995575,2.29949362934,1.6720056711,1.96713059455,1.90268449558,0.309955784277,5.69576485901,3.83181222915,1.13513333717,1.93557449728,0.581501465899,0.529038423105,0.460356913346,1.99610878242,1.14976308834
sobol__0001754,97.65615913,53.95219816,29.98048411,13.51092909,-17.91103981,-9.4727934,24.81062899,1,usable,Converged with independently replayed constrained generalized-force equilibrium and small reserve torques,542.219526,1.61877225403,5.54517075813e-07,1.7063311417e-12,5.87755781436e-05,18,0,0.208962444761,0.0224844298344,0.0100213842618,0.0100073773788,0.0690548574263,0.0100026326479,0.0224548786144,0.0100147045879,0.0100389185309,0.010005882771,0.0100097572944,0.010009744423,0.0100082377684,0.0100090960256,0.0100322831433,0.0572749615521,0.0674686655607,0.053480166271,0.0100452375627,0.148294780458,0.0532772062441,0.0394770339079,0.0100058597539,0.0100175954043,0.989100263503,0.488482108432,0.0100006973746,0.447293888523,0.0100003171169,0.0317593490698,0.0100026005712,0.0100051600422,0.0100063012009,0.0100040933059,0.125517588084,0.130556869363,0.0100039343304,0.0100115423004,0.0415007608885,0.182954197717,0.0100115948517,0.0100061176949,0.0344606255787,0.0640138007099,0.010004548102,0.0401544543106,0.0848237264868,0.0933530627324,0.0100031500979,0.14427627798,239.205678853,23.4652492232,1.93814966174,4.80754954611,69.0731070301,13.0066987849,6.01492726758,1.40771351025,3.82808510779,4.97077925516,1.81610690791,2.58614821029,2.72144821251,1.76868819082,1.59988185982,32.4711051847,37.4022367946,23.4987861203,0,56.2910071756,17.9620803476,10.2052246901,11.7423596149,2.43113100605,316.312892524,110.759058524,1.72854553802,182.120306681,4.63831468088,3.14874237972,3.53300276008,2.84809339265,0.73509797324,1.69007620665,31.7561136601,21.1764123544,2.36079788489,1.71621285614,8.38728610406,35.6916393801,0.240528322043,0.980903978865,2.89931899614,3.09571504465,0.563137742299,1.41116773563,5.9783450155,4.26235153458,2.00951144105,16.35510874
sobol__0001762,77.96865913,3.17094816,37.01173411,39.91717909,19.58896019,-0.1759184,0.43562899,1,usable,Converged with independently replayed constrained generalized-force equilibrium and small reserve torques,573.543138,0.0423204946741,8.09816622649e-08,2.70006239589e-13,3.6385129285e-05,17,0,0.0100019913225,0.0100016329825,0.0249521944927,0.0100058486557,0.0100035739446,0.0100066919555,0.0138440230976,0.0466641506762,0.0173599104043,0.0624518619233,0.0100233415625,0.0477802523297,0.0279756942795,0.0386371627368,0.0132951656696,0.0385222479781,0.0100046481582,0.0100047883129,0.0100452377759,0.0100452377759,0.0294393721587,0.0647999655118,0.0863719798268,0.0645158064788,0.0429588995731,0.0456826954846,0.0485193808802,0.0100035973571,0.0100084800199,0.0100088890758,0.0381681433574,0.0100553107635,0.010018839652,0.010010466299,0.0100052983319,0.0100077356851,0.0100080745221,0.0100097316894,0.0100079677935,0.0100074081846,0.0101619866485,0.0340072479433,0.0100452377759,0.0119311772661,0.0157039866802,0.0107217748497,0.0100825422154,0.0100227390377,0.0100077260316,0.0100103243674,9.15328528214,10.919400106,5.01268592539,4.95304490845,8.39647941745,12.5037402337,3.70658571579,6.01438392205,7.2494461627,34.0521733828,1.65922063961,9.75038626844,3.23043046173,6.14911690086,2.36391527737,22.9499661529,6.5464348511,6.33345168726,0,0,9.6157293105,18.0932884364,101.688588682,17.6845012568,14.4786976,11.4455826771,9.08780827464,4.0800825113,4.61733737814,1.01078746782,21.2283740046,2.73602110509,0.742655222157,1.69982309442,2.58880308379,1.62602355629,2.36978204958,1.73055453022,2.07183901374,1.97437297103,0.27804314476,3.63569448214,0,0.581572956058,0.968800285732,0.448265486831,0.708257373822,0.461029826885,1.93182196507,1.16813872875
sobol__0001770,111.71865913,43.79594816,-9.86326589,31.79217909,-70.41103981,-6.7384184,52.93562899,1,usable,Converged with independently replayed constrained generalized-force equilibrium and small reserve torques,530.456001,0.0792878162677,9.11707598306e-08,2.07172804427e-13,1.45964848613e-05,18,0,0.172802106702,0.0100040573847,0.0100216174251,0.0100066436378,0.041326179491,0.0100017880979,0.0259855979786,0.0100281403394,0.0712352652719,0.0267892790858,0.0100254995876,0.0100138170269,0.0100109237089,0.0100094986187,0.0100543537303,0.0100035465117,0.0100029485585,0.0100031407177,0.0100452375443,0.0100105536985,0.0144146665049,0.0663335889728,0.136422130503,0.0688496416802,0.0272868384657,0.0329086864125,0.0666209323803,0.0100028768687,0.0100085527731,0.0100067118995,0.045509954674,0.0105703973637,0.0100107058166,0.0100049690934,0.010002288483,0.0100033054864,0.0100034118864,0.0100041667255,0.0100032980998,0.010003004108,0.0101113306211,0.0269014004573,0.0219372120942,0.0103047656349,0.017912020578,0.0100923535486,0.010033624207,0.0100123850871,0.0100108567121,0.010005320971,208.994834589,10.9739013196,2.01753310432,3.59563578183,44.3149408231,11.8370917232,6.34444030081,1.39562363783,28.5933566951,12.9787820166,1.39489542765,2.59220353876,2.65064766201,1.76089196253,1.43581625558,5.43153942822,6.42219733859,6.00334177883,0,3.42017886429,4.86881447625,20.9852924027,160.619170787,17.4868890327,7.94224080698,6.01258711046,9.90382537369,3.90629465564,4.20114203925,0.922620317624,10.5807359424,2.525690395,0.661845395535,1.59447864638,2.41979111903,1.56719724454,2.27084639895,1.64976437396,1.94407385572,1.8764919714,0.169947412087,1.83546586306,1.35860560804,0.387096617218,0.786252784537,0.247826986304,0.630246251694,0.453642466244,1.87845672218,1.08696365495
sobol__0001778,94.84365913,64.10844816,69.82423411,117.10467909,54.58896019,16.2303316,-55.81437101,1,usable,Converged with independently replayed constrained generalized-force equilibrium and small reserve torques,684.900374,0.3395641309,2.26422685046e-08,1.08002495836e-12,3.03865954438e-05,6,0,0.151682478271,0.0100007019554,0.0378044393576,0.0100007975515,0.143695990989,0.0100004205821,0.408623098747,0.069651850221,0.236149317132,0.0133421017794,0.0100235761114,0.0100269020298,0.0100133066529,0.0100094093616,0.208818362225,0.0102974142036,0.0404385196751,0.040375149932,0.0111542640722,0.0101249739307,0.0100009669058,0.0865582366152,0.010016984678,0.0100189891986,0.0102260562246,0.0372032783141,0.0100162621081,0.0100149381832,0.0100074049534,0.0100318215417,0.0669155760347,0.0511075552679,0.0100383077824,0.0100221315679,0.0100440387216,0.0100782103306,0.0100322557528,0.0100427571004,0.0100454540133,0.0100896001664,0.0101728140078,0.0105021974998,0.0144816408816,0.0120766589243,0.0100765379814,0.0101753600322,0.0102333010919,0.0103768093417,0.0100972364368,0.0114311181129,167.404797056,10.2461923561,6.97850430789,4.86682753735,120.978567211,12.3202057711,107.713473237,9.78543663719,76.3013607069,6.58062271517,1.94107266119,2.58949831544,2.74498534416,1.77255629923,35.703045026,0.0374909206663,29.010041246,28.9193415867,3.15887460186,0,4.51554373185,25.4229687221,9.29590018868,0.770414432547,1.48914681966,9.21804885383,1.93020267106,4.08423393522,4.2444415641,1.01297893121,18.617450891,12.5642428237,0.696915605626,1.66010615916,2.33675579546,1.37019753848,2.2700867463,1.68450110623,2.13357219237,1.80093181864,0.400747264654,1.06049534734,1.31054314169,0.554525840288,0.729270158392,0.466602688947,0.845443001974,0.423797934744,0.78252996558,1.0683108329
sobol__0001786,106.09365913,23.48344816,-33.30076589,76.47967909,-35.41103981,22.7928316,-3.31437101,1,usable,Converged with independently replayed constrained generalized-force equilibrium and small reserve torques,478.802089,0.0402347284741,1.20288650152e-07,3.33955085807e-13,4.9799343209e-06,3,0,0.138315793023,0.0295747225254,0.0100155936516,0.0100282480025,0.0627741130449,0.0100041784567,0.0104076425748,0.0100153813831,0.0106486664495,0.0100132855207,0.0100185017071,0.0100109787396,0.0100111437499,0.0100106585124,0.0100565390935,0.0100066513203,0.0100121721336,0.0100123649588,0.0100297231281,0.0100403356962,0.0472780060471,0.0187828652854,0.0465962329897,0.0364756606252,0.0100125909261,0.0100352282092,0.0474226314028,0.0100093273956,0.0557091871422,0.0100197279216,0.0169698062643,0.0100480378433,0.0100630677558,0.0100702226642,0.0100187949166,0.0100215562525,0.0100595323728,0.0100433795513,0.0100311523421,0.0100203347251,0.0101234976627,0.0207737116733,0.0136663625902,0.0100835485796,0.0140080271346,0.0100702033081,0.0100280677559,0.0100215863673,0.0100108373641,0.0100109049205,152.867376496,32.6160074804,2.01230067333,4.83623606774,64.2493077357,11.5511179261,2.25983878832,1.37081843982,4.49284794212,5.63802819666,1.31005086088,2.54476618965,2.22990275774,1.71734384278,1.5376019219,4.62281356547,6.95076096714,6.80282672509,2.44245856832,3.69960146522,24.7967665908,5.70794144869,52.6405354662,9.73943474288,3.37606873186,2.51802888077,9.14699632556,4.07733746081,18.4523410114,1.00977724685,9.28677547667,2.78241219792,0.697344721389,1.65562722095,2.5906684839,1.57957114442,2.38191908789,1.73641251048,2.11006880518,1.96745559754,0.328891781354,2.2675527365,1.26687013448,0.491362832595,0.976052421136,0.442385512575,0.643214779914,0.390667126638,1.49930019253,1.01481807209
sobol__0001794,83.94522163,7.48735441,-38.28123464,55.91327284,-41.34853981,5.22447223,-11.98624601,1,usable,Converged with independently replayed constrained generalized-force equilibrium and small reserve torques,523.433482,0.0278161783524,3.70293511409e-08,1.75979927012e-13,3.62614426218e-06,5,0,0.0817777194776,0.0563468607161,0.0100169326195,0.0101421386825,0.0486698640344,0.0100078427313,0.0100651011361,0.0100159666553,0.0100356593058,0.0100087445405,0.0100139409262,0.0100128155219,0.0100146976516,0.0100126146481,0.0100439396834,0.0100043745458,0.0100081517948,0.0100083065269,0.0100336700892,0.0100218554977,0.0578174257477,0.0157621277323,0.0569489210854,0.0512683348862,0.0307454063305,0.0106350943811,0.0100342692085,0.0141869373564,0.0100426057977,0.0100601160094,0.0305289794569,0.0100864676354,0.0100546533847,0.0100691109134,0.0100348796231,0.0100393618962,0.0100325249723,0.0100359876787,0.010036055586,0.0100384199997,0.0100463103863,0.0100522660025,0.0100452377575,0.0100522359705,0.0100443185321,0.0100521535616,0.0100519637565,0.0100478598244,0.0100354282979,0.010047466408,67.7493510812,61.8959656623,1.96495207587,5.06277747756,49.4828432574,12.5024618186,2.24853398386,1.35446507689,4.36545250305,5.9424510619,1.68732233778,2.47122947111,1.82771317884,1.67895118729,1.807733437,5.7133924207,6.73842553862,6.58566417473,0.911275673592,3.64404289948,26.5458555369,4.99341876623,66.6190036387,14.1500391814,10.3702290158,2.68524374624,1.93159194984,5.78150014406,4.62544766906,1.00914343895,13.3424773811,2.74651758249,0.753735971576,1.72283690083,2.58229995402,1.54763393313,2.36737945848,1.73297918868,2.1277428385,1.96009985697,0.308912415694,1.09738665504,0,0.490545819672,0.673448109438,0.463847781861,0.78382366667,0.460969879018,1.67037056321,1.16947218627
sobol__0001802,117.69522163,48.11235441,64.84376536,15.28827284,28.65146019,-1.33802777,-49.48624601,1,usable,Converged with independently replayed constrained generalized-force equilibrium and small reserve torques,573.251202,0.954072634499,7.65739045505e-08,5.47117906535e-13,6.88036541266e-05,20,0,0.223093354077,0.0100002615382,0.0100045913804,0.0100008901174,0.0100002833243,0.0100001621416,0.0100052402585,0.267424830597,0.750912670575,0.0100003969459,0.0100009528303,0.220873003297,0.0337142303838,0.0100015495714,0.0100089378726,0.219986319849,0.0100011661143,0.0100014477995,0.0100452394696,0.0100452394696,0.0315647162623,0.0100055272155,0.36861655277,0.128997768191,0.0100452394696,0.109014812696,0.0174795224708,0.010014228574,0.0100090498568,0.0100186438874,0.019090409883,0.0100074740094,0.0100411745208,0.010031766265,0.0100055464426,0.0100082578626,0.010008826081,0.0100101677813,0.0100073766912,0.0100073911305,0.0101024386042,0.0183384916321,0.01738390711,0.0101686218931,0.014075052718,0.0151003623437,0.0115160486081,0.0100259897401,0.0100106875921,0.0100110423475,264.231985223,10.7819882188,1.9339708751,4.98210360258,7.22846670503,12.8463037897,2.69483489733,36.0007005685,212.789752065,4.03416179145,1.20369351017,54.794563836,7.69401069778,1.73293576327,1.3684607371,124.377474648,5.69252491979,4.56348225719,0,0,10.1941319677,2.61451637884,433.002657097,31.2932616223,0,26.6471498447,3.37076114318,2.79276638573,4.01550351346,0.529768876782,9.99528603175,2.66748702702,0.56224760541,1.51698697543,2.40745485419,1.42938202096,2.1814405976,1.65226483097,2.12548453463,1.86273492485,0.397975232466,1.88099580491,1.56359878211,0.457944680771,1.01877632613,0.70582350533,0.965477040322,0.460112276488,0.984489995675,1.1118867005
sobol__0001810,89.57022163,60.29985441,-5.46873464,100.60077284,-6.34853981,10.69322223,51.76375399,1,usable,Converged with independently replayed constrained generalized-force equilibrium and small reserve torques,404.656189,0.0777425849964,2.74154245972e-08,3.23238259466e-13,2.64122660118e-05,19,0,0.151586436882,0.0982550067815,0.0100234471408,0.0117439914522,0.0954672202317,0.0100066558943,0.010997163622,0.0100120986391,0.010007901984,0.0100031228132,0.0100048374984,0.0100092112795,0.0100083135296,0.0100093628483,0.0100143457009,0.0100192735102,0.0101090011498,0.0101063634227,0.010051802386,0.0100633125048,0.0149372573051,0.010007368672,0.0100218900903,0.0100241372074,0.0202714326507,0.0761501082667,0.124036940274,0.0100018008889,0.0100452379064,0.0100441179145,0.0100260091461,0.0100392201873,0.0100452379064,0.0100047457821,0.0100011936039,0.0100017687298,0.0100017850463,0.0100022042432,0.0100017475794,0.010001660331,0.0160317230875,0.0677284833075,0.0551675464346,0.0278786945564,0.0388779243145,0.0150044299146,0.0100416860594,0.0100073434797,0.0100016457074,0.0100023033115,173.003954383,102.18395959,1.97550251458,5.28372278446,102.448488341,13.0220957304,2.78711104014,1.43907150668,4.11205953563,5.89919926048,3.0130457806,2.64338162457,2.83738669973,1.80068287043,1.81208190826,1.27913214837,7.23557284176,7.10454444202,2.73867389791,3.7879596286,7.48325366325,3.01676383098,10.7003650961,2.11825397607,6.57452200835,11.9129807387,19.110886518,1.72416524055,0,0.0014894160799,5.3387822904,2.85754538585,0,0.637667485289,2.39680748098,1.55890120851,2.24013041181,1.63087497788,1.92145469332,1.87724442485,0.27102732873,4.03541809055,2.96589064992,0.879888379753,1.57607485022,0.29853037611,0.455916301868,0.458109740186,1.94619161373,1.15963881491
sobol__0001818,100.82022163,19.67485441,41.40626536,92.47577284,63.65146019,17.25572223,14.26375399,1,usable,Converged with independently replayed constrained generalized-force equilibrium and small reserve torques,493.021476,0.0657743492877,6.32482652918e-08,4.76063632959e-13,1.19078432216e-05,16,0,0.0861091919995,0.0100020387441,0.0100444283168,0.0100038180323,0.0378254905185,0.0100017328871,0.040735697507,0.0105695720764,0.114482598853,0.0887581465961,0.0106614517676,0.0100208206689,0.0100217395589,0.0100136939414,0.0259193237761,0.0521607161855,0.0100100623557,0.0100102248575,0.010026366571,0.0100452379794,0.0100046481544,0.0472655613511,0.0632504848079,0.0100654449251,0.040208423207,0.0603810198906,0.0715654007651,0.010002021899,0.010008421686,0.0100053615139,0.0648231325174,0.015091480472,0.0100138923033,0.010005384275,0.0100032451528,0.0100049068952,0.010004809693,0.010005959289,0.010004946827,0.010004840836,0.0134507562857,0.0585995824524,0.041830430581,0.0227099133823,0.0255203779153,0.0166334169024,0.010109177445,0.0100204914336,0.0100056649727,0.0100079150022,101.694010291,10.889751499,2.02316410893,4.95986545274,31.5628825053,12.6371554748,10.9576451098,1.39005493654,45.9250342552,38.4052783069,0.927573235725,2.25414192227,1.56335524268,1.66428496908,3.92266023167,17.5804179682,7.10289656121,6.95805411482,2.65656915382,0,5.24989740534,14.7342009677,68.9955850549,2.53020349675,13.208759348,12.080034814,13.0015127126,3.79657139671,1.50824406488,0.917452862934,30.9881621485,3.3910375066,0.476858811411,1.55489041763,2.55763210438,1.6256016698,2.35367682118,1.71524709166,2.02687228661,1.97046824574,0.348793906314,5.54461678868,3.19899124454,0.98664364016,1.43799994224,0.582247754604,0.503312598895,0.424783727348,1.87515833089,1.14354019891
sobol__0001826,75.50772163,37.95610441,25.00001536,114.81952284,-63.84853981,7.95884723,19.88875399,1,usable,Converged with independently replayed constrained generalized-force equilibrium and small reserve torques,406.222973,0.0471100584147,4.63939926476e-08,2.23515917279e-13,1.20108392612e-05,15,0,0.115949896278,0.0267760697716,0.0100331098374,0.0100147503254,0.109444620447,0.0100032493501,0.0262813011421,0.0100155709792,0.010020517624,0.010008182472,0.0100163505211,0.0100104938932,0.0100107043715,0.0100115093652,0.0100384609045,0.0100248413089,0.0100113391437,0.0100113648485,0.0100261679013,0.0719430788756,0.0433365279879,0.0239148120254,0.0500695188951,0.0100050125141,0.0100198558421,0.0545124767273,0.0374189145789,0.0100020399906,0.0100273590484,0.010006545107,0.0100038528197,0.0100135040365,0.0100225374209,0.0100051337478,0.0100031883461,0.01000487549,0.0100047079717,0.0100058389741,0.0100047709429,0.0100048110473,0.0101532137469,0.0327668325238,0.0245955231226,0.0134158982106,0.0165395414515,0.0113093941692,0.0101504450179,0.0100221029715,0.0100066492391,0.0100091595096,141.181865819,27.9483171966,2.01897446827,4.99918933354,110.859334121,12.6910000734,7.05049247259,1.38374000281,4.06794528421,5.19547959851,1.44006194722,2.52220027532,2.29006677219,1.72447564995,1.77256608939,1.57954293428,7.18197226129,7.16034546057,2.83892311038,24.9610984465,15.719974734,5.32250023926,48.4411307242,1.8503060799,3.10652438124,11.9992123667,6.12104152459,3.67384558953,0.215390629317,0.760289936459,5.57207179728,2.45784375755,0.197496378955,1.50455701152,2.58700446784,1.62563670186,2.36819439997,1.72853373974,2.05886811644,1.97383285009,0.237888237451,2.82672366265,1.79614338762,0.57573356498,0.856703434324,0.381549697163,0.649146702611,0.459881562538,2.01037146848,1.16801086858
sobol__0001834,109.25772163,13.58110441,-3.12498464,74.19452284,6.15146019,18.89634723,42.38875399,1,usable,Converged with independently replayed constrained generalized-force equilibrium and small reserve torques,680.562583,0.0382260944379,4.45209771271e-08,1.35003119794e-13,2.01038209317e-05,11,0,0.115364154948,0.0100062191451,0.0100199917256,0.0100110186336,0.0408038847597,0.0100035292037,0.0151886329583,0.0100288430332,0.0452084323752,0.0305691514349,0.0100444461302,0.0100160364549,0.0100178128584,0.0100137897764,0.0126515130732,0.0100157733475,0.0100107581877,0.0100109366435,0.0100281882649,0.0100452378319,0.0316371439872,0.0531753169617,0.0542370144423,0.0436104718101,0.0100024492611,0.010006504722,0.0793367942863,0.0100046363145,0.0100456905254,0.0100125465952,0.0176837783296,0.0100454153226,0.0100577204604,0.0107642497598,0.0100081582131,0.0100094144554,0.0126744199062,0.0100547926672,0.0100233883502,0.0100083705458,0.01042978128,0.0204304272915,0.0146168297524,0.010045240688,0.0193287553066,0.0100293271311,0.0100129372803,0.010006782259,0.0100021958688,0.0100024997361,119.731050955,11.0141036203,2.01020697399,4.57630531499,43.8802886534,13.0675034139,3.82707617142,1.33367272233,18.8105813035,15.7489003242,0.912404859317,2.38272945506,1.69684006436,1.67270777077,2.02045942674,4.98045267445,6.92750804361,6.77954435787,2.34090527702,0,15.2248504756,16.694783719,61.5496740047,11.5605479252,3.37291429741,1.70419699662,14.1321572681,3.63156022221,0.00126030913568,0.671228906429,9.80754561694,2.8149048315,0.1695015149,1.48796877074,2.45629188685,1.59313631925,2.88270647242,1.66648367187,1.96422115566,1.91868361669,0.212905270529,1.4780874565,0.913209362163,0.351293885431,0.924327855064,0.231695239159,0.423655680538,0.419754835568,2.01038749262,1.16672765033
sobol__0001842,92.38272163,25.76860441,76.56251536,37.63202284,-28.84853981,6.86509723,-43.86124601,1,usable,Converged with independently replayed constrained generalized-force equilibrium and small reserve torques,894.146844,0.0608161526464,4.67738168197e-08,2.0605739337e-13,1.00592005763e-05,1,0,0.0762126161698,0.010016990907,0.0101002373706,0.0122874833319,0.0100229426997,0.0100141876949,0.0103253120404,0.0262910278202,0.118478741809,0.0737319545845,0.0121153152229,0.0188992978999,0.0108933299477,0.0102260905045,0.0328646132186,0.0125074886377,0.0100609604447,0.0100628454582,0.0102983488258,0.0100483482093,0.0406226726226,0.0471294115887,0.0394334348894,0.0441315748121,0.0102983488258,0.112651730335,0.0100217479852,0.0323765509118,0.0100095623214,0.0102400562977,0.0761364075872,0.0272862303643,0.0101077131626,0.0100663351395,0.0101146566312,0.01026510603,0.0100468653309,0.0100710499907,0.010085250207,0.0103402651746,0.0102056415296,0.0101369819343,0.0144174458641,0.0174754711578,0.0101076670757,0.0107047027598,0.0135756362674,0.0206275233834,0.0101683115829,0.035645872333,92.2128160449,10.8191109503,2.02721019034,6.01810240853,6.53469285802,12.4029517047,2.7669172847,3.43679212952,47.418565184,33.9035472787,1.3232267668,4.04261477844,1.60437114061,1.68632808176,4.99354934032,5.84911747164,6.55183090667,6.30720700666,0,3.76015403461,21.1075427306,14.9136885612,46.4274052541,11.9347382498,0,27.540426957,1.91948206838,9.79797138769,4.79527588464,0.61170879632,30.8350975145,7.70977132774,0.684625353367,1.66294344915,2.30420959235,1.3632229833,2.19089343396,1.64658336925,2.14196817164,1.80922601846,0.401341473352,1.05289044873,1.32140978153,0.809618681603,0.731766062374,0.503680612366,1.17816075622,0.92819340648,1.08117824562,3.82357577206
sobol__0001850,103.63272163,50.14360441,-45.31248464,29.50702284,41.15146019,-4.07240277,-21.36124601,1,usable,Converged with independently replayed constrained generalized-force equilibrium and small reserve torques,444.382078,0.0740936698743,5.7895760186e-08,6.60971579029e-13,5.35038691016e-06,11,0,0.181498492423,0.0330086882261,0.0100171790763,0.0101571133978,0.0874330179998,0.010003985137,0.0106114275478,0.0100132553193,0.0100344242314,0.0100077328793,0.010013348268,0.0100097864573,0.0100085095253,0.0100093045205,0.0100246827805,0.0100029638672,0.0100035450593,0.0100038415037,0.0100452378026,0.0100452378026,0.020882385293,0.0154454080927,0.111039480561,0.0619623656372,0.0100452378026,0.096338495798,0.0100055259963,0.0238505906937,0.0100022609906,0.010025526159,0.0379665583529,0.0100380902784,0.0100211715769,0.010014193099,0.0100129455272,0.0100224644158,0.0100088186684,0.0100129365442,0.0100144365691,0.0100256971177,0.0100436584052,0.0100318335718,0.0162796050388,0.0131527941644,0.0100256708043,0.0102601009609,0.0101051423412,0.0101563466433,0.0100138406352,0.0102991602503,218.853054085,36.2278741968,2.01666080486,4.61778889088,85.8022236626,8.53802219152,1.77530122174,1.43627527542,4.1906551517,5.79219539015,2.15679576511,2.64686462892,2.82795959748,1.79482698431,1.61726060427,4.69054791545,6.37836790646,5.84591930909,0,0,3.38529947133,3.40843704194,130.732687266,16.0827170084,0,24.3227662236,1.91037124546,9.33747442519,4.79294290962,0.89191438202,21.1525810261,2.59714064504,0.745712306258,1.71301065597,2.58991740245,1.61121097365,2.36021982286,1.72971822104,2.11270450745,1.97644873108,0.333231720034,1.09539602953,1.53678056829,0.635683855931,0.697351881585,0.484539889335,0.77615716559,0.467173757869,1.53090008568,1.20150474152
sobol__0001858,82.53897163,53.19047941,84.76564036,93.49139784,17.40146019,-5.98646527,35.82625399,1,usable,Converged with independently replayed constrained generalized-force equilibrium and small reserve torques,626.100638,0.127355999807,6.20949087704e-08,3.38126362148e-13,3.25455241543e-05,17,0,0.0950606102782,0.0100011933725,0.0187304453,0.0100016647991,0.181291305642,0.0100020914931,0.0306458415924,0.0102443690425,0.125980511467,0.123117407757,0.0214360672652,0.0100161815066,0.010018306675,0.0100157194064,0.0420332845958,0.0360417911928,0.0100344292439,0.0100345970008,0.0100424891952,0.0100452378089,0.0100028032122,0.0703438100035,0.0101033125663,0.01007571722,0.0304918791556,0.0922113795066,0.135406331334,0.0100012178288,0.0100053989974,0.0100066881941,0.0218230933733,0.0102569900654,0.0100235788231,0.0100024457837,0.0100010916554,0.0100016245919,0.0100016294835,0.0100020357118,0.0100016188776,0.0100015056409,0.0164656855277,0.0786754721583,0.0627252474802,0.0308928157761,0.0404229412256,0.0202107212983,0.0100801190412,0.0100078513421,0.0100031570853,0.0100028534874,111.315006628,10.3095308881,3.46943871456,4.63058605549,145.028219813,12.0780237212,7.26999934081,1.40820873721,47.5820833901,55.8256963655,2.67924712848,2.50776258244,2.35609097505,1.72974972765,7.26923180626,3.46358763063,7.12939840468,6.98494373834,2.67020295682,0,4.81236871116,21.4204350687,10.9938422293,2.44821592172,9.69020980342,19.0754060409,17.5079674983,2.59261518956,1.22166366304,0.299836432019,11.395158474,2.80467084079,0.0672405677978,1.24458822175,2.44403187441,1.57927592181,2.29953910178,1.6698228339,1.96489638754,1.89724106969,0.269979430673,5.28869166736,3.84659979315,1.18974166187,1.60097338767,0.603534268577,0.615394111188,0.457521050723,1.96592034841,1.12052347449
sobol__0001866,116.28897163,28.81547941,-55.85935964,101.61639784,-72.59853981,0.57603473,28.32625399,1,usable,Converged with independently replayed constrained generalized-force equilibrium and small reserve torques,448.53165,0.108048280073,2.44389610771e-08,5.91640750987e-13,9.12054524437e-06,21,0,0.138609262569,0.0182504195396,0.0100052182864,0.0100221534728,0.252413890134,0.0100055598309,0.0231740018477,0.0100054078673,0.0823675902169,0.010018164034,0.0100097029254,0.0100034124228,0.0100031073428,0.0100030806463,0.0102911989086,0.0100036816448,0.0100104333042,0.0100105724789,0.0100262639187,0.0348113122679,0.041769879931,0.0356142946123,0.0605317341959,0.0100126094633,0.0100078987587,0.011989846442,0.0644910475094,0.0100021616204,0.0100386366902,0.0100073363934,0.0100093906916,0.0100227995447,0.0100213645341,0.0100063781292,0.0100032364978,0.0100046961838,0.01000549075,0.0100064494004,0.0100050059807,0.0100043929039,0.0101679084662,0.0297759265884,0.0208902753128,0.0102230007161,0.0181781320674,0.0100990949428,0.0100308058121,0.0100128627295,0.0100051007326,0.0100052025527,129.168419809,20.1293366566,2.00684877155,4.99896532624,240.384592986,8.82921195865,2.7648530936,1.38374289358,34.9561171556,5.73570404717,1.44351759743,2.58162123047,2.48649282649,1.73755005092,1.48403031924,2.8482934463,7.16932871816,7.04694572247,2.74122831891,11.8221957485,20.9895930132,9.17216206333,64.4297326358,2.51837549084,3.23672156552,2.67267243795,9.11072706772,3.67678426333,1.41126522189,0.77101116682,5.52430818344,2.37453028892,0.301175769732,1.52736330514,2.56120615688,1.62562822113,2.36197224167,1.71954633408,2.03532219403,1.96913726513,0.194125672529,2.19413632144,1.37503107736,0.408336973289,0.824286891623,0.318880834836,0.662525654364,0.460570053581,2.0074043588,1.15263114175
sobol__0001874,88.16397163,8.50297941,23.82814036,8.17889784,52.40146019,21.35728473,-27.92374601,1,usable,Converged with independently replayed constrained generalized-force equilibrium and small reserve torques,655.044586,0.0181399693545,7.21432193984e-08,1.4921397451e-13,4.92649436075e-06,5,0,0.0516287048693,0.0100465911584,0.0100280365093,0.0100326070976,0.0136096081811,0.0100124533987,0.0100597649119,0.0100314836231,0.0164219657139,0.0124266366811,0.010061011383,0.0100257875274,0.0100287984697,0.0100249207892,0.0100796735399,0.0100044681467,0.0100066958807,0.0100083547046,0.0100452377961,0.0100452377961,0.0115349216543,0.0179405057218,0.0626043200589,0.0155120879854,0.029085404132,0.0481727406781,0.0404855835347,0.0100080040706,0.0100161233341,0.0100164103427,0.0198468273692,0.0100405178406,0.0100263555999,0.0100159684294,0.0100091189493,0.0100128805131,0.0100150014723,0.0100170191393,0.0100134856726,0.0100122761935,0.0102593654093,0.0266753804877,0.0232443845842,0.0104360268583,0.0155172475249,0.011224590142,0.0100840879023,0.0100305156583,0.0100133098592,0.0100169855698,51.777664898,10.9388672841,2.01715855199,4.90214945673,12.8696322256,12.7090352402,2.65894172299,1.31678512561,6.81688426186,6.43707063178,1.16962849323,2.19029884884,1.40456998444,1.64128597486,1.73671111184,7.44421535733,5.07917038848,3.89794469423,0,0,2.03505388153,3.86040908114,73.1137614144,3.65286056692,8.26074276343,12.0846093429,7.36914679979,2.82090600543,4.7914607452,0.648929923612,10.9803133452,2.50007441246,0.722989615408,1.69835705413,2.57778950458,1.54818216667,2.36936826487,1.73117749395,2.11748052374,1.9538744886,0.40420814625,2.74464352363,2.15479564278,0.494388263153,1.11480259644,0.530913023768,0.693227901548,0.393403853167,1.16112012688,0.961975023278
sobol__0001882,99.41397163,32.87797941,14.45314036,48.80389784,-37.59853981,14.79478473,-35.42374601,1,usable,Converged with independently replayed constrained generalized-force equilibrium and small reserve torques,557.731613,0.0631110714104,5.5118393405e-08,1.70902021137e-13,1.12854685252e-05,9,0,0.154197224295,0.0100057611449,0.0100225504948,0.0100067601693,0.0557963206452,0.0100022751069,0.0254760502272,0.0100266032863,0.0473520972242,0.0158555028102,0.0100305859011,0.0100132692013,0.0100129810741,0.0100114941642,0.0103695002963,0.0100099197997,0.010005288748,0.010005406489,0.0100380638316,0.0100212463768,0.0248400762612,0.0574606809913,0.0805086612295,0.0679530899528,0.0100452377468,0.077406541168,0.0100030482208,0.0515149133007,0.0100015986903,0.0101807045532,0.0382924453408,0.0100950175425,0.0100175052587,0.0100115403993,0.0100186193393,0.0100416929393,0.0100073316026,0.0100109793214,0.0100127726793,0.0100501899444,0.0100209984452,0.0100123450727,0.0100292932753,0.0101300403054,0.0100119951667,0.0100474059321,0.0225813277165,0.0248158921812,0.0175148205346,0.055576912516,187.821144646,10.7947247228,2.01833839335,4.48571002063,58.649204405,13.0607171801,6.63240371466,1.36542008078,18.9307472544,7.06303764626,0.971921390032,2.51026523086,2.17084282601,1.7207288981,1.52320954884,5.10029927145,6.65652750058,6.49279132079,0.303169389619,3.67423951817,11.3763582093,18.2030417636,94.6968421932,18.7371111616,0,19.3076742855,1.89160685416,17.2255464688,4.73903457587,0.720837726053,16.0609562269,2.76824706607,0.752786707507,1.71235432175,2.34833283171,1.3595398595,2.27991468417,1.68814216199,2.12663153817,1.78569397051,0.391760539607,1.05438704842,0.936641815119,0.481379756841,0.724860657939,0.475086861073,1.87422796602,1.04716611527,1.98702020801,5.6573139035
sobol__0001890,79.72647163,22.72172941,-20.70310964,26.46014784,39.90146019,22.99790973,-59.79874601,1,usable,Converged with independently replayed constrained generalized-force equilibrium and small reserve torques,580.826571,0.0786650852534,1.42964271532e-07,6.18172180111e-13,1.09954524593e-05,10,0,0.123875967013,0.0800375127121,0.0100199742767,0.0157212936131,0.0546884922878,0.0100098270332,0.0100570427349,0.0100155166692,0.0100209823317,0.0100062497242,0.0100121750835,0.0100121881592,0.0100131528969,0.0100122843692,0.0100277426566,0.0100021137376,0.0100030191473,0.0100033723552,0.0100452377999,0.0100452377999,0.0405298115014,0.0170664759059,0.130964087263,0.0655828316067,0.0100452377999,0.100140853686,0.0230620712465,0.0100050334897,0.0439767538111,0.0100144287351,0.0515272121559,0.0100462279662,0.0100401177348,0.0100221918518,0.0100061605219,0.0100086370416,0.010031692546,0.010022394476,0.0100122891294,0.0100087821812,0.0285969057915,0.0686490665741,0.0577150968508,0.0155007198584,0.0480808657801,0.0222581889872,0.0108863135912,0.0100186970362,0.0100106356254,0.0100082086129,140.98712742,86.5804781328,2.01600143809,7.81986315944,57.7499377876,13.049472476,2.47033514561,1.3763815892,4.25437230923,5.79683273674,1.6041238531,2.53036236923,2.14506694584,1.71034488282,1.75136433268,6.39017605784,6.30487745632,5.59963540956,0,0,8.39201165105,3.76350831431,154.179573805,16.738458576,0,24.4971218522,4.15433737457,2.31281277654,21.0979808817,0.397229223961,28.6925311147,2.6075265477,0.639461778318,1.59830898972,2.25950677714,1.30602068495,2.28397674707,1.68290841543,2.12652934387,1.72673889362,1.10154193716,6.32553885299,5.03391855722,0.696587867272,3.31694228673,1.00611730222,0.910052994526,0.378538355183,0.636641084626,0.852847973559
sobol__0001898,113.47647163,63.34672941,44.92189036,34.58514784,-50.09853981,12.06040973,-7.29874601,1,usable,Converged with independently replayed constrained generalized-force equilibrium and small reserve torques,409.275662,0.506704213599,4.61453941725e-08,8.05527392058e-13,4.3113815996e-05,13,0,0.312632229976,0.0100003731364,0.0100350506839,0.010000390823,0.0100011952902,0.0100001339359,0.242566614425,0.0781843925953,0.345419925278,0.0100007548161,0.0100010708919,0.0100647517486,0.0100035060898,0.0100017783069,0.0100078415651,0.31422080712,0.0100013658429,0.0100014339107,0.0100452384325,0.0758087964777,0.0100007941495,0.0478446196281,0.307865090222,0.115628168606,0.0635162631061,0.0246247796102,0.0100093191081,0.0259065460848,0.0271354050983,0.0100616997474,0.01002405936,0.0100112162909,0.0100836979262,0.0103074205309,0.0100124645804,0.0100180327243,0.0100164553429,0.010019376884,0.0100165880741,0.010019088541,0.0100314601132,0.010017209006,0.0100212015908,0.0100299686359,0.0100235608647,0.010049424339,0.0100699369276,0.010051763729,0.0100522342891,0.010065248108,344.922197581,10.4594971604,1.87963993185,4.36436990409,9.07897924964,13.0591869596,65.3094711932,11.0063890109,114.008954467,5.29728965909,2.36219645523,2.61831124337,2.7945523266,1.78907078204,1.61056023677,132.103556553,6.46787033437,6.15348852443,0,27.0600136456,4.55326328303,14.827442377,362.471074448,30.3665748405,20.7741659864,6.19752505608,1.93049237902,9.75349964846,12.5558119113,0.909868163461,3.14690533997,2.61551161486,0.75929481025,1.76460627157,2.58153311646,1.55050351216,2.36959981632,1.73165661612,2.11988622542,1.95890534871,0.335452117893,1.09386951282,0.944950429182,0.489459044847,0.715820852701,0.449374702318,0.73270393373,0.446685258748,1.65669762702,1.1462757803
sobol__0001906,96.60147163,43.03422941,-25.39060964,79.27264784,74.90146019,-8.72084027,3.95125399,1,usable,Converged with independently replayed constrained generalized-force equilibrium and small reserve torques,557.991888,0.413892984783,2.14394258791e-07,5.30892379979e-13,5.30860092806e-05,17,0,0.156617735209,0.0905771491109,0.0100157810666,0.010151680268,0.10751052246,0.0100040534139,0.0138926999988,0.010010855742,0.0100119635552,0.010003921809,0.0100076195696,0.0100080235178,0.0100073130911,0.0100081280647,0.0100211098514,0.0117143222038,0.124515081411,0.12187474254,0.0241924967095,0.0100452377641,0.0100007510871,0.0100008085453,0.0100020057328,0.0100006833528,0.330447916588,0.236483227446,0.0100013149279,0.107775259869,0.010000502498,0.0100111834738,0.326032710496,0.0836454198013,0.0100056042791,0.010003246293,0.080073297462,0.0870884205862,0.0100068771657,0.0100201785441,0.0380019368703,0.122868483391,0.0100232465507,0.0100098046727,0.0412437759242,0.0419015017971,0.0100068723231,0.0132725444254,0.012718626897,0.047705675147,0.0100130133286,0.094725951314,190.589679613,98.2499969552,2.01709066065,4.47266470155,111.370737158,11.5465229717,3.29760873258,1.41518514025,4.15895354659,5.69834681534,1.93998634512,2.61100713487,2.71877236994,1.76589280304,1.6019185257,3.52391147564,86.7808095588,83.1393873942,6.05641597749,0,3.6895372664,3.11246497401,11.2353632932,2.66247337314,106.840063799,59.4183489368,1.28758688002,41.9455639987,4.53855038789,0.968752303042,164.048144285,16.4963093561,0.706136270319,1.64541553735,20.6767686683,14.1512702792,2.36949411552,1.73224038266,7.81015599246,24.2205195963,0.221448458554,0.916187849999,3.33445035786,2.00933943885,0.492274306903,0.554018970322,0.872176100138,2.19304429889,1.98083021728,11.024438122
sobol__0001914,107.85147163,2.40922941,58.98439036,119.89764784,-15.09853981,2.21665973,56.45125399,1,usable,Converged with independently replayed constrained generalized-force equilibrium and small reserve torques,748.024187,0.133882537581,1.3858005099e-07,3.64845291498e-13,0.000209738985257,18,0,0.0100006681969,0.010000506046,0.101632603885,0.0100022148709,0.0100017938083,0.0100009846793,0.0900785119122,0.137924599176,0.0198922520846,0.0100103502256,0.0100035887955,0.123583407689,0.066644613408,0.0748992843998,0.027254101258,0.145013848768,0.0100053351506,0.0100053380672,0.0100155725532,0.0139139678967,0.044989941713,0.0888298353746,0.112273666509,0.0200791131727,0.0386822444146,0.0401690988478,0.113819768104,0.0100086550484,0.0100452376964,0.0100452376964,0.0202207848641,0.0100262405484,0.0100452376964,0.0100140757353,0.010001233156,0.0100018045337,0.0100018759763,0.0100023014227,0.0100018148826,0.0100016637761,0.013441217236,0.053664374385,0.0442904945238,0.0208122644185,0.0324179069502,0.0104660255585,0.010026142591,0.0100064486781,0.010001910059,0.0100021410642,8.81334890808,10.9833517793,20.4593481249,4.99227292426,6.86499390263,12.4056126617,24.2616798114,17.2558246899,8.30798170475,5.62266585672,2.25364142803,23.2006500143,6.40476501513,11.5533571935,4.80672815696,34.5205265418,7.1776495042,7.17321490977,2.83631116652,5.28174184242,17.6878334703,19.6099678844,98.145640772,0.937021221934,11.6306851986,6.0465543313,15.6248996515,0.368749333057,0,0,10.4055108847,2.85441512279,0,0.186101303863,2.35863747851,1.5372964616,2.22306515619,1.61662647029,1.89403648157,1.84934867588,0.210557882758,3.01250040397,2.26900406786,0.660021375185,1.1841981476,0.208541946204,0.510953327772,0.460263881687,1.86921255573,1.11381835854
sobol__0001922,86.05459663,46.58891691,4.49220286,48.29608534,56.77646019,16.57212848,27.85750399,1,usable,Converged with independently replayed constrained generalized-force equilibrium and small reserve torques,486.164435,0.0902212101423,3.77199604884e-08,3.47209467008e-13,1.36556808457e-05,22,0,0.170402566208,0.073419454145,0.0100222247219,0.0100576642644,0.098002140185,0.0100045791623,0.0137534171269,0.0100130660794,0.0100126100083,0.0100042951756,0.0100081104644,0.0100093544896,0.0100088056901,0.0100096797275,0.0100213507119,0.0100040320166,0.0100042204046,0.0100043178501,0.0100374429417,0.0100452378281,0.0513788389497,0.0104905886302,0.102236105521,0.0780346483796,0.0479555687233,0.0599783388373,0.0915372596737,0.0100017410877,0.0100052069802,0.0100047038214,0.0484453724087,0.010064483575,0.0100097265822,0.010004618888,0.0100024969307,0.0100036914404,0.0100037792784,0.0100046488578,0.010003755308,0.0100035694029,0.013348275487,0.0580043934635,0.0418248340431,0.0213289426879,0.030082804421,0.0149561244258,0.0100641443652,0.0100145454046,0.0100037086305,0.0100050867575,203.047902986,77.0375424918,2.01179927339,4.86615045087,105.397472712,13.0688787396,3.5534587286,1.41049673959,4.07997902941,5.56759341329,1.97301098254,2.59190680346,2.64843232268,1.75817510536,1.72021859789,4.2688902909,6.64989895617,6.48485380953,0.260525064272,0,15.5377694378,2.53826297716,120.270718319,21.5170521666,14.4968516447,10.6597242003,17.2441065487,3.96355882972,3.10796277508,0.95401022972,26.4821092601,2.43391040951,0.676810830742,1.6043303715,2.4971145997,1.61140936501,2.3116709937,1.68429730403,1.98845720195,1.93878048753,0.314937203908,5.02237731817,2.99691014915,0.854621256258,1.6882333398,0.434428903302,0.450062577088,0.431298507119,2.00576973584,1.16501214847
sobol__0001930,119.80459663,5.96391691,32.61720286,23.92108534,-33.22353981,10.00962848,35.35750399,1,usable,Converged with independently replayed constrained generalized-force equilibrium and small reserve torques,683.609986,0.24872431355,4.74230388292e-08,5.96855898038e-13,8.70054655203e-05,17,0,0.0100006238873,0.010000480948,0.0880419116361,0.0100022296619,0.0100008445344,0.0100121633954,0.0166030187161,0.173179141217,0.117350306901,0.0394373822868,0.0100058791552,0.187913714894,0.114371232677,0.115205276707,0.0271847024944,0.19067167935,0.0100018758678,0.0100021590531,0.0100452373718,0.0100096765931,0.0512189122306,0.151694120746,0.215631078354,0.0909729823683,0.028538725067,0.0332729812425,0.0454419182333,0.0100050079569,0.0199404110972,0.0100107222281,0.0881293991132,0.0181733671309,0.010022373515,0.0100128715715,0.010004341158,0.0100061727384,0.0100067122878,0.0100079717451,0.0100064195363,0.0100057634583,0.0101049751853,0.0231397004274,0.0170502203935,0.0101553601831,0.0132045550087,0.0101017947782,0.0100356962796,0.0100157419557,0.0100049914149,0.0100062179562,9.49100570406,10.9894406696,17.6945088277,4.79565760657,8.69023214684,12.6491817769,4.41087040043,22.3201218748,48.5105189678,20.1492547313,1.33261062196,39.1888556229,14.046883175,18.556118006,4.59405775896,131.960937426,6.22217076035,5.37479595051,0,3.70705265345,17.3488184727,45.7048134122,253.815744416,22.9397576332,7.75958984846,6.02813843164,8.7318801787,4.04458635135,7.9029664729,0.96734031068,29.4071774736,5.07523651138,0.695619730522,1.63528577488,2.50455257394,1.61763818152,2.3169247543,1.68711275628,1.99643946314,1.94586222732,0.244274698125,2.08712860148,1.28079083409,0.426475998999,0.761892674258,0.271672915612,0.545807171857,0.458465886207,2.01017429787,1.16752975165
sobol__0001938,91.67959663,18.15141691,-47.07029714,125.48358534,11.77646019,-2.02162152,-35.89249601,1,usable,Converged with independently replayed constrained generalized-force equilibrium and small reserve torques,556.024285,0.062036953045,6.6020774625e-08,6.03961325396e-13,5.86316580354e-06,0,0,0.115007703496,0.0510349567557,0.0100662234678,0.0101960151685,0.0959303282851,0.0100203170564,0.0125873126259,0.0100645244292,0.0105851390721,0.0100415211702,0.0100564501779,0.0100452767949,0.0100468643715,0.0100439565935,0.010335036869,0.010033705441,0.0100281635024,0.0100281585536,0.0100810786252,0.0102553478374,0.0679582454078,0.0179918760305,0.106238323803,0.0102553478656,0.0108763172254,0.0654563338603,0.0100332704382,0.035089495954,0.0100172375525,0.0102132514917,0.0983602561677,0.0311600797369,0.0101483249189,0.0101015007186,0.0101540110253,0.0103227913663,0.0100637261188,0.0100958828627,0.0101319458326,0.0105476853852,0.0102765308095,0.0102702315782,0.0186361420979,0.0142771066738,0.0101566557337,0.0105896719502,0.0102564037535,0.0109449090014,0.0101012886498,0.0122444361485,105.804464776,56.2032407976,2.00299273158,5.08967350719,94.7421524365,10.9896046531,2.3009565052,1.38558915419,4.58062531298,5.94651917034,1.84497105188,2.55702127879,2.20493683409,1.71716824394,1.77139958697,2.55467573939,7.19215351761,7.19356676381,2.83367565852,0,32.7252504088,4.67554673114,80.7691604739,1.99045378966e-08,0.127364810522,16.3971818908,1.81277754589,13.5136200739,4.16493865361,0.981592889749,42.8323797731,8.62736497587,0.640211468455,1.62495686713,2.55566943567,1.54319880679,2.28765654,1.71701473369,2.15172388538,2.02715012846,0.377056679707,1.11438715868,1.75679383074,0.673985785926,0.697263877279,0.500854120715,0.849674569119,0.503190720111,1.25683777207,1.41413870636
sobol__0001946,102.92959663,58.77641691,74.80470286,68.60858534,-78.22353981,4.54087848,-28.39249601,1,usable,Converged with independently replayed constrained generalized-force equilibrium and small reserve torques,438.511599,0.522102412408,7.38986614124e-08,1.11495154241e-12,3.68874712838e-05,19,0,0.225440685812,0.0100002559814,0.0367988986907,0.0100002985755,0.0528689586248,0.0100001542259,0.343127657572,0.0748400277789,0.341351132125,0.0100018243084,0.0100025774593,0.0100077304246,0.0100036271156,0.0100021647173,0.111701155348,0.342422960158,0.0100187760032,0.0100190163386,0.0100368209507,0.184560297575,0.010000449103,0.213739653691,0.0223851522464,0.0100015438712,0.0100452376309,0.0610898417829,0.0100018276784,0.0100119690681,0.0100010716084,0.0100162372422,0.0100021884345,0.0100077330864,0.0100086095696,0.0100047524128,0.0100170862524,0.0100647663855,0.0100066733226,0.0100103957798,0.0100139552998,0.0157229005569,0.0100163004486,0.0100064524196,0.0100138073698,0.0100423122511,0.0100082579572,0.0100293514281,0.0150158852041,0.0340249750969,0.0398670228252,0.0838139665836,254.481710678,10.4328333612,6.70884949437,4.92431120968,39.8026218036,12.454310123,89.781134183,10.3424830995,101.109682704,4.48412912187,1.54813242457,2.55078294171,2.60774326966,1.75533055866,17.1283494943,73.8606910371,6.87828857735,6.7300546775,1.95673275711,61.3996257756,4.93300483751,64.8688645111,25.6706372889,2.76032925457,0,15.1999125609,1.92170497311,3.79185478666,4.75896304454,0.830652402694,3.70596491981,2.32262831309,0.753594416999,1.71250398355,2.31868692584,1.36208721026,2.21538611788,1.65722701607,2.12687872435,2.82423411581,0.342129215201,1.09239838501,0.945293096115,0.486622671228,0.707425036188,0.474378014145,1.28114133937,1.55733858016,5.44453535233,9.59349226344
sobol__0001954,77.61709663,16.12016691,67.77345286,107.20233534,79.27646019,-3.66224652,-4.01749601,1,usable,Converged with independently replayed constrained generalized-force equilibrium and small reserve torques,576.105585,0.326408894214,3.58104230713e-08,3.6231200419e-13,0.000125683026452,20,0,0.0293473706773,0.0100024306054,0.010030325119,0.0100089936651,0.0100130595323,0.0100029913899,0.011131674563,0.0165195852631,0.0829418465983,0.109589180469,0.0265364345521,0.0101177824879,0.0100616094157,0.0100488425875,0.0288422409271,0.0231688180116,0.0100223136766,0.0100224411472,0.0100366712411,0.0100452374756,0.0100003197272,0.0100005761898,0.0185326538607,0.0100003717184,0.010000852383,0.0500694457769,0.0195393568441,0.010000445969,0.0100009189658,0.0100014138799,0.48148728518,0.143867164872,0.0100029548275,0.010001317054,0.0100014006542,0.010002352323,0.0100023797176,0.0100029079321,0.0100024230776,0.0100026055305,0.0467966467611,0.186971590955,0.0100452374756,0.07616302555,0.0375958398835,0.028532387592,0.010045986495,0.0100113225144,0.0100031714745,0.0100041605875,31.9115059047,10.8131571425,2.02028893812,4.98029866649,6.82099618213,12.3197350415,2.99810903629,2.14186600319,34.1032774172,57.5745988898,4.17694388665,2.06001664023,1.26108758257,1.61794201402,4.91713228632,4.87177545936,7.18816693757,7.10779062372,2.7967096211,0,5.10823499984,3.06393691976,19.3078415631,2.09629958205,2.91679514171,12.494369175,2.72685977544,3.79263936325,4.23488489659,0.938294227297,142.554202635,27.2643364582,0.656956932599,1.60138232614,2.58811344551,1.62515054622,2.36841279333,1.72941855268,2.07427963439,1.97340521934,1.214487446,19.0480095737,0,3.70748369953,1.99016615227,1.24476742507,0.694937070325,0.4605033214,1.86811854333,1.16740046315
sobol__0001962,111.36709663,40.49516691,-35.35154714,82.82733534,-10.72353981,7.27525348,-56.51749601,1,usable,Converged with independently replayed constrained generalized-force equilibrium and small reserve torques,431.264396,0.060421240787,2.26429861527e-08,4.07203509569e-13,1.05672081032e-05,9,0,0.147610689925,0.0483135006405,0.010012549586,0.0100370986611,0.122307344042,0.0100024389742,0.0166963844793,0.010010414501,0.0101492062097,0.0100070978916,0.0100121000532,0.0100072789643,0.010006424663,0.0100069205346,0.010029576845,0.0100426555185,0.0100126987091,0.0100128943745,0.0100300725573,0.0100211886485,0.010584885068,0.0100203879623,0.0452588196537,0.0415070329665,0.0100452375251,0.0841653998074,0.0100028740265,0.0587940470853,0.0100014688701,0.010051180719,0.0318622793537,0.0101123310533,0.0100152615666,0.0100097995125,0.0100271382043,0.0100916269047,0.0100072980554,0.0100113363502,0.0100145685113,0.0103862114054,0.0100212898881,0.0100108781703,0.0100354932602,0.0116939921361,0.0100124015285,0.0100470348332,0.0100705588305,0.0205066535373,0.0100491658335,0.0365319408879,179.794215529,53.2857801302,2.01673212751,4.31376730316,123.398113624,9.51459484771,3.14527412547,1.40225279107,4.19427876801,5.38762618009,1.47941132064,2.60576951668,2.69356661381,1.76304119099,1.44669648053,0.0204706546837,7.01293265752,6.86533460257,2.56156059545,3.80131509014,5.50806091847,3.04575658565,50.4603700944,10.7170432784,0,19.9683944671,1.92950872759,23.5622054387,4.71297168242,0.859489140175,17.7337826437,2.87893092215,0.753322989061,1.71363365829,2.19034923257,1.28898590495,2.11371525462,1.59130872341,2.12634534618,1.75496570785,0.394710383822,1.03497466808,0.91255804668,0.535920821588,0.724890321253,0.461871246564,0.882174239058,0.910337038005,0.837212330552,3.72346950499
sobol__0001970,94.49209663,52.68266691,34.96095286,62.51483534,34.27646019,19.30650348,59.73250399,1,usable,Converged with independently replayed constrained generalized-force equilibrium and small reserve torques,502.740595,0.1299215765,5.15349967145e-08,1.63424829225e-13,3.63145622434e-05,22,0,0.192903587165,0.0100019603851,0.0100286212578,0.0100018550637,0.115342443525,0.0100007975724,0.0853846763967,0.0100252518608,0.0528421613568,0.0100405471308,0.0100166728579,0.0100094112696,0.0100073902716,0.010007707643,0.0247301664575,0.0567841941271,0.01000766367,0.0100078060192,0.0100283328047,0.0100452353171,0.0100037228179,0.0604674595624,0.0697487928173,0.0578408946234,0.0100036339979,0.0296617981575,0.175425472539,0.0100007079494,0.0100452353171,0.0100033261424,0.0208436487556,0.0100422106041,0.0100260121675,0.0100025439747,0.0100009817296,0.0100014278588,0.0100016632032,0.0100019895138,0.0100015423263,0.0100013321625,0.0251300521894,0.0877176837524,0.0736585883717,0.0306013602498,0.0593394266514,0.0105236783554,0.010015212589,0.0100038584834,0.0100008921058,0.0100011936423,221.945762022,10.4104019735,1.94114484131,4.97224905788,111.967116705,12.8547292051,22.9847475758,1.40448727927,20.0688061221,4.86794702561,1.69248937038,2.58290768149,2.67589886555,1.76148834208,3.98121078836,18.6344991332,6.80851057778,6.65937519485,1.46554532088,0,4.67670447613,18.8585435326,80.8202717457,15.8989012894,3.11586564337,3.95912747482,29.31745039,3.45838031009,0,0.551245883569,11.3959441644,2.64213812786,0.0536592976974,1.15688984794,2.35340596517,1.53587001896,2.20529042262,1.60647918238,1.87308080439,1.85177974264,0.433856049991,5.12860678268,3.90942732794,0.89997705841,2.56690340058,0.165303366709,0.335896590612,0.419542676275,1.95785078783,1.16706840198
sobol__0001978,105.74209663,28.30766691,-11.91404714,5.63983534,-55.72353981,8.36900348,7.23250399,1,usable,Converged with independently replayed constrained generalized-force equilibrium and small reserve torques,644.152793,0.026738198354,6.6985635705e-08,3.25399662189e-13,3.2135998077e-06,5,0,0.123698555206,0.0100052029724,0.0100228771754,0.0100095608662,0.0483592382919,0.0100026614577,0.0198723327229,0.0100295718505,0.0424259704043,0.0241521966631,0.0100355205046,0.0100156381926,0.0100149565316,0.0100128590407,0.0102170486546,0.0100192273475,0.0100151563457,0.0100181068765,0.0100452378187,0.0101683920478,0.0100284080233,0.0272418743756,0.0227395977136,0.0100788944883,0.0102303115899,0.0189402549552,0.0201687866668,0.010007407468,0.0100110688411,0.0100154022885,0.0100387969901,0.0100354594478,0.0100243327779,0.010015200271,0.0100098686768,0.0100138185148,0.0100139877892,0.0100163678596,0.0100138267104,0.0100134896097,0.0100713827386,0.0150090851292,0.0116022618013,0.010092733149,0.0101937050825,0.010080309547,0.0100575361978,0.0100318896576,0.0100144859644,0.0100183399323,150.089552938,11.0048047458,2.01871283953,4.2858556687,51.9365968616,12.9455419442,4.89009678303,1.36839461583,17.4406749496,12.0921480125,1.06478667578,2.53424520249,2.22317785311,1.72031403553,1.49366088567,7.53580050836,4.85898213418,3.67083243881,0,3.58816901836,2.49225086578,7.82977734619,26.4591152,2.36994547041,3.00352297988,4.15954677453,3.89020244258,3.58993987359,4.6785333049,0.930946230002,1.87033585003,2.55355134442,0.754312262354,1.71406834797,2.59044247193,1.61929562754,2.3711835207,1.73174591094,2.0920424612,1.97516013372,0.332624501941,1.63898329328,1.09154460069,0.49251795632,0.72351666582,0.392303153524,0.691957952039,0.459069540128,1.94150989484,1.1686459589
sobol__0001986,81.83584663,31.35454191,50.19532786,69.62421034,-1.97353981,14.11119098,-51.82999601,1,usable,Converged with independently replayed constrained generalized-force equilibrium and small reserve torques,477.313699,0.0669481982089,4.07575839745e-08,5.3290705182e-13,1.72922865223e-05,13,0,0.123590612214,0.0100051739927,0.010043409516,0.0100049373849,0.0942927688936,0.0100023151946,0.0349976961483,0.0100228822604,0.0497913194176,0.04664971853,0.0101530024235,0.0100113964269,0.0100131944571,0.010012416731,0.0148057321199,0.0214675027705,0.0100107689681,0.0100109488836,0.0100293900432,0.010014448977,0.0100075239622,0.0330850165239,0.0515716233189,0.047476040269,0.0100452373102,0.12723508981,0.0100018891045,0.042062871382,0.0100009247387,0.0100346159858,0.0484968881422,0.0119555540837,0.0100097904186,0.0100056645915,0.0100105127005,0.0100281332309,0.0100042838051,0.0100065257467,0.0100073147279,0.010032008917,0.0100181378491,0.0100098315451,0.0100431789444,0.0193172622896,0.010009090503,0.0100524987626,0.026285812932,0.0344157163564,0.0101719070709,0.0655345308775,150.544506323,10.6054497625,2.018967694,4.99319179267,78.1994721885,12.4012945453,9.42761464595,1.3480796028,19.8690090652,20.9384556287,0.98762641029,2.39124832016,1.86952155316,1.69152511723,2.42510791388,7.16817684609,6.88287596522,6.73478214835,2.03273849795,3.68366872634,5.25493832062,10.4429539995,59.0320836405,12.7869936074,0,30.7519666957,1.90131814623,15.7785794775,4.68561360146,0.786690128133,27.0213527058,3.39694819621,0.753706347655,1.71294710532,2.26830745185,1.31728682384,2.21921302916,1.65214303268,2.12544757657,1.73210750944,0.394694461405,1.02829036525,0.915952687256,0.895261034303,0.724365455536,0.464625306378,2.26032220163,1.44240028266,0.877606356696,6.35776508067
sobol__0001994,115.58584663,55.72954191,-15.42967214,126.49921034,68.02646019,20.67369098,-14.32999601,1,usable,Converged with independently replayed constrained generalized-force equilibrium and small reserve torques,549.770961,0.0583560154295,8.37489437799e-08,1.70530256582e-13,3.64196594336e-05,1,0,0.134199027021,0.0100493883059,0.0101535610028,0.0100614417292,0.0128734060427,0.010017501304,0.0132340825673,0.0101743991484,0.0568770861559,0.0159767742223,0.0101060668983,0.0101116082112,0.0100831891658,0.0100725681977,0.0101671889092,0.0101226988814,0.0100284712663,0.0100284622484,0.010082557164,0.0102703596515,0.0100090373096,0.0100189507013,0.108542713387,0.0101269900698,0.0159981430007,0.0198273701536,0.0100206106908,0.0100259301467,0.0100448539738,0.0100620700051,0.0913217395341,0.0836099811061,0.0100950455625,0.0100354017703,0.0100751198704,0.01017750388,0.0100514825672,0.0100714353686,0.0100848368444,0.0103792777464,0.0104151608314,0.0156061889174,0.0191968503674,0.0164644508464,0.010089740078,0.0103008467564,0.0128349008028,0.0203303173275,0.0352145274629,0.0517375591015,156.303505905,10.9832682978,2.03200700775,3.2346068667,13.5507028867,9.96742708633,3.13236830911,1.44624676708,22.7348728772,8.4265428749,1.98753789411,2.66011528703,2.84144454066,1.8090790867,1.59191950655,1.09840909266,7.19144632258,7.1939794586,2.81742087155,0,5.17528835164,2.88062674579,80.2563486405,0.114535443129,3.40286897181,4.61838151873,1.93285596474,3.83774150694,0.917113834061,0.944984882919,11.8469546889,17.8126770613,0.383991348712,1.55808883866,2.60716800336,1.64103578563,2.38005421275,1.74126888332,2.10805458549,2.04658373279,0.383383826643,1.70309308673,1.81074812399,0.803450794316,0.709237118343,0.481750009652,0.78754539377,0.810689769651,4.85813366497,5.21930314879
sobol__0002002,87.46084663,35.41704191,54.88282786,16.81171034,-46.97353981,-0.10755902,11.92000399,1,usable,Converged with independently replayed constrained generalized-force equilibrium and small reserve torques,547.710012,0.0471823837229,1.74913293849e-08,1.67653294909e-13,5.98425660372e-06,11,0,0.138657080546,0.0107794410016,0.0100288596203,0.0100115471389,0.0540056937402,0.0100060142917,0.0122722241989,0.0100196932488,0.0273126705028,0.0100997144335,0.0100370101929,0.0100127649095,0.0100141428315,0.0100134088874,0.0100617382975,0.0100042014871,0.0100038750707,0.0100046919706,0.0100452379049,0.0100329669316,0.0488743203883,0.0474721533762,0.103194453493,0.0273215747631,0.0315836058262,0.0415743237035,0.0253306657269,0.010005655224,0.0100081265789,0.0100117317946,0.0215371700386,0.0100536407467,0.0100211269832,0.0100124965747,0.0100060977423,0.0100088919353,0.0100086376457,0.0100105038351,0.0100087533321,0.0100084757959,0.0100766567648,0.0198875612133,0.0152786346691,0.0101545203564,0.0103714974222,0.0101404649526,0.0100753907949,0.0100273021959,0.0100100930428,0.0100133883023,168.842802225,11.4233758541,2.00519097446,4.99472135577,43.667633516,12.4244661315,3.30555306986,1.35094815129,10.6756286142,4.27019870134,0.911738538401,2.42129025611,1.97048393773,1.70111784277,1.57357936476,5.61158996485,5.81431508073,4.71004774584,0,3.60454403015,21.3054771961,14.2881525856,121.295629712,6.67608016828,9.96300711648,9.70097061294,4.85370873266,4.06266681194,4.68742462651,1.01055896693,5.51013720112,2.66613432694,0.754534219362,1.71407649004,2.58925248002,1.62583711847,2.36991024459,1.73066055549,2.07514452599,1.97458889184,0.283827518342,2.14466505479,1.38341213394,0.494915858041,0.661606692491,0.384583345754,0.724123654576,0.461239951511,2.01032940831,1.16767103539
sobol__0002010,98.71084663,11.04204191,-29.49217214,41.18671034,23.02646019,-6.67005902,49.42000399,1,usable,Converged with independently replayed constrained generalized-force equilibrium and small reserve torques,569.145816,0.0450548195059,7.42351922156e-08,3.5527136788e-13,1.74304527309e-05,16,0,0.106004263098,0.0336939419311,0.0100167512832,0.010041508379,0.0444616053393,0.0100062338208,0.0100838746496,0.0100173381341,0.0101853114747,0.010015138688,0.0100205905965,0.0100132286843,0.0100148934127,0.0100130430036,0.0100656390116,0.0100032341085,0.010004929333,0.0100050677293,0.0100452372503,0.0100452372503,0.0533525246535,0.0465785344248,0.0814313996793,0.0645222944299,0.0411205424534,0.0423462921198,0.0720549144429,0.0100018766397,0.0100041513851,0.0100057553766,0.0110983019184,0.0100245062531,0.0100104418357,0.0100036208399,0.0100019153898,0.0100027982632,0.0100027843174,0.0100034445746,0.010002761729,0.0100025792587,0.0101490139466,0.034243019599,0.0281342132143,0.0131300444504,0.0209106049119,0.0101925264141,0.0100464942074,0.0100120992698,0.0100076399569,0.0100049110415,98.7453323857,37.0988491726,1.9836433623,5.00167578896,46.2263618843,12.8471817049,2.38427954818,1.35109973375,4.36552063414,5.81551865806,1.3583185017,2.46860502493,1.85122629399,1.68305130596,1.72972825342,6.38315576818,6.56328800317,6.36266854524,0,0,13.7197142957,12.6124884187,95.8692263674,17.7236673362,13.0308480801,7.73081100431,10.6075016771,3.70467848001,3.39981090048,0.738750384223,6.18152248643,2.7064927023,0.45564805302,1.52570852847,2.36052239007,1.5339132933,2.24095348494,1.62742974578,1.90390971238,1.84344735744,0.159189033159,2.21313829729,1.65847981507,0.477732790565,0.874485237539,0.25618931423,0.566446797674,0.454396729015,1.8967667142,1.09405952573
sobol__0002018,79.02334663,61.82329191,-55.27342214,2.59296034,-24.47353981,2.62681598,43.79500399,1,usable,Converged with independently replayed constrained generalized-force equilibrium and small reserve torques,497.352939,0.225702775669,1.16138311856e-07,6.03961325396e-13,9.46527338006e-06,24,0,0.204889372805,0.215197688148,0.0100150642589,0.0513709943598,0.209392970718,0.0100019202757,0.0371035339831,0.0100054944221,0.0100037158009,0.0100013430396,0.0100016745812,0.0100039169969,0.0100034362759,0.0100038510847,0.0100058018625,0.0100481891304,0.230346800488,0.170540773713,0.0100452377434,0.0114479993294,0.010009010857,0.0100037064173,0.0100015510444,0.0100053826991,0.0155240400986,0.0115656527627,0.0310407912825,0.0100024340238,0.0100021512103,0.0100085300279,0.0100064568252,0.0100288101441,0.0100120320538,0.0100057696765,0.0100057490978,0.010008490418,0.0100068675274,0.0100086743,0.0100075170963,0.0100083647714,0.0101295806708,0.0353565257704,0.0262998967002,0.0161107802068,0.0148402914149,0.0101032608462,0.0102020384936,0.010066047238,0.0100182199331,0.010045267245,244.073098747,225.412117338,2.01423189597,25.5881043883,202.273338318,9.74675163962,6.87650369674,1.43925374629,4.33704496043,6.19166667675,4.10332429841,2.68417009842,2.8951022021,1.8247545992,1.89507184202,4.6584153824,105.701253419,57.9387582224,0,4.3264368824,2.71315224699,1.66840862479,11.5700048819,2.34596792023,3.97864816125,1.84319664059,5.95105261898,4.0306514076,4.23313166155,0.950793733617,2.93146011427,2.84881866943,0.691464873797,1.62857297093,2.44158865052,1.58265718842,2.28078166933,1.6591605662,1.95855389818,1.90222280285,0.24405925516,3.21372833316,1.97749164875,0.689605508066,0.846927046673,0.250339201457,0.570198735933,0.463021229335,1.94726715143,1.14159105048
sobol__0002026,112.77334663,21.19829191,85.35157786,59.46796034,45.52646019,-8.31068402,21.29500399,1,usable,Converged with independently replayed constrained generalized-force equilibrium and small reserve torques,625.754719,0.230388146055,1.68143099444e-07,5.96855898038e-13,2.5500750142e-05,7,0,0.0234828272888,0.0100007573418,0.010011252222,0.0600995702248,0.0100013537773,0.0100006067337,0.0236736375128,0.0890678025004,0.28590331187,0.0102400235533,0.010021938811,0.0565054542449,0.0227619162504,0.0100113150389,0.0640871799659,0.173528927096,0.0100574058731,0.0100570656457,0.0100462279559,0.010045238132,0.0723977035225,0.0521000044008,0.0100352258335,0.0100081825209,0.224536427059,0.108747171874,0.0100035217876,0.0682866804376,0.0100013751509,0.0100325342084,0.116939053511,0.0429441317829,0.0100149210454,0.0100098022469,0.0190703039036,0.0252243660696,0.0100107971397,0.0100197860241,0.0100731627832,0.0365923631328,0.0100334498774,0.0100303102434,0.0132481164218,0.0169790535472,0.0100171916714,0.0105933182897,0.0158413864231,0.0223919045537,0.0100137264057,0.0386478746333,26.3575448977,11.0080235244,2.01425300438,29.4676291985,5.52963142881,12.5828066909,6.33725142089,11.2589905337,114.873379754,4.98385082186,1.37711755266,11.1068925205,2.77888317442,1.61681753261,9.14372865508,71.2731533904,6.81010124615,6.65869198904,1.21379373549,0,36.6790438488,16.411220254,11.6827070045,2.76144886713,75.7278749133,25.4861257625,1.38382456506,26.1954142097,4.40826297871,0.937817883343,63.4073270954,10.9776402978,0.688238870017,1.61462122028,4.7839448842,4.06477025511,2.35369574333,1.70994195641,2.02107589672,7.07876605562,0.192731533472,0.810135610611,0.959693713829,0.750563333246,0.465643802456,0.377072206326,1.02681777132,1.02551593755,2.0126093247,4.40783514992
sobol__0002034,95.89834663,0.88579191,5.66407786,87.90546034,-69.47353981,12.47056598,-19.95499601,1,usable,Converged with independently replayed constrained generalized-force equilibrium and small reserve torques,528.441062,0.0167776925129,3.39498784863e-07,1.35003119794e-13,1.8316499719e-05,5,0,0.0100025820576,0.0100132538997,0.030682465773,0.0100983817148,0.018901708869,0.014384827402,0.0103931621221,0.014457726964,0.0100071030801,0.0100101583889,0.0100360229261,0.0195977817161,0.0147938777515,0.0243222456602,0.0100187162526,0.0189033788941,0.0100097458551,0.0100099077994,0.0100261374965,0.0260079426653,0.0525531390028,0.0269112543085,0.0653088930219,0.0100372729594,0.0170247359343,0.0100286023245,0.0100091493915,0.028423892886,0.0100168019794,0.0103602015145,0.0100147335833,0.0100254898327,0.0100461551491,0.0100488902974,0.0101557875018,0.010105127734,0.0100424763707,0.0100490183754,0.0100687049152,0.0101987303596,0.0100310472822,0.0100172275683,0.0100208828593,0.0100319856723,0.0100227940208,0.0100332041552,0.0100532453687,0.0101069186054,0.0160192329848,0.0168761216382,8.58899829557,10.9513133454,6.07789494156,4.9109215612,20.0418339591,18.5678838503,2.67313116426,1.89203953681,4.24021288616,5.64506903749,1.30804793861,4.28375634998,1.94796759638,3.93062413249,1.80334434404,8.55419127658,7.05981611545,6.91307857272,2.61366411112,8.90711938247,26.9643608746,7.85491109395,72.0046032415,2.64685972169,5.56723596682,2.53172056308,1.93017860763,11.5939044214,4.35866112684,1.0455737913,5.01241799968,2.40441508369,0.723523829053,1.69900723818,2.47911896227,1.43138599399,2.33652563052,1.72025605049,2.13843697316,1.89249075628,0.336821572444,1.0938745873,0.945364391607,0.489544402304,0.701964615311,0.473854319953,0.794230368685,0.443085953297,2.29088239542,1.85165538264
sobol__0002042,107.14834663,41.51079191,15.03907786,112.28046034,0.52646019,23.40806598,-42.45499601,1,usable,Converged with independently replayed constrained generalized-force equilibrium and small reserve torques,468.416315,0.0561874769776,1.76947224872e-07,3.49795077417e-13,6.75333318284e-06,4,0,0.137271219671,0.0100034097948,0.0100439013725,0.0100053705165,0.0513125877239,0.0100017767089,0.0459077583647,0.0100938220671,0.0913403412248,0.0335678244113,0.0100388105065,0.0100220879229,0.0100175731829,0.0100139761243,0.0107827303631,0.0358617234877,0.0100218901514,0.0100219699309,0.0100450047712,0.010031798934,0.010006270602,0.0245108901888,0.0361153951994,0.0156290941999,0.0100178387895,0.0100860754152,0.0865079450024,0.010010701863,0.0722947534974,0.0100250550655,0.0266695067442,0.0101732365886,0.0101524230887,0.010517701789,0.0100308379382,0.0100323167817,0.0165760516488,0.0103168673346,0.010089316725,0.0100314585687,0.013547479754,0.0352623097105,0.0237975029569,0.0101432831363,0.0253681835188,0.0103084751582,0.0100405430453,0.0100299653756,0.0100218738217,0.010016218592,165.291631574,10.7944822212,2.01780060981,4.02497141305,54.2799881233,13.0655288365,11.8892959514,1.39027570994,35.555949655,14.6075667057,1.16620133803,2.55427058625,2.43326025017,1.74447127156,1.52355291423,8.85443271689,7.1894143495,7.15083196951,2.83952866521,3.61064483021,4.91431890454,6.45326628469,36.202033518,1.58247606995,2.41332844492,2.53173422572,16.2037598137,4.06916497159,21.1328017186,1.0123664311,13.6215438216,2.88138129223,0.67482493396,1.71173973979,2.38439849921,1.37094529776,3.85539607793,1.76255792814,2.14286302205,1.78979113764,0.533769156937,3.62758740105,2.19605581443,0.477499264895,1.83616744682,0.481533625424,0.800687214504,0.380512819955,0.901837320752,0.897077245135
sobol__0002050,84.60440132,0.66362394,46.35011302,14.11395643,-29.74697731,7.5572359,-4.45694913,1,usable,Converged with independently replayed constrained generalized-force equilibrium and small reserve torques,417.015879,0.106465815964,4.48351719085e-07,3.02138649238e-13,0.000174088072487,12,0,0.0100005487084,0.0100010563534,0.112245792579,0.0100042069855,0.0100016404162,0.0189685429132,0.0313062542132,0.111518934696,0.0100021578423,0.0100025225385,0.0100025724234,0.133599932317,0.0759402345192,0.115326732094,0.0100093010193,0.0799715254989,0.010002619664,0.0100032468058,0.0100452372853,0.0159731380019,0.0409379877595,0.0102192732619,0.161587121698,0.0421122296982,0.0213615999956,0.0387302887482,0.0302060321795,0.0100082544087,0.0100367661435,0.0100151494821,0.0199884586475,0.0100251877933,0.0100341917451,0.0100247229971,0.0100080181089,0.0100113189216,0.0100130850276,0.0100149649507,0.0100120108863,0.0100109761452,0.0100791813581,0.0156930352083,0.0119540953782,0.0100821683499,0.0105641815014,0.0101520395791,0.0100565490679,0.0100244511749,0.0100103149129,0.0100121455965,8.70493749872,10.9558380846,22.547322021,4.97489614679,7.68173009473,23.5657531489,8.41850589424,14.149739924,4.18874721813,5.59347425344,2.05362597326,25.9474567616,7.75678532093,17.977899468,1.79171476232,56.676537412,5.59615636993,4.45260594246,0,5.96445320704,13.4230949156,2.75526864712,189.697381711,10.2385521499,6.69853175067,9.55655522722,5.82384868136,3.69036028141,4.73584441148,0.912798974014,6.1989374115,2.82752198358,0.755076810108,1.71589821003,2.58929188604,1.60229158781,2.37051756411,1.7314556926,2.10576456899,1.97196450919,0.34415079981,1.71343756227,1.12815972777,0.49197669203,0.7587789884,0.441621068889,0.730813302371,0.458506251661,1.76952468257,1.16557177681
sobol__0002058,118.35440132,41.28862394,-19.27488698,54.73895643,40.25302269,18.4947359,-56.95694913,1,usable,Converged with independently replayed constrained generalized-force equilibrium and small reserve torques,515.31776,0.0917650867407,3.4870733856e-08,2.74443710631e-13,2.44790170436e-05,17,0,0.150879357489,0.0100025718245,0.0100268469247,0.0100060217442,0.0298667014539,0.0100017641486,0.0295420430116,0.010050405051,0.111974944286,0.066016895022,0.0100415672379,0.0100163763192,0.010011873406,0.0100088219515,0.0100462191277,0.0100137110471,0.010006189216,0.0100063142476,0.0100317764475,0.0100452377537,0.0100083169198,0.0230337113023,0.0770099589165,0.048437881041,0.0100452377537,0.127692569372,0.0100014065196,0.0557854322067,0.0100007079964,0.0100612372942,0.0807881821904,0.0200219382825,0.0100077648548,0.0100044108848,0.010009074152,0.0100288530766,0.0100031882116,0.0100049026117,0.0100055425783,0.0100282606612,0.010012194239,0.0100060843257,0.010015938692,0.0198260314666,0.0100060636952,0.0100309292409,0.0331756019929,0.0453811772915,0.0192948467738,0.0891496319195,183.766990433,11.0324832212,2.01962044714,3.62992459952,31.3722408696,10.5574319694,6.79282442667,1.39134319382,45.1790176314,31.2856037126,1.21873743638,2.58975795764,2.62105963665,1.75763528821,1.39671750409,4.63451726618,6.72422173685,6.57034145083,0.810831197185,0,2.42000659454,7.07128408285,90.2100091643,13.3688263326,0,31.0241368049,1.86874898115,17.4775380195,4.79031149573,0.602748043842,44.4725682422,5.19214652178,0.746652298334,1.70909103384,2.30121149539,1.33974221037,2.26558807443,1.6770682733,2.12509620219,1.76114600063,0.394366911168,1.00166806779,0.89852851977,0.909423107456,0.714382270708,0.457869267003,2.77033873022,1.80654590001,1.41332411637,8.08846622384
sobol__0002066,90.22940132,61.60112394,60.41261302,91.30145643,-64.74697731,6.4634859,59.29305087,1,usable,Converged with independently replayed constrained generalized-force equilibrium and small reserve torques,584.970085,0.22597760159,5.19082163919e-08,1.80477854883e-12,3.43967693587e-05,23,0,0.174841751149,0.0100005472443,0.014449227444,0.0100005789009,0.192263281302,0.0100002871932,0.236194849303,0.0138885173613,0.101693574527,0.0469307774824,0.0100339923331,0.0100074102808,0.0100054281136,0.0100053429371,0.111198267407,0.0858536125284,0.0438962180115,0.0429956794828,0.0103303823423,0.093758391222,0.0100009618422,0.135358023936,0.0100051033295,0.0100018652585,0.0100045457025,0.0840778791817,0.133743285289,0.0100008232308,0.0100452373728,0.01000721209,0.0100023840306,0.0100112846089,0.0100452373728,0.010002317273,0.0100008418737,0.0100012534876,0.0100012847611,0.010001584788,0.0100012447523,0.0100011771089,0.0161732956358,0.0666512341396,0.0591121268997,0.0283564896671,0.0447388640712,0.0144250209621,0.010027048395,0.0100051389872,0.0100012135381,0.010001613201,195.312501831,10.2192885495,2.68013351348,4.91002217939,170.222573911,12.355949523,63.3530407655,1.95436096294,35.614102225,23.3356589579,1.92329239676,2.58619067974,2.73117359714,1.7689245134,19.3572752851,9.16856922532,31.1002428057,29.8367283394,2.72594481965,32.4662601412,4.43128556262,39.3734483955,10.944522138,2.59727414161,3.37438873187,13.7957523049,18.7708435217,2.69115838887,0,0.21932994217,5.32090281778,2.44797744886,0,0.927610036793,2.39898975762,1.55943561931,2.23876345367,1.62919743544,1.92055378128,1.87208406163,0.230322404029,3.3525690059,2.86399449699,0.82254754624,1.66591783109,0.261217191572,0.504339065898,0.460188453062,1.87406733666,1.12923800394
sobol__0002074,101.47940132,20.97612394,-23.96238698,99.42645643,5.25302269,-4.4740141,6.79305087,1,usable,Converged with independently replayed constrained generalized-force equilibrium and small reserve torques,535.751841,0.0310519782832,7.18486745654e-08,1.23903389152e-13,6.56489041838e-06,3,0,0.128692052154,0.0292048525886,0.0100265136172,0.0100400096295,0.02987370987,0.0100099959086,0.0101007598883,0.0100281441927,0.0125311907268,0.0100282800228,0.0100340081729,0.0100210249039,0.0100219488504,0.0100201330913,0.0100835843399,0.0100146296041,0.0100201616401,0.0100204264185,0.0100446468451,0.0100665111963,0.0329890373676,0.0119502571058,0.0419198895992,0.0315273360821,0.0364969117418,0.0348733966768,0.0284753650733,0.0100065077565,0.0100127965736,0.0100163176117,0.0236500691375,0.0101161056187,0.0100337089106,0.0100155483061,0.0100087446136,0.0100127790669,0.010012447119,0.0100151792115,0.01001273574,0.0100121760976,0.0101358384252,0.0253619604529,0.0193718366244,0.0108879769716,0.0110139299376,0.0102506689383,0.0101148055306,0.0100401888175,0.0100145480097,0.0100198737759,143.124617648,32.1628763228,2.01517417444,4.79139518124,31.3665360829,12.7200228147,2.41804802944,1.36517175026,5.27217630482,5.5818191617,1.22219410422,2.52181675859,2.09968438955,1.70835910341,1.58736148376,3.72363772025,7.16571103619,7.03281179295,2.72572984357,0,17.2734601911,3.51553050986,44.9111007622,6.74388875712,11.0198301711,8.73068975661,4.22739857725,3.66415992743,3.23896983242,0.876515034405,12.3969386911,2.83994539716,0.479502354257,1.56267489082,2.58716185493,1.62701309548,2.37079898649,1.73132724819,2.06382248359,1.97515423352,0.235067129229,2.36432178193,1.56287467876,0.520077389622,0.555497671964,0.412166518001,0.724312664027,0.46178451576,2.00330737747,1.16723500537
sobol__0002082,76.16690132,35.19487394,-59.11863698,77.08270643,-7.24697731,4.8228609,27.41805087,1,usable,Converged with independently replayed constrained generalized-force equilibrium and small reserve torques,679.455794,0.0548951377656,1.3929117415e-08,9.74923569084e-14,6.29045036293e-06,18,0,0.1277469606,0.146517606089,0.0100196586678,0.0220694877759,0.0585912962599,0.010016399705,0.0100591923537,0.0100115728077,0.0100092105018,0.0100032223534,0.0100045797642,0.0100091972986,0.0100086583118,0.0100090192378,0.0100139096789,0.0100061896992,0.010015036036,0.0100152530705,0.0100326290302,0.0100167203935,0.0504942653116,0.0100073537196,0.0345899957657,0.0345444737876,0.0241556127605,0.0241470119203,0.0353919431453,0.0100041434484,0.0100149927687,0.0100111019116,0.0367260324794,0.0103777582344,0.0100232212835,0.0100096432084,0.0100053789317,0.0100076925155,0.0100077614752,0.0100093612503,0.0100077536557,0.0100073037278,0.010084383201,0.0215674321157,0.0163834137219,0.0102335683959,0.0110445757939,0.0101012509339,0.0100507777782,0.0100225036811,0.0100081252045,0.0100099677555,150.92643743,158.207364063,2.0171534772,11.0149980611,54.775657105,9.7707148998,1.5419410876,1.42887299236,4.37442882342,6.08073378904,2.9714626428,2.62009980554,2.70576420459,1.75904670292,1.8328479533,3.31669964754,6.95862999841,6.81068407403,2.46200934502,3.77928143347,26.4999093575,3.17032545578,39.0295466872,9.09228677821,8.1290093615,5.14905920095,5.86987368536,3.70508501449,1.98608791734,0.82832683667,20.4600416197,2.95416574892,0.404757508034,1.53568295283,2.514439937,1.62033333517,2.33416405662,1.69826471924,2.00639731726,1.95043492591,0.20326145439,1.68505705799,1.11087951857,0.408465328614,0.53498947984,0.309961046206,0.591602830721,0.460973476536,2.01138391209,1.16636920867
sobol__0002090,109.91690132,10.81987394,81.50636302,117.70770643,62.75302269,-1.7396391,34.91805087,1,usable,Converged with independently replayed constrained generalized-force equilibrium and small reserve torques,474.623235,0.18065799128,2.81280119196e-08,1.15107923193e-12,6.38826741869e-05,18,0,0.010000799082,0.0100004136254,0.0469013982629,0.0100101672998,0.0100011198378,0.0100004808241,0.0883851602914,0.159979476185,0.165125179361,0.0100104486374,0.0100056216729,0.131404185455,0.0672859290573,0.0455280555622,0.0778871169262,0.134068499393,0.0100069411934,0.0100069488093,0.0100190233357,0.0100452379818,0.0398876576575,0.0490189745606,0.0872313311059,0.0100111950233,0.0255215162642,0.0910130502918,0.117064287536,0.0100014182446,0.0100451773384,0.0100182484268,0.0928344404228,0.0519221303031,0.0100452379818,0.0100028014105,0.0100010280247,0.0100015558674,0.0100015174627,0.0100019037587,0.0100015368231,0.0100014721468,0.0229527895682,0.10283440279,0.0793208167278,0.0423478184067,0.0428338289031,0.0240713712352,0.0100837688665,0.0100074135081,0.0100021878662,0.0100024483551,9.65740687054,11.0119203489,9.44695372582,4.95651019954,5.63041351144,12.5174701335,23.8068029633,19.7893127825,68.1876809976,5.52097310613,2.08324526363,24.2280555109,6.66320573936,7.06325182163,12.5902917343,26.3006433976,7.17884614383,7.16957432881,2.83738626461,0,19.0387366796,14.2686438851,79.970766211,0.84124085825,7.41901591566,15.857835179,14.7498443276,1.85665794731,0.000173916605418,0.0655350086625,21.9656151667,11.7932491408,0,0.92752001545,2.43784497044,1.574225313,2.29098375047,1.66491701779,1.95727371759,1.89066585437,0.427831116083,7.36547144225,4.91653976409,1.63537575306,1.7259983374,0.691795169917,0.549119655551,0.460130098517,1.9748655845,1.1342488236
sobol__0002098,93.04190132,31.13237394,11.19386302,32.39520643,-42.24697731,10.2916109,-36.33194913,1,usable,Converged with independently replayed constrained generalized-force equilibrium and small reserve torques,518.007889,0.063024213737,4.94966627684e-08,4.97379915032e-13,8.35389318629e-06,6,0,0.148361496578,0.0188678948834,0.0100395383305,0.0100344476096,0.0538831978676,0.0100084643932,0.0114667532124,0.0100352018011,0.0130953582874,0.0100306352767,0.010043347828,0.0100237549744,0.01002481978,0.0100235926357,0.0101013603411,0.010006256963,0.0100067219864,0.0100071227269,0.0100834014224,0.0100217751834,0.0463348865732,0.0358686875024,0.109433212684,0.0658179974879,0.0100834014224,0.0795752980861,0.0100070326452,0.0503376840532,0.0100038712447,0.0102018486295,0.0556967807356,0.0129812702753,0.0100450307128,0.0100338762716,0.010043812948,0.010089428733,0.0100169693371,0.0100252351123,0.0100303539888,0.0101098864047,0.0100471941133,0.0100286254042,0.0100826732582,0.01028841458,0.01002730394,0.0101090525637,0.0153567189205,0.0187456204426,0.0101801134247,0.0393217389634,180.71776675,20.2746405523,2.02208233821,4.69959933213,57.3883274831,13.0638764478,2.98037755434,1.36956562525,5.30238006495,4.77232385692,1.05813731625,2.5127088507,2.15137455898,1.71975835435,1.56086299492,5.79795185589,6.43527266379,6.04245710177,0,3.63690361735,17.8804439481,11.2804892498,128.843351823,17.2063338112,0,19.8692609305,1.89793519544,14.7273351738,4.79950998727,0.608777559444,18.5802369374,3.52027942407,0.684726289277,1.65744826202,2.33087955498,1.35845020185,2.24309123175,1.67122153662,2.1303650371,1.79124193476,0.394310838452,1.04748640379,0.933455060005,0.483186720944,0.725949954594,0.478022348477,1.30585138772,0.827495687313,1.19144356915,4.19223951512
sobol__0002106,104.29190132,55.50737394,20.56886302,40.52020643,27.75302269,16.8541109,-28.83194913,1,usable,Converged with independently replayed constrained generalized-force equilibrium and small reserve torques,388.5614,0.0917647508167,2.38894521942e-08,4.68958205602e-13,6.67402403897e-06,8,0,0.209608223378,0.0100017920206,0.0100231528355,0.010002171993,0.0656709902343,0.0100007305196,0.0701580632391,0.0100412027286,0.0887108971768,0.0100625149745,0.0100127089822,0.0100110072571,0.010007652681,0.0100068214436,0.0110623308767,0.0100199012478,0.0100038646908,0.0100039798549,0.010045238602,0.010045238602,0.0100052287934,0.0464791324338,0.10616234734,0.0792960667949,0.0563966209339,0.0349062870081,0.0110735771089,0.0100147222441,0.0100187962745,0.0100236781236,0.0483122146888,0.0100631158448,0.0100371640158,0.0100290710179,0.0100123811804,0.0100174270075,0.0100168172397,0.0100195741328,0.010016657714,0.0100166884333,0.0100782422623,0.0146276924857,0.013770907833,0.0101157160467,0.0101314196166,0.0101369941786,0.0100808412956,0.0100386929302,0.0100181720181,0.0100255290669,238.948285347,10.5344792828,1.94640726993,4.11843859693,69.189331931,13.0641584891,18.4010400516,1.41676656888,34.0927502706,5.14282811172,1.97163545532,2.60102606558,2.77052795394,1.77916303581,1.7318374906,4.21863048729,6.55389462549,6.34715086241,0,0,3.10695363074,12.3254659986,124.98700933,21.7470576225,18.9954893303,8.81342667023,2.08769776991,3.63912835937,4.67386147094,0.814287276979,26.9169195696,2.68783715404,0.755786345923,1.71695402277,2.57106581811,1.53140547947,2.366408879,1.73051933627,2.12293087416,1.94279430337,0.390026909921,1.55599171753,1.29813594317,0.487236315971,0.733510204287,0.479470748903,0.738383608426,0.415847764373,1.21863449474,1.01670858688
sobol__0002114,83.19815132,52.46049894,0.64698802,104.50458143,74.00302269,23.1431734,43.35555087,1,usable,Converged with independently replayed constrained generalized-force equilibrium and small reserve torques,705.949342,0.596101366433,1.51802030501e-07,1.51362565369e-12,0.000237010845308,17,0,0.146642092047,0.0888645948078,0.0100433579868,0.0118596252983,0.106552519602,0.0100091421613,0.0136099427351,0.0100213159917,0.010015609646,0.0100058765356,0.0100099962117,0.0100156518315,0.010014491222,0.0100162197145,0.0100278816604,0.0100350416666,0.0249585463707,0.02460407858,0.0101668411542,0.0100766895019,0.010001215587,0.0100017497063,0.0100140842335,0.0100015404563,0.0100003170979,0.0100013231467,0.54719687242,0.0100007935383,0.0100766895019,0.0100032938981,0.233596719346,0.0803724517929,0.0100766895019,0.035607556101,0.0100018855471,0.0100022261002,0.206276562797,0.0772854227452,0.0100290964194,0.0100020239677,0.112729279671,0.235933367874,0.177845591463,0.0182456460913,0.199557222721,0.0100113951373,0.0100031978995,0.010001281414,0.0100003555001,0.0100004122169,172.226655636,92.3163866632,2.01009840015,5.82224684335,114.590808676,13.0750949856,3.50427550269,1.42836856421,4.11161274742,5.80450425181,2.5107288604,2.61639017957,2.75811805092,1.77587971912,1.80346162091,1.67485448505,17.8934297859,17.3874271515,2.80723472562,0,5.25066678135,3.16139006096,10.5544733358,2.21873724108,3.26911704941,1.39590112055,86.9802213463,3.06929267579,0,0.412831191149,78.8791296306,15.9978723704,0,3.70953088936,2.44336481656,1.58217678676,46.7151615303,12.7605561028,1.95306285289,1.90334090518,2.41874354843,17.1719098678,10.8454208133,0.628078608289,9.12451198735,0.225427360031,0.342319374007,0.394093976303,2.00992536846,1.15969346109
sobol__0002122,116.94815132,28.08549894,28.77198802,96.37958143,-15.99697731,12.2056734,20.85555087,1,usable,Converged with independently replayed constrained generalized-force equilibrium and small reserve torques,505.203652,0.0940023525589,2.35939268123e-08,5.73056912432e-13,1.03630164482e-05,12,0,0.106872096359,0.0100011754872,0.010089031273,0.0100023474554,0.0369721399949,0.0100009093815,0.0711737524064,0.0214844581825,0.193627756197,0.0674261546438,0.0100258714536,0.0100193494627,0.0100154218092,0.0100075375399,0.025252941092,0.124701738517,0.0100114916457,0.0100116635705,0.0100280297509,0.0100777435671,0.0100038935981,0.0760657231754,0.0533363124606,0.0378181630992,0.0272518914631,0.0273229584562,0.0388483084025,0.0100043878989,0.0100325806174,0.0100120738071,0.0110106237551,0.0100370360438,0.0100306232211,0.0100108241075,0.0100056871721,0.0100082059125,0.0100083731243,0.0100100664225,0.0100083150354,0.010007896703,0.0100991939039,0.0243646236358,0.0176631861139,0.0103566350807,0.0122605708046,0.0101296864572,0.0100569638758,0.0100241110342,0.0100084714664,0.0100109972361,130.048198756,10.984343412,2.03212842342,4.24275889668,34.4278922466,13.0205534631,18.7377037075,2.85374334499,74.8405595001,25.618488862,0.708342940473,2.38937824769,1.88173199837,1.69718651497,3.36180955565,45.7222136022,7.13784798804,6.99713421362,2.69295364066,3.82551004839,5.07807844532,21.4006371845,57.6164606122,9.11689248671,8.78501913155,5.81729338669,6.94879909035,3.66315208474,0.430668675607,0.767151888425,6.01579939545,2.85744161319,0.236811066749,1.49627377568,2.56110292452,1.62623498941,2.35662734918,1.71686545092,2.03335381712,1.97307410505,0.23794177458,2.12562053478,1.28945454126,0.435085384043,0.650071647806,0.330985241673,0.57650355771,0.451778758844,2.00512538692,1.16783505919
sobol__0002130,88.82315132,15.89799894,-41.54051198,51.69208143,39.00302269,-8.5755766,-20.39444913,1,usable,Converged with independently replayed constrained generalized-force equilibrium and small reserve torques,575.516893,0.434504531261,2.04319345443e-07,7.33472621362e-13,4.03726244636e-05,18,0,0.138454389313,0.0706593865692,0.0100118109445,0.010069805515,0.0997711176689,0.0100036531259,0.0116416882176,0.0100109439002,0.0100423040448,0.0100060137196,0.0100093392831,0.0100078679865,0.0100084748651,0.0100077635336,0.0100483516747,0.0100034258786,0.0100087019282,0.010008871382,0.0100379928777,0.0100452387341,0.010038573207,0.0100114768422,0.0479723133596,0.0230117735869,0.0100452387341,0.534452980278,0.0100009473337,0.280714295115,0.0100003374852,0.0100138435627,0.0848894375055,0.0250165548917,0.0100054043499,0.0100031448402,0.0100232048197,0.0343805983208,0.010002430305,0.0100047670089,0.0100116040502,0.0601305974163,0.0100194525116,0.0100050527228,0.0831740688111,0.07613116375,0.0100067429885,0.0424601620641,0.0100207806707,0.0351304761798,0.0100032321134,0.0358468838571,129.515037608,77.6852030964,1.98881742643,5.02659458673,100.146767535,11.7291262468,2.41185834875,1.37139030261,4.34085865272,5.91240873831,1.74525965247,2.52938119711,2.09341138944,1.70265743941,1.7465251994,5.57689333318,6.69190284492,6.533999624,0.549879413759,0,2.84478741968,2.6925562359,56.3492403484,6.35120163094,0,134.162149071,1.68153775311,114.501772981,4.79786013847,1.00155891494,47.0286385279,6.5076710242,0.753399357265,1.712491577,2.59305847864,5.54475119905,2.35531358749,1.72808784504,2.11082114096,11.8586230604,0.302443647808,1.09194023432,7.85079433275,3.70070497987,0.632580287303,2.0059318146,0.769535604811,1.61594305604,1.52997928449,4.18297976421
sobol__0002138,100.07315132,40.27299894,80.33448802,11.06708143,-50.99697731,2.3619234,-42.89444913,1,usable,Converged with independently replayed constrained generalized-force equilibrium and small reserve torques,596.977801,0.0977763015508,5.3217732443e-08,1.84741111298e-13,1.80789610443e-05,9,0,0.122024170731,0.0100018188694,0.0100093435298,0.0438987541901,0.0100014362256,0.0100012132842,0.0100182137272,0.0494465996579,0.192881856421,0.0232106388503,0.0100299151121,0.0450951157626,0.0184359752986,0.0100209104626,0.0425266884039,0.0270227912245,0.0100078381948,0.0100095753709,0.0100452377648,0.0100035867669,0.0589869773079,0.0362813420292,0.0495290817395,0.0317984019513,0.0100452377648,0.106813377897,0.0100064080089,0.0479492373483,0.0100030636933,0.0100738943844,0.0897801575754,0.0463436162978,0.0100393702501,0.0100500684828,0.0100518163291,0.0100967561086,0.0100121029887,0.0100184075141,0.0100261029524,0.0101014918339,0.0100460608292,0.0100443767126,0.0181593511726,0.0143848169141,0.0100297540898,0.0102712739283,0.0100682157689,0.0104159956095,0.0100152601141,0.0106611452,148.124145733,10.6988000743,1.93353707877,21.3190517254,6.64507911292,12.4244987757,2.60621798982,6.59248976697,69.7263216555,9.23857666448,0.843457322005,10.6126673987,3.539680599,1.70058317961,5.93639652641,15.1048652404,5.33568537193,4.16720992319,0,3.564209473,28.671953227,11.1331912111,58.020250446,7.61978107047,0,26.4084121428,1.91363272847,10.860845012,4.04945072391,0.409711150896,19.8246249131,12.0560218741,0.498372008941,1.39059478598,2.2241556465,1.31018004936,2.11299583028,1.59656689157,2.12897841134,1.74401340133,0.395801096318,1.02384189573,1.63572161321,0.652504298709,0.725479790078,0.484081372422,0.881309918315,0.476681656777,1.1049159112,1.18719254925
sobol__0002146,80.38565132,17.92924894,63.92823802,33.41083143,51.50302269,-5.8412016,-52.26944913,1,usable,Converged with independently replayed constrained generalized-force equilibrium and small reserve torques,535.881863,0.0465720376191,5.74110767815e-08,2.62900812231e-13,1.12821559725e-05,15,0,0.0794281438021,0.0100081995768,0.0100285857816,0.0100148274957,0.015947591543,0.0100072327388,0.0100825285302,0.0100402397925,0.0472773200422,0.0516199343313,0.0137624166905,0.010023909894,0.01002767236,0.010022654029,0.0117246183219,0.0100063256146,0.0100041125719,0.0100043286698,0.0100452374587,0.0100452374587,0.0364713886058,0.0489528607933,0.0958506237077,0.0566365538707,0.0100452374587,0.0943570351734,0.0204878169484,0.0100042600487,0.0100050496919,0.0100120829713,0.0384726306809,0.0100472199989,0.0100193414003,0.0100096516776,0.010005555446,0.0100087308572,0.0100076400127,0.01000921875,0.0100072751998,0.0100080600858,0.0134815018048,0.0417101339618,0.0388943145387,0.0191221889594,0.0246435408521,0.0183327207354,0.0100924361976,0.0100278545936,0.0100097704407,0.0100104715103,89.5510937853,10.8040506953,2.01988006421,4.99323707019,11.2722943453,12.3375647936,2.71579634546,1.30859961019,19.3246594309,26.0456284519,1.89579234711,2.09550652816,1.33837988981,1.6300017772,1.96522903995,5.21545002518,6.4507788891,6.0975369676,0,0,12.2222765657,12.0282544224,112.851648835,14.9406118269,0,22.6209396708,3.93352730324,3.12474108799,3.71702707189,0.563664901353,21.433928617,2.51276083455,0.579678670371,1.55845798953,2.42029717968,1.45279726543,2.14510716274,1.6388472164,2.12546162834,1.89584825671,0.52502117473,4.39800294982,3.54423277784,0.868430296909,1.78413100558,0.851276571853,0.815526441873,0.460905060209,0.922310328347,1.11902180872
sobol__0002154,114.13565132,58.55424894,-39.19676198,25.28583143,-38.49697731,0.7212984,-14.76944913,1,usable,Converged with independently replayed constrained generalized-force equilibrium and small reserve torques,598.442653,0.0847392529467,4.58858728791e-08,4.01984533224e-13,2.90718596007e-06,8,0,0.212256034408,0.0100075980391,0.0100186034441,0.0100353553089,0.113165388981,0.0500917829618,0.0154957481843,0.0100148645981,0.0629685903867,0.0233369826584,0.0100074418794,0.0100098523616,0.0100077358152,0.0100076109447,0.0100195762477,0.0100034490609,0.0100037724856,0.0100042542234,0.0100452381165,0.0100228732392,0.01005371788,0.0322628881926,0.102866348671,0.0429989268322,0.0222692412591,0.0146507653458,0.010056747412,0.0134272892636,0.0235273689583,0.0100533187154,0.0328228316291,0.0100820925353,0.0100723277696,0.010257010452,0.0100266593038,0.0100313944902,0.0100321152384,0.0100338833543,0.0100310072817,0.0100298313401,0.0100464166968,0.0100480941638,0.0100500441618,0.0100468253391,0.0100468502754,0.0100555414146,0.0100475629821,0.0100386766361,0.010025957393,0.010028870871,248.110180244,11.0044681413,2.00904518091,4.016805039,112.100829133,40.9318324095,2.65638704627,1.43945884794,25.7250559099,13.1428101847,2.29407137814,2.66118767209,2.86755457242,1.81595970013,1.65338875364,4.78835200827,6.27049481737,5.4980129424,0,3.66743423695,2.37517776716,9.00132749131,121.094034799,10.8832452575,7.50127150236,3.69916106087,1.93978469941,4.87606823787,11.2877960394,0.838904592713,10.4784859188,2.75291372667,0.745151836162,1.75038515651,2.57354847647,1.53903493221,2.35646984441,1.73002445451,2.1284443685,1.9556643797,0.338349605418,1.0969420639,0.948717360782,0.488637836979,0.713939160175,0.470381894789,0.81192619163,0.461665854489,1.65321956721,1.16979622077
sobol__0002162,97.26065132,46.36674894,40.49073802,118.72333143,16.50302269,21.5025484,11.48055087,1,usable,Converged with independently replayed constrained generalized-force equilibrium and small reserve torques,570.912388,0.0923017281592,7.63201484233e-08,5.79074148762e-13,1.03485503688e-05,13,0,0.13052731393,0.0100010390569,0.0100826786331,0.0100012400073,0.122969240892,0.0100005610775,0.124005199091,0.0106850286069,0.133384461934,0.0668827261911,0.0100372930257,0.0100106860766,0.0100082332816,0.0100071224423,0.0413063244934,0.0624821076659,0.0100145172962,0.0100145264644,0.0100295003284,0.0100452377111,0.0100017246903,0.0562590176349,0.0327635856837,0.010087220322,0.0313241506276,0.0370570706212,0.0536949343334,0.0100038037154,0.0100452377111,0.0100112013414,0.0317313764892,0.0107589863628,0.0100416707478,0.0100107571347,0.0100056133205,0.0100082660633,0.0100082872335,0.0100100281934,0.01000841497,0.0100081594253,0.0104829361816,0.0406718561331,0.0284007436469,0.0152374074326,0.0182233978322,0.0113949667222,0.010071285531,0.0100264847045,0.0100090921965,0.01001220135,153.578161202,10.5357634368,1.98111019238,4.97733699592,112.142543763,12.7839981714,33.3987628409,1.4737223536,49.2223012424,28.7984733228,1.23653713688,2.54664604813,2.46538504596,1.74148131366,6.20684837594,8.41651406144,7.18427696541,7.17761623449,2.84035254228,0,4.61434974722,14.658507687,29.3985904008,0.342429665767,9.04818830279,7.45164714334,10.3090455655,3.5686646266,0,0.677925681198,14.7560699951,2.94786335574,0.0364703744341,1.34165928917,2.58292458956,1.62627679942,2.36500732373,1.72533016801,2.04674538185,1.97446524481,0.312095514829,4.27225063176,2.3757726921,0.713276581798,1.11184916783,0.41937129081,0.530785761091,0.400405603499,1.74007151572,1.08269618038
sobol__0002170,108.51065132,5.74174894,-6.38426198,78.09833143,-73.49697731,14.9400484,48.98055087,1,usable,Converged with independently replayed constrained generalized-force equilibrium and small reserve torques,618.630508,0.0329132188594,5.37347109031e-08,1.12306801165e-13,2.93601469243e-05,14,0,0.0666022017557,0.0100424326235,0.0100225194109,0.0100302475903,0.0258032060767,0.0100081764836,0.0100779605847,0.0100260588842,0.0156998678882,0.0101292817632,0.0100420631481,0.0100200247065,0.0100232343829,0.010019480425,0.0101022554051,0.0100111327944,0.0100135436723,0.0100137486346,0.0100312024044,0.0371346043523,0.0769253459878,0.0481948153506,0.0404944083538,0.0100095137302,0.0100013735011,0.0100037065641,0.103965080337,0.0100029021113,0.0101462244737,0.0100073443251,0.0100093995635,0.0100221818288,0.0100780733244,0.0136950817468,0.010005969057,0.0100068375987,0.024763677099,0.0101496654926,0.0100234803952,0.0100059063292,0.0110615185023,0.0167047860598,0.01234995268,0.0100283973982,0.022735754074,0.0100209634751,0.0100081884414,0.0100043663851,0.010001512029,0.0100016227003,60.4800126304,11.0335531213,1.9879760462,4.85335555756,27.7506635796,13.072029584,2.53517665668,1.32548040531,6.64341232613,5.66582060924,1.11115666483,2.31190569383,1.52054378231,1.64996332831,1.75849043742,4.97435077542,6.96749533881,6.8195935245,2.48763375926,12.5772664116,40.384973779,14.3940144006,45.597700166,2.72674348909,3.34306385117,1.7386823684,16.6532750008,3.72552361992,0.0559601393651,0.80040531367,4.3514430778,2.36623895709,0.238968119907,2.0302512342,2.48129461967,1.60653919779,5.66437938754,1.69145195372,1.97849464411,1.92845023931,0.198837003094,1.05439058842,0.707666201484,0.326062261371,1.02148304082,0.210624992944,0.481924773397,0.443658220801,1.98844917005,1.16707259291
sobol__0002178,85.30752632,42.81206144,89.12355052,21.73114393,34.62802269,-3.79042035,20.38680087,1,usable,Converged with independently replayed constrained generalized-force equilibrium and small reserve torques,635.336929,0.0524516378816,3.64857095647e-08,2.90385764409e-13,1.71701290526e-05,16,0,0.133723142561,0.0160442829201,0.0100260951967,0.0100312675448,0.0218317239861,0.0101947586594,0.0100452376932,0.010024646573,0.0374323891293,0.0165517536486,0.0100461448709,0.0100172714271,0.0100182917781,0.010016892436,0.0100566126467,0.0100077111167,0.0100066625096,0.0100076843339,0.0100452376932,0.0100452376932,0.0309331303217,0.0191708969063,0.05443374555,0.0237740060078,0.0382018449092,0.0683633988032,0.0998990634961,0.0100014761477,0.010002977163,0.0100041548047,0.0173180548066,0.0100396038534,0.0100081429879,0.0100038499087,0.010002173765,0.0100032164831,0.0100032564151,0.0100040474192,0.0100032611041,0.0100030274947,0.0132422953416,0.062350882377,0.0454206315192,0.0215819694994,0.0308758406496,0.0152674058036,0.0101149339279,0.0100135942104,0.01000446209,0.0100052050047,162.193425581,16.8642067911,1.90856100932,4.67757503102,15.3639312895,12.4568576105,0,1.34909115998,14.6216193783,7.38400439033,1.01853122167,2.37789644901,1.96729610715,1.69880313604,1.61140196594,4.46158624409,6.13022555902,5.17635356657,0,0,13.4059241868,4.72621588316,64.057378718,5.92900427188,11.7726625142,14.607157918,17.7298730166,4.05356151849,4.54753391512,0.983606360494,9.56234827209,2.63927095538,0.726059167836,1.67304671571,2.51717434314,1.6175518545,2.35085109577,1.70785624316,2.01100296074,1.94445829349,0.317339829505,5.98510269753,3.68773709152,1.01821887872,1.74849566567,0.531841832274,0.641554268712,0.460415482006,2.01080370644,1.15108622084
sobol__0002186,119.05752632,2.18706144,-51.50144948,46.10614393,-55.37197731,7.14707965,42.88680087,1,usable,Converged with independently replayed constrained generalized-force equilibrium and small reserve torques,550.042915,0.601804677605,1.40899999224e-07,1.18039046329e-12,0.000293991777386,17,0,0.0100005011794,0.0100005958453,0.233144923039,0.114025974642,0.101483294905,0.0100022882237,0.069272881559,0.18319140244,0.0100048108169,0.0426699468577,0.0886567071021,0.214516876458,0.18170976726,0.212423739474,0.0100268684966,0.440926263032,0.0100018165692,0.0100018632816,0.0100385219339,0.0100311308565,0.053604265981,0.232419414306,0.243504489541,0.165444089972,0.0349133955139,0.0241535233545,0.0552206221583,0.0100035502704,0.0315434997336,0.010009086907,0.0640298462616,0.0100544684544,0.0100194429739,0.0100095344832,0.0100032894461,0.0100046873171,0.0100053125971,0.0100062997091,0.0100049448584,0.0100043632669,0.0101153686107,0.0235074883381,0.017849075175,0.0101382558848,0.0150967835592,0.0100805242892,0.0100292265415,0.010012121275,0.0100038838358,0.0100045834151,6.40520101295,11.022278164,45.043579642,56.7028635857,99.8695228052,11.3980236055,12.1430129706,24.6742172179,4.40591753762,25.6825171988,17.2191581069,52.6844974654,31.8257649136,35.4090182483,1.82777538467,280.348479369,6.62239395772,6.45037041847,0.0892554804881,3.54226910338,22.4842157471,73.3583206886,286.579875359,45.3095074471,10.4218489086,4.4588657697,9.56836345546,3.90276196212,9.06457812999,0.92803185835,21.9916188602,2.56253603311,0.634109577345,1.58605304013,2.48061953437,1.60500989415,2.29972796364,1.67409052478,1.98040900339,1.92714247815,0.196995431341,1.72593485953,1.15128154618,0.374601704141,0.740287763049,0.245931889582,0.551846418778,0.46033559565,1.97244617315,1.15738684224
sobol__0002194,90.93252632,22.49956144,18.81105052,66.41864393,79.62802269,19.17832965,-43.36319913,1,usable,Converged with independently replayed constrained generalized-force equilibrium and small reserve torques,493.867463,0.175972256353,4.4524192333e-08,5.28200975917e-13,5.45278835389e-05,18,0,0.132042325169,0.0100078044368,0.0100232821515,0.0100090065919,0.0568042879288,0.0100030437603,0.0212331788456,0.0100250560049,0.0409116732907,0.0264652947878,0.0100493164512,0.010014319725,0.0100158913056,0.0100137996296,0.0118556147552,0.0100510558915,0.0100162686083,0.0100164979206,0.010035800922,0.0100452377931,0.0100011203502,0.0100013781911,0.0272192415029,0.0100010339727,0.0201334337951,0.0598080983645,0.0100027232724,0.0100015440177,0.0100010203483,0.0100052689286,0.367410359061,0.060582302391,0.0100054048917,0.0100027078982,0.0100041565657,0.0100082177793,0.0100042892385,0.0100057731204,0.0100054786265,0.010009673091,0.0123932667265,0.0359290252497,0.0456051331531,0.0302579902512,0.0100220197863,0.0107506452112,0.0184222965248,0.0155895198162,0.0100223787464,0.0265821577365,159.128066455,10.8012857953,2.01887831139,4.8473710159,57.2210351641,12.8924354047,5.58724548581,1.34830585472,16.6612994344,12.4547372537,0.903463853995,2.40732973486,1.8149048501,1.69012319301,1.88341694562,4.4925124998,6.85453479791,6.70611946067,1.78438091882,0,3.35177397383,2.98366689363,31.3351379487,2.75805205965,6.76078054907,15.0520863305,1.90926379357,3.50422855663,4.70441670031,0.722579113224,190.406513387,11.4489856655,0.753364321278,1.71242083321,2.45793301782,1.4424304474,2.33714449161,1.7162977048,2.12476296299,1.87896492148,0.487268196532,3.7628867173,4.2560918276,1.44036281507,0.725563555801,0.504152667701,1.39125373779,0.621645653812,0.946873483832,2.50284185372
sobol__0002202,102.18252632,63.12456144,9.43605052,123.29364393,-10.37197731,8.24082965,-20.86319913,1,usable,Converged with independently replayed constrained generalized-force equilibrium and small reserve torques,390.120303,0.0328628182893,4.25113597657e-08,1.78267839307e-13,2.863901336e-06,4,0,0.15135946115,0.0211952809741,0.0100222293649,0.010012606672,0.0518085289041,0.0100035560065,0.0134222078374,0.0100169116109,0.010019815053,0.0100057888388,0.0100085861425,0.0100123723758,0.0100105128383,0.010011381859,0.0100240097467,0.0100318735294,0.0100130346316,0.0100130354009,0.0100274247263,0.0100643383086,0.0148420950337,0.0100427188488,0.0339520565412,0.010053736776,0.0164388365123,0.0217865995556,0.0139438950493,0.0100099734246,0.0100199956974,0.0100203261243,0.0102742803725,0.0100390585963,0.0100352854631,0.010021711787,0.0100137028404,0.0100190625042,0.0100172938909,0.0100203276624,0.0100176410612,0.010018247138,0.0100721746048,0.0147565146982,0.0133976207405,0.0101211598867,0.0101295179467,0.0100904814054,0.0100722798123,0.010039443574,0.0100189670305,0.0100266543842,168.163945668,22.1501602358,1.90674737453,3.88432455263,55.7131765152,13.0281512824,3.45900259599,1.4358174462,3.98902577904,5.74171117015,2.73719293734,2.63719331025,2.83757329839,1.80420362122,1.72745789784,0.495806319863,7.18253133657,7.18193732966,2.83497006915,3.81681217077,6.78222620345,2.60302868292,27.3406177973,0.105991475752,2.45085751427,5.50046395779,2.68206762256,3.82878326188,2.12438194332,0.940995184045,5.19196043363,2.85806221617,0.456653849441,1.57829773556,2.57443738878,1.53905115266,2.36237990941,1.72979310975,2.12431648895,1.94962070573,0.349821283381,1.61126468835,1.26452545805,0.49353797083,0.690789902148,0.4763695554,0.780798315145,0.455055574254,1.47283027503,1.1408274048
sobol__0002210,76.87002632,8.28081144,-16.34519948,84.69989393,12.12802269,16.44395465,-11.48819913,1,usable,Converged with independently replayed constrained generalized-force equilibrium and small reserve torques,384.301362,0.0272506111238,3.46575941279e-08,1.83631376854e-13,3.33009095688e-06,3,0,0.10194044572,0.0446516184665,0.0100179197208,0.0101048909403,0.0374125445897,0.0100090357371,0.0100543207225,0.0100180929779,0.0101283164982,0.0100131869457,0.0100208166032,0.0100143888682,0.0100169452021,0.0100140475677,0.0100551992295,0.0100074746473,0.0100124664839,0.0100126591646,0.0100297411958,0.0100452377714,0.0335947132098,0.0100898530221,0.0467369023011,0.0383538699879,0.04814007966,0.0273039205765,0.0101018105666,0.0100110786781,0.0100092809543,0.0100197296921,0.0364584004041,0.0103086869465,0.010029141157,0.0100194217508,0.0100137585068,0.0100193165502,0.0100155287719,0.0100189427829,0.0100172815526,0.0100189696735,0.0100637666105,0.0138217228719,0.0126669239958,0.010136645467,0.0100822106123,0.0101035559589,0.0100927735538,0.0100512386659,0.010025044451,0.0100469784879,94.1325991864,48.717289964,1.98598820237,5.03209949602,40.1332265079,13.0750110289,2.48920123483,1.3430892162,4.33325065614,5.80284860362,1.34502302066,2.40255369594,1.68519542925,1.66765084818,1.80042631584,4.49180971253,7.0309117629,6.88353773847,2.58235843161,0,17.5526040567,3.15747729401,51.8974043546,9.78194729662,15.6374469643,6.87720124262,1.94862036529,4.00055901253,3.544762921,0.991628560086,19.6019524784,2.85199560988,0.682744416484,1.62789322077,2.59117434181,1.60929639023,2.37149463948,1.73219215022,2.099835325,1.97397181744,0.327408610831,1.50920170923,1.18469343618,0.494605084735,0.689354213065,0.464594524822,0.673801272047,0.423796296048,1.50615607952,1.07945874015
sobol__0002218,110.62002632,32.65581144,49.27980052,109.07489393,-77.87197731,9.88145465,-48.98819913,1,usable,Converged with independently replayed constrained generalized-force equilibrium and small reserve torques,686.5462,0.211530629549,4.47851817853e-08,6.96331881045e-13,5.17785169835e-05,21,0,0.0943759782995,0.0100009342185,0.0114875172406,0.0100015506358,0.0334130469252,0.0100006909701,0.0922278986073,0.0286177692074,0.233028279249,0.0645120863004,0.0100226280139,0.010017421773,0.0100133440993,0.0100064849194,0.0335894905573,0.120408769118,0.0100078220722,0.0100078807278,0.0100214726349,0.290221890435,0.0100057531521,0.0757808252091,0.0851431007587,0.0100008169329,0.0100452376106,0.032215573766,0.0100012846403,0.0100074697966,0.0100008970562,0.0100130337623,0.0100009817334,0.010005188994,0.0100065051349,0.0100034614222,0.0100243529517,0.0121865202654,0.010005259548,0.0100083805261,0.010011510294,0.0279311604815,0.0100086580006,0.0100033791096,0.0100054540449,0.0100194509812,0.0100050574792,0.010014601493,0.0101642578835,0.0433702294862,0.052542280116,0.104467210217,114.956915991,10.8752149469,2.30857866587,4.93568555411,26.6774214638,12.772175904,24.839791368,3.80083656691,84.9314616378,24.0035442885,0.753030590973,2.38199391268,1.88711329976,1.69825671249,4.46603825004,30.2301950443,7.17869278278,7.11424311914,2.80968712893,96.7098631647,4.15913865452,12.5048769434,87.7680874308,2.42304466652,0,7.7827279199,1.92921689871,4.05644421837,4.47543828366,0.932855022606,5.56465763858,2.32676023125,0.731562242625,1.71089328161,2.03571216914,1.44534590829,2.05659892472,1.54289363182,2.1213765204,4.48755999457,0.393601046706,1.04997255717,0.924906104861,0.467117705507,0.724356401067,0.465663985037,0.89369256689,1.89917134075,4.98828069517,10.6956414719
sobol__0002226,93.74502632,52.96831144,-30.40769948,7.51239393,57.12802269,-2.14979535,52.26180087,1,usable,Converged with independently replayed constrained generalized-force equilibrium and small reserve torques,588.832003,0.104672310672,4.09432576731e-08,2.73911332363e-13,3.39865589669e-05,23,0,0.179506912492,0.0891497387213,0.0100185731814,0.010844621686,0.0999452067886,0.01000515297,0.0135300295996,0.0100112747843,0.0100092887341,0.0100035171205,0.0100058923544,0.0100085469975,0.0100076510101,0.0100085940226,0.010016417015,0.0100022842269,0.0100041943489,0.0100053390291,0.0100452376361,0.0100452376361,0.0939492153032,0.0881051047812,0.107592752342,0.0494358600677,0.0750019326053,0.0528636706028,0.10232843676,0.0100039858573,0.0100138551924,0.0100079641234,0.0100013030222,0.0100035469084,0.0100141393043,0.0100060704911,0.0100024128629,0.0100033451785,0.0100035645597,0.0100043647239,0.0100033921337,0.0100029812022,0.0100787356163,0.0220616083837,0.015289788723,0.0100840600124,0.0218163573785,0.0100979388035,0.0100583015862,0.0100119348937,0.0100050702156,0.0100045224074,212.660749785,95.5159643891,2.01286749733,4.77415558176,102.011128946,10.8714959993,3.14948052568,1.4381092291,4.18167101545,5.88641591495,2.63346151693,2.6449845417,2.82785632943,1.79475105784,1.73919089204,5.68270605974,5.0188007498,3.83564581803,0,0,12.5289106972,14.7869838674,125.545073965,11.6037801763,17.3655307588,7.11911942614,17.5630244127,3.88833214044,4.09259664279,0.895224457596,5.55261203709,2.41188461823,0.638926281447,1.57772419811,2.33308525865,1.52041656651,2.21954328417,1.61307713388,1.87253963392,1.8273759359,0.196029879186,1.65331196748,0.979279536616,0.381509143682,1.07940123441,0.225680020769,0.492708069867,0.459368395905,1.88121808275,1.10279876454
sobol__0002234,104.99502632,28.59331144,53.96730052,64.38739393,-32.87197731,4.41270465,14.76180087,1,usable,Converged with independently replayed constrained generalized-force equilibrium and small reserve torques,524.819392,0.0809400848717,7.73763737527e-08,3.70891960375e-13,8.83031790678e-06,13,0,0.108020878648,0.0100015708025,0.0100518703512,0.010002743759,0.0204548293935,0.0100012489323,0.0490947768712,0.0154113386111,0.160136552374,0.0761359711879,0.0100587116296,0.0100197410003,0.0100180806352,0.0100099722128,0.0271409574638,0.093676834016,0.010007817891,0.0100079616236,0.0100275267832,0.0100928069265,0.0100124979259,0.104966818578,0.0704369899635,0.049279953147,0.0360198029913,0.0294975795929,0.025244073876,0.0100054815818,0.0100099463712,0.0100126052394,0.0131841738868,0.0100360804549,0.0100220587664,0.0100123854671,0.0100066986744,0.0100096905872,0.0100094898269,0.0100114527011,0.0100095992514,0.0100093265516,0.0100730649083,0.0185814360793,0.0140249297025,0.0101584886572,0.010275569943,0.0101069107814,0.0100673448666,0.0100285682066,0.0100110616983,0.0100144860852,131.557375742,10.8601888558,2.02177769959,4.99142645999,15.6736248082,12.6257226751,13.2248781793,2.03526545437,61.5708751719,29.7554363194,0.773247290457,2.30819112664,1.72695775806,1.68295090487,3.77692160446,38.5533477494,6.82800709272,6.67933189192,1.6190660522,3.74091838761,5.25716174495,32.282371222,81.3684301793,13.5707852748,12.1494795403,7.10357016631,4.49669317867,3.95058983038,4.1363352939,0.962125226944,6.67269663802,2.80614912209,0.688488260401,1.62834615542,2.58659070565,1.62649078753,2.36966177378,1.72983165278,2.05924912912,1.97469349163,0.235604438287,1.70209564083,1.09254402116,0.45764903524,0.564497528555,0.364397711715,0.671781307377,0.46119957499,2.01023695062,1.16859755113
sobol__0002242,81.08877632,25.54643644,-33.92332448,128.37176893,-69.12197731,3.04551715,-59.30069913,1,usable,Converged with independently replayed constrained generalized-force equilibrium and small reserve torques,536.545334,0.0753746715266,1.85357350801e-07,1.85785363427e-13,1.35346174004e-05,11,0,0.107305818618,0.0668962801403,0.010017800641,0.010471565246,0.0810080511184,0.0100052049469,0.0105118383381,0.0100138120456,0.0100198920056,0.0100056731613,0.0100095674771,0.0100101894958,0.0100103853418,0.0100102432403,0.0100293599815,0.0100064246434,0.0100031415166,0.01000313936,0.0100098235688,0.0791314036269,0.120747045675,0.0339091856455,0.156565399155,0.0102855865203,0.0100452374881,0.0163498574413,0.0100041692826,0.0331757151253,0.0100034385058,0.0100750527705,0.0100063638896,0.010013401844,0.0100233902265,0.0100152921906,0.0100597574062,0.0101376528961,0.0100137795917,0.0100206691666,0.0100304466756,0.0132563432372,0.0100200493696,0.0100092421126,0.010015333762,0.010034027471,0.0100137170531,0.0100302998199,0.0100299188551,0.0123775181431,0.0104206186905,0.0277729161022,120.910557725,72.6032273544,2.0150545727,5.22331596261,82.5782590932,12.2928553845,2.44918162972,1.39074081934,4.29307209957,5.89538526673,1.93160123887,2.56332445429,2.33126089542,1.72409928629,1.75801257016,2.03819215693,7.17073632994,7.17601116285,2.74515342604,27.1244250929,47.4334966646,5.98990716712,109.7641648,0.801297127729,0,3.86728275295,1.91975342746,13.5316085266,4.4724796663,0.999961291134,5.49070357212,2.40489266252,0.718426822723,1.70444230395,1.94833643781,1.16099636423,1.92798767901,1.46673956429,2.11081060573,2.07105548793,0.394786917814,1.03178638854,0.904422608399,0.452143265156,0.724988472263,0.458416672264,0.884731764139,0.561026636563,0.833957415989,2.8935214125
sobol__0002250,114.83877632,49.92143644,69.20167552,71.49676893,0.87802269,-7.89198285,-6.80069913,1,usable,Converged with independently replayed constrained generalized-force equilibrium and small reserve torques,391.320871,0.889903061991,1.29109498204e-07,7.31859017833e-13,7.2611757237e-05,15,0,0.196232337547,0.0100002062736,0.0100126325432,0.0100003889929,0.0100004417727,0.0100001208025,0.165605989308,0.226330119418,0.716611865686,0.0100004320899,0.0100009776287,0.107428970654,0.0100064657351,0.010001264088,0.010026290275,0.453898602705,0.0100062051411,0.0100063224636,0.0100212434853,0.0616200348358,0.0100007084124,0.010006168048,0.104376933407,0.0689229732987,0.117641153745,0.0539266080994,0.010008816599,0.0402437898256,0.010004328467,0.0100642087473,0.0100067033433,0.0100102268801,0.010035846132,0.0100268877616,0.0100192601664,0.0100289199324,0.0100138733074,0.0100194047775,0.0100208817485,0.0100338441672,0.0100381446064,0.0100243573804,0.0100938949374,0.010091539181,0.0100290467123,0.0100718429184,0.0100857538045,0.0100854040858,0.0100226630406,0.0101785967118,230.506803857,10.724605411,1.90315491349,4.99196974849,7.07201070465,12.7541407244,44.5347582633,30.5741085856,203.195589556,4.09545802876,1.2339530124,26.7394391623,2.32516155795,1.73517666117,1.38156895777,129.932000263,6.8981044047,6.75011029341,2.16776733637,22.1023416673,5.24760683597,3.11759334726,119.06265152,18.4456022671,37.8565483167,13.6132168989,1.56998234605,15.9455658534,4.59193463557,0.997128166373,5.57455100588,2.8335919705,0.71981045852,1.67234179585,2.59286805894,1.62524168355,2.36930480358,1.73216432947,2.10072229529,1.97946156179,0.260616016889,1.04509159075,0.924495816671,0.49244720853,0.564022121372,0.457842026477,0.780254054019,0.46387777439,1.8095373341,1.18771194228
sobol__0002258,86.71377632,37.73393644,-10.48582448,43.05926893,-24.12197731,12.88926715,4.44930087,1,usable,Converged with independently replayed constrained generalized-force equilibrium and small reserve torques,402.82801,0.0596121556856,1.22717249695e-08,1.3376417602e-13,2.26290614998e-06,0,0,0.155534791413,0.0715423703121,0.0100937866026,0.0107853702354,0.0740710207648,0.0100276775369,0.0106504381479,0.0100657793711,0.0100784779022,0.0100246331299,0.0100472959129,0.0100489504857,0.0100476010324,0.0100499198964,0.0101150514692,0.010016745452,0.0100215465582,0.0100221088749,0.0102034494588,0.0101099564501,0.073560243841,0.0201705782938,0.086621826276,0.0667631079175,0.0338152404407,0.0127691318828,0.010167731118,0.0140826638238,0.0106603915175,0.0102403561303,0.0385212713705,0.0103567442829,0.0102474661498,0.0103447350625,0.0101146421603,0.0101386820317,0.0101269895244,0.010140523831,0.0101337955485,0.0101367787673,0.0102079281533,0.0102325293695,0.0102328796077,0.0102242055534,0.0102012675592,0.0102421164746,0.0102301480163,0.010201081498,0.0101489701407,0.0101793150793,189.440853166,76.4783064958,2.03303555337,5.13231038472,79.4542463409,13.085111463,2.67040939221,1.40714747608,4.17856858843,5.64764398588,1.7671414807,2.58913522159,2.53112034015,1.75062169208,1.69468471622,5.020089131,6.59808040376,6.41118872988,0.00094008415332,3.823238513,29.3108079885,6.24172882321,101.972491955,18.3475654229,11.1183762525,3.09247934401,1.96133505347,5.74427684057,4.67478251719,1.03426205225,17.1568251036,2.94267754444,0.74759285552,1.74575553613,2.61755509594,1.64371138371,2.39793128479,1.75317137875,2.1077402332,1.99973461666,0.302262825185,1.10835018007,0.919438741488,0.495993153881,0.678572123528,0.407194177014,0.664446315865,0.45306516785,1.8468925404,1.17622405188
sobol__0002266,97.96377632,13.35893644,36.38917552,18.68426893,45.87802269,23.82676715,56.94930087,1,usable,Converged with independently replayed constrained generalized-force equilibrium and small reserve torques,548.039988,4.89092678739,2.46332895415e-07,1.62714286489e-12,0.0014075399444,19,2,0.065913460479,0.0100051796573,0.0100320032507,0.0100092750437,0.0231724710121,0.0100040622796,0.0158565341738,0.0100495658108,0.0522031246102,0.0466865924505,0.0101911496016,0.0100237989477,0.0100265479002,0.01001998088,0.0133701599768,0.010001909902,0.0100018217802,0.0100022003491,0.0100452377456,0.0100452377456,0.0367832366026,0.0691988106219,0.226289798566,0.0817037139348,0.0100000507042,0.0100001522054,0.999999707721,0.010000071339,0.0100452377456,0.0100001205459,0.0811265734747,0.0100364192289,0.298044536527,0.397730217608,0.0100001556815,0.0100001935066,0.708031034576,0.15352611094,0.0100011777722,0.0100001700033,0.574742556923,0.938187869989,0.904483651884,0.0100105873599,0.99999624149,0.0100013819284,0.0100003737546,0.0100001193984,0.0100000285165,0.0100000316933,71.5961370405,10.9120691596,2.02051139916,4.93822721446,19.9062830065,12.6211071761,4.24873958007,1.31465760201,21.3061226421,22.0894861757,1.0667883125,2.19391585609,1.42627482166,1.64631954944,2.15971778755,6.77319725268,5.94823044852,4.88685649574,0,0,8.53377760236,16.6484045136,266.137105371,19.9918126555,2.08167133469,1.13812730066,191.686502902,3.90493766492,0,0.923947919561,45.1207734015,2.56284872684,16.4671565938,62.0221408952,2.38104165512,1.54967866658,157.166836193,24.8387267835,1.89867147214,1.86780774779,13.1855294613,73.1709057912,59.4809350896,0.352014461356,54.5117554532,0.16870676405,0.311717372887,0.391326023516,2.00035771704,1.16639842695
sobol__0002274,78.27627632,60.07768644,29.35792552,57.27801893,-46.62197731,14.52989215,36.32430087,1,usable,Converged with independently replayed constrained generalized-force equilibrium and small reserve torques,616.685619,0.0899451914823,1.68420051239e-08,5.0448534239e-13,9.76019871427e-06,23,0,0.169519797584,0.0708021605458,0.0100375096907,0.010008522563,0.18796297291,0.0100019916311,0.0477449030585,0.0100099189167,0.0100062788965,0.0100026307265,0.0100045325079,0.0100066170085,0.0100058508022,0.0100070063733,0.0100162375938,0.0100117219591,0.0100092691317,0.0100094380492,0.0100339980358,0.0232656270245,0.0619775368366,0.010057232836,0.0499593401373,0.0131021097522,0.02090554669,0.043793339353,0.0562299868575,0.0100021735719,0.0100078443776,0.0100061619973,0.0100160071373,0.0100229332206,0.0100121309162,0.0100054069001,0.0100030875741,0.0100045471253,0.0100045900628,0.0100056244616,0.0100045424114,0.0100043866247,0.0101959734461,0.035214104233,0.0266676218158,0.0135945326318,0.0190697500034,0.010316365792,0.010061382395,0.010017978571,0.0100049386654,0.0100067667766,193.617847684,71.4628535074,1.95505001045,4.99274698028,197.169137952,12.6558192357,12.8564392289,1.42953675303,4.00797393722,5.72909366721,2.58614791141,2.60637207099,2.7841329361,1.77916379048,1.85339856883,2.86295094841,6.75401073831,6.6023295445,1.02737782001,8.36479560901,32.5399754991,3.18548622881,58.3403450077,3.61618107114,6.63291913359,8.41836370311,10.3113370461,3.89717587687,2.05174017959,0.930892484635,4.24768085824,2.66246567033,0.600858494942,1.57990247271,2.52010463379,1.62315021303,2.32099213076,1.69107051651,2.00342697164,1.95601422563,0.219863833135,2.78409106584,1.81130006739,0.517631145655,0.998644888029,0.270186399634,0.522863466255,0.444234513788,2.01094091679,1.16772078078
sobol__0002282,112.02627632,19.45268644,1.23292552,0.40301893,23.37802269,21.09239215,28.82430087,1,usable,Converged with independently replayed constrained generalized-force equilibrium and small reserve torques,427.934938,0.353431433662,7.35190690437e-07,1.91846538655e-12,3.94390034837e-05,13,0,0.172245930513,0.164261325887,0.0100144211596,0.0355017691202,0.0397323856211,0.0140304292025,0.010021321119,0.0100121952666,0.0100141411935,0.0100081618264,0.0100254586031,0.0100112663443,0.0100133528516,0.0100133781285,0.0100296677047,0.385299357393,0.291576561895,0.212661924679,0.0100452372301,0.0100452372301,0.0562663216327,0.0457111927467,0.0100011607146,0.0100050154286,0.0125718478518,0.0170351607359,0.0684143293899,0.0100034937105,0.0100025909995,0.0100128500137,0.0100008457789,0.0100021053358,0.0100176077065,0.0100087868582,0.0100063877737,0.0100083440939,0.0100085794834,0.0100107474975,0.0100081263217,0.0100079534798,0.010061260553,0.021534649447,0.0116187092162,0.0101111207736,0.0195954485439,0.0100633380949,0.0118445535472,0.0100943817822,0.014624321253,0.0144306566257,195.441645846,180.924011287,2.01613564986,15.280580925,42.6972788516,18.3280744328,2.53478479148,1.33555835669,4.10301320118,4.71273523921,0.80507781489,2.42124588951,1.82087285162,1.68726441533,1.49097948942,296.602420332,128.497179732,68.3543021976,0,0,8.89432923793,11.1759701641,11.5106672136,2.31430097927,2.76175988127,2.63653376631,13.172759388,4.08039406734,4.06879246377,0.996915299853,4.63306662501,2.69829040112,0.713440845924,1.66145127812,2.51247306489,1.62090947989,2.31705185613,1.68920991353,1.9977905314,1.95372380002,0.316234835286,2.33364041875,1.01848628599,0.476324790879,1.35755621999,0.29125549317,0.528662174461,0.408183827836,2.89477321998,1.65139712061
sobol__0002290,95.15127632,7.26518644,71.54542552,110.09051893,-1.62197731,0.31114215,-27.42569913,1,usable,Converged with independently replayed constrained generalized-force equilibrium and small reserve torques,479.059886,0.0884506025572,3.73184558811e-08,3.33955085807e-13,6.88120540362e-05,8,0,0.0100009647668,0.0100005659913,0.0339159468841,0.0100071211096,0.0100013499849,0.0100007389331,0.0587844294871,0.123071240245,0.0925753767171,0.044613170704,0.0100060327892,0.109525393859,0.0560097661873,0.0585909432672,0.0626297663793,0.113772424288,0.0100164221705,0.0100165042869,0.0100320792798,0.0100074640135,0.0491946319708,0.0600237756457,0.0311036324709,0.026018018401,0.0582414144563,0.0350328060303,0.0100101539844,0.013791118678,0.0100047983341,0.010037003256,0.0791949663673,0.0278930019336,0.0100290663181,0.0100220857784,0.0100342775053,0.0100521889164,0.0100174080344,0.0100239522842,0.0100302142441,0.0100612494717,0.0100503389391,0.0100678190075,0.0118304372208,0.0102314778529,0.010034074892,0.0100710056433,0.0100608764677,0.0100932805244,0.0100251448139,0.0102630276252,9.39834537501,10.9710603209,6.83120278395,4.99367659151,6.22838255808,12.4165739696,15.8352502985,15.4371387202,38.4742551789,24.8841658682,2.17548347082,20.4671556095,5.55181329898,9.07247096632,10.722249046,26.9078416849,7.18515359865,7.12916853273,2.82147674893,3.67102810505,22.5921875515,16.8102848026,31.8323992989,3.20698994678,11.2388218855,8.82336450308,1.83811466697,5.37273047424,4.23486920545,0.97487828809,40.8441863393,7.92263531527,0.669926962728,1.62526075445,2.56253187712,1.52992627573,2.32976266359,1.72223978488,2.12938475736,1.95177942514,0.337913182817,1.09937158417,1.11678498231,0.49533865891,0.663454201294,0.476324215617,0.822792045346,0.463965184474,1.40905400962,1.19170372855
sobol__0002298,106.40127632,47.89018644,-50.32957448,85.71551893,68.37802269,-6.25135785,-34.92569913,1,usable,Converged with independently replayed constrained generalized-force equilibrium and small reserve torques,551.011592,0.0463795222467,6.07777224104e-08,3.19744231092e-13,6.74098078078e-06,8,0,0.148906385953,0.0460085436526,0.0100185453697,0.013598004811,0.072751073072,0.0100217975044,0.0100988087242,0.0100143184022,0.010024187644,0.0100078473376,0.0100137708638,0.0100110503267,0.0100097966777,0.0100108799537,0.0100260338384,0.0100102797524,0.0100117103345,0.0100118951082,0.0100288200311,0.0100452377956,0.0100116832493,0.0100077999652,0.0510578057614,0.0100151753198,0.0349081734693,0.0405020871844,0.0117597231494,0.010003783001,0.0100051611943,0.01000959609,0.0708172284281,0.0152974106852,0.0100175341656,0.0100098142179,0.0100079320481,0.0100121678354,0.0100105865724,0.0100127896376,0.0100109233246,0.0100120234161,0.0102391219314,0.031208966384,0.0281770374695,0.0145104821407,0.0122894773574,0.0105533471288,0.0100646881937,0.0100324677832,0.0100115716052,0.0100157157608,181.106833947,50.7097704178,2.01775942244,6.42502782375,70.2392409363,8.08834805921,1.46940210533,1.43302872829,4.1914478144,5.75326895461,1.97179832782,2.64347002551,2.81767731963,1.79086867241,1.57006605721,2.35503474312,7.04018452988,6.89297383664,2.59271563188,0,3.86705212316,3.16979784417,56.5689421751,2.59602320006,10.5716311664,10.016627338,1.8777487306,4.07982323382,4.79653518109,1.00879065125,35.0497552808,3.24528227738,0.749194094017,1.71106774511,2.56537287681,1.56206098657,2.29393720232,1.71367293352,2.12468661014,1.96565701688,0.335736071186,3.40799841077,2.65985666325,0.69417782283,0.797951642458,0.499149516499,0.78262964517,0.461456162692,1.25448219208,1.16385791532
sobol__0002306,83.54971382,64.39409269,-45.93504323,40.77411268,14.94052269,11.31700152,-39.37882413,1,usable,Converged with independently replayed constrained generalized-force equilibrium and small reserve torques,748.719125,0.123688591088,1.46403547063e-08,9.3613818258e-13,1.23681831392e-05,17,0,0.174305017647,0.22203338127,0.010019201223,0.032723459267,0.0846797409631,0.0100138128362,0.0101601042203,0.0100080274144,0.0100046660404,0.0100018492947,0.0100022380335,0.0100062128244,0.0100055134037,0.0100060045152,0.0100072078089,0.0100038106672,0.0100054326119,0.0100055861381,0.0100452382378,0.0100452382378,0.0601814015271,0.0100072081288,0.0728264903399,0.0543301168826,0.0100452382378,0.0932285344771,0.0100025991044,0.0524297722956,0.0100013321829,0.0100800908438,0.0636504346384,0.0141064068421,0.0100147002777,0.0100093878404,0.0100181221279,0.0100508055314,0.0100064418427,0.0100099506871,0.0100123887804,0.0100836052437,0.0100209794983,0.0100115572075,0.0100364409253,0.0107964345478,0.0100110347112,0.0100495237795,0.0197548633712,0.0272988103977,0.0123212207775,0.0581148564445,203.369845266,232.443605374,2.00596926974,15.8359200895,83.6324666826,10.186987963,2.14436726437,1.43964723449,4.28935392241,6.14599075784,3.99990860512,2.68506617109,2.90109395116,1.82912475636,1.88374683081,2.81941328751,6.55824865901,6.35392175829,0,0,19.248135817,2.04165829518,85.7395636819,14.9195884876,0,23.2868463583,1.89916615249,17.908851517,4.795699106,0.729857248694,35.3032416045,3.87851546349,0.749222069346,1.71158096934,2.47692935066,1.45205478315,2.31639311054,1.71098196916,2.12641075177,1.88327816497,0.393037337674,1.04825782441,0.931629601771,0.508423897817,0.724787873315,0.474909424689,1.60369985424,1.19040205353,1.36264497884,6.06736819434
sobol__0002314,117.29971382,23.76909269,75.93995677,16.39911268,-75.05947731,17.87950152,-16.87882413,1,usable,Converged with independently replayed constrained generalized-force equilibrium and small reserve torques,539.38744,0.148067649857,4.52441710763e-08,3.05533376377e-13,1.79945676263e-05,6,0,0.0433268849062,0.0100009570597,0.010012512438,0.0275862615404,0.010001528052,0.0100007839623,0.0103582218249,0.0718470171219,0.250447303989,0.010010226415,0.0100121154946,0.0484968671195,0.018473213327,0.0100104422275,0.119262341576,0.108997316017,0.0100044206883,0.0100053512005,0.0100452375209,0.0100064291858,0.146161868935,0.0887733903737,0.0896420793528,0.0451687878063,0.033549404802,0.038931875039,0.0145090756063,0.0336461076788,0.0165580491251,0.0101138866982,0.0384140101699,0.0167311455331,0.0102014477765,0.0194795291116,0.0100371181221,0.0100373561622,0.0100331814839,0.0100366591478,0.0100348088649,0.0100309019513,0.010049891687,0.010077023507,0.0100972721099,0.0100614154988,0.0100617671942,0.0100796092966,0.0100675192877,0.0100436520779,0.0100244711054,0.010034805312,50.7647932077,11.0153988857,2.0150809574,13.7621733561,6.0370939099,12.619508788,2.78930119094,9.15769731282,98.5256141996,4.4288841708,1.11644404615,9.93824998672,2.4819017918,1.64282920394,20.1547286641,69.3641384374,5.78284078419,4.67106294856,0,3.37185023654,69.6024348728,28.0322916876,105.349728675,10.8433355656,10.3319068355,9.79155604189,2.72371104301,8.83607098574,7.93376001394,0.586613559456,6.05844510834,3.92702650402,0.679788611791,3.1606655401,2.46421262662,1.42548907623,2.35355865069,1.72535505038,2.13112986547,1.8652654691,0.392443495996,1.06762963538,0.951756765964,0.485152995763,0.728457333088,0.475271097823,0.755270950512,0.414422946585,1.39532443715,1.04188098613
sobol__0002322,89.17471382,3.45659269,-3.74754323,126.08661268,59.94052269,3.66075152,16.87117587,1,usable,Converged with independently replayed constrained generalized-force equilibrium and small reserve torques,553.542929,0.0637914675697,8.46203107585e-08,3.91095002943e-13,1.72388896857e-05,15,0,0.0246764883065,0.010012387344,0.010033961601,0.0100239007579,0.019624215492,0.0100090880445,0.0101172377249,0.010040206331,0.0126282864505,0.0134117354016,0.0100580513189,0.0100300934679,0.0100330176076,0.0100299654454,0.0100983654908,0.010007140743,0.0100032144726,0.0100032136148,0.0100100440888,0.0100452378684,0.0372117706964,0.0317274384333,0.164583905268,0.0100490565418,0.0502182421852,0.0512739658549,0.0627473698113,0.0100019985105,0.0100416095356,0.0100088100796,0.0759596782837,0.0547678337208,0.0100428233153,0.0100048220978,0.0100023578413,0.0100036065905,0.0100034718991,0.0100043362231,0.0100036121995,0.0100035332114,0.0183600944335,0.0792670223901,0.0571332015848,0.0316518493146,0.0267142065742,0.0174032733786,0.0100926473917,0.0100151021667,0.0100040834291,0.0100055333656,21.7700175259,10.9535858958,1.98699273238,4.92372154842,21.1019851325,13.0593635747,2.56390099334,1.32580361354,5.36577221497,7.61779820228,1.22258058366,2.28136635112,1.45856119638,1.64253914431,1.8056675733,3.0435625702,7.17374356207,7.17579760872,2.80480129253,0,18.689131692,9.02951247094,123.087513317,0.0398012766766,10.5801369117,9.84246448767,9.42242620639,2.80387030102,0.0266430091323,0.387284068238,12.4875720078,12.8452707634,0.00849421053313,1.23932923719,2.53265872075,1.62291969763,2.3522401702,1.71107243299,2.01674587401,1.95488089279,0.44961470297,7.27282541422,4.29864262934,1.4213165223,1.32344805859,0.603604081945,0.583355517488,0.460646622727,2.01038868854,1.16739701246
sobol__0002330,100.42471382,44.08159269,24.37745677,69.21161268,-30.05947731,-2.90174848,39.37117587,1,usable,Converged with independently replayed constrained generalized-force equilibrium and small reserve torques,437.7167,0.0772594248869,3.14579780003e-08,5.40012479178e-13,1.71721035571e-05,20,0,0.174943839648,0.0100023717289,0.0100264018837,0.0100028389809,0.0828824375823,0.0100010518549,0.058900027286,0.0100327652288,0.0753979866458,0.0193130390708,0.0100220348709,0.0100111444837,0.0100092312114,0.0100084523733,0.0152498555311,0.0459298462399,0.010009382498,0.0100095457994,0.0100276856356,0.0214673082203,0.0100097206041,0.0769626522342,0.0611317447166,0.028549282839,0.0336049623591,0.0565408128097,0.0761427421006,0.0100015772276,0.0100049179038,0.0100052557982,0.010017821475,0.0100218407544,0.0100118394157,0.010003573909,0.0100019019241,0.0100028045552,0.010002818537,0.010003495047,0.0100027908764,0.0100026253165,0.0102687308759,0.0412158879112,0.0334678062115,0.0163865039379,0.0230283448425,0.0111547565075,0.010061572168,0.0100120033877,0.0100043931977,0.0100044463413,207.908045982,10.6337688035,2.00166000012,4.55244736187,83.5803577076,13.0491457185,15.5939749754,1.38766083954,29.1164320886,8.60080911454,1.27015302556,2.5524417402,2.50842367794,1.74501407804,2.24881645365,17.029706833,6.87783635077,6.72972889277,2.00115303559,8.0100358129,5.25609245622,23.8127088924,70.0277775569,7.76875044662,11.3349511545,11.938660525,11.1091239168,3.66650421633,2.51452424284,0.735836628122,5.36946624602,2.82460712495,0.381953243448,1.5231008182,2.46478299282,1.59362048493,2.30450195843,1.6747622837,1.97624547544,1.91315303884,0.169337765169,2.75856744397,2.05051538144,0.612737371797,0.980284719916,0.312352750059,0.626156244191,0.459797943434,1.95046520761,1.12314745492
sobol__0002338,75.11221382,29.86284269,40.78370677,111.86786268,32.44052269,6.39512652,48.74617587,1,usable,Converged with independently replayed constrained generalized-force equilibrium and small reserve torques,464.049909,0.0789358643488,5.72657867792e-08,2.13162820728e-13,3.22382836294e-05,14,0,0.0994845883846,0.0100059154609,0.0100474273296,0.0100056492351,0.110637181998,0.0100021647613,0.0389341730243,0.010021469637,0.0299883409078,0.0365311498683,0.0101750910097,0.0100113343214,0.0100131811253,0.0100132345495,0.0144166173976,0.0108588430386,0.0100114724577,0.0100115225176,0.0100266150363,0.0100452378178,0.0100337398852,0.0487150825329,0.0513189708229,0.0194943638745,0.0381052991574,0.0753489719758,0.148450966628,0.0100024689572,0.0100452378178,0.0100452378178,0.0156420522097,0.0100489274556,0.0100452378178,0.0100053762659,0.0100010037222,0.0100014871882,0.0100015111834,0.010001869314,0.0100014818935,0.010001387099,0.0195976826291,0.0826486532628,0.0654920583794,0.0326466086804,0.0450274959389,0.0176009490794,0.0100363078207,0.0100059296557,0.0100014435544,0.0100018643805,121.163673233,10.5652477943,2.0229976979,4.99451933899,98.2606551946,12.4402737914,10.4876006817,1.35381794429,12.1384848266,17.6508264803,1.12321308736,2.41500365656,1.89089832621,1.69275541114,2.48709756321,1.9626506378,7.18189943751,7.14019422665,2.83241616371,0,4.90001037811,14.1715544324,51.6771622918,2.01733146821,11.7804134711,11.1348933391,21.1896635273,1.07810872768,0,0,6.97329434919,2.65525613734,0,0.477850177958,2.37689327374,1.5452318159,2.23518649367,1.62638434952,1.90854320325,1.86059331377,0.337083898111,5.11161602993,3.57529700701,1.07592557316,1.76166537027,0.379351950067,0.457282643838,0.460195046282,1.93644638096,1.14544132674
sobol__0002346,108.86221382,54.23784269,-6.09129323,87.49286268,-57.55947731,-4.54237348,11.24617587,1,usable,Converged with independently replayed constrained generalized-force equilibrium and small reserve torques,524.812125,0.0403864101886,5.28655448306e-08,7.75598020081e-14,8.00768766514e-06,13,0,0.169735139729,0.0156318392031,0.0100200421225,0.0100130833242,0.0107270732433,0.0100044004698,0.0100874147128,0.0100201773972,0.0210781039057,0.0100121035293,0.0100141070439,0.0100148182183,0.0100121891683,0.0100120824609,0.0100300316508,0.0100156596579,0.0100138645441,0.0100140680355,0.0100311257076,0.0101236786953,0.020157740889,0.0106927516252,0.0405764231474,0.0185590719611,0.0101622380853,0.0297467762375,0.0463552322979,0.0100030421246,0.0100093264118,0.0100084121831,0.0100539294239,0.0100367443111,0.0100167959563,0.0100084963954,0.0100045667018,0.0100066607979,0.0100071510038,0.0100085408768,0.0100067883586,0.0100062592146,0.0101184508186,0.0291233806894,0.0208203109352,0.0105837087468,0.0144812409083,0.010187165216,0.0100650133924,0.0100210120786,0.0100084729984,0.0100097172881,196.910432629,16.8593619252,1.99666015762,3.43496406483,11.5217977799,11.7611428477,2.49383619994,1.42089510117,8.42765706709,5.35119229541,2.00753352333,2.62436864733,2.79649401451,1.78884320374,1.56369731925,2.50164988538,7.05877594919,6.91190501099,2.61097322107,3.55902641549,10.4889991108,3.15243000009,44.7782012321,4.85382949685,3.29450391418,7.49690637848,6.72933999426,3.85424652805,4.19084381646,0.942665686956,5.37192852279,2.53255995213,0.671705979838,1.61737608269,2.58904076027,1.62483083916,2.36956076057,1.73038967782,2.08277806289,1.97415271848,0.220500085469,2.56882030599,1.62589092993,0.493522420289,0.724644973929,0.397787635219,0.757535798448,0.460851913454,2.0104811822,1.16216579277
sobol__0002354,91.98721382,33.92534269,64.22120677,59.05536268,77.44052269,9.67637652,-7.50382413,1,usable,Converged with independently replayed constrained generalized-force equilibrium and small reserve torques,541.602412,0.126429249057,2.36943691334e-08,2.97049502636e-13,2.63167401781e-05,21,0,0.111279085479,0.0100017708637,0.0100674128064,0.0100026867735,0.0575560442056,0.0100014447604,0.0454077430105,0.0102155479154,0.131475203657,0.0999529119008,0.0122156943268,0.0100159616848,0.010016604533,0.0100120157385,0.0298967294937,0.0629214889501,0.0100059714729,0.0100060892839,0.0100275463162,0.010045238351,0.0100016817589,0.0100065113955,0.0875877308131,0.0100034247579,0.0146691014142,0.0681343286083,0.0395122536196,0.0100013950237,0.010002236676,0.0100038975161,0.216507357249,0.034834311903,0.0100081210214,0.0100039853963,0.0100033335026,0.0100053308098,0.0100048670542,0.0100061251928,0.0100051494123,0.0100055377064,0.0171765694276,0.0733982453004,0.0590331438635,0.0307323754012,0.0252652941751,0.0210514653417,0.0103963831498,0.0100227481235,0.0100058940662,0.0100092125671,135.540783418,10.6766816233,2.00821105704,4.97178407432,42.8309715675,12.4019169283,12.2169853602,1.36406500737,50.9757736705,41.1545073334,1.03775306782,2.35233141525,1.84042312585,1.6904711997,4.47646078338,22.8611947005,6.77087645934,6.62032665892,1.1768514154,0,4.19315360977,2.90749244965,102.028261,2.76094522799,4.94763513962,16.6876511083,7.52768396059,4.0794831438,4.539393211,1.01010106904,114.054732286,6.70537329585,0.741783311286,1.69882021592,2.58874912146,1.62424822717,2.36902403588,1.72997121809,2.07893549169,1.97400750993,0.497999184465,7.93651165029,5.27867351772,1.4948364912,1.63273481719,0.927779662497,0.661906029777,0.453793842364,1.68491322247,1.1562076582
sobol__0002362,103.23721382,9.55034269,-38.90379323,2.18036268,-12.55947731,20.61387652,-45.00382413,1,usable,Converged with independently replayed constrained generalized-force equilibrium and small reserve torques,576.072229,0.145411266942,1.39887303519e-07,3.05533376377e-13,8.13895526265e-06,17,0,0.125679385247,0.0981797268378,0.0100119323307,0.0164141472075,0.103795074446,0.0100039057642,0.0102863269409,0.0100105848909,0.0100211346469,0.0100060646454,0.010011429916,0.010008224928,0.0100095318896,0.0100086285148,0.0100432934008,0.199550821227,0.194609463274,0.143682462291,0.0100452378056,0.0131728754454,0.0100122798328,0.0100061278703,0.0100018073368,0.0100061850768,0.0100452378056,0.0616905061259,0.0100079725388,0.0100059480415,0.01000136066,0.0100190821587,0.0100063519851,0.010026831944,0.0100138314987,0.0100066145827,0.0100077312705,0.0100134729098,0.0100064637381,0.0100088010719,0.0100080875697,0.0100128108056,0.0101342005633,0.0242829522266,0.0298987251959,0.0199766906759,0.0100935975734,0.0102529247509,0.023259429103,0.0132040179233,0.0100248116721,0.0222256590487,107.315140714,108.228098121,1.96943052304,8.19321904297,105.34170035,12.1489465544,2.20141373478,1.35212011221,4.33242003546,5.88663508251,1.51876982901,2.47934070209,1.86901264473,1.68268787439,1.74428556649,153.745268934,88.6250386932,48.3093806959,0,4.99982240863,1.9516141794,2.35199127847,11.5598379479,2.34146279581,0,15.5489406137,1.75630112955,2.12316886653,4.79701357972,0.416746308088,3.37790246219,2.8546045459,0.607292733167,1.53204435852,2.3073057977,1.32749438972,2.28569350606,1.6874148568,2.12563682896,1.74269518133,0.39388321816,2.30739458531,2.63495367149,0.901804170063,0.700522653736,0.477581790214,1.92971585478,0.51715270331,0.901168319251,2.04542911521
sobol__0002370,82.14346382,12.59721769,58.36183177,68.19598768,-48.80947731,21.98106402,0.93367587,1,usable,Converged with independently replayed constrained generalized-force equilibrium and small reserve torques,463.766874,0.0297522035863,8.98010910078e-08,2.91023541316e-13,7.62484303604e-06,3,0,0.0482028629968,0.0100034176844,0.0100366673236,0.0100083000749,0.0139175391636,0.0100037438119,0.0139386790282,0.0101277776284,0.0669052026774,0.0840227770306,0.0223322063032,0.0100311987113,0.0100340739151,0.0100265435131,0.0198454970301,0.0220853659181,0.0100106433512,0.0100108223142,0.0100297922206,0.0100413123249,0.029824372667,0.0700635624266,0.0511328483487,0.0384591605289,0.0127935012154,0.0100421833954,0.010046469864,0.01222389455,0.0157525697889,0.0100687433881,0.0155532324758,0.0100470994468,0.0100617769869,0.0100947800601,0.0100466322806,0.0100454502749,0.0100498051991,0.0100479505141,0.0100475682776,0.0100451648416,0.0100457240711,0.0100446965249,0.0100440797284,0.0100443761148,0.0100452567876,0.0100452111438,0.0100429423805,0.0100424389746,0.0100385751574,0.0100382073775,50.6825984831,10.8641937857,2.0215739308,4.99594260261,10.0355289152,12.373020587,3.75475449914,1.30972506498,27.5228485643,43.5515500993,3.41318224021,2.04589613083,1.23293681574,1.6114175674,3.3713671522,8.80410160602,6.86858502795,6.72039947502,1.92341511737,3.59379607861,15.5352638003,21.5660147667,58.681016832,10.5777039801,4.31447238662,2.49729194061,1.93793320905,4.98601955884,5.99921679006,1.01687326741,7.27184596436,2.64108982823,0.711635985622,1.6788131186,2.59842114573,1.58917220284,2.37964665948,1.73720780425,2.11145316803,1.97479570826,0.315471900689,1.09416708224,0.915698721213,0.487826989578,0.689183259,0.422675515867,0.636707331323,0.396581257275,1.58178142236,1.04257123324
sobol__0002378,115.89346382,36.97221769,-26.01316823,125.07098768,21.19052269,15.41856402,53.43367587,1,usable,Converged with independently replayed constrained generalized-force equilibrium and small reserve torques,566.953628,0.0560597199713,7.75299113798e-08,2.09966804443e-13,1.49661051893e-05,14,0,0.111995036351,0.0100040571453,0.0100256256525,0.0100100123285,0.046259933402,0.0100025667602,0.0204800171352,0.010032942011,0.0601435840554,0.0381414312304,0.0100414152112,0.0100163302417,0.0100135521172,0.0100113651355,0.0100663991842,0.0100153027698,0.0100053694057,0.0100053687407,0.0100151834027,0.0100452377361,0.0351887689567,0.0503753143757,0.0966043969853,0.0100452414802,0.0208019066272,0.0241518178738,0.095434145529,0.01000786632,0.0100452377361,0.0100452377361,0.0499550718697,0.0126121446729,0.0100452377361,0.0100198829179,0.0100017675294,0.0100025761737,0.0100027928101,0.0100033712547,0.010002657422,0.0100024143871,0.0154612236058,0.0568472081909,0.0438478531534,0.0207513947683,0.0309496633538,0.0102158517403,0.010026764813,0.0100078111456,0.0100018977843,0.0100025762413,136.40847004,11.0347743341,2.01933094455,4.01830730929,47.8984546619,10.5105870558,4.44726107501,1.38625871602,24.6174815546,19.0301618966,1.20069887848,2.58351141705,2.55295270335,1.74928485578,1.39876102544,1.91145741621,7.17610899837,7.17711504821,2.81989488813,0,17.5198962333,11.1184036138,74.2644017765,1.7019141673e-05,6.09137976506,3.01886606635,14.7834912006,0.506219338181,0,0,19.170091073,3.41932570854,0,0.159616503722,2.38056984305,1.54985288567,2.22659062528,1.62174535186,1.9051878545,1.86793637863,0.30177001136,3.71724012334,2.47247544857,0.678395713933,1.2948240261,0.189061516787,0.390577179485,0.441961225999,1.9681415168,1.16704250033
sobol__0002386,87.76846382,49.15971769,44.29933177,23.50848768,-3.80947731,-7.55018598,-55.31632413,1,usable,Converged with independently replayed constrained generalized-force equilibrium and small reserve torques,491.78326,0.0925605277949,1.14581180988e-07,3.48165940522e-13,1.02030688621e-05,12,0,0.175287560318,0.0347077883789,0.0100271854973,0.0100094256463,0.0825005935582,0.0100037486602,0.0213903199214,0.0100147304367,0.0100473036377,0.0100081209624,0.0100139873943,0.0100096336113,0.0100091379779,0.0100100705133,0.0100349445378,0.0100040675702,0.0100034713225,0.0100039883127,0.0100452378219,0.0100248866443,0.0369789393729,0.0230563954301,0.112558659235,0.0519749815087,0.0100452378219,0.157655355953,0.0100029358951,0.065650202116,0.0100017904859,0.0100294399019,0.0446466760498,0.0100808249776,0.0100213403525,0.0100141797591,0.0101221192514,0.0159041182305,0.0100079843899,0.0100141106097,0.0100348995971,0.0280268101269,0.0100189034886,0.0100078655538,0.0100399156892,0.0100683415552,0.0100182511888,0.016716853378,0.0100122515468,0.0101163931901,0.0100133398024,0.0100386422572,204.962137689,36.0349365046,1.9555290815,4.99637515894,75.6427110286,12.5666315544,5.76207510487,1.39112208808,3.8414474926,4.6403398336,1.42684794721,2.55611248897,2.52025708899,1.74503662441,1.65872234355,4.9078794886,6.20724696082,5.33828851394,0,3.73289080159,14.6796733229,6.16741576511,132.486029482,13.1721060505,0,36.9822934468,1.92920366024,18.8375930332,3.37981067086,0.483958103132,19.8234322087,2.86762118571,0.527760138073,1.4646450079,2.30767233808,2.16519987101,2.0385462901,1.57224039814,2.13112430559,5.04596113021,0.394263038143,1.03686090432,0.898034679031,0.447651802128,0.725291833532,0.769094682837,0.846785737587,0.46500138053,0.859803912032,1.11418130034
sobol__0002394,99.01846382,24.78471769,-21.32566823,47.88348768,66.19052269,-0.98768598,-2.81632413,1,usable,Converged with independently replayed constrained generalized-force equilibrium and small reserve torques,535.010272,0.0616891913333,2.1971331754e-08,2.84217094304e-13,1.15321193163e-05,16,0,0.141611927526,0.0329572457066,0.0100182647768,0.0100294461955,0.039485042188,0.010005948192,0.0100902177468,0.0100181141574,0.0103145886604,0.0100143208578,0.0100205230208,0.0100133589944,0.0100136718558,0.0100129354789,0.0100498260616,0.0100034045299,0.0100041022473,0.0100041979939,0.0100381284161,0.0100452377022,0.0277159521758,0.0250706285211,0.104396990782,0.0688828311205,0.049180917197,0.0606569483751,0.0685847024772,0.0100023042523,0.0100058592949,0.0100061598922,0.0622509456388,0.010107948226,0.0100141959302,0.0100073450061,0.0100038477611,0.0100057217469,0.0100061067678,0.0100074066374,0.0100059813198,0.010005500858,0.0115493630158,0.0510088003057,0.0100452377022,0.0185035445374,0.0233150597312,0.0151482972716,0.0101163914012,0.0100183926079,0.0100056562041,0.0100076063506,166.820618046,36.2069982828,2.01705609737,4.69642359673,41.6543889103,12.7647373801,2.43823521653,1.37130922533,4.31682680417,5.51175065818,1.26201784843,2.5368572471,2.20164002036,1.71626475482,1.56668925424,5.63193837778,6.64498821979,6.47880038822,0.226307937435,0,5.81767564077,6.3927497659,122.825303419,18.9705225189,16.5878856799,15.1211047128,11.8761298724,4.07989848302,4.69323655176,1.01061197725,33.7591927642,2.20203009623,0.750431663196,1.70784891653,2.58850649316,1.62577907836,2.36931747072,1.73017614179,2.0704629864,1.97396788416,0.303936643167,5.33190730507,0,0.900596957009,1.39341535875,0.64964506559,0.689167644213,0.460830348077,1.88228302461,1.1678275304
sobol__0002402,79.33096382,47.12846769,13.83058177,5.22723768,-66.30947731,-9.19081098,-23.44132413,1,usable,Converged with independently replayed constrained generalized-force equilibrium and small reserve torques,522.461229,2.4448705346,3.67098083487e-07,4.00035560233e-12,0.000183051082698,23,1,0.161114473697,0.148898690045,0.0100278233996,0.0381047836689,0.125724676988,0.010010339542,0.0105077768918,0.0100107845242,0.0100073709289,0.0100028431156,0.0100058039224,0.0100079841141,0.0100079520994,0.010008508222,0.0100127771521,0.151950490214,0.185163558833,0.139478549212,0.0100452381597,0.445669740484,0.260403714958,0.118177655501,0.0100020327556,0.0100024344301,0.0100452381597,0.999999625117,0.0100001723063,0.812212634033,0.0100000909229,0.0100060167952,0.0100019177663,0.0100030050987,0.0100018447282,0.010000832221,0.0546502771028,0.196942442945,0.0100006662215,0.0100014290321,0.0100078018409,0.343879504597,0.0100036298594,0.0100008917198,0.245403710974,0.255766076989,0.0100013297696,0.15749164106,0.0100032120806,0.146569582802,0.0100009345341,0.165840614355,192.117994977,154.292445613,2.01163268629,19.0116489185,134.846788259,12.9785906256,2.77434390206,1.40803527235,4.07115738971,5.57977995442,1.99890317947,2.58148428119,2.59271176158,1.75479653839,1.78942524702,92.0498321984,89.1661771386,50.5940459835,0,153.78597714,94.5605736719,29.9127631697,11.6299499745,2.33489573439,0,251.703806706,1.92057078358,224.531482115,3.70546221642,0.555521346482,1.48638379566,2.43005695893,0.510736939332,1.4199629926,13.2978987374,28.3903178399,2.20418629167,1.66890596852,2.1255685983,65.1262133971,0.37355461752,1.07224048588,22.8344696378,11.9112731102,0.722106589553,7.44869222867,0.852424582617,6.74196602379,1.46413578955,19.3499633854
sobol__0002410,113.08096382,6.50346769,23.20558177,62.10223768,3.69052269,1.74668902,-30.94132413,1,usable,Converged with independently replayed constrained generalized-force equilibrium and small reserve torques,558.766752,0.033972145874,4.48861356972e-08,2.75450762134e-13,1.23910948558e-05,6,0,0.0355066909382,0.0100025013868,0.0100449570188,0.0100063432429,0.0136056935811,0.010003087448,0.0247267162561,0.0116084207997,0.0740491547991,0.0668531203164,0.0104569151284,0.0100435412878,0.0100394451941,0.0100231127271,0.021081148308,0.0326001278926,0.0100083935237,0.0100085465687,0.0100297272779,0.0100150654896,0.0100237810867,0.0602737527598,0.0619884538282,0.0540388830709,0.0472558646767,0.0295980069229,0.0135734366078,0.0100090669643,0.0100115869773,0.0100185870638,0.0509064083935,0.0117533975828,0.0100302171254,0.010020382542,0.0100125920659,0.0100180332563,0.0100160006301,0.0100188047894,0.0100163256921,0.0100170276489,0.0100936435463,0.0189451341752,0.0175006018161,0.0102754135521,0.0102472912798,0.0101309500162,0.0100679923803,0.0100358478099,0.0100151175365,0.0100205894118,34.100816109,10.975278938,2.01641858011,4.7313927714,12.8157811749,12.7445316628,6.50200159468,1.51097056748,30.697348145,34.2014267818,1.2221692315,2.15041274778,1.33216833085,1.63084367995,3.5696438724,17.2438173989,6.80470044193,6.65543402491,1.43161700518,3.48632065112,4.4619839992,19.0947107638,71.8752845257,14.847335375,15.5002944357,7.36083837756,2.61492173675,4.07822392937,4.75417521823,0.973285117367,28.3639860847,3.30991601499,0.7549825966,1.71529254498,2.54130262004,1.50767130828,2.31972044796,1.71766529163,2.12683863896,1.93046415114,0.348404954722,2.0667905787,1.65194047961,0.494471630414,0.723798677311,0.479184865443,0.825706215707,0.460804966841,1.33463736897,1.15482748335
sobol__0002418,96.20596382,18.69096769,-56.48191823,82.41473768,-21.30947731,24.71543902,32.80867587,1,usable,Converged with independently replayed constrained generalized-force equilibrium and small reserve torques,475.446326,6.23214812936,1.04104405096e-06,3.30402372128e-12,0.00137734432908,26,5,0.163880030016,0.0510852140075,0.0100056727717,0.0100140991631,0.188896767678,0.0100016441753,0.021315227019,0.0100061161019,0.039343480344,0.0100057124693,0.0100058811514,0.0100039696622,0.0100039672552,0.0100037232893,0.0131245403123,0.0100040030443,0.0482998455328,0.0472820981437,0.0104718218671,0.108419790688,0.131269273864,0.0604116088631,0.0100047892534,0.0100028418413,0.0100000263634,0.0100001171047,0.999999905065,0.0100000580854,0.0182560940428,0.0100001792837,0.0100021481585,0.0100068299567,0.167994445654,0.494354238775,0.0100001711872,0.0100002050489,0.999996665323,0.362338232151,0.0100015401561,0.0100001879055,0.79465529531,0.999999573674,0.999998887791,0.289134404957,0.999999335063,0.0100024101496,0.0100002597418,0.0100001326862,0.0100000282561,0.0100000363639,134.321658528,56.3346739348,1.98681024832,4.99849483256,180.82154174,9.84535320137,3.07301703882,1.38208445719,17.1025478482,5.95614535066,1.95886827328,2.55887030438,2.26583247759,1.71540257486,2.22371294329,4.18550027792,33.810072234,32.3998373373,2.66920653644,41.1278057329,68.9294737325,18.5614667332,11.1644874696,2.59858450442,3.37296629562,1.90924376324,189.003327963,3.74690006478,0.00719319568627,0.869890502906,5.57299089644,2.84690156568,4.62266983452,74.3592903187,2.53587917493,1.6245262266,232.487834239,61.427493645,2.0104945706,1.96710933547,19.1430724637,84.8688773469,70.9072958619,11.3258243959,54.9670580842,0.27922685442,0.457965009614,0.383912281652,1.96815474563,1.11830814719
sobol__0002426,107.45596382,59.31596769,84.14308177,106.78973768,48.69052269,13.77793902,25.30867587,1,usable,Converged with independently replayed constrained generalized-force equilibrium and small reserve torques,519.296119,1.44013742782,4.89040772322e-08,1.76214598469e-12,0.000105602633775,21,0,0.161466388829,0.0100000870452,0.129164357705,0.0100001091294,0.010003562767,0.0100000548069,0.730166894882,0.25402717241,0.808811064816,0.0100003294599,0.0100006390961,0.0100078822008,0.0100017289362,0.0100007699348,0.174416865557,0.283080293981,0.0100168686202,0.0100169932555,0.0100327608454,0.0100452363744,0.0100001321023,0.0100592069917,0.0302933861581,0.0100568811587,0.0282468589579,0.0707081229818,0.109991908415,0.0100014930681,0.0100452363744,0.0100061970647,0.036942227674,0.01383659148,0.0100332023271,0.0100041842188,0.0100019967117,0.0100029777875,0.0100030356894,0.0100037560634,0.010003031014,0.0100028743849,0.0176226574923,0.0758017983704,0.054384450236,0.0284369699934,0.0356883008024,0.01924546869,0.0100761541082,0.0100120552353,0.0100030157814,0.0100041161524,182.854298101,10.4241820492,23.5128193606,4.87175882206,6.86392606101,12.4596296806,181.769061743,34.8873786963,228.998741808,4.50005573748,1.53395949822,2.53558714668,2.56333883644,1.75189516168,26.0626502563,18.0216319711,7.18396579968,7.10015140064,2.79175554702,0,4.7770591699,2.98589664305,31.6235688429,1.66805958832,8.85077075141,12.6722996395,18.450344193,3.29931158646,0,0.510127781028,15.2911974234,3.50053259663,0.0478628301613,1.27311430295,2.50469370118,1.6150021212,2.32015194534,1.68982808999,1.99495539023,1.94363455362,0.411150680714,6.40814949321,3.78898834904,1.1463178154,1.79503200277,0.582006082665,0.48471685395,0.445513191137,2.00785926655,1.16690755181
sobol__0002434,85.65908882,22.24565519,-11.36473073,49.40692518,-9.43447731,-2.49159223,55.77742587,1,usable,Converged with independently replayed constrained generalized-force equilibrium and small reserve torques,644.123285,0.0528642628468,3.04852356692e-08,2.48689957516e-13,1.69532326954e-05,17,0,0.13596390184,0.0463536537232,0.0100193907691,0.0100728519076,0.0595020888323,0.0100059215583,0.0101229542008,0.0100167502075,0.0100475226515,0.0100096048452,0.0100175975521,0.0100123375324,0.0100134413125,0.0100124717556,0.010042229602,0.0100043631776,0.010005927187,0.0100060556667,0.0100379022316,0.0100550115942,0.0690429074923,0.0369201511598,0.0717533565212,0.0585652035867,0.0293478468604,0.0360560245542,0.0733193903284,0.0100018428801,0.0100075381524,0.0100074380713,0.0233265806599,0.0100413242982,0.0100161062061,0.0100038346703,0.0100019011814,0.0100027679905,0.0100027958976,0.0100034355058,0.0100027478052,0.0100025505026,0.0101469061595,0.0322667900501,0.0273173247204,0.0126862412269,0.020771415676,0.0101284450644,0.0100355520926,0.010010379252,0.0100044023318,0.0100037697465,158.163023072,50.2512273587,2.01731315621,4.92169608155,63.9471227634,13.0704338051,2.53245980362,1.36687613734,4.21447176905,5.58877682091,1.30504310867,2.50751449739,2.05824486128,1.7044000904,1.68913824061,5.39510545593,6.66393995792,6.5016360526,0.354251846906,3.80979632895,26.7894765665,11.6198129699,84.3814645431,16.1626911861,9.34883933549,6.30850537263,11.1381014909,3.59781214851,1.83746817347,0.556861794852,12.248719476,2.85866811721,0.24313214149,1.40265975729,2.34913135464,1.53131975195,2.22409420887,1.61631994556,1.88965918386,1.84107659602,0.149956749158,1.89423282382,1.48555040313,0.419813285304,0.836215071894,0.218656780381,0.545487015838,0.45864400703,1.85941030444,1.09482391261
sobol__0002442,119.40908882,62.87065519,35.51026927,8.78192518,60.56552269,4.07090777,3.27742587,1,usable,Converged with independently replayed constrained generalized-force equilibrium and small reserve torques,421.342125,0.813274364334,3.16131263389e-08,9.24979181377e-13,5.2075033353e-05,25,0,0.334978567743,0.0100004039567,0.0207028795706,0.0100004024256,0.0100013368233,0.0100000996241,0.278262235992,0.0724204460877,0.476150130555,0.0100005424184,0.0100006787173,0.0100117247229,0.0100022506247,0.0100012200037,0.0100023697846,0.310628022772,0.0100009884367,0.0100012779833,0.0100452378891,0.0100452378891,0.0100011930543,0.0100030679997,0.477344971558,0.124110559876,0.142109373554,0.114808309067,0.0867656668169,0.010004211144,0.0577383404019,0.0100059223168,0.0381300603851,0.0100088277255,0.0100173220249,0.0100088064746,0.0100031145047,0.0100045022628,0.0100051571157,0.0100062126676,0.0100048188774,0.0100041951946,0.0101888507906,0.0337978853714,0.0226627917273,0.0102502669829,0.0226381559587,0.0174520808801,0.0101276304785,0.0100138260974,0.0100042202623,0.0100053782465,372.837236294,10.5519638483,3.92277464825,3.56359307925,9.67133209276,13.0565600215,73.7953765292,10.1930509593,160.206791022,5.31371566023,2.40902526028,2.6096378242,2.80449502326,1.7937936074,1.62079164988,179.160446797,5.12978315371,3.95078377057,0,0,1.57916735722,1.88752205363,557.884959607,29.2143459005,39.6765868005,24.3955724555,16.7322376265,4.00647501886,27.2768773983,1.00850054749,21.2164798656,2.33148307567,0.754295093721,1.71346526256,2.58423218749,1.62566969347,2.36887973223,1.72933277526,2.05426708669,1.97341459541,0.312060118034,3.68795225392,2.10084212959,0.500086715221,1.54938788963,0.699243070156,0.639760378096,0.460417138146,1.93853465155,1.16756470637
sobol__0002450,91.28408882,42.55815519,-34.80223073,102.21942518,-44.43447731,18.28965777,-0.47257413,1,usable,Converged with independently replayed constrained generalized-force equilibrium and small reserve torques,345.45664,0.0894700294712,3.25438378468e-08,2.41584530158e-13,4.49708229932e-06,10,0,0.158164350665,0.118948073862,0.0100080309952,0.0100179646887,0.204356846649,0.0100016768082,0.033859509304,0.010006116409,0.0100172612882,0.0100025177526,0.0100039523134,0.0100041177722,0.0100036141705,0.0100039366038,0.0100167418143,0.0100052775036,0.0100162312478,0.0100164057562,0.0100325702184,0.0101103603358,0.038744528327,0.0100090668481,0.0324570799041,0.0150867488975,0.0110996443822,0.0100309628806,0.010020500652,0.0188510894521,0.010053370647,0.0101257681931,0.0100452112063,0.0100360013976,0.0100539485291,0.0100790939265,0.0101172697277,0.0100767148082,0.0100606936119,0.0100584308526,0.010068041703,0.0100823875416,0.0100391196817,0.0100279196612,0.0100314583886,0.0100379946926,0.0100338876925,0.0100392762512,0.0100467962209,0.0100568997751,0.010187431115,0.0101264868017,192.657886387,128.711588092,2.01580050338,4.76168651788,206.779642194,11.0092986381,7.57099153461,1.42284926869,4.22173997157,5.85603556244,2.24111781019,2.61855472408,2.74153974277,1.76793439332,1.68665203043,2.43843918635,7.17556934614,7.05681738796,2.7486167201,3.65185712908,19.1822679336,2.87054145987,34.4810920134,3.60261857756,3.52765018507,2.48346181673,1.93136393269,7.3607227866,1.56527626936,0.964423252932,5.59596341709,2.69386230323,0.548650852451,1.60035096032,2.61702588062,1.59975098373,2.38219710053,1.7390174457,2.11594077521,1.98338928011,0.307623059762,1.08544149061,0.893998490274,0.486821029578,0.652201802719,0.424280092063,0.660192477109,0.417090445208,1.66474593595,1.09886524063
sobol__0002458,102.53408882,1.93315519,68.32276927,94.09442518,25.56552269,11.72715777,-52.97257413,1,usable,Converged with independently replayed constrained generalized-force equilibrium and small reserve torques,596.986795,0.139829379366,1.60249182146e-07,4.83169060317e-13,0.000283171800589,15,0,0.010000729368,0.0100004889163,0.0619633019942,0.0100060791225,0.0100010552018,0.0100006815941,0.0782508879631,0.151831157578,0.0326788639949,0.0100051353958,0.0100023971386,0.141435430068,0.0683094606572,0.0746431330994,0.0504964006499,0.168502712109,0.0100107258823,0.0100108939267,0.0100271830085,0.0100452377991,0.0489362043684,0.014649227459,0.0583375533491,0.0313286432834,0.0100452377991,0.123008283537,0.0100019343118,0.036308490054,0.0100009914994,0.0100235326668,0.105989286103,0.0390836737855,0.010009949778,0.0100057072785,0.0100123852014,0.0100395079681,0.0100045739792,0.0100070590654,0.0100084807871,0.0100597486468,0.0100208625611,0.0100114311686,0.0101216523525,0.0220471753043,0.0100097391849,0.010058785724,0.0180802514906,0.0319402721383,0.0100605930238,0.0583905625971,8.57455925356,10.9904889459,12.4770688308,4.99484029893,6.29059079608,12.4047270404,21.0786223473,18.7211234902,13.7112730021,5.73947894812,2.59886954981,25.6713362179,6.08112744967,11.3473699868,8.96486805162,53.9432813997,7.1179193901,6.97433196482,2.67167698928,0,25.1137466879,4.49786117999,63.385306877,7.57981882196,0,29.979021459,1.92885752276,14.8091765028,4.50738799699,0.987323019599,54.5981193804,10.4913827506,0.727153500195,1.69695513754,2.33515271321,1.36736857746,2.23604829303,1.66663864903,2.12572042184,1.79176128295,0.394751834354,1.03489142234,0.927115950287,1.02158352211,0.724699293191,0.465111853658,1.53060299887,1.36977015454,0.870026239694,5.78429161245
sobol__0002466,77.22158882,56.77690519,75.35401927,120.50067518,-26.93447731,19.93028277,-32.34757413,1,usable,Converged with independently replayed constrained generalized-force equilibrium and small reserve torques,540.588339,0.0871842465599,5.26816847923e-08,4.2213197172e-13,1.03093686418e-05,7,0,0.0962451542826,0.0100014463524,0.0186583756938,0.010001785347,0.202477021433,0.0100014763332,0.0629461800952,0.0100342612348,0.0701718701438,0.0764587109968,0.0140674314926,0.0100106521964,0.0100115478466,0.0100126074098,0.0385584921059,0.0100465993101,0.0100089146985,0.0100089182385,0.0100221333787,0.0101222303226,0.0100195251408,0.079530497396,0.06031738914,0.0135485015719,0.0672721579243,0.035291468457,0.010008228153,0.0100580517894,0.0100070701223,0.0100403967507,0.0123375101517,0.0100341425486,0.0100269661292,0.0100166530271,0.0100164598032,0.0100263714092,0.0100116097138,0.0100156199428,0.0100156639958,0.0100262798804,0.0100348690813,0.0100319596943,0.0100606735118,0.0100842715767,0.0100252317125,0.0100568860046,0.0127147998404,0.010660521971,0.0101111719761,0.0222051929237,111.661881743,10.1773160422,3.4936678874,4.6576002316,174.764270682,11.9914245339,15.9164205877,1.39518087108,26.9460644073,37.2325274794,2.20265193238,2.54418168042,2.51437924498,1.74245390342,7.01504325682,0.0104549970728,7.18017232587,7.17663103668,2.8379934142,3.80498388034,1.15502823836,18.3676199248,51.9996234242,0.807616022891,14.3342919017,8.90966928562,1.91455437053,4.02256896044,2.11606094286,0.99636406611,6.46769697321,2.84355690386,0.594230480712,1.61023379609,2.41772714272,1.39344544313,2.33291676914,1.71441851176,2.12719755294,1.81655610073,0.393882381369,1.06238047162,0.947461653693,0.483320322351,0.725787670221,0.475621106703,1.00299826462,0.42441511073,1.12490475881,2.1434562344
sobol__0002474,110.97158882,32.40190519,-46.52098073,79.87567518,43.06552269,8.99278277,-24.84757413,1,usable,Converged with independently replayed constrained generalized-force equilibrium and small reserve torques,471.124614,0.0805326806542,3.95165145051e-08,6.65802394023e-13,3.8128364243e-06,11,0,0.154049222495,0.0490185322403,0.0100077560313,0.0100319491059,0.194566392512,0.0100014607064,0.0226905663029,0.010007161436,0.0307482790369,0.0100070087278,0.0100096415823,0.0100047139223,0.0100042747687,0.0100044155095,0.0100451451478,0.0100039512732,0.0100103070597,0.0100104787229,0.0100272799431,0.0100452377173,0.0100453092728,0.0100200823285,0.0590988424572,0.0341953506999,0.0518027796426,0.0316397412973,0.0100507271944,0.0100088826613,0.0100071208632,0.01001735259,0.0479788259328,0.0118564643448,0.0100261700958,0.0100167216935,0.0100123707373,0.0100179787435,0.0100142959252,0.0100175669012,0.0100159317176,0.0100177737293,0.0100760734805,0.0168176743955,0.0168589425187,0.0103006522526,0.0100983902512,0.010120041554,0.010090305595,0.0100464650352,0.0100182184742,0.0100331397475,171.470815508,54.0705953944,2.01490595278,4.88833019528,191.142138295,8.9877497999,3.47637494236,1.39124762467,12.9412377769,5.64642468237,1.46161093207,2.58933223495,2.55883987482,1.74506669085,1.4587779274,3.56624198618,6.9825584457,6.83475919293,2.52054933361,0,4.0222140649,3.17421538713,66.3033758406,8.93121163281,16.7006127823,7.98867124376,1.93728235935,4.08119573217,4.46206676652,1.01174260114,24.9785660895,3.05211644948,0.722324320273,1.67924469489,2.58644891714,1.58383792063,2.36692044012,1.7309651205,2.11637080327,1.96858943425,0.340493633169,1.83640525786,1.59125200053,0.50250224587,0.700402852085,0.478459415748,0.743502330356,0.452203860893,1.39245906433,1.12311678327
sobol__0002482,94.09658882,12.08940519,33.16651927,35.18817518,-61.93447731,-5.22596723,23.90242587,1,usable,Converged with independently replayed constrained generalized-force equilibrium and small reserve torques,458.927618,0.0346423788231,5.72569236468e-08,1.32343635851e-13,4.93387534172e-06,8,0,0.0801358494207,0.0100067784645,0.0100281701404,0.0100106743106,0.0332136264926,0.0100042663022,0.0150601579672,0.0100356227093,0.0466402075558,0.043681332496,0.0102529548481,0.010020016598,0.0100233735153,0.0100184360627,0.0127692086503,0.0100068598228,0.0100045178167,0.0100047129554,0.0100452377607,0.01001447478,0.0380434882741,0.0635470984031,0.0870982659279,0.0532160855676,0.0226719968666,0.0215933380576,0.0282380603301,0.0100079809972,0.0100702202017,0.0100162330521,0.0351642579857,0.0101559873535,0.0100280629939,0.0100179684232,0.0100071833784,0.0100100201041,0.010010553171,0.0100123846168,0.0100101789593,0.0100091767239,0.0100643307815,0.0137209348843,0.0105726731527,0.0100767734076,0.0101610088245,0.0100706878858,0.0100472204945,0.0100255877687,0.0100133133748,0.0100134572135,85.4400353419,10.8992977262,2.01957440172,4.93322468611,29.274214658,12.6289089575,4.02453510353,1.31481957407,19.1338595359,21.2588743499,1.11092242333,2.19848908527,1.42172029169,1.64452537596,2.1105191439,6.04085249507,6.47924135187,6.18201171975,0,3.48883790298,16.6056177903,20.1262763098,102.546837732,13.8556390308,7.44675482785,5.03683282169,4.61293693776,4.07864913991,4.59303145656,1.00029911822,9.66424625165,2.51339550307,0.732144551849,1.68933073529,2.57339577012,1.62655208856,2.36930377056,1.72799537063,2.04738432415,1.97238932547,0.222683737381,1.23808763182,0.831861635904,0.46580113802,0.540665437378,0.348252188986,0.717313133233,0.460444515191,2.01167470842,1.1432958825
sobol__0002490,105.34658882,36.46440519,5.04151927,27.06317518,8.06552269,5.71153277,31.40242587,1,usable,Converged with independently replayed constrained generalized-force equilibrium and small reserve torques,458.879048,0.0790999760798,3.53277940235e-08,5.65648486722e-13,8.31363319071e-06,19,0,0.159056059388,0.0100032711425,0.0100232956238,0.0100052502458,0.0629290060118,0.0100015861879,0.0342354099521,0.0100322834455,0.0672588113167,0.0282661005757,0.0100289151062,0.0100131558505,0.0100116585414,0.0100099525596,0.0104638455748,0.010004475102,0.0100028901559,0.0100032099213,0.0100452376152,0.0100452376152,0.0300579481886,0.0896876873963,0.137357092995,0.0739152049075,0.0385606892935,0.0376620873038,0.049050624496,0.0100032067487,0.0100093642099,0.010008087314,0.0102279349646,0.0100167927536,0.0100154817925,0.0100079167287,0.010003724651,0.0100053557089,0.0100055950782,0.0100067924627,0.0100054597523,0.0100050816019,0.010102997219,0.0256791194374,0.0187754988629,0.0102546809547,0.0145859624093,0.0101351103728,0.0100523106311,0.0100175408576,0.0100057695372,0.0100070463887,193.694748446,10.8730431621,2.01842114696,4.06227277304,67.6333622088,13.0631242684,8.72036946679,1.37532530586,26.8852329213,12.8231972423,1.08932749289,2.54542946894,2.35220605184,1.73316534211,1.49154348541,6.25779338824,6.3210184666,5.65065845107,0,0,7.65226618114,25.1567207896,161.709445245,19.101407246,11.0304006767,7.08963211265,9.30413310078,3.97734611865,4.12693216993,0.950720819871,5.12009281907,2.79564811237,0.689357013763,1.62145171038,2.48279967959,1.60462336609,2.31158959861,1.68192956289,1.9855943898,1.93035559858,0.234740024521,2.28065364925,1.39575676339,0.434986146426,0.815751493671,0.291934292856,0.553185016769,0.460695725613,2.00956432323,1.16525123337
sobol__0002498,81.44033882,39.51128019,15.58839427,93.07880018,54.31552269,-0.57752973,-16.41007413,1,usable,Converged with independently replayed constrained generalized-force equilibrium and small reserve torques,382.495616,0.0484748883854,1.42416987092e-08,3.12638803734e-13,8.4116507812e-06,12,0,0.143053154756,0.0388554421436,0.0100257049295,0.0100210231093,0.0976441335563,0.01000374727,0.0193957004112,0.0100151484413,0.0100206854655,0.0100068325156,0.0100133842063,0.0100103362296,0.0100105174832,0.0100109984182,0.0100328861603,0.0100149627768,0.0100130316946,0.010013223396,0.010030007585,0.0100452381911,0.0101999330574,0.0100214584341,0.0447813881862,0.0215622722554,0.0336582927796,0.0492181040017,0.0455836110124,0.0100031566477,0.010006235841,0.0100083204831,0.031982046757,0.0101488125039,0.0100182702847,0.0100097128859,0.0100059363677,0.0100087233559,0.0100085526691,0.0100104029431,0.0100084832412,0.0100084312654,0.0106550902011,0.0428617571799,0.0359608776468,0.0172814773473,0.0182182296516,0.0130801136565,0.0101155775362,0.0100242830284,0.0100079093488,0.0100108927214,173.833195342,40.7768650137,2.01709906605,4.99026480494,103.77121272,12.94567472,5.12125397041,1.39226199584,4.06857668758,5.23960883345,1.5150141442,2.5488324745,2.36912841071,1.73528021259,1.71898269058,2.56680480058,7.11048319123,6.966034136,2.66308798121,0,5.35584944429,3.16680168713,48.7776482592,5.3632614973,10.3278772336,12.4269745908,7.59669681628,3.93897307386,4.425942633,0.985535788785,15.6819575584,2.49942316343,0.69867617693,1.64393623394,2.58930327353,1.61935248365,2.36796847314,1.73052935166,2.09999798015,1.9742482667,0.312607194916,4.6645308934,3.35764834523,0.843330395104,1.09448095694,0.612249744335,0.743555410439,0.461059522912,1.62420328511,1.16782016653
sobol__0002506,115.19033882,15.13628019,6.21339427,101.20380018,-35.68447731,-7.14002973,-38.91007413,1,usable,Converged with independently replayed constrained generalized-force equilibrium and small reserve torques,478.444873,0.0365456987217,9.81967165359e-08,2.75808248756e-13,5.43993494592e-06,4,0,0.0925211395469,0.0100024549094,0.0100286296325,0.0100058257635,0.0354559132187,0.0100023224448,0.0289512202264,0.0101250722472,0.083496827031,0.0628466862792,0.010059552111,0.0100212633896,0.0100216675103,0.0100138100308,0.0190663139125,0.029275383154,0.010012600326,0.0100127608741,0.0100290128851,0.0100418479287,0.0100218045466,0.0573686809573,0.0470370446812,0.0360382440868,0.040425644263,0.0160306653936,0.0100133660836,0.0337506820179,0.010009753259,0.0101018703229,0.0168187741199,0.0100470602299,0.0100472789667,0.0100551958581,0.0101142459248,0.0100954893681,0.0100334926655,0.010043240554,0.010067954629,0.0101554423966,0.0100372887476,0.0100238475507,0.0100404337118,0.0100485673384,0.0100310104826,0.0100485852103,0.0100350359226,0.0100572329358,0.0100411808665,0.0100754383012,99.0383159742,11.0182776944,2.01708002694,4.38368337463,37.7933899476,13.0605756044,7.39111549964,1.3382014705,34.3068304406,29.9142692228,0.816001453433,2.3455814594,1.64777482911,1.66992235279,2.92488181356,11.4472379953,7.16925444376,7.04453354365,2.73811103619,3.69783869142,5.01376197879,15.2728122228,50.1299984455,8.49394508936,8.44934239877,3.84121711327,1.68510090658,13.68221899,4.65770918397,1.02027858426,9.3449506739,2.77891488682,0.72544320953,1.70220477082,2.37488071348,1.4040143418,2.13191355877,1.62864365314,2.13834420936,1.86225063562,0.346637685026,1.09433840736,0.946244855874,0.472711421599,0.678372085991,0.474796752717,0.863394811128,0.462583731264,1.17482780779,1.16688295099
sobol__0002514,87.06533882,27.32378019,85.90089427,15.89130018,19.31552269,15.82872027,39.83992587,1,usable,Converged with independently replayed constrained generalized-force equilibrium and small reserve torques,538.823236,0.0402852883448,1.45256713324e-08,5.25801624462e-13,1.21966368632e-05,19,0,0.085353432099,0.0100099483654,0.0100180891403,0.0243376049586,0.0100069606411,0.010005022496,0.0100452373753,0.0101082447095,0.0527977595698,0.0361231777932,0.0101881669088,0.0100560471952,0.0100398637343,0.0100287811099,0.0152403988311,0.0100066442963,0.0100063325837,0.0100076120836,0.0100452373753,0.0100452373753,0.065726947904,0.039021741777,0.0600018402351,0.0206019295471,0.0151254980239,0.042483719056,0.081898435401,0.0100017235526,0.0100054293925,0.0100049747705,0.0255301320967,0.0100570279614,0.0100094562017,0.0100044787238,0.0100025374375,0.0100037155459,0.0100038364037,0.0100046823657,0.010003752632,0.0100035445258,0.0126061407478,0.0530404275113,0.0383452831531,0.0185378966385,0.0283689146966,0.0107421691291,0.0100461442303,0.0100134693628,0.010003414136,0.0100046897947,103.25430264,10.760976733,2.00240731501,11.6476651094,6.25899112053,12.3612244495,0,1.32325292516,21.3113030645,17.6119966844,1.25128746994,2.13289056876,1.47059867664,1.64973460053,2.39117929252,5.4093062932,5.74398227911,4.62373758005,0,0,27.0697727232,9.92671161658,70.5012187063,5.02176385053,3.60136193332,6.46284328763,15.7933646924,4.00136104579,2.94849685585,0.948575123602,12.7122619682,2.73817707245,0.677619353579,1.60841454833,2.45075247361,1.58868028668,2.27679497127,1.65872873456,1.9591584408,1.91328302535,0.318736443521,4.83041070134,2.85882804449,0.758919584023,1.67954605944,0.259256988158,0.438816936676,0.437723033596,2.01057640313,1.16746956283
sobol__0002522,98.31533882,51.69878019,-54.72410573,56.51630018,-70.68447731,22.39122027,17.33992587,1,usable,Converged with independently replayed constrained generalized-force equilibrium and small reserve torques,656.552454,0.0769071353611,1.05052855304e-07,6.70339497535e-13,7.86034015188e-06,17,0,0.184276203632,0.0530797983437,0.0100158186531,0.0346565556837,0.135427860034,0.010003223426,0.0128493268067,0.0100102558136,0.0100165295299,0.0100050113919,0.0100078933463,0.0100075543667,0.0100066447056,0.0100075169461,0.0100179404248,0.0100054507912,0.0100088230551,0.0100089867163,0.0100340297552,0.0101023038732,0.0624998507454,0.0100452094987,0.0523170323027,0.0265606015016,0.0100108225318,0.0147534533099,0.0697060550676,0.0100034902665,0.0420189282888,0.0100086723178,0.0100928056725,0.0100388852435,0.0100238588457,0.010013207829,0.0100060571522,0.0100084825639,0.0100119971152,0.0100130498927,0.0100099811094,0.0100082702542,0.0107565581139,0.0377802222406,0.0253097057158,0.0112622855117,0.0225455455256,0.0101449893082,0.0100282444303,0.0100156340271,0.0100053148393,0.0100063651533,222.431849845,57.9961472239,2.01625969573,16.9023872126,129.335830895,8.06624664468,1.90894679821,1.43955138444,4.23541814687,5.91543651137,2.5207164549,2.65877752542,2.84905064821,1.80234405708,1.71009477253,3.1767722998,6.74544985153,6.59319233159,0.96266638586,3.44905214412,29.9236954512,3.18231983848,61.1544197853,7.32593379455,3.14100648175,3.25509592114,13.4395914531,4.08039718602,15.2618808842,1.01041705404,3.40531151195,2.39610894384,0.711554089309,1.66624356802,2.58945452012,1.62173283572,2.37046493022,1.73087796683,2.07606983707,1.97441055173,0.302133853662,3.84098928289,2.10233668589,0.511656139905,1.43736222013,0.353661068152,0.566341534015,0.395879914849,1.80470117282,1.09091996313
sobol__0002530,78.62783882,4.98003019,-28.94285573,30.11005018,71.81552269,13.09434527,7.96492587,1,usable,Converged with independently replayed constrained generalized-force equilibrium and small reserve torques,463.840947,0.0334193466276,6.26611909027e-08,1.20792265079e-13,8.77836825644e-06,2,0,0.0331839869538,0.0354148390986,0.0100876302142,0.0106904021171,0.0229821694237,0.0100563816054,0.0101427157763,0.0100765886854,0.0100876778688,0.0100395956107,0.0100696916,0.0100692222724,0.0100786325657,0.0100691023596,0.0101166253998,0.0100088277236,0.0100118218175,0.0100127355852,0.010137807284,0.010137807284,0.0120868579051,0.0103388450195,0.102047556493,0.039743760312,0.0361157177338,0.0477276370199,0.0578731724779,0.0100086805174,0.0100191900445,0.0100210340175,0.0644081364069,0.0102861082583,0.0100455379257,0.0100241134097,0.0100134412018,0.0100199441379,0.0100206229329,0.0100250223874,0.0100206512958,0.0100195466274,0.011147898703,0.0435770866263,0.0311304690009,0.0157340517001,0.021070530468,0.0130309480637,0.0102151993602,0.0100628461644,0.0100199839351,0.0100263962597,27.7338944328,38.8189987219,1.97830907987,5.33617534148,23.9820442864,13.0921175342,2.43157731396,1.35208207876,4.36899688435,5.92115006746,1.5304753485,2.43172542489,1.70016522392,1.67498135255,1.83113863447,6.98792875956,6.39600582252,5.89546218074,0,0,1.73772070706,2.0355462568,120.146713031,10.120433489,10.3281330754,9.71066852899,11.1588423145,4.07970754833,4.49632527894,1.01210955666,35.7765509081,2.09654727002,0.746970013676,1.70574551944,2.57992088451,1.62817521499,2.3699865711,1.72919027021,2.04550061798,1.97600881567,0.317732616692,4.62192937596,2.67329691783,0.7471218298,1.38636934235,0.490888006549,0.559334340427,0.446925342608,1.87249612344,1.16196145014
sobol__0002538,112.37783882,45.60503019,55.43214427,38.23505018,-18.18447731,24.03184527,45.46492587,1,usable,Converged with independently replayed constrained generalized-force equilibrium and small reserve torques,477.260812,1.1541900758,2.98800774345e-07,1.03867610142e-12,0.000169244111098,24,0,0.19715306431,0.0100007745849,0.0100212251061,0.0100012658576,0.0100021147557,0.0100004769708,0.0641852600355,0.052246272766,0.287255643266,0.0100040750963,0.0100054824769,0.0106151909505,0.010012108135,0.0100043684477,0.0128780657243,0.207639917807,0.0100022381565,0.010002317783,0.0100452380219,0.0402494834132,0.0195488516182,0.155640196573,0.187917187755,0.117075082154,0.0100004244089,0.0100013988755,0.555417432532,0.0100003948593,0.663656888643,0.010000975881,0.0101946241072,0.0100145861833,0.0100174819802,0.0100043268835,0.010000748315,0.0100009987007,0.0100047686995,0.0100033989562,0.0100018621509,0.0100009248401,0.0969602674209,0.251219293331,0.19285185407,0.04367602278,0.208777579842,0.0100177413979,0.0100024899774,0.0100010695512,0.0100002770607,0.0100003327436,234.106614925,10.7388642725,1.96048638015,4.95428524626,7.87223272542,12.8394662575,17.2900288063,7.06679309911,88.1179041492,3.89036483018,1.07128423852,2.64801885405,2.29104081733,1.73160996167,1.76147485356,104.14461554,6.52202154732,6.28735847872,0,15.2780561047,8.95093651922,49.2507063774,221.245553752,31.8585711058,2.64711567849,1.62344589383,106.862111341,3.92691271072,89.5584512758,0.937400921172,4.56598351992,2.85070970315,0.594588363348,1.57491747371,2.47509715725,1.60467815317,2.28270657439,1.6640601814,1.97071161581,1.93204366101,2.30240969058,20.9136899045,13.5099168593,1.65024297358,11.3526879962,0.222563392485,0.411035124506,0.389061450468,2.00998515478,1.15896285816
sobol__0002546,95.50283882,57.79253019,-14.88035573,74.79755018,36.81552269,1.06309527,-48.28507413,1,usable,Converged with independently replayed constrained generalized-force equilibrium and small reserve torques,400.241084,0.0541048873745,2.14632862594e-08,4.23128713301e-13,3.21972238161e-06,7,0,0.161984474045,0.115290643183,0.0100205746753,0.0158037278898,0.0559824748233,0.0100318209954,0.0100478005037,0.0100127390283,0.0100090842483,0.010003489672,0.0100057891455,0.0100103710923,0.0100093970015,0.0100105169084,0.0100156521251,0.0100093828258,0.0100135290946,0.0100137349999,0.0100312961341,0.0100452377241,0.0136526789528,0.0100069019019,0.0398328501114,0.019688095408,0.0435232544023,0.0107069066986,0.0100120329749,0.0163834917655,0.0100090258449,0.0100517847473,0.0518094440892,0.0155414376067,0.010037087739,0.0100339050372,0.0100709863887,0.0100776440545,0.0100298187249,0.0100372910571,0.0100509573957,0.0101080020858,0.0100402740762,0.0100307005913,0.010047523696,0.0100546397968,0.0100301660006,0.0100454435197,0.0100394125066,0.0100640460284,0.010045121479,0.0101025703231,186.63653367,122.051594356,1.9906183849,6.48594528774,59.1557815696,12.1384247669,2.47633933812,1.43846464619,4.11714690271,5.84951603221,2.73378476759,2.64504783402,2.83758232622,1.80076448019,1.75039959721,2.49969788529,6.93530300256,6.7873267105,2.37308426864,0,6.00031195898,3.13008876495,45.1501732729,5.222733107,13.5553973549,2.59179291388,1.92324935914,6.65345129318,4.80075063321,0.897827955002,27.51610937,4.06445246898,0.755776756637,1.71777720069,2.44363499371,1.44932141406,2.21970915021,1.67320758097,2.13473335234,1.89029592077,0.383624781104,1.07003854304,0.933918388477,0.468311623329,0.724268847413,0.470716703405,0.836583829025,0.460801250402,1.00922204362,1.11266487301
sobol__0002554,106.75283882,17.16753019,50.74464427,115.42255018,-53.18447731,-9.87440473,-10.78507413,1,usable,Converged with independently replayed constrained generalized-force equilibrium and small reserve torques,548.267413,7.57048415652,2.36725226088e-06,2.82656868939e-12,0.000487511268646,21,4,0.0100053533592,0.0100010688001,0.0442312223471,0.0100017316313,0.207692495412,0.0100010083595,0.104706250336,0.0147712318789,0.118226972475,0.124264177909,0.0245867577809,0.0100125115887,0.0100180922231,0.0100113939899,0.0274870555747,0.314099253973,0.535969226344,0.53459585566,0.131567830944,0.9999996251,0.594985651721,0.355537255411,0.0100004985618,0.0100001311859,0.999999905958,0.999999919827,0.0100000833294,0.999999655456,0.0100000228802,0.010000937308,0.0100000989176,0.0100005233856,0.010000490528,0.0100002348487,0.0100016237232,0.281860904739,0.0100002239952,0.010000458567,0.0100010858224,0.656773191103,0.0100029888195,0.0100003859446,0.75785038656,0.798317508376,0.0100006326069,0.432271707375,0.0251556644274,0.407682183161,0.0100003074322,0.484314716204,11.3331707261,10.954756583,8.90910202438,4.98435345308,158.287400564,12.5740659502,28.1994983275,1.91615642612,47.4927343067,55.1920893328,2.52761902545,2.14136318894,1.39483050851,1.64411554271,4.14571818634,77.8239273096,384.496188804,382.528294314,37.2568781973,354.70424846,218.147445582,54.7966056713,9.5770448255,1.57111666519,190.479086926,251.848241799,1.39782354592,381.910484796,4.28754021665,0.947711598084,5.52294686178,2.57485953366,0.658918566316,1.61871202435,2.57005393092,43.7404882222,2.32800103366,1.72094018813,2.12227544815,128.808592244,0.278294959744,1.06201633699,70.8569346723,38.9560041234,0.557633529075,20.2196788274,2.08007576418,18.7513433017,1.71258002655,56.5160370969
sobol__0002562,84.42862007,33.03667081,-21.4721526,116.81903455,-56.77822731,-7.72108441,50.26961337,1,usable,Converged with independently replayed constrained generalized-force equilibrium and small reserve torques,471.382043,0.0413836533714,1.21937234532e-07,2.50060937622e-13,7.75002123028e-06,5,0,0.111476638127,0.0657367715201,0.0100230125181,0.0115121442193,0.0532145864038,0.0100093918846,0.0100743157376,0.0100168089075,0.0100184143475,0.0100063650503,0.0100117522511,0.0100131431881,0.0100130477031,0.0100133556437,0.0100265542546,0.010014181591,0.0100208161055,0.0100208353116,0.0100350427215,0.0431535527924,0.0575265530565,0.0100706048829,0.0189959547845,0.0100085172357,0.0838112429637,0.0607110153447,0.0100075169538,0.0100236073849,0.0100452375635,0.0100452375559,0.0100057322725,0.0100175925355,0.0100452375635,0.0100195516498,0.0100370213351,0.0100915707105,0.0100132868532,0.0100193712635,0.0100250350545,0.0136570259807,0.010036992811,0.0100358021849,0.0100570752769,0.0101367828142,0.0100281806101,0.0101260229623,0.0169058062712,0.0191857411727,0.0100119000262,0.0293797533592,135.713459046,70.7691047342,2.0187976249,5.64127574938,55.8416052677,12.8990473505,2.46357614519,1.39816789011,4.21618453492,5.78168618368,1.83609046495,2.5766263424,2.46506757856,1.73767286205,1.71183558969,2.20558144108,7.18879458614,7.17654995108,2.84190027996,15.1950799662,26.4506874093,2.29055327488,17.7278309265,1.5272123798,25.6420606205,11.7183401657,1.15248573582,1.64399133002,0,1.48587390076e-07,5.53531461319,2.536718803,0,0.746795669437,2.43276001632,1.5835714932,2.27954524506,1.65655216586,1.95322759869,2.56757870251,0.146617211087,0.574719870584,0.545587251618,0.357267830457,0.355601277506,0.261414691818,1.08105242307,0.868033147353,1.89503653028,3.20156703519
sobol__0002570,118.17862007,8.66167081,44.1528474,76.19403455,33.22177269,-1.15858441,12.76961337,1,usable,Converged with independently replayed constrained generalized-force equilibrium and small reserve torques,552.223284,0.147699690056,3.50493110091e-08,7.81597009336e-13,4.5660214309e-05,17,0,0.0100020535235,0.0100008711801,0.0203862965895,0.0100056297375,0.0100015077627,0.0100026072956,0.0116712387453,0.122553502724,0.202635859513,0.0658189274473,0.0100118371123,0.120267006696,0.066979022423,0.0481444792324,0.0493081477484,0.158394723731,0.0100137844408,0.0100140201293,0.0100379192126,0.0100648884495,0.0305775251193,0.0866184778963,0.0636258705777,0.0353497348989,0.0463231182976,0.0583918741459,0.0639205741852,0.0100029044549,0.010005828317,0.0100079131355,0.0797392475464,0.0239081718864,0.0100159286393,0.0100075878798,0.0100043498814,0.0100065099956,0.010006453622,0.0100079886341,0.0100065794497,0.0100061892799,0.0111403831831,0.0502531934239,0.0376557793976,0.0196682249599,0.0216718208756,0.0141979391821,0.0101374621628,0.0100244684836,0.0100074087747,0.0100096592202,9.86812057037,11.0035140342,4.1047998659,4.92216860185,7.88737540288,12.5737636868,3.13322071342,15.6815219997,83.0344850738,32.5848792604,1.37518813311,24.5615341517,8.01903704227,7.73742091076,8.03984176087,69.8221070385,6.94909500217,6.80116004565,2.43446458051,0,15.4206854491,27.4308732714,71.9202693674,9.32412635972,15.3000214857,13.8799122895,9.98339007436,3.80285143235,4.08964484774,0.926489273077,42.4225912054,6.3058529266,0.659829523892,1.59469366081,2.55473064425,1.6256617069,2.36660479237,1.72386770252,2.03434882416,1.96757188639,0.244201301725,4.42896649751,2.85862083583,0.888396208619,1.09209006673,0.527889495264,0.656489614577,0.461105548006,2.01067174588,1.16603162203
sobol__0002578,90.05362007,28.97417081,-26.1596526,39.63153455,-11.77822731,21.81016559,-13.48038663,1,usable,Converged with independently replayed constrained generalized-force equilibrium and small reserve torques,408.024179,0.053458491077,8.65210836309e-08,3.44589054883e-13,2.42837370617e-06,5,0,0.139863311643,0.0647821579333,0.0100184342394,0.0101658342592,0.072603089416,0.0100054062104,0.0102186860662,0.0100144545513,0.0100210761131,0.0100062658833,0.0100118955066,0.0100108080689,0.010010846251,0.0100109644387,0.0100307010794,0.0100030666353,0.0100043923332,0.0100045278002,0.0100452377254,0.0100229231088,0.0604792830451,0.0233031535548,0.0918286773779,0.067469537778,0.03177044804,0.0130733930451,0.0100523470091,0.01139434763,0.0147053664311,0.0100497497396,0.0434054452511,0.0100928419382,0.0100614987351,0.0101074944036,0.0100266019126,0.0100316595446,0.0100314234872,0.0100336837765,0.0100313960917,0.0100307816098,0.0100489953061,0.0100610039777,0.0100602871802,0.0100513169426,0.0100491626482,0.0100583752864,0.0100496485327,0.0100420565158,0.0100302926981,0.0100350807039,168.762867274,70.5514260232,2.01764672015,4.947596005,75.4662958767,12.5119292041,2.44813549254,1.38886652942,4.22554010545,5.7423896603,1.63592679526,2.56561597215,2.37852331696,1.72958856287,1.65064009325,5.65086481012,6.54245351785,6.32626170864,0,3.80363135015,20.1278167516,6.91359902594,108.113428723,18.4598585815,10.4370618627,3.29642758463,1.89214601744,4.40506569626,6.58321412814,0.922153157967,20.7339701518,2.87339506659,0.756005043475,1.7298764635,2.58927204338,1.56175091262,2.3748243783,1.7346110633,2.11719800079,1.96072042069,0.372171806275,1.09250905266,0.949684035712,0.490423521231,0.72744691613,0.471353083898,0.678264755893,0.394709570589,1.37461076451,0.999628124636
sobol__0002586,101.30362007,53.34917081,58.2153474,31.50653455,78.22177269,15.24766559,-50.98038663,1,usable,Converged with independently replayed constrained generalized-force equilibrium and small reserve torques,505.980635,0.181274553668,1.00330694863e-07,3.53413872175e-13,1.98543781901e-05,17,0,0.203575361148,0.0100009980553,0.0100394020731,0.0100010992411,0.02515687297,0.0100005296847,0.107769022942,0.013629588827,0.144544099748,0.010014699255,0.0100097648897,0.010011301067,0.0100073377802,0.0100055498526,0.035155492962,0.118520978956,0.01000226734,0.0100024228964,0.0100452385787,0.0100452385787,0.0100018529916,0.0100305725097,0.179873859168,0.0211805448192,0.0100452385787,0.0685829841158,0.0100115785663,0.0100044149713,0.0100035427783,0.0100128979349,0.215080774419,0.0247853956088,0.0100153144773,0.0100074760677,0.0100057849252,0.0100095037665,0.0100083412994,0.0100100617834,0.0100082667943,0.0100096345641,0.0138261794382,0.0370314746751,0.0369695208096,0.0174961450767,0.013284374822,0.0145556725451,0.0103778128831,0.0100377708228,0.010013177476,0.0100177827695,233.625035904,10.4855325106,1.88401542041,4.99236725752,20.6664322632,12.6239054608,29.0179057695,1.88177042715,46.4767420013,4.33036480063,1.39859539316,2.5509524396,2.55461289769,1.75052430108,5.27633283822,53.8843279567,6.41658614703,5.9847598453,0,0,3.09352594129,2.267985799,211.77775438,5.40110636461,0,17.1725134882,1.88155327312,2.49650900079,4.76209904071,0.458148379586,118.918150475,4.73843216563,0.610872545556,1.57720558088,2.37539593701,1.3967686074,2.28368087874,1.69097920626,2.12565830968,1.83246610379,0.544750051747,3.7626851897,3.35623522456,0.809561207386,0.952376094547,0.674667829133,0.829823615845,0.41595393533,0.866752609014,0.962695693565
sobol__0002594,75.99112007,2.56792081,83.9965974,53.85028455,-79.27822731,24.54454059,-41.60538663,1,usable,Converged with independently replayed constrained generalized-force equilibrium and small reserve torques,444.546136,0.438898869143,6.80456384572e-07,8.7015322896e-13,5.77687053645e-05,25,0,0.010000440252,0.0100008106351,0.184093318205,0.0100016970044,0.0100074084031,0.010002612475,0.0100452377814,0.102942279524,0.0100013449239,0.010001566674,0.0100012290909,0.108671021678,0.0587210945444,0.0979456427619,0.0100054351628,0.272177934136,0.0100079549486,0.0100081094458,0.0100352025376,0.320974825428,0.146180698818,0.0956482057975,0.0561641187611,0.0100011988789,0.0100452377814,0.0343770847783,0.268852724886,0.0100011406983,0.185689130626,0.0100045245604,0.0100016139773,0.0100048486069,0.0100093565669,0.010003857448,0.010003017637,0.0100045412553,0.0100222873446,0.0100128127292,0.0100060982918,0.0100046165689,0.0549223665818,0.146495406362,0.102977216067,0.0261604271416,0.101814517217,0.0398735292022,0.0100174642888,0.01000794012,0.0100044075328,0.0100033875912,8.28197934532,10.9921730166,37.0781608673,4.95134173399,5.44427453924,12.474907554,0,12.5027061601,4.23324904372,5.86504170409,3.08585755939,18.932443045,4.81998212504,14.6356671187,1.79208837611,121.70227011,6.7155785844,6.56069696634,0.734993239939,106.210987858,76.5339659322,30.2966665321,65.852470161,2.74855990794,0,8.50224620779,49.4965734838,2.64666242663,87.8356598795,0.496451187541,2.97632180031,2.31323558888,0.722817828283,1.67760291148,2.10034342401,1.20545332616,2.20998638902,1.62949412049,2.12453032805,1.62766205219,2.16393564849,14.9587482201,9.41697124305,1.22718181278,7.30654065734,1.85906167832,0.83962499168,0.374655184419,0.896512894559,0.885230726284
sobol__0002602,109.74112007,43.19292081,-56.6284026,13.22528455,10.72177269,13.60704059,-19.10538663,1,usable,Converged with independently replayed constrained generalized-force equilibrium and small reserve torques,512.340146,0.110117149905,2.15197477615e-08,9.16600129131e-13,3.74939087991e-06,7,0,0.177988159132,0.0100028804555,0.010017403844,0.0432851590829,0.227971773931,0.0819961621868,0.0223573037774,0.0100129257943,0.0525386548583,0.037252847525,0.0100770328812,0.0100074316301,0.0100061837146,0.0100063476257,0.010056204004,0.0100030111008,0.0100050194132,0.0100061661213,0.0100452379057,0.0100452379057,0.0100329433729,0.0364014985156,0.0806341827544,0.0248031865503,0.0233163183902,0.0144847283856,0.0100311240554,0.0107274282413,0.0100289005098,0.0100464111894,0.0169302645626,0.0100320576979,0.0100519971804,0.0100673003149,0.0100276810296,0.0100324706977,0.0100313619097,0.0100339141845,0.0100315346357,0.0100319590223,0.0100412569963,0.0100357106993,0.0100398574764,0.0100424400034,0.0100395541089,0.0100514058166,0.0100513025968,0.0100445997874,0.0100358856107,0.0100411249939,216.805775839,11.0336604948,2.01770113487,21.3864585386,213.558287356,68.5974335014,2.70772726543,1.42316952103,22.0563793207,21.2858828869,1.75410057155,2.63199671111,2.7843473521,1.77914031871,1.50831886919,5.78156783338,5.52201394735,4.36954013227,0,0,1.56306274573,8.7515641985,94.611162847,5.99272919447,7.20548829459,3.64537876621,1.88267079147,3.62130073924,4.74375240196,0.803742271372,7.7796732295,2.78398805207,0.753863053368,1.72205211434,2.5910427177,1.57920645141,2.3736662268,1.73440368493,2.11797389591,1.96808134161,0.388373369713,1.06758335894,0.947058682435,0.484148791051,0.726859082541,0.473873575022,0.723474951496,0.435349681413,1.43236906752,1.09068372877
sobol__0002610,92.86612007,63.50542081,23.0590974,98.53778455,-34.27822731,-9.36170941,22.14461337,1,usable,Converged with independently replayed constrained generalized-force equilibrium and small reserve torques,382.311622,1.80452929085,4.68956987021e-07,1.33797302914e-12,7.45835553646e-05,21,0,0.184203332313,0.0100057636614,0.0100234595525,0.0100033274646,0.142254110559,0.0100011756084,0.0592861676441,0.0100139779528,0.0100110283935,0.0100043171701,0.0100067062781,0.0100080703161,0.01000666515,0.0100076686491,0.0100454925701,0.0568324285306,0.34527767207,0.338716421901,0.0733184775148,0.476670734429,0.0727424674619,0.0831659958037,0.0100007066777,0.0100004116968,0.697378681992,0.684241596525,0.0100007044452,0.343411605323,0.0100003825262,0.0100371721167,0.0100004305366,0.0100018715765,0.0100073516697,0.0100025205254,0.161261199814,0.165717501601,0.0100034809611,0.010011870412,0.058883638927,0.241624385713,0.0100096560068,0.010003862294,0.010080824127,0.0522890437507,0.0100041776327,0.0416621338584,0.106657110573,0.121301530926,0.01000360494,0.209066562107,204.322287459,10.2480082909,1.89968669091,4.86815295793,151.255394541,13.0476174544,15.7847046385,1.43596541778,3.96378134817,5.73909536242,2.74795939625,2.62508881736,2.8337020451,1.7975950079,1.79135508539,6.56012391004,246.724683661,237.436732376,19.835347248,176.10046429,34.9619939335,24.4507882957,10.741027415,2.43114542087,216.16045489,169.589735162,1.27339210809,121.332320406,2.8425468942,0.716836532589,5.56602584648,2.78234438451,0.358505010912,1.53445192074,41.2476585639,26.9248696485,2.36744342023,1.72657549656,12.0031608017,47.4997469969,0.189709563707,0.785360758307,0.723234626372,2.32484411845,0.438424396245,1.50707332325,7.75215870339,5.54619359125,2.01051657712,23.792838488
sobol__0002618,104.11612007,22.88042081,13.6840974,90.41278455,55.72177269,1.57579059,44.64461337,1,usable,Converged with independently replayed constrained generalized-force equilibrium and small reserve torques,492.532968,0.0813081531964,1.73210992216e-08,1.03028696685e-12,3.39230385956e-05,15,0,0.122109281758,0.0100030384422,0.0100269199662,0.0100055384427,0.0561750032002,0.0100019973325,0.0328891289723,0.0100495515498,0.072993800615,0.0493474191039,0.0100510830648,0.0100158108176,0.0100163270171,0.0100123686872,0.0157160045929,0.0224204256587,0.0100113006182,0.0100114783958,0.0100281146826,0.0100452376391,0.0100104026597,0.0471151402069,0.0541713237799,0.0287486884976,0.0376098556859,0.0824993550744,0.145462756546,0.0100010581654,0.0100177537074,0.0100071812872,0.0346153385542,0.0101369030044,0.0100425793133,0.0100024990917,0.0100009882972,0.0100014686692,0.0100014824596,0.0100018405961,0.0100014621781,0.0100013671161,0.0178512209461,0.079650386138,0.0640743737442,0.0318210422986,0.0439722979654,0.0189421652775,0.0100406621649,0.0100060467345,0.0100016959995,0.0100019478079,146.897939992,10.924510568,2.0195872312,4.46563548007,58.3389941894,13.0450834575,8.52880440507,1.34460524134,29.5353732386,21.9687283603,0.794466759636,2.42009351593,1.84790757364,1.69367106762,2.32984750323,8.63536586232,7.08465983774,6.9387355185,2.63791187344,0,5.07322643213,14.7025794681,59.3816765473,7.25211276146,12.4270519205,13.742754875,19.5045682143,2.6090279384,0.245889613813,0.250386377685,17.1516433678,2.47216178739,0.00408624023448,1.08257862069,2.38677490302,1.54763455928,2.24912299984,1.63550577559,1.91879897261,1.86098166446,0.280250516304,4.79258223519,3.47634739655,1.06250639782,1.69145396196,0.457651507723,0.489895546172,0.460249524969,1.93499416029,1.13087470333
sobol__0002626,83.02237007,19.83354581,26.5747224,24.39715955,1.97177269,3.48985309,-29.41788663,1,usable,Converged with independently replayed constrained generalized-force equilibrium and small reserve torques,636.128895,0.0507048901399,1.30009176758e-08,1.7297250668e-13,6.15384336228e-06,7,0,0.113134094022,0.0252944424961,0.0100240349417,0.0100304824588,0.0440668025589,0.0100072949432,0.0101518315926,0.01002062362,0.0157531771876,0.0100452103591,0.0100400071641,0.0100154197978,0.0100174719484,0.0100156938061,0.0100650654547,0.0100031792834,0.0100035682511,0.0100040624603,0.0100452378418,0.0100269409523,0.0433631389298,0.0399487899143,0.109224749367,0.0527327902886,0.0100452378418,0.100923730838,0.0100050080335,0.0101870640586,0.0100019672718,0.0100245523935,0.0444084932023,0.0100730200589,0.0100183216252,0.0100113604166,0.0100103720874,0.0100186578145,0.0100075253644,0.010010799468,0.0100113435951,0.0100199079212,0.0100398120871,0.0100382333885,0.0165756593956,0.0133891624956,0.0100237294948,0.010281237697,0.0129305504644,0.012377190239,0.0100177112589,0.0207104403423,133.410374162,27.1972848916,2.01901633557,4.98338929805,41.8907502588,12.7015588688,2.70650228925,1.33941243836,6.44443602613,4.87440895329,0.984428455208,2.33905071789,1.71067033313,1.6766914063,1.67621548279,6.24911475724,6.24058287634,5.41876496611,0,3.55667464016,13.3882079055,10.9141191388,128.571519299,13.4295423881,0,25.4541819664,1.92863832271,3.4948168781,4.79807888998,0.756763771986,20.8198463449,2.84594257484,0.722456276071,1.7018794133,2.54753369867,1.51157629848,2.33076641129,1.7199450649,2.12555927422,1.9330088058,0.379353677444,1.07119719013,1.55627421224,0.635154674673,0.725541888848,0.486290773011,1.05121166336,0.567386618447,1.35545687271,2.37748138241
sobol__0002634,116.77237007,60.45854581,-1.5502776,32.52215955,-68.02822731,-3.07264691,-36.91788663,1,usable,Converged with independently replayed constrained generalized-force equilibrium and small reserve torques,512.88065,0.130326786216,5.12009163955e-08,3.69482222595e-13,8.582338934e-06,10,0,0.229334002844,0.0100017929731,0.010027991205,0.0100028523564,0.05207030344,0.0100006750472,0.0608101311006,0.0100382036001,0.180536567034,0.0600815158306,0.0100049128367,0.0100117945978,0.0100068672752,0.0100052193602,0.0100129220947,0.0100091728633,0.0100027693653,0.0100029359794,0.0100452378215,0.0100226785649,0.0100045618199,0.0534049456722,0.146251988293,0.0628252639611,0.0100452378215,0.0236632664856,0.0100163707067,0.0341262209,0.0159824149228,0.0100950178436,0.032315504061,0.0100650527594,0.0100894619688,0.0135631543253,0.0100406571256,0.0100444299772,0.0100326705737,0.0100370212322,0.0100387357842,0.0100444422337,0.0100377061984,0.0100263435836,0.0100354243364,0.0100425988218,0.0100317591758,0.0100518924607,0.0100460527234,0.0100483096458,0.0100333775939,0.0100451272093,260.360275155,10.7837271036,1.97028733749,2.86000113596,55.9816810551,10.9213443584,15.0213681516,1.42937378673,70.7882886288,32.366910692,2.31411327084,2.63492670527,2.83279749267,1.80400912251,1.63206088903,4.80573500419,6.43492788908,6.04737399217,0,3.44468357101,3.25194942495,16.452431258,172.192676881,16.0485676674,0,5.78492989162,1.93026070313,9.72916016375,6.6411187667,0.541912970142,7.864119943,2.42797682739,0.575871823647,2.04070661985,2.25292435918,1.33055862944,2.10666258683,1.60023122452,2.13186543369,1.77609224723,0.379956081345,1.06930464945,0.930232416617,0.466864201956,0.725650108124,0.475312217429,0.876516882941,0.462042392846,1.2274152891,1.16070421224
sobol__0002642,88.64737007,48.27104581,78.1372224,77.20965955,46.97177269,11.14610309,34.33211337,1,usable,Converged with independently replayed constrained generalized-force equilibrium and small reserve torques,671.514839,0.14131676245,5.37215854024e-08,5.47117906535e-13,2.32139309324e-05,17,0,0.117279052366,0.0100010407001,0.0171194681197,0.0100014023695,0.148523307486,0.0100010613724,0.0652620490104,0.011049953309,0.15698010632,0.122975416645,0.0160367539534,0.0100126496342,0.0100129398921,0.0100103016947,0.0458513054779,0.0891148424125,0.0100159076926,0.0100161305369,0.0100333920572,0.0100452375917,0.0100016768134,0.068728562515,0.0317803576299,0.0100456261459,0.0279193081776,0.0807934155474,0.131243305824,0.0100010058328,0.0100073629217,0.0100034801781,0.0615776381779,0.0195132333361,0.0100106240223,0.0100026596734,0.0100014646499,0.0100021860404,0.0100022164917,0.0100027458083,0.0100021985887,0.0100020840309,0.0184111984554,0.0805257902841,0.0608929241973,0.0310060942311,0.0416080902359,0.0197993659716,0.0100584414516,0.0100089291443,0.0100021600815,0.0100029126165,138.642045127,10.4462312566,3.22534407533,4.76556379397,112.275396813,12.2213010545,16.60807824,1.50599112094,57.5121093799,51.982325037,1.68777493017,2.47909217903,2.2343982303,1.72101130851,7.30220584803,18.0717532058,6.96047379761,6.81252224745,2.46580921609,0,5.24803545943,21.7731918617,35.8501074636,2.65240232899,9.41708605325,14.294245022,21.5939537761,3.6652536521,1.04519468872,0.746466166299,32.0999940273,4.96574321504,0.306715715156,1.485484752,2.4571052601,1.58938194728,2.28831464011,1.66615495383,1.96502388997,1.91245549678,0.364302043114,5.89834604629,3.82988877902,1.13029713039,1.96163486783,0.526906400275,0.46566110901,0.456107104636,2.010259633,1.16726659049
sobol__0002650,99.89737007,7.64604581,-43.7377776,117.83465955,-23.02822731,17.70860309,26.83211337,1,usable,Converged with independently replayed constrained generalized-force equilibrium and small reserve torques,452.208714,0.0274230218578,3.68971724285e-08,2.38935300045e-13,4.64259946955e-06,7,0,0.0724669062054,0.0405929905299,0.0100163684091,0.0100506806181,0.0453058256582,0.0100072509053,0.0100718482818,0.0100165846094,0.0100580265756,0.0100124395345,0.0100168819625,0.0100130908723,0.0100147202578,0.0100130408459,0.0100568744569,0.0100074605098,0.0100082412497,0.0100082496359,0.0100213127747,0.0100266466929,0.0718510205176,0.0248608754569,0.0708062330697,0.0245500771919,0.0189281873921,0.0100753399607,0.0336044706696,0.0100082305789,0.0100452377842,0.0100255319367,0.0353102468102,0.0100706535527,0.0100452377842,0.0100235594389,0.0100089987167,0.0100121871528,0.0100146447758,0.0100163538149,0.0100133857554,0.01001165241,0.0100890345246,0.0185091085404,0.0127604951009,0.010106118452,0.0105735749139,0.0100644633906,0.0100364136484,0.0100224084764,0.0100084431826,0.0100102832266,57.3434084674,44.7372312409,1.96076029954,5.01709606418,45.4173333503,11.8487406255,2.01248511787,1.35434441148,4.37905534057,5.94595704051,1.68357506995,2.48161577899,1.85745685222,1.68127171894,1.78426454874,3.32815632772,7.17977914996,7.1708754974,2.8380352671,3.798045103,34.5319257778,6.27459712998,64.742819319,1.90362446626,5.75100560421,1.89503226365,6.07407217514,3.14515491627,0,0.393249344682,18.5117587659,2.86316356485,0,1.12131393748,2.55041413979,1.62677776685,2.34375417366,1.70824719505,2.02396489868,1.97226604724,0.251399039391,1.62835987233,0.924719162681,0.417663208879,0.565689627346,0.302373860301,0.522136313859,0.424860248049,1.9989814727,1.16216299808
sobol__0002658,80.20987007,50.30229581,-36.7065276,95.49090955,24.47177269,9.50547809,6.20711337,1,usable,Converged with independently replayed constrained generalized-force equilibrium and small reserve torques,434.406973,0.0579623725827,1.29603350274e-08,2.80929812742e-13,5.16235435203e-06,2,0,0.133484735719,0.160159954576,0.0100506740258,0.0305853459887,0.0607462453705,0.0139642542923,0.0100927322379,0.0100249883833,0.0100167987497,0.0100060011715,0.0100085644955,0.0100201290455,0.0100186617676,0.0100198886934,0.0100249303939,0.0100208096963,0.0100468661002,0.0100473526881,0.0100791314191,0.0100965672493,0.0277172428544,0.0100111751002,0.0195299449451,0.0115208022802,0.0325716423427,0.0318049618806,0.021696867205,0.0100114028793,0.0100240151129,0.0100260343685,0.0354955978331,0.0133492592078,0.0100517628257,0.0100251144838,0.0100167637384,0.0100245229863,0.0100222025756,0.010027149594,0.0100237911794,0.0100241065417,0.0101806417484,0.0231501668172,0.0175643559134,0.0109157950073,0.0105407526328,0.0103250318753,0.0101697523148,0.0100747528042,0.0100279280517,0.0100417756748,161.828399418,169.240926882,2.0240189778,15.1605542687,61.0577710907,16.0265502277,2.33983202006,1.44108884722,4.27547310423,6.02897381527,3.15342829301,2.64636856479,2.81752346488,1.78979894301,1.84356903015,2.08343749546,7.15571699754,7.01339720086,2.6984444701,0,14.5499211537,3.1653320224,21.1455006817,2.73439647497,10.2994265141,7.33982484977,3.93476100846,3.75963464581,2.0107932255,0.909715177713,18.2461694516,3.59232163628,0.467073622098,1.56036943754,2.58762167742,1.62892081523,2.3724184465,1.73220628912,2.05730796409,1.9775765001,0.266940867368,2.29126713452,1.42577371593,0.508910471123,0.597438132761,0.399571597216,0.624466145501,0.459099499131,1.9127913672,1.17049122635
sobol__0002666,113.95987007,25.92729581,66.4184724,103.61590955,-45.52822731,20.44297809,58.70711337,1,usable,Converged with independently replayed constrained generalized-force equilibrium and small reserve torques,604.182798,0.161214088192,5.60926167736e-08,1.10134124043e-13,6.49284799589e-05,16,0,0.0310686057917,0.0100007600885,0.0100342623905,0.0100030132655,0.0100023949812,0.0100007419825,0.0415716111035,0.0677031171929,0.30124129809,0.0457864130039,0.010017782112,0.0329810891743,0.0111414261868,0.0100087418774,0.0451469854671,0.127485624585,0.0100127364241,0.0100128774472,0.0100289674355,0.0265207174501,0.0424004394487,0.0963473971315,0.0462345081871,0.0100267287681,0.0100007930243,0.0100025841699,0.138520523934,0.0100021345401,0.0100452376858,0.0100123303219,0.0100108328149,0.0100212980106,0.0100452376858,0.0100267698754,0.0100021529093,0.0100027621639,0.0100226527617,0.010011966369,0.0100061214969,0.0100024646628,0.022787007232,0.0385081278699,0.0378568889617,0.0100398986512,0.0427124452288,0.0100180286079,0.0100054734286,0.0100023644279,0.0100007339252,0.0100007959234,37.5586013659,10.9807114454,2.01911744394,4.99333134613,6.70537500155,12.6237702978,11.198353468,8.76527726525,116.347296955,18.7244279833,0.91374539712,7.11498328449,1.67133041023,1.66242490586,6.11802457912,33.9199156064,7.1767387413,7.06760527005,2.76078553466,9.55707827326,18.1225184717,20.7912398532,48.8872939359,2.34834951714,3.31400694711,1.47423231994,21.8787216834,2.24803843689,0,0.133935333214,5.57614015233,2.67597280407,0,0.695385482607,2.42786536964,1.57845316681,2.25156373776,1.63899821247,1.93707021949,1.89872591267,0.409148076893,2.25632697894,2.03018350956,0.302896951984,1.8054204869,0.167451139047,0.408006428678,0.412286483529,1.97125812992,1.16703534269
sobol__0002674,97.08487007,13.73979581,-3.8940276,10.17840955,69.47177269,6.22422809,-57.54288663,1,usable,Converged with independently replayed constrained generalized-force equilibrium and small reserve torques,621.508325,0.0400762726135,6.8678344789e-08,2.84217094304e-13,8.51938113938e-06,9,0,0.0947639892403,0.0137014208132,0.0100211821105,0.0100314723306,0.0303813435751,0.0100074821646,0.0100776021896,0.010022846799,0.0148331157799,0.0100388080815,0.0100334769185,0.0100170834724,0.0100193800581,0.0100166075748,0.0100757977947,0.0100023047754,0.0100037936708,0.010004772114,0.0100452376035,0.0100452376035,0.0147369264201,0.0247777743789,0.114728338211,0.0275499232102,0.0100452376035,0.0854713274803,0.0107283428938,0.0100084087566,0.01000959717,0.010018918905,0.0369319397385,0.0100391394951,0.0100249108989,0.0100133773452,0.010007138363,0.0100106798732,0.0100109336726,0.0100126008213,0.0100095126348,0.0100097537838,0.0119847722444,0.0326980679858,0.0305915181382,0.0133169390723,0.0192832006034,0.0145310473011,0.010205741513,0.0100297311257,0.0100129227007,0.0100130521024,99.450224437,15.002744005,2.01212072439,4.76489613265,32.6738504615,13.072276804,2.54638727189,1.34020262641,6.2021326787,5.36245265194,1.00826339833,2.40255888572,1.73322570428,1.67608976176,1.66733616913,7.54215976208,5.25506702926,4.08197034936,0,0,1.77200858899,5.05744707238,134.286821403,6.49317695792,0,21.1581802715,2.03941908562,2.11187409078,3.78327284763,0.365810886608,20.575733014,2.10220654537,0.487998630598,1.39270413175,2.31691942052,1.37558100813,2.178551895,1.63763430434,2.12593814806,1.80988620285,0.472044806633,3.24957820994,2.70747865781,0.594606581838,1.37175968462,0.668545085011,0.851923931716,0.447996760172,0.821275789659,1.02551816931
sobol__0002682,108.33487007,38.11479581,42.9809724,50.80340955,-0.52822731,-4.71327191,-5.04288663,1,usable,Converged with independently replayed constrained generalized-force equilibrium and small reserve torques,584.422121,0.116674709933,4.69771048728e-08,2.31259456029e-13,9.67360085885e-06,14,0,0.161969925904,0.0100013618363,0.0100436515944,0.0100018809733,0.0354177054672,0.0100008052845,0.0742437380739,0.0129761909492,0.170306716269,0.0338553624429,0.0100190039236,0.0100135756571,0.010010604881,0.0100068132974,0.0252672020592,0.117901475082,0.0100044644073,0.0100045628464,0.0100333447123,0.0100271794211,0.0100049284101,0.09400412748,0.102060702086,0.0860433249497,0.0502786625503,0.0405139272015,0.0374594787072,0.0100044482157,0.0100102368533,0.0100107699831,0.0475117154334,0.0100712907117,0.0100228352075,0.0100131522612,0.0100062526127,0.0100090575136,0.0100094105164,0.0100112926639,0.0100092779889,0.0100086552504,0.0101214911629,0.0285297529325,0.0100452380658,0.0110961452723,0.0130638250889,0.0103863832129,0.0100867437595,0.0100259044054,0.0100091856514,0.0100125066316,196.601360908,10.7840687975,2.01095841467,4.81668689172,30.3348297881,12.8692021157,19.9832809684,1.74903295849,60.4256350037,12.7995158562,0.854462438209,2.47549697313,2.1406375675,1.71809491544,3.38611104855,55.7046907913,6.67898498469,6.51955740634,0.473379265125,3.64446848867,4.53345176971,29.7801832002,119.94719075,23.7478130468,16.9438814864,10.2293373247,6.58164178428,4.07795513828,4.68327835488,1.01102360073,26.1878144094,2.85694047161,0.744271213568,1.70314977909,2.58951035696,1.62274481919,2.36941435819,1.73084953329,2.09469153936,1.9745212624,0.274246850194,3.05927539006,0,0.541459621072,0.785239330737,0.461928318762,0.768744005223,0.461170660743,1.85049097301,1.16836687081
sobol__0002690,85.13174507,10.18510831,-53.6987151,109.20184705,41.34677269,15.93125934,-34.57413663,1,usable,Converged with independently replayed constrained generalized-force equilibrium and small reserve torques,364.709399,0.0436140613895,4.36499814072e-08,1.84741111298e-13,4.96506972812e-06,12,0,0.105332782555,0.072931508247,0.0100099914624,0.0100376954444,0.0916530776738,0.0100041436864,0.0102086752627,0.0100100800901,0.0100759501608,0.01000597433,0.0100076591668,0.0100073449929,0.01000804905,0.0100070674032,0.0100645038554,0.0100050958012,0.0100098020964,0.0100098705101,0.0100246183232,0.0100452378145,0.0200197144253,0.0100154172319,0.0643361579855,0.0161142870666,0.065699006926,0.0297036204705,0.0100092049441,0.0100198761074,0.0100051448865,0.0100263382436,0.0643544124737,0.0228445426992,0.0100244062718,0.0100158896382,0.0100177348422,0.0100283232242,0.0100135805438,0.0100179208156,0.0100186890379,0.0100298008264,0.0100494596033,0.0100957058137,0.0106274018443,0.0101754834385,0.0100320918863,0.0100664135573,0.010176775769,0.0101423341655,0.0100410745905,0.013914225642,77.359850629,80.2998214064,1.96116546552,5.00051205218,89.06187022,10.8494096759,1.68885307626,1.3687362092,4.42279807763,6.01557302895,2.07015060887,2.52079252553,2.01127901707,1.69356674808,1.81123891255,3.38038303686,7.18015590669,7.11677048397,2.81170138041,0,10.4597392965,3.03441294396,66.2643341626,2.18560486587,17.3443932167,7.49975489221,1.93054575811,4.01580845711,3.62610424739,1.00526460289,27.4270982877,5.90755189344,0.6742727762,1.62733213352,2.55165212734,1.50930305822,2.35873679788,1.72771219924,2.1259323149,1.93004973773,0.389996938155,1.07684221547,1.00240797644,0.488847515636,0.725336955509,0.476087559918,0.763820199791,0.422798575891,1.13859089537,1.40137061933
sobol__0002698,118.88174507,34.56010831,86.9262849,84.82684705,-28.65322731,22.49375934,-27.07413663,1,usable,Converged with independently replayed constrained generalized-force equilibrium and small reserve torques,425.932422,0.523864730098,1.10657421004e-07,2.0605739337e-13,4.63224892434e-05,8,0,0.0374146445183,0.010000383277,0.0100068488592,0.0416277989897,0.0100005607615,0.0100002454605,0.0149267963619,0.188041959495,0.550067960952,0.0100008721083,0.0100026453466,0.118359617514,0.027150319301,0.0100026959238,0.0648328196557,0.360663433766,0.0113453751083,0.0111662870617,0.0100577432986,0.0100064612928,0.129136470361,0.0100314084565,0.010015402167,0.0446517962209,0.0220085707746,0.0118552468372,0.0254317102197,0.0100249838587,0.0100772232798,0.0100303739734,0.0942361069857,0.0305738129139,0.0100460595037,0.0100525398314,0.0100412328959,0.0100412213441,0.0100522105758,0.0100482905946,0.0100484224217,0.0100374109395,0.010092130849,0.0173389569622,0.0142177881357,0.0101121265653,0.0102178716613,0.0100844778238,0.0100445796072,0.0100364946279,0.0100215345977,0.0100251552757,45.5662932178,10.9885512283,1.98604931442,20.48233886,5.51044073457,12.6765878702,3.87628578278,24.2930703471,200.818839226,4.21103554415,0.979904764351,25.5697520324,4.33543909231,1.67485838855,8.25689329229,109.37816468,7.9682916822,7.67802656522,2.59095084208,3.74622284658,62.208466522,2.90414357913,11.1181735103,11.546231304,7.16331378917,2.99189510966,4.83052075363,4.08912875298,4.18109649897,1.01156555308,52.5058366393,8.64175148316,0.712058138708,1.681582896,2.47524997689,1.42540788325,2.36300121184,1.72942345522,2.1339360737,1.85027681901,0.387389526288,1.86293655296,1.34199593566,0.491385884128,0.739695628051,0.476986273616,0.758015665849,0.388228739283,1.15606333503,0.950891555377
sobol__0002706,90.75674507,54.87260831,7.2387849,64.51434705,6.34677269,-0.47499066,29.17586337,1,usable,Converged with independently replayed constrained generalized-force equilibrium and small reserve torques,479.152679,0.0742183102669,7.64575318613e-08,3.41060513165e-13,1.56776255259e-05,19,0,0.183739181497,0.0553561027804,0.0100220390993,0.0100179113855,0.105418633149,0.0100032936622,0.0196332584843,0.0100126373464,0.010011104303,0.0100039043565,0.010006746699,0.0100088789268,0.0100079552995,0.0100089715559,0.0100205466238,0.0100084672342,0.0100105833621,0.0100107632166,0.0100313488187,0.010045237707,0.043787878601,0.0100285962716,0.0483311791299,0.0391035864113,0.0446825330206,0.0624753672121,0.0781501770743,0.0100016903762,0.0100040829161,0.0100048551575,0.0106682156503,0.0100369110581,0.0100101244495,0.010004075658,0.0100022281372,0.0100032907254,0.0100032819728,0.0100040792943,0.0100032912434,0.0100031014714,0.0105315148616,0.0467441714711,0.0362714163544,0.0182935065444,0.0238658557352,0.0129075851518,0.0100831375535,0.0100136739083,0.0100042822266,0.0100050505261,211.913707145,57.7020228634,1.98096667132,4.64739418095,113.370448017,13.0674847003,5.08910897675,1.42524026216,4.04320527665,5.67133691276,2.35814219557,2.61530197951,2.77102685455,1.77945393426,1.73534470003,3.27772617766,6.83119974141,6.6825327476,1.63002168795,0,21.5003982898,3.16825059303,55.8200909449,10.6788926562,15.0714122407,13.4810569702,12.3627006079,3.74890320069,3.2708493119,0.882716130941,5.94400102224,2.81138427442,0.55129250069,1.56101553037,2.48975793902,1.60660538313,2.32454890272,1.68960656196,1.99264960628,1.93129317246,0.20026021307,3.57050024489,2.44250085209,0.737340376007,1.12053354352,0.399368434622,0.61154915576,0.460583550503,2.00335675995,1.14780300831
sobol__0002714,102.00674507,30.49760831,16.6137849,7.63934705,-63.65322731,-7.03749066,36.67586337,1,usable,Converged with independently replayed constrained generalized-force equilibrium and small reserve torques,524.412435,0.048798862682,8.54396526861e-08,5.75539615966e-13,6.19680002485e-06,14,0,0.133592385172,0.0100053291838,0.0100245407144,0.0100069262525,0.0450336017175,0.0100024472873,0.0239035512738,0.0100304554747,0.0514363788505,0.0218148799543,0.0100351470747,0.0100150104299,0.010014883008,0.0100125384909,0.0103720154057,0.0100035871482,0.010003789658,0.0100048337333,0.0100452378857,0.0100195411877,0.0165825179818,0.0563173096587,0.11993870629,0.0333192360785,0.025776540769,0.032696398918,0.0191506328026,0.0100073759516,0.0100080375591,0.0100130599791,0.0201374950556,0.0100795673068,0.0100198795411,0.0100114867647,0.0100053358521,0.0100076233086,0.010007360071,0.0100089890576,0.0100074690211,0.0100071243476,0.010058680288,0.012026184647,0.0106564920079,0.010082240049,0.0101181635647,0.010078608951,0.0100569459375,0.0100262054242,0.0100138196988,0.010013396095,162.727616413,10.8400851208,2.01901614639,4.4538247533,46.4907534855,13.0547139446,6.23469121711,1.36027694326,20.5211817555,9.41133057729,0.869779756469,2.48538871513,2.07064588514,1.71323481165,1.50139473636,7.13625488778,5.02984637759,3.84706464085,0,3.47781245587,5.14875818465,16.8704503049,139.974945756,7.84922596301,7.63368131737,6.35619680721,3.3027233517,4.08190629782,4.57454248627,0.996372151533,3.32541460921,2.47611642754,0.734397452329,1.69255271254,2.50842668924,1.61548947737,2.33816710962,1.69856276321,2.00457233711,1.93564762943,0.233848500175,1.11820832416,0.843629746183,0.467676676947,0.555775749082,0.307163770559,0.686140433005,0.45717371967,1.96431804796,1.11800465273
sobol__0002722,76.69424507,40.65385831,51.7700349,46.23309705,63.84677269,1.16563434,57.30086337,1,usable,Converged with independently replayed constrained generalized-force equilibrium and small reserve torques,485.807912,0.110563991577,1.53479859932e-08,2.13162820728e-13,4.35915494824e-05,20,0,0.14314678474,0.0237061513522,0.0100422081039,0.0100090258824,0.110963780507,0.0100039855225,0.0251572043929,0.0100147181826,0.0101143366581,0.0100149063467,0.0100225360012,0.0100092328163,0.0100102530757,0.0100106164408,0.0100382552363,0.0100087649253,0.0100046929862,0.0100048047884,0.0100423020432,0.0100452378023,0.0123357244997,0.0177142573726,0.0883999344365,0.0590925300782,0.0433927685227,0.0808788806668,0.182658797414,0.01000062813,0.0100026786137,0.0100026546887,0.0518616529792,0.0100884356765,0.0100062918571,0.0100014399912,0.0100007558076,0.0100011115108,0.0100011174066,0.0100013843467,0.0100011234379,0.0100010256486,0.019000663202,0.0844273061486,0.0715199161154,0.0338347738017,0.0553141498705,0.0170043407436,0.0100267972798,0.010004449153,0.0100012648326,0.0100014002362,173.712447544,24.6835316651,2.00455486286,4.94667407477,95.8264110305,12.2978794089,6.77512977083,1.36951014287,4.01778559656,4.71606339854,1.21162641519,2.48532261951,2.15477276717,1.71409306497,1.74781053987,3.85186781997,6.62581947976,6.45426151749,0.0980066191337,0,4.59759458875,4.38067218588,104.035848438,16.2527453318,12.605795074,11.5230209143,26.8259997915,3.65757705349,1.9468214109,0.636572773143,28.2641893749,2.26151162992,0.300196384274,1.43675884032,2.29701069797,1.50720000509,2.19676270637,1.59697016558,1.8210082926,1.81185476312,0.271671768715,4.62501854225,3.6124035788,1.03141024243,2.19756371426,0.329942420842,0.443953482486,0.460112995474,1.85917716084,1.10743604909
sobol__0002730,110.44424507,0.02885831,-13.8549651,21.85809705,-6.15322731,-9.77186566,4.80086337,0,capacity_limited,At least one muscle reached the conservative capacity threshold while nontrivial reserve torque was still required,684.978021,10.4690525203,1.03349020798e-05,8.41993141876e-13,0.0484598417991,16,2,,,,,,,,,,,,,,,,,,,,,,,,,,,,,,,,,,,,,,,,,,,,,,,,,,,,,,,,,,,,,,,,,,,,,,,,,,,,,,,,,,,,,,,,,,,,,,,,,,,,
sobol__0002738,93.56924507,20.34135831,56.4575349,123.42059705,28.84677269,13.19688434,-6.44913663,1,usable,Converged with independently replayed constrained generalized-force equilibrium and small reserve torques,654.532866,0.0579260359811,8.67780922675e-08,2.62900812231e-13,7.93042483006e-06,7,0,0.0458671112039,0.0100020558407,0.0100800131951,0.0100040663923,0.0343353125282,0.0100019999569,0.0338165801955,0.012008264721,0.1024560147,0.0980372820477,0.0168097436958,0.0100261412979,0.010028192954,0.0100182692075,0.02521229,0.0179485691131,0.0100051993571,0.0100051996669,0.0100149498368,0.0100452388694,0.0119293342984,0.0804966912959,0.105185859919,0.0100475741069,0.0571451540189,0.0363269278638,0.0252287122694,0.0100058747235,0.0100267217908,0.0100130592037,0.0588174206908,0.0200632114181,0.0100340075027,0.0100141953169,0.0100080051853,0.0100118552469,0.0100100799565,0.0100125675995,0.0100110126977,0.0100116313516,0.0102167004884,0.0341168380544,0.0277106253266,0.0146879922617,0.0123222027948,0.010942294215,0.0101354942941,0.0100388074823,0.0100130789027,0.0100223714921,54.208709192,10.8445520344,2.03012302038,4.99385401212,25.5741262659,12.4572434297,9.10942021615,1.57147110439,41.2073450325,44.3320674399,1.73778284931,2.17766743154,1.4663847347,1.65202971429,3.91804863586,3.11797421411,7.17686253839,7.1763806415,2.8309567845,0,5.33419042103,19.3385534208,84.429164014,0.0105011143521,11.1015523761,8.45985482207,4.83379042037,3.69810643083,0.515914190267,0.882825822606,20.9459751615,5.34544658442,0.239991991428,1.51577792752,2.58996055815,1.62389533921,2.37025725288,1.73107765669,2.08217096291,1.97509925582,0.330590982722,3.72381724414,2.55380619365,0.716578973772,0.790177374457,0.48042107326,0.653781994513,0.441251764284,1.64398283795,1.13240554534
sobol__0002746,104.81924507,60.96635831,-27.9174651,66.54559705,-41.15322731,24.13438434,-58.94913663,1,usable,Converged with independently replayed constrained generalized-force equilibrium and small reserve torques,479.340198,0.129081441721,3.39047854681e-07,5.18696197105e-13,1.73147112019e-05,9,0,0.174148002386,0.0731823506104,0.0100181245629,0.0100341877531,0.0206501653192,0.0100136805381,0.0100424505642,0.0100151671694,0.0100203649162,0.010006288681,0.0100080471817,0.0100124495851,0.0100107709413,0.0100116283897,0.0100198884185,0.0100109540073,0.0100196664386,0.0100199106459,0.0100379006456,0.0175395434816,0.0520098188567,0.0100365227234,0.0199557183517,0.010032758725,0.0100452382841,0.101206741008,0.105366056921,0.010002174364,0.163344678693,0.0100074814658,0.010014551605,0.0100254129845,0.0100596488511,0.0100215719875,0.0100055043515,0.0100073091652,0.0239005824292,0.0100921939749,0.0100151620185,0.0100075748991,0.0510050640239,0.127229466927,0.0953781276375,0.0209924191448,0.0906561375458,0.0316347558672,0.0101195961805,0.0100113553487,0.0100073838407,0.0100048717885,199.505345723,78.8331618715,1.98567739184,3.78153292279,21.1353751721,9.67028426372,2.28353894169,1.44038114804,4.11850985945,5.83480942969,2.71962187395,2.66332669311,2.87248526627,1.81786182788,1.73200871021,2.78263661607,6.8581478398,6.70970784902,1.79488532215,6.38026697588,25.8166805193,3.17903913551,22.9682200692,2.75997218186,0,24.0222864663,19.3934648559,3.00996439711,76.5465825143,0.562049030879,4.87441824567,2.73230273373,0.756964721534,1.71291973241,2.0114545191,1.14956998467,5.15345247064,1.60845675935,2.12468667563,1.55680551517,1.99493256493,12.4760371029,8.44957902369,0.957816760773,6.37341147905,1.4264616413,0.887500309451,0.373566158256,0.635412310247,0.84323898653
sobol__0002754,80.91299507,57.91948331,67.0044099,0.52997205,-17.40322731,18.39219684,13.23836337,1,usable,Converged with independently replayed constrained generalized-force equilibrium and small reserve torques,593.438185,0.517464378318,5.64113093571e-07,1.02318153949e-12,1.80650042229e-05,19,0,0.203527631939,0.161720162917,0.0100215853091,0.0637667634527,0.0435047020265,0.114174383013,0.0100173334615,0.0100129135514,0.0100393394274,0.0100056228025,0.010009904825,0.0100101673987,0.0100094854106,0.0100104927897,0.01001338491,0.393288830698,0.405926234608,0.296323964718,0.0100452381306,0.0593802107796,0.0100030100547,0.010003241101,0.0100008402475,0.01000305075,0.0397790455119,0.0276117495185,0.0524093325847,0.0100015928582,0.0100010674811,0.0100056762999,0.0100028721513,0.0100110118023,0.0100083054038,0.0100040662888,0.0100042095247,0.0100066633738,0.010004785542,0.0100063268629,0.0100055627508,0.0100067076737,0.0152117890104,0.069707250577,0.0535067593015,0.0307587992261,0.0292129699081,0.0142093855796,0.0218615032951,0.0146235494255,0.0203959658113,0.0338485344209,233.316957406,164.691254486,1.87212162625,30.3197759252,38.1645733063,138.230056408,2.64189750509,1.39903034011,3.76498621869,4.8626532142,1.66228068986,2.56255823749,2.60751987315,1.75179942751,1.80190964283,200.837685216,179.310243629,95.5528133852,0,22.540403153,4.31102041834,2.33487457274,11.5139293964,2.32958885999,10.2295488478,5.3648987737,9.95373668959,3.90326795728,4.45027022377,1.00853941315,3.14799768337,2.84986217104,0.749398975816,1.71171753811,2.58738896849,1.62584089739,2.36738411754,1.72793853413,2.05691425194,1.97423860054,0.528612597598,7.61195936518,5.02991411262,1.50064900332,2.10723900529,0.511940676198,1.24700825238,0.610179421177,3.74162898191,3.81794682251
sobol__0002762,114.66299507,17.29448331,-36.1205901,57.40497205,72.59677269,11.82969684,50.73836337,1,usable,Converged with independently replayed constrained generalized-force equilibrium and small reserve torques,559.20738,0.0669135756606,2.31346781732e-08,2.70006239589e-13,2.27647005974e-05,19,0,0.120989562976,0.0100076541927,0.0100154937641,0.010013847606,0.0621641442499,0.0100030942244,0.0148807771621,0.0100192819576,0.0360472861291,0.0157611498909,0.0100279067533,0.0100118195438,0.01001227092,0.0100104385156,0.0108472101324,0.010004630239,0.0100053848479,0.0100054937583,0.0100276368794,0.0100452376992,0.0102396290045,0.0325602214289,0.0953995795222,0.0454441210099,0.0101069894113,0.0507035348931,0.122084609471,0.0100009164518,0.0100080606737,0.0100032596127,0.064102596522,0.0101577554591,0.0100091122432,0.0100024541622,0.0100013023548,0.0100019222845,0.0100020093136,0.0100024569563,0.0100019477448,0.0100018074074,0.0158822058725,0.0648158543879,0.0519632087181,0.0246469987653,0.0397113981373,0.0125242527161,0.0100300664797,0.010006681538,0.0100015952132,0.0100021518473,117.878974294,11.0389511892,1.99154890426,4.94109240611,63.3708020962,11.6038395453,3.0792999529,1.35589087186,15.3186429443,8.97879596834,1.24408835874,2.5112674586,2.03254503236,1.70011666465,1.6920331174,5.73304627564,6.75276140535,6.60118976008,1.03748718284,0,2.24244801324,8.93075287991,111.384530301,12.5425729895,3.05728594176,7.1278335754,19.2104472537,3.7206120387,1.21301485342,0.793513316553,33.9809226034,2.05254452535,0.347272563686,1.4857172114,2.3747176402,1.54275660835,2.22783971903,1.62222095241,1.89973983893,1.85623596749,0.263766790643,3.88323943465,2.78252225322,0.7588713672,1.72548824041,0.246888124973,0.383025846791,0.455961937709,1.9592762895,1.16428458888
sobol__0002770,86.53799507,5.10698331,34.1919099,85.84247205,-52.40322731,-2.38905316,-50.51163663,1,usable,Converged with independently replayed constrained generalized-force equilibrium and small reserve torques,606.853643,0.0262033228101,3.92706098751e-08,8.34923859421e-14,1.4045571164e-05,5,0,0.0281150640662,0.0100039993144,0.0100388225965,0.0100093170957,0.0159156102524,0.0100042362281,0.0160897707276,0.0100963358596,0.0478864865029,0.0623394952758,0.0154234015067,0.010034216209,0.0100362210899,0.0100294951869,0.0161143310638,0.0159952743613,0.0100118731056,0.010012059462,0.0100290097202,0.0100323585677,0.0199334867253,0.0523726359062,0.0501344747887,0.0431893258284,0.010045237807,0.0665614135911,0.0100052734886,0.0441423374236,0.0100024468342,0.010040501717,0.0227055134873,0.0100535735356,0.0100237472007,0.0100172683925,0.010043641033,0.0100898039129,0.0100128018491,0.0100194620859,0.0100280131226,0.0103957583028,0.0100298801819,0.0100160686858,0.0100658059026,0.0101020008681,0.0100218849791,0.0100843863086,0.0100285394198,0.0101823380626,0.0100246271437,0.0109617924154,26.6819326527,10.9166361798,2.018555933,4.94151870468,13.7312441407,12.5485468165,4.29860513587,1.3082873366,19.9245238904,33.1730851564,2.25752574131,2.09418351849,1.23071217868,1.6120000756,2.82605287726,6.45140457782,7.04152232326,6.89433219637,2.59405671645,3.56419639714,10.1281434097,15.3645493277,55.5303508109,11.312947284,0,15.6170011561,1.87237563682,17.7414090566,4.79862924062,0.85073854004,12.2788670579,2.59804088868,0.754779925271,1.71486565013,2.13256479863,1.26860093146,2.00476969271,1.53246155999,2.12702334188,1.75463784944,0.381761852789,1.0715994633,0.930344942484,0.465861611325,0.723204296447,0.469009182376,0.880597461534,0.467525767778,0.965691918061,1.21870350661
sobol__0002778,97.78799507,45.73198331,-12.6830901,110.21747205,37.59677269,4.17344684,-13.01163663,1,usable,Converged with independently replayed constrained generalized-force equilibrium and small reserve torques,409.5244,0.0320277971542,1.47482097645e-08,1.63424829225e-13,4.47999412022e-06,4,0,0.134390204031,0.0558186922931,0.0100218663412,0.0100498295039,0.0386916744532,0.0100090739353,0.0100640269348,0.0100173345612,0.0100225815608,0.0100071626528,0.0100127283752,0.0100136314519,0.0100124863689,0.0100134945869,0.0100280985543,0.0100138071477,0.0100152984,0.0100153764002,0.0100310265133,0.010045237846,0.0106272013795,0.010014970133,0.0346485352284,0.0107813193412,0.0345604682484,0.0338970503021,0.0132110180633,0.0100065676677,0.0100084513578,0.0100142378691,0.031123595667,0.0109517772221,0.0100258181639,0.010014506814,0.0100102838328,0.010014857056,0.0100125026021,0.0100154240927,0.0100136939408,0.0100146619615,0.0100881915017,0.021872762289,0.010045237846,0.0107506004587,0.0101743071027,0.0101626956042,0.0100876939628,0.0100387190193,0.0100140169479,0.0100231816933,161.187536677,60.0824865857,2.01591964312,4.19741653432,41.2643216112,12.5420244887,2.48397579187,1.41323801398,4.10237165895,5.52796240133,1.87117813889,2.60776801131,2.71656913709,1.76783640345,1.58556522,2.20413146535,7.18437658573,7.12944493865,2.8222297171,0,5.50756553511,2.97291827768,35.4251641904,1.32368699966,8.77922955233,8.53145696932,2.35706755195,3.79934826117,3.18917545915,0.9369841296,13.5478261393,2.85875647718,0.564419447008,1.58469331285,2.59053283466,1.62133333128,2.37045693835,1.73156951854,2.09586617668,1.97546552802,0.307935653045,2.38505875002,0,0.524623331125,0.623793686916,0.468028055572,0.721924055216,0.461017497091,1.65868757522,1.16748857381
sobol__0002786,78.10049507,27.45073331,3.7231599,71.62372205,-39.90322731,-5.12342816,-22.38663663,1,usable,Converged with independently replayed constrained generalized-force equilibrium and small reserve torques,453.661834,0.0399249521437,5.61254367426e-08,4.21389658241e-13,1.29446754444e-06,3,0,0.135392763279,0.0592153771423,0.0100224909976,0.0104092976685,0.074024467475,0.0100062010785,0.010234767167,0.0100159886567,0.0100261709962,0.0100075157771,0.0100156783159,0.0100116332812,0.0100128229813,0.010012177436,0.010032281581,0.0100082800566,0.0100118127387,0.0100120033517,0.0100299561354,0.0100256397336,0.0458902594332,0.0100580030933,0.0471061039631,0.0438092314008,0.0339796702239,0.0102682912231,0.0100248023654,0.0187233425293,0.0100268080013,0.0100728525842,0.0266935631542,0.0100690370805,0.010053066669,0.0100659664628,0.010049084768,0.0100505195962,0.010036534166,0.0100409084438,0.0100451428538,0.0100520407273,0.0100446064713,0.0100411046789,0.0100524323782,0.0100522107817,0.0100403134606,0.0100488036385,0.0100456274431,0.0100493460244,0.0100376021679,0.0100511846396,164.405338854,63.1385184694,2.01870551643,5.16469357993,79.5739617826,13.0513265983,2.64455673929,1.37116561151,4.15815002479,5.45298412246,1.3418948924,2.50561371439,2.08821566802,1.70859775566,1.73472709117,4.02187779879,6.90320565153,6.75518163725,2.17854691189,3.6570025392,24.0969374388,3.11794895634,53.7210621528,11.8978628052,10.9262878205,2.53887960492,1.74498347098,7.6372012432,4.76210992267,1.01544979711,13.7502580526,2.73213567413,0.752945259264,1.7224875278,2.52719515763,1.4962020816,2.29093301868,1.71144915931,2.13330424958,1.9338077023,0.308044579555,1.0962532319,0.948874866986,0.48897550465,0.642782336252,0.475087383179,0.846121003488,0.462253796982,1.51183365662,1.1725952664
sobol__0002794,111.85049507,51.82573331,31.8481599,128.49872205,50.09677269,5.81407184,-44.88663663,1,usable,Converged with independently replayed constrained generalized-force equilibrium and small reserve torques,482.961773,0.160185050463,1.93728965314e-07,2.67020814053e-13,2.10432599565e-05,11,0,0.130390784574,0.0100005784189,0.0148718593631,0.0100008066313,0.0729264468614,0.0100002644909,0.191123846829,0.0391126428839,0.277982987199,0.0100135145758,0.0100053184187,0.0100120248104,0.0100055178852,0.0100033841198,0.0101941234762,0.0478674463252,0.0100046405205,0.0100046373181,0.0100134859278,0.0100452378213,0.0100008516985,0.0211040075159,0.101900387669,0.0100452378213,0.0109270168777,0.0340071643398,0.0100051321266,0.0219928160905,0.0100036636167,0.0100417794497,0.0485209234406,0.0332104415003,0.010024459893,0.010016443598,0.0100308179005,0.0100656870142,0.010012493873,0.0100181194736,0.0100241405171,0.0101372896905,0.010043318403,0.010036952536,0.0104376423342,0.0108236649385,0.0100211770264,0.0100511897718,0.0100600923825,0.0110269079748,0.0100441848603,0.0201275238466,150.903864054,10.6492686349,2.90757437788,4.08661142587,70.4612626416,13.0631576278,50.7488515445,5.4249429439,95.9144136074,4.4852521684,1.5554223719,2.57651396099,2.65896359647,1.76271432976,1.47870866414,4.52591796589,7.17159044613,7.1770938187,2.7416961281,0,4.80513340623,5.50159909292,71.1761143916,0,0.243001973517,8.56452806267,1.92484358994,8.67312603153,4.06234888416,0.992457896332,9.05597949739,8.35674547075,0.661393130312,1.62292469112,2.47575877644,1.46934489612,2.27943734641,1.69877152488,2.12895090939,1.91612433946,0.394835374895,1.05355377891,0.968830067367,0.503796190117,0.723905845772,0.473312097812,0.818646986279,0.498655111399,1.055563942,2.17019446084
sobol__0002802,94.97549507,39.63823331,-47.8393401,18.81122205,-74.90322731,20.03282184,41.36336337,1,usable,Converged with independently replayed constrained generalized-force equilibrium and small reserve torques,536.369626,0.0631853583822,4.8929628349e-08,7.48126405325e-13,8.97085819785e-06,17,0,0.15182947934,0.0586248654157,0.0100179787893,0.0101501713787,0.0685103176151,0.0100059903655,0.010150311913,0.0100140164943,0.0100196089218,0.0100062545624,0.0100103038849,0.0100106182609,0.0100096255069,0.0100105013057,0.0100263221825,0.0100027701987,0.0100035958948,0.0100043008038,0.0100452377828,0.0322648919372,0.0858345479219,0.0499356201038,0.110186030518,0.0147281703028,0.010011647996,0.0147986669217,0.0503847967226,0.0100024797066,0.0162688948507,0.0100064881562,0.0100342654561,0.0100240210279,0.0100146335883,0.0100073302741,0.0100036569195,0.010005270366,0.0100063089221,0.0100073557972,0.0100057637546,0.0100050863787,0.0103914165732,0.033393002091,0.0240998740339,0.0105306343923,0.0197472400091,0.0100849176239,0.0100279817034,0.0100129771336,0.0100036914095,0.0100047412036,184.937231037,64.2502893588,2.01780885402,5.01133998016,66.9967868577,9.54498944743,1.73066642977,1.42304992333,4.25720829654,5.87907525296,2.16296888957,2.62213564396,2.74004073774,1.76746653601,1.64537116797,6.01441910594,5.95782617906,4.89992074818,0,10.8781090257,26.3695591034,14.030061054,129.592893396,3.56284192015,2.41583978285,2.31861271199,9.71088041627,4.07996899242,6.04400587988,1.00417738212,1.67742623041,2.35414840842,0.712465951743,1.66541690231,2.53162587002,1.62491441776,2.32073073656,1.69203319913,2.00640825599,1.96122819604,0.274497975877,3.13293876925,1.86113460588,0.439053501726,1.1908128364,0.243119236173,0.480868027926,0.412977605829,2.0106949271,1.16584395116
sobol__0002810,106.22549507,15.26323331,74.0356599,43.18622205,15.09677269,9.09532184,18.86336337,1,usable,Converged with independently replayed constrained generalized-force equilibrium and small reserve torques,574.240808,0.0813563509489,1.78960259944e-08,3.2684965845e-13,1.8815138616e-05,17,0,0.0201739595019,0.0100012452158,0.0100144688258,0.0217409339575,0.0100021700094,0.0100011778897,0.0119835254107,0.0524790034497,0.170047370109,0.0609231076816,0.0100615750963,0.0374377562115,0.0164530861213,0.0100292373893,0.0474766129576,0.0617806565076,0.0100082581933,0.0100084537647,0.0100452162739,0.0100452374838,0.0915684649979,0.076866131929,0.0451322280101,0.0336821846759,0.0381941626977,0.0453782153541,0.0524115324041,0.0100027431947,0.010004875719,0.010006993795,0.0836902269425,0.0261032903722,0.0100131418134,0.0100067654992,0.0100040919384,0.0100060713194,0.0100058570055,0.0100072185866,0.010006042553,0.0100058388615,0.0102804539417,0.0401077585978,0.0295723448804,0.0155901238908,0.0180782606807,0.0111894461581,0.0100725880481,0.0100213836131,0.0100064285838,0.010008822934,21.4502465623,10.9854780076,2.0170619718,10.8362142144,6.1679162813,12.4900914172,3.22777725625,6.65668714412,69.1784241074,30.6665106831,1.55130587863,7.32648843794,1.90409828749,1.6020782557,7.33000986197,30.9173250753,6.59092114663,6.40482350396,0.00128273382059,0,41.6680251197,23.5414946126,53.1299628395,9.27674611258,12.3013894768,9.63881193953,10.0169705316,4.00298373285,4.15575677994,0.96992114391,46.5346253617,7.17453066806,0.697016643967,1.63269894232,2.54254367685,1.62535838528,2.35069166894,1.71132308588,2.02255045216,1.96684094139,0.255634352379,3.80322724367,2.32265778098,0.693897466948,1.05433746731,0.374674135735,0.574958080915,0.458707793642,2.00832328506,1.16796606653
sobol__0002818,84.07705757,31.76713956,78.43019115,88.1276283,61.65927269,-8.47303754,25.66023837,1,usable,Converged with independently replayed constrained generalized-force equilibrium and small reserve torques,679.372879,0.191056685342,1.85167714051e-07,9.96705803894e-13,2.12015095049e-05,6,0,0.0621379456199,0.0100062443622,0.0106481091188,0.0100114009622,0.0632741639026,0.0100096479789,0.0199388046405,0.012088848992,0.113687482685,0.128080875513,0.0243871950034,0.0100865110357,0.0100991489639,0.0100729334391,0.0283439413224,0.0677390733586,0.0549435520777,0.0538030264411,0.0118723061553,0.0101512966056,0.0100038810771,0.0100121470477,0.0100142020763,0.0100073018532,0.276496838094,0.167728187974,0.0100087958207,0.0709735833462,0.01000341457,0.0100718757023,0.112434807028,0.0452248094991,0.0100440951583,0.0100209867158,0.0344561864453,0.0428121444596,0.0100270069109,0.0100552052001,0.0107607855503,0.0626964122888,0.0100973821711,0.0100824837811,0.0171926665204,0.0251971120644,0.0100453092802,0.0156754587641,0.0272175994906,0.0381425285987,0.0100318804371,0.0647839419343,75.6832220741,10.6582914185,2.12107872146,4.82453717656,43.3671098686,12.2884812405,5.25802509908,1.60273295023,45.4043220261,59.0868235134,2.58091693007,2.26084500092,1.67324497345,1.68056977118,4.52186570567,14.4635282117,38.7630067374,37.1693461291,3.09748574025,0,5.23250991779,3.1675255775,11.0353328084,2.55873579398,88.8454275742,37.0619119456,1.18936965166,25.4036236368,3.59950140657,0.772680757113,55.6595122099,10.404863219,0.462961279331,1.54260341221,8.56268155164,6.84170742941,2.34165607203,1.70408093096,2.14221266414,12.0183776346,0.17761274753,0.741276813496,1.14453991435,1.051741931,0.414361248266,0.533438200608,1.69677759045,1.74327651957,2.01411120865,7.34141214174
sobol__0002826,117.82705757,56.14213956,-43.44480885,112.5026283,-8.34072731,2.46446246,33.16023837,1,usable,Converged with independently replayed constrained generalized-force equilibrium and small reserve torques,632.572881,0.0501496681146,3.85708034401e-08,3.33261593582e-13,6.508710489e-06,0,0,0.154629222876,0.0100206733606,0.0100524610689,0.0101930755976,0.0957707256185,0.0465988975673,0.0109054409707,0.0100406318237,0.0555905705122,0.036188460111,0.010016808301,0.0100274332389,0.0100217686956,0.0100211032138,0.0100499409987,0.010047206533,0.0100263557389,0.0100264574143,0.0100609397188,0.0100671617953,0.0100403673919,0.0159315503459,0.051117972288,0.0216796899004,0.0120180788605,0.0126361012036,0.0428273515114,0.0100135423614,0.0101035394341,0.0100704960083,0.0239951497441,0.0101451706477,0.0101035394341,0.0100304477932,0.0100110578339,0.0100155985383,0.0100170448927,0.0100201874745,0.0100162266525,0.0100146001149,0.0102110411291,0.0218640940498,0.0160869354569,0.0103370861747,0.0120714016926,0.0101750801494,0.0100882551673,0.0100408153451,0.0100157313975,0.0100173579404,183.544119527,11.0507337755,2.0221035424,4.28465374853,93.542805231,39.7053194859,1.62922955937,1.44034558784,22.6713244789,19.6894248228,2.04469403301,2.66022874198,2.85990131893,1.81306203328,1.60778485227,1.2354262727,7.19263706143,7.15571184601,2.84488735463,3.80712418479,5.13471940154,4.41522624496,51.1079371028,2.32181405375,3.62894841613,2.43682512307,6.3906085404,2.19923969574,0,0.120675410523,12.4393751435,2.88813784495,0,0.977105471362,2.4851081007,1.60640087356,2.31687356527,1.68538043698,1.98925870986,1.93115332892,0.198942719827,1.61339947496,1.03324927201,0.402013804134,0.532352839167,0.293589566541,0.589667586961,0.461861766443,1.99860003028,1.1539415654
sobol__0002834,89.70205757,35.82963956,26.86769115,2.8151283,26.65927269,23.24571246,-30.58976163,1,usable,Converged with independently replayed constrained generalized-force equilibrium and small reserve torques,505.633655,0.0921221485595,1.24274802449e-07,3.21939717186e-13,8.0124268182e-06,9,0,0.149371766754,0.0871374945651,0.0100212137007,0.0209603156821,0.0256084688522,0.0145433442372,0.0100288325715,0.0100169844881,0.010039273246,0.0100096546347,0.0100198698921,0.0100139474929,0.0100140779909,0.0100142090279,0.0100281931922,0.106355819717,0.113199622208,0.0839360242532,0.0100452367991,0.0100452367991,0.0100322915683,0.0100117050169,0.0100030737059,0.0100104626948,0.0100068128889,0.023780990908,0.126228870129,0.0100040264675,0.0343656952456,0.0100122520941,0.0100047892017,0.0100146961139,0.0100286028069,0.0100159966369,0.0100076084614,0.0100101708304,0.0100268497562,0.0100225733536,0.0100139205097,0.0100095301459,0.0218860529678,0.0619877233132,0.046657848267,0.016651400085,0.041524605439,0.015715413565,0.0100390005198,0.010017448244,0.0100086510711,0.0100082688105,181.819967962,92.4522333517,2.015236813,10.3862394272,25.1420186685,18.6642198001,2.67997763144,1.37158787063,3.99600510407,4.53872977985,1.06661013555,2.50564194877,2.22706067004,1.72131614831,1.57146292275,71.4056594842,52.1580232346,28.6757139516,0,0,2.47954202954,2.3227403526,11.5772741377,2.33159945737,2.87663168902,5.99703727149,22.4418043955,2.69047001883,16.4252197622,0.614700418983,4.79859048513,2.68159207847,0.719808879407,1.69281664404,2.55501199627,1.50174943473,2.36983740661,1.73109052199,2.12344106961,1.91977590153,0.862190895805,6.2331456058,4.25412723408,0.777094047376,2.94190698705,0.743288252121,0.717660329196,0.383134934041,1.08788979794,0.93035833012
sobol__0002842,100.95205757,11.45463956,-1.25730885,59.6901283,-43.34072731,12.30821246,-23.08976163,1,usable,Converged with independently replayed constrained generalized-force equilibrium and small reserve torques,443.974137,0.0296113621331,4.69392418267e-08,2.58714100807e-13,1.26644102529e-06,4,0,0.113287559906,0.0101178799429,0.0100186521355,0.0100246713234,0.0339973374897,0.010006092773,0.0101007024724,0.0100216771807,0.0237940518428,0.0101394737619,0.0100368937648,0.010015549249,0.010018034514,0.0100148384999,0.0101362535564,0.0100070301936,0.0100089838438,0.0100091466533,0.0100320334403,0.0100243657497,0.0441582254885,0.0335777823945,0.0544683934315,0.0483648216363,0.0349888799289,0.0101473078567,0.0100181854414,0.0259698758732,0.010025010465,0.0101150825195,0.0270413801193,0.0100722765658,0.0100569792721,0.01008380503,0.0100571600124,0.010055903623,0.0100361521169,0.0100408710988,0.0100458796603,0.0100576448662,0.010039831133,0.0100324309155,0.0100385646134,0.0100453193906,0.0100333479122,0.0100449051906,0.0100553227912,0.010061583661,0.0100677241997,0.0101292694,115.043276781,11.0957945047,2.00813959515,4.73542082059,36.5494783699,13.0676988786,2.5622834802,1.33249177114,9.94822726801,5.38637857015,0.986944696663,2.35934915551,1.64108838376,1.66618422625,1.68691228915,5.47918244889,6.77967682568,6.6294394772,1.23073605898,3.62927337178,21.6728187405,10.5716699966,63.3897233474,13.3485373129,11.800821334,2.56074000298,1.93218793197,10.2728134627,4.60033250842,0.922442534152,12.0859989553,2.71756329252,0.756727834503,1.72624293996,2.49616390611,1.44991282428,2.34511229905,1.72402861638,2.13345696274,1.88334224967,0.354825425061,1.09405030165,0.947633678725,0.489566782859,0.722933477079,0.474936299504,0.797208113425,0.440702806326,1.38818740411,1.10292759711
sobol__0002850,75.63955757,62.23588956,-8.28855885,17.0338783,44.15927269,21.60508746,-2.46476163,1,usable,Converged with independently replayed constrained generalized-force equilibrium and small reserve torques,447.628113,0.163178302458,7.78419639857e-08,9.40513400674e-13,5.82345877943e-06,17,0,0.18500608834,0.184979207138,0.0100246586814,0.0331034400506,0.169986383935,0.0100049392668,0.0184546386166,0.0100082532739,0.0100052885906,0.0100017717743,0.0100022653893,0.0100059095871,0.0100053024041,0.0100058500073,0.0100081930334,0.0100016154169,0.0100021193182,0.0100025862772,0.0100452377224,0.0100452377224,0.0860174325736,0.0100222683754,0.195847405138,0.0688350395491,0.0522544299055,0.0544689740874,0.0459874003291,0.0100073865035,0.0100166985021,0.0100117925433,0.035271780849,0.010018454272,0.0100334464705,0.0100239166854,0.0100070582623,0.0100097880287,0.0100113933,0.0100133111129,0.0100105128096,0.0100093476093,0.0101536857543,0.0255628928543,0.0198431943204,0.0102582360634,0.0157971806396,0.0117198612909,0.0100622347857,0.0100239711088,0.0100092569882,0.0100114803788,214.58791078,188.18519118,2.00475347333,16.5159753647,180.856628034,13.0694969,4.70686883199,1.43951351567,4.19026971268,6.04417806762,3.68075220467,2.64794251162,2.8420775765,1.8013025587,1.88930400404,4.88399312486,5.83013852664,4.73020435545,0,0,22.6996993953,1.51528260761,230.218890459,16.7363269276,14.0658814334,11.9031314985,8.70451713332,3.81155828629,4.49314117353,0.964061505383,19.5705840593,2.57117114605,0.755299283129,1.71586366664,2.5896387696,1.62528880758,2.37042621248,1.73098320618,2.07005070961,1.97475311821,0.366864093673,2.78984673473,1.87217733805,0.500598560808,1.14313912933,0.50239951703,0.570168052381,0.397255470146,1.53634260982,1.03399878515
sobol__0002858,109.38955757,21.61088956,38.58644115,41.4088783,-25.84072731,15.04258746,-54.96476163,1,usable,Converged with independently replayed constrained generalized-force equilibrium and small reserve torques,747.275093,0.080924770185,6.3355543034e-08,2.83752509602e-13,1.74450204634e-05,4,0,0.100055678929,0.0100053929156,0.0100896159693,0.0100103950908,0.0141780487759,0.010004590417,0.034889480603,0.0115187406473,0.121560122374,0.0673449766,0.0101548007087,0.0100586562257,0.0100554193832,0.0100315555908,0.0217859541439,0.0323674210019,0.010011763631,0.0100120923265,0.0101132207657,0.0100277352055,0.0100401240801,0.0746143636223,0.0867391346383,0.0728010480205,0.0101132207657,0.11164016356,0.0100047887436,0.0598901690258,0.0100025093886,0.0102186835923,0.0659881057384,0.0162261082969,0.0100310465969,0.0100184455506,0.0100395696784,0.0101305972241,0.0100119004651,0.0100183394584,0.0100211670133,0.0101614698792,0.0100387839405,0.0100198104779,0.0100534026183,0.0149843921287,0.0100203839918,0.010093107469,0.0226267090249,0.0341220008124,0.012237211121,0.0662201278941,119.581761241,10.9497489568,2.03226622617,4.8146655515,12.0702548891,12.7585970724,9.34742992769,1.51460098148,48.2225112897,27.5380439687,0.791739934897,2.29314968556,1.63014232741,1.67573673536,3.12897446518,18.4058637076,6.57064631291,6.37189562741,0,3.778886805,4.33463704624,23.6375356986,102.117375972,19.9421320822,0,26.8505070472,1.8571092744,16.1730674742,4.79878878255,0.500838733313,28.5068827484,4.6039258445,0.675247280579,1.63888657195,2.14298590271,1.25022500122,2.15378985597,1.60627194659,2.12754869746,1.66842726097,0.395432112202,0.999628807003,0.89664584503,0.681331976906,0.713947594506,0.462799071957,1.98072903647,1.41233823278,0.98009362899,6.28910342632
sobol__0002866,92.51455757,1.29838956,-41.10105885,69.8463783,9.15927269,-5.73866254,53.78523837,1,usable,Converged with independently replayed constrained generalized-force equilibrium and small reserve torques,598.878559,0.0298085823656,2.27162875843e-07,1.92104686896e-13,1.98994514667e-05,14,0,0.0100031182378,0.0391809845999,0.0297161206677,0.0417406331152,0.0258209205904,0.0259755882578,0.0100594992121,0.0113077348055,0.0100072728903,0.0100089487435,0.0100488808226,0.0201050684253,0.0177531478583,0.0260835433329,0.0100162961551,0.0101991664418,0.0100106859422,0.010010864837,0.0100292023243,0.0100452378605,0.0613430298411,0.0136831773239,0.0522885586494,0.0414789236491,0.0302299189916,0.041084036879,0.0776176306213,0.0100021040415,0.0100092348568,0.0100120938637,0.0100515318382,0.0100281509776,0.0100339986001,0.0100040329564,0.0100016627791,0.0100024272514,0.0100024313347,0.0100030036651,0.0100024044288,0.0100022309689,0.0101551452282,0.0343599598216,0.0295791358361,0.014016881993,0.0217828915939,0.0101948837376,0.0100387807313,0.0100101347638,0.0100064191327,0.0100039104276,7.17655211401,43.0928531043,5.7609172223,20.833690756,26.1453330464,32.4386641423,2.17781918733,1.51701154639,4.38443790879,5.98409656872,1.75550895988,4.86978901722,2.96978565348,4.32873433327,1.83143759254,5.48922803591,6.88501384275,6.7369318172,2.04938514811,0,27.1804438079,4.33371945585,59.8284090927,11.1488738236,10.1965504186,7.51561512846,10.336126153,2.7770163582,1.1442663799,0.255776584263,5.58995027296,2.79229960907,0.0378429427802,1.12393614223,2.34128570681,1.52589017668,2.22605932554,1.61686050842,1.8859817998,1.83411605151,0.134766571998,1.87427745229,1.534125318,0.459696642966,0.787770552278,0.237738326319,0.558767414181,0.45468040861,1.87134411412,1.0876631299
sobol__0002874,103.76455757,41.92338956,62.02394115,126.7213783,-60.84072731,0.82383746,1.28523837,1,usable,Converged with independently replayed constrained generalized-force equilibrium and small reserve torques,609.821475,0.173449627766,8.9055532726e-08,2.84217094304e-13,1.81619590127e-05,19,0,0.0812674098435,0.0100006066441,0.0227063720939,0.010000870301,0.069102881943,0.0100004261614,0.148450136149,0.0399923218541,0.282157485531,0.0767840665337,0.0100188253653,0.0100131271549,0.0100093745282,0.0100050076213,0.0563031520852,0.0761060845743,0.0100032768551,0.0100032756625,0.0100101874005,0.0868089698488,0.0100064065395,0.0513870532534,0.158002642434,0.0100586656422,0.027831734057,0.0435885149827,0.0263417766798,0.0100025964494,0.010011920398,0.0100074721567,0.010005036409,0.0100113984853,0.0100207866263,0.0100071499572,0.0100042527787,0.0100065365616,0.0100063708836,0.010007851116,0.0100063548539,0.0100065211766,0.0101467575965,0.0308706200369,0.0222647255723,0.0121863383424,0.0145582402567,0.0106632269574,0.0101986105386,0.0100262810237,0.010008615753,0.0100123975659,97.5838645384,10.6921679852,4.4457335837,4.99221728473,52.1728528247,12.5987259176,39.9734505997,5.38571864574,95.1504563689,29.3758401052,0.88840247831,2.45336184106,2.12325598142,1.7160138097,7.73428500964,8.18891510974,7.17313882345,7.17594453318,2.79251732914,30.3120254328,1.34916622436,4.17504003227,116.106677207,0.743151092324,5.98680230123,10.9144751676,4.23770372019,3.74323359153,1.68722970786,0.898058719507,5.44727876141,2.48946634514,0.37336775985,1.56129194352,2.58802425226,1.60163588645,2.36813737962,1.73010913564,2.10800788603,1.97206140526,0.276243043031,3.16702974167,1.91388845101,0.592797439806,0.821190437342,0.44724612166,0.776454782246,0.46118712663,1.93845727566,1.16838622087
sobol__0002882,82.67080757,44.97026456,-23.52293385,62.7370033,-37.09072731,6.56602496,-46.52726163,1,usable,Converged with independently replayed constrained generalized-force equilibrium and small reserve torques,462.253922,0.0869479453853,3.00217664062e-08,9.73443547991e-13,8.73124379586e-06,0,0,0.162356389303,0.133530116714,0.0101097159132,0.0188246026228,0.140417916853,0.0100260474421,0.0171972994627,0.0100618742181,0.0100547296681,0.0100176814252,0.0100291366992,0.0100447845507,0.0100410959857,0.0100451668265,0.0100936041412,0.0100318058734,0.0100744161022,0.010075668859,0.0102189845576,0.0101075175489,0.0481888727486,0.0100480767982,0.0447937418139,0.0507313784366,0.0102998221954,0.0693753759432,0.0100235093943,0.0588568907066,0.0100126011918,0.0106004731968,0.041048727318,0.011243007396,0.0101348084355,0.0100951260204,0.0102823566144,0.0107335882161,0.0100654977688,0.0101012389263,0.0101389093059,0.0117938100671,0.0101630893056,0.0100874827839,0.0102570401595,0.0111344084306,0.0100949025885,0.0103072484296,0.0107562089936,0.0184719786625,0.0104424544414,0.0357725636885,197.530873565,141.674469644,2.03602714742,9.19062731801,145.873430736,12.651159554,4.196844002,1.4332492786,4.23151709088,5.90724999643,2.51289649848,2.62620367884,2.74575515595,1.77452557229,1.80120573141,3.73841524369,6.8562534595,6.70692667768,1.51209434418,3.71012208787,25.0658507869,3.18323062892,51.8855272083,13.9948590616,0,16.7100738958,1.93336872645,20.8950986754,4.80327128658,0.769900520595,19.8485265101,3.09032338178,0.761144302252,1.72579966167,2.27369049317,1.38490719319,2.15012225845,1.6214649636,2.15302049076,2.0170776456,0.397388700684,1.06052602139,0.946765082302,0.518663402908,0.73086227382,0.482712719473,0.940513397409,0.830959558791,1.0615058432,3.80990040815
sobol__0002890,116.42080757,4.34526456,60.85206615,5.8620033,52.90927269,-4.37147504,-9.02726163,1,usable,Converged with independently replayed constrained generalized-force equilibrium and small reserve torques,629.442282,0.203364784219,6.93697250753e-08,2.34479102801e-13,0.000136203595377,17,0,0.0100005894263,0.0100004449603,0.0437544147852,0.0295986633545,0.0100005952826,0.0100007546605,0.038879734895,0.202620130445,0.0473302370298,0.0100019487999,0.0100018052998,0.21815460916,0.108557316211,0.108318017486,0.0511375244903,0.17331449128,0.0100041549791,0.010005338858,0.0100452377273,0.0100452377273,0.145131136857,0.0430989801454,0.112273424635,0.0257202381648,0.0273593288055,0.0458370717853,0.0524861549767,0.0100033728822,0.0100127848745,0.0100085165415,0.0715820977777,0.0108840717914,0.0100186315499,0.0100099618599,0.0100056055509,0.0100081211423,0.010008911065,0.0100106306975,0.0100085721338,0.0100078088077,0.0102911680496,0.0326711259284,0.025903271686,0.0114464616656,0.0177634801041,0.0112314300164,0.0100813657179,0.0100224061693,0.0100080879646,0.0100102786846,9.03997127277,11.0007587348,8.81053420434,14.774046265,6.7480978309,12.4359018752,10.472305137,25.2904650948,19.6687240699,5.5272356463,2.12122169296,41.0611379629,10.6308870103,16.7845679702,8.82158457464,124.796504342,4.87313697034,3.68607377152,0,0,34.898739984,9.03650822144,130.685558246,6.01379839514,8.74733892835,11.3956462542,10.0817026618,3.80816521183,4.79690992944,0.93838420966,39.4767970212,2.70285723272,0.742474667442,1.71152856184,2.58933690681,1.62520775438,2.36962153005,1.73075405917,2.0859577454,1.97445857034,0.336966336463,3.56759260791,2.44515298402,0.557663544674,1.24163965901,0.509845700373,0.729979554355,0.461014179006,1.77421064151,1.16814046515
sobol__0002898,88.29580757,16.53276456,-18.83543385,107.4245033,-72.09072731,7.65977496,9.72273837,1,usable,Converged with independently replayed constrained generalized-force equilibrium and small reserve torques,395.484301,0.034230791513,9.01179504353e-08,1.28341781647e-13,1.11699309194e-05,8,0,0.117966368407,0.0390177797004,0.0100185032109,0.0100503809143,0.0419077595178,0.0100071084637,0.0100728183225,0.0100181129313,0.0101137421962,0.0100130197389,0.0100201555422,0.0100137121657,0.0100151686763,0.0100135166828,0.0100516091604,0.0100100180896,0.010013052415,0.0100131548847,0.0100289682519,0.0644556982999,0.0727416456468,0.0268260141244,0.0442770867648,0.0100041933539,0.0100074357336,0.0130011244555,0.0220998961139,0.0100034285336,0.0100214352936,0.0100096303134,0.0100043642217,0.0100158947317,0.0100213637842,0.0100096776861,0.0100068708998,0.0100100102167,0.0100111920084,0.0100129116589,0.0100104195404,0.0100101200501,0.0100719828017,0.0147030257897,0.0105086875289,0.0100764043532,0.0103276204491,0.0100760855658,0.0100448464299,0.0100245381864,0.0100108002836,0.0100124386008,124.642926355,42.6332244095,2.00843651601,4.96212743089,44.6141757633,13.0594857248,2.47422611452,1.35889219978,4.28591689066,5.70940364525,1.30483982834,2.48617643724,1.94340034344,1.69336136697,1.71123554683,3.35127303401,7.18166754522,7.10322743723,2.79663689573,21.9216280343,35.1654426028,6.77644815746,46.0775591438,2.42867162087,3.16569408234,3.1455785957,3.73691207535,3.8335059144,1.82925020111,0.926075652818,5.57090776182,2.37754596796,0.499649223602,1.58062007159,2.58966221292,1.61839017416,2.37052138699,1.73114864999,2.09173604077,1.97457413485,0.253053007925,1.38083922236,0.828713753554,0.462201893509,0.571910375969,0.382985029023,0.690398943689,0.45965190764,1.97688086704,1.1683030475
sobol__0002906,99.54580757,57.15776456,46.78956615,83.0495033,17.90927269,18.59727496,47.22273837,1,usable,Converged with independently replayed constrained generalized-force equilibrium and small reserve torques,883.600465,0.236610833987,4.69574530371e-08,4.36753632698e-13,2.12227584964e-05,20,0,0.194792646747,0.0100004818572,0.0101893883024,0.0100005210192,0.130917906187,0.0100002392976,0.256746350831,0.0304970348683,0.196261476662,0.0224275937977,0.0100093949988,0.0100084695522,0.0100048171048,0.0100039292826,0.0828057592323,0.153658096122,0.0100189207873,0.0100191557558,0.0100355068974,0.0100452373405,0.0100005887204,0.077104926811,0.0246330682203,0.0185756339653,0.0139635140843,0.0699922935122,0.128361613043,0.0100011173952,0.0100452373405,0.0100060102825,0.0367846840044,0.0122542772708,0.0100445494014,0.0100034249283,0.0100014145183,0.010002096564,0.0100021631426,0.0100026539835,0.010002104869,0.0100019937976,0.0184509812833,0.0758343252386,0.0588481595018,0.0295292575318,0.0415462126439,0.0158987905437,0.0100394050089,0.0100084803191,0.01000180071,0.0100026022424,219.926342824,10.3936451388,1.91446982153,4.9878672231,118.423665155,12.769697456,69.1614560938,4.27070545726,68.0859977596,10.7703477748,1.7948580969,2.58415180043,2.71188251375,1.76757785679,13.1488328932,30.0617377708,7.01944799462,6.87180757278,2.56555499454,0,5.23249691514,24.1550678152,27.4510196869,4.76837350875,4.70966367669,11.006088139,21.7330967034,3.17279939531,0,0.417265600393,19.6855971472,3.34699079676,0.00142402234532,1.10158815658,2.42281988935,1.57361018712,2.25309629714,1.64177972542,1.93755596886,1.89606739189,0.354185812142,5.07624824283,3.44834223315,0.974961894354,1.87902236262,0.333417768371,0.39690464997,0.422361310088,2.00906670529,1.16719614009
sobol__0002914,79.85830757,14.50151456,21.00831615,125.7057533,-19.59072731,10.39414996,37.84773837,1,usable,Converged with independently replayed constrained generalized-force equilibrium and small reserve torques,622.284725,0.0507513216865,7.61058487342e-08,2.91322521662e-13,1.15015049556e-05,13,0,0.0737061825871,0.0100092472155,0.0100441097966,0.0100141991118,0.0661162654187,0.0100046100145,0.023495877926,0.0100424950698,0.032633092899,0.0399136608257,0.0103215790943,0.0100247528309,0.010028451985,0.0100258121373,0.0136944140881,0.0100260867793,0.0100070648938,0.0100070634498,0.0100203432536,0.0107557777089,0.0835370887402,0.0543013766427,0.104837605672,0.0100804826227,0.039841061043,0.0276658886556,0.0790355898127,0.0100055951279,0.0100649627745,0.0100647771934,0.02765378865,0.0100429627211,0.0100649627745,0.0100150998964,0.0100037280479,0.0100054110117,0.0100058362948,0.0100070629187,0.010005590211,0.0100051158627,0.0116428764724,0.0447086772431,0.0327582781677,0.0159220566406,0.0237156581372,0.0103554332642,0.0100539514226,0.0100170306752,0.0100048371743,0.010006167907,80.5976190351,10.8072570263,2.02260175895,4.95392065307,64.808166328,12.7399162008,6.2103040547,1.33587087396,13.5026105982,20.4858557166,1.1025261307,2.29623281913,1.59835252674,1.66573678731,2.35250348703,2.29621314192,7.17684188705,7.17848391838,2.81361148132,4.08216652758,34.2735293616,9.08812694055,79.2254532812,0.0404405035706,11.1106662867,4.64989542719,12.7630487303,1.77537959653,0,0.000374848350614,14.1328420414,2.85828397816,0,0.669132859172,2.48001035459,1.60528581691,2.30023758143,1.67494306262,1.98079896571,1.93105517966,0.249458067009,3.39233311422,2.10907579029,0.603174505505,1.10242529214,0.266259417381,0.522341654708,0.458151943884,2.00830200377,1.16744215613
sobol__0002922,113.60830757,38.87651456,11.63331615,68.8307533,70.40927269,16.95664996,15.34773837,1,usable,Converged with independently replayed constrained generalized-force equilibrium and small reserve torques,554.515169,0.0961066228657,6.04517822467e-08,3.33955085807e-13,1.14775898521e-05,19,0,0.163926421609,0.0100016920857,0.0100310290734,0.0100030501878,0.0509104688429,0.0100009331327,0.0557231273066,0.0101481962548,0.139222804392,0.0456614172211,0.0100215408579,0.0100136438913,0.0100104189344,0.0100072481404,0.0101419385592,0.0702775726558,0.0100062946658,0.0100064139617,0.010022490692,0.0100452378913,0.0100046467189,0.0295880605592,0.0982488078148,0.0306661007539,0.0480319719744,0.057725500709,0.0683867634633,0.0100020371885,0.0100047370353,0.010005331233,0.0785538648711,0.0120632800347,0.0100112030572,0.0100054480985,0.0100032668221,0.0100049274808,0.0100048640486,0.0100060127117,0.0100049807795,0.0100048640863,0.0125252720922,0.0548496188166,0.0393066833687,0.0211148523408,0.0247526220169,0.015727881746,0.0100946461354,0.0100201368489,0.0100056195355,0.0100077838088,199.415220345,10.9249791632,2.01924761153,3.71782416731,54.3118724005,13.0599968632,14.2571434369,1.38378310305,54.0637776586,18.9620073049,1.01568780174,2.53948761071,2.35384820636,1.73767530227,1.38945216851,32.0063785238,6.87193166203,6.7238165004,1.97102163494,0,3.19257188707,9.30659173999,112.623788467,8.40077556485,16.1911616789,11.5663998632,12.7254680367,3.96511123159,3.3000774392,0.965988304717,40.7354203922,2.49851233887,0.680423476346,1.61147260946,2.55383924399,1.62550462711,2.3513809195,1.71348495342,2.02410645304,1.96876666722,0.315939366155,5.1130024475,2.98345596805,0.90371848109,1.42835614307,0.542639436374,0.495914418826,0.426700060014,1.89669853575,1.14855617669
sobol__0002930,96.73330757,51.06401456,81.94581615,48.5182533,-54.59072731,4.92539996,-18.40226163,1,usable,Converged with independently replayed constrained generalized-force equilibrium and small reserve torques,420.907688,0.11804048249,7.88895704318e-09,4.40536496171e-13,9.43793128548e-06,7,0,0.166663371123,0.0100009557884,0.0101482966641,0.0100013286005,0.0567744251088,0.010000839509,0.0609042061861,0.018838180944,0.181509079352,0.0604584283579,0.0100293303458,0.010015658082,0.0100119548257,0.0100076929822,0.0440798358316,0.139605775102,0.0100073116203,0.0100074666991,0.010040419589,0.0100190347507,0.010002261119,0.110066667486,0.0549449676742,0.0503493723482,0.0473617655466,0.0225985315853,0.0100257561661,0.0113051360496,0.0100133937016,0.0100464557353,0.0294225536607,0.0100944343779,0.0100446295385,0.0100450588511,0.0100256703427,0.010032787649,0.0100230381512,0.0100275909052,0.01002728806,0.0100316365938,0.0100473692349,0.0100632889997,0.0100931837055,0.0100660756672,0.0100445644032,0.0100620258761,0.0100669108424,0.0100537872885,0.0100292736302,0.010056263824,194.674867272,10.5008009759,1.87184140352,4.78650941554,40.7867302192,12.3151663624,15.233414785,2.56564876073,60.1436407326,24.8079554567,1.0699733059,2.49049454269,2.30709191349,1.72809424629,6.59580555811,45.82258445,6.65454749951,6.4900757916,0.279200987271,3.54363081217,5.2003444078,34.8450043032,64.6334410722,13.8464697834,15.9751235078,5.70454526153,1.93332747262,4.31778489842,4.76194254991,0.873881425879,10.4937600422,2.58204165455,0.756234454402,1.7195681099,2.51386608981,1.47388545902,2.33458243294,1.72096033741,2.12941826297,1.91115484471,0.331819645371,1.09888436133,0.952739345004,0.490936838385,0.70578649097,0.47417042274,0.81889867023,0.460927078439,1.55408144179,1.16630875628
sobol__0002938,107.98330757,26.68901456,-58.67918385,24.1432533,35.40927269,-1.63710004,-40.90226163,1,usable,Converged with independently replayed constrained generalized-force equilibrium and small reserve torques,498.822837,0.210116670326,2.35356898415e-08,7.53175299906e-13,9.53368242241e-06,14,0,0.176342480776,0.0353823152532,0.0100032390388,0.0100107530453,0.368697151435,0.0100025053105,0.0357186749505,0.0100034839857,0.119774458346,0.0100072344631,0.010005027485,0.0100021594465,0.0100019794974,0.0100019530088,0.0185480742967,0.0100009579527,0.0100040679004,0.0100046349831,0.0100452382658,0.0100452382658,0.0104331227942,0.0251693265908,0.0946995616407,0.0446741019318,0.0100452382658,0.0946160456324,0.0100053814031,0.0136117549547,0.0100023857083,0.010025539439,0.0348961053908,0.0100422992097,0.0100217944422,0.0100136722685,0.0100138563875,0.0100252580459,0.0100089347366,0.0100129377732,0.0100145152868,0.0100295659823,0.0100378307905,0.0100263032188,0.0127501344792,0.0109463364335,0.0100262667074,0.010197962533,0.0100538218927,0.0101466153761,0.0100154913353,0.0101189554226,155.727270974,39.0291484388,2.00511700398,4.99716034403,346.722749469,8.37052059062,4.3327248211,1.38957712617,51.3473571803,5.85212122509,1.7019670651,2.58292042549,2.47715375909,1.73475743365,2.83590637386,6.04185800404,6.23176559998,5.39621278758,0,0,1.73063852937,5.92722196752,111.471317457,11.2799630994,0,23.4418406766,1.93001992168,4.37629316583,4.41039393423,0.656189800793,19.3625936015,2.63511608613,0.638343188262,1.63155513403,2.51176528994,1.49836173147,2.26144247192,1.69706521299,2.12682083685,1.92881979695,0.389833812552,1.05785278847,1.17567690298,0.506178425125,0.725866693669,0.481985079802,0.822342407962,0.466258197181,1.14883758386,1.15579038189
sobol__0002946,86.18643257,54.61870206,38.00050365,79.4948158,-76.46572731,12.71836871,-9.49601163,1,usable,Converged with independently replayed constrained generalized-force equilibrium and small reserve torques,332.097149,0.112740727988,3.37891137292e-08,4.55654341389e-13,3.32776401507e-05,20,0,0.176719443774,0.0100057661229,0.0100356860715,0.0100030323517,0.160315041485,0.0100012070639,0.0677179978576,0.0100136145476,0.0100189232189,0.0100062448066,0.0100103993229,0.0100075423702,0.0100066628076,0.0100078381131,0.0103383306681,0.0246384395081,0.0101250143179,0.0101205970096,0.0100516944718,0.187979340728,0.0383968444113,0.0767056677999,0.0100213646399,0.0100012550618,0.0100071777612,0.027585370483,0.0100039862063,0.0100026800982,0.0100018897241,0.0100074426187,0.0100017774327,0.0100074221104,0.0100092956854,0.0100047597634,0.0100074230426,0.0100137101836,0.0100075131894,0.0100100359819,0.0100095655249,0.0100172380016,0.0100268898164,0.0100148829596,0.0100221033456,0.0100398921547,0.0100180490352,0.0100502264024,0.0142762773139,0.016676876021,0.0304540344463,0.0439130145056,203.041919613,10.2818964013,1.93960575966,4.99331320601,156.371686876,12.644237806,18.2410782389,1.40963761991,3.89317167178,5.13007267892,1.87393779938,2.58683953248,2.69356806844,1.76266565343,1.79881901198,5.53821708443,7.05881945157,6.90617402904,2.52028929516,63.0148077706,18.935617361,23.0689820871,11.2519323869,2.71970527326,3.36955391211,6.96460504577,1.92487520144,4.08002593544,4.34210027272,1.010578017,4.32807094085,2.3391266625,0.723961866704,1.69207199858,2.54039690568,1.4900742577,2.36053568362,1.72726140515,2.12457881888,1.92741009428,0.309312338387,1.09163644392,0.928621282453,0.489754736215,0.669249382934,0.458315259567,1.06070795599,0.735114413118,4.87494184646,4.94670268682
sobol__0002954,119.93643257,30.24370206,-8.87449635,120.1198158,13.53427269,23.65586871,-46.99601163,1,usable,Converged with independently replayed constrained generalized-force equilibrium and small reserve torques,533.806053,0.0799440048039,2.16013713583e-07,3.76587649953e-13,9.16866482547e-06,2,0,0.0955633344903,0.0100046874753,0.0101216397875,0.0100127596314,0.038548453682,0.0100040710478,0.0427274434969,0.0123268830419,0.124114426603,0.0785618298388,0.0101245389834,0.0100592853066,0.0100455619295,0.0100269724828,0.0105849045262,0.0366963111,0.0100192305624,0.0100192398868,0.0100522994568,0.0101270123393,0.010021284777,0.0546812525576,0.0846010839528,0.0105700813135,0.0101270123393,0.0104376631896,0.115151178323,0.0100156294032,0.0896249277213,0.0100386728683,0.0542328465565,0.0129177225734,0.0106247784189,0.0144885811202,0.0100450085687,0.0100484353454,0.0229629395889,0.0119177307019,0.0101841062914,0.0100485084054,0.0203904061062,0.0525869964768,0.0361454086531,0.0105909781195,0.0369680344941,0.0126069233317,0.0100737445549,0.010048169368,0.0100343414863,0.0100246538956,115.922075686,11.0353175084,2.03856249643,3.77981060092,41.4466788667,12.6786590662,10.4294252648,1.66624886166,50.170775294,35.032584594,0.873285568656,2.53505148724,2.21003210674,1.72427338428,1.44454894394,11.5834010331,7.18760353868,7.1835137499,2.84666144233,0,5.00426629797,11.966486225,73.5802728623,0.227003217919,0,2.6187989808,21.527837732,4.05315161835,23.1838625231,1.0130691683,25.380526247,3.56277297229,0.678748436474,2.34287974083,2.37034599313,1.36496886642,5.32802148445,2.03229925716,2.16300418216,1.78477905434,0.803266045213,5.32333009823,3.29588405275,0.492920535842,2.67130274859,0.583658466618,0.810496052915,0.379198165043,0.828128474136,0.882703950845
sobol__0002962,91.81143257,9.93120206,70.81300365,26.6823158,-31.46572731,2.87461871,46.75398837,1,usable,Converged with independently replayed constrained generalized-force equilibrium and small reserve torques,662.290217,0.0401936213033,3.07434060431e-08,5.68434188608e-14,1.99118331e-05,18,0,0.0100062226092,0.0100016634584,0.0100271846121,0.0100489686625,0.0100031738679,0.0100018734904,0.0123913047023,0.0396140948483,0.0797200074913,0.0598151709578,0.010044971632,0.0328382975704,0.0159846516032,0.0124641624801,0.0339837673872,0.0195130094956,0.010006081009,0.010006720544,0.010045237757,0.0100105665419,0.0707293033772,0.0623208153597,0.0604554690561,0.0335383593023,0.0191305053213,0.0306298239698,0.0562773984974,0.0100026453979,0.0100071429326,0.0100072728221,0.0500442766191,0.0164908233708,0.0100122811739,0.0100058995742,0.0100031478591,0.0100045569292,0.0100045928852,0.0100055953126,0.010004518885,0.0100042289818,0.0101273387326,0.0293263885683,0.0229769826706,0.0111779466074,0.016529525844,0.0101068747663,0.0100405306818,0.0100150155932,0.0100047876655,0.0100056597854,9.87547321951,10.9451447117,2.0196704256,5.0130859242,6.35632763602,12.4058710981,3.33792261618,5.02207986009,32.964848562,32.5614328106,1.94365849913,6.28551242723,1.70067450236,1.9545713536,5.72895451329,11.3075041257,6.31290620387,5.62046223831,0,3.72275360139,31.7908071093,18.6752555652,71.1727937784,8.5755877974,5.2905975761,5.29470579042,10.1206614745,3.90222203972,3.50475224164,0.921272803715,17.5692488652,4.63114310724,0.648500612221,1.58781042459,2.43165738954,1.57704421689,2.27202841581,1.65276801011,1.95088172427,1.89509407593,0.202562560213,2.24419088645,1.52141339168,0.427183483682,0.830954300782,0.23871457986,0.554661346404,0.460674003672,1.92968768821,1.13339239657
sobol__0002970,103.06143257,34.30620206,-32.31199635,34.8073158,58.53427269,-8.06288129,9.25398837,1,usable,Converged with independently replayed constrained generalized-force equilibrium and small reserve torques,703.076027,0.0868470205938,1.55359206389e-07,2.42256022486e-13,6.07411437228e-06,10,0,0.156105450711,0.0352667313512,0.010014389195,0.0100335289245,0.113884864875,0.0100027734635,0.0187029163229,0.0100119264693,0.0100449498265,0.0100069926074,0.0100121901488,0.0100082166852,0.0100076465373,0.0100080276312,0.0100373771909,0.0100028254578,0.0100046318253,0.0100048389421,0.010045237803,0.010045237803,0.0138616889513,0.0101387727928,0.0845758163729,0.0480906324267,0.154093292735,0.069507529523,0.0100058924418,0.0624391166886,0.0100027716458,0.0100606861556,0.0412174303398,0.010060651066,0.0100266735662,0.0100213859999,0.010039490597,0.0100840628422,0.0100136198291,0.0100207127548,0.0100296493879,0.0103238886151,0.0100359549384,0.0100299016274,0.0101418572271,0.0101749244822,0.0100225809052,0.010095069074,0.0101459012055,0.0103470494536,0.0100191133094,0.0154987974952,189.853231875,38.8431238339,2.01703914245,4.57880855804,116.267986928,10.9305499287,4.05610507014,1.39468372418,4.19543795524,5.58661027714,1.5270520253,2.58710140869,2.55467422964,1.74573170077,1.50843326699,5.95820375238,6.47344686603,6.16558741991,0,0,2.2327377874,2.3752481182,99.5770070018,12.7207789917,51.8497065684,16.8697547672,1.57569772227,25.4345697589,4.73232149326,1.01360826209,22.9313738645,2.39413673228,0.747976956824,1.70421221864,2.57332396479,1.63835503145,2.37078973354,1.73091028944,2.04654984258,2.02924873363,0.23722031502,0.976306734952,0.855620784535,0.492688243411,0.553767714624,0.401388932258,0.685949180997,0.475468315446,2.00988712269,1.79568383044
sobol__0002978,77.74893257,24.14995206,-48.71824635,8.4010658,-58.96572731,0.14024371,18.62898837,1,usable,Converged with independently replayed constrained generalized-force equilibrium and small reserve torques,489.340404,0.0844094199099,3.95176513734e-08,3.62376795238e-13,5.25980093961e-06,16,0,0.154814626166,0.0805348918792,0.0100073421389,0.0100210819629,0.183609316197,0.0100019067789,0.0260143135309,0.0100068410458,0.0101681570709,0.0100037179731,0.0100045645769,0.0100044716745,0.0100043765838,0.0100043210016,0.0100503773824,0.0100013626367,0.010004423705,0.0100055953856,0.010045237682,0.010015704553,0.0444456405422,0.0100521880837,0.0998455078761,0.029343657869,0.0110372438159,0.0293340324794,0.032777889268,0.0100075028859,0.0100174422704,0.0100144109436,0.0234129012796,0.0101329442398,0.0100262543804,0.0100168471944,0.0100068408369,0.0100096745845,0.0100101504603,0.0100119684691,0.0100098307856,0.0100089862075,0.0100725038923,0.0167493026495,0.0121760949022,0.0100876488268,0.0103427834561,0.0100878554664,0.0100494634925,0.0100240814504,0.0100101260323,0.0100116253741,150.030795419,87.6731361681,2.003626403,5.00226741314,179.812425841,10.9892472632,4.86325900326,1.39748769745,4.42332618703,6.00102519596,2.32084726418,2.57449171277,2.38862875572,1.72637148611,1.80418944863,7.03460226127,5.0977348125,3.91732790234,0,3.51091628655,12.8122853731,2.45271520356,116.638787809,6.94764804069,3.32646500259,6.25659917897,6.28387079004,4.03426694739,4.66550174532,1.01098432935,4.30172778757,2.54070497315,0.754936419303,1.71484180152,2.58729379928,1.62648614485,2.37002470019,1.73024557543,2.061436429,1.97457317796,0.283050891275,1.7961919564,1.08708987212,0.490745522881,0.657291591537,0.356738047874,0.700601598796,0.461090460334,2.01198986298,1.16406875904
sobol__0002986,111.49893257,64.77495206,73.15675365,49.0260658,31.03427269,-6.42225629,41.12898837,1,usable,Converged with independently replayed constrained generalized-force equilibrium and small reserve torques,622.707873,1.61407773509,7.54206830322e-08,1.68691192731e-12,0.000135436437067,28,0,0.39892040963,0.0100001124543,0.0100032121508,0.010000156192,0.0100001631917,0.0100000559814,0.19798184775,0.382349084172,0.538229711321,0.0100001396592,0.010000284307,0.288549703834,0.0100034918295,0.0100007400229,0.0100096021863,0.842134727431,0.0100017508063,0.0100017933066,0.0100273122674,0.0100452371374,0.0100002406826,0.0100015697784,0.265051475629,0.236896224681,0.0734378981562,0.0789167011435,0.179750671848,0.0100008937519,0.0100032849024,0.0100026912071,0.0241579272566,0.0100114170137,0.0100055447157,0.0100020300479,0.0100009543138,0.010001403266,0.0100014693053,0.0100018155968,0.0100014182145,0.0100012857143,0.0169681289045,0.0783935145392,0.0601030763334,0.0253474767233,0.047775979053,0.0169027634258,0.0100378478575,0.0100062357505,0.0100033342699,0.0100023631922,439.407235541,10.4452499671,1.84388494523,4.99175071008,7.4618821972,12.6598598003,52.590732478,53.2579856098,155.049695461,5.11940233519,2.1556918152,74.2954694852,2.74168481996,1.77606098355,1.59029454736,255.842366283,6.65675211296,6.493568791,0.321598550469,0,4.74249286192,2.8752434606,311.739980518,65.3764272175,24.5518200035,15.5227799549,25.889242067,3.73109581739,3.82277696059,0.837528756956,13.4579321869,2.65396632052,0.550795369337,1.55115998374,2.40687177359,1.55772122815,2.27372519662,1.65107815065,1.93923928442,1.87154597944,0.278211205643,5.33908754721,3.71822492892,0.966652680171,2.04294567879,0.47304738442,0.584125243024,0.456023760931,1.9392451846,1.10999356594
sobol__0002994,94.62393257,44.46245206,2.84425365,93.7135658,-13.96572731,14.35899371,-37.62101163,1,usable,Converged with independently replayed constrained generalized-force equilibrium and small reserve torques,470.245949,0.0476952951718,6.13403443595e-08,4.83169060317e-13,1.21283929816e-05,6,0,0.153338663752,0.0386142147055,0.0100216526757,0.0100235473496,0.0565452632429,0.0100049512005,0.0103817449852,0.0100167880179,0.010030533437,0.0100076071014,0.0100132681287,0.0100121211874,0.0100112398427,0.0100119539519,0.01003206893,0.0100134798853,0.0100161737333,0.010016387198,0.0100330133199,0.0100283549453,0.0180703231643,0.0100269610853,0.0326104468638,0.0292844215961,0.0100452377763,0.0775631588213,0.0100028095939,0.046370527618,0.0100015322097,0.0101069149921,0.0195190118081,0.0100659264305,0.0100152513207,0.010009255612,0.0100174438049,0.0100419100056,0.0100067387911,0.0100101969038,0.0100120162264,0.0100531877909,0.0100209689987,0.0100120539919,0.010031178915,0.0102286099673,0.0100116457305,0.0100445690853,0.0227472431572,0.0265056689758,0.0175802543876,0.0586585438069,183.374342196,41.1062278744,2.01300312728,4.42821011706,60.8125470219,13.0687616855,2.65470932234,1.40213148536,4.0532788478,5.24679366424,1.66926289709,2.58622414905,2.61495250504,1.75553930808,1.58844166985,2.74883239899,7.11841370824,6.97443896587,2.66972732054,3.80671671017,9.2646245699,2.97191774741,35.4654541889,7.2087514389,0,19.3394068256,1.9268698588,18.9139104062,4.32152535567,1.02064815311,10.6975874739,2.86573339981,0.708301239379,1.67313294155,2.40837281307,1.39795973351,2.30282225066,1.70193748803,2.1264550934,1.82274552748,0.387819667948,1.06627763074,0.943814179123,0.488757862244,0.724628108174,0.474738325883,1.86931138074,1.12177166887,1.93800775385,5.95805509868
sobol__0003002,105.87393257,3.83745206,30.96925365,101.8385658,76.03427269,20.92149371,-15.12101163,1,usable,Converged with independently replayed constrained generalized-force equilibrium and small reserve torques,662.936961,0.0888289597125,7.65692318438e-08,8.23870629522e-14,4.39591871749e-05,18,0,0.010818733717,0.0100028653428,0.0100463674859,0.0100079570831,0.0100162712314,0.0100044892446,0.0149647946882,0.0139535135132,0.0607788857235,0.0598610739346,0.0103836086919,0.0101110356175,0.0100630415662,0.0100375009915,0.0180906804855,0.019807421693,0.010010521065,0.0100106595107,0.0100263647453,0.0100452376744,0.0100008997714,0.0100017930436,0.0598670491823,0.0100010989345,0.0100113774533,0.0730403887495,0.0100048327615,0.0100015233258,0.01000166989,0.0100041884929,0.236738625205,0.0642789099443,0.0100067136062,0.0100032741093,0.010004236874,0.0100076591261,0.0100047140343,0.010006293087,0.0100059509592,0.0100090013502,0.0132773862396,0.0515013434831,0.0497998646864,0.0300988194694,0.0100355368614,0.0146247986611,0.018490647314,0.0150887122472,0.0100758723916,0.0328132119836,10.0178367307,10.953508888,2.01649315755,4.86785327174,8.82939161014,12.6035463565,3.97661952626,1.80336756667,25.3026106242,31.7922375108,1.49869309283,2.10611267144,1.21899727047,1.61101574954,3.15802380934,7.08565157735,7.17019940487,7.04913181554,2.74334037976,0,5.24953592734,3.10581429484,63.6777549314,2.38586720463,3.15029344091,17.9525006186,1.92981190644,4.00222475318,3.13568871838,0.995656273108,85.3631781781,12.5360750935,0.672781632962,1.61793233544,2.58865045291,1.61082937824,2.36896416625,1.73000613577,2.09373481918,1.97329249899,0.462987477794,5.6238714579,4.68460577924,1.46880264994,0.701726177048,0.685844725162,1.13317850607,0.599472552671,1.37337598952,3.29156741114
sobol__0003010,81.96768257,6.88432706,8.70362865,37.8541908,22.28427269,19.00743121,30.81648837,1,usable,Converged with independently replayed constrained generalized-force equilibrium and small reserve torques,475.459306,0.0316567610822,3.65756136489e-08,2.13162820728e-13,6.3196394109e-06,15,0,0.0636866070277,0.0100718683961,0.0100249363886,0.010035325697,0.0282253522515,0.010008794451,0.0100843822885,0.0100268713003,0.0144720119463,0.010139235077,0.0100500364904,0.01002076526,0.0100245933309,0.0100209104551,0.0100886261413,0.0100041436034,0.0100045869183,0.0100047447485,0.0100452381845,0.0100452381845,0.0475862525164,0.0508797202613,0.0867424016084,0.0634010254223,0.0156027058698,0.0287733189316,0.0560569468003,0.0100032364356,0.0100218002955,0.0100081560478,0.0200222659403,0.0100292142252,0.0100171285944,0.010008924228,0.0100043616176,0.0100062181518,0.0100068893361,0.0100081862247,0.0100065664824,0.0100059924781,0.0102028702965,0.0326289675561,0.0230154450322,0.0111832073295,0.0183900685195,0.0101478906572,0.0100415646093,0.010017521938,0.0100052077778,0.010006800141,61.0406436227,10.9685082247,2.00561529078,4.89656823299,29.6932700473,12.906730122,2.61018536018,1.32345959933,6.07970077336,5.55167830111,1.16823991281,2.25682714387,1.45261446957,1.64342877312,1.77978029489,6.35054649677,6.51824322301,6.27760530972,0,0,13.0624914931,13.8144203558,102.127021053,17.2790704536,4.3919538628,5.12940533299,10.8020970179,3.98054267251,2.7832349039,0.955268971814,11.136657378,2.71232706541,0.675303775763,1.60557457744,2.49911055715,1.61493164327,2.30939205068,1.68312825573,1.99009683529,1.94505343237,0.257248828054,2.98298032402,1.72752463838,0.461973414494,1.08672070191,0.283878980557,0.45242358359,0.417711726738,2.00482035823,1.16127802439
sobol__0003018,115.71768257,47.50932706,18.07862865,29.7291908,-47.71572731,8.06993121,23.31648837,1,usable,Converged with independently replayed constrained generalized-force equilibrium and small reserve torques,523.624846,0.195241513363,5.19932896736e-08,4.44314590821e-13,1.58011975754e-05,13,0,0.194173247406,0.0100007696688,0.0101276458543,0.010001300681,0.0763574386516,0.0100003595234,0.131495820162,0.025321662201,0.279479849268,0.031984963308,0.0100079223366,0.0100103030785,0.0100058523951,0.0100037308634,0.0100298836453,0.0528253087809,0.0100023398346,0.0100025368563,0.0100452380667,0.0100655317616,0.0100024865329,0.0979352946435,0.172945508008,0.0736245557894,0.0292211410781,0.025771004075,0.0206357846326,0.0100094090739,0.0175186452886,0.0100164397884,0.0335151818099,0.0100401265395,0.0100325716238,0.0100223247865,0.0100070933638,0.0100100083828,0.0100107207,0.010012552285,0.0100103222248,0.0100095346498,0.0100621391096,0.0115661018265,0.0102074497376,0.0100676453234,0.0101188199172,0.0100755525329,0.0100453136273,0.0100239063066,0.0100095426493,0.0100114450759,229.801082113,10.8209395072,2.02570132412,3.51659039561,80.2237306923,13.0475386838,33.934190343,3.49708621625,102.656512303,13.8122081678,1.35290712394,2.5675627415,2.57083100631,1.75809327773,1.4145016397,28.7067376887,6.38221389352,5.86167954854,0,3.61064901166,3.4402282387,30.8462642394,203.61843076,18.9143106056,8.63542071444,5.38369942766,3.96117351975,4.08269914583,7.6444946298,1.00377245117,10.1527916305,2.6531073641,0.723495770658,1.67912028405,2.57257634245,1.62656134403,2.36408267487,1.72277474892,2.04214381989,1.97403521215,0.257795740437,1.1270158653,0.825141134657,0.45704290722,0.607818610973,0.324583221338,0.619423766363,0.460044296292,2.01179891506,1.1682700132
sobol__0003026,87.59268257,59.69682706,-52.23387135,115.0416908,67.28427269,-3.96131879,-25.43351163,1,usable,Converged with independently replayed constrained generalized-force equilibrium and small reserve torques,516.427691,0.0665697069021,4.00545308032e-08,3.41060513165e-13,2.44241736988e-05,0,0,0.125848675058,0.142870553835,0.0101736725484,0.0289581827585,0.0720581204069,0.0100786557938,0.0108521262831,0.0100868781189,0.0100606714751,0.0100228371503,0.0100310331888,0.0100686179065,0.0100617884271,0.0100685387517,0.0100893589171,0.0103322890583,0.0101514937346,0.0101517485246,0.0102725212179,0.0103657647812,0.0100154895468,0.0100156989513,0.0249520703618,0.0100317630904,0.0263711297399,0.0491088955032,0.0100332627144,0.0101040646974,0.0100160557108,0.0101149571983,0.107643528433,0.0580839219376,0.010107914825,0.0100636485652,0.0104794145667,0.0130988340363,0.010107340777,0.0101708618814,0.010373548236,0.0214335521974,0.0103998756897,0.0102732911694,0.0174414570884,0.0152848935676,0.0101395721196,0.0104261674971,0.010278505452,0.0129937019301,0.0103673539753,0.0250796431155,148.775198895,151.956583098,2.04282562562,14.1319946388,69.9794278785,9.25733552688,1.95685257606,1.45106605763,4.30439387083,6.09453603974,3.54633643415,2.69507299326,2.90300137865,1.83216581203,1.86664450733,0.0488173701391,7.28252133426,7.26200759898,2.90878970981,0,5.22088216963,3.12713234588,24.0517377273,1.17463153295,4.14598466437,12.399015885,1.56927652934,3.91115008646,4.39287444806,0.981736742838,26.6182786312,12.486119354,0.686723234755,1.63616060533,2.70811768935,2.09535637414,2.37470755248,1.75522305076,2.19318040136,4.22392542558,0.337991036765,1.12183498762,1.64633075968,0.741576641008,0.625596770259,0.493012702085,0.78202772307,0.597675223142,1.50119740208,2.92393181935
sobol__0003034,98.84268257,19.07182706,88.39112865,74.4166908,-2.71572731,6.97618121,-32.93351163,1,usable,Converged with independently replayed constrained generalized-force equilibrium and small reserve torques,542.477384,0.0895109139994,2.22673293138e-08,6.53699316899e-13,2.25256143299e-05,7,0,0.0100070024759,0.010000972709,0.0100156213506,0.0417989104819,0.0100018144375,0.010000857016,0.0100452375162,0.0695650634895,0.181322000638,0.0898626113157,0.0170703917302,0.0500299801112,0.0241840545572,0.0100812175684,0.0629796928051,0.0946713813067,0.0100437776596,0.0100438076781,0.0100449530519,0.0100059777836,0.0571134651997,0.0581869776094,0.010047934166,0.0215301084943,0.0504928453235,0.0329982588041,0.0100757017097,0.0100090652102,0.0100063674027,0.0100174265637,0.0974754865045,0.0359221428874,0.0100247992485,0.0100167671694,0.0100162925883,0.0100236959397,0.0100168725075,0.0100205371171,0.0100196986852,0.0100225282496,0.0101077571372,0.0208250309057,0.0208939688945,0.0112300794,0.0101565492032,0.0101478017842,0.0100718909733,0.0100440567143,0.010016045104,0.0100276221433,10.9890897184,10.9375041627,2.01479091818,20.2089478623,5.58174126587,12.4986681206,0,8.86938341517,74.0068305611,46.8578250177,2.73068780346,9.7499350195,2.86746869874,1.61100895032,9.67185304103,30.2904587181,6.95252949891,6.80398043217,2.35679593957,3.7004106153,29.1497087126,18.0850063518,11.3977364424,5.71138559445,16.2628324158,8.22669119357,1.94357612552,4.08252827563,4.58469586446,1.00459262415,54.2997322331,10.2125196623,0.73987231009,1.70753760274,2.50603033722,1.47058162311,2.32030688631,1.71536096606,2.12787324585,1.89629937399,0.362312811666,2.26260401741,1.97211321292,0.540870942662,0.728518607756,0.479979605249,0.824870567875,0.455073703275,1.2645319517,1.11505797957
sobol__0003042,79.15518257,37.35307706,53.23487865,100.8229408,4.78427269,-2.32069379,-53.55851163,1,usable,Converged with independently replayed constrained generalized-force equilibrium and small reserve torques,487.885225,0.0506050365336,2.97650539771e-08,4.25307629843e-13,5.04101153757e-06,5,0,0.108271507825,0.0100031837693,0.0101041414701,0.0100032713031,0.132815231495,0.0100016012563,0.0536704200818,0.0100230010573,0.050464648569,0.0565750507122,0.0106380468187,0.0100100449676,0.010011393331,0.0100115784909,0.0209460970398,0.0281044046219,0.0100163651677,0.0100165523895,0.0100327838467,0.010045237813,0.0100049210398,0.0370979839922,0.0320751416358,0.0247196293456,0.0416412621785,0.0439009381473,0.0100215765135,0.0100104487638,0.0100052851335,0.0100168066338,0.0275550950196,0.0101527485375,0.0100249191746,0.0100159913312,0.0100147199388,0.0100220748172,0.010014567003,0.0100181357046,0.0100166729708,0.0100217719598,0.0100755445617,0.0123328272215,0.0159817642304,0.0102856934746,0.0101205783145,0.0101548491515,0.0100455589356,0.0100443056011,0.0100189706294,0.0100245601184,131.813809576,10.4921361752,2.02157948435,4.96568810566,111.378533557,12.3225304231,14.4547710972,1.36096946621,20.026057612,25.7960211962,1.14676618002,2.44994001119,2.03818798542,1.7051625587,3.5389356297,4.96919877246,7.17029890576,7.04354478506,2.73557200865,0,4.83993810869,10.8598071098,34.22382193,5.01130400612,6.69300398474,10.4201402264,1.87345476142,4.08137701408,4.66724656648,1.01034742539,14.4035951579,2.85294030253,0.729077569723,1.70076839767,2.30475612989,1.36716932785,2.1033111673,1.60359519857,2.12738751216,1.79783468848,0.390863562502,1.30936520915,1.47048411352,0.471253847301,0.730345577183,0.470486140805,0.862885663175,0.460936544693,0.908742954934,1.10166750697
sobol__0003050,112.90518257,12.97807706,-31.14012135,92.6979408,-65.21572731,4.24180621,-1.05851163,1,usable,Converged with independently replayed constrained generalized-force equilibrium and small reserve torques,439.738946,0.0247701255131,1.99914982346e-08,1.20792265079e-13,2.01766057364e-06,1,0,0.10942761434,0.0133793389712,0.0100252223925,0.010035362662,0.0340262865438,0.010008918835,0.0101365425731,0.0100291048368,0.017805583675,0.0100614545541,0.01004126578,0.0100214233822,0.0100234565053,0.0100204815575,0.0101506525637,0.0100127038493,0.0100190355198,0.0100193222175,0.0100450947116,0.0101448673047,0.0526144302553,0.0297041234238,0.0483281167789,0.025204379695,0.0124957744155,0.0100508765502,0.0100407922068,0.0166769875294,0.0113378944487,0.0101486910364,0.0101780999406,0.010059658451,0.0100916944546,0.0101390191444,0.0101303017028,0.0101006309976,0.010093120267,0.0100880403081,0.0100976199635,0.0101076498942,0.0100647301308,0.0100511538856,0.0100553752019,0.0100622846813,0.0100590162874,0.0100639606921,0.0100686093369,0.0100785330999,0.0101300377358,0.0101093538085,102.894235423,14.7562230072,1.98601513394,4.96652223111,35.2215183655,12.4927818269,2.32171576855,1.34941580782,7.58988722177,5.76622892764,1.23375815474,2.4772901533,1.88472629496,1.68799128018,1.65965421955,4.39307111382,7.11129065594,6.96655150733,2.66358165956,3.50928066479,26.9685800945,8.495064415,52.6895407558,6.51566740757,4.03923646236,2.5363904857,1.73813827011,6.62292532767,4.59779594473,0.99173357901,5.46539364572,2.45496974644,0.691529006661,1.66080522617,2.61806800168,1.59548045421,2.38790655688,1.7437312761,2.13299758685,1.98823788421,0.267110995047,1.025157297,0.862548026507,0.487259777797,0.586508744878,0.428230119461,0.757893997873,0.463267085249,1.89295797797,1.17959947001
sobol__0003058,96.03018257,25.16557706,48.54737865,56.1354408,49.78427269,16.27305621,2.69148837,1,usable,Converged with independently replayed constrained generalized-force equilibrium and small reserve torques,514.457836,0.0658711703234,2.33530528249e-08,1.76792340573e-13,8.64975594123e-06,16,0,0.106874004568,0.0100025249855,0.0100387283765,0.0100040149753,0.042928771316,0.0100018547632,0.0363359639961,0.0100813809523,0.102448477132,0.0769903591945,0.0102655367314,0.0100172452703,0.0100184182611,0.0100131453555,0.0226875184207,0.0366925269143,0.0100061334679,0.0100062561835,0.0100303325122,0.0100452376045,0.0100110236481,0.0640790568868,0.080118748454,0.0499448651156,0.0485941712993,0.0535511252587,0.0562807461112,0.0100029690396,0.0100056197527,0.0100072270595,0.064423106987,0.0132013391941,0.0100158869675,0.0100084374882,0.0100049461826,0.010007393842,0.0100073937306,0.0100090279065,0.0100075755043,0.0100073485538,0.0109715698319,0.046236039815,0.0338493830742,0.0174832717753,0.0208760940082,0.0141285793438,0.0100975435154,0.0100244125493,0.0100078180607,0.0100107900527,129.930974618,10.8054450899,2.02124848774,4.99282163087,34.5006615508,12.5603141918,9.78765773433,1.33513427012,40.6261819385,32.2871501514,0.853079257284,2.3017386761,1.6808996919,1.67645103231,3.39474970797,16.2903754438,6.73949082147,6.58693172493,0.929899249187,0,3.99761518972,19.7377478341,93.6974105337,13.7847210939,16.3333230098,12.2209245682,10.852913739,4.07763912981,4.26119622896,1.00845698642,34.9784971164,3.32602206196,0.714633173722,1.65964627512,2.58751600884,1.62608811963,2.36895081334,1.72941779963,2.05658610457,1.97434383849,0.32006066617,4.94922798323,2.94359438458,0.8371089765,1.35611418623,0.566562604917,0.571702235335,0.427558560102,1.72540195545,1.12253731336
sobol__0003066,107.28018257,49.54057706,-17.07762135,15.5104408,-20.21572731,9.71055621,55.19148837,1,usable,Converged with independently replayed constrained generalized-force equilibrium and small reserve torques,491.285858,0.08704478447,2.10472990148e-08,5.18696197105e-13,9.57822912343e-06,18,0,0.187692315112,0.0100099589079,0.0100188510397,0.010010382737,0.0660038651303,0.0100023421946,0.021110823052,0.0100176825538,0.0317548827682,0.0100205759065,0.0100164487626,0.0100112861313,0.010009319499,0.0100093571766,0.0100359728598,0.0100021094625,0.0100024535855,0.0100030183384,0.0100452376722,0.0144694961298,0.0366131005461,0.0597527981552,0.170458229739,0.0500807231137,0.0100248476894,0.0145870673673,0.0598470918499,0.0100026757809,0.0140347395529,0.0100072135982,0.0273729749802,0.0100259178276,0.0100158669015,0.0100070500781,0.0100030073247,0.0100042569466,0.0100049590557,0.0100058448781,0.0100045541314,0.0100039402735,0.0101336144171,0.0233255167136,0.0183236883168,0.0101041484423,0.0169448492675,0.0100592356794,0.0100251296389,0.0100100090567,0.0100030545916,0.0100036989841,222.91210488,10.9017810758,2.01342897042,3.71459255638,69.5476664146,11.0943006654,5.07076664664,1.41740777346,12.8889938647,5.38989358233,1.83714588932,2.62021476876,2.77393685485,1.78049878559,1.53139973891,5.8200036459,5.71125013019,4.58534964116,0,5.49096675091,8.14535205031,15.5970683105,200.252470876,12.2367998656,2.41022087003,2.05571654282,11.4094267959,3.89103088284,3.14819389985,0.911956249679,9.62285993544,2.85310528429,0.571364254985,1.56771094994,2.38907988379,1.55508865976,2.23430695104,1.62648653242,1.91495389676,1.87179235797,0.216321238889,1.79894453424,1.20173521323,0.36920644414,0.887863292601,0.189049727588,0.464240709173,0.459378765243,1.92027743368,1.15097744663
sobol__0003074,84.69229194,49.35014738,56.67726146,52.51727674,59.23739769,2.07139606,-24.55460538,1,usable,Converged with independently replayed constrained generalized-force equilibrium and small reserve torques,510.319244,0.0878802910932,3.10013703597e-08,3.83192883201e-13,1.09868199563e-05,20,0,0.165722272144,0.0100027708336,0.0100618731438,0.0100023920778,0.138724269269,0.0100011885671,0.0677449714496,0.0100192615731,0.0476981980698,0.0195951091333,0.0100316839216,0.0100084177324,0.0100081858605,0.0100087323819,0.0230055235232,0.0349551590676,0.0100058511841,0.0100059730665,0.010033627892,0.010045237908,0.0100059523491,0.0480072084083,0.0782791560292,0.0529433605523,0.010045237908,0.0899126562168,0.0360067004618,0.0100028877587,0.0100031659524,0.0100076820641,0.0458694687589,0.0101014754025,0.0100143728534,0.0100075743322,0.0100047888303,0.0100073808036,0.0100063869418,0.0100081071683,0.0100067427894,0.0100071248222,0.0126882729026,0.0499407942622,0.0475034102585,0.0238396577772,0.0221530102543,0.0183982387637,0.0115078264488,0.0100278094481,0.0100068241755,0.010011297042,194.380132276,10.3589353078,1.9431114333,4.92752739854,119.449026031,12.3329278862,18.2227693681,1.38455525194,18.0731810279,8.86375054217,1.32007446502,2.53554207201,2.42693317904,1.73639726384,3.87773361099,11.4187654641,6.69929089475,6.54266845205,0.620498561933,0,4.31440484565,12.9062561132,91.8923957362,14.6113341918,0,22.7012801115,6.88317674664,4.0426691891,4.79464181199,0.934961178438,24.8221015854,2.38685231171,0.754071832137,1.71327215005,2.58591843168,1.59707999716,2.36117050964,1.72874390304,2.11371872486,1.97095481232,0.41384059715,5.45348205582,4.48407634143,1.16188474531,1.52555387032,0.869657583382,0.864290471312,0.460676466227,1.45474244394,1.1618542513
sobol__0003082,118.44229194,24.97514738,-27.69773854,11.89227674,-30.76260231,-8.86610394,-32.05460538,1,usable,Converged with independently replayed constrained generalized-force equilibrium and small reserve torques,827.486304,0.868097676062,2.55682428119e-07,7.09145783523e-13,6.41777549262e-05,16,0,0.116417759838,0.010003222801,0.0100222416565,0.0100094719919,0.0711766212852,0.0100022141606,0.0261867649189,0.0100306440231,0.0593571237253,0.040377888811,0.0100389183493,0.0100138548433,0.0100131008736,0.0100103193941,0.0106821668327,0.0648172974499,0.025923369987,0.0203655182961,0.0100452376408,0.156433436379,0.0441867399645,0.113745573044,0.0100124569317,0.0100207339825,0.0100452376408,0.729209320487,0.0100005018761,0.447410909219,0.0100002812079,0.0100558911751,0.0100028860354,0.0100051359199,0.0100056325366,0.0100029994311,0.0900737777971,0.112113777906,0.0100021996764,0.0100053506337,0.0311744673883,0.169985566878,0.0100061344311,0.0100017757981,0.0240134539915,0.0531054059747,0.010003227928,0.0495973520716,0.0100050332956,0.0525783264245,0.010003572241,0.0711514703619,131.093521286,11.0342376993,2.01391686634,4.44697546135,73.8988067537,11.5551347155,5.78934313738,1.36037473972,24.6902762379,21.0453183337,1.02975236239,2.53205802396,2.18387098826,1.71604157293,1.5203267525,49.3436438965,14.0086359814,8.63670880629,0,58.2719652665,9.21878800147,32.8174486307,11.736936279,2.41897341176,0,179.782155089,1.92733087299,137.488545303,3.85251667719,0.617387976668,2.9851279327,2.8150942412,0.568783614324,1.51803035745,22.0806573148,16.299798213,2.19430970549,1.66735180628,6.6211681547,32.2381830163,0.379899816896,1.06592074758,2.21578296053,2.44784055107,0.723652339722,2.34585450259,0.847212964684,2.41851673478,1.29488152928,8.28836510326
sobol__0003090,90.31729194,12.78764738,51.98976146,105.32977674,14.23739769,11.91514606,31.69539462,1,usable,Converged with independently replayed constrained generalized-force equilibrium and small reserve torques,661.786552,0.0441892446322,6.36661923181e-08,2.47677300879e-13,1.19763213098e-05,13,0,0.0389876042292,0.010002483615,0.0100461708102,0.0100059389419,0.0138195719233,0.0100026656596,0.023138854335,0.0115185040359,0.0840046499967,0.0929569756775,0.0203660703403,0.0100348489611,0.0100356676706,0.0100241041717,0.0237230210929,0.0299828278634,0.0100118899845,0.0100120084559,0.0100278118171,0.0100452375618,0.0111643837871,0.0719219523073,0.0506534780836,0.0281517187033,0.0317838667165,0.0439952546993,0.0736627630688,0.0100026343816,0.0100452375618,0.0100134411315,0.0179459359182,0.0100510056273,0.0100452375618,0.0100069161562,0.0100027602865,0.0100040448871,0.0100041511423,0.0100050863954,0.010004098258,0.0100038629294,0.0109114303591,0.0449639655378,0.0331868915635,0.0169996025869,0.0226944888139,0.0113501616307,0.010054863867,0.0100146061786,0.0100040286918,0.010005346538,41.6127627528,10.8897180185,2.02347305922,4.99444119731,10.452552462,12.4425294328,6.23268480056,1.49313342244,34.3844513972,46.1505765527,2.71891554615,2.0893525331,1.28763785348,1.62363368531,3.92755613511,8.1482449937,7.17895493544,7.08310381597,2.77662896807,0,5.49870832767,20.7893025358,53.2153291615,4.50711570848,9.97773816946,7.9308731458,12.283725204,2.76902021688,0,0.298231079224,9.12351464067,2.76781017574,0,1.07519385154,2.48576328304,1.60720843879,2.30652712916,1.67961426088,1.98451601841,1.93466515177,0.234150912977,3.50867163901,2.18874069243,0.652262605309,1.08728603757,0.316123180085,0.501694273291,0.454057471436,2.01076380092,1.16756640469
sobol__0003098,101.56729194,37.16264738,-13.63523854,97.20477674,-75.76260231,22.85264606,24.19539462,1,usable,Converged with independently replayed constrained generalized-force equilibrium and small reserve torques,470.638858,0.160014997954,1.29501017909e-07,1.98432009662e-13,6.09167221319e-05,15,0,0.142493584657,0.0163177648715,0.0100204209611,0.0100195898509,0.0336046735853,0.010005113312,0.0101347964091,0.0100200076481,0.0124715920721,0.0100157674538,0.0100200959306,0.0100143657656,0.0100133357865,0.0100133139075,0.0100444796755,0.0100273989387,0.0179894804105,0.0176424291567,0.0100721728042,0.210019253277,0.0817746106861,0.0417386084927,0.0100107032227,0.0100009779767,0.0100005296476,0.0100018840996,0.228093818866,0.010001100855,0.0587605447543,0.010003502458,0.0100012827984,0.0100067343345,0.0105037842094,0.0162326924634,0.0100059911385,0.0100062144279,0.102625985057,0.0522080177294,0.0267760937316,0.0100062572528,0.0323194758302,0.0684036214265,0.0383157493034,0.0100341715113,0.0703003840186,0.0100163351877,0.0100042465212,0.010002915904,0.0100009010619,0.0100010226602,173.560761351,17.8036239891,2.01829545664,4.21167069749,35.8954064403,12.6242265548,2.48654439201,1.39119220797,5.11081887676,5.22503186706,1.40350498365,2.57803265805,2.52035516184,1.74540343285,1.49761325683,3.21342781798,12.8375149074,12.344392621,2.712465295,70.5920548104,40.9113366185,11.6053053217,10.7906233791,2.56790578386,3.36004558402,2.09619603876,42.0534789442,3.85831111467,1.54707360444,0.925676800881,5.30306724054,2.34498393072,0.437192915607,2.53192994703,2.58899011016,1.62522150735,24.2771854382,9.01424600941,5.51137606692,1.97415209052,0.820635612177,6.11309517516,2.8454587928,0.416629590301,4.00526056633,0.318896030526,0.533686384273,0.393680324646,1.8933924122,1.10953684068
sobol__0003106,76.25479194,18.88139738,7.45851146,119.54852674,76.73739769,14.64952106,3.57039462,1,usable,Converged with independently replayed constrained generalized-force equilibrium and small reserve torques,735.923838,0.245065438117,2.62529056272e-08,2.19099887934e-13,0.000150832808326,19,0,0.111168872065,0.0276386587021,0.0100224916179,0.0100465663892,0.0547665222124,0.0100062872583,0.0101958633107,0.0100197346892,0.0101953874823,0.0100179767957,0.0100273464592,0.0100142303686,0.0100165178378,0.01001482286,0.0100576816365,0.0100111085312,0.0100065580541,0.0100065619886,0.0100181123325,0.0100452378561,0.0100002950927,0.0100005126153,0.0893455054507,0.010000701165,0.0100008835474,0.0198505410037,0.0100020655443,0.0100006233272,0.0100035541565,0.0100019257309,0.37176204355,0.21000139624,0.0100060588394,0.0100014996264,0.0100026256932,0.0100053643374,0.0100034332096,0.0100044505657,0.0100044836794,0.0100087942238,0.03572185685,0.130066357116,0.0995088149478,0.0638974435626,0.0100200361111,0.0110876732351,0.0100831275002,0.0166436399931,0.0218149124164,0.0403814666142,126.548385832,29.6972492945,2.01822530376,4.98025036226,58.5396693202,12.9648643719,2.64654381405,1.35072448086,4.2474396522,5.41059654791,1.16748467446,2.41823216185,1.7964333799,1.68346602802,1.75147842803,2.47672003536,7.17854439223,7.17352267447,2.83708338143,0,5.12000954862,2.95406525884,78.7220335079,0.927127075108,2.91406242286,4.09309938524,1.79750229516,3.71967620099,0.814365779493,0.891279291305,64.2129242411,40.6842992523,0.309152308258,1.52563666522,2.58644052193,1.62579788643,2.36800015149,1.72857419046,2.0536116593,1.97455229464,1.05751983988,13.817421012,8.40680439452,3.05449608869,0.594042521936,0.4389066416,0.560920428681,0.724572285639,3.86356970615,4.60798315092
sobol__0003114,110.00479194,59.50639738,16.83351146,78.92352674,-13.26260231,21.21202106,56.07039462,1,usable,Converged with independently replayed constrained generalized-force equilibrium and small reserve torques,494.49793,0.121042469504,6.34544257139e-08,8.66862137627e-13,2.87597908418e-05,20,0,0.204428009278,0.0100011167623,0.0100303121633,0.0100015728785,0.0706133609338,0.0100004448788,0.101178894806,0.0101990718067,0.155798281015,0.0187717769692,0.0100096153018,0.010011168148,0.0100064271154,0.0100050476866,0.0100444683649,0.0573238880401,0.0100123949405,0.0100125891562,0.0100299199613,0.0214315883176,0.0100015080719,0.0382953443805,0.0460243475,0.0240985633786,0.0100033327384,0.0162663645404,0.131799669809,0.0100010960028,0.0100452378843,0.0100055483316,0.0100162904512,0.010021278837,0.0100452378843,0.0100041402807,0.0100014014521,0.0100020245901,0.0100024840346,0.0100029335747,0.0100022366162,0.0100019031533,0.0197794004466,0.066983330919,0.0555780820992,0.0226422797399,0.0453862570674,0.0101531371277,0.010015925104,0.0100050842183,0.0100012186387,0.0100016027908,230.039939866,10.5715449985,1.92878682659,3.5795132811,75.4978841009,13.0201143686,26.2149375837,1.44710684528,59.7386759198,10.0030150398,2.24426367748,2.61634636732,2.7957104659,1.79339099517,1.60643106588,14.7644260065,6.97473873035,6.82687830374,2.50445232457,8.13505761976,5.25142744547,11.9201038791,51.7369248019,6.31544396269,3.37268689397,2.47188585776,22.3401936011,3.15782154679,0,0.425114008586,5.58077386614,2.85302391236,0,1.03922162227,2.41290423255,1.56986377564,2.23987724185,1.63234810954,1.92720585382,1.89120950461,0.360765730633,4.13336963754,3.09667882437,0.698793199058,2.01699422797,0.178255299078,0.385407747126,0.407322465431,1.99066097936,1.16710153153
sobol__0003122,93.12979194,47.31889738,-53.47898854,34.23602674,31.73739769,0.43077106,-52.67960538,1,usable,Converged with independently replayed constrained generalized-force equilibrium and small reserve torques,444.175707,0.0832135804667,3.54685241177e-08,5.33395646536e-13,8.7430017404e-06,13,0,0.166839078425,0.0877428178694,0.0100168891086,0.0251159178107,0.105621625559,0.0100045992098,0.0108259126678,0.0100107784574,0.0100099538376,0.0100044825884,0.010006544281,0.0100081672216,0.0100073301223,0.010008250162,0.0100171273666,0.0100030878473,0.0100041035738,0.0100043008636,0.0100452379868,0.0100452379868,0.0307746204214,0.010023443354,0.0964252176947,0.059465832965,0.0100452379868,0.10976283065,0.0100032292799,0.0417163680548,0.0100017300388,0.0100329627845,0.0625141726589,0.0104975004534,0.0100188856652,0.0100118387162,0.0100230369296,0.0100695724644,0.0100077151108,0.0100120844305,0.0100165677972,0.0104533706999,0.0100250828461,0.0100126764779,0.0100880278265,0.0104464254155,0.0100158312183,0.0101282041984,0.0100311494323,0.0137862539844,0.0100207098617,0.0190697930654,203.129916976,95.5242651961,2.01749676076,12.4305256493,101.474245214,8.80691492749,1.69879999324,1.43845874676,4.2638976114,5.94800405962,2.57966303929,2.64768618299,2.82133336791,1.78978124749,1.72915491655,4.30662467686,6.46413238424,6.13895366069,0,0,6.86795424807,2.213880011,113.52815357,15.9203068455,0,26.4666154379,1.92959031639,12.8140960985,4.33476891615,0.576785893846,34.8197660595,2.7783072802,0.624631264841,1.60849640789,2.37443999297,1.41432996961,2.16725972102,1.64093094734,2.12743809563,1.91871512516,0.394628901757,1.03623093582,0.913521896791,0.474240675749,0.725127453127,0.470690373849,0.846366976574,0.630987259493,0.925673350912,2.07358463398
sobol__0003130,104.37979194,6.69389738,87.14601146,26.11102674,-58.26260231,-6.13172894,-0.17960538,1,usable,Converged with independently replayed constrained generalized-force equilibrium and small reserve torques,502.088095,0.0577963696898,7.346402775e-08,9.45021838561e-13,4.49864790933e-05,8,0,0.0100018219802,0.0100009546122,0.0205022824825,0.0101456424794,0.0100024309963,0.0100010429269,0.0100452379764,0.0689250735799,0.0496921592289,0.0100170566874,0.0100087106737,0.0564525277843,0.0272238033959,0.0233708204892,0.0369934313478,0.0919172111914,0.0100042228686,0.0100047169265,0.0100452379764,0.0100049087762,0.079106341209,0.0405364480524,0.0910142122813,0.0597661062294,0.0431022027979,0.0395090216188,0.0345310060922,0.0113937871425,0.0226094904561,0.0100387178697,0.0816704994034,0.0295462326171,0.0100800559553,0.010898734001,0.0100138156763,0.01001773946,0.0100180418403,0.0100207189275,0.0100180039783,0.0100150568469,0.0100741052235,0.0162554418212,0.0100452379764,0.0101127649687,0.0102398658888,0.0101081576554,0.0100541740873,0.0100298294815,0.0100121681651,0.0100161501106,8.86742818295,11.0103965359,4.12956749526,4.98262504221,5.29285895276,12.5298411171,0,8.39259279178,20.8286860103,5.78750707648,2.66955163341,9.9898769274,2.39467034848,3.53624631207,6.3326364948,52.4638016949,6.29575175903,5.57035876839,0,3.51220683136,40.3492817982,12.3558266622,107.146324567,14.9905545713,14.5193424886,9.97284532415,6.24417129224,4.52200176254,10.8474224312,0.956109328492,20.5101457385,7.43173729079,0.75629485466,1.86465639538,2.59015612499,1.60463022253,2.36777822014,1.7318782634,2.1140868676,1.97417673958,0.289528957995,1.77104583149,0,0.493499057807,0.650171177964,0.439068651629,0.801247035289,0.461310881843,1.93445481162,1.1683587701
sobol__0003138,83.28604194,3.64702238,-47.61961354,90.09540174,-4.51260231,-4.21766644,45.75789462,1,usable,Converged with independently replayed constrained generalized-force equilibrium and small reserve torques,472.854332,0.0237811895652,8.28224151483e-08,1.3345686838e-13,1.6006950446e-05,12,0,0.0345270815729,0.0537114100426,0.0100228213059,0.01027584875,0.0287249437808,0.010017789559,0.010046143123,0.0100200584552,0.0100242290487,0.010009563102,0.0100151849499,0.0100178302668,0.010020278755,0.0100176096522,0.0100349891244,0.010008188511,0.0100135685069,0.0100137677451,0.0100307170054,0.0100348702778,0.0544214227378,0.0103094175765,0.0420980302879,0.0343581340881,0.0285032972539,0.0393606316029,0.0651449656262,0.0100028406214,0.0100244760724,0.0100198734605,0.0177073658052,0.0100538647094,0.0100452376484,0.0100054490529,0.0100020775057,0.0100030408108,0.0100030510001,0.0100037644982,0.0100030120114,0.0100028155356,0.010148226665,0.0332839847464,0.0276402965495,0.0136171330679,0.0188774131169,0.0102180515556,0.0100450746507,0.0100121859092,0.01000536159,0.0100046618383,24.2068985398,59.0981272986,1.94577723854,5.12311062157,28.5335748613,11.8123871622,1.93157129033,1.35349348296,4.40522470693,6.01301827517,1.91920946239,2.46794231182,1.7868239018,1.67396579843,1.83178445431,4.44776692158,7.08328351712,6.93721272935,2.63563329961,3.75043104895,28.5758573202,3.1703826223,46.1813168234,8.58691434772,9.29069542102,7.61493857353,8.63669860183,2.27730941569,0.305423489054,0.139966759405,9.64444308151,2.86066771165,0,1.02622420059,2.40506702077,1.55948181146,2.26567004598,1.64612023454,1.93684650646,1.87402379167,0.150127476111,1.98488108184,1.53478179058,0.475277800825,0.710583133332,0.263961215179,0.58835054885,0.457999160142,1.91520565116,1.10760807884
sobol__0003146,117.03604194,44.27202238,74.25538646,98.22040174,65.48739769,6.71983356,8.25789462,1,usable,Converged with independently replayed constrained generalized-force equilibrium and small reserve torques,439.904766,0.673457967847,2.02565786367e-08,5.28570664018e-13,5.66988809687e-05,24,0,0.119989013078,0.0100002877087,0.0100080515347,0.0100009868206,0.0100004583097,0.010000183515,0.0375232922923,0.207417195819,0.617622491411,0.010000557835,0.0100014834378,0.13043802132,0.010045888636,0.0100017795156,0.036808888041,0.417910321772,0.0100071411615,0.0100072583364,0.0100212607835,0.0100452380847,0.0100024073076,0.0100045843984,0.096828599636,0.0240270805624,0.0367800136073,0.0644680854528,0.0867111717564,0.0100017163577,0.0100061665273,0.010004747518,0.0682043536827,0.0149269303414,0.0100124286125,0.0100049563435,0.0100027473447,0.010004146885,0.0100042889961,0.0100052700339,0.0100042895968,0.0100040139463,0.0156354242565,0.0690795869773,0.0490346795357,0.0255272620098,0.0294838581097,0.018410863799,0.0100974430375,0.0100145617422,0.0100040829437,0.0100055184857,144.587200545,10.8442945791,1.94299904048,4.99225177981,6.55111335426,12.7279776818,10.0748277822,27.5803031912,184.507757383,3.93995141212,1.02429030379,31.3182903501,2.06952046796,1.71536048434,4.98243837537,101.33987261,7.14862810232,7.01191416463,2.70817423672,0,5.15996743038,3.04598797294,104.087236014,5.8392638548,11.6423384717,14.1379700267,14.1743950486,3.76289483624,2.61704985962,0.912746936956,29.2712905513,3.27992468317,0.523201509217,1.56542723499,2.57156549698,1.62558396256,2.36694095436,1.72613134318,2.04088573162,1.97198183214,0.387869475331,6.5254243168,3.81205362454,1.16079464907,1.57309195638,0.696362332667,0.596308840808,0.459751444635,1.97080354457,1.16754189168
sobol__0003154,88.91104194,64.58452238,3.94288646,12.90790174,-49.51260231,18.75108356,-10.49210538,1,usable,Converged with independently replayed constrained generalized-force equilibrium and small reserve torques,410.450615,0.125724240091,3.59206673295e-08,3.5919872451e-13,5.62559910738e-06,11,0,0.199739037164,0.118798079729,0.0100210115948,0.0101046607298,0.129453601404,0.0100044702221,0.0174988525392,0.0100099443174,0.010006150695,0.0100023640297,0.010003495429,0.0100073019795,0.0100064864718,0.0100073637756,0.0100115809056,0.0100018912209,0.0100023542835,0.0100029431197,0.0100452377285,0.0100136429026,0.0895762510748,0.0100517549806,0.183588455893,0.0507482985756,0.0264965599791,0.0321040734797,0.0100178524316,0.0467033881117,0.0101949030949,0.0102984803034,0.0468863208057,0.0104590722984,0.0102195670943,0.0197875059455,0.0100365567682,0.0100406938958,0.0100311191013,0.0100350745412,0.0100355858457,0.0100382662242,0.010034516671,0.0100238690424,0.0100299545337,0.010037688701,0.0100289967578,0.0100571813841,0.0100593783434,0.010052197267,0.0100414960978,0.0100609981195,223.69825381,121.97868754,1.9347035152,4.73007473028,139.221245955,13.0686411701,4.52061581356,1.43937711887,4.08324650782,5.92123772608,3.24714227141,2.6458422372,2.84872812863,1.80633988105,1.83623026002,4.86751975067,5.49327495345,4.3380664324,0,3.57869299378,31.8678582736,2.31703495411,215.366524941,12.2381020703,7.92721105397,7.92966758375,1.87267233482,14.2457593055,4.77954983622,0.745041881522,10.9038877272,2.74016425938,0.756352219379,3.36914420775,2.57390206971,1.51779931996,2.37260316496,1.73400943162,2.12725540094,1.94096406526,0.387090088056,1.07227914332,0.946724699004,0.488099132099,0.726094650836,0.464225535099,0.710120459195,0.411903473473,1.48036957572,1.05297893439
sobol__0003162,100.16104194,23.95952238,32.06788646,53.53290174,20.48739769,7.81358356,-47.99210538,1,usable,Converged with independently replayed constrained generalized-force equilibrium and small reserve torques,691.120097,0.0690881707574,1.47606442624e-08,5.11590769747e-13,1.18470676183e-05,11,0,0.120220433499,0.0100030606482,0.0100301661404,0.0100046948976,0.0478512552919,0.010001991129,0.034556256924,0.0100497059461,0.0851314954114,0.057506918038,0.0100710600306,0.0100162970926,0.0100169223546,0.0100127209374,0.0190374353201,0.0170098227039,0.0100060234791,0.0100061470618,0.0100327543822,0.0100452378521,0.0100134868776,0.0565700142844,0.0774278269513,0.0617521482548,0.0100452378521,0.123996655084,0.0100025858754,0.0264141958903,0.0100011746646,0.0100255314866,0.0675017903544,0.0159857173836,0.0100122282221,0.0100072415656,0.0100114021059,0.0100271252832,0.0100054408358,0.0100082447541,0.0100095391574,0.0100347482913,0.010026854706,0.0100160376988,0.0123489889047,0.0189138878093,0.0100135519607,0.0101123010756,0.0140815521803,0.0237097941196,0.0100267407696,0.0408227098319,145.879608417,10.8492823719,2.02027429811,4.84733925409,43.5092116354,12.7833191489,9.22887501561,1.33875041034,33.9795422244,24.208930404,0.780798529913,2.37100861387,1.77863071933,1.6854196912,2.8195725928,8.44307115247,6.71075547566,6.55549650242,0.707602592542,0,4.01851123652,17.8875550109,90.8121854739,17.043554812,0,30.2462894164,1.92718752446,9.39199560638,4.79820828872,0.730345459513,37.6100401949,4.34084822723,0.75018015025,1.71169875576,2.3906654359,1.40310998604,2.24334978236,1.67591855231,2.1259427386,1.82882953945,0.394021212912,1.04479156883,1.13581128,0.878960792452,0.724975892806,0.473044678153,1.1868907262,1.05661332504,0.98475301194,4.27713533717
sobol__0003170,80.47354194,34.11577238,34.41163646,31.18915174,-22.01260231,17.11045856,-38.61710538,1,usable,Converged with independently replayed constrained generalized-force equilibrium and small reserve torques,450.422165,0.0524780782837,3.77379834049e-08,4.5378918411e-13,2.80675938842e-06,4,0,0.13899075701,0.0455282781733,0.010027250892,0.0100221498142,0.0747701380595,0.0100056034801,0.013974467725,0.0100161580576,0.0100578968495,0.010012250355,0.0100224216346,0.0100111474169,0.010012142085,0.0100121764282,0.0100378522407,0.0100042425305,0.010004034585,0.0100043087743,0.0100452377887,0.0100136109502,0.0392183944842,0.0219883837678,0.0970195327993,0.0578396230958,0.0530529271276,0.0257512554303,0.0100201505915,0.0136205746206,0.0100200388228,0.0100515294935,0.0545986884739,0.0123297961385,0.0100515336064,0.0100708797792,0.0100263907533,0.0100336747053,0.0100242251205,0.0100283361515,0.0100277968342,0.0100325161139,0.0100468886229,0.0100531054053,0.010071648755,0.0100603746588,0.010040452653,0.0100636966276,0.0100696177887,0.0100532317911,0.0100306639032,0.0100529307011,169.29377739,47.9738502266,2.0173599258,5.00286332212,70.05305664,12.5963079298,3.76279491318,1.36614951684,4.03903155131,4.72448082012,1.10803580166,2.48420807891,2.09702114693,1.70998952597,1.68399183777,5.17505035528,6.41186453948,5.96515710132,0,3.79691123586,16.2799617909,6.5838370888,114.22760108,15.2081971269,17.8688227543,6.44945009743,1.8435751957,3.97743093406,4.80414696635,0.602172474146,22.1037257314,3.50696498092,0.722137050013,1.70062446128,2.36422757023,1.36464302181,2.29908946854,1.69864722292,2.12982060837,1.78497896198,0.395825001782,1.03101123739,0.92357361566,0.47052766074,0.724105991092,0.47498064269,0.828718979617,0.412097463538,1.0537119667,0.985423311199
sobol__0003178,114.22354194,9.74077238,-12.46336354,39.31415174,47.98739769,10.54795856,-16.11710538,1,usable,Converged with independently replayed constrained generalized-force equilibrium and small reserve torques,474.474829,0.0376822827027,6.72930138279e-08,9.94759830064e-14,5.7882176566e-06,1,0,0.0706239082594,0.0100109940425,0.0100655130264,0.0100268138779,0.0321546623729,0.0100099991885,0.0167208027993,0.0101192852245,0.0442223721537,0.0386771681376,0.0101419312118,0.0100570761008,0.0100611613015,0.0100456437821,0.014463712004,0.0100145553654,0.0100115838413,0.010011947036,0.0101177660956,0.0101177660956,0.0137537149871,0.0514834334453,0.0912297379404,0.0609606942928,0.0447618229359,0.0433367391193,0.0388548075022,0.0100139849189,0.0100332709001,0.010031781921,0.048330444466,0.0102075289001,0.0100674224598,0.0100415359148,0.010020849169,0.0100296338611,0.0100309326106,0.0100365369367,0.0100298494302,0.010028556953,0.0104380172352,0.0293113576569,0.0249080794358,0.0116913065432,0.0149841288932,0.0113921018424,0.010204176255,0.0100715183284,0.0100274750286,0.0100359487184,67.0012235953,11.0319948739,2.00076802719,4.77104301095,34.5752748007,13.0761254196,4.13160935932,1.34435749785,18.6475751395,21.3156284209,1.03988977837,2.38765638715,1.66161196873,1.67106066118,2.40643238983,6.65530669804,6.54288607259,6.32290195817,0,0,2.76656248334,13.2395191883,107.408750013,16.5843120299,15.0147490926,10.9118299418,7.49493431215,3.98985604337,4.67791901346,0.952570087577,26.9127908002,2.5888359199,0.758049313727,1.71901582821,2.59310323286,1.61816561206,2.37490455005,1.73521428067,2.10215060148,1.97747700749,0.352816242004,3.20065751361,2.35024965294,0.57051540594,1.07050790457,0.532237125475,0.701431094265,0.450828979673,1.52785416868,1.13414593936
sobol__0003186,97.34854194,30.05327238,67.22413646,75.87665174,-67.01260231,-1.48329144,17.63289462,1,usable,Converged with independently replayed constrained generalized-force equilibrium and small reserve torques,532.8827,0.0731793950652,2.98797706577e-08,9.58769185689e-14,8.18805812654e-06,14,0,0.0862190749509,0.0100015459252,0.0100869859454,0.0100027735262,0.0332071343831,0.0100014397495,0.0415951714146,0.0156619541674,0.151371047589,0.10219539859,0.0115399217319,0.0100216674554,0.0100214189005,0.0100123582245,0.029823522453,0.0777698471602,0.0100097280519,0.0100098938999,0.0100266171866,0.0182496857845,0.0100156544223,0.110755012016,0.0623685658551,0.0133345329593,0.023271663312,0.0292912305821,0.021083656251,0.0100042191092,0.0100076041529,0.0100105858017,0.0100240535675,0.0100289771963,0.0100183349163,0.010009734734,0.0100057506278,0.0100084496182,0.0100082324673,0.0100099996105,0.0100083002726,0.010008139367,0.0100704641716,0.0177140419397,0.0138936612874,0.0101538289843,0.0102352735843,0.0101041012749,0.0100700478335,0.0100275860196,0.0100110782344,0.0100138099822,105.017526423,10.7836995622,2.02082066599,4.98186573514,23.4088550164,12.4520515548,11.1935686128,2.06762925416,58.9614463052,42.1351646712,0.981342628381,2.26660695087,1.67960410261,1.67662427102,4.31370671975,24.6052172166,6.94318664551,6.79525806433,2.41977173808,6.2872063184,4.95231578869,32.6080166423,70.5436567257,3.63842232964,7.84237001657,7.22974859824,3.19579681617,3.92032851386,4.21465957741,0.955092253523,4.45221832024,2.42931905867,0.684795803858,1.62814640128,2.58857797914,1.62617800824,2.36976651092,1.73038652428,2.06787738265,1.97448209553,0.211243852394,1.49163165875,1.03284241693,0.449335663466,0.511174669969,0.364701399192,0.719620398456,0.461235746632,2.01218109173,1.16160245873
sobol__0003194,108.59854194,54.42827238,-35.90086354,116.50165174,2.98739769,5.07920856,40.13289462,1,usable,Converged with independently replayed constrained generalized-force equilibrium and small reserve torques,540.256873,0.0345297276727,1.83324502245e-08,3.8369307731e-13,1.15240151503e-05,10,0,0.134802463073,0.031145512167,0.0100213290428,0.0100292561695,0.0239160121619,0.0100080256817,0.0100586508354,0.0100191391891,0.0101135707307,0.0100170066161,0.010015626169,0.0100152319731,0.0100131391237,0.0100137841451,0.0100281524169,0.0100213798957,0.0100119264384,0.0100119429691,0.0100267597179,0.0100210341746,0.019563418819,0.0100493092977,0.045351800038,0.0122364400327,0.0198878926299,0.0271023372154,0.0636859315072,0.0100048633983,0.0100452376416,0.0100452376416,0.0304198278305,0.0101277651425,0.0100452376416,0.010010446993,0.0100027799478,0.0100040347772,0.0100042058632,0.0100051130882,0.0100040896319,0.0100037789185,0.0102482193773,0.0353504181271,0.0268962039893,0.0131994772564,0.0184992517568,0.0101595653688,0.0100395264558,0.0100130351604,0.0100039883247,0.0100048074363,159.241854809,34.1307555961,2.01328338106,4.04835529265,23.9917588635,8.73745606522,1.92697879254,1.43739435032,4.16082013264,5.6858874039,2.14073052361,2.65116127227,2.84361826964,1.8037995267,1.61445496694,1.11146896028,7.182415019,7.16894617007,2.83953255568,3.51593860452,9.83477269265,2.81771932111,42.5838839738,0.732720224277,5.93963604457,4.61418945217,9.5289434701,1.48924517797,0,0,15.2631254782,2.855997838,0,0.660050386669,2.44017306393,1.58127461623,2.28016296542,1.65898360212,1.95725581474,1.90251855397,0.194267308527,2.46273460671,1.62857086039,0.481658215615,0.787385390306,0.258615752816,0.528636417422,0.460567032487,1.97523564865,1.15284312279
sobol__0003202,85.39541694,26.49858488,22.10694896,43.88446424,-43.88760231,23.53623981,10.60164462,1,usable,Converged with independently replayed constrained generalized-force equilibrium and small reserve torques,469.331518,0.0941771703725,1.92684165512e-07,3.76587649953e-13,1.64549732766e-05,17,0,0.136460751405,0.0130518525757,0.0100245103195,0.0100153751956,0.0758999344915,0.0100038682341,0.0179755746892,0.0100179631168,0.0128648575769,0.010023180131,0.0100298682333,0.0100120677797,0.0100132219335,0.0100126917764,0.0100723906231,0.0100064541804,0.0100057483731,0.0100058906308,0.0100450978341,0.0101471185967,0.0677993280121,0.0535194534876,0.0694339500204,0.0422632218624,0.0100054258214,0.0309175712941,0.153704906298,0.010001860553,0.113600793336,0.0100049015194,0.0106119406246,0.0100346700789,0.0100188417243,0.0100093675429,0.0100037246078,0.0100052825234,0.010009023745,0.0100094677645,0.0100067610415,0.0100051979696,0.0234824048971,0.0840380348329,0.0568838792314,0.0239808403468,0.0516289120359,0.0163072045557,0.0100198471952,0.0100095319322,0.0100030349816,0.0100035590476,166.04837019,13.9586044986,2.01914211589,4.96044125815,75.5769753688,12.818566692,4.76939313519,1.35633060629,5.22558382442,4.77201395044,0.98599579169,2.44051805593,1.95852597697,1.69854354152,1.63722028691,5.15835284901,6.59795183432,6.41586890359,0.00552906629086,3.66941328907,31.5993840854,16.9544700892,81.7346056248,11.5740300245,3.05969062865,7.0566820966,29.6426315117,4.07803851147,47.1502437854,1.01047029214,3.98114285672,2.70047070872,0.72595427702,1.6852193725,2.58885580682,1.61858040471,2.36991725435,1.73042937777,2.08019599343,1.97344117121,0.732491635388,9.13840160506,5.12476401878,1.15550399663,3.57190759777,0.618332427467,0.578823405611,0.388338078802,1.67992246206,1.05015287012
sobol__0003210,119.14541694,50.87358488,12.73194896,19.50946424,26.11239769,12.59873981,48.10164462,1,usable,Converged with independently replayed constrained generalized-force equilibrium and small reserve torques,525.288957,0.325209700303,2.67223896344e-08,4.19220214098e-13,2.82894012748e-05,24,0,0.206585415063,0.0100006240121,0.0154780024647,0.0100011001169,0.100359963485,0.010000264473,0.163615151141,0.0298876824213,0.379148222358,0.0284192506978,0.0100053653033,0.0100088907259,0.0100044520845,0.0100027594313,0.0100103068135,0.0686302463888,0.0100018823409,0.0100022579929,0.0100452377881,0.0100452377881,0.0100053283392,0.141272423797,0.217620560322,0.110744982336,0.0354775206806,0.0382988698704,0.0913851327307,0.0100027034521,0.0165543810801,0.0100068134924,0.010001689313,0.0100029147498,0.010017992119,0.0100079194833,0.0100025207031,0.0100034949997,0.0100042807496,0.010005087375,0.0100038034171,0.0100032376788,0.0100999140178,0.0209830247402,0.0146144519267,0.0100633196542,0.0220706024962,0.0100711937176,0.0100339633623,0.0100094692903,0.0100028014211,0.0100034522915,242.591501019,10.8560554008,3.09311806938,3.11450300273,107.578687095,12.6819883453,41.6111997165,4.14351086147,139.918175653,12.8081392594,1.53819327961,2.58537730673,2.67816811326,1.77060648174,1.45313155157,40.6481335717,6.00218130158,4.96500890893,0,0,1.75663637995,34.9483925465,255.992300644,27.3931451292,8.45383630442,5.40718204354,17.4644523863,3.89793335315,3.87653054638,0.915818622426,5.30210436789,2.6817787514,0.607843079397,1.57284348646,2.39798298157,1.55839065966,2.24255537371,1.63307357507,1.92203653256,1.87736807169,0.224304102545,1.67934460906,0.982267247631,0.37581386467,1.19128616502,0.210407693527,0.421879223935,0.453735155519,1.97851863573,1.16668137681
sobol__0003218,91.02041694,38.68608488,83.04444896,129.19696424,-8.88760231,-8.18251019,-45.64835538,1,usable,Converged with independently replayed constrained generalized-force equilibrium and small reserve torques,553.189853,0.21223837779,3.70904643887e-07,1.47792889038e-12,2.0689137377e-05,14,0,0.0490505069678,0.0100014126131,0.0116321831734,0.0100024775896,0.0597691573677,0.0100019923267,0.0252137480357,0.0178406585297,0.140122192675,0.11759977025,0.0167133870806,0.0100321026673,0.0100316899426,0.0100182258069,0.0313082675672,0.0100587327698,0.0100023588871,0.0100023567339,0.0100076951661,0.0464511728929,0.0269756374952,0.111583170545,0.206233835571,0.0100452374819,0.0100452374819,0.280644263773,0.0100018500107,0.161245370705,0.0100007430033,0.0100193109127,0.025175458268,0.010013067424,0.0100125975987,0.0100074619485,0.0100804276077,0.0246000613278,0.0100044072304,0.0100083125426,0.0100222630435,0.0454807620654,0.0100158411489,0.0100054112661,0.0167657292638,0.01955314607,0.0100126872486,0.0291989719355,0.0100089505823,0.0134820561162,0.0100070250865,0.0100626921109,59.7122493017,10.6250073926,2.25612383805,4.7744327557,40.5826513956,12.3106410365,6.41932901656,2.38208283565,54.1566967902,49.9942177686,1.51690213901,2.33689605912,1.86326230146,1.69182778451,4.70930208104,0.366819260044,7.16861457713,7.17549355942,2.71392078183,17.5858470034,1.80847702159,14.3991383702,141.121511613,0,0,67.7572426854,1.68223174318,62.7839091073,4.42425638776,0.985272176206,12.4094670297,2.85058521356,0.67543250372,1.63664058518,2.39341317134,3.47551023727,2.11511117405,1.62174026772,2.12864691059,8.4324190158,0.378224563697,1.07871913187,1.55611723829,0.898467416315,0.702566151981,1.3679688909,0.844267250928,0.620046404298,1.03437416629,1.15246606599
sobol__0003226,102.27041694,14.31108488,-57.58055104,72.32196424,61.11239769,2.75498981,-8.14835538,1,usable,Converged with independently replayed constrained generalized-force equilibrium and small reserve torques,537.169323,0.0780330405578,1.9848904742e-08,6.32383034826e-13,8.63414974031e-06,22,0,0.147255623824,0.0510564749805,0.0100061422428,0.0100171982879,0.167268554584,0.0100019132581,0.0171937115851,0.0100067248969,0.0321409371236,0.0100067697214,0.0100068946773,0.0100044940247,0.0100046933163,0.0100042766649,0.0139160166871,0.0100025222848,0.0100084299552,0.0100085798501,0.0100251504473,0.010045237873,0.0291964040635,0.0104544715705,0.0729722015338,0.033232868253,0.0456262622971,0.0520846936075,0.0458931492698,0.0100029965692,0.010005436476,0.0100076502652,0.0552271877324,0.0108262927471,0.0100167896564,0.0100089710599,0.0100053863991,0.010008010464,0.0100079220876,0.010009758169,0.010008092309,0.0100078913594,0.0104478327899,0.0427815158022,0.0340253677125,0.0170631597682,0.0176405201296,0.0131961429604,0.0101139474171,0.0100239502045,0.0100074459154,0.0100106650711,109.515953125,56.314483292,1.97089943505,4.99813113688,159.985409946,9.9092151664,2.40954525987,1.37140734643,14.0165613768,5.96638416497,1.90340120953,2.53958318327,2.1304923706,1.70377734702,2.37572721793,4.81162251001,6.90766580359,6.75968209261,2.22525579536,0,10.1168491126,3.1710262255,83.1096925014,8.97315575553,15.1393537143,13.1056180136,8.04041964289,4.04441171182,4.49784532686,1.00719533583,28.6521779667,2.5064665448,0.721394094636,1.67053172199,2.58927459318,1.62511501355,2.36972421737,1.73060459525,2.08169867546,1.97447451143,0.287598676172,4.55629254217,3.02592867657,0.831368328819,1.05716854451,0.58726364672,0.693576796358,0.460873777915,1.76026706632,1.16788706559
sobol__0003234,76.95791694,56.96733488,-27.11180104,110.91571424,-61.38760231,-6.54188519,-17.52335538,1,usable,Converged with independently replayed constrained generalized-force equilibrium and small reserve torques,386.005507,0.057734357216,7.38067598149e-08,1.35003119794e-13,4.81741476178e-06,1,0,0.127584361968,0.157998214362,0.0100850355573,0.0340471025177,0.0791404333368,0.0102057984171,0.0101901808449,0.0100355564863,0.0100231287847,0.0100080399018,0.0100103826648,0.0100276855002,0.0100253978204,0.0100270782538,0.0100327426134,0.0100557976341,0.0174433985867,0.0173281878259,0.0102307615343,0.0292730099416,0.0419556420912,0.0100194883985,0.0100353106629,0.0100173679225,0.0100262944616,0.0132852324732,0.0332802995797,0.0100112947322,0.0100463318263,0.0100329126938,0.0100198759688,0.0100709120237,0.0100661600668,0.0100368086425,0.0100269441469,0.010038892217,0.0100441721508,0.010048407184,0.0100370777265,0.0100363217019,0.0102647771976,0.0217361084352,0.0137684308777,0.0102786230255,0.0120778079124,0.0102874846611,0.0102318431899,0.0100890988643,0.0100469214883,0.0100501603578,151.628318274,163.924085198,2.02850227508,16.9175328164,81.1557363524,12.8196616466,2.48722138809,1.44346268971,4.26119570859,6.0717116171,3.58395211876,2.65708708881,2.8450897553,1.80233026487,1.87917679639,1.14205669653,12.5130887761,12.3451743779,2.88396399744,10.2098710494,18.9786655288,2.89118278198,10.2000368375,2.11965780938,2.47126128784,3.32575279716,5.07904532344,3.93587399794,4.40420539413,0.98413804595,5.58258658357,2.49827920441,0.69267237729,1.65371991327,2.51383341741,1.49027888932,2.29100154049,1.7118001105,2.13161905575,1.93303222235,0.303674868644,2.3630152109,1.29708612937,0.501381942532,0.719408842051,0.485457713059,0.862383081018,0.464082340325,1.60609795119,1.17278194948
sobol__0003242,110.70791694,16.34233488,57.26319896,86.54071424,8.61239769,0.02061481,-40.02335538,1,usable,Converged with independently replayed constrained generalized-force equilibrium and small reserve torques,603.683455,0.0866667870368,1.7415266243e-08,3.97903932026e-13,1.79296414041e-05,5,0,0.0397280304666,0.0100011448731,0.0100103589436,0.0269317170614,0.0100013297095,0.0100015520408,0.0100165485323,0.068153138533,0.22102435146,0.0602284415605,0.0100182982536,0.0625857924908,0.0302382695565,0.0100546333098,0.0476342159182,0.0381364425662,0.010014735527,0.0100149462716,0.0100320104547,0.0100452377745,0.0100452377745,0.0787968853959,0.0370304323499,0.0338647076544,0.0468484301694,0.0275625708777,0.0100856177806,0.0100097563137,0.0100090553197,0.0100184581096,0.0540797821286,0.0170304326224,0.0100284638021,0.0100193133638,0.0100153025285,0.0100218402567,0.0100176072732,0.0100207682106,0.0100188054147,0.0100208866143,0.0100894187965,0.0168747009474,0.0166319585304,0.0102537002466,0.0101452933013,0.0101084525918,0.0100570292603,0.010039483512,0.0100175526874,0.0100235485445,43.9328907301,10.9879314261,2.01629973667,13.439891437,7.15176000782,12.5545091005,2.69810573388,8.76010591437,88.8818115647,27.4233538154,1.16000246949,12.9798330156,3.94336107161,1.63861948673,7.15626129121,13.6385501537,7.05025599379,6.90317053062,2.60184882289,0,0,23.7630602781,40.9523591171,8.57401762737,14.097167946,6.73532240883,1.91966023784,4.08233481483,4.65037210634,1.0112874584,29.1047303504,4.74760444485,0.734327229124,1.70213784028,2.46848562132,1.45840143564,2.24871390402,1.68843533028,2.12787614355,1.88910168043,0.364217312148,1.83131248159,1.56659726793,0.485152223075,0.71750200003,0.477832005845,0.844815924661,0.460978770202,1.16519287861,1.14023271979
sobol__0003250,93.83291694,4.15483488,-22.42430104,58.10321424,-26.38760231,20.80186481,38.72664462,1,usable,Converged with independently replayed constrained generalized-force equilibrium and small reserve torques,623.17877,0.0224603812976,7.70373951298e-08,1.7763568394e-13,1.0736397376e-05,7,0,0.0469255502442,0.0364711551058,0.0100245977652,0.0101638190923,0.022795879904,0.0100160739691,0.010045179209,0.010023291451,0.0100376510598,0.0100158536785,0.0100266745634,0.0100207067151,0.0100239018542,0.0100209554262,0.0100435602975,0.0100058946898,0.0100083562729,0.01000851171,0.0100322740758,0.0100393700661,0.060148491674,0.0295594212186,0.0577497902535,0.0457337880173,0.0100052990586,0.0100119119023,0.0439294403708,0.0100078684908,0.0443897726763,0.0100158270737,0.0200720081144,0.0100489746668,0.0100684590953,0.0101087526955,0.0100119521421,0.0100139730028,0.0100717525679,0.0100399759761,0.0100256471912,0.0100128943417,0.0101051044529,0.0140801975434,0.0105721092894,0.010051064122,0.0123311114341,0.0100377199614,0.0100191471876,0.0100117995949,0.0100040020266,0.0100046341637,39.691311712,40.040018372,1.96974538933,5.06682854925,24.2030794124,13.080169941,2.44822341977,1.33695736903,4.31968561655,5.8437983823,1.35188415643,2.38116880445,1.61588703434,1.65912381727,1.80136554823,5.80785570331,6.7622908154,6.61117098504,1.09707985038,3.7786047754,26.6177463208,9.36442433826,67.3618594995,12.6219535633,3.14964460758,1.82898003411,8.31738052351,3.85877494414,4.84981953936,0.920111834546,10.0659293945,2.84961193776,0.505695987018,1.57353894699,2.50713562334,1.62066847089,2.32147107563,1.68685409429,1.99599374283,1.95171736801,0.228023133408,1.13433993932,0.723560436429,0.378560180582,0.661656367298,0.250768857523,0.459601376542,0.407933292763,2.01035394385,1.1629043869
sobol__0003258,105.08291694,44.77983488,43.20069896,1.22821424,43.61239769,14.23936481,16.22664462,1,usable,Converged with independently replayed constrained generalized-force equilibrium and small reserve torques,691.983833,0.214144714245,2.47898933603e-07,2.13162820728e-13,2.00402321834e-05,15,0,0.208557563224,0.0559182881096,0.0100138851085,0.0318565774075,0.0100046573158,0.0529848089387,0.0100109491812,0.0100323123629,0.0574526691578,0.0100207083507,0.0100208233833,0.010029304114,0.0100208147334,0.0100160465307,0.0100466985725,0.261696163499,0.215437744524,0.158030400721,0.010045237711,0.010045237711,0.048015953057,0.01794767119,0.0100015971786,0.0100066215798,0.0438195766884,0.0594174883241,0.0631005086359,0.0100028157275,0.0100016319693,0.0100075227914,0.0100013634986,0.0100045502206,0.0100109805689,0.0100055640573,0.0100040405268,0.0100059629389,0.0100048922072,0.0100063852993,0.010005370952,0.0100057057631,0.0102673329219,0.0489633399434,0.0359691618817,0.0210115117794,0.0251947180528,0.0135256715773,0.018231725065,0.0101876812545,0.0100328257859,0.0128418202132,247.084976562,59.5674235017,1.97510756635,15.5606301402,8.77284157016,68.1878741144,2.69597369186,1.37131543355,19.8658192566,4.03012930555,1.09477116503,2.5327550792,2.38419329967,1.73807059673,1.41856614029,174.526949163,96.400230999,51.8694887608,0,0,11.5411720216,4.14123717553,11.5343102346,2.31180565294,10.3380130588,10.4134698311,12.1669538369,4.07184735009,4.44112041245,1.01062018631,5.26549132068,2.57153204138,0.73840902876,1.69680576732,2.5474006638,1.62552001224,2.34971603807,1.71165866206,2.02248978434,1.96820756319,0.327158746277,5.34077654084,3.27030186508,1.01975769657,1.76610635591,0.462280539874,0.950741380967,0.448978678279,1.96332349444,1.49282242093
sobol__0003266,81.17666694,41.73295988,-4.84617604,65.21258924,19.86239769,8.49717731,-31.58585538,1,usable,Converged with independently replayed constrained generalized-force equilibrium and small reserve torques,377.517986,0.0575639556344,2.96292981261e-08,2.331486103e-13,3.09468358198e-06,9,0,0.152931201861,0.0983573005965,0.0100227537273,0.0199836613399,0.0891176461403,0.0100074391457,0.0101580847253,0.0100130471601,0.0100116839297,0.0100039993413,0.0100075917825,0.0100097921895,0.010009512902,0.010010122967,0.01001859247,0.0100063371699,0.0100096808011,0.0100098493289,0.0100298764608,0.0100452372184,0.0337567542927,0.0100110337767,0.0548745483139,0.0427526639376,0.052148107965,0.0280253952378,0.0100370687257,0.0100130192236,0.0100084639666,0.0100224589596,0.0493698670573,0.0127940164327,0.0100297731088,0.0100206886244,0.0100153689602,0.0100220079213,0.0100169117846,0.0100204867504,0.0100189626245,0.0100214477406,0.0100685907548,0.0128990128455,0.0136203150578,0.0101545712962,0.0100767608733,0.0100927931909,0.0100764127797,0.0100472031891,0.0100203079025,0.0100349589717,185.968288054,103.679337882,2.01819011045,9.8440239656,95.8212332327,13.0729251967,2.58704853967,1.40769070761,4.14647203059,5.72347375999,2.01056084328,2.58631382816,2.58277236058,1.74981659408,1.7613741505,3.71959578119,6.83774420108,6.68920973227,1.68642548227,0,15.3611260926,3.13714545335,63.3029468384,11.6523489724,17.2334735523,7.04958134064,1.9361280377,4.07868058409,4.63201886331,0.977747594148,27.3534677073,3.47906670167,0.750651032334,1.71374962358,2.55656180338,1.51812701772,2.34948544315,1.72583332669,2.12654166127,1.93573904251,0.36266585793,1.40017370568,1.28564263518,0.490436359882,0.725290954978,0.477379979963,0.793081950506,0.451593524043,1.27606078368,1.1058006196
sobol__0003274,114.92666694,1.10795988,42.02882396,122.08758924,-70.13760231,19.43467731,-24.08585538,1,usable,Converged with independently replayed constrained generalized-force equilibrium and small reserve torques,593.358412,1.3890756312,2.71358347126e-07,1.45661260831e-12,0.00158064934845,14,0,0.0100001942566,0.0100001383824,0.345675576057,0.0100005778563,0.0100003966735,0.0100004861428,0.242561081643,0.520098036623,0.217362574715,0.0170118279224,0.0100013605108,0.501603551811,0.284059945542,0.307229344814,0.0989536261061,0.56466995342,0.0100021973127,0.0100021978131,0.0100074354248,0.115448623731,0.010005891545,0.184869261486,0.276903294727,0.0202532805914,0.0234148536333,0.0100079951273,0.0100049683646,0.0279911280191,0.0174754514242,0.0155957329229,0.0100047950963,0.0100102771224,0.0100547206699,0.010053041952,0.0107150242845,0.0103130428383,0.0100515744015,0.0100569752663,0.0101072750161,0.0143884591514,0.0100216666826,0.0100092176607,0.01001068322,0.0100197551802,0.0100150423462,0.0100210698283,0.01003654811,0.0101651648963,0.030812705462,0.0238662191082,8.79045268637,10.9605441104,69.3895287672,4.94870621135,7.97593959584,12.4666989755,65.0728109637,66.2513246323,90.8743571827,9.39751563671,1.88975057956,98.9952562477,30.1170907826,48.2269611393,17.6136206095,149.276800156,7.17511179877,7.17340276938,2.83238105015,39.4718203642,3.62204417816,29.8044702908,229.815698397,2.75015020899,6.64431694126,2.52690972451,1.92977763801,11.343943241,3.86706056743,1.56499309694,5.56044522674,2.39444093035,0.653376928592,1.63457793774,2.54171914117,1.40962553447,2.33247564856,1.71556483552,2.14669184049,2.59112079045,0.380780713878,1.08549612835,0.945000875351,0.487802379746,0.723682232496,0.473976129297,0.779138364899,0.40937562488,3.8572074026,2.37689958472
sobol__0003282,86.80166694,21.42045988,-37.65867604,20.52508924,54.86239769,7.40342731,24.66414462,1,usable,Converged with independently replayed constrained generalized-force equilibrium and small reserve torques,508.01393,0.0687469175286,1.84376638401e-08,2.55795384874e-13,9.50355701528e-06,21,0,0.132899294912,0.0554203628667,0.0100135780165,0.0100694209567,0.107841489531,0.0100033329394,0.0152454766007,0.0100117330838,0.0100320465563,0.0100059715061,0.01000960376,0.0100082276812,0.0100085299844,0.010008194228,0.0100424572831,0.0100017506274,0.0100030231203,0.0100035765787,0.0100452378021,0.0100452378021,0.0354046346996,0.026229267525,0.131543245982,0.0547500170729,0.0427001349951,0.0450268260532,0.0657824335474,0.0100029718242,0.0100071712909,0.0100072013286,0.0100416324506,0.0100169069589,0.0100148306593,0.0100076299799,0.0100035619176,0.0100051186294,0.0100054108479,0.0100065753724,0.0100052751512,0.010004841459,0.0101718329413,0.0339076556584,0.0237722955962,0.0112921624266,0.019144004351,0.0103503647294,0.0100561531817,0.0100164387157,0.0100051837129,0.0100064944723,139.372993072,60.6869023668,2.0070465385,5.02367275889,109.092847828,11.8973088943,3.36095690053,1.38141574988,4.30736869365,5.88203268114,1.77317118168,2.55001657485,2.23379484008,1.71525422066,1.7249682562,6.78590724667,6.06379909118,5.06139829572,0,0,5.57592883584,5.26403712231,154.769296876,13.4505072433,11.3651248757,8.02548345001,12.5630466784,4.0741703418,4.35904379046,0.982621828293,5.59478321716,2.4580247259,0.71595915091,1.65918726388,2.49899785792,1.61069752712,2.32417415282,1.69138349256,1.99408620765,1.93667990192,0.254379458541,3.2165320968,1.85220443409,0.498369162232,1.13780613717,0.321099954526,0.525465218912,0.46011516658,2.01099564595,1.16764885408
sobol__0003290,98.05166694,62.04545988,65.46632396,44.90008924,-35.13760231,-3.53407269,32.16414462,1,usable,Converged with independently replayed constrained generalized-force equilibrium and small reserve torques,548.024573,0.209364694899,2.80587979518e-08,7.17648163118e-13,1.65886235808e-05,24,0,0.237220178989,0.0100005644035,0.0102100939041,0.0100005738704,0.0858847908383,0.0100002915855,0.20542583883,0.0178502169098,0.12492348928,0.0100049439359,0.0100056930119,0.0100079556315,0.0100049766989,0.0100040959758,0.076859351362,0.187054919932,0.0100051565118,0.0100052821817,0.0100444953855,0.0130715086126,0.0100008686353,0.137427742812,0.0789764373739,0.0498134932504,0.0478730655911,0.0628486917006,0.0733608815522,0.0100016866739,0.0100032642008,0.0100046762759,0.0101223254069,0.0100279609948,0.010008476252,0.0100039270943,0.0100021332006,0.0100031574896,0.0100031413246,0.0100039090431,0.0100031451281,0.0100029691823,0.0103620307082,0.044511691361,0.0349020425875,0.0171186215835,0.0231592606747,0.0120161116411,0.0100872552384,0.0100139338482,0.0100049309716,0.0100053156264,263.388666316,10.3132486094,1.88389513204,4.9586561237,71.5851166729,12.4545227612,54.9281226515,2.5001345908,39.8966960941,4.84737923539,1.87117192036,2.58073482888,2.72585215803,1.76955401411,12.6674152653,57.243512222,6.61002853668,6.43299308757,0.0262402991961,4.81953851151,5.2514211427,43.4922599093,92.9599701734,13.6970589491,15.9023986597,13.8353195481,11.8259664924,3.91081289364,4.28605729121,0.940557916071,4.16827086063,2.7800205473,0.684020399053,1.61549895877,2.50844110947,1.6162016829,2.33672838128,1.69803348614,2.00465477537,1.94066616152,0.202131001615,3.53768483857,2.4543124138,0.717562925118,1.13228213006,0.3714278459,0.662853475942,0.460036671124,1.98553495563,1.13342846489
sobol__0003298,78.36416694,11.26420988,77.18507396,6.30633924,37.36239769,4.66905231,52.78914462,1,usable,Converged with independently replayed constrained generalized-force equilibrium and small reserve torques,711.023614,0.0287244176237,4.40546950031e-08,2.75335310107e-14,1.68678531597e-05,17,0,0.0305681885915,0.0100061008012,0.0100136329252,0.0586776531882,0.0100036823016,0.0100030715529,0.010036157045,0.0152388757897,0.0401395624567,0.0253609536791,0.0100480545003,0.0156023248957,0.0101034019722,0.010081301623,0.0229635978562,0.0233074135969,0.0344826618473,0.026167063188,0.0100452379011,0.0100452379011,0.0408605443717,0.0101842162726,0.0100093250187,0.0100216408199,0.0158658267853,0.0364617526375,0.080468392873,0.0100013856116,0.010002789489,0.0100045182777,0.0149071086179,0.0114772770315,0.0100075978897,0.0100031870762,0.0100019927225,0.0100029393273,0.0100028243047,0.0100034977756,0.0100028504343,0.010002758787,0.0116311247884,0.0521331547088,0.0401673932906,0.0203322163163,0.0281096901735,0.010354708199,0.0100537813904,0.0100127063367,0.0100031933143,0.0100042769218,30.1881854049,10.8981054494,2.01696161115,29.0158403561,6.12387815058,12.3743942656,2.70292891122,1.93998332549,16.6915431083,14.2155271697,2.10782135501,2.96779312396,1.07223555139,1.57531529015,3.9728474194,15.1214673949,16.9315893265,9.74483763102,0,0,13.0391613732,2.2039099975,11.6589940039,2.35453821403,3.53876496341,4.68700284653,15.0818546644,3.88541530789,3.17445905047,0.895252845364,7.78958623983,2.99762790058,0.592078059886,1.5678493569,2.34672939562,1.52967432462,2.21799515217,1.61344062687,1.88147239495,1.84165271408,0.248765740844,4.10748686611,2.65588931391,0.766831456541,1.47400598299,0.210365422864,0.452586326379,0.46056855901,1.90396308816,1.1315140277
sobol__0003306,112.11416694,35.63920988,-44.68992604,63.18133924,-52.63760231,-1.89344769,0.28914462,1,usable,Converged with independently replayed constrained generalized-force equilibrium and small reserve torques,436.842076,0.0885192780622,4.08043874245e-08,4.38082476056e-13,4.11108734843e-06,11,0,0.161611004495,0.0449871354911,0.0100075762165,0.0100316303764,0.213921907108,0.0100023955994,0.0256008510359,0.0100067874618,0.0368312417546,0.0100069099654,0.0100094293476,0.0100044386424,0.0100039218882,0.0100041036808,0.010035913937,0.0100031751049,0.0100082076325,0.010008357486,0.0100288211417,0.0100399993942,0.0356294038494,0.0136453591413,0.0649781588371,0.0478371027245,0.0139640492611,0.0101044700803,0.0128586388642,0.0100181318513,0.0145683604378,0.0100301864939,0.0184547773251,0.0100477379195,0.0100458778812,0.0100398565759,0.0100176108215,0.0100222252852,0.010025069784,0.0100269038587,0.0100231430226,0.0100212232991,0.0100537581731,0.0101352351874,0.0100452379479,0.0100554478178,0.0100687037451,0.0100555115634,0.0100467077147,0.0100347140065,0.0100218952939,0.0100234554169,189.122155977,49.6236494953,2.01549497816,4.75154196896,210.869532473,8.54650230549,3.98251583827,1.39577823095,15.4068803467,5.55856757873,1.44503201173,2.59741810198,2.6274036236,1.75290379769,1.44109769903,4.14267217624,6.81581186359,6.66685833214,1.52055158785,3.56520537574,16.9888816717,4.24191534565,75.2115357337,13.2021481404,4.70629201172,2.55121459049,2.18844678647,4.08273995628,6.6346490664,1.0126271293,7.93457200847,2.59366926643,0.734853990398,1.69968447267,2.59178005925,1.60888412755,2.37214506149,1.73336700017,2.11094617714,1.97554199605,0.257293057663,1.03708856775,0,0.48935011667,0.582695541748,0.428350897078,0.779043658416,0.461580908018,1.94009089004,1.16962778326
sobol__0003314,95.23916694,55.95170988,25.62257396,83.49383924,72.36239769,10.13780231,-3.46085538,1,usable,Converged with independently replayed constrained generalized-force equilibrium and small reserve torques,450.433244,0.0773927451977,6.36696171341e-08,4.26325641456e-13,1.04246181604e-05,20,0,0.185870275479,0.0100024444623,0.0100244370695,0.0100023635858,0.10128797324,0.0100009272845,0.0684960790294,0.0100236446366,0.0331677770638,0.0100185464578,0.010014546981,0.0100099962122,0.0100078400784,0.0100082446533,0.0168946316977,0.0329853427169,0.0100145127244,0.0100147233901,0.0100319083241,0.0100452384935,0.0100017823397,0.0100074236004,0.0375029245659,0.0100059608316,0.0275392468451,0.0639988965481,0.039024680535,0.0100021558854,0.0100030585921,0.0100056472358,0.0910510853037,0.0191809911158,0.0100115114047,0.0100058300601,0.0100043352377,0.0100067216474,0.0100061972624,0.0100077599828,0.010006651099,0.0100068481241,0.0118921562567,0.0532708800167,0.0408295815308,0.0223284823779,0.0190004641019,0.0161107062974,0.0102760940302,0.0100275540328,0.0100075698934,0.0100121559105,211.582783957,10.3881999678,1.93844129889,4.80775361827,104.798181597,13.0337696111,18.2665015226,1.41845025082,12.922234533,5.27734444467,2.05621285598,2.59882598499,2.76307078108,1.77596162647,2.80187113688,8.0515751062,7.02066984981,6.87312571421,2.56973020152,0,4.96110625884,3.16359379406,41.7531487741,2.62148661153,9.08648305895,15.321340755,7.11845830276,3.98747983498,4.21621697569,0.986714774702,45.2515218583,3.88583739306,0.695121616073,1.63552994974,2.58885894574,1.62562566259,2.36932319629,1.73018171545,2.06986887094,1.97426715095,0.332259736844,5.6045535241,3.49650993619,1.07515638199,1.14770121238,0.684435665111,0.634709057633,0.453628952478,1.74535673554,1.1596399229
sobol__0003322,106.48916694,31.57670988,-2.50242604,107.86883924,-17.63760231,16.70030231,-55.96085538,1,usable,Converged with independently replayed constrained generalized-force equilibrium and small reserve torques,599.412175,0.0459157758583,6.96568172032e-08,2.58536301999e-13,1.74825205822e-05,10,0,0.12892143579,0.0100096984793,0.0100222499844,0.0100111654187,0.027093528105,0.0100035293766,0.0124687884136,0.0100274125019,0.0364971757744,0.0115460214243,0.0100308427585,0.0100164880722,0.0100156745688,0.0100137156153,0.0100842691178,0.0100233190312,0.0100125200412,0.0100126151358,0.0100283139919,0.0100329527255,0.0127209287817,0.0244309191525,0.0468363941705,0.0278642789697,0.010045237816,0.0869296288301,0.0100019205402,0.0727078000139,0.0100011179411,0.0104770555617,0.0205448390735,0.0100562323919,0.0100114289514,0.0100066249456,0.0100159064846,0.0100502252792,0.0100047292004,0.010007256439,0.0100082774243,0.0100593278396,0.0100146026685,0.0100073683874,0.01001691625,0.0126453613263,0.0100078025263,0.0100302249159,0.0226929239956,0.0335778334471,0.0163260149727,0.0674745868803,157.028755723,10.9679724464,2.01869244536,4.11036234353,29.1384296586,13.0511869309,3.12667141012,1.36792539103,14.7883723694,5.39833067253,1.0110442199,2.53376572474,2.25185571471,1.72442012732,1.44164827715,3.11642299493,7.18154089601,7.10686701097,2.80058384641,3.80843041548,6.32205021724,6.32205312661,48.6271343004,4.47270538617,0,21.0099165821,1.90768738835,29.657050646,4.29817002409,1.04969815065,10.9427895134,2.86269075162,0.705373464008,1.67795717008,2.15556680759,1.24832349575,2.17499972109,1.61821762349,2.12515872848,1.65950419951,0.394549253338,1.01261155209,0.904725902119,0.58061319421,0.723359145014,0.458509643008,1.98071526188,1.36423963451,1.25346296254,6.2696859476
sobol__0003330,83.63760444,15.58061613,2.47804271,22.81024549,-64.20010231,-0.73133832,-49.63273038,1,usable,Converged with independently replayed constrained generalized-force equilibrium and small reserve torques,469.301579,0.0442030634002,5.7987719515e-08,1.64246103788e-13,9.87372650942e-06,6,0,0.103964215436,0.039062655713,0.0100213386419,0.0100899310332,0.0375124540233,0.010009344454,0.0100611259299,0.0100200760387,0.0101406320711,0.0100169618607,0.0100274750285,0.0100155802496,0.0100180841247,0.0100156360006,0.0100507345063,0.0100024863654,0.010003403192,0.0100039375367,0.0100452377749,0.0100065730538,0.0295622943155,0.0154012148212,0.115083060778,0.047598274241,0.0100452377749,0.070520513092,0.0100110815406,0.0349942824515,0.0100081474005,0.0100601576562,0.0577162842035,0.0193428252392,0.0100562777557,0.0101915889238,0.0100336386693,0.010045017546,0.010017620557,0.0100237605451,0.0100267480363,0.0100435637528,0.0100429365989,0.0100360751611,0.0102236191765,0.01011612844,0.0100383893301,0.0101230257631,0.0100428454718,0.0100607080706,0.0100190382093,0.0100372965379,113.253361342,42.3412224103,2.01649468618,4.93149428744,40.289827883,13.0513411485,2.58187269937,1.34468661389,4.23518162945,5.39281716061,1.08915647133,2.40255134874,1.74507215363,1.67776507541,1.71766994255,6.78944296883,6.17828051125,5.27430904351,0,3.46918935468,10.2349817502,4.68967751389,135.447651391,11.7516084247,0,16.9697727481,1.93103477358,7.8577726657,3.61763217469,0.356633421852,12.5742892404,4.74067604614,0.468167821517,1.36410152088,2.09361344194,1.23971244175,2.00062917779,1.52499960076,2.1254093237,1.67142783055,0.395633418432,1.02828984464,0.916895179011,0.45474771753,0.726616539731,0.471609140369,0.883318472606,0.461463593635,0.982691274436,1.11092348377
sobol__0003338,117.38760444,39.95561613,30.60304271,47.18524549,5.79989769,-7.29383832,-12.13273038,1,usable,Converged with independently replayed constrained generalized-force equilibrium and small reserve torques,680.808948,0.17095022781,1.0343528789e-07,1.20523374049e-12,1.21258007179e-05,8,0,0.178832777732,0.0100010797094,0.0100611990493,0.0100017278928,0.0210570980212,0.0100005771434,0.0888111144811,0.0204083453049,0.222415367873,0.0100499190952,0.0100100987287,0.0100134547234,0.0100085995329,0.0100048413158,0.0100491491322,0.162067298105,0.010003048804,0.0100031229261,0.0100379317239,0.0100452382063,0.0100052341203,0.0966780232921,0.141414048741,0.120009659782,0.0641466522944,0.023671251482,0.0100432618234,0.0100968937827,0.0101077357228,0.0100378443375,0.0472941570466,0.0100342778295,0.0100556826739,0.0100653240511,0.010015058466,0.0100201044762,0.0100184692971,0.0100217641038,0.0100193805238,0.0100196932906,0.0100510536264,0.010078580095,0.0100926966117,0.0100633961678,0.0100529246979,0.010069421694,0.0100579781043,0.0100389970271,0.0100197867662,0.0100267737852,217.042661615,10.8893669585,2.02164381243,3.99139647383,19.8482121164,13.0626706009,23.4078384858,2.75933850862,77.6684137395,3.8184816254,0.948334094387,2.51067051447,2.27245705578,1.72975089302,1.35991165536,87.3642646402,6.63606051905,6.46776995162,0.169698779457,0,3.67573234491,30.5952924936,166.400874788,33.113547626,21.5276935141,5.97294897768,1.75527621282,4.11849380961,4.84585726521,1.01325784205,26.176426647,2.81382313548,0.75700114285,1.72272247088,2.59148583993,1.61772582437,2.36716772957,1.73213921705,2.10847042552,1.97608413661,0.290262787829,1.09784525171,0.951024947883,0.491030841408,0.625766015301,0.469204013582,0.785917590627,0.461770779142,1.7065115704,1.17006536431
sobol__0003346,89.26260444,52.14311613,-49.08445729,67.49774549,-29.20010231,15.67491168,14.11726962,1,usable,Converged with independently replayed constrained generalized-force equilibrium and small reserve torques,692.040598,0.0546089369128,4.30213269453e-08,4.53220512384e-13,1.84689330667e-06,0,0,0.14919760597,0.13877908593,0.0101089029272,0.0192820441788,0.0487145965331,0.0101321783755,0.0102778368743,0.0100651609019,0.0100469244759,0.0100200278009,0.0100299204411,0.0100529215778,0.0100481435116,0.0100528506553,0.0100745633962,0.010044007715,0.010080407218,0.010081605017,0.0101876090793,0.0101039040645,0.0471318783375,0.0100416246007,0.0333367091596,0.0372517640742,0.0125985510311,0.0102249886731,0.0103641686666,0.0115741382321,0.0125203848485,0.0103264266927,0.0333832615196,0.0107275568019,0.0103105050926,0.0104397604458,0.0102794711156,0.0102628218151,0.0102868278834,0.0102718325362,0.0102767718024,0.0102542838247,0.0102601314453,0.0102922649681,0.0102737784616,0.0102583258798,0.0102640871688,0.0102521885953,0.0102289433363,0.0102227301972,0.0101778025102,0.0101841493154,179.95935708,149.148687325,2.03500505094,9.43665954009,47.525004227,9.56343367756,1.8588225235,1.44766550692,4.28202680949,6.00896493919,2.96910403639,2.66963962978,2.85730252083,1.80828229915,1.81043842921,2.64949295372,6.90940023311,6.76080299916,1.89822312699,3.77777502257,24.3068702842,3.18118197068,38.3052899738,10.1799389943,4.24905765362,2.3522093083,1.99182891615,4.59578528503,3.76852312911,0.996702596591,17.7544302076,3.02905208981,0.695564587495,1.68565587417,2.65907707145,1.66737433164,2.43474530947,1.77444447631,2.11581855627,2.02308441448,0.269408896607,1.00508584845,0.826107906102,0.461560071003,0.616005512215,0.365332586835,0.606608910497,0.44229315438,1.93870895677,1.17552221472
sobol__0003354,100.51260444,27.76811613,72.79054271,124.37274549,40.79989769,22.23741168,51.61726962,1,usable,Converged with independently replayed constrained generalized-force equilibrium and small reserve torques,503.290792,0.185359101849,9.8745843502e-08,5.82645043323e-13,0.000119882791185,17,0,0.026240733087,0.0100011144579,0.0133513199678,0.0100023633151,0.021939857211,0.0100012385197,0.0462464443206,0.0293864947126,0.183839314585,0.121209274621,0.0142002243614,0.0100419864797,0.0100341353752,0.0100132703522,0.0351536334389,0.0377855931663,0.0100048166328,0.0100048164168,0.0100140254116,0.0100452376481,0.0100095496478,0.0978746853721,0.111466511817,0.0100470737784,0.0100004886087,0.0100017434817,0.262236786333,0.0100028850406,0.0100452376481,0.0100452376481,0.0615597668482,0.0282879186621,0.0100452376481,0.0101016406657,0.010001663202,0.0100020440423,0.0518357378465,0.0100552166248,0.0100073811829,0.0100018117508,0.0533864701114,0.100907905989,0.0834562488558,0.0100731258311,0.0924733642709,0.0100119880807,0.0100036733343,0.0100014020635,0.0100004049817,0.0100004570139,31.917361311,10.8477331315,2.67778368081,4.96077448401,14.515850044,12.4674942114,12.4311155473,3.84388410789,72.1723071365,51.5346181895,1.31545061514,2.19192548308,1.55550545633,1.66393321644,5.02476339246,4.98441803811,7.17614349608,7.17650264976,2.82556937814,0,3.981819905,23.4920900433,87.2900519246,0.00933479969612,3.00167448202,1.19804092702,41.7994444324,1.04624329077,0,0,16.949782316,7.32550563822,0,0.313047440287,2.4025847639,1.56152541079,11.590196759,1.63865662972,1.92016365931,1.88171351945,1.14866584507,7.14881870348,4.98679878255,0.340759659119,4.02435923349,0.190677007298,0.340035281051,0.400400503979,2.00884773179,1.16631934777
sobol__0003362,75.20010444,46.04936613,70.44679271,81.71649549,-41.70010231,14.03428668,42.24226962,1,usable,Converged with independently replayed constrained generalized-force equilibrium and small reserve torques,579.480445,0.0776777617115,2.97059727927e-08,3.40844684337e-13,1.01897371242e-05,18,0,0.110799387599,0.0100031999017,0.0145830261022,0.0100030051077,0.18216631794,0.0100027428377,0.0408186780996,0.0100188147824,0.0448786972781,0.0460824561581,0.0101058129847,0.0100089669729,0.0100106135717,0.0100111367848,0.0129771568416,0.0314793732873,0.010017010221,0.0100172376266,0.0100341371583,0.0547099087547,0.0103480510301,0.0915719189568,0.0292171934447,0.0100076546589,0.0100090505197,0.033768869374,0.0734565369708,0.0100016733237,0.0100442309422,0.0100063905454,0.0100047292833,0.0100131864946,0.0100236030362,0.0100047834273,0.0100024387955,0.0100035514754,0.0100039107691,0.0100047176561,0.0100037029337,0.010003404033,0.0104323796822,0.0374419211383,0.0289206384652,0.0132743778949,0.0230065640248,0.0101691133545,0.0100351150466,0.0100113810965,0.0100031062485,0.0100040656155,133.214548919,10.3377337133,2.84496376237,4.75848998223,147.984898002,12.0831068192,10.7042820567,1.37073020299,17.7116885619,21.8954276527,1.29038553766,2.47761554346,2.18383598932,1.71556492959,2.30821448905,5.70918609193,7.00515635434,6.85741758947,2.54886015967,19.8778169069,5.00183603642,27.592473807,32.652389172,2.63751108826,3.37605274027,6.20367184381,12.3723994185,3.64272396155,0.014256668622,0.665706017214,5.49831848685,2.7222095135,0.161182269231,1.4188613534,2.48553318323,1.6090524218,2.29684047642,1.67325575902,1.98115174382,1.93466760886,0.200447917614,2.58408307952,1.7628721546,0.46166325107,1.07529149253,0.241037905828,0.498847314547,0.447358253555,2.00836993722,1.1674107663
sobol__0003370,108.95010444,5.42436613,-32.67820729,106.09149549,28.29989769,24.97178668,19.74226962,1,usable,Converged with independently replayed constrained generalized-force equilibrium and small reserve torques,427.066028,4.27158968883,1.0565217945e-05,3.04276981941e-12,0.0005337489524,12,2,0.0582707669381,0.0316779012449,0.0100206770506,0.0100587320613,0.0262855468285,0.0100110100208,0.0100517135078,0.0100211892998,0.010057529019,0.0100199114178,0.0100263790151,0.0100178398986,0.0100203438846,0.0100181851771,0.0100533195694,0.0100117818851,0.0100236961568,0.0100238381479,0.0100375540699,0.0100452374583,0.0612218130397,0.0243851655973,0.0164799687586,0.0121901964358,0.0100000848231,0.0100003146473,0.99999973711,0.0100001939573,0.0100452374583,0.0100007209618,0.0100176408033,0.010023164563,0.0457137113924,0.444652351718,0.0100009171228,0.0100008600435,0.85302685141,0.437405648434,0.223528815275,0.0100008094372,0.372644508962,0.999629928766,0.596501760335,0.130588344482,0.760237866276,0.0100076819544,0.0100006603091,0.0100003721962,0.0100001042364,0.0100001200935,48.0143759286,34.8991929156,1.96238318908,5.02022858418,27.1813652589,12.8554355813,2.34147621638,1.34213975797,4.34820877713,5.88657182054,1.43727026644,2.4270924479,1.70889455267,1.66804824002,1.78338973888,3.95052285583,7.18825835308,7.09856087699,2.78652190633,0,32.0982627487,7.28032873635,17.2581699093,1.89450299806,3.14954808019,1.89823995024,190.819813992,3.62470917582,0,0.738673741179,4.92754780776,2.6738202923,0.479245937583,61.5908336169,2.55446187967,1.62499672277,199.837249174,74.7148693973,45.2079672153,1.97121448109,10.3673558868,98.0051592884,46.7896605303,5.71803719333,44.5817649867,0.334325009083,0.461300768784,0.381217584198,1.77987806059,1.06354475846
sobol__0003378,92.07510444,17.61186613,37.63429271,4.52899549,-6.70010231,2.00303668,-21.50773038,1,usable,Converged with independently replayed constrained generalized-force equilibrium and small reserve torques,531.196333,0.0297736436435,6.47939755183e-08,2.20268248086e-13,5.700292865e-06,0,0,0.101325572788,0.0201025616946,0.0101080100722,0.0160971025392,0.010050179129,0.0236005398165,0.0101106851389,0.0102259262166,0.0354509924344,0.0168021466713,0.010258490471,0.0102172875853,0.0101988923891,0.0101541124392,0.0104925074228,0.0460753239899,0.0572288174683,0.0429530318302,0.0102639027483,0.016259042838,0.0110598494355,0.0102315282443,0.0100353303312,0.0100998504712,0.032687042805,0.0407677637789,0.0292498883543,0.0100279937065,0.0100241697147,0.0100760940617,0.0100657191377,0.0101454509149,0.0101126774011,0.0100597924263,0.0100471341562,0.0100705077429,0.0100611074756,0.0100754903773,0.0100634371258,0.0100672200235,0.0111886242612,0.0303940703003,0.0283536551202,0.0142573956548,0.0159246436621,0.0114371059199,0.0107623531185,0.0102036285226,0.0100682704322,0.0101074950652,117.08392617,21.7888942946,2.03594518259,8.00324376429,8.66469043171,29.7337901794,2.71737939286,1.3488275307,14.3892489836,7.74245384539,0.981234541006,2.30082837873,1.57326888667,1.683607183,1.67893911061,33.0385148574,27.2109450122,15.3149398103,0,6.12620963606,3.16270217901,2.68855459246,11.6541497129,2.3793252317,10.8728541154,10.2932134011,5.6281445509,3.24586846414,4.8032513767,0.756046074791,3.69045869689,2.887896273,0.699733160083,1.68493969244,2.58547383193,1.55974595262,2.36493663092,1.7378522321,2.13433644428,1.96710765512,0.426919365924,3.23208642795,2.66367988201,0.676819949871,1.15284477179,0.540132126043,0.860503864754,0.468902085751,1.52290396749,1.17564143554
sobol__0003386,103.32510444,58.23686613,-9.24070729,61.40399549,63.29989769,-8.93446332,-44.00773038,1,usable,Converged with independently replayed constrained generalized-force equilibrium and small reserve torques,574.443885,0.333564761314,2.63296726644e-07,1.15107923193e-12,2.33493575214e-05,8,0,0.182746038836,0.0636964450459,0.0100328227277,0.0100464758114,0.0397044042485,0.0100121877378,0.0101282574686,0.0100256904801,0.0100332886068,0.0100091715064,0.0100146479832,0.0100201199484,0.0100174620728,0.0100189735101,0.0100373378567,0.0122816159605,0.0856744857785,0.0837893201479,0.0107945309948,0.0100784813943,0.0100034334222,0.0100033089814,0.0100061272868,0.0100031240726,0.35996808884,0.128739190441,0.0100027456519,0.218604990294,0.0100015054953,0.0126266212376,0.189407355408,0.0656637192579,0.0100216365404,0.0100166773649,0.111242931711,0.0912000347822,0.0100341441636,0.0169604950164,0.0707964451199,0.120235552136,0.0100204322432,0.0100060252092,0.0100197319659,0.0100541954918,0.0100112937684,0.0101191421672,0.0100134589178,0.0188886737212,0.0101129361407,0.0423649222735,208.989889003,67.9398026264,1.98055308411,3.66857728158,42.4376448292,11.851964683,2.50483137518,1.43646732999,4.06271966864,5.70999113716,2.46052782919,2.64237697469,2.8351514874,1.80219253313,1.67551618677,3.92763117614,58.187401988,55.6545590993,1.4784044401,0,2.84886426987,2.61568003521,11.6147727924,2.76033077465,113.705306784,30.9816010922,1.67422948209,86.8960601225,4.43513906568,1.00545078389,100.367144077,14.8171886629,0.732276913498,1.71112977404,27.961267026,13.8523187209,2.21155929225,2.84509917917,15.0352112886,23.4288105888,0.346660774657,1.09198090622,0.940853842236,0.470159819407,0.698964364169,0.476000110357,0.779971581814,0.868759130839,1.07194066968,4.87276682074
sobol__0003394,82.23135444,61.28374113,48.18116771,127.41962049,39.54989769,-3.19227582,28.17976962,1,usable,Converged with independently replayed constrained generalized-force equilibrium and small reserve torques,533.409865,0.127219986776,1.11250912482e-07,3.13910022285e-13,2.82565507602e-05,20,0,0.132825474898,0.0100011973256,0.0100657218403,0.0100012051893,0.17514202054,0.0100005394392,0.137296694035,0.0100296505945,0.015914278552,0.0254297434129,0.0101312535263,0.0100087568096,0.0100071724584,0.0100087063224,0.0634986101916,0.0100483287597,0.010006838839,0.0100068358009,0.0100180090418,0.0100452383266,0.0100026002712,0.0569034396776,0.0678664190752,0.0100452383266,0.0297321832949,0.0744377427179,0.122320926385,0.0100021454622,0.0100452383266,0.010037516454,0.0615284934868,0.0385825743612,0.0100452383266,0.0100040070608,0.0100013046338,0.0100019525806,0.0100019623644,0.0100024477546,0.0100019636008,0.0100018313111,0.0210606724295,0.0941244238484,0.0696538592259,0.0355403114191,0.0402858693819,0.0213952787822,0.0100794798647,0.0100086025151,0.0100027584883,0.0100030206725,149.855302109,10.1167480844,1.90135313567,4.92002231229,168.326594568,12.3826588226,36.976663397,1.42182777188,6.13351318786,13.6779631771,2.22580657756,2.59888359877,2.75558444254,1.77302488812,11.5751858525,0.0201835302194,7.17483569976,7.17858335298,2.77731959742,0,3.40737625146,16.1054993217,48.8998751982,0,5.13025449951,13.9280454806,16.2288359932,1.58458287853,0,0.0120816357445,15.5448259276,10.0230349733,0,0.881490530508,2.47573681508,1.59624853758,2.32075132968,1.68587053648,1.98408556388,1.91767072439,0.438717190332,7.56423955796,4.78246073045,1.5090712476,1.74509303777,0.679333347073,0.601864078443,0.460073277235,2.00238447481,1.14057146332
sobol__0003402,115.98135444,20.65874113,-17.44383229,70.54462049,-50.45010231,3.37022418,35.67976962,1,usable,Converged with independently replayed constrained generalized-force equilibrium and small reserve torques,577.209266,0.0383207399015,7.08918790338e-08,2.70006239589e-13,6.84667589006e-06,16,0,0.12036304233,0.0100037737435,0.0100212884271,0.0100084340774,0.035243812536,0.0100027279936,0.019810477189,0.0100368295119,0.0601940786612,0.0432974264043,0.0100421314264,0.0100166421468,0.0100163933696,0.010012237044,0.0120804556051,0.0100244661625,0.0100096069334,0.0100097726782,0.0100274921763,0.010052572024,0.0228929051027,0.0625617262215,0.0606547711563,0.0422022185098,0.0117188854599,0.0194849787689,0.0422527660201,0.0100035174845,0.0100195491202,0.0100096688508,0.0147577175085,0.0100428586642,0.010020348726,0.0100086539653,0.010004411452,0.0100062869773,0.0100067330823,0.0100080464462,0.010006469136,0.0100059109977,0.0100854238525,0.0206097881885,0.0158125791277,0.01015068341,0.0120591678336,0.0100818250115,0.0100404802968,0.0100177795567,0.0100065152475,0.0100074164807,132.375949803,11.0340306295,2.01290287564,4.40506154699,37.6281731546,12.8662656888,4.78546023063,1.34989633078,24.9971337387,22.1777183786,0.937358532837,2.48888565959,1.98890966118,1.70004310733,1.77976518266,5.19977601282,6.89114341718,6.74309923499,2.10074361633,3.58568278076,11.929453628,18.9537637068,69.3117862117,11.5585593171,3.95216792865,4.06742401074,6.66869011866,3.7753450397,2.35436904933,0.883829542361,6.98555681004,2.61939019077,0.480003230882,1.55550798115,2.50921710792,1.61837607613,2.32634280145,1.69259244602,2.00151387981,1.94414337017,0.185470819444,1.47067388912,1.00797566935,0.38268726885,0.556170688652,0.282120637493,0.605373463672,0.460802225337,1.98916826306,1.15266931714
sobol__0003410,87.85635444,0.34624113,52.86866771,42.10712049,74.54989769,17.58897418,-35.57023038,1,usable,Converged with independently replayed constrained generalized-force equilibrium and small reserve torques,787.344615,0.159454916919,8.58628186939e-07,1.4068746168e-12,0.00125571742237,18,0,0.0100006964688,0.01000055047,0.0516518654699,0.0100050076136,0.0100008245284,0.010001392449,0.028819091813,0.15758803202,0.0103006020803,0.0100158027544,0.0100022840095,0.165072762491,0.0824636208803,0.106154409385,0.0378157495975,0.108142996369,0.0100028272072,0.0100029076552,0.0100452373407,0.0100452379997,0.0488051386041,0.0252830342357,0.149849968952,0.0381305244318,0.0100452379997,0.092973679244,0.0100095815145,0.0100041826563,0.0100021091367,0.0100109884925,0.161669578944,0.0210819184129,0.0100122656563,0.0100064636858,0.0100052118623,0.0100088482269,0.0100061074221,0.0100079879546,0.0100070507249,0.0100088729715,0.0104978684862,0.0335842219567,0.0378869990038,0.0207764445153,0.0101523653526,0.0158599474625,0.0174802562887,0.0101042706618,0.0100127845228,0.0100720047019,8.58435363726,10.9670335585,10.3848151918,4.98882423542,7.23572390123,12.3959105073,7.75903471092,19.8136857532,4.31876781313,5.66426786833,2.27228614617,31.2708315199,7.95910949288,16.3822781864,6.77767123978,61.3468455858,6.57373064725,6.3804508673,1.19459808709e-05,0,13.0313780863,5.78297519216,176.413153805,10.3256368588,0,23.4747764545,1.89824417459,3.18702994378,4.78955590747,0.669892686383,88.0396470992,4.17260772032,0.742294827441,1.70939220716,2.54026585258,1.50463671655,2.35703069418,1.72572291438,2.1233569108,1.93109116143,0.409851057019,3.54891448372,3.56039698292,0.996178237603,0.735012857577,0.749988637018,1.27162889426,0.412830900333,1.09594255334,0.991149186058
sobol__0003418,99.10635444,40.97124113,-31.50633229,17.73212049,-15.45010231,11.02647418,-28.07023038,1,usable,Converged with independently replayed constrained generalized-force equilibrium and small reserve torques,537.940754,0.0962396498593,8.76769945535e-09,3.19744231092e-13,4.17810066866e-06,10,0,0.172422823512,0.0567918531738,0.010011223421,0.0100272225397,0.175201128269,0.0100019244623,0.0302656242424,0.0100084395161,0.0100222271162,0.0100039699912,0.0100070383363,0.0100056986215,0.0100050655888,0.0100055315535,0.0100247854742,0.01000168827,0.0100028757626,0.0100034786009,0.010045238098,0.0100410633572,0.0405668530841,0.0165236491574,0.141158576893,0.0483672678845,0.0348825259289,0.0205362753364,0.0100252997891,0.0212703149821,0.0137666931585,0.0100622281217,0.038376864945,0.0100478012404,0.0100774361477,0.010754684724,0.010026958996,0.010032352787,0.0100310178191,0.0100334098984,0.0100309692453,0.010031445459,0.0100397036072,0.0100317611614,0.0100370989454,0.0100408219025,0.0100360122804,0.0100544440083,0.0100512461966,0.0100430179112,0.0100315726605,0.0100366789621,210.023068183,62.0955716597,2.01645881438,4.49490765502,178.810728578,10.8398030482,6.75490396031,1.41211692674,4.17939014222,5.6957979995,1.84724541907,2.6091246009,2.70508782235,1.76292294572,1.56877965193,5.85317138395,5.88217520801,4.79705650126,0,3.81158764657,9.53268103859,4.25150573741,165.970209657,11.9212195999,11.5879794072,5.18512799413,1.88276812501,6.56265931229,6.60462567964,0.685851758069,14.5051894543,2.86053923206,0.716645485342,1.81501159485,2.51973104099,1.47262372373,2.3465960914,1.72476673535,2.13007501209,1.89823975691,0.393228213033,1.05241561577,0.937057544808,0.475948191631,0.726583585711,0.475562928091,0.801422390567,0.443552818794,1.31297435024,1.09093876195
sobol__0003426,79.41885444,30.81499113,-52.60008229,60.38837049,17.04989769,20.32334918,-7.44523038,1,usable,Converged with independently replayed constrained generalized-force equilibrium and small reserve torques,473.663487,0.18408694596,5.74647778251e-08,7.74491581979e-13,9.57739675022e-06,12,0,0.204548991807,0.14693676855,0.0100034931865,0.0100063164006,0.315808085105,0.0100009487805,0.0466381123703,0.0100034465604,0.0483085350913,0.010002156423,0.0100022844126,0.0100021638617,0.0100019536674,0.0100020231658,0.0100464152984,0.0100015410667,0.0100082905777,0.0100084432541,0.0100306308165,0.0100452377877,0.0472300005099,0.0100100888312,0.0609467217895,0.0497618652098,0.0473185495818,0.0138337790105,0.0100184302963,0.0110074465589,0.0100110825151,0.0100511176412,0.0400400485469,0.0101865021589,0.0100401567791,0.0100356749614,0.0100284755168,0.010036240754,0.01002343676,0.0100281377646,0.0100288232829,0.010036802122,0.0100423320698,0.010042999076,0.0100505206499,0.0100537679767,0.0100352957921,0.0100539768365,0.0100730349376,0.0100733421349,0.0101079824991,0.0105527624127,205.370330106,159.528526874,2.01275577946,4.99496269002,304.793784593,10.3291081215,8.00561979815,1.41360330367,20.9901772576,6.01787899809,2.55860676042,2.59986136695,2.5922174368,1.74447086008,1.80341616891,4.31002297176,6.78661025757,6.63669981144,1.28906332367,0,18.8820544382,2.94594937885,70.8551504871,13.7076601555,15.9598701396,3.4551050315,1.93138092684,4.48985841973,4.23578405301,1.01515098833,22.3029101376,2.78759305082,0.718062619443,1.67199147015,2.59525198011,1.62141173341,2.37342032187,1.73377749164,2.09211717012,1.97915858497,0.33346869362,1.09667923732,0.941856460069,0.490495574026,0.710129591338,0.451503317184,0.627348313401,0.405085291775,1.50489013381,1.09190668763
sobol__0003434,113.16885444,55.18999113,88.02491771,3.51337049,-72.95010231,9.38584918,-59.94523038,1,usable,Converged with independently replayed constrained generalized-force equilibrium and small reserve torques,596.579079,1.67319597334,8.33142075329e-08,1.5418777366e-12,0.000145561760114,11,0,0.355758623199,0.0100452372268,0.010001256726,0.120996575572,0.0100001025348,0.0100000836668,0.0100012650088,0.533264091187,0.724451960186,0.0100001300554,0.0100003860416,0.537068199345,0.079732871712,0.0100008711153,0.0100169738968,0.514198288235,0.0100065348517,0.010008362652,0.0100452372268,0.0100010936101,0.213836605733,0.0100008819489,0.0709331244051,0.147613835602,0.0100452372268,0.160831880526,0.0100131728673,0.116733789847,0.0100286967065,0.0105128656434,0.15272181997,0.114240793002,0.0216454164148,0.0749155595128,0.0544193252557,0.0322987018564,0.0101026390977,0.0127029329342,0.0308986523934,0.0268060858193,0.0100301456375,0.0100206690915,0.0102240793206,0.0124617506365,0.010027385186,0.0101088070791,0.0100674690073,0.0122487013606,0.0100227557117,0.014139830604,412.119702415,0,1.81282424796,59.1614858187,6.18546028456,12.5624426956,2.46549882117,72.1935370587,204.195042138,4.36847081553,1.36419855357,133.611065998,18.9716157133,1.73833989992,1.41390666774,277.699111945,4.67022688615,3.47954771019,0,3.39293234384,105.251980071,3.00645649088,82.2145579786,34.1132684506,0,39.0844529829,1.8541366138,14.1250596327,3.4869342771,0.103791278906,18.5701474058,27.0286302971,0.747505901802,8.44450934282,10.3550200109,3.6001643791,1.98488491403,1.87842535246,6.49960981711,4.08821742486,0.386619857887,0.886372877376,0.875609169616,0.535541340908,0.696919170216,0.46010091696,0.888334036338,0.533017277651,0.763313149561,1.39572795091
sobol__0003442,96.29385444,34.87749113,8.33741771,113.20087049,52.04989769,-4.83290082,56.30476962,1,usable,Converged with independently replayed constrained generalized-force equilibrium and small reserve torques,722.841545,0.0982987381899,4.84172426596e-08,4.15918039582e-13,5.66683853266e-05,14,0,0.131195325873,0.0100048309577,0.0100245673919,0.0100066573062,0.0633698413985,0.0100021705553,0.0276401117881,0.0100287400036,0.040251925555,0.0183156272752,0.010032892493,0.0100141410946,0.0100133903669,0.0100124412222,0.0107000410932,0.010055662479,0.0100117136977,0.0100117524674,0.0100267935496,0.0100452374525,0.0100128460144,0.0262626003856,0.0491258601107,0.0130757578387,0.0489133282918,0.0919700646251,0.184781794913,0.0100042718736,0.0100452374525,0.0100452374525,0.0248393891217,0.0102354392066,0.0100452374525,0.0100048465732,0.0100006010128,0.0100008854438,0.0100008800949,0.0100010971314,0.0100008880986,0.0100008116519,0.0221630191533,0.0982993027306,0.0827511079006,0.0407084700411,0.0558519093877,0.021156805106,0.0100271350018,0.0100040051008,0.0100021539893,0.0100013512066,159.789090879,10.7595077074,2.01866654033,4.50314128898,67.9582242355,13.065530936,7.13446304914,1.37665464472,16.2284565355,8.70897909195,1.14549795759,2.53689343463,2.29032177949,1.72735976549,1.61701614984,2.40869701207,7.18218129894,7.15028505854,2.83718999572,0,5.14173399928,7.69193455952,48.6864354746,1.44323427401,14.9517666205,13.6609107075,21.0365696615,0.441550256364,0,0,8.2240867572,2.55312551828,0,0.309965616436,2.2928830508,1.50490141216,2.20317113149,1.60021655328,1.82941766218,1.80779224473,0.308129701376,5.24582756335,4.06711770253,1.30001392004,1.80713720451,0.461322058501,0.50291155717,0.455210187791,1.85497815482,1.08506667781
sobol__0003450,107.54385444,10.50249113,17.71241771,88.82587049,-37.95010231,6.10459918,3.80476962,1,usable,Converged with independently replayed constrained generalized-force equilibrium and small reserve torques,486.947975,0.0281171533188,2.55544190253e-08,4.26325641456e-13,5.30565773672e-06,3,0,0.0850085709242,0.0100039331347,0.0100268527043,0.0100080859055,0.0358363800784,0.0100031810621,0.021315678062,0.0100476434093,0.0612662171075,0.0515394826601,0.0101097212469,0.010020803816,0.0100234380014,0.0100167876517,0.0170335884892,0.0129547842745,0.010012230866,0.0100124190636,0.0100293064892,0.010080651669,0.0233599982753,0.0600401189277,0.0485298692359,0.0309092352326,0.0301489453795,0.0101387640398,0.0100208191365,0.0132633454673,0.0100218796993,0.0100635115726,0.0102013943037,0.0100375337948,0.0100466652422,0.0100472261873,0.0100410151569,0.0100456547759,0.0100322793873,0.0100367424846,0.0100384756722,0.0100479493103,0.0100421004656,0.0100373641226,0.0100422882974,0.0100470423096,0.010037778629,0.0100471904892,0.0100587054628,0.0100646909455,0.0101080571455,0.010204101893,87.0606958681,10.9696194455,2.01663675711,4.66463055173,35.4597605199,12.8658311154,5.56468560055,1.32064536461,25.2757458289,25.3967432042,0.977121749365,2.2360698274,1.45402341138,1.65213443277,2.78480488617,5.44626783602,7.07033532663,6.9238369675,2.62331028102,3.6930983849,12.0132506606,17.4315936489,53.3932790338,7.92470290999,9.78264368034,2.54123681236,1.79871562415,5.15725662525,3.37635135362,0.955853774056,5.6831792997,2.74792510828,0.658527635224,1.61518250497,2.59850628474,1.62601338712,2.37550940457,1.73526979885,2.09715300852,1.98203940071,0.259941017084,0.998055974945,0.835348603762,0.478346850841,0.576846582596,0.405387549437,0.710553486591,0.46216496773,1.94281310636,1.19062512099
sobol__0003458,85.74697944,38.43217863,-40.29539479,15.19305799,78.92489769,22.64756793,35.21101962,1,usable,Converged with independently replayed constrained generalized-force equilibrium and small reserve torques,510.487593,0.255421795636,1.20042617624e-07,4.18956534516e-13,2.97770327863e-05,28,0,0.190369256862,0.106958252066,0.0100055144373,0.0100096410086,0.299015829601,0.0100010626131,0.0535982051494,0.0100045797311,0.0100676422548,0.0100022053243,0.01000297963,0.0100029181772,0.0100025708147,0.0100027685676,0.0100208148328,0.010001235566,0.0100041895665,0.0100051143672,0.0100452378566,0.0100452378566,0.0100077212607,0.0100041873175,0.0962836042237,0.0100195066275,0.0100037744991,0.0100478887471,0.125387430043,0.0100008579981,0.0423914004376,0.0100025024383,0.252944284495,0.0351099687393,0.0100062702367,0.0100028435306,0.0100018059003,0.0100026712309,0.0100034680297,0.0100040076238,0.0100030911466,0.0100026638836,0.0280425196776,0.0993715603607,0.0710374522792,0.0303837149393,0.056175609144,0.0125429831887,0.0100174202683,0.0100063624862,0.0100015947278,0.0100020683657,230.744057103,115.623391781,2.01528777033,4.96832206585,298.593836136,10.9860487004,11.3694149594,1.42003585782,4.29404941539,5.92603695312,2.3659963669,2.61169407905,2.69712678991,1.75898130727,1.74460644808,6.23939122437,5.68649134354,4.55609003641,0,0,1.26672536277,1.63657698082,113.096364662,2.38738983574,2.10644251595,1.36478274735,24.1764272173,4.079283661,16.0891277458,0.991251468428,140.934473461,6.67274119072,0.708850323033,1.65119023741,2.4803581294,1.60228333615,2.29273940944,1.67166348456,1.97329420558,1.92637793146,0.73735456732,9.30745572372,5.37004386452,1.2438487351,3.5262203474,0.32682851309,0.373873478608,0.39632490329,2.00195744204,1.14772605352
sobol__0003466,119.49697944,14.05717863,62.82960521,55.81805799,-11.07510231,16.08506793,27.71101962,1,usable,Converged with independently replayed constrained generalized-force equilibrium and small reserve torques,558.322409,0.196862126735,4.87895377432e-08,5.68434188608e-13,3.44295889462e-05,10,0,0.0100022775272,0.0100005597894,0.0100248375291,0.0100227554664,0.010000999914,0.0100007167018,0.0229163517478,0.12508174942,0.28209687339,0.0100747533559,0.0100078516215,0.107142745733,0.0534876495416,0.0102594145578,0.0659292532659,0.195991929754,0.0100101857422,0.0100103683996,0.0100359714261,0.0100058525014,0.109335264188,0.0777692801783,0.0430183294124,0.0573068844434,0.0217044458742,0.0189662177641,0.0387650392187,0.010005347858,0.0100229517033,0.0100122404797,0.114104122729,0.0358752155803,0.0100222541629,0.0100127963343,0.0100071757629,0.0100101492553,0.0100103851167,0.0100122094326,0.0100103586846,0.0100096154795,0.0101094543809,0.0250519296926,0.0182503347654,0.0103927392945,0.0120610263988,0.0100999157475,0.0100414210916,0.0100232962964,0.0100079087579,0.0100102605579,10.4347611978,11.0213056489,2.01919360038,5.00277393247,6.69533769441,12.5624377842,6.17297495089,15.7906937966,114.059886539,4.83891101155,1.40558047067,21.2498793986,6.26949339433,1.64857378842,9.99204791718,95.948363191,6.73875436627,6.58589580531,0.903364435926,3.79618710043,56.704959048,24.6356852214,50.3288099754,15.8163337326,7.10271537635,3.80648439252,7.41059470095,3.90999380119,2.36195707606,0.939516707486,61.8778857567,10.2135187345,0.640270005329,1.58869388902,2.53255132173,1.62560618313,2.33352170753,1.70037873162,2.01310401909,1.96522960933,0.240611282812,2.19898794364,1.33767168231,0.425368253961,0.678714972617,0.298552955062,0.516883226522,0.434410020466,2.00758924672,1.16626987015
sobol__0003474,91.37197944,26.24467863,-7.48289479,92.38055799,33.92489769,-6.88368207,-28.53898038,1,usable,Converged with independently replayed constrained generalized-force equilibrium and small reserve torques,500.882626,0.0350007738614,9.47095575299e-08,8.26005930321e-14,5.63939093078e-06,4,0,0.133882928552,0.0373011765265,0.0100204133105,0.0100407374397,0.0467324799899,0.0100063710625,0.010098360119,0.0100183776999,0.0100759364732,0.0100120074516,0.0100202861605,0.0100135352875,0.0100142385437,0.010013496593,0.010044323812,0.0100100607728,0.0100124481091,0.0100126353922,0.0100293921481,0.0100452377716,0.0167217572812,0.0100327036932,0.0476800392632,0.0299984076624,0.0408478389677,0.0359593389538,0.0183909457879,0.0100052207786,0.0100074236323,0.0100123686895,0.0400627218949,0.011094065564,0.0100229926028,0.0100135753355,0.0100091383044,0.0100134342406,0.0100119462625,0.0100144074166,0.0100122995665,0.0100129860907,0.010124774785,0.0261291935502,0.0232212432636,0.0120434657624,0.0113796775523,0.0102519516676,0.0100690648903,0.0100326351613,0.0100116365703,0.0100166379059,162.000894187,40.4641427991,2.01821703703,4.7283532463,50.2556202414,13.0708743365,2.53811838316,1.37014010444,4.17941580426,5.34806650862,1.21789072219,2.52212205739,2.14921238677,1.71318694515,1.6116411767,3.55792993807,7.1037189881,6.9587984849,2.6564930431,0,8.77199042687,3.10309192131,52.0227862907,7.39172547891,11.3983299168,8.93779258655,2.96411746959,3.97665567549,4.62519502939,1.00616183759,20.4628374178,2.92129102888,0.716597786704,1.67203532184,2.5811488075,1.582506908,2.32794719043,1.72356920096,2.12264949699,1.96928039618,0.320341983385,2.85319235324,2.19206808654,0.580747613387,0.711970563957,0.484905584375,0.795104352648,0.461484442316,1.37842855504,1.16771478337
sobol__0003482,102.62197944,50.61967863,39.39210521,100.50555799,-56.07510231,-0.32118207,-36.03898038,1,usable,Converged with independently replayed constrained generalized-force equilibrium and small reserve torques,500.784476,0.107349282711,1.91033553976e-08,2.47131642346e-13,1.28219411575e-05,8,0,0.165789763457,0.0100008846969,0.0100589020778,0.0100010309658,0.0902770794037,0.0100004426386,0.138470327802,0.015610539775,0.159661007605,0.0268958473557,0.0100130418723,0.0100110256101,0.0100070785375,0.010005631809,0.0350525272988,0.122300849579,0.010018251869,0.0100184493388,0.0100343324638,0.0229655423215,0.0100014638456,0.0611392629673,0.0269009474025,0.0100144300129,0.0268395946619,0.0114747149859,0.010009654895,0.0193860423793,0.0100074569393,0.0100641038528,0.0100108259905,0.0100246014167,0.0100350511088,0.0100290175495,0.0100649544004,0.0100713531682,0.010028624717,0.0100365748165,0.0100482111116,0.0101102033632,0.0100330523956,0.0100191374168,0.0100285918535,0.0100405932762,0.0100250266606,0.0100391156707,0.010045290082,0.0100872310666,0.0101129291641,0.012389964593,191.961236623,10.5373940393,1.94995560839,4.85192504978,83.2868461899,12.9243608268,37.2785672236,2.1646682286,56.4112835969,11.9238207423,1.44307548974,2.56624123323,2.59857426972,1.75443146474,5.20951303998,25.5406323725,7.17016137888,7.04182689322,2.73302304375,8.09815579863,4.69931668072,16.4140493123,28.7302600894,2.48260736029,7.83073229475,2.79825641114,1.84451908727,7.90699530693,4.55892686186,1.01619543398,5.57723373387,2.54667150468,0.726558851199,1.70351842061,2.30394541076,1.35424072098,2.15517910299,1.62887187392,2.13409375531,1.80224536473,0.353395741405,1.09299476447,0.946348323169,0.478221852714,0.69719774301,0.474777955324,0.873966047475,0.463482746576,1.25437690433,1.42434856028
sobol__0003490,77.30947944,7.96342863,27.67335521,74.09930799,56.42489769,-9.61805707,-56.66398038,1,usable,Converged with independently replayed constrained generalized-force equilibrium and small reserve torques,547.233908,1.28819812981,7.4792938598e-07,1.92855335132e-12,4.25493498619e-05,14,0,0.0990946378732,0.0189645921086,0.0100172326763,0.0101805717124,0.0100119556417,0.0127187973915,0.0100220282567,0.0100302312025,0.0337114986865,0.0216043265066,0.0100558643422,0.0100269341059,0.0100285737673,0.0100225273944,0.0101336268084,0.121407241081,0.227521734934,0.222657556814,0.0429966778998,0.0100452377976,0.0100006202245,0.0100008209119,0.0100011468049,0.0100007839306,0.721133776346,0.282177755793,0.0100008533371,0.473226668317,0.0100003962842,0.0174445127402,0.29007140262,0.137499946701,0.0100071270096,0.0100061095765,0.259221803501,0.208335357121,0.0100133602328,0.0432607740022,0.174698982634,0.2833065499,0.0100050874337,0.010001449371,0.0100039698253,0.0100085101707,0.0100035855255,0.0180654282664,0.0100031508096,0.0290235613801,0.0100361526962,0.0649974541981,98.1670354923,20.5933380702,2.01508929165,5.03315741436,9.19049906729,16.0363772822,2.66487028097,1.31425914714,14.0277319829,11.4368677734,1.29133950273,2.16175094821,1.35815573177,1.63329931794,1.77995517631,54.0857830369,157.425397871,150.766101544,10.0143059859,0,4.22445976565,3.16176572375,11.3516830491,2.67919073668,210.735575381,65.7977627901,1.64722074703,190.672037005,4.40910313845,1.35928813058,150.620363525,33.3488431849,0.744400242373,1.71080677863,62.1606019875,30.2057189276,2.08930520758,6.96671488689,37.1046457762,53.8550204472,0.368141167058,1.08146137852,0.9231923664,0.458117844693,0.718382032975,0.82860087811,0.780303775552,1.33425404511,0.826634759074,7.19972686738
sobol__0003498,111.05947944,48.58842863,-0.45164479,114.72430799,-33.57510231,1.31944293,-4.16398038,1,usable,Converged with independently replayed constrained generalized-force equilibrium and small reserve torques,452.230079,0.0346395470465,3.45292292536e-08,7.81597009336e-14,4.15971694076e-06,5,0,0.14136344434,0.0100039794973,0.0100252395005,0.0100059599379,0.0263380774791,0.0100016961832,0.025284907395,0.0100352820768,0.0684358943655,0.0201821459745,0.010023430494,0.0100164744108,0.0100123681348,0.0100105354691,0.0100479060409,0.0100420722354,0.0100129270176,0.0100129556481,0.0100281184003,0.012637391386,0.0100115186074,0.0242059610804,0.0419453178287,0.0107284829934,0.0148979787577,0.0232571212013,0.0268042818379,0.010005722952,0.0100181904072,0.010014057566,0.0100276822939,0.0100281760846,0.0100296803445,0.0100155130167,0.0100088055987,0.0100124774928,0.0100130381035,0.0100152828549,0.0100126446711,0.0100120721826,0.0100821867533,0.0200515075341,0.0100452387481,0.0101569593024,0.0103921264047,0.0101083502462,0.0100671390849,0.0100297094024,0.0100126535271,0.0100162004259,167.236207874,10.8573490737,2.01088256685,3.46169489718,28.3256694055,12.425710473,6.31863628498,1.40292339519,27.0643698629,9.80795837144,1.58294539942,2.599484588,2.70701505557,1.7698069262,1.47043839383,1.76078565915,7.18310928681,7.16093779239,2.83942157825,4.67637755154,4.83687939416,5.2904305666,40.6442280945,1.33125759859,3.82954957041,5.86547543713,4.54868065056,3.76579050819,2.50768058086,0.916937838144,5.38814619543,2.79703346354,0.469978573909,1.57567220237,2.58942609012,1.60486917491,2.36956590118,1.73138165669,2.10856831443,1.97292333336,0.281227076778,2.12430482023,0,0.495235476565,0.602431716075,0.442254170913,0.768495323493,0.461313115524,1.8454079168,1.16882579974
sobol__0003506,94.18447944,60.77592863,79.23585521,29.41180799,11.42489769,24.28819293,7.08601962,1,usable,Converged with independently replayed constrained generalized-force equilibrium and small reserve torques,452.936934,0.347273836255,4.10183467636e-07,6.35147310196e-13,3.54597135997e-05,21,0,0.203411767379,0.0100011444218,0.0100617432237,0.0100013024013,0.065825278709,0.0100007996318,0.0727476671636,0.010103959362,0.104087862291,0.0100329824892,0.0100138095688,0.0100120469802,0.010008978738,0.0100075345837,0.0421229339203,0.0689796378972,0.0100045726642,0.0100049486661,0.0100452378068,0.0100452378068,0.0100028904625,0.0898179586437,0.0840033069616,0.0487624731065,0.0100029129211,0.0827898800533,0.354309262985,0.0100008237998,0.210984490482,0.0100022591475,0.0147065273185,0.0100273068764,0.0100104076098,0.01000457763,0.0100018238652,0.0100026297002,0.010004800976,0.0100050650857,0.0100035192606,0.0100026188677,0.0574035688863,0.196413489579,0.138099372668,0.0579157058629,0.123141377682,0.0413320316691,0.0100139915585,0.0100051295684,0.0100015207091,0.0100017872716,228.653030648,10.3098938397,1.83880127101,4.76327005898,52.3400953411,12.2258039636,18.2868796546,1.40499033359,33.1545271827,4.57641454942,1.56230290908,2.55940760655,2.63933619598,1.75663835019,6.9747916817,24.5633836389,6.37702079288,5.8394140473,0,0,4.9002130137,24.0391605637,98.9014518172,12.768605417,2.84666723586,18.0768280369,67.686597178,4.07464862549,90.0672475716,1.01014135227,7.65238405397,2.77841606926,0.731408525179,1.68902682676,2.58774065044,1.62489241473,2.36786176247,1.72845609316,2.05934184083,1.97343461372,1.92404886351,21.4474803683,12.8613797135,2.82089970651,8.82977024921,1.62034614941,0.539974029406,0.383627474695,1.61254212661,1.0271970064
sobol__0003514,105.43447944,20.15092863,-42.63914479,37.53680799,-78.57510231,13.35069293,59.58601962,1,usable,Converged with independently replayed constrained generalized-force equilibrium and small reserve torques,566.292848,0.0908495208846,3.39770309665e-08,3.63945819911e-13,2.47548416593e-05,22,0,0.134306473943,0.0306734481907,0.0100118308791,0.0100297316864,0.102867088899,0.0100029218536,0.0141593073157,0.0100117189176,0.0127285261727,0.0100101367075,0.0100135910292,0.0100080483039,0.0100082695001,0.0100078222583,0.010081283468,0.0100040847972,0.0100162550098,0.0100166587441,0.010045237075,0.138185464699,0.131603828323,0.0993933099476,0.0175312759559,0.0100042243409,0.0100031289938,0.0100130353017,0.0801140000601,0.0100010449859,0.0292085760547,0.0100031762674,0.0100045082697,0.0100098047377,0.0100084735773,0.0100031687256,0.0100018246024,0.0100026424882,0.0100033764983,0.0100039381635,0.0100029998651,0.0100025141945,0.0127295812209,0.0390419587315,0.0319834554375,0.0103927012037,0.0287337005527,0.0100479004949,0.0100145610419,0.0100056597331,0.0100016687159,0.0100019896304,132.263479743,33.8316017298,1.99870225017,4.99589691855,102.834420378,10.9021565077,2.64018063648,1.37073551106,5.43915757681,5.80311410254,1.48336900488,2.5432726938,2.1952925358,1.71240782632,1.59931951872,6.32783142775,6.52137184044,6.27527835758,0,45.8930113894,49.7537282551,31.4720392055,20.6406589518,2.58357594454,2.49535621621,1.43966652097,13.8399195132,3.90186611496,4.73825072087,0.927092205388,2.29620263939,2.32018461407,0.54629152064,1.56606219422,2.42653293313,1.57575619966,2.24974882093,1.63857461495,1.93633228581,1.891210995,0.237304086226,2.55845078792,1.87979576681,0.337880207426,1.35211351509,0.16981331199,0.458358599769,0.452266713693,1.9181680473,1.16018859693
sobol__0003522,81.52822944,23.19780363,82.75148021,103.55243299,-24.82510231,11.43663043,-14.47648038,1,usable,Converged with independently replayed constrained generalized-force equilibrium and small reserve torques,437.507415,0.035588876189,1.47078473844e-08,6.16899590735e-13,5.36102796489e-06,3,0,0.0314959159475,0.0100024621089,0.0100650680438,0.0100063847161,0.0174902821464,0.0100045909673,0.0101347984659,0.013309282867,0.0827545937792,0.107224079901,0.0265446568619,0.0100540964992,0.0100510757408,0.0100382955373,0.0232114125452,0.0214082028779,0.0100138662649,0.0100140150079,0.0100302042939,0.0100584491477,0.012011122033,0.0708266426096,0.0410054924651,0.0257844761078,0.04953470935,0.017741497096,0.0100131832965,0.0113239701176,0.0100101736727,0.0100514483421,0.0104762386367,0.0100405119675,0.0100361488181,0.0100286308296,0.0100287154727,0.010038123692,0.0100206997853,0.0100261545314,0.0100275294495,0.0100399139419,0.0100391832632,0.0100346937591,0.0100471080279,0.0100554693408,0.0100320747478,0.0100512098709,0.0101004043284,0.0101107833115,0.0101519608198,0.0149685006227,36.8645594336,10.7632404512,2.02275658278,4.82916033099,11.0402105742,12.3358269247,2.7040818501,1.73510665404,33.7810848547,55.2863329232,3.83731915463,2.07980310813,1.36626070313,1.63408799459,3.8177414851,3.73252267273,7.17741236627,7.06780729094,2.76052770562,3.7986743649,4.71812144685,19.6943610841,43.3679256118,5.3480690053,15.1108897645,4.479150535,1.9293135305,4.44437251825,2.94469890121,0.972757609393,5.70472711354,2.85139688106,0.63810717467,1.6116256485,2.58482731774,1.55237234018,2.36918485407,1.73244547997,2.12345680773,1.95977712661,0.32572262698,1.09571204601,0.943282333137,0.490703503266,0.671771454073,0.4690187142,0.752474818717,0.449647163697,1.56192905145,1.68516277107
sobol__0003530,115.27822944,63.82280363,-57.87351979,95.42743299,45.17489769,17.99913043,-51.97648038,1,usable,Converged with independently replayed constrained generalized-force equilibrium and small reserve torques,464.82289,0.197809610204,3.16918331578e-08,3.90087961932e-12,2.17807725837e-05,18,0,0.226673437233,0.0281792249819,0.0100128104996,0.142061029298,0.275626867261,0.116155884623,0.0100573958887,0.0100072343207,0.0100154944234,0.0100022084505,0.01000278262,0.0100054032214,0.0100046456826,0.0100054094443,0.0100114287584,0.0100069865195,0.0100242809273,0.0100245077093,0.0100383511699,0.0100452378544,0.0100050019976,0.010004301553,0.0157705605764,0.0100121408752,0.0100452378544,0.105584306009,0.0100015113798,0.0518209471554,0.0100008462089,0.0100544347678,0.0807874634838,0.0304886141017,0.0100085052321,0.0100048136504,0.0100121345601,0.0100498295524,0.0100037968354,0.0100058879449,0.0100070030881,0.0100626547341,0.0100136911299,0.0100068699284,0.0100177627371,0.0160966846577,0.0100066265681,0.0100294184618,0.0302003992327,0.0419087908022,0.0233859118479,0.086396520832,263.050328235,31.0392131533,2.00118684104,67.7894909367,250.794129467,100.261160102,1.38551241228,1.43958687029,4.12165015853,5.82802657553,2.96793533736,2.68525534795,2.90861710908,1.83723478925,1.75729780444,1.11949423632,7.13909541191,6.99683151323,2.68694152578,0,4.7035288939,3.15663391511,17.0778928733,2.42728504556,0,26.0605192687,1.91269353631,21.1283024531,4.42764085273,0.973298635232,40.0253662782,7.80182572072,0.7231318614,1.69118731653,2.36890900968,1.38456079072,2.29493717206,1.69530756367,2.12539421126,1.81270256576,0.394538415789,1.02436572157,0.916116587133,0.749253925269,0.724310049067,0.462672991179,2.45891165475,1.6835368032,1.91493749587,8.0190317839
sobol__0003538,87.15322944,43.51030363,21.81398021,50.73993299,-69.82510231,3.78038043,49.27351962,1,usable,Converged with independently replayed constrained generalized-force equilibrium and small reserve torques,516.954422,0.067461976902,4.00662543143e-08,2.03478695066e-13,1.53155875194e-05,21,0,0.168168499406,0.0227325115961,0.0100249253,0.0100100753054,0.108799368276,0.0100026611851,0.0281722226604,0.0100142247822,0.0100224519543,0.0100068141832,0.0100128998007,0.0100092649313,0.010008751313,0.0100097306825,0.0100380582298,0.0100076440767,0.0100062155588,0.0100063466476,0.0100364097717,0.0127697175232,0.068940410115,0.038183703441,0.0701146393348,0.0304132135742,0.019745250081,0.043060508053,0.0712415758759,0.0100015655886,0.010005525065,0.0100047119153,0.0100615080866,0.0100329783027,0.0100093076048,0.0100036728399,0.0100019946008,0.010002932361,0.0100029923812,0.0100036732401,0.0100029205915,0.0100027516919,0.010251410274,0.0375798003375,0.0307627390099,0.0145959221243,0.0225633913044,0.0102197316365,0.0100400536722,0.0100110574318,0.0100031842044,0.010003858343,201.083799472,23.8319821221,2.00797072034,4.96816123071,112.666384624,12.9271164411,7.49520093279,1.39442445334,4.00208741812,4.97611245735,1.4819556412,2.55689494101,2.51088767222,1.7431305992,1.65473595996,4.16099745362,6.67943043293,6.51987800017,0.468082008556,4.36945236586,36.1054330147,12.0956514213,82.4052818927,8.34947120086,5.93395367971,7.73331589185,11.2751703741,3.84671515827,2.59140487274,0.906893279894,3.1624009406,2.40284635249,0.549199651782,1.56461470703,2.45191211042,1.58808297999,2.28067824565,1.65949722433,1.96128701161,1.9046179556,0.175668861564,2.45028522688,1.82040050946,0.504985523528,1.00696086025,0.231434324106,0.560074504804,0.460493015179,1.91964563728,1.13310791059
sobol__0003546,98.40322944,2.88530363,12.43898021,10.11493299,0.17489769,-2.78211957,11.77351962,1,usable,Converged with independently replayed constrained generalized-force equilibrium and small reserve torques,451.630097,0.0307895948651,1.05279092999e-07,2.20268248086e-13,1.44313714256e-05,8,0,0.0100020599553,0.0100093303113,0.0593838645196,0.0100644785799,0.0276824047395,0.0289929143676,0.0194839455382,0.0294831421929,0.0100062923858,0.0100095653571,0.0100428956951,0.0399143807794,0.0292714127055,0.0477499046,0.0100203530658,0.0153832084121,0.0100074621243,0.0100093397937,0.0100729176397,0.0274073433404,0.0100997326005,0.010098515199,0.0926267974143,0.0257066860234,0.0285104952822,0.0424004411342,0.0474663859831,0.0100055475753,0.0100111980814,0.0100134944952,0.0100523486042,0.0100291118724,0.0100262240889,0.0100141286731,0.0100073764565,0.010010724894,0.0100112327966,0.0100135663416,0.0100109613572,0.0100101483737,0.0101760559881,0.0275220026511,0.0194535807151,0.0103328288378,0.0146646960828,0.010307870518,0.0101219194561,0.010035298488,0.0100134150746,0.0100161554976,9.00168646426,10.9461603308,11.8334002931,4.84943406504,28.2284369255,37.1826407903,5.06029650552,3.85295437918,4.20848703627,5.49848116903,1.26538391217,8.66433034711,3.84312910616,7.76510465844,1.77830807382,11.7095844888,5.25137328161,4.0779031043,0,9.8975408463,2.2361953655,2.49105005964,108.410718993,6.15801654505,8.84002328186,9.72211771443,9.0968340216,4.081096467,4.66760592493,1.01130839148,4.1250415996,2.84211423409,0.75286195296,1.71270495983,2.57719137532,1.62667551564,2.37015587861,1.7299086767,2.05167914358,1.97408187773,0.287875577662,2.9784131472,1.77253384265,0.503989300554,0.935109906383,0.392628782237,0.702832815679,0.461581769175,2.01162644672,1.16526930421
sobol__0003554,78.71572944,53.66655363,-18.02976979,36.52118299,-2.32510231,5.42100543,21.14851962,1,usable,Converged with independently replayed constrained generalized-force equilibrium and small reserve torques,407.826851,0.136436203899,4.98861396636e-09,7.00754470727e-13,6.42414672379e-06,20,0,0.189477082095,0.155742988527,0.0100147863782,0.0102555477471,0.203523740732,0.0100023319417,0.030159617891,0.0100071322903,0.0100058665433,0.010001828189,0.0100025861585,0.010004926111,0.0100043918737,0.0100048952035,0.0100099372613,0.0100024320233,0.0100038720582,0.0100040226998,0.0100452373973,0.0100424153926,0.0905060101475,0.0100140380187,0.103835484558,0.0709592633651,0.0413271499414,0.0344198549,0.0338761222919,0.0100045194713,0.0100100967613,0.0100104754408,0.0370852932379,0.0100469418689,0.010019284696,0.0100107151285,0.0100052820456,0.0100076186726,0.0100076395681,0.0100092650337,0.0100076727421,0.0100072750356,0.0100858241091,0.0224048261199,0.0164958762094,0.010221599984,0.0112519397817,0.0101302177268,0.0100602451244,0.0100235573873,0.0100083952291,0.0100106407387,225.753272852,162.034358339,2.0138740513,5.07658477156,213.264919701,12.9814232668,7.50767405151,1.4374993529,4.2075917917,5.9803546821,3.11334093781,2.63468687885,2.80486547169,1.78572172442,1.85008339793,4.41392187377,6.49872479049,6.23336963851,0,3.70364319496,32.65762823,2.37401432743,122.252453612,19.2542227466,13.0629719377,7.39823570298,6.43208443649,4.02055401179,4.3011802432,0.973289646534,18.5415261157,2.85549300954,0.70390830191,1.64384575589,2.54141505829,1.62552038814,2.35270726051,1.71215418127,2.02357160923,1.96585700445,0.245381532282,2.11008828585,1.29774733773,0.458896811676,0.648622454037,0.335231153112,0.608548170102,0.460913310851,2.01161512884,1.1680413836
sobol__0003562,112.46572944,29.29155363,47.59523021,28.39618299,67.67489769,-5.51649457,43.64851962,1,usable,Converged with independently replayed constrained generalized-force equilibrium and small reserve torques,575.267135,0.150317289937,5.53178836071e-08,4.97379915032e-13,3.08753892795e-05,21,0,0.102476380797,0.0100012277722,0.0100385054728,0.0100025798136,0.0100069988507,0.0100010546073,0.0459799542121,0.0303276065168,0.21218027862,0.0590251117166,0.0100254325335,0.0100541481947,0.0100246630931,0.0100089474185,0.0283177141081,0.0533926485792,0.010002472662,0.0100027133877,0.0100452376242,0.0100452376242,0.010024366953,0.0888982356323,0.162542725643,0.0748530641957,0.0595974355868,0.0730002025483,0.13629664495,0.0100009606289,0.0100020239285,0.0100027003762,0.0603546609774,0.0100423611908,0.0100047632442,0.0100020856095,0.0100011178921,0.0100016559897,0.010001660801,0.0100020662894,0.0100016433369,0.0100015287392,0.0147697567387,0.069406057604,0.0546238461457,0.0250499513388,0.0411457518617,0.0157310996478,0.010047673661,0.0100075093633,0.0100034104728,0.0100027280046,124.806195667,10.9260623101,2.02057452114,4.89379633286,8.01143813582,12.7775962319,12.3792611725,4.00392471136,79.7009383764,22.2030578766,0.741119321643,2.34649748527,1.7826546632,1.68956501822,3.78801278748,32.43212777,6.35333753818,5.75942804632,0,0,2.48213930429,22.6518808389,191.366946139,18.9544146369,16.8921749381,12.2830645378,20.4162959375,3.87540658966,4.31041951719,0.915928782333,33.6007123102,2.14857693033,0.673866403701,1.59501896476,2.38710403545,1.5449431148,2.25899846107,1.64083512153,1.92226376409,1.85466104016,0.253563743047,4.86801634857,3.40355987259,0.950251728075,1.88134534405,0.418659711599,0.541730868283,0.456632658582,1.92577150122,1.1075816215
sobol__0003570,95.59072944,8.97905363,-22.71726979,121.83368299,-47.32510231,8.70225543,-42.60148038,1,usable,Converged with independently replayed constrained generalized-force equilibrium and small reserve torques,395.558345,0.0383617060979,4.61042617417e-08,2.8085624309e-13,7.99467287311e-06,7,0,0.0810782392297,0.0243387872695,0.0100199516155,0.0100418155251,0.0274374028286,0.010009098969,0.0100581318762,0.0100213106329,0.0102392845604,0.0100215912208,0.0100262955703,0.0100169199767,0.0100191825419,0.0100165415798,0.0100634831093,0.0100081280672,0.0100060698123,0.0100060712552,0.0100169202229,0.0100862780286,0.0904341970692,0.0317995749308,0.0921588082332,0.0318438391943,0.0100452378683,0.0548276929414,0.0100038341004,0.0501035729716,0.0100025068135,0.0101486154283,0.0274529208152,0.0100377147985,0.0100225387301,0.0100148307185,0.0100266507341,0.0100552436887,0.010009740282,0.0100144950501,0.0100175281298,0.0100831978125,0.0100261893165,0.0100151010752,0.0100399439714,0.01016559936,0.0100153519121,0.0100444147096,0.0109695382582,0.0174628176408,0.0101370135825,0.0363070933215,74.7557035424,26.7456684448,1.98396438792,4.99204494194,29.0499310751,13.0571619722,2.44456170001,1.34474392669,4.37895104115,5.79030186025,1.28638896862,2.43080155466,1.74713896363,1.67385449785,1.75474693065,3.15195918131,7.17794319214,7.17597775138,2.83544089462,3.6210372779,41.9494914996,5.84324862325,76.9639818055,2.79108234033,0,13.5443984609,1.92970668783,20.3766422324,4.11026338176,1.02480009581,14.8163515156,2.65743519914,0.686363608134,1.65595214825,2.22612332185,1.29871212641,2.16585250385,1.62214302382,2.12738582541,1.72787071859,0.392992442802,1.05860427839,0.93592270739,0.477062693661,0.724746031323,0.473003820265,0.95457541808,0.776766630416,1.08726241021,3.84735697217
sobol__0003578,106.84072944,33.35405363,61.65773021,81.20868299,22.67489769,19.63975543,-20.10148038,1,usable,Converged with independently replayed constrained generalized-force equilibrium and small reserve torques,444.296263,0.121633181153,6.81966056959e-08,5.89750470681e-13,1.29834996672e-05,7,0,0.102864231545,0.0100009737887,0.0102736609305,0.0100016981441,0.0143209089102,0.0100007766738,0.0752724963339,0.0289300626173,0.231168274777,0.0754331400777,0.0100309373192,0.0100197568498,0.0100153752721,0.0100071319033,0.0359373015511,0.152059576907,0.0100117620283,0.0100119491607,0.0100290658734,0.0100452377178,0.0100022893732,0.0631759782547,0.0499372163874,0.0348602629327,0.0546242654084,0.0386945957929,0.0166310089455,0.0100067057602,0.0100066844307,0.010014061992,0.0603987461848,0.018990488684,0.0100239908119,0.0100146639748,0.0100105040466,0.010015433221,0.0100130118062,0.010015903502,0.0100140474787,0.0100150210222,0.0101160210383,0.0243655971256,0.0219013882888,0.0112368195167,0.0104364344732,0.0103478311731,0.0101296589172,0.0100456221316,0.0100178571073,0.0100326714343,125.295283534,10.837577305,2.05600700133,4.99267555761,10.4123176464,12.6140744538,20.2760346472,3.82929616034,84.545884709,28.7394020298,0.777048442791,2.33395978976,1.81524562502,1.69155874449,4.84657293986,49.1564632695,6.99654802443,6.84882085837,2.54081019302,0,5.24774767948,19.4476653504,55.8685625444,9.01456646407,17.8613213902,9.76893946304,3.20515304106,4.07765073635,4.09003355767,1.01134226018,32.2432430449,5.1312890844,0.701703177827,1.65279006991,2.58688345429,1.57544084562,2.37029567066,1.73151139613,2.11131232796,1.96403814715,0.361724831472,2.65916206954,2.06723643809,0.548329376666,0.750194182795,0.488866571869,0.691476105791,0.404543685023,1.31287738687,1.00846770528
sobol__0003586,84.16494819,16.9771005,-29.89500417,78.54266737,27.20614769,17.41807574,40.71883212,1,usable,Converged with independently replayed constrained generalized-force equilibrium and small reserve torques,415.925535,0.0492956954652,7.06625833402e-08,2.62900812231e-13,1.02385887762e-05,14,0,0.136202676913,0.0613575710952,0.010015707509,0.0100983274971,0.0655272954318,0.0100054616469,0.0101211338499,0.0100142377826,0.0100408518657,0.0100075758718,0.0100127179986,0.0100106145753,0.0100116090592,0.0100105243654,0.0100415587502,0.0100058482719,0.0100108543644,0.0100110326719,0.0100280891079,0.0100452377234,0.0526396907594,0.0102343526668,0.0549011471732,0.0422610214365,0.0100987011871,0.0326133101863,0.0769946730925,0.0100019990897,0.0100451220406,0.0100076193929,0.0269998104449,0.0100782043962,0.0100266066417,0.0100057896414,0.0100027402198,0.0100039786897,0.010004297181,0.0100051772821,0.0100041181359,0.010003790749,0.0110300038952,0.0426912897416,0.0321012880203,0.0155280772342,0.023469780151,0.0102687804264,0.0100365927633,0.0100124082834,0.0100032225191,0.0100043310488,139.36330236,67.0617109274,2.00068685371,5.03585886348,67.7987613202,12.7941485114,2.40669938072,1.3682610838,4.30339539733,5.85015773251,1.58439408224,2.51550357092,2.04323052501,1.70015094836,1.74987622675,4.41888230244,6.96995441787,6.82209042613,2.49644263682,0,24.7273533989,3.24223874274,61.7638586175,11.0419640394,3.40629131176,5.43856379923,13.311928534,3.57502842963,0.00193697584945,0.614705327041,14.4136847153,2.69523198327,0.143245908636,1.34144256462,2.44612300039,1.58594760411,2.27238861541,1.65579947352,1.95511053798,1.91015415682,0.222721334895,3.06999691269,1.98611054685,0.54311755457,1.11143560686,0.242996522597,0.417697500229,0.428614265097,2.01058857623,1.1672652477
sobol__0003594,117.91494819,57.6021005,54.47999583,119.16766737,-42.79385231,10.85557574,18.21883212,1,usable,Converged with independently replayed constrained generalized-force equilibrium and small reserve torques,402.457587,1.47306751022,5.2402555184e-08,8.31335000839e-13,0.000133909216009,25,0,0.218963695357,0.0100001205012,0.0504578439936,0.0100001395651,0.0100003660631,0.0100000420159,0.61995065718,0.276600283782,0.889838418382,0.0100001684875,0.0100003128975,0.030469855429,0.0100013149289,0.0100005564892,0.0100016798174,0.378555687069,0.0100084182715,0.0100084237564,0.0100214718272,0.0739121249535,0.0100002608806,0.0100008986708,0.0669049498844,0.0100126413885,0.0167039344971,0.0692853484067,0.0566443673062,0.0100019307276,0.0100452377731,0.0100071507337,0.0100040475742,0.0100107019297,0.0100333877428,0.0100050881286,0.0100027597613,0.0100042137305,0.0100040813574,0.0100050927898,0.0100041357859,0.0100041355997,0.0105812276043,0.0446387877346,0.0328171176046,0.0178813878616,0.0219252151918,0.0143658681982,0.0105799098547,0.0100208641835,0.0100057552644,0.0100082201601,249.087044888,10.6159714116,9.47285666679,4.61151751015,8.1877290481,13.0330532708,166.997932858,38.1770086345,258.866071401,4.72464760538,1.85488532702,7.81153238853,2.6697253905,1.76705085551,1.48988037636,38.4799592722,7.1798922667,7.17416185388,2.83806545086,26.7910375359,3.27502625714,1.76391462132,59.452289843,1.02207896938,5.0035191048,14.7915902092,9.87643708017,3.56924939085,0,0.620947323407,5.39557266496,2.70785175742,0.0657732236315,1.41045231368,2.58520496621,1.62558867331,2.36721099219,1.72729977443,2.05415286178,1.97368835637,0.265648663448,4.07838844257,2.48604552487,0.786520727804,1.18329359993,0.489536805518,0.651810264341,0.455362345865,2.0023930451,1.16769193788
sobol__0003602,89.78994819,45.4146005,-15.83250417,25.73016737,62.20614769,-3.36317426,-15.53116788,1,usable,Converged with independently replayed constrained generalized-force equilibrium and small reserve torques,391.896094,0.0948941520678,3.97474595459e-08,3.32687166785e-13,8.08302224823e-06,15,0,0.165749369978,0.0897147067778,0.0100201903692,0.0113988819495,0.0784786510761,0.0100066919926,0.0101569099292,0.0100130055276,0.010011971536,0.0100041618008,0.0100076096214,0.0100099054381,0.0100091637652,0.0100100746645,0.0100198680621,0.0100019049995,0.0100023541947,0.0100026546522,0.0100452377273,0.0100452377273,0.0454545120088,0.0173414782517,0.170252434885,0.0794001136442,0.0519004340483,0.0512836120748,0.0582395936743,0.0100046750209,0.0100508126856,0.0100115190249,0.0360217562748,0.0100244809008,0.0100304001862,0.0100189015704,0.0100061408304,0.0100086577433,0.0100097572284,0.0100113629668,0.0100087891553,0.0100081633633,0.0101953449011,0.0315094164073,0.0231718619579,0.0106873045945,0.0178513569224,0.011514490199,0.0100996896924,0.0100219320036,0.0100083792245,0.0100100626295,199.863463773,95.7001936199,2.01677843794,5.20590252444,83.080035654,12.7824551125,2.50978659486,1.41912658938,4.14944238889,5.75428492583,2.1479325241,2.61052813086,2.72182318845,1.76691219716,1.69455866607,5.56090708813,6.28334606527,5.53612878018,0,0,8.2532532899,3.38238857546,200.425680967,19.9116785719,17.4715644581,12.9446137694,10.9874407365,3.88562479573,4.8192148,0.903986979432,20.0694465127,2.29166852283,0.744274722726,1.71363213146,2.58942032409,1.6214601337,2.36788692587,1.73068334645,2.09842489458,1.97440264806,0.321527037028,3.4408066142,2.18699393188,0.521180202631,1.2169381442,0.538492418347,0.742649357474,0.460992936152,1.64649903136,1.16807296564
sobol__0003610,101.03994819,4.7896005,49.79249583,33.85516737,-7.79385231,3.19932574,-38.03116788,1,usable,Converged with independently replayed constrained generalized-force equilibrium and small reserve torques,549.760025,0.0427596646929,6.07503851668e-08,3.14703840206e-13,3.58187493742e-05,8,0,0.0100037624236,0.0100020429353,0.0116924539306,0.01001187411,0.0100037754451,0.0100046850984,0.011487025116,0.0490012268292,0.0530299815791,0.0327365525361,0.0100186095866,0.0477548403798,0.025546302286,0.0257841788257,0.0213455505084,0.0246218422489,0.0100067650778,0.0100070958641,0.0100612608391,0.010014816905,0.0357023403932,0.0508298393145,0.0775832062025,0.0523360490646,0.0100612608391,0.100662454566,0.010005795851,0.0181793187111,0.0100024560449,0.0100373889678,0.0650212002159,0.0169505407223,0.0100242399994,0.0100151536508,0.0100187187007,0.010036912279,0.0100106009476,0.0100155862385,0.0100177973002,0.0100431853266,0.0100519568883,0.0100398938131,0.0161777916696,0.0147961354273,0.0100288177825,0.010243895562,0.0104219781993,0.0135719518198,0.010024736172,0.0213978704886,9.34083157634,10.9642896427,2.35389020821,4.98955860763,7.50893479288,12.4504117466,3.09241139817,6.24196980259,22.0030601668,17.6005845469,1.79249900007,9.41524293405,2.77574493111,4.06634846556,3.69819656992,14.8703333098,6.45974635273,6.12205566835,0,3.78285856718,13.5362659766,15.0181529905,91.344138873,14.020082552,0,24.8887713151,1.92933546314,6.07236746969,4.79155718072,0.698176224993,30.5204530652,4.8253694869,0.707288761802,1.69146053144,2.4388503103,1.43276803439,2.25465596272,1.6870458007,2.12768582797,1.86372902477,0.388857828417,1.06092587352,1.50167010752,0.692323906957,0.726060666868,0.484400704069,0.882686660881,0.621083273758,1.19473113555,2.40755923175
sobol__0003618,75.72744819,51.5083505,19.32374583,11.51141737,9.70614769,-5.00379926,-47.40616788,1,usable,Converged with independently replayed constrained generalized-force equilibrium and small reserve torques,384.610142,0.108718373541,9.2739981028e-08,9.23705556488e-13,7.5308651552e-06,13,0,0.150568640022,0.136926040605,0.0100300806542,0.0331006106228,0.110052850942,0.0100129083911,0.0102823965333,0.0100114648984,0.010008841675,0.0100030752565,0.0100055623093,0.0100085526212,0.0100083036623,0.0100088843429,0.0100128781848,0.0100018616272,0.010002556826,0.0100032177571,0.0100452377799,0.0100452377799,0.0752277588557,0.0100545281377,0.17157485076,0.0477705005688,0.0100452377799,0.104991416393,0.0100107624267,0.0100148395266,0.0100035943607,0.0100183700922,0.0348788419894,0.0100242055464,0.0100235985678,0.0100139299211,0.0100082487147,0.0100134707413,0.0100085030857,0.0100111172963,0.0100099871129,0.0100132646778,0.0100592846208,0.0101296423921,0.0183120523092,0.0111675677444,0.0100938024748,0.013739668489,0.0100501090563,0.0100410771921,0.0100114485471,0.0100169825419,177.647749147,140.115656311,2.00481767632,16.5231768559,117.531597346,12.8236701406,2.74637430975,1.41835749954,4.0659514404,5.68474367415,2.2551301798,2.58938631879,2.65133141104,1.76184085315,1.83559487228,5.46377991594,5.37191080749,4.20633460628,0,0,23.9505559489,2.09052704866,201.064707064,11.474844884,0,25.4996282931,1.93102834461,2.83090829892,3.77120327212,0.532999585194,15.6956058603,2.78792383299,0.545795883032,1.48917705699,2.4006351995,1.42718664697,2.15183336269,1.63992424401,2.12604008124,1.86397504816,0.396105741257,1.04479397256,1.64684034763,0.50125583441,0.730746850949,0.643468348477,0.846187099563,0.461602889977,1.0167431841,1.13534546299
sobol__0003626,109.47744819,27.1333505,9.94874583,52.13641737,-60.29385231,5.93370074,-9.90616788,1,usable,Converged with independently replayed constrained generalized-force equilibrium and small reserve torques,399.977243,0.0533765177703,1.66806159996e-08,2.98914312805e-13,4.25206550917e-06,1,0,0.135764758271,0.0100109694488,0.0101015344903,0.0100203374139,0.0494670420332,0.0100070241192,0.0335226567121,0.010201111863,0.0834161385361,0.0453784482781,0.0101490877183,0.0100604363473,0.0100580736293,0.0100424793052,0.0127576832244,0.0102723099397,0.0100222293237,0.0100226957759,0.0101313965228,0.0101614295091,0.0176510373686,0.0832467265367,0.0804900295065,0.0549017840001,0.026590636722,0.0104443837978,0.0101121918332,0.0208309749186,0.0145263806999,0.0103261595,0.0197847341429,0.0101803582665,0.0102613093016,0.0104964959063,0.0101471873183,0.0101590958353,0.0101460226604,0.0101540806058,0.0101523881092,0.0101581594244,0.0101676469446,0.0101475045257,0.0101749432136,0.0101702284958,0.0101546926073,0.0101835521104,0.010186954002,0.0101804871924,0.010163329107,0.010183819944,165.070614268,10.9753366197,2.03464751345,4.18062023265,52.5716016004,13.0719815131,8.60244747806,1.37109440645,33.4725408704,19.4991756373,0.802709862678,2.47959932294,2.0051185539,1.7098882095,1.80769058175,5.62093149275,6.70596842497,6.54874779374,0.593521580291,3.55222255897,8.40157847814,26.1167393021,94.5154950882,15.1297711816,8.96852531012,2.63709007965,1.94589276996,8.38154136014,6.74406785866,0.99752499118,6.97816309716,2.53757981896,0.77258724907,1.79695161981,2.59995185805,1.54553455868,2.39188517862,1.75243953789,2.15397666954,1.97550303792,0.312319156872,1.10767067106,0,0.496303273769,0.682662611523,0.464652011429,0.792438949684,0.466721986582,1.72158405062,1.18535476059
sobol__0003634,92.60244819,14.9458505,89.63624583,96.82391737,44.70614769,20.15245074,8.84383212,1,usable,Converged with independently replayed constrained generalized-force equilibrium and small reserve torques,508.013917,0.0959088965224,5.62264084181e-08,4.83169060317e-13,3.57752118411e-05,5,0,0.0100036988656,0.0100020549197,0.0150943604669,0.0132935945888,0.0100047363668,0.0100021606036,0.0101450830864,0.110207884635,0.115442547904,0.0805625494006,0.0100827313723,0.0938077064922,0.0503013893259,0.0486337922145,0.0744547266079,0.110523805462,0.0100776038941,0.0100783208026,0.0101227600145,0.0101450830864,0.0522708049675,0.0598546975393,0.0162992024193,0.0100315528903,0.0342691276587,0.0547239798612,0.0453274554854,0.0100083387836,0.0100344757562,0.0100211945823,0.10076372626,0.0388065535824,0.0100536902764,0.0100207814786,0.0100149620781,0.0100230488594,0.0100205861116,0.0100257171702,0.0100223230227,0.0100232383341,0.0119136956581,0.0500169079419,0.0365002597796,0.0206801204656,0.0188391007608,0.015124854439,0.0104546392735,0.0101053053086,0.0100318756596,0.0100495735465,10.2460994565,10.9385269913,3.03917665158,6.42357225101,5.48637990154,12.4914461154,0,13.9595801784,47.7505840515,44.735221935,2.00754985937,17.6979060193,5.42914393457,7.62306487976,12.1287213453,25.6582379313,7.18853832818,7.04806880372,2.72253420185,0,26.1418657574,18.3939874551,17.5867406674,2.38780308291,11.0187659689,11.562981151,8.66645913034,3.79254900174,1.0098576912,0.919310409129,49.6387496188,9.94391103088,0.426076474104,1.55042443469,2.58320595885,1.62868346467,2.36810730839,1.72802322745,2.04688649412,1.97730783438,0.339462344674,5.1431283806,3.00231969085,0.95358568097,1.1387517488,0.569905485426,0.543410309852,0.410715363396,1.73617013223,1.0962387031
sobol__0003642,103.85244819,39.3208505,-50.98875417,104.94891737,-25.29385231,9.21495074,46.34383212,1,usable,Converged with independently replayed constrained generalized-force equilibrium and small reserve torques,474.018504,0.0339658560501,2.5492958855e-08,1.83644079641e-13,1.03662902367e-05,11,0,0.124103181882,0.0371730230893,0.0100198720787,0.0100824196762,0.0495912281603,0.0100063035161,0.0100774381988,0.0100170752342,0.0100352740933,0.0100103607069,0.0100164737766,0.010013201814,0.0100119210492,0.0100129056683,0.0100331283501,0.0100175829814,0.0100140002539,0.0100141350485,0.0100302229614,0.010031677896,0.033066406726,0.0100639940998,0.0403476580683,0.0298656113827,0.010050139754,0.0224562480441,0.0660464978306,0.0100034749902,0.0100452377788,0.0100324682798,0.0198706487399,0.0100579666903,0.0100452377788,0.0100091907985,0.0100027667815,0.0100039876225,0.0100043227122,0.0100051977157,0.0100041091218,0.0100037284512,0.0102094951136,0.0317905673165,0.0249759039115,0.0117218297808,0.0187994326859,0.0101042186478,0.0100319630895,0.0100115600865,0.0100033482894,0.0100041981732,151.145849884,40.9914877966,2.01817022505,4.95447221059,47.9377746518,8.5449568847,1.47023242231,1.41753765525,4.23637389753,5.78618533111,1.84740363503,2.62110620959,2.73719265337,1.768073035,1.53874613295,2.49706466742,7.17996558137,7.08104722786,2.77370413592,3.78488016425,16.6984482316,2.84179841252,42.4525197749,5.87097037284,3.21864771468,3.82082511422,10.194494496,2.11860992262,0,0.0544911963174,10.7918181555,2.85525280293,0,0.79491045821,2.43923850649,1.58269925632,2.2705798548,1.65303841443,1.95318386077,1.90371749875,0.181960069784,2.02686470756,1.42074367085,0.393870671278,0.793209172951,0.226849887575,0.503081906308,0.459543373059,1.96665519224,1.16088352339
sobol__0003650,82.75869819,36.2739755,72.05812083,38.93329237,-71.54385231,15.50401324,-1.46866788,1,usable,Converged with independently replayed constrained generalized-force equilibrium and small reserve torques,382.568721,0.0399024592515,1.5895851746e-08,1.91846538655e-13,3.94838344837e-06,6,0,0.12108698078,0.0100090263715,0.0100537542429,0.0100063477702,0.0835802924532,0.0100073668745,0.0136213659001,0.0100218186445,0.0438477354786,0.0355853683008,0.0100817869336,0.0100126405777,0.0100151479968,0.0100140097587,0.010094589722,0.0100270714808,0.0100067435738,0.0100069474534,0.0100452377707,0.0228701895062,0.0377588405101,0.0668731821148,0.0562315791673,0.010392884902,0.0295870545788,0.0106176890906,0.010010817096,0.0118389487033,0.0100090451694,0.0100576888807,0.010025567933,0.0100273038417,0.0100363981982,0.0100307089908,0.0100330913693,0.0100425100583,0.0100242767284,0.0100295049296,0.0100309507268,0.0100472916088,0.0100344042233,0.0100230538063,0.0100286128502,0.0100392894261,0.0100261170682,0.0100444341494,0.0100809170864,0.0101159104042,0.0153257229337,0.0173817868876,147.481574271,10.5730435813,1.99278953834,4.84710054411,61.6085108091,12.2486373173,3.61820033628,1.34391787417,17.3196833329,15.8392298454,1.00425833484,2.35259255235,1.85536985804,1.68982275256,1.63648368667,4.13142209628,6.53455786396,6.30973206526,0,7.79011818211,19.8270965619,21.1853561573,66.2041929304,2.72593961831,9.32754302811,2.62388533369,1.93103854568,4.43751487436,4.55170156282,0.918336781035,2.58679927575,2.38531076497,0.755725547283,1.71723441186,2.58789593341,1.55586271674,2.37270481957,1.7337478272,2.12051853692,1.96711878904,0.325812463402,1.09444338797,0.939971348126,0.489805145709,0.707135820033,0.4281834504,0.694783796769,0.434452943168,2.56901931794,1.94343369958
sobol__0003658,116.50869819,11.8989755,-49.81687917,30.80829237,18.45614769,22.06651324,-53.96866788,1,usable,Converged with independently replayed constrained generalized-force equilibrium and small reserve torques,673.306436,0.0349078966705,9.520180555e-08,8.52651282912e-14,7.41674054609e-06,8,0,0.0547789208364,0.0100036901909,0.0100169166165,0.0100132634225,0.0629304502359,0.0100030666788,0.0148032558002,0.0100259398071,0.0436616953667,0.0329969724911,0.0100394534908,0.0100137757489,0.0100142475007,0.010011458081,0.0167421433269,0.0100039474407,0.0100047112091,0.010005039959,0.0100452377844,0.0100452377844,0.0112834095821,0.0503053247454,0.0816441371412,0.0482793849558,0.0100452377844,0.0757102685544,0.010014456398,0.0100092338797,0.0100045019102,0.0100200605124,0.0437593459379,0.0100932973144,0.0100233648421,0.0100136892087,0.010008582773,0.0100132073572,0.0100112239311,0.0100135990968,0.0100111689434,0.0100126411507,0.0103891830089,0.0253833490777,0.0261096685773,0.0122629628139,0.0124422967999,0.0117486179882,0.0126792315903,0.0100487915378,0.0100179372467,0.0100267173759,42.7572552952,11.0346275318,1.96513328195,4.99844432146,61.9647446603,10.7098929734,2.42330486825,1.35750696337,18.9189515947,19.4692108837,1.59683963741,2.50818405354,1.97164396847,1.69203778161,2.80374163644,6.9596948144,6.4051152943,5.93995919336,0,0,2.43686059706,12.7979763566,96.1249662724,12.7309450088,0,18.5811656267,1.80043792159,2.60872795045,4.79965086265,0.484990297202,23.7977262877,2.75337779481,0.690082736967,1.66315543778,2.29213943128,1.32172481387,2.2863969599,1.68702791831,2.12629118253,1.73802966517,0.40593731219,2.46755292135,2.31026875806,0.55740521375,0.86993822618,0.537283163707,1.05689822785,0.384911732666,0.739041667693,0.880787556351
sobol__0003666,88.38369819,32.2114755,29.87062083,116.12079237,-36.54385231,-0.90223676,54.78133212,1,usable,Converged with independently replayed constrained generalized-force equilibrium and small reserve torques,598.474672,0.0758360524063,1.94668289266e-08,1.217530425e-13,3.6173303315e-05,15,0,0.106718123881,0.0100033993753,0.0100361185178,0.0100041834431,0.0919995304517,0.0100016775504,0.046113155615,0.0100304790991,0.0502531947191,0.0423323845912,0.0100738524445,0.0100134296914,0.0100133566927,0.0100127847258,0.0186755584105,0.0164624836488,0.0100112251083,0.0100112428926,0.0100258993701,0.051680242139,0.027321640109,0.0584296541433,0.0495619045294,0.0100175240208,0.02789894098,0.0875028148929,0.13044915414,0.0100026839035,0.0100452379297,0.0100452379297,0.0100057129551,0.0100131686299,0.0100452379297,0.0100052236337,0.0100008762835,0.0100013019954,0.0100013003094,0.0100016182697,0.0100012796287,0.0100012096809,0.015703080689,0.0685290723409,0.0584783726331,0.0293799661597,0.0409182356697,0.0163179396771,0.0100411773193,0.010005892058,0.0100018626066,0.0100018943987,129.98923549,10.6447688862,2.02005362015,4.97725931834,87.7535616986,12.7515847518,12.3651250652,1.36353580068,20.0761383759,18.9917921433,0.975778801507,2.46858198033,2.08076217038,1.70945204423,2.94199625207,3.18599125031,7.18190880087,7.16683450231,2.83924607255,18.9935874824,11.1487177556,11.1565225025,46.8711890546,1.17276621092,8.59097854191,14.6393068246,17.093522915,0.973652382926,0,0,5.38334087925,2.75912477052,0,0.423554549343,2.38494103705,1.55025943841,2.24188149562,1.62981717682,1.91731625653,1.86206546955,0.235799310949,3.79689712913,3.01171063384,0.951678502528,1.47811171837,0.353342705971,0.560948585823,0.459747525604,1.86830301323,1.10291945259
sobol__0003674,99.63369819,56.5864755,1.74562083,75.49579237,53.45614769,-7.46473676,2.28133212,1,usable,Converged with independently replayed constrained generalized-force equilibrium and small reserve torques,417.55604,0.0568174963004,1.0539535733e-07,3.52342366277e-13,8.95234794185e-06,15,0,0.183271949454,0.0455882653749,0.0100200836203,0.0100176395761,0.0616653320726,0.0100040432981,0.0113601140337,0.0100145927226,0.0100184130853,0.0100051440047,0.0100083858874,0.010010715523,0.0100093281749,0.01001020775,0.01002326162,0.010011127746,0.0100121485323,0.0100123413975,0.0100297457956,0.0100452379321,0.0106124424935,0.0100169048701,0.0464640322084,0.0283598444304,0.0598346706542,0.0575932003169,0.0275915646668,0.010003188489,0.0100039001977,0.0100079384948,0.0283064287182,0.0100898090145,0.0100147475178,0.0100076836898,0.0100046714231,0.0100070152109,0.0100065070042,0.010008157341,0.0100069157837,0.0100067388329,0.0101324783405,0.0312803159149,0.0278043759043,0.0148173287001,0.0129271638968,0.0114049020732,0.0101268282625,0.0100269398973,0.0100078574503,0.0100123617215,209.716343339,48.1421101883,1.97146566499,3.98777922967,66.3190232406,12.9790225988,2.89049318682,1.42771506375,4.02599993017,5.62284146531,2.34332739128,2.62544873459,2.8022056312,1.78949346511,1.66450224774,2.62036484093,6.94115279741,6.79319983599,2.40492798989,0,4.44761027545,3.12450482434,52.5941305865,7.55261164075,19.4004541093,14.5127310164,3.88686025098,3.89135255278,4.50665837648,0.966681966934,14.6998179493,2.49793943693,0.704455050289,1.64314245121,2.58543709978,1.62607757091,2.36940944803,1.73021278689,2.06047406823,1.97362902336,0.234397997601,2.97253497562,2.3136799869,0.716647743091,0.661753133372,0.480237155424,0.707525294104,0.461088660057,1.96519150037,1.16686929723
sobol__0003682,79.94619819,1.7427255,-9.97312917,97.83954237,-54.04385231,1.83213824,22.90633212,1,usable,Converged with independently replayed constrained generalized-force equilibrium and small reserve torques,552.072826,0.0129598149969,1.69977371067e-07,1.27897692437e-13,4.7735504401e-06,6,0,0.0131812230513,0.0102897260833,0.0100380119749,0.0100698482597,0.0157158186555,0.0100189714035,0.0100541701897,0.0100345698322,0.0100389950053,0.0100265620782,0.0100386855922,0.0100318194533,0.0100351356363,0.0100327022739,0.0100456008046,0.0100143378758,0.0100120148973,0.0100121877407,0.0100285728448,0.0102137472674,0.0551766750229,0.0284535225179,0.0502482655202,0.0233371231101,0.0144764426018,0.0184966353008,0.0265761495148,0.0100049399593,0.0100221780401,0.0100131736738,0.0100561739175,0.010034639583,0.010028096342,0.0100118190382,0.0100063845441,0.0100091340766,0.0100094355007,0.0100112167167,0.0100092415399,0.0100086836969,0.0100708210074,0.0163714333125,0.0123268959122,0.0101098408177,0.0102413159482,0.0100794007037,0.010051162326,0.010024883547,0.0100104378907,0.0100120877149,11.0757239955,11.2613906661,1.97630047468,4.99491547641,16.9018210356,13.0858657231,2.52201958467,1.32666299749,4.29645922527,5.79122576175,1.30061503203,2.29438570154,1.46287318207,1.64204170015,1.81685117131,4.23468316494,7.14941183712,7.01167760196,2.7066167574,3.61652370377,27.7238976482,8.12292874457,54.071014224,5.8494938794,4.66558417754,4.25461007949,4.04185152611,3.69836779234,1.70668734221,0.827201632238,5.60121241029,2.573284629,0.354433832433,1.54066523499,2.57417605904,1.62641830237,2.36748062879,1.72589724761,2.04564199254,1.97355949236,0.207521629113,1.30637790852,0.861559397791,0.422942323532,0.491169945302,0.336188878906,0.66962260236,0.461129032765,2.01201581057,1.16400904599
sobol__0003690,113.69619819,42.3677255,36.90187083,89.71454237,35.95614769,-9.10536176,30.40633212,1,usable,Converged with independently replayed constrained generalized-force equilibrium and small reserve torques,497.773033,0.970604869607,3.29433380131e-07,6.39488462184e-13,4.94808493182e-05,16,0,0.162365678114,0.010001019698,0.0100825027554,0.0100014673982,0.0342788005078,0.0100005340795,0.101412251569,0.0202071553963,0.20647121208,0.0100261754308,0.0100096590621,0.010013291251,0.010008411637,0.0100049641244,0.0101427579577,0.260152303168,0.161435258803,0.158098111831,0.0327309616113,0.0100452376049,0.0100005455199,0.0100014953731,0.0100015084044,0.0100015272282,0.672393112885,0.391859580904,0.0100011890968,0.226227108821,0.0100006384908,0.0100767732027,0.078339601094,0.0670092172843,0.0100132449272,0.0100046214285,0.129501733101,0.127590342035,0.0100056219598,0.010019668599,0.0508174486105,0.171992829894,0.0100176263578,0.0100111666113,0.0254504770271,0.0500989632294,0.0100071734296,0.0350223047551,0.0673605125955,0.0874794606935,0.0100035499886,0.134383941608,194.976708581,10.8005694516,2.01530085382,4.33461741729,30.9940258878,13.0455825436,27.0818772915,2.74267957907,70.0768855099,3.87675339178,1.01896775232,2.51790149466,2.32251109084,1.73325431776,1.38224492266,86.2597989985,114.136372532,109.466308815,8.58862189303,0,5.25108548984,3.06276329408,10.9813085881,2.50409820841,213.982449883,86.2001108814,1.21331338819,70.8440757803,2.64029389226,0.532343994747,40.1815659953,17.5605206384,0.27592832636,1.46863638676,31.908493987,20.2612364734,2.32148304659,1.68682637401,10.0547655315,32.7852610544,0.168755711536,0.708220597514,1.64950601802,2.0480871081,0.400578863526,1.14375682213,4.25095668746,3.98523744948,1.994718523,15.1114064303
sobol__0003698,96.82119819,62.6802255,-33.41062917,53.15204237,-19.04385231,13.86338824,-33.34366788,1,usable,Converged with independently replayed constrained generalized-force equilibrium and small reserve torques,533.671247,0.0729751095297,1.34267175156e-08,2.27373675443e-13,8.78853372475e-06,13,0,0.172031384609,0.141101462425,0.010018017233,0.0164329423124,0.0473335813749,0.0100955574897,0.0100424090388,0.0100113459187,0.0100073692168,0.0100031634324,0.0100045165205,0.0100093613444,0.0100083782758,0.0100093759991,0.0100125631794,0.0100059219882,0.0100086382449,0.0100088040136,0.0100365818645,0.0100164700272,0.0485305707853,0.0100086943267,0.0500171733457,0.0473795611002,0.0100452375131,0.0549511375828,0.0100038079655,0.0495904842434,0.0100020920931,0.0102279438421,0.0416604628897,0.0103846344913,0.0100207929445,0.0100145296183,0.0100287054377,0.0100623522105,0.0100096819329,0.010014453445,0.0100178974438,0.0100856038564,0.0100235502241,0.0100141784586,0.0100296980278,0.0100827523808,0.0100140157118,0.0100438042405,0.0162127754747,0.0198969563973,0.0166741635259,0.0455859427594,197.140863168,150.282373592,1.98450884725,6.82114409814,47.9401581597,10.070357223,2.27034804877,1.44015948923,4.17774642448,5.96663843028,3.19308795899,2.67265989164,2.88602619171,1.82318683177,1.81028671204,3.04377213736,6.70826337894,6.55250277807,0.675187933469,3.80184422841,19.6960235797,2.99385129019,58.6838800091,13.0767560198,0,13.7616846024,1.90467485072,18.3790263055,4.67358348125,0.832358166474,21.1124657257,2.95576406982,0.754558091436,1.71446426261,2.44692112823,1.42290274833,2.32007710488,1.71104291052,2.12766148683,1.85320260319,0.385954683359,1.0652859185,0.943266529815,0.482541528761,0.725003972181,0.475039667656,1.31449951239,0.849785455757,1.97076668131,4.72221778781
sobol__0003706,108.07119819,22.0552255,69.71437083,12.52704237,70.95614769,24.80088824,-25.84366788,1,usable,Converged with independently replayed constrained generalized-force equilibrium and small reserve torques,555.996608,0.438844957558,1.48971013658e-06,2.0605739337e-13,3.17551596147e-05,17,0,0.0529930911931,0.0100011988831,0.0100092315142,0.0676784443185,0.0100013198727,0.0100010620226,0.01002152954,0.0686830505451,0.224433301148,0.0288004628975,0.0100197641746,0.0596169832412,0.0272857043869,0.0100269570904,0.0477791869637,0.0210852891413,0.0100056281349,0.0100069150164,0.010045237945,0.010045237945,0.0500069640876,0.0262381745748,0.0714983475135,0.010046999152,0.0100026836783,0.0950583183535,0.386179662192,0.0100012946411,0.275925557006,0.0100039703973,0.175428818898,0.0329549303048,0.0100154092895,0.010006225308,0.0100025034519,0.0100035139435,0.0100166314456,0.0100110830939,0.0100057067639,0.010003403945,0.0689403656046,0.201018729303,0.153607269816,0.0536358385248,0.128690946197,0.0560247990654,0.0100165617414,0.0100063269125,0.0100025673788,0.010002475195,62.4079612132,10.9602518049,2.01495797752,33.7764285787,6.5235925862,12.5332426076,2.69923642268,8.85442995854,89.132224987,12.7347063957,1.07670695909,12.4476112081,3.75359458108,1.64583415094,6.85141856509,13.5919501633,5.46215499445,4.30374002233,0,0,13.8208076013,6.02018786379,83.852250258,2.38312774083,2.75118521234,23.5509006506,70.4131068975,2.75501083042,131.336741533,0.623881949341,97.7445494484,6.78267331171,0.718255277952,1.69575860971,2.57836881375,1.55418373424,2.37081162246,1.73049377203,2.1123211621,1.95750550371,2.71573286694,20.8493222648,14.3443779737,2.56511537439,9.25305691829,2.64992275188,0.652966055934,0.376106718332,1.13241143037,0.92338591199
sobol__0003714,84.86807319,59.125538,10.53468333,87.17547987,-32.16885231,3.88291949,-54.43741788,1,usable,Converged with independently replayed constrained generalized-force equilibrium and small reserve torques,458.230475,0.0634118593185,2.9594978912e-08,2.09278324697e-13,7.79814578632e-06,10,0,0.161936496642,0.0953219856816,0.0100262154902,0.0100823364959,0.120371697957,0.0100045855147,0.0177785136732,0.0100115722681,0.0100076840009,0.0100029674174,0.0100048206876,0.0100083578509,0.0100076058263,0.0100084711582,0.0100144806889,0.0100129566976,0.0100213154552,0.0100215535616,0.0100369389375,0.0100308429962,0.0220116373763,0.0100083921575,0.0201646733697,0.0205431336979,0.0100452378178,0.0681333010322,0.010003805148,0.0493310441918,0.0100019060905,0.0100479703076,0.014605566202,0.0100587895383,0.0100187513518,0.0100127405086,0.0100403666587,0.0101105782218,0.0100100151279,0.0100154392187,0.0100210901969,0.0107426224717,0.0100244583055,0.0100127789439,0.0100391897342,0.0101508387186,0.0100155854742,0.0100499531844,0.0100422121565,0.0145260532255,0.0100401009331,0.0254253089133,184.959756576,97.7993776961,1.9682255382,4.99252098577,129.444684899,13.0655704733,4.65974932387,1.43389987499,4.06189744989,5.81991152317,2.77246063197,2.6242748888,2.79862470038,1.79002274457,1.82189325187,2.0080264414,7.06098574561,6.91395622697,2.60939041363,3.7241026437,11.0538111856,3.06151592036,22.2686693292,5.27822941459,0,16.0936564723,1.92938796192,19.9021919706,4.73508080447,0.876024899414,8.13782770248,2.81892418727,0.753557688628,1.71415074887,2.14248690385,1.2662063376,2.05805453501,1.55805294482,2.12643686021,1.79267092778,0.393845118483,1.0479098683,0.91841133473,0.466125527286,0.725102724958,0.464127702393,0.882784879313,0.658356319265,0.888214833715,2.68432802305
sobol__0003722,118.61807319,18.500538,19.90968333,111.55047987,57.83114769,-2.67958051,-1.93741788,1,usable,Converged with independently replayed constrained generalized-force equilibrium and small reserve torques,415.898693,0.0928571115251,3.02122771245e-08,3.43140590758e-13,1.33967088215e-05,18,0,0.0648312163929,0.0100011068142,0.0101325555626,0.0100027452326,0.0400303095634,0.0100011553945,0.0646284526619,0.0258627514279,0.172750243096,0.104304546717,0.010053763904,0.010030015874,0.010023930262,0.0100102974234,0.032196613587,0.0928457183097,0.010008331177,0.0100083732979,0.0100220675124,0.0100452379041,0.0100026192053,0.0529136456748,0.0774299159084,0.0100403249884,0.0364442592316,0.0679934561558,0.0554477745441,0.0100019652704,0.0100041843726,0.0100054267897,0.0670945703573,0.0277530187608,0.0100136678566,0.0100055725328,0.010003352667,0.0100051252351,0.0100050589191,0.0100062801664,0.0100052059486,0.0100049851208,0.0143757620768,0.0634206812511,0.0100452379041,0.025399074066,0.0232276580047,0.0174672884537,0.01019236042,0.0100191526043,0.0100051894303,0.0100076560364,73.336192952,11.017241358,2.04059028403,4.29052952355,39.2674535564,12.9991920679,16.8142381443,3.40602166248,69.5934126687,44.5536974602,0.749779010444,2.308267246,1.61870428205,1.6737902106,4.66233482956,31.3826775276,7.17960818029,7.13544210185,2.82935650844,0,5.2273285739,15.4017082896,78.2271612179,1.34691229475,9.15195091186,16.7772133965,8.134621255,3.69723885476,3.39551162108,0.904141069559,21.5821952276,6.64902634158,0.513419058156,1.56845066957,2.58813305553,1.6257291481,2.36906925742,1.72997431275,2.06883698798,1.97384034037,0.377073872287,6.49033588978,0,1.23612760291,1.23428583458,0.747527322035,0.704174559066,0.460864680647,1.90346712026,1.1678005896
sobol__0003730,90.49307319,6.313038,-59.77781667,1.86297987,-77.16885231,11.53916949,1.81258212,1,usable,Converged with independently replayed constrained generalized-force equilibrium and small reserve torques,508.520817,0.266003808259,1.73876015586e-07,7.27822071454e-13,4.24857378499e-05,19,0,0.121578530681,0.0801669721123,0.0100103150557,0.0100524292229,0.177406850647,0.010003653766,0.0165247588454,0.0100108927668,0.0122121219403,0.010007188921,0.0100083027456,0.0100076575702,0.0100086084128,0.0100073942944,0.0125402792438,0.197150010288,0.260774952076,0.192118981618,0.0100765044133,0.239092155182,0.0480704842565,0.0120823079465,0.0100022952228,0.0100044654566,0.0115863447845,0.0100398264443,0.0100280337702,0.0100023460758,0.0100018314124,0.0100074332175,0.0100074386546,0.0100104526533,0.0100096651113,0.0100043745768,0.0100057779943,0.0100098328519,0.010007671264,0.010009908911,0.0100085005788,0.010010788579,0.0132789817226,0.0541508628776,0.0415469195545,0.0232778676704,0.0177334380902,0.0118613473817,0.016641961773,0.0102484884326,0.0100481031061,0.0133493113889,74.5872892008,88.3647593289,1.94440073453,4.95480615986,168.966139039,10.3715144176,2.38166169765,1.36388233665,5.39191908686,6.05420618898,2.19647026701,2.50908212508,1.93694046147,1.68590071975,2.27683768362,151.62331987,118.062968383,64.0793844715,0,79.9190385662,13.0010401238,2.9474760711,11.5521471434,2.29253539409,3.35844939565,2.20376949181,1.93042506084,2.99617520766,4.77463638157,0.758632504332,1.0355290694,2.33387841024,0.710715789026,1.67904588215,2.58572546927,1.5753790482,2.36910638923,1.73050575009,2.1114977344,1.96801424019,0.476068842513,5.90637788292,3.92167215472,1.13588561214,1.28138053442,0.488350066298,1.16230193362,0.460167173225,1.81311972178,1.54648514501
sobol__0003738,101.74307319,46.938038,80.84718333,58.73797987,12.83114769,18.10166949,54.31258212,1,usable,Converged with independently replayed constrained generalized-force equilibrium and small reserve torques,437.29072,0.20769473845,3.42803012643e-08,4.47641923529e-13,2.47967132462e-05,20,0,0.143529014166,0.0100006743952,0.0137423499799,0.0100010235396,0.0325030487307,0.0100005759222,0.0856213176727,0.0366651327398,0.260753332742,0.0526565289194,0.0100177017176,0.0100179391337,0.0100115885301,0.0100057134278,0.0510329130494,0.211738230475,0.0100075859567,0.01000772956,0.0100306940523,0.01004523756,0.0100015455865,0.124056473221,0.0657419764108,0.0546522833734,0.0100051746475,0.0234770466617,0.142601820318,0.010000982412,0.0100452469576,0.0100039377704,0.04035530967,0.0101452386158,0.0100182287952,0.0100032521819,0.0100014098227,0.0100020420611,0.0100024035044,0.0100028603407,0.0100022055926,0.0100019081069,0.0192483070068,0.0687870722366,0.0554696572594,0.0230243117855,0.0450877883536,0.0102086354803,0.0100177660959,0.0100053060121,0.0100012875763,0.0100017025432,170.275490848,10.6225444406,2.58195076753,4.85392332135,22.1240400488,12.4237611732,21.9557406228,4.94216852047,85.7480801311,20.8982546996,0.951145202494,2.44571312983,2.15756052096,1.71762013291,7.16694476432,67.1288493685,6.76857708846,6.61784301423,1.15048703865,0,5.25181123157,39.3010906595,76.6157301763,15.073965289,3.10089457501,3.49556150253,24.9974474489,3.62608422321,0.000632506086857,0.656498883892,22.4849718418,2.80244716902,0.160591775887,1.32713478083,2.38992036027,1.5557265471,2.22952549535,1.62429333722,1.91138636344,1.87516273943,0.354481199768,4.40593800023,3.16282071465,0.728682601929,2.07214089118,0.184599465354,0.380392715343,0.426285866231,1.98072291351,1.16713766256
sobol__0003746,76.43057319,24.594288,59.75343333,20.14422987,-14.66885231,8.80479449,33.68758212,1,usable,Converged with independently replayed constrained generalized-force equilibrium and small reserve torques,578.667399,0.0386819177157,1.46849608029e-08,1.98951966013e-13,1.01709380545e-05,15,0,0.100594023015,0.0237314824181,0.0100327825805,0.010021542111,0.0479293103987,0.0100196349101,0.0100762733784,0.0100212087175,0.0188475180559,0.0121223536214,0.0100666488855,0.0100155185029,0.0100192569799,0.0100171393144,0.0100479680093,0.0100046518824,0.0100044467942,0.0100052439138,0.0100452378114,0.0113597861954,0.0498078265916,0.0430082113037,0.0866715475997,0.0328892304439,0.0280387529298,0.0433273638081,0.0588616486922,0.0100023535066,0.0100050776471,0.010006346183,0.0119677049937,0.0100286542063,0.0100117574264,0.010005792183,0.0100031491772,0.010004597373,0.0100046603797,0.0100057119512,0.0100046163597,0.0100043834562,0.0102171398578,0.0368770203272,0.0271293317966,0.0132256480326,0.0195667898982,0.010282815453,0.0100581354294,0.0100168048935,0.0100049231871,0.0100064110911,121.335872995,25.3244393738,2.01986650298,4.9864213844,36.3094451892,12.3109737045,2.71382225635,1.32697032501,7.64631864538,5.88373821015,1.17351153436,2.23164978748,1.56577485969,1.66104403149,1.70217688557,5.62007978658,6.04253560227,5.02640072109,0,4.31216892441,19.952543507,11.9157696506,101.967413568,8.19144539044,7.57081476383,7.83119707787,11.3297386678,4.03405359561,4.06608846214,0.963319185451,4.66706654304,2.85511361229,0.695417546196,1.63324049066,2.49376101881,1.61187241592,2.3127778003,1.68364795475,1.99070375486,1.93917234136,0.251578506978,3.40361924494,2.07200460111,0.56671181915,1.14430364556,0.283697302572,0.545338330821,0.459634696992,2.01024112501,1.16739413131
sobol__0003754,110.18057319,48.969288,-24.62156667,44.51922987,75.33114769,19.74229449,26.18758212,1,usable,Converged with independently replayed constrained generalized-force equilibrium and small reserve torques,438.704659,0.0961220574805,5.89318815969e-08,5.00940826261e-13,1.13696919241e-05,20,0,0.18844310422,0.0317850673036,0.0100140002485,0.0100211266332,0.12501265541,0.0100022719113,0.0229254230358,0.0100106672427,0.0100846845582,0.0100060922925,0.0100100502519,0.0100073950045,0.0100063299082,0.010006844745,0.010023199801,0.0100031162571,0.0100036119504,0.010003704538,0.0100445867213,0.0100452377619,0.0100268440013,0.0100143780072,0.116731067676,0.0394556007749,0.0384273239268,0.0488998329156,0.0607703591401,0.0100018793843,0.010004243715,0.0100050170125,0.109431374424,0.0129020133031,0.010010048452,0.0100049001396,0.0100029771409,0.0100044624423,0.0100044245479,0.0100054506524,0.0100044883903,0.0100044276314,0.0119087144326,0.0510574185095,0.0367554768465,0.0195776251089,0.0241077586854,0.0136862783499,0.0100681993591,0.010019213826,0.0100050213047,0.0100070481898,226.287206273,34.8975235272,2.01506642783,3.78687924514,129.233847044,10.0737299435,5.17673180603,1.41708068266,4.10893274957,5.37057148341,1.76063398364,2.62313496108,2.78150437964,1.78209914013,1.511422744,4.50252537782,6.60435531348,6.42553183013,0.0155130215263,0,1.46867762986,2.32969077543,137.404074089,10.77032429,10.8978830319,8.41049812553,11.565147345,4.04812104576,3.62339923607,0.979406319403,59.3133801448,2.53357662257,0.69595515113,1.62992869775,2.51325213236,1.61848148156,2.31968046383,1.6908306544,1.9963824297,1.94703256493,0.291661460873,4.55746755452,2.68459073705,0.792032239327,1.41225766534,0.408015272622,0.429054931877,0.412672712594,1.9751700884,1.14999170449
sobol__0003762,93.30557319,36.781788,45.69093333,72.95672987,-59.66885231,5.52354449,-22.56241788,1,usable,Converged with independently replayed constrained generalized-force equilibrium and small reserve torques,398.502608,0.0626669852008,9.02806860381e-08,3.12638803734e-13,5.29433941752e-06,5,0,0.142250654827,0.0100024199757,0.0100432870881,0.0100027419873,0.0930975124171,0.0100012727433,0.058725578823,0.0100336901061,0.0870284726815,0.0527521193794,0.0100594446843,0.0100110174133,0.0100110359458,0.0100097394486,0.0236397074004,0.0544501059179,0.0100100598994,0.0100102305395,0.0100274599469,0.0119523896073,0.0100084050437,0.0795788496169,0.058708729502,0.0238051159106,0.0383365758512,0.0102556233641,0.0100110650614,0.0259874612012,0.0100114220054,0.0101100197315,0.0100401016531,0.0100321859058,0.0100442878977,0.0100438897286,0.0100541254436,0.0100592881668,0.0100299119445,0.0100364352922,0.0100430524329,0.0100717144188,0.0100357185999,0.0100235292771,0.0100314142939,0.0100418226018,0.0100273271966,0.0100411298308,0.0100599412408,0.0100888904123,0.0101805078346,0.0130016852404,172.9116535,10.6314510049,2.00956232865,4.99292126571,79.7979417815,12.6071339724,15.819087258,1.35944538304,33.5195662988,21.624365631,0.899975174718,2.46893285967,2.0972537998,1.71183289168,3.53802857174,18.0558650356,6.9149696526,6.76698926868,2.26719951051,4.18372534302,5.10776473875,23.8372419228,66.7837854687,6.51448937916,12.7065516125,2.57818251913,1.92438179981,10.5784906092,4.6109438397,0.99192855448,4.55515096875,2.50757357661,0.751392987517,1.7190238575,2.45773440652,1.43489578687,2.30474795771,1.70867505315,2.13302257425,1.87912879493,0.328575428823,1.09456250252,0.946854417567,0.489786294565,0.691390302379,0.474622103072,0.833105708893,0.461553567273,1.49338949406,1.4973119398
sobol__0003770,104.55557319,12.406788,-19.93406667,129.83172987,30.33114769,-5.41395551,-30.06241788,1,usable,Converged with independently replayed constrained generalized-force equilibrium and small reserve torques,464.423756,0.0698693703316,1.76749387037e-06,9.85850590382e-14,1.31284296846e-05,7,0,0.0887551121986,0.010145258124,0.0100201357434,0.010026629512,0.0281786873977,0.010007004839,0.0100809759572,0.0100227530613,0.0148511268765,0.0100416357718,0.0100308550188,0.0100170004787,0.0100188339862,0.0100162817543,0.0100829142366,0.0100057690662,0.0100029696013,0.01000296637,0.0100093971034,0.0100452371145,0.0709777350257,0.0349242027724,0.158085575398,0.0100452371145,0.0100452427221,0.060847827499,0.0100064615085,0.0211931257075,0.0100032401721,0.0100262186431,0.126154567873,0.0660751463212,0.0100258460184,0.0100162732206,0.0100238091833,0.0100569543017,0.0100108172501,0.0100163562872,0.010023844863,0.0101304310953,0.010097482054,0.0148818233575,0.0306158432009,0.0201210695177,0.0100356909581,0.0102572166419,0.0100341999401,0.0100897867655,0.0100125101482,0.0100561767623,87.0745225401,11.1744272953,1.99551597274,4.88532029597,30.0049630295,13.0479213929,2.45506726343,1.34501961408,6.29015727133,5.65650241985,1.13665043908,2.44564290265,1.80707809958,1.68108079632,1.67466801429,2.84285723267,7.1676277163,7.17595316668,2.68853047115,0,34.4616009966,8.1187411653,106.139793805,0,1.63762095801e-05,15.35192032,1.64984518631,7.9892597525,4.0747061674,0.940818245518,35.7070714352,17.5445229314,0.564562769779,1.59332587092,2.57953671195,1.57498257166,2.32147436869,1.72179653317,2.12652921781,1.98822909268,0.353742727415,1.62452349705,2.88986934311,0.957165494318,0.649937182874,0.485157069258,0.800297539487,0.464103342126,1.35447780505,1.17131258999
sobol__0003778,80.64932319,9.359913,39.83155833,63.81610487,66.58114769,-6.78114301,15.87508212,1,usable,Converged with independently replayed constrained generalized-force equilibrium and small reserve torques,496.698486,0.0578194519006,8.57121760234e-08,3.00786355579e-13,2.23092713272e-05,18,0,0.0580570367711,0.0100046466653,0.0100306594989,0.0100095187697,0.024310363718,0.0100039760546,0.0154816586289,0.0100538397482,0.0531932793104,0.0681752560386,0.0172893520965,0.010024731882,0.0100283861481,0.0100234089716,0.0170210471032,0.0100299325475,0.0100069794669,0.0100071109522,0.010026367892,0.0100452377318,0.0101201760971,0.0468598397148,0.0798256070951,0.0388094604554,0.0353297042607,0.0798186099425,0.105120555704,0.0100011582756,0.0100027021802,0.0100033873592,0.0554224118921,0.0102230136234,0.0100070056648,0.0100031926716,0.0100017514828,0.0100026129,0.010002696658,0.010003343036,0.0100026762066,0.0100024568975,0.0151474034091,0.0728651205806,0.0540028678503,0.0262258113934,0.0345187376292,0.0195710903589,0.0101893782796,0.0100120180709,0.0100040200385,0.0100046371063,58.9333652885,10.8695438536,2.01988734125,4.98599659334,20.252639158,12.490017747,4.16254304036,1.30917854759,21.9992700793,35.3707951976,2.37105977778,2.11920119696,1.29522549486,1.62345890818,2.94829980832,4.63392649913,6.82154626284,6.67275305624,1.57224273253,0,3.7176242744,13.853125818,92.3014264487,10.7033480873,11.911093549,18.7799992004,14.4023330879,3.89250343586,4.46826192036,0.95508237828,29.1403586337,2.21650071999,0.700611971027,1.63253435085,2.53470942369,1.62173139523,2.36363166735,1.71867674075,2.02152984952,1.94920729251,0.302343353783,6.06389558646,3.98326155318,1.17330092738,1.64725678347,0.725408519659,0.656306168394,0.459907849235,2.01075292915,1.15155951524
sobol__0003786,114.39932319,33.734913,-7.04344167,6.94110487,-3.41885231,-0.21864301,38.37508212,1,usable,Converged with independently replayed constrained generalized-force equilibrium and small reserve torques,529.897445,0.0677497347561,4.14502867585e-08,4.76063632959e-13,8.25867285423e-06,18,0,0.130840280322,0.0100016299155,0.0100334137128,0.0100041076662,0.0743116041017,0.0100011287796,0.0514394684958,0.0101329774629,0.121289374266,0.0762249571641,0.0100420766764,0.0100149633398,0.0100120170585,0.0100083762625,0.0113414014276,0.0117498216663,0.0100046785919,0.0100059544172,0.0100452375482,0.0131991769729,0.010013256091,0.0636316533364,0.0963812237009,0.0259546440764,0.0245752035681,0.0321818442152,0.0393064662888,0.0100032752806,0.0100063716869,0.0100081227828,0.0116545182056,0.0100265516689,0.0100134783387,0.0100069125557,0.0100038260558,0.0100055204339,0.0100055228351,0.0100067498981,0.0100054869241,0.0100052004764,0.0100853107243,0.0224171938856,0.0170634959094,0.0101868048006,0.0124900112314,0.0101000873317,0.0100536587303,0.0100193479554,0.0100072239418,0.0100080673814,159.369804057,11.0239695358,2.02093105222,3.79012050635,79.9097332488,12.726024877,12.6637067703,1.38195102301,48.8946187271,34.552486674,0.988394410358,2.54532700044,2.32830607326,1.73094418683,1.5621081146,8.8638444508,4.96848549167,3.78380127757,0,4.90361683968,1.80623004596,17.0888495501,112.372843553,6.15843204927,6.55194836364,5.59934864004,7.44669876641,4.00876525687,4.31355931444,0.949413931238,4.50415014253,2.85167416057,0.695861142225,1.63189333201,2.4489531557,1.5850760595,2.29305220642,1.66707519269,1.96579048776,1.90540771784,0.238715436826,2.04828241525,1.29833674226,0.447212570871,0.704611676381,0.276971737074,0.583232155418,0.460808924925,1.96261984258,1.13469147275
sobol__0003794,86.27432319,54.047413,63.26905833,108.50360487,21.58114769,22.75010699,-40.37491788,1,usable,Converged with independently replayed constrained generalized-force equilibrium and small reserve torques,496.714436,0.124333417934,1.21689005539e-07,3.36079080541e-13,1.2338092569e-05,4,0,0.128208797958,0.0100037862831,0.0174504683217,0.0100043301801,0.198449429227,0.01000230466,0.148084387601,0.0103806508639,0.113844581097,0.0980026989654,0.0159833803573,0.0100370320938,0.0100333692216,0.0100337710128,0.0719035110795,0.0470916646048,0.0104315994815,0.0104269811758,0.0102275538518,0.010198681789,0.0100055875942,0.0551563310081,0.0100998191902,0.0101188407498,0.010198681789,0.0342798626005,0.0544616748707,0.0100212783803,0.0101896612769,0.0100514782611,0.0441589349376,0.0215170486684,0.0101273850435,0.0100799804368,0.0100515911868,0.010070438151,0.0101186440207,0.0101136187377,0.010085105965,0.0100680182793,0.0138903746496,0.0383313306028,0.0309469162148,0.0122357032115,0.022010994486,0.0121061187089,0.0102394469056,0.0101182279456,0.0100604034051,0.0100639963151,147.904600548,10.3084150589,3.28382348416,4.86529893175,168.775219852,12.2681317065,39.5867500724,1.44096927283,41.5268839073,44.745882361,2.29678451213,2.55674646494,2.53825646536,1.74977180265,12.2346357704,3.58045204885,7.48244322612,7.40690453912,2.86218254251,0,4.62758782648,16.0939572027,10.4482571981,1.32441149405,0,8.64435865542,10.2723057897,4.06914332183,3.26505680372,1.01501949303,21.8596084286,5.82840887776,0.680882750339,1.64207081174,2.47154483215,1.43274591612,2.37436013825,1.73890590638,2.14170063756,1.85675584777,0.547227092374,3.97579913843,2.87556267264,0.579568560506,1.59354719401,0.568522083001,0.787604589326,0.387350992863,0.947961205917,0.91468181025
sobol__0003802,97.52432319,29.672413,-39.85594167,84.12860487,-48.41885231,16.18760699,-17.87491788,1,usable,Converged with independently replayed constrained generalized-force equilibrium and small reserve torques,478.61836,0.0517988446433,2.00073557721e-08,4.76063632959e-13,2.38163275789e-06,7,0,0.143344217833,0.067676005242,0.0100117761251,0.0100499502145,0.123965713375,0.0100028515998,0.0167150734759,0.0100100131197,0.0100325442928,0.0100053033854,0.0100090621336,0.0100069795647,0.0100066609749,0.0100068684596,0.0100348954518,0.010005280626,0.0100137596964,0.0100139641126,0.0100311449033,0.0100565191189,0.0531177742945,0.0100408294679,0.0406073626753,0.0269655471208,0.0209824027917,0.0100293944189,0.0100138765008,0.0341512354591,0.0100396842694,0.0112696262308,0.0104094610799,0.0100418233927,0.0100614874334,0.0101218306262,0.010470159996,0.0101200448826,0.0100608267305,0.0100626841267,0.010090730303,0.0101583617875,0.0100347157335,0.0100220384171,0.01002554475,0.0100353450037,0.0100272709532,0.0100357874931,0.0100487477373,0.010070653523,0.0111534949791,0.0110395949219,165.734160513,74.5024339494,2.01586713355,4.9475138359,124.30238395,10.7799536239,3.32331590075,1.39374107824,4.25506200064,5.78879957283,1.69815300032,2.5812058605,2.48222306843,1.73704195505,1.58981333218,3.85388423474,7.02629224876,6.87883079067,2.57657877838,3.60215132551,27.8605243977,2.9939115297,45.1472700553,7.08299624581,6.90196481134,2.53230161261,1.93164792581,13.9301226751,4.2458858946,1.13821615255,5.66072037293,2.64463997169,0.714010767429,1.69351922795,2.63552009684,1.48097920559,2.36959961192,1.73475950117,2.14245872666,1.92374458847,0.343712867444,1.09438673938,0.945830999137,0.489717864625,0.712272238283,0.473346535028,0.757189252038,0.423997025886,1.56760852561,1.16728463967
sobol__0003810,77.83682319,43.891163,-42.19969167,122.72235487,49.08114769,24.39073199,-8.49991788,1,usable,Converged with independently replayed constrained generalized-force equilibrium and small reserve torques,433.466969,0.765317681085,4.77324725523e-07,1.08002495836e-12,7.47263093715e-05,19,0,0.185321908172,0.181760857038,0.0100053383053,0.010004917277,0.399159790471,0.0100012781014,0.0912345908131,0.010005261819,0.103996355124,0.0100031748996,0.0100029954276,0.0100032281595,0.0100027222124,0.0100029382588,0.0100412530833,0.0100081552093,0.0100166675972,0.0100166697598,0.0100438889923,0.0101038874895,0.0100078887148,0.0100060010955,0.0735275428042,0.0100931279925,0.010001624792,0.0100032702211,0.542379097708,0.010005034747,0.0439818507086,0.0100188040589,0.0875190273089,0.0574648557385,0.0353482043064,0.16022419084,0.0871762867341,0.0185996786771,0.256099256959,0.158634260058,0.138525545768,0.0145424138838,0.0709712834802,0.166162146361,0.0841382622483,0.01037544168,0.139321534217,0.0100660064179,0.0100076043641,0.0100064448884,0.0100031208305,0.0100025245307,224.751289387,193.421393656,2.01527944333,4.99104056427,396.021965962,11.1993245769,19.8294372258,1.43441844405,44.7274485733,6.03149240235,2.98590981617,2.62898462073,2.76875107249,1.77246316135,1.84062938912,1.27157709228,7.18532780604,7.18422115072,2.84138927987,0,4.95062606938,2.97723439456,60.0704225857,0.167119367061,2.46165525585,2.26672125873,104.623925106,3.78954178811,0.587460204892,0.925434115674,21.6884395437,14.5172124517,1.00444367866,24.4868651755,22.5602841322,3.01106428521,60.6407839475,27.4261750762,28.8143032453,2.86846814357,2.56406296685,18.1436313292,7.91857461895,0.506316347191,9.77012665479,0.459596710999,0.579879852987,0.380923897133,1.39149204981,0.976561805179
sobol__0003818,111.58682319,3.266163,79.67530833,65.84735487,-20.91885231,13.45323199,-45.99991788,1,usable,Converged with independently replayed constrained generalized-force equilibrium and small reserve torques,521.997767,0.17512266785,8.78452177666e-08,5.68434188608e-13,0.000173707690344,12,0,0.0100007531815,0.0100004697376,0.0648969774737,0.0100140995853,0.0100011375251,0.0100005500208,0.0966756183054,0.148639130113,0.0378622963642,0.0100030869744,0.0100024925325,0.131603971321,0.0622150632049,0.0583238458559,0.0536655531746,0.244292426205,0.0100123126509,0.0100125105676,0.0100326468728,0.0100063928572,0.0997550856804,0.0195509397188,0.0404243028135,0.0689428103782,0.0100452377242,0.107553168908,0.0100024351458,0.0456927794662,0.0100011695706,0.0100476863412,0.108629828676,0.031808906139,0.0100124467261,0.0100076284711,0.0100150298731,0.0100395488344,0.0100056328511,0.0100085721431,0.0100100384506,0.0100469400653,0.0100231422024,0.0100141473709,0.0101054876978,0.0169957440965,0.0100114975143,0.0100646590751,0.0232393824362,0.0283702093275,0.0100693960614,0.0554619894308,8.49278731145,11.0103714208,13.0706881701,4.98810940733,5.62957558331,12.4750890381,26.0422518719,17.9781856621,15.9166151142,5.79774139923,2.81520037637,23.1955782251,5.24969004111,8.77806250342,9.42758720568,100.563674189,6.84602174908,6.69756682686,1.73806535795,3.79645822394,52.3041080216,6.18815224144,46.582812441,18.8642141937,0,26.1965739208,1.90513993768,16.8731247587,4.69426566011,0.784151392009,59.4844297566,9.05048064434,0.753928780796,1.71327870195,2.27549193704,1.3205238477,2.22328190329,1.655053028,2.12602657176,1.73888850923,0.394384375066,1.04216501636,0.931646397643,0.795707308171,0.724805117622,0.470436320154,1.99461756775,1.20345652427,0.975491339998,5.53137855699
sobol__0003826,94.71182319,23.578663,-0.01219167,45.53485487,4.08114769,-9.51551801,47.75008212,1,usable,Converged with independently replayed constrained generalized-force equilibrium and small reserve torques,492.065113,2.57769169507,6.54470523997e-07,1.89301265668e-12,0.000124688253531,15,1,0.149469898449,0.0418767629599,0.0100193574684,0.010042837552,0.0590383445337,0.0100053835056,0.0101626668829,0.0100169649149,0.0100975947682,0.0100125151231,0.0100225769627,0.0100122663788,0.0100135007343,0.0100124408497,0.0100482296386,0.0938476417819,0.153301342694,0.149262515152,0.0100485321933,0.0100452381599,0.0932014725608,0.0717915782019,0.010002731518,0.0100029528888,0.999999505371,0.953536788178,0.0100004600989,0.298467969644,0.0100001799178,0.0101234612709,0.0100012180484,0.0100036105429,0.0100046806332,0.0100021941762,0.245818040173,0.257831279904,0.0100021732416,0.0100061554352,0.0620723121672,0.37778663562,0.0100097056968,0.0100078620981,0.0487172404026,0.120629073589,0.0100034965253,0.0983925959859,0.223633175868,0.250938729656,0.0100007187575,0.25950971802,179.442963632,45.5317281319,2.01798415492,4.65636590362,63.4862300469,13.0699479962,2.58594405886,1.35729146568,4.16046705363,5.05867486333,1.01759667703,2.48378922634,2.00089454432,1.70163664894,1.57997676669,52.5996208832,101.398399918,96.1257647814,0.0542917414462,0,32.0186967405,22.3125239137,11.7730325626,2.75878132384,332.41401361,190.357455961,1.40974145453,110.304986152,3.6857841824,0.758970231716,5.48977436105,2.81498569502,0.473363816353,1.53229113063,58.588720896,39.8489831387,2.25877612323,1.64011537731,11.9390056888,70.118257569,0.153763502237,0.651736903921,2.93553829141,4.54074761714,0.410557155309,2.65034488501,13.6336985433,11.3210281929,1.91093198727,28.3482348235
sobol__0003834,105.96182319,64.203663,28.11280833,21.15985487,-65.91885231,1.42198199,10.25008212,1,usable,Converged with independently replayed constrained generalized-force equilibrium and small reserve torques,430.02602,0.134857582862,5.2546464957e-08,5.68434188608e-13,1.04043024085e-05,11,0,0.24641747981,0.0100012013131,0.0100220998585,0.010001271828,0.058081809913,0.0100004419819,0.110326259409,0.0100583366605,0.0934245012041,0.010007854541,0.0100063733201,0.0100098695082,0.0100059622437,0.0100050657086,0.010317557952,0.01001239974,0.010002159154,0.0100025501244,0.0100452373141,0.0100286595457,0.0100025425754,0.0722430367486,0.187213415164,0.0492928603282,0.0294336008895,0.0312278993442,0.0100571805776,0.0121610332656,0.0201351748985,0.0100361161285,0.0306895116978,0.0100555633265,0.0100623151385,0.0101078222632,0.0100116844172,0.0100159036192,0.0100159226534,0.0100184676586,0.0100158207681,0.0100151815988,0.0100462569959,0.0100509273798,0.0100520971939,0.010047203067,0.0100486137445,0.0100674119019,0.0100538793398,0.0100333637296,0.0100163816678,0.0100201640604,270.250871678,10.385415589,1.91056573231,4.17401015472,59.7839887417,13.0636817985,29.2975597873,1.43500274852,35.4591430589,5.58615877159,2.59769298101,2.62071290827,2.83290435739,1.80000876488,1.73743552173,4.73495333967,6.09817063226,5.12039205449,0,3.46362548998,3.87341140651,20.2890521259,220.292875074,12.0934495904,9.27172984509,7.34032279557,1.92173838401,4.84007483092,9.47369058894,1.00293831149,6.3134763434,2.44678398866,0.757684636942,1.73043628905,2.59091542767,1.62380300046,2.37163912607,1.73210875331,2.08965660052,1.97586540848,0.284812549856,1.08468927807,0.911187041257,0.489609275585,0.642903765141,0.387024937822,0.728255847387,0.461517654356,2.00796745972,1.16914453872
sobol__0003842,83.81338569,48.20756925,33.09327708,106.21844862,-12.48135231,18.85362262,5.32820712,1,usable,Converged with independently replayed constrained generalized-force equilibrium and small reserve torques,398.919872,0.0521902297746,5.94895652739e-08,2.27373675443e-13,5.56349238311e-06,11,0,0.143416765716,0.0100036861282,0.010033135612,0.0100032022628,0.128508740746,0.0100012722211,0.0614289656571,0.0100195114843,0.0174162386061,0.0100353006457,0.0100241641779,0.0100097601511,0.0100087543273,0.0100099839637,0.0188991016425,0.0161794134427,0.0100213957891,0.010021536044,0.0100361595808,0.015739327424,0.0100080000171,0.0384736147113,0.0201476162215,0.0100709796998,0.0321916547563,0.0411331815091,0.0298300992189,0.0100048281187,0.0100275640103,0.0100114487561,0.010017194015,0.0100247918931,0.0100282996392,0.0100113421333,0.0100070265993,0.0100102992234,0.0100095337575,0.0100117099898,0.0100099648354,0.0100102288249,0.0100949279591,0.0251752412062,0.018747271586,0.0108562395403,0.0115790434366,0.0103182071861,0.0101271085812,0.0100382032871,0.0100151929314,0.0100226528004,168.877032693,10.3592277033,1.9872906819,4.99342607692,126.559897552,12.6807347432,16.542182748,1.39962453323,6.88035569219,5.01577630688,1.61213392261,2.5684986571,2.56450275333,1.74820003653,3.24667873726,2.41446049482,7.18672913529,7.09810583376,2.7873303825,5.97386009674,4.70097542809,10.9839183369,21.0872433616,1.70205704538,9.99516147994,9.47567866639,5.74372348285,3.76490110482,0.371986371762,0.904792728871,5.31256201891,2.85402365847,0.313035469549,1.53594008419,2.58966896469,1.6242519933,2.37000725219,1.73073366514,2.07454042688,1.97485924476,0.29874551546,2.67169015338,1.60747420397,0.517777123771,0.723725208897,0.407945411778,0.607199363029,0.414540012251,1.71055793203,1.09910449115
sobol__0003850,117.56338569,7.58256925,4.96827708,81.84344862,77.51864769,7.91612262,57.82820712,1,usable,Converged with independently replayed constrained generalized-force equilibrium and small reserve torques,530.707861,0.140526800063,4.32725020261e-08,4.70912647723e-13,4.4403319606e-05,20,0,0.0201841084631,0.0100012550378,0.0101344319776,0.0100037097386,0.0351088465865,0.0100017939598,0.0477236347865,0.0270975732321,0.116703099667,0.111882554421,0.0108433613894,0.0100788883452,0.0100515808323,0.0100218538681,0.0355322441226,0.0778472849004,0.0100067909694,0.0100069152417,0.0100214448705,0.0100452376931,0.0100021862726,0.0100112184331,0.0994662412833,0.0100030568081,0.0100075716877,0.0772537530039,0.165593639126,0.0100006279226,0.010045237297,0.0100045653223,0.181516311897,0.029816934145,0.0100452054187,0.0100017825565,0.0100006859733,0.0100010214032,0.0100010395335,0.0100012815516,0.0100010339171,0.0100009583463,0.0239476830752,0.0970558214136,0.0827366830259,0.0410316830411,0.0574082181015,0.0184268053517,0.0100225859182,0.010003921199,0.0100008951042,0.0100012069523,19.1828318647,11.0038433095,2.02319189305,4.63022341485,37.413787393,13.0229454099,12.2026724103,3.55707937831,48.7354981998,58.7886535023,1.08696183648,2.27331177439,1.46450387541,1.64501898405,5.96706149849,37.2079409738,6.99924320618,6.8515949229,2.54727236191,0,3.84150990771,3.1708004715,111.130975074,2.64507267124,3.37532753262,10.2931013307,22.3359038539,2.7601808466,9.14999259437e-07,0.287712574279,90.3154687451,5.73555116416,2.94008962705e-05,0.977597457948,2.31975135263,1.51613311454,2.19841581227,1.59967521757,1.837847837,1.82333135276,0.333246680815,4.81587144765,3.81872309605,1.13618773104,2.08487765111,0.322786390163,0.384583409083,0.459944407869,1.89234248729,1.13843149854
sobol__0003858,89.43838569,19.77006925,75.28077708,61.53094862,-57.48135231,-4.11512738,-58.42179288,1,usable,Converged with independently replayed constrained generalized-force equilibrium and small reserve torques,515.62686,0.0529011244371,1.18195274013e-07,2.70006239589e-13,1.05788997611e-05,6,0,0.0529775468926,0.0100021890673,0.0100151201114,0.0122502680767,0.0100033966115,0.0100019837739,0.0100684178378,0.0288650765566,0.114474294157,0.088182834847,0.0157347750303,0.0207855289915,0.0103358398858,0.0100483439471,0.0369637483756,0.0282287253753,0.0100202529699,0.0100205024096,0.0100396163926,0.0100088338256,0.0434107889338,0.0493757588107,0.0173292102921,0.0638307168889,0.0100452378917,0.0867848111903,0.0100054168393,0.0467481727204,0.0100024653187,0.0100405050319,0.05752736128,0.0150935688273,0.0100264125925,0.0100204289081,0.0100913285792,0.0103121826216,0.0100127834692,0.0100203260768,0.0100362101035,0.0140155902133,0.0100294406764,0.0100158496581,0.010096627852,0.0101128144365,0.0100272519103,0.0102947158031,0.010019628356,0.0101053157263,0.0100198863374,0.0100599431606,60.5675649332,10.8483895658,2.01607602496,6.03619970548,6.42790929186,12.3826754142,2.70809993895,3.73797779364,46.5376950112,43.8902979045,2.16770448007,4.25397490147,1.34721688608,1.62943355114,5.88536859461,10.656268257,6.8067733772,6.65720037295,1.38557847894,3.51921479362,22.4003401562,15.3104718763,20.1111810233,17.6172481284,0,19.9009354599,1.90453299678,14.8025806481,4.23387806826,0.545705797773,23.3136898559,3.80989091749,0.636380329416,1.58919615553,2.03490482678,1.24098503483,1.9079143122,1.47011378705,2.12033487027,2.2888415174,0.392615325514,1.05194951595,0.913792748915,0.455993998535,0.725954575502,0.470929171489,0.880392220911,0.463837941468,0.81759149644,1.09281406938
sobol__0003866,100.68838569,60.39506925,-46.59422292,4.65594862,32.51864769,6.82237262,-5.92179288,1,usable,Converged with independently replayed constrained generalized-force equilibrium and small reserve torques,455.736572,0.101893609309,6.09810157925e-08,1.15635209351e-12,1.71540746756e-05,12,0,0.225427738275,0.0401595929013,0.0100140966708,0.0359331705256,0.183035190428,0.0100023591538,0.0217494205582,0.0100088232161,0.0100157739198,0.0100037431156,0.0100049240967,0.0100063775148,0.0100054897506,0.0100062211737,0.0100138603754,0.0100093457977,0.0709207204275,0.0532306933118,0.0100452376701,0.0100452376701,0.0231269257186,0.0109842845762,0.0100049085493,0.0100204038225,0.0349037142515,0.0202859426852,0.0100613174037,0.0105814235573,0.0100069809641,0.0100662152323,0.0100018918632,0.0100047682671,0.0100444740838,0.0100363425433,0.010021927844,0.0100247098972,0.0100213063135,0.0100259809977,0.0100219125127,0.0100230051576,0.0100345362886,0.0100282983202,0.0100306958478,0.0100387619852,0.0100458669757,0.0100442373272,0.0101465118038,0.0100893559346,0.0112091035633,0.013765339117,262.317267669,43.4392419868,2.00105288943,15.9508675723,179.424955813,8.31768430202,3.84774411129,1.43979687375,4.19269884441,5.93569387214,2.92539379445,2.67482754825,2.88658814321,1.8227957438,1.7763070713,5.29148759356,33.7992646333,19.0390843059,0,0,2.99827494417,1.93451766986,11.6215208272,2.34459421672,10.1123966711,4.71296135232,1.93935680489,3.99024640162,4.75421955418,0.968684797014,5.04008837713,2.64310834948,0.756258590561,1.71818288067,2.59354815197,1.62743689385,2.37291668232,1.73340254079,2.08328476503,1.97744273854,0.351310300244,1.09429808258,0.946799638088,0.489778492007,0.724354101322,0.438348195672,0.686268379895,0.462131244505,1.96473328183,1.60303311024
sobol__0003874,75.37588569,13.67631925,-34.87547292,47.31219862,-34.98135231,-1.38075238,-26.54679288,1,usable,Converged with independently replayed constrained generalized-force equilibrium and small reserve torques,390.183557,0.0513545436632,2.25256910902e-08,3.56124459496e-13,5.04625364244e-06,8,0,0.118216363219,0.0782379264469,0.0100153186104,0.0116790422923,0.070261433301,0.0100060437065,0.0100964326451,0.0100132894276,0.0100268082222,0.0100060094723,0.0100100322752,0.0100101400097,0.0100113724979,0.0100099919043,0.0100347430333,0.0100032124902,0.0100057639649,0.0100058943541,0.0100410814723,0.0100153915599,0.0619074779398,0.0112699022589,0.0703452364907,0.065223882688,0.0100452380414,0.0756035183918,0.0100060205841,0.0317897771236,0.0100026375154,0.0100387613729,0.0466147780418,0.0104384246624,0.0100240807408,0.010017254115,0.0100193593111,0.0100341084748,0.0100108941322,0.0100157987633,0.0100186013737,0.0100396071706,0.0100418790593,0.0100332586349,0.0136306181425,0.0111672152122,0.0100258616709,0.010119561704,0.0101024968494,0.0102469554251,0.0100185744663,0.0134336989453,110.583383596,85.3634183621,1.98494695533,5.82997094528,71.8234156775,12.6765717812,2.35166771339,1.36676402825,4.3422987226,5.93130994165,1.78183283122,2.5064098511,1.98012380513,1.69369197727,1.8052843168,5.78118412073,6.63936309303,6.47146322025,0.179880173366,3.69406031336,25.4893255085,3.54211334242,82.7727239245,17.9742620267,0,18.784554934,1.92381463011,12.2648467246,4.79899717784,0.850655514547,19.7037660613,2.8956706584,0.752346759886,1.71382686994,2.48748837977,1.46596580876,2.27718297641,1.70102956429,2.12779331656,1.90432982652,0.340880717521,1.09512563462,1.28662872111,0.536928425562,0.706231464901,0.478620301849,0.853828045073,0.471235930703,1.42896055979,1.56364077102
sobol__0003882,109.12588569,38.05131925,68.24952708,22.93719862,55.01864769,5.18174762,-34.04679288,1,usable,Converged with independently replayed constrained generalized-force equilibrium and small reserve torques,382.402364,0.189495945069,2.22268283778e-08,5.4308254247e-13,1.76117021763e-05,16,0,0.122833187403,0.0100009106038,0.010011180872,0.01000457026,0.0100013118945,0.0100007371002,0.0100488895998,0.0720865463327,0.299408288061,0.0100131185168,0.0100112091472,0.0519473173922,0.0163632105358,0.0100084223051,0.0431904926779,0.0776864620425,0.0100024387147,0.0100028287519,0.0100452374203,0.0100452374203,0.0679185745199,0.10107432818,0.164060075847,0.0651236859307,0.0100452374203,0.0970228794297,0.0249042351075,0.0100049440156,0.010004033393,0.0100116451753,0.0734239265563,0.0100648365766,0.0100194707219,0.0100104355151,0.0100053000444,0.0100082245246,0.010007365128,0.0100091391096,0.0100074456681,0.0100077367057,0.0125303037309,0.0394065277382,0.0389068627554,0.0186771570638,0.0192387478116,0.0175630541613,0.0112829154396,0.0100287375885,0.0100078312327,0.0100120247424,149.486578311,10.8170977468,1.97961933971,4.9938445731,6.95045240791,12.6192733704,2.70434130137,9.56903809985,101.944349555,3.79477982666,0.821868209095,12.2615863753,3.1311841121,1.70142733814,5.69726359086,43.6731205032,6.1831372028,5.28539479864,0,0,22.2121145282,26.0829945372,193.094111103,16.1796995407,0,24.4957886811,4.80142282167,3.17579101688,4.78576519154,0.685388671905,40.9102633076,2.46712637459,0.677573962742,1.67442802163,2.56183964203,1.53913864412,2.34103056567,1.72278862366,2.12353228764,1.95169447091,0.481982764084,4.18109053737,3.64168062904,0.883437712103,1.39285614376,0.830712697803,0.876978146703,0.457378209316,1.25629966187,1.12502403313
sobol__0003890,92.25088569,50.23881925,-11.43797292,124.49969862,-79.98135231,17.21299762,37.20320712,1,usable,Converged with independently replayed constrained generalized-force equilibrium and small reserve torques,330.719514,0.283644021955,5.85794452945e-08,3.95277163723e-13,8.58646859419e-05,20,0,0.11903911425,0.0753825198495,0.0100244600673,0.0112748252808,0.0515378096901,0.0100131491974,0.0100634977287,0.0100159864951,0.0100130863796,0.0100050895682,0.0100090397438,0.0100128134678,0.0100118546551,0.0100130959987,0.0100213895573,0.0100135630306,0.0100059333288,0.0100059329876,0.0100163983043,0.474781009402,0.0100170485739,0.0100100528399,0.0877024450277,0.0100008215282,0.0100009494076,0.0709456718645,0.0863381016179,0.0100005198745,0.0100452376843,0.010002992325,0.0100005976238,0.0100034169534,0.0100452376843,0.0100017997244,0.010000988881,0.0100015395342,0.0100016799272,0.0100020482331,0.01000161273,0.0100015652673,0.0205476918451,0.0718813893632,0.0514441051816,0.0230028250276,0.0517080435725,0.0185562258347,0.0100230475407,0.0100061993632,0.010001507909,0.0100019882659,140.734536511,80.0355570393,2.01160028534,4.94431719092,54.9891007609,12.8345283938,2.50762684012,1.42617712455,4.11769521353,5.74601753135,2.28727697039,2.62124319081,2.77127503305,1.77836606395,1.69847658453,1.27230455615,7.17687325758,7.17734708618,2.8253143412,156.479690997,4.0280106458,1.9996615,68.4513560362,1.36120767777,3.12152788772,12.538788842,14.0444751455,3.42995336036,0,0.444206285415,5.56989336658,2.30716530698,0,1.16269723914,2.54649575892,1.62498737046,2.33340870862,1.70079348076,2.01686486705,1.96693665943,0.459659657156,5.46934748953,3.33874210888,0.860763417785,2.56165536995,0.480311668572,0.512673987808,0.428962729696,2.01025274182,1.16670141151
sobol__0003898,103.50088569,25.86381925,35.43702708,67.62469862,10.01864769,10.65049762,29.70320712,1,usable,Converged with independently replayed constrained generalized-force equilibrium and small reserve torques,416.795443,0.0672377371395,2.98117832642e-08,4.38836223035e-13,1.04414047536e-05,16,0,0.119915300289,0.0100022408522,0.0100365378503,0.0100035430299,0.0519714299511,0.0100015372255,0.0453877845258,0.0100855184473,0.109885583186,0.0652469141586,0.010061848517,0.0100159216046,0.0100159622256,0.0100111249442,0.0221419401082,0.05854023501,0.0100088248113,0.0100089813366,0.0100275341165,0.0100452372637,0.0100130675992,0.0832317682965,0.0642566174236,0.05235924509,0.0346792117495,0.0432433919474,0.0665546091853,0.0100023597735,0.0100106036488,0.0100065574206,0.0203384700276,0.0100439980512,0.0100155625742,0.0100059534309,0.0100031752841,0.0100046338497,0.0100047545285,0.01000581309,0.0100047009289,0.01000442657,0.0102718138772,0.0383938185483,0.0285862757321,0.0144058179008,0.0201665008679,0.0105774797598,0.0100557320256,0.0100161783974,0.0100047070685,0.0100061609596,145.894306045,10.8623869731,2.02141440355,4.83479878308,46.0731803407,12.7881326889,12.155416317,1.34231399091,43.3741399078,26.3791973278,0.750966339849,2.37409674793,1.80313798515,1.68842837619,3.1770805509,25.4096018359,6.8616114536,6.71338879429,1.87836771283,0,5.05634362312,26.2968936584,73.8170127017,14.1690005202,11.6960622123,8.54367005601,11.850993527,3.76512940587,1.82727373951,0.88409192547,11.3223815666,2.7915470666,0.462557247452,1.54436709455,2.49640003288,1.61262736166,2.31546037938,1.68585694638,1.99207123199,1.94115939534,0.217852518716,3.0605039548,1.94317572696,0.562134037909,1.02451515431,0.304992491599,0.522884197539,0.457000693764,2.01090047703,1.16765986086
sobol__0003906,82.40713569,28.91069425,-14.95359792,3.64032362,46.26864769,12.01768512,-44.35929288,1,usable,Converged with independently replayed constrained generalized-force equilibrium and small reserve torques,430.44855,0.0597061306973,7.86496414662e-08,3.76587649953e-13,8.28504738519e-06,11,0,0.129828118957,0.0915732581052,0.0100215335355,0.0207575741653,0.0638673386435,0.0100105170273,0.0100598345461,0.0100148074628,0.0100152817744,0.0100052533307,0.0100110665948,0.0100116692617,0.0100122337548,0.0100120216832,0.0100235061083,0.057463459159,0.0856514672627,0.0638602322263,0.0100452377303,0.0100452377303,0.0100159736409,0.0100075686916,0.0100040526325,0.0100121028827,0.0100452377303,0.092489393818,0.0100054155262,0.0100074602085,0.0100013969757,0.0100170014456,0.0141685116004,0.0178234238277,0.0100129852583,0.010006629627,0.0100074453886,0.0100136513741,0.0100059773974,0.0100083739567,0.0100082419765,0.0100138090127,0.0100931253257,0.0184158288975,0.0309086735066,0.0218101101844,0.0100451190644,0.0109699520388,0.0180378027124,0.0142196010696,0.0100168447249,0.0208552689389,157.408837423,98.5171736146,2.01842336243,10.2204399819,68.169519467,13.0672390463,2.50264780234,1.38515808104,4.20565499837,5.71290769176,1.61358926415,2.55042652,2.29081639276,1.72330599437,1.71684150564,41.1749714003,40.0683276202,22.2723573982,0,0,1.62270558853,1.94679698244,11.5980727493,2.32880453356,0,23.3499560347,1.84216543757,2.44073609698,4.70222658749,0.516146965098,7.62116098872,4.54583330088,0.604296158629,1.5625004847,2.46617748138,1.44885510982,2.31149593966,1.70833886513,2.12552177275,1.87653613463,0.397614061366,1.83972084535,2.77575234271,0.995006779905,0.715113630937,0.515778941244,1.44487198474,0.613004715987,1.01334294737,2.1243729265
sobol__0003914,116.15713569,53.28569425,50.67140208,60.51532362,-23.73135231,22.95518512,-21.85929288,1,usable,Converged with independently replayed constrained generalized-force equilibrium and small reserve torques,384.025307,0.628935454264,1.53668750613e-07,1.64282391974e-12,5.0394180468e-05,16,0,0.246530334742,0.0100003078724,0.0101531780543,0.0100004045044,0.0100009625179,0.010000137746,0.228996666288,0.118688012503,0.527365782423,0.0100007022492,0.0100011861708,0.015383532036,0.0100038528827,0.0100015587104,0.0100079586649,0.402372681217,0.0100030782852,0.0100031432089,0.0100182707898,0.0762830837593,0.0100007270072,0.0100115598108,0.1872490918,0.100243439104,0.0267446526335,0.0302790032793,0.0470593184145,0.0100067531642,0.0446104228507,0.0100154482063,0.0100068017383,0.0100091846112,0.0100489447386,0.0100286776217,0.0100078899805,0.0100113079489,0.0100154946268,0.0100167038226,0.0100121368221,0.0100108304286,0.0101856883247,0.0240897558891,0.0179798702259,0.0101148785082,0.0166200332471,0.0103170855625,0.0100540016315,0.0100245791425,0.0100125845746,0.0100131167144,284.71498347,10.6641992465,1.9457954475,4.60055070745,8.34343447599,13.0234204753,61.6803823361,16.2928655292,156.080450441,4.37564387683,1.54704146249,3.92260801853,2.57893812188,1.75647921147,1.43403622195,140.45701224,6.78441725602,6.63458148046,1.29807640407,28.8666990985,5.24633759913,3.16329577843,217.649326104,27.6550871682,9.02097131278,7.64503744381,8.86698472949,4.00521825685,19.6608966633,0.938109060183,5.21413644379,2.84461335241,0.743764028258,1.71208560623,2.53296060797,1.47063800643,2.36551858439,1.72924062101,2.12502323844,1.89378776187,0.386113224508,2.59716751122,1.69724620018,0.492892371176,1.20323166261,0.487934704257,0.726618765658,0.386537775034,1.2260991071,0.958389962548
sobol__0003922,88.03213569,32.97319425,-29.01609792,88.95282362,1.26864769,2.17393512,19.39070712,1,usable,Converged with independently replayed constrained generalized-force equilibrium and small reserve torques,393.766869,0.0481103656622,6.7740195675e-09,4.40536496171e-13,7.64607672195e-06,17,0,0.137407941257,0.0849067970468,0.0100172958866,0.0122575406581,0.0939918181703,0.0100048224738,0.0112001448897,0.0100123084868,0.0100143785646,0.0100045567382,0.0100085734288,0.0100091233984,0.0100088603516,0.0100092892133,0.0100241272198,0.0100072651782,0.0100154394373,0.0100156534909,0.0100325682447,0.0100226607877,0.037591708119,0.0100135994985,0.0347446263305,0.0305649735846,0.0329660393984,0.0355395579885,0.0385901206966,0.0100035606027,0.0100107964104,0.0100098100749,0.0254621807954,0.0101012737387,0.0100219189537,0.0100083788062,0.0100046890797,0.0100068399232,0.0100067229139,0.0100082345784,0.0100068384789,0.0100065078293,0.0101034289506,0.0272109370109,0.0206454057977,0.011200357842,0.0126245796345,0.010195286085,0.0100683405855,0.0100227986205,0.0100078669524,0.0100100251651,167.051205331,92.0773741232,2.01760849622,5.99383532088,96.8056900846,12.1871274595,2.6564324551,1.40052720621,4.23053527537,5.80673440062,1.8719237755,2.58399104451,2.51502665045,1.74091879014,1.68038031565,3.35816051142,7.07380676325,6.92731852299,2.62536768034,3.5810071925,19.7393326332,3.07833211687,38.2154289236,7.66621843791,10.6367284676,8.05399579532,6.19148331509,3.65845730519,2.08985785325,0.804042056784,13.7806725354,2.85747738603,0.379619897365,1.53366393604,2.54453131413,1.62547613884,2.35846532833,1.71594845039,2.02692780136,1.96593949161,0.215112315783,2.27391818019,1.48555216749,0.479129927485,0.62009812866,0.349355839024,0.635620174451,0.461032680266,2.01153396605,1.16667981389
sobol__0003930,99.28213569,8.59819425,55.35890208,113.32782362,-68.73135231,-8.76356488,41.89070712,1,usable,Converged with independently replayed constrained generalized-force equilibrium and small reserve torques,524.700861,0.633776876811,2.29691035969e-07,9.45265807443e-13,6.82056767272e-05,16,0,0.0100052397867,0.0100014660142,0.01010226386,0.0100067230503,0.0100044089492,0.010002234567,0.0204222351001,0.0392228164367,0.0917406657432,0.076026251416,0.0100679068532,0.0294986632866,0.0156973441222,0.0106413718392,0.0296081837699,0.0711908116998,0.0569657088428,0.0567197074744,0.0138586704584,0.39947705114,0.064689273844,0.066941257186,0.0100042337908,0.0100005651096,0.364648152925,0.408145773175,0.0100010947262,0.0100195822982,0.0100043252301,0.0100202171818,0.0100006154292,0.0100034499982,0.010045219651,0.0100036176846,0.121218378045,0.129171310306,0.0100056353777,0.0100185810308,0.0470988565143,0.197576678858,0.0100140583789,0.0100068875037,0.0100242498878,0.0333156549425,0.0100065300446,0.0359199084199,0.100305209073,0.118534319481,0.010002946422,0.185533986284,9.91351371814,10.9568626226,2.03465779779,4.99442039185,7.21724558659,12.4448298566,5.50077220461,5.0112042494,37.7792759978,39.5059048675,1.64262207773,5.86609397953,1.78503703185,1.69208059317,4.96473598524,18.1339043753,40.8659754868,40.5136206964,3.92181733111,137.06308879,24.0684109729,12.7382491142,9.89787436989,2.07147814954,112.762654328,87.1611282339,1.1295560469,2.61089204668,0.32087371232,0.231362261111,5.572107982,2.40627245535,3.20475216279e-05,1.17057798483,30.079278077,20.6727783843,2.32080320518,1.68736468569,9.35715670462,37.8476071619,0.155443334289,0.622594251715,0.589022926229,1.26249582157,0.376185260034,1.0498578745,6.80383101009,5.37198648585,1.93872129754,20.4884458214
sobol__0003938,79.59463569,63.44194425,85.82765208,70.67157362,68.76864769,0.53331012,51.26570712,1,usable,Converged with independently replayed constrained generalized-force equilibrium and small reserve torques,529.696349,0.150310511309,2.48574849593e-08,4.12114786741e-13,4.80340091958e-05,19,0,0.139962706103,0.0100013928685,0.0135632062099,0.010001815713,0.188359183723,0.0100025265871,0.0280725219278,0.0100525909,0.0905054228368,0.0725947552526,0.0104107961391,0.010014128834,0.0100144313688,0.0100143075733,0.0403673405785,0.0345284381438,0.0100241211251,0.0100243658769,0.0100392301641,0.0100452382611,0.0100023991545,0.0100622882094,0.0144761753367,0.0100058678558,0.0152286067227,0.100783739065,0.182588877918,0.0100005703129,0.0100030232,0.0100029539031,0.0913059887809,0.0223310325819,0.0100089462863,0.0100013993232,0.0100006904012,0.0100010303803,0.0100010263022,0.0100012774497,0.0100010213466,0.010000957948,0.0214889053039,0.0973488539135,0.0821138198719,0.0409427206483,0.0576482004226,0.0225745029182,0.0100325308638,0.0100044255358,0.0100012560774,0.0100013837311,158.900518961,10.0980298701,2.4597210797,4.5275639611,170.321514974,11.9259627139,6.43452008567,1.40765415558,33.6602214978,35.9680564388,1.79848737132,2.56538618903,2.65503052859,1.75602532362,7.40711379006,4.50471158344,6.9023826879,6.7541818166,2.11248479861,0,5.2519358989,2.88070712121,16.5384101601,2.72541399672,5.13180104819,15.845745319,24.2700195079,3.38446485744,1.37056161012,0.472303804852,47.2145263726,4.71533667614,0.171833962486,1.29941635019,2.34517687341,1.52564217496,2.22261448822,1.61595846147,1.88110700378,1.83360748373,0.29885029492,5.26370926859,4.11637983662,1.26722162658,2.15409939034,0.49371177959,0.466724571698,0.460092006281,1.89367374585,1.11519819433
sobol__0003946,113.34463569,22.81694425,-54.79734792,127.54657362,-1.23135231,-6.02918988,13.76570712,1,usable,Converged with independently replayed constrained generalized-force equilibrium and small reserve torques,445.398947,0.088992877768,1.30555704914e-07,4.06601522342e-13,6.30780294593e-06,16,0,0.11678691816,0.0100056844461,0.0100074919073,0.0100142329109,0.174588683234,0.0100014603135,0.0221479438898,0.0100086094423,0.0684285048401,0.0122501066625,0.0100142067316,0.0100051192658,0.0100048982756,0.0100045242789,0.0163815051993,0.0100048230074,0.0100041293393,0.0100041272764,0.0100122929316,0.0100114123831,0.0824021563129,0.0561768702307,0.11967008394,0.0100452376987,0.0424775036546,0.0269759406667,0.0178880143305,0.0100084727165,0.0100276580849,0.0100237548337,0.0851718276729,0.0164475123442,0.010043950777,0.0100140868474,0.0100061850437,0.0100091373367,0.0100080937728,0.0100100800522,0.0100087656529,0.0100087134613,0.0100990316891,0.0266442067293,0.0213112321307,0.0123697332345,0.0102939187157,0.0101505137294,0.0100804466513,0.0100311089461,0.0100108837231,0.0100158762648,102.325920993,11.0369787018,1.9942800914,4.99862454937,167.94234778,8.98136237511,2.92271740013,1.37586438328,29.3119210557,7.12877089158,1.54260365492,2.56250271841,2.32098100132,1.72222484036,2.48967338254,2.65876334339,7.17271950871,7.17665313257,2.77214816351,3.66082275498,39.4376411679,10.5159773184,85.9151103268,0,4.94745465428,6.26188265042,2.49802564137,2.56146631045,0.62990197205,0.351559507794,40.9702550569,4.66975041295,0.0189397720311,1.31000143083,2.56989398032,1.62638146789,2.36932425357,1.72879592614,2.04706700886,1.97240196437,0.23686705009,2.45481160661,1.68667553773,0.589499119364,0.497608613423,0.386127930678,0.71233994819,0.461080939403,2.01196171923,1.15711275408
sobol__0003954,96.46963569,2.50444425,15.51515208,17.85907362,23.76864769,14.75206012,-12.48429288,1,usable,Converged with independently replayed constrained generalized-force equilibrium and small reserve torques,399.855998,0.0324465738565,1.13257873746e-07,3.12638803734e-13,1.65347820173e-05,8,0,0.0100012409481,0.0100049922711,0.0608994496592,0.0100232847984,0.0235842391151,0.025271550023,0.0211642930579,0.0310713163656,0.0100038640235,0.0100059767764,0.0100234931282,0.0409757071133,0.0294967920703,0.048577522874,0.0100126087347,0.0155146679695,0.0100039370511,0.0100047327593,0.0100452377633,0.0100452377633,0.0147373163851,0.018972662644,0.100530400603,0.0420755036735,0.0336247053141,0.0430779625319,0.040502440219,0.0100077436721,0.0100205644475,0.0100149077941,0.0100108469638,0.0100114179099,0.0100338133868,0.010022706188,0.010008425141,0.0100114809014,0.0100135118446,0.0100155251487,0.0100120794292,0.010010928414,0.0100981525687,0.0191988821696,0.0153867251508,0.0101096304822,0.0131875340134,0.010259365326,0.0100702334563,0.0100266536998,0.0100117130377,0.0100138909913,8.97692895107,10.9374273917,12.1442513929,4.83602903846,23.5158514932,32.2786067033,5.52103692662,4.05920395074,4.20425775498,5.48997265511,1.31226101879,8.80120008161,3.77925043083,7.87445316857,1.7805252755,11.4076042254,5.89194738996,4.80972873099,0,0,3.10817265703,4.53446132106,118.205353235,10.3338798574,10.1323209828,10.6113834399,7.68192985111,3.68184059571,4.65015422419,0.898430488734,5.18883268545,2.69840777168,0.755529034849,1.71586396136,2.58994331488,1.61334472412,2.3710188998,1.73160197419,2.09646536695,1.97345416191,0.373123274421,2.08097570148,1.45249640411,0.493006447379,0.954556221962,0.473142510167,0.674344695441,0.431156942448,1.51872581068,1.09469718511
sobol__0003962,107.71963569,43.12944425,6.14015208,42.23407362,-46.23135231,21.31456012,-49.98429288,1,usable,Converged with independently replayed constrained generalized-force equilibrium and small reserve torques,405.060565,0.0819200685375,6.99734670206e-08,2.57119794143e-13,1.7536145922e-05,14,0,0.176818058608,0.0100033552415,0.0100222808012,0.0100048271158,0.0485953959372,0.0100014256912,0.0335379613868,0.0100311587983,0.073669699881,0.0192731676257,0.010021946567,0.0100130670054,0.0100105791206,0.0100091398542,0.0100999509226,0.010010788798,0.0100040151066,0.0100041253936,0.0100452365464,0.0100285121817,0.0110101974255,0.0721148687689,0.10275158889,0.0698439818524,0.0100452377807,0.0618226029933,0.0100019930426,0.0688339392081,0.0100012113884,0.0123680048449,0.0326926373637,0.0100601980558,0.0100150065589,0.0100096623533,0.010024049274,0.0100954088407,0.0100054970877,0.0100084094015,0.010009724157,0.0100909697038,0.0100130049234,0.0100064401429,0.0100113354544,0.0100626372159,0.0100072447977,0.0100244321627,0.0265650223403,0.0323993749674,0.0260221803835,0.071282156671,212.402288045,10.8311289935,2.0145264687,3.81642247648,52.2373918538,13.0397700377,8.53577902705,1.38774055654,29.0928460627,8.86375987808,1.30863854098,2.57193824658,2.54521021199,1.75073628415,1.44362360575,5.37283636693,6.57612638582,6.38376321029,3.26488948122e-05,3.60855304031,4.43590582136,22.8454031679,120.965271497,19.0251749311,0,15.0553461844,1.82109419905,17.5686051568,4.79721325141,0.571375021811,11.7571995758,2.6773601224,0.687228082799,1.64360399426,2.11394602029,1.22160952489,2.18795076168,1.62050584129,2.12519307406,1.63578099549,0.394291658585,0.996416340176,0.896415136902,0.462070751132,0.708729448135,0.461356650218,2.29995905523,1.25475528106,2.10795875581,6.40133841741
sobol__0003970,85.92276069,6.05913175,65.31983958,113.83563612,6.89364769,7.23252887,-19.51554288,1,usable,Converged with independently replayed constrained generalized-force equilibrium and small reserve torques,442.30954,0.0848172451542,9.22819936022e-08,4.44865466116e-13,7.17654579332e-05,7,0,0.0100008766667,0.0100005959132,0.0395439990532,0.0100050758715,0.0100013658021,0.0100008912653,0.0517118392751,0.121259230929,0.0573418133751,0.0712383019069,0.0100055751864,0.113738877385,0.059154970258,0.0733031041905,0.0554148760921,0.101640555054,0.0100119266653,0.0100119606137,0.0100270019183,0.0100452379055,0.0430633746382,0.0645643427327,0.0475191978597,0.0192957252958,0.0584777435315,0.0312780396789,0.0100128959513,0.0100338847855,0.0100072900012,0.0100283035304,0.0728695639743,0.0247045910714,0.0100299193191,0.0100196951444,0.0100204783554,0.0100308596127,0.0100153095028,0.0100202064036,0.010021672601,0.0100320593867,0.0100521614178,0.0102222298085,0.0125427431899,0.010203497928,0.0100397573339,0.0100806055907,0.0101190462128,0.010105785004,0.0100314669746,0.011609370847,9.32121652558,10.9474076502,7.96438619151,4.99430231521,6.59559854552,12.3820636831,13.9299282241,15.3116916035,23.8746250268,39.7321699046,2.1409942758,21.5373754911,5.9674926839,11.3838423762,9.66651866858,23.578559604,7.18236450276,7.15474467112,2.83831033043,0,19.9887773641,18.003074802,46.6797631456,1.59852437471,12.774595384,7.89671115997,1.9155911106,3.84941999661,2.81703214071,0.948680115924,36.5816169658,6.91199155426,0.545007797452,1.5887178079,2.58849590226,1.58040684348,2.36720963901,1.73146638616,2.11893135318,1.96926694701,0.33489681313,1.11626122772,1.18289340851,0.497867812972,0.666548855115,0.475065918587,0.766137202929,0.460451506867,1.51049545054,1.33288815251
sobol__0003978,119.67276069,46.68413175,-37.80516042,73.21063612,-63.10635231,-3.70497113,-42.01554288,1,usable,Converged with independently replayed constrained generalized-force equilibrium and small reserve torques,354.058555,0.107986374089,4.46802514986e-08,2.85509168075e-13,4.75293793535e-06,10,0,0.173703520574,0.0406403610819,0.010007945373,0.0100333550406,0.241783847689,0.0100074027358,0.0284563351922,0.0100063323952,0.0708125855373,0.0100087455849,0.0100096074076,0.0100041695077,0.0100034403575,0.0100035992988,0.0100158581918,0.0209683936695,0.0100081440503,0.0100082898116,0.0100244938104,0.0168805234501,0.0168302718364,0.0111531136234,0.07655650872,0.0273253688116,0.0100452378809,0.0100344201829,0.0100202988288,0.0165804331614,0.0117501523181,0.0100749720056,0.0100333980027,0.0100291368772,0.0100590190979,0.0100773684086,0.0100526054979,0.0100515009924,0.0100460983907,0.0100472925861,0.0100512708148,0.01005745558,0.0100385128425,0.0100272743496,0.0100306479379,0.0100376584535,0.0100331989787,0.0100402450814,0.0100428125841,0.0100502623149,0.0100689869486,0.0100696190735,211.585880472,44.8289370459,2.01580738832,4.12621785601,240.905105141,8.93866014153,4.55658455891,1.40857027299,28.8967986592,5.1226468799,1.41773011144,2.62090487739,2.77247654988,1.78004478203,1.45131002272,8.072536737,6.91611792819,6.76815389512,2.28246343239,5.86618236877,8.6605627625,3.360934282,87.0440026434,7.48783774185,0,2.38827952963,1.84046825028,6.39357978904,5.63640102134,0.799300299245,4.44842099721,2.46949154517,0.755658565539,1.72243269365,2.20812207202,1.30636740813,2.06393678013,1.57342031418,2.13396087874,1.74994753497,0.360751879572,1.08903786994,0.939600718238,0.470120111276,0.714643548349,0.473434730201,0.878723516785,0.462064301517,1.13055923767,1.15400719931
sobol__0003986,91.54776069,58.87163175,41.88233958,36.64813612,41.89364769,8.32627887,44.23445712,1,usable,Converged with independently replayed constrained generalized-force equilibrium and small reserve torques,386.375974,0.123431092565,4.4168054103e-08,4.12114786741e-13,2.51022878254e-05,24,0,0.2064993642,0.0100194216091,0.0100273642443,0.0100039087058,0.118258737935,0.010001637428,0.0472148349886,0.0100130453944,0.0100170461061,0.0100046769671,0.0100079006748,0.0100079197446,0.0100068010022,0.0100078361403,0.0100418280578,0.0100069698336,0.0100035835848,0.010003722548,0.0100452378767,0.0100452378767,0.0215221311427,0.0326937146862,0.113017843355,0.0815316462011,0.0537872995657,0.0776111754729,0.138536912829,0.0100009611584,0.0100033212245,0.0100029769709,0.0154829019519,0.0100223108289,0.0100062332882,0.0100024219936,0.0100012999459,0.0100019248382,0.0100019461264,0.0100024091582,0.0100019152252,0.0100018077816,0.0167577729762,0.0744078829963,0.0572752362366,0.0277709258746,0.0427841056859,0.0162598007309,0.0100495086848,0.0100078774475,0.0100018989182,0.0100025200314,232.518265756,10.2880483593,1.90022891218,4.99377689949,113.308714481,12.6890405739,12.7184922364,1.41473430347,3.77050960573,5.17470526046,2.04181320967,2.59765131929,2.75265781313,1.77368928632,1.72297028609,3.99442130755,6.50038581929,6.23766986177,0,0,7.9092563143,7.76671718785,133.063408863,21.9977240814,14.9231954626,12.1832321241,24.5354181434,3.8316585125,2.59639925587,0.897931971328,8.62668926399,2.58805368346,0.563358081013,1.55824311758,2.40233626594,1.5587176229,2.25133735678,1.63863260751,1.92759571342,1.8764129962,0.327939748951,5.42024728311,3.5970330402,0.998350753958,2.10850373233,0.373123004375,0.451446338995,0.459805657196,1.97197371514,1.1599634882
sobol__0003994,102.79776069,18.24663175,-4.99266042,28.52313612,-28.10635231,19.26377887,21.73445712,1,usable,Converged with independently replayed constrained generalized-force equilibrium and small reserve torques,336.36334,0.0430170100504,3.88270784413e-08,2.0605739337e-13,2.90164131623e-06,0,0,0.120769828267,0.0101417180396,0.0101593269407,0.0101315007633,0.0408862720988,0.0100354609173,0.011954247209,0.0101834948444,0.0268220085343,0.0111659360688,0.0102646656358,0.0101206512466,0.0101317954555,0.0101121125443,0.0108868647565,0.0100252490888,0.0100299293488,0.0100326986332,0.0103504250476,0.0102282910935,0.0476811032297,0.0601781899108,0.104458698937,0.0519437165638,0.0169888019317,0.0187472038132,0.0207692241992,0.0100855778157,0.0137201759228,0.0101443624661,0.0334545413981,0.010477328762,0.0102731247594,0.0102033524602,0.0100785644015,0.0101074756268,0.0101183750924,0.0101346414885,0.0101131672991,0.010104062525,0.0105030945781,0.0139466810715,0.0114786684965,0.010566997032,0.0109501904132,0.010532710119,0.0103346784954,0.0102154680532,0.0100891816364,0.0101093045621,134.892541399,11.1362526648,2.04445130597,4.62706884095,43.972216412,13.1095237131,3.00440549624,1.36744304597,11.1238821734,5.71233814166,0.963634576066,2.47317803416,1.88464456326,1.70567720642,1.70425662946,6.77658580564,6.3736842813,5.7867858501,0,3.83425564144,14.5563654193,18.4348990829,122.982991654,13.4283192995,4.71582331053,3.7600645067,4.00630634226,4.11388290149,5.61721754597,1.02156577976,12.4133214344,2.96418395189,0.734761138738,1.7010625622,2.59548300857,1.64240231664,2.38521047637,1.74175141326,2.06264399774,1.99325985595,0.303839728284,1.46332896674,0.975767469895,0.488727059835,0.721257670408,0.341078419448,0.555620116962,0.422825172595,1.95103469753,1.15516878258
sobol__0004002,77.48526069,40.59038175,-2.64891042,54.92938612,29.39364769,9.96690387,12.35945712,1,usable,Converged with independently replayed constrained generalized-force equilibrium and small reserve torques,346.012179,0.071437411138,4.01238597902e-08,7.28658215269e-13,8.89215432029e-06,13,0,0.153075671296,0.0971164239246,0.0100336866455,0.0202570629286,0.101564166754,0.0100088552025,0.0107896531305,0.0100183355347,0.0100165677919,0.0100055911698,0.0100105461521,0.0100134365061,0.0100132747316,0.0100139764968,0.0100263718981,0.0100071293179,0.0100094062281,0.0100095940899,0.010046238635,0.0100649192576,0.059143337326,0.0100422227837,0.0725374630245,0.0586177483908,0.0510193728845,0.0504598001396,0.052805230469,0.0100043734452,0.0100078908905,0.0100108230024,0.0365558657548,0.0101110697738,0.0100215044652,0.010011104321,0.0100061955383,0.0100091773941,0.0100090086688,0.0100110894661,0.0100092228372,0.0100088731687,0.0103118192203,0.0384222339627,0.0280562675593,0.014817378314,0.0178272360712,0.0118194556146,0.0101309084337,0.0100324074698,0.0100099272198,0.0100138375803,186.379323279,101.990107725,2.02070424851,10.0787329291,109.22390418,13.0744143023,2.75184574545,1.40567442038,4.15724169937,5.74413845877,2.01353826361,2.57996055558,2.53106642949,1.74549244587,1.79218890719,4.13836596536,6.72848127049,6.57478943562,0.828306997473,0,22.7818324184,2.80027681627,84.9528559216,16.1782858536,17.1674718883,11.2158562075,10.0337320239,3.98989188645,4.12924430076,0.972972988924,20.3342024208,2.69051913626,0.696278084885,1.63141650642,2.56432802164,1.62638102448,2.36367352745,1.72228312635,2.03647797058,1.97304991769,0.262711875797,3.73054102511,2.24594245064,0.673144788269,1.04593376234,0.426191810156,0.586537914906,0.457099146943,1.97672473847,1.16808375426
sobol__0004010,111.23526069,16.21538175,25.47608958,14.30438612,-40.60635231,16.52940387,49.85945712,1,usable,Converged with independently replayed constrained generalized-force equilibrium and small reserve torques,464.755699,0.0523008128075,2.37942181514e-08,2.81614755102e-13,9.63874810148e-06,17,0,0.0737672515552,0.0100025566517,0.0100381069496,0.010005348212,0.0320445764529,0.0100022867924,0.0312705800549,0.0101489294367,0.0862552184758,0.0605160814399,0.0100768019469,0.0100241292715,0.0100243984433,0.010015385403,0.0190246018469,0.0100070857603,0.0100034744738,0.0100042803183,0.0100452376487,0.0100456199398,0.0214717970327,0.0923116919577,0.119243746557,0.0310627187088,0.0100134738186,0.0124381961079,0.0556443652705,0.010002802938,0.0238296049106,0.0100074360617,0.0223419793289,0.0100450622636,0.0100165601449,0.010008354619,0.0100036232965,0.0100051063209,0.010006205906,0.0100072056755,0.0100056052213,0.0100047889886,0.0102185232486,0.0280942767745,0.021252801061,0.010176290517,0.0185192328085,0.0100637356052,0.0100254853715,0.0100112368111,0.0100032488847,0.0100041242956,82.3594530637,10.9801037915,2.02165013069,4.58590717934,30.0619833217,12.8551365458,8.23528950259,1.33434634719,34.934942495,26.820294702,0.831530890635,2.26225991922,1.56886993719,1.66482683371,2.87922242001,7.27824281489,5.61261254407,4.47116525426,0,3.65862192482,6.622705469,27.8858053135,140.002522059,7.54416498164,2.3748396385,1.79546919796,10.7221715536,4.02419853773,6.26243059733,0.955349366063,6.03393668895,2.71518512417,0.674998245465,1.6106633357,2.45377299057,1.59244796373,2.27121945046,1.6549144978,1.95842769238,1.91518347187,0.247953620318,2.41953377691,1.52512381487,0.396741303038,1.06353135739,0.205184428332,0.455159994211,0.435287467275,1.99407991462,1.16741878486
sobol__0004018,94.36026069,28.40288175,-44.83641042,99.61688612,64.39364769,4.49815387,-51.39054288,1,usable,Converged with independently replayed constrained generalized-force equilibrium and small reserve torques,308.897072,0.0672498695149,4.38280594039e-08,8.47956098985e-13,8.90208025784e-06,15,0,0.13995431287,0.0876754955578,0.0100094146271,0.0100435826334,0.147684091394,0.0100024442656,0.0185284178527,0.0100082105043,0.0100375667787,0.0100043341056,0.0100068787947,0.0100056393243,0.0100053680534,0.0100054891789,0.010033567068,0.0100048961202,0.010011270108,0.0100114288274,0.0100275295831,0.0100452377494,0.0100076978247,0.0100055154093,0.0547532187918,0.0100099824403,0.0472938721517,0.0341896871417,0.0100094251037,0.0100078970018,0.0100039824719,0.0100148736253,0.0808235196828,0.0239900688986,0.0100190338049,0.0100115500746,0.0100152901969,0.0100249707795,0.0100135176192,0.0100173873489,0.0100176074434,0.010027746875,0.0100758521097,0.0112142677138,0.0158546404376,0.0107505106009,0.0100433520521,0.0100802166899,0.0100507841624,0.0100660262155,0.0100242196102,0.0100520467696,152.776728896,96.4679878677,2.01444827185,5.00304561673,146.151690163,10.4981523435,3.41115962901,1.39620512855,4.29014782977,5.86190408368,1.85374838698,2.58286908413,2.48171440998,1.73588994362,1.63777716899,3.1908811118,7.16046114234,7.02833412626,2.72285981766,0,5.17802773288,3.14370097849,58.6282652043,2.3867723365,12.1591816137,8.38004746272,1.9165871137,4.08219866665,4.63893960937,0.992855319194,33.8949852456,5.34223456434,0.736311050489,1.70546375629,2.39980269174,1.42578148313,2.2198764801,1.66697462663,2.12765416265,1.86321375687,0.394538778981,1.18262329991,1.46805742879,0.499358697263,0.72617077127,0.469603532716,0.827382048124,0.455966183123,0.940091211578,1.06892047387
sobol__0004026,105.61026069,52.77788175,77.03858958,91.49188612,-5.60635231,-2.06434613,-13.89054288,1,usable,Converged with independently replayed constrained generalized-force equilibrium and small reserve torques,411.99269,0.564268342165,3.33105472095e-08,5.61918324897e-13,4.55352186618e-05,17,0,0.139288923115,0.0100002149507,0.0578072567862,0.0100002838751,0.0567455557763,0.0100001457443,0.353915948587,0.1092283082,0.533692793543,0.0100021081759,0.0100027207664,0.0100087916505,0.0100038932469,0.0100018557493,0.099186893548,0.291745795314,0.0100309706872,0.0100311725698,0.0100413514031,0.0100127539492,0.0100003572376,0.0886253451367,0.0102397874452,0.0183883611587,0.0395288211722,0.0489092336629,0.0372032416304,0.0100037223993,0.0100054130222,0.0100093330436,0.0396353307322,0.0138747530645,0.0100189275555,0.010010439162,0.0100069059063,0.0100102435083,0.0100092268461,0.0100113881082,0.0100095482089,0.010009791513,0.0102320753301,0.0366656972165,0.0324434697332,0.015739820338,0.0152212147761,0.0118865736714,0.0101122071276,0.0100273101885,0.0100085670954,0.0100126867972,161.353487697,10.5657554037,10.6506634841,4.93176102961,39.9796853067,12.5016136291,92.5373957658,14.8770654595,158.590726572,4.13914207889,1.21289093984,2.50649477844,2.39136641366,1.73708913874,14.2258671023,44.9115285603,7.10866070951,6.96297088303,2.65144197631,3.75963552822,4.80839129631,26.031871604,11.1961870547,4.56407878055,12.1083628222,12.3476778239,6.37065233296,3.9107597717,4.37158457413,0.974119748039,21.5535941613,3.94885036887,0.689794756747,1.63733982588,2.58778468564,1.59855541338,2.36392715951,1.72990550863,2.1137158706,1.97125496319,0.292978557957,3.9777861961,3.02800839249,0.768098063249,0.912312757678,0.554231767073,0.795419823819,0.461237104663,1.67756217357,1.16836916674
sobol__0004034,81.70401069,55.82475675,-55.38328542,27.50751112,-51.85635231,-8.35340863,58.29695712,1,usable,Converged with independently replayed constrained generalized-force equilibrium and small reserve torques,484.666275,0.238268392333,1.77879890373e-07,3.72544031485e-13,2.37982981032e-05,15,0,0.176880886174,0.171683521153,0.0100170667109,0.0373496279726,0.127592499151,0.0100038763914,0.0165059974257,0.0100077794386,0.010006006738,0.0100021204238,0.0100028523482,0.0100057788171,0.0100051541566,0.0100057122358,0.0100086526996,0.0100452378327,0.0100061697977,0.0100067659096,0.0100452378327,0.0100260413732,0.0676319797122,0.0100082250123,0.0595524996809,0.0252916370117,0.306150829397,0.157606922658,0.0100023136267,0.0325967629036,0.0100009387435,0.0122614338353,0.0182923409792,0.0100637342623,0.0100192877883,0.0100152209405,0.064021532526,0.0600646292132,0.0100136457722,0.0100343192692,0.0207135042823,0.0835736837147,0.0100257883096,0.0100251319903,0.0101036804435,0.0215691257339,0.0100131959284,0.0180937980058,0.0471296170764,0.0608186246306,0.0100029654623,0.0777056090239,213.447088473,182.071540161,2.016619106,18.6104786219,122.622558492,9.48257885234,2.88411726651,1.43966916565,4.32174744625,6.11767867755,3.61974058128,2.67080454626,2.86888839098,1.8105291712,1.86434370287,0,6.33442195037,5.68967652515,0,3.56593296594,24.6861619576,2.40210467912,70.1116536763,6.41119775168,88.0635299469,27.8085493717,1.50723040653,12.5077288362,3.94159097953,1.08634589327,5.1077268773,2.60738662834,0.572614720705,1.56565338664,15.1729252171,9.25042343086,2.24227116908,1.63165544708,3.95240025653,15.4260796613,0.162468972554,0.662751418425,0.607352801595,0.793137001852,0.428820032575,0.419532384553,2.9062538326,2.73689223944,1.85237960893,8.32928869838
sobol__0004042,115.45401069,31.44975675,85.24171458,35.63251112,38.14364769,2.58409137,5.79695712,1,usable,Converged with independently replayed constrained generalized-force equilibrium and small reserve torques,426.189946,0.283715321222,2.81011587333e-08,1.05344823807e-12,2.64778344781e-05,21,0,0.0663831860535,0.0100006878925,0.0100088232012,0.0520831648778,0.0100009694783,0.0100004655047,0.0103114766275,0.107112608912,0.353454394629,0.0100026945041,0.0100065884569,0.0696199063643,0.0211505839466,0.010005695047,0.054860861272,0.204235733962,0.0100037715937,0.0100039308022,0.0100452360541,0.0100452360541,0.163252418239,0.0859119065469,0.106404110147,0.0532320258839,0.0453338622709,0.0575378343266,0.0691373400242,0.0100021079241,0.0100047755615,0.0100055092733,0.146379668246,0.0389660742161,0.0100118389272,0.0100060330527,0.0100034943934,0.0100052810482,0.0100053438716,0.0100065433315,0.0100054135527,0.0100050903319,0.012584229515,0.0562354104432,0.0405466219445,0.0202779707693,0.0240115685562,0.0151567015688,0.0100801792816,0.0100172811505,0.0100050623462,0.0100068944248,80.7544696656,10.9781004572,1.99646960621,25.5936124269,5.64875023261,12.6287695634,2.71034509399,13.8183471725,134.296859594,4.25621129969,0.97801104368,14.8200608594,3.21999401944,1.66531358584,7.14660258392,104.030947468,6.48549710726,6.19978457318,0,0,69.7966154388,25.0430142694,125.276890379,14.3165090766,14.9699698161,13.5182598648,13.0683574467,4.07939143442,4.55454872355,1.00962141442,81.5597614896,10.1578453582,0.737203134766,1.6912119392,2.58031204826,1.62579500336,2.36875700814,1.72893170796,2.05127050606,1.97342979863,0.337460900809,5.87514191775,3.51489750108,0.981360567635,1.47269020105,0.595885984361,0.652624550455,0.460742579472,1.97961500174,1.16774369851
sobol__0004050,87.32901069,11.13725675,14.92921458,80.32001112,-16.85635231,23.36534137,-5.45304288,1,usable,Converged with independently replayed constrained generalized-force equilibrium and small reserve torques,406.410837,0.0522081968759,1.64257297541e-07,9.94759830064e-14,1.12894962335e-05,7,0,0.104721477773,0.0100146652353,0.0100216535273,0.0100164352474,0.0462785662579,0.0100045876906,0.0126013511026,0.0100251412944,0.0320949782618,0.0243634428755,0.0100690589464,0.0100160919952,0.0100193030803,0.0100159488544,0.0108797968084,0.0100165032278,0.0100124910617,0.0100126857263,0.0100299508853,0.0100329770194,0.0309761416237,0.0370390303558,0.0458308828104,0.0381215913539,0.0100055047838,0.0100455463216,0.114154074369,0.0100038065702,0.0959210840688,0.0100097563115,0.020710397553,0.0100562172965,0.0100607865559,0.0100454502804,0.0100097297865,0.0100119107364,0.0100608897156,0.010034342124,0.0100196103466,0.0100111205686,0.0158965954254,0.0515370175179,0.0346738007576,0.012454179942,0.0340419401485,0.0106348870741,0.0100200607924,0.0100131850427,0.0100056151043,0.0100056688307,108.743069022,10.8875745723,2.01606116061,4.86636232152,47.0027304953,12.8469162944,3.29263882499,1.32661764704,13.3376053909,12.6482737975,1.05492737812,2.27858486484,1.51705039405,1.65835751281,1.85883053618,4.34910470263,6.98840875238,6.84061797746,2.52821684669,3.80849796649,16.2655337314,11.2807481664,51.3703202025,9.95635492786,3.34573026028,2.5202210531,22.0140577911,4.04299718968,28.1817192841,0.99955292089,11.5393670922,2.86281530583,0.685384986677,1.63554619092,2.58959033042,1.5928918188,2.3822809861,1.73485586886,2.10252683437,1.96904515546,0.526856588313,5.62737416921,3.23483657189,0.607350860143,2.38953256688,0.475953359453,0.634219048807,0.386967309651,1.45610066411,0.99982119506
sobol__0004058,98.57901069,35.51225675,24.30421458,120.94501112,73.14364769,12.42784137,-57.95304288,1,usable,Converged with independently replayed constrained generalized-force equilibrium and small reserve torques,348.19455,0.104952306786,5.44187628293e-08,3.34885170881e-13,7.24670143094e-05,18,0,0.112302460587,0.0100022173399,0.010035470797,0.0100032349421,0.07514358521,0.0100012743405,0.0537873526222,0.0100580428747,0.0814320862165,0.0505710848787,0.0100485558832,0.0100146087375,0.0100132990201,0.0100112056551,0.0192225282238,0.022671313713,0.0100075287768,0.0100075313748,0.0100197679737,0.0100452379175,0.010000558849,0.0100012245831,0.073273235331,0.0100019757408,0.0100329014182,0.0401838658686,0.0100013022957,0.0100022668127,0.0100007567634,0.0100051563634,0.193947206793,0.127153042481,0.0100048651716,0.0100025356275,0.0100119107821,0.010161904882,0.0100041381858,0.010006354167,0.0100087618593,0.0254775591082,0.0100293117572,0.0100147307296,0.0119753028728,0.0318744542295,0.0100058670707,0.0100213760977,0.0100411931278,0.0368505098746,0.0225348844764,0.0772053709644,136.707509358,10.7210751488,2.01866066297,4.68481035674,74.4515083412,12.9862526555,14.2438858863,1.37235479367,32.0522286444,21.6170173806,0.964793190014,2.50538557142,2.22981370181,1.72219161458,2.81421737496,4.44086818911,7.17913057166,7.1761666647,2.83709552238,0,5.0213076355,2.87619721474,62.5129685756,0.72375159464,1.11081765613,9.93140900754,1.92923268507,4.07967348276,4.37269624116,1.00915773431,32.6021248902,25.5412551548,0.703762191074,1.66968636408,2.30003645226,1.37573308488,2.218687241,1.65416993124,2.1257800353,4.548492124,0.395122732195,1.0135705924,1.08285146119,1.45561658464,0.72437832915,0.459040096165,0.833970952854,1.56235185202,1.74386670027,7.45567055417
sobol__0004066,78.89151069,21.29350675,45.39796458,94.53876112,-74.35635231,20.63096637,-37.32804288,1,usable,Converged with independently replayed constrained generalized-force equilibrium and small reserve torques,362.648475,0.0598581014816,6.11202608525e-08,1.13686837722e-13,1.80454913733e-05,13,0,0.0915066335139,0.0100058802001,0.0100458081452,0.0100065235012,0.0868394467149,0.0100028359831,0.0290304849101,0.0100252696976,0.0427414850245,0.0535451252086,0.0127937398099,0.0100133184705,0.0100166346874,0.0100150363524,0.0137723825403,0.0185540021115,0.0100147792421,0.0100149824431,0.0100317127777,0.103031312363,0.0472151100889,0.077345045578,0.037415672886,0.0100024001941,0.0100452378905,0.0320692555961,0.0100017666972,0.0271383298504,0.0100012228745,0.010133158945,0.0100028418329,0.0100117469102,0.0100104834571,0.0100059624689,0.0100234635242,0.0101080221781,0.0100060103677,0.0100091747051,0.0100110456839,0.0112892628338,0.0100116856885,0.0100052319155,0.0100081282967,0.0100256685375,0.0100066820484,0.0100192640237,0.0267919872705,0.0359276411681,0.0518281869513,0.0882081088319,108.919782315,10.7216692778,2.02342446445,4.99508429179,71.9756479367,12.4310135188,7.8198089897,1.32980740234,17.3860603725,25.7019502593,1.37467785898,2.26863020155,1.58860560846,1.66406622683,2.31622765697,5.22198711288,7.12469956218,6.98151739237,2.67698540995,34.8007769843,22.5630934206,21.6940605031,40.6082060037,2.58971485707,0,7.9642288535,1.91122887286,10.8235700408,4.35514162735,0.91945989981,5.20982906312,2.35609822804,0.730737226145,1.70908426348,2.18454360226,1.26791521725,2.22764345556,1.64765130995,2.12607901306,1.8953896037,0.392833347253,1.05756755468,0.938799913662,0.479378821625,0.724479015089,0.472403496766,2.22960253297,1.41368928623,5.29740353027,8.31227837763
sobol__0004074,112.64151069,61.91850675,-20.22703542,102.66376112,15.64364769,14.06846637,-29.82804288,1,usable,Converged with independently replayed constrained generalized-force equilibrium and small reserve torques,514.934018,0.0367670094508,5.11527247227e-08,1.84741111298e-13,4.09498095613e-06,5,0,0.153379615471,0.0392993365729,0.0100202743206,0.0100101211087,0.0100035697606,0.0242676018721,0.0100150752121,0.010044988648,0.052523330018,0.011574875154,0.0100152097487,0.0100506477762,0.0100319011397,0.0100220861271,0.0100312185189,0.0100673461791,0.0147378260111,0.0145063934509,0.010066227557,0.0100452381113,0.0100045994135,0.0100076751777,0.0100124665411,0.010017500376,0.0354680889163,0.0103608890219,0.0100069764392,0.0320918099115,0.0100057154492,0.0101881566884,0.0255273077099,0.0144856731955,0.0100311242422,0.0100265893799,0.0111475732277,0.0104842915726,0.0100259010453,0.0100358476661,0.0100599643938,0.011577604386,0.0100290784429,0.0100176824378,0.0100253244101,0.0100424907746,0.0100194307624,0.0100352856744,0.0100815911406,0.0105375170043,0.0151752442969,0.0244883215777,174.529971178,42.5652307395,1.97857167108,3.30193341963,10.3940574706,22.9268992836,2.33516290361,1.44349380428,21.2087063488,6.58343870168,2.56820113117,2.66746605874,2.87403117745,1.81992427252,1.69717195794,1.60295526971,10.5600542269,10.2262659078,2.76203088705,0,5.25335501321,3.01712108311,10.6214034276,1.84411181609,10.4795221993,2.61591458521,1.93028825412,12.8325883262,3.73260572566,1.01693391518,13.0463003369,3.97656477672,0.676919966345,1.63073403086,2.84813163097,1.58296233334,2.3627039768,1.73139164609,2.13457109955,2.2299147788,0.373051159447,1.08462269343,0.946364558253,0.486991374782,0.720678296023,0.474660005308,0.767387842007,0.450388519862,1.88085278383,2.55950007181
sobol__0004082,95.76651069,41.60600675,59.46046458,9.22626112,-39.35635231,-6.71278363,26.42195712,1,usable,Converged with independently replayed constrained generalized-force equilibrium and small reserve torques,454.158296,0.062157385412,7.46945323371e-08,4.54747350886e-13,9.99251652586e-06,2,0,0.152395477934,0.0100133911182,0.0100951676402,0.0100143609883,0.030233086548,0.0100070777433,0.0272080394049,0.0101171603524,0.0763931500715,0.026347416003,0.0101199393464,0.0100481997653,0.0100454033508,0.0100381110297,0.0148817409428,0.0100292025708,0.0100136829199,0.0100172608015,0.0101495367147,0.0240776995237,0.0313118081275,0.07895509279,0.10732188801,0.0260798398707,0.0390087512692,0.0515752779468,0.0376431697205,0.0100091707427,0.0100119749704,0.0100222696053,0.0101404101736,0.0100722218228,0.0100386118908,0.010019500514,0.0100109894892,0.0100162634088,0.0100157224783,0.0100195612404,0.010016028277,0.0100154205857,0.0103285467371,0.0288577601974,0.0226738569683,0.0115631557548,0.0142263177798,0.0106893200299,0.0103355654765,0.0100721958952,0.0100286440986,0.0100324000706,182.946048058,10.6142925915,1.98100990602,4.99717835183,23.8220018746,12.5021655891,7.32561712128,1.37020289462,27.6943847178,10.4683558145,0.923765697872,2.47649682388,2.15276613815,1.7212529327,2.18010144,5.87763253391,5.17577422395,3.99830492426,0,8.79334076285,13.1117889948,23.0970291869,125.493165845,6.23519712561,12.1086165768,11.1047565886,6.7846586739,4.0826875378,4.63031251814,1.00625270673,2.60695419146,2.73872607084,0.744114041375,1.70472292112,2.54392055331,1.62665612829,2.36429429693,1.71943191856,2.02965623645,1.96125418519,0.257331214685,2.88083803373,1.91522230828,0.557885815311,0.825318985911,0.362673407984,0.725465119731,0.4614458765,2.01151846266,1.13834023678
