sample_id,elv_angle,shoulder_elv,shoulder_rot,elbow_flexion,pro_sup,deviation,flexion,usable,status,reason,duration_ms,objective,max_assembly_error_deg,max_equilibrium_residual,max_reserve_torque_nm,muscles_at_floor,muscles_at_capacity,activation__DELT1,activation__DELT2,activation__DELT3,activation__SUPSP,activation__INFSP,activation__SUBSC,activation__TMIN,activation__TMAJ,activation__PECM1,activation__PECM2,activation__PECM3,activation__LAT1,activation__LAT2,activation__LAT3,activation__CORB,activation__TRIlong,activation__TRIlat,activation__TRImed,activation__ANC,activation__SUP,activation__BIClong,activation__BICshort,activation__BRA,activation__BRD,activation__ECRL,activation__ECRB,activation__ECU,activation__FCR,activation__FCU,activation__PL,activation__PT,activation__PQ,activation__FDSL,activation__FDSR,activation__FDSM,activation__FDSI,activation__FDPL,activation__FDPR,activation__FDPM,activation__FDPI,activation__EDCL,activation__EDCR,activation__EDCM,activation__EDCI,activation__EDM,activation__EIP,activation__EPL,activation__EPB,activation__FPL,activation__APL,active_force_n__DELT1,active_force_n__DELT2,active_force_n__DELT3,active_force_n__SUPSP,active_force_n__INFSP,active_force_n__SUBSC,active_force_n__TMIN,active_force_n__TMAJ,active_force_n__PECM1,active_force_n__PECM2,active_force_n__PECM3,active_force_n__LAT1,active_force_n__LAT2,active_force_n__LAT3,active_force_n__CORB,active_force_n__TRIlong,active_force_n__TRIlat,active_force_n__TRImed,active_force_n__ANC,active_force_n__SUP,active_force_n__BIClong,active_force_n__BICshort,active_force_n__BRA,active_force_n__BRD,active_force_n__ECRL,active_force_n__ECRB,active_force_n__ECU,active_force_n__FCR,active_force_n__FCU,active_force_n__PL,active_force_n__PT,active_force_n__PQ,active_force_n__FDSL,active_force_n__FDSR,active_force_n__FDSM,active_force_n__FDSI,active_force_n__FDPL,active_force_n__FDPR,active_force_n__FDPM,active_force_n__FDPI,active_force_n__EDCL,active_force_n__EDCR,active_force_n__EDCM,active_force_n__EDCI,active_force_n__EDM,active_force_n__EIP,active_force_n__EPL,active_force_n__EPB,active_force_n__FPL,active_force_n__APL
anchor__abduction_90,0,90,0,0,0,0,0,0,capacity_limited,At least one muscle reached the conservative capacity threshold while nontrivial reserve torque was still required,345.053065,4.70022768069,0.000546007793901,1.55562138815e-06,0.0195697214525,28,2,,,,,,,,,,,,,,,,,,,,,,,,,,,,,,,,,,,,,,,,,,,,,,,,,,,,,,,,,,,,,,,,,,,,,,,,,,,,,,,,,,,,,,,,,,,,,,,,,,,,
sobol__0000005,107.06045601,122.44340909,4.71192943,67.52948377,-58.92666481,2.60972613,-32.20108976,0,solver_failed,The static optimization calculation failed,18.624914,,2.19049809402e-08,,,0,0,,,,,,,,,,,,,,,,,,,,,,,,,,,,,,,,,,,,,,,,,,,,,,,,,,,,,,,,,,,,,,,,,,,,,,,,,,,,,,,,,,,,,,,,,,,,,,,,,,,,
sobol__0000013,95.81045601,81.81840909,32.83692943,124.40448377,31.07333519,-8.32777387,-24.70108976,1,usable,Converged with independently replayed constrained generalized-force equilibrium and small reserve torques,414.023606,0.208783474081,1.57254701705e-07,7.17584052867e-13,2.35621769881e-05,14,0,0.223643426252,0.0114443509871,0.010025474338,0.0100044312617,0.152106761974,0.0100017779752,0.066679069102,0.0100151426886,0.0100067974361,0.0100030310359,0.0100038804538,0.0100099171415,0.0100077346066,0.010008864567,0.0100210651005,0.0100771643982,0.0337768977955,0.0337787183158,0.01050625189,0.0100771643982,0.0100032183382,0.0100046935577,0.0100142192052,0.0100767967471,0.0191264003131,0.294991492322,0.0100029692391,0.166293094745,0.0100011472463,0.0100418405927,0.0341563469379,0.0292908825276,0.0100181052745,0.0100099437911,0.0186530163297,0.0355184028715,0.0100079944824,0.0100163083251,0.0100736432549,0.0522389389231,0.0100356644364,0.0100111340777,0.0361823049666,0.0366996655862,0.0100167873701,0.0205816769317,0.010031276909,0.0215416061,0.0100108683823,0.0264771623723,181.435933629,11.3308110724,1.77583767268,4.95795281784,161.636540393,12.9923885916,17.9311053388,1.44074674293,4.00620550628,6.06862892923,4.23503862248,2.67481654052,2.92557062607,1.84496646372,1.89244090396,0,24.2270580922,24.2296735044,2.96422063165,0,4.24537105203,2.96069097781,7.83565681246,0.00161671554757,0.208915563642,74.4234560868,1.52141309003,62.2262129612,4.23139997806,0.936974990489,11.2981459479,7.76413667052,0.587238729449,1.5934822298,4.81994247405,5.67239420053,2.34079383691,1.72719920111,2.13204014231,10.2909410313,0.327159846691,1.09320561118,3.41558390795,1.76425145852,0.610080003062,0.973357598911,0.785511698785,0.990880198565,1.4465341586,3.08893985308
sobol__0000021,112.68545601,69.63090909,-46.85057057,22.84198377,-13.92666481,12.45347613,24.04891024,1,usable,Converged with independently replayed constrained generalized-force equilibrium and small reserve torques,449.16639,0.192391085751,1.96287430754e-08,1.66465739763e-12,4.73546449179e-06,12,0,0.291718687211,0.010024334777,0.0100122802923,0.0798321178951,0.264120795977,0.121223214073,0.0136289431678,0.0100078944704,0.0296230076744,0.0100019891,0.0100022448356,0.0100056851338,0.0100046312927,0.0100050603296,0.0100097427312,0.0100025800787,0.010004114587,0.010004746267,0.0100452376115,0.0103006286543,0.010098833944,0.0102760257413,0.0936184720181,0.0397787752022,0.0107106078782,0.0146899051891,0.022831898442,0.0100085381998,0.0124943619609,0.0100167802004,0.0166888898597,0.010030948877,0.0100317240154,0.0100215379199,0.0100089722175,0.0100121892228,0.0100139726895,0.0100158703995,0.0100130408332,0.0100116874255,0.0100636508799,0.011601914379,0.0101807479839,0.0100642218573,0.0101389702718,0.0100629000663,0.010040909184,0.010024438294,0.0100101470967,0.0100120648807,327.74371264,10.8913997678,1.94872872576,33.5603148653,256.764277152,97.1557307846,2.3330615788,1.43967019384,12.1815954715,5.96271485841,3.55505645632,2.69462521304,2.92886607488,1.84930844366,1.82475078517,3.68095846264,6.18009149708,5.27765530428,0,3.91006612067,1.92205224557,2.35659521112,110.185171504,10.0356576449,2.97328588668,2.87471140904,4.40409528943,4.08129740472,5.29348019999,0.99320371966,6.72657578387,2.85577562805,0.7139546504,1.66280525549,2.54635871918,1.6266236246,2.34750654105,1.70994360766,2.02390463605,1.97039177426,0.273921036656,1.17351259962,0.83890183674,0.459131598725,0.638521732673,0.314780759314,0.55824318343,0.451464898979,2.00991702404,1.16816222157
sobol__0000029,78.93545601,110.25590909,75.02442943,47.21698377,76.07333519,23.39097613,31.54891024,1,usable,Converged with independently replayed constrained generalized-force equilibrium and small reserve torques,415.225653,0.57096167004,1.8248927347e-07,1.60582658282e-12,4.88517413679e-05,28,0,0.319283367651,0.0100028539093,0.0100209960578,0.0100008762618,0.344332025266,0.0100004538734,0.290732977874,0.010004282599,0.0100009650619,0.0100004473589,0.0100006291684,0.0100026412232,0.0100019153317,0.0100022315415,0.0100138376363,0.015677815527,0.0971077199573,0.0946462302325,0.0100524038688,0.0100452375926,0.02080811028,0.0100030971915,0.0100041541034,0.0100014287084,0.0100011859417,0.0100154939477,0.279440184232,0.0100004970446,0.125554956655,0.0100015087907,0.284270909698,0.0617346151913,0.0100044016617,0.010001876963,0.0100011482081,0.0100016876335,0.0100025143783,0.0100028172109,0.0100020898252,0.0100016782064,0.0510929133376,0.179064982227,0.127040592838,0.0542528370757,0.104258102273,0.0211589502349,0.0100098947616,0.0100035280908,0.0100008682929,0.0100011177682,186.370238161,6.06407380051,1.91436123401,3.55243659054,367.85596961,11.6166406906,77.0556024826,1.42825841054,3.98539250406,6.33488644515,4.61322182384,2.71292014275,3.00878922599,1.87909744694,2.0553664322,1.56519310136,64.4252744443,61.2003984784,0.172469779071,0,9.95192532223,1.04284530625,11.7717447451,2.74607845964,2.79356677222,1.62557975039,52.9359867603,4.01387512529,35.8525130098,0.968197234462,153.269514696,12.0353527524,0.68239386296,1.61164409913,2.4974092529,1.61138710478,2.30443985525,1.68025116968,1.98429564611,1.93770798955,1.22987810081,15.4260736031,8.99366094616,2.10952225429,6.00124215319,0.586544406182,0.385479210677,0.391483369649,1.9742746822,1.12945237786
sobol__0000037,98.62295601,91.97465909,67.99317943,4.56073377,-76.42666481,14.09410113,55.92391024,1,usable,Converged with independently replayed constrained generalized-force equilibrium and small reserve torques,438.349102,0.461411341154,5.19323233306e-08,7.74491581979e-13,5.50353569505e-05,29,0,0.553379963603,0.0985704838346,0.0100041734238,0.0100010006514,0.0960899531743,0.010000559799,0.0997451320888,0.0100036381641,0.0100013801654,0.0100004667734,0.0100006020111,0.0100025210917,0.0100016911154,0.0100018549242,0.0100042009253,0.0100190436862,0.0693847410962,0.0520459842964,0.0100452375552,0.310955780175,0.0100199943473,0.0100082671385,0.0100049959662,0.0100032463927,0.010040061017,0.0370069910713,0.0432865625697,0.0100005573385,0.0100011223984,0.0100020219869,0.010003759282,0.0100048027969,0.0100032198416,0.0100014181497,0.0100011617838,0.0100017915878,0.0100016986829,0.0100021207977,0.0100017105152,0.0100018000456,0.0191644598435,0.0883375520833,0.0643484855772,0.0337936232649,0.0405605154473,0.0143571611904,0.0102535416453,0.0100136356926,0.0100024429037,0.0100040870298,288.520642407,95.1921949749,1.97654199469,4.89420821502,95.8566134988,12.341961223,26.7838011194,1.43909008212,3.88669300865,6.12431128161,4.39674404809,2.67413540018,2.94317197895,1.85501387846,1.92081953762,3.75649118765,33.0099018935,18.5716068899,0,104.255236673,5.11900614378,2.01817621252,11.619599995,2.31266109602,2.26092147802,4.58923183942,8.30636446687,4.07766310448,3.24771067552,0.975851837025,1.13448551165,2.3388470174,0.692421679126,1.6347895011,2.44536936981,1.58645196686,2.26277290653,1.64830924136,1.95005750067,1.90419982689,0.466320402145,7.55799810064,4.58302904628,1.30958434139,2.29622365832,0.262413823238,0.475978971979,0.449169618617,1.94523976284,1.16568862542
sobol__0000045,87.37295601,116.34965909,-35.13182057,61.43573377,13.57333519,20.65660113,3.42391024,0,solver_failed,The static optimization solver did not converge,823.58911,,6.65641124442e-08,,,0,0,,,,,,,,,,,,,,,,,,,,,,,,,,,,,,,,,,,,,,,,,,,,,,,,,,,,,,,,,,,,,,,,,,,,,,,,,,,,,,,,,,,,,,,,,,,,,,,,,,,,
sobol__0000053,115.49795601,104.16215909,35.18067943,81.74823377,-31.42666481,-0.12464887,-0.32608976,0,reserve_too_high,The posture requires more reserve torque than the quality limit permits,319.979203,168.535732795,5.51778669422e-08,1.97929140633e-06,0.216445648356,29,2,,,,,,,,,,,,,,,,,,,,,,,,,,,,,,,,,,,,,,,,,,,,,,,,,,,,,,,,,,,,,,,,,,,,,,,,,,,,,,,,,,,,,,,,,,,,,,,,,,,,
sobol__0000061,81.74795601,79.78715909,-11.69432057,106.12323377,58.57333519,-6.68714887,-52.82608976,1,usable,Converged with independently replayed constrained generalized-force equilibrium and small reserve torques,510.462465,0.0960432410355,8.05947895088e-08,5.4193553874e-13,1.08372277086e-05,15,0,0.153116726516,0.177485819024,0.0100262529028,0.0139931106715,0.15328973926,0.010004747174,0.0230114616337,0.0100081149494,0.0100039887117,0.0100017379436,0.010001999011,0.010005947277,0.0100050660906,0.010005604077,0.010006581312,0.0100391471102,0.0629290630552,0.0621460745039,0.0142921141841,0.0100452382531,0.0100019373594,0.010001614758,0.0100036902095,0.0100029872476,0.0100083834544,0.0100091844548,0.0100299536041,0.0100106057741,0.0102826964187,0.010028699259,0.0546255184964,0.035993375907,0.0100285653672,0.0100233890772,0.0162300031687,0.0106523552384,0.0162338348768,0.0115615716857,0.0143071364867,0.0121233487233,0.0100459856411,0.0100414558097,0.010030140512,0.0100355190214,0.0100277286789,0.0100286786074,0.0100394769498,0.0100486005213,0.0109971777324,0.0101697594781,167.360050567,177.288618291,1.91396481251,6.83052081078,161.400363503,13.0324513472,5.82475414061,1.43846970597,4.22273329233,6.24248833853,4.45539734792,2.69455825178,2.934086269,1.85079532067,1.93553585904,0.138582187121,45.1282921053,44.0116809694,3.96805459727,0,5.1428549828,3.16753226279,10.4746216195,1.8501894651,1.0464302931,2.39634888753,1.63853339528,4.07133661672,4.89354135664,1.0119170918,20.5209874424,8.56205869824,0.734297747175,1.70351803713,3.92571185001,1.55017841115,3.46564335196,1.88882300414,3.038716023,2.30428072322,0.379760160936,1.07978274272,0.92890006788,0.460770730284,0.710444464768,0.464936833801,0.802314358189,0.461910544108,0.998142631375,1.13690040546
sobol__0000069,105.65420601,76.74028409,50.41505443,42.13885877,4.82333519,-3.67933637,8.11141024,1,usable,Converged with independently replayed constrained generalized-force equilibrium and small reserve torques,381.545551,0.292175978405,3.66106713834e-08,8.39466789131e-13,2.38056364806e-05,26,0,0.36252287043,0.0100005345933,0.0100170155672,0.0100003818858,0.0109545870046,0.0100001708178,0.286058746522,0.0100266814235,0.0100053988117,0.010000972727,0.0100013133762,0.0100057487168,0.010002888258,0.0100025253552,0.0207214679695,0.182457789493,0.0100035707445,0.0100036703228,0.0100452362293,0.0100452369095,0.0100007379419,0.083383217289,0.116682170821,0.0819362671734,0.047612292365,0.0678462502984,0.0719233624204,0.0100023229942,0.0100060646405,0.010006390452,0.0100021824035,0.0100043409874,0.0100141907721,0.010006831506,0.0100030093398,0.0100044008595,0.0100048167758,0.0100058744489,0.0100045419947,0.0100041824911,0.0101337026239,0.0339272072066,0.0226562508963,0.0104458436837,0.0206840378829,0.011535773907,0.0106817222459,0.0100184986547,0.0100065626315,0.0100079660353,312.964070269,10.1270853289,1.90332884054,4.94337090619,10.3151108772,12.9011706498,77.0577429586,1.44133765694,3.74335718108,5.90516529741,3.57514264272,2.64420261885,2.8825635527,1.82376795499,3.78957590135,53.6591752343,6.57462338307,6.38157349483,1.5839267343e-05,0,4.52813859005,21.1799982367,137.365692157,22.5433726066,16.0558133394,16.9479855073,12.6183457049,4.04964220343,4.57299032718,0.998409437185,5.42622087443,2.81101607576,0.729476294541,1.68023095039,2.58379011522,1.6256533101,2.36894978763,1.72953453502,2.05856325561,1.97346920614,0.250901535937,3.39566804787,1.93546428096,0.505887642972,1.18353808586,0.456605380246,0.756123792726,0.460803225338,2.00549050954,1.16580089018
sobol__0000077,94.40420601,101.11528409,-15.20994557,17.76385877,-65.17666481,7.25816363,45.61141024,1,usable,Converged with independently replayed constrained generalized-force equilibrium and small reserve torques,385.480519,0.564981724218,1.34070248237e-08,6.74721687295e-13,1.7962829184e-05,29,0,0.455607104301,0.400246376352,0.0100048212814,0.0100019835887,0.353570669828,0.0100005082783,0.138624627966,0.0100020813988,0.0100008570453,0.0100002729308,0.010000347885,0.0100011981579,0.0100009196474,0.0100012326565,0.0100013150678,0.0100010846014,0.0100023585143,0.0100028599514,0.010045237776,0.0100166684526,0.0100040307637,0.0100021601597,0.174030625266,0.0489831025714,0.0308062206667,0.0598791641141,0.0799483283747,0.0100016824617,0.0100037542755,0.0100047630306,0.0342709490504,0.0101018069043,0.0100084995626,0.010003989274,0.0100019882929,0.0100029296553,0.0100029456176,0.0100036306377,0.0100028990077,0.0100027506239,0.0109568470969,0.0471552708458,0.0364973539916,0.0173867438794,0.0261697750404,0.0109336358219,0.0100494020273,0.0100116310265,0.0100030059319,0.0100039589495,316.297951463,393.428321519,1.67010678414,3.78045266232,373.016839755,12.1251635841,34.7419395317,1.35112293906,4.29511972207,6.56175907776,4.7636387641,2.73643858298,3.01745822105,1.88048550106,2.00899241885,2.52367727575,5.88416473967,4.79977727651,0,3.46523523614,3.63091519272,1.45792103141,204.622224909,11.8963362703,7.94377544777,9.63456038603,14.9874967082,4.05953484431,4.03722052942,0.966469745201,6.69776531836,2.46565907112,0.695237186319,1.6361014244,2.4740994818,1.6012411828,2.29327344673,1.66942545268,1.974989222,1.92163623628,0.247794478467,3.95917395271,2.5899416415,0.693658170287,1.42637191029,0.25512742907,0.54615315016,0.460319141292,1.95877555207,1.15404037515
sobol__0000085,111.27920601,121.42778409,55.10255443,127.45135877,49.82333519,19.28941363,-48.13858976,0,solver_failed,The static optimization calculation failed,17.129864,,1.15279391366e-07,,,0,0,,,,,,,,,,,,,,,,,,,,,,,,,,,,,,,,,,,,,,,,,,,,,,,,,,,,,,,,,,,,,,,,,,,,,,,,,,,,,,,,,,,,,,,,,,,,,,,,,,,,
sobol__0000093,77.52920601,97.05278409,-29.27244557,70.57635877,-20.17666481,8.35191363,-10.63858976,1,usable,Converged with independently replayed constrained generalized-force equilibrium and small reserve torques,350.857516,0.272170203304,4.55266473409e-08,1.10134124043e-12,1.60346572912e-05,14,0,0.237754871589,0.341933347621,0.0100164646373,0.0100024199892,0.275705656195,0.0100006802096,0.130475921155,0.0100029694152,0.0100013550908,0.01000043909,0.0100005471046,0.0100017541447,0.0100014275511,0.0100017039206,0.010001942384,0.0100105288294,0.0175922951496,0.0172184627553,0.0100648955688,0.0100201561419,0.010003366414,0.0100014473338,0.0100117754728,0.0100187142763,0.0156989187362,0.0225752456398,0.0109712038061,0.0100088788273,0.010007955095,0.0100179138814,0.0109979005308,0.0101266987354,0.0100267421211,0.0100178907316,0.0100157630213,0.010021483538,0.0100180500978,0.0100215320317,0.0100195623752,0.0100207559014,0.0100613986356,0.0127101324507,0.0100452377775,0.0101075860443,0.0100894141184,0.0100827100956,0.0100703858095,0.0100433679171,0.0100209258585,0.0100323306398,255.78238493,325.351971532,1.91127370045,4.8836312502,282.640307856,12.7125681526,32.258474647,1.36328727162,4.3594953889,6.56380070984,4.75771332883,2.73518668461,3.00892787678,1.87996756179,2.0337121677,0.329414862223,12.1120147927,11.5997825424,2.11091007357,3.80254143157,5.24900990519,2.49827902352,11.44004393,2.70455503014,5.24454971258,5.69992172197,2.11317298929,4.07777901445,4.38989831873,1.01140696508,6.10761787266,2.88180772839,0.717156120754,1.67432176475,2.58936453608,1.58618480343,2.37059133182,1.73234052834,2.11444806684,1.96965568525,0.305191375349,1.38607458524,0,0.4931992024,0.664235675365,0.460099974894,0.745795792227,0.457189656768,1.65313438917,1.16067903751
sobol__0000101,102.84170601,107.20903409,-55.05369557,113.23260877,22.32333519,16.55503863,-16.26358976,1,usable,Converged with independently replayed constrained generalized-force equilibrium and small reserve torques,406.667615,1.80025370599,2.33408101735e-08,4.4415275107e-12,0.000112594721744,15,1,0.645114912989,0.469543436981,0.0100014659974,0.999999344135,0.386845684115,0.0100002843889,0.0100008903858,0.010000863133,0.0100002193254,0.0100000841652,0.0100001050804,0.0100001902026,0.0100002655494,0.0100004142393,0.0100004544018,0.0100452378082,0.0591883090265,0.058926952563,0.0143694148091,0.0100452378082,0.0100004585944,0.0100004512263,0.01000408399,0.0100101233835,0.0100070895568,0.0100137009675,0.0100191200909,0.0156919091317,0.0100827398455,0.010103328353,0.0207373225628,0.023832428592,0.0100462984543,0.0100762220311,0.0257529377177,0.0164656998943,0.0181769425986,0.0137422283131,0.0179045062173,0.0173951716821,0.0100366766869,0.0100222693941,0.0100236777694,0.0100311697511,0.0100286266751,0.0100307222759,0.0100300057779,0.0100458735051,0.0102859733909,0.0100607796975,389.513483347,476.174652106,1.67771728911,405.457726917,393.872061194,8.44398611222,2.41756115314,1.23629065352,4.39802303084,6.56585197365,4.9308557743,2.68974443484,3.03287168494,1.88067900118,2.048601986,0,42.4603904071,42.08630093,4.06607760961,0,5.16011104519,3.16814134645,9.91040796765,0.864930662636,2.6864596935,2.50932735405,1.93265521575,6.03537020158,1.68680872606,0.955565310045,9.89886925266,6.44473371136,0.470888015803,1.58187570558,6.66206825564,2.62895554823,4.30357976327,2.37587095811,3.76299032308,3.42369140698,0.351354655106,1.09438435079,0.945081003124,0.489515102528,0.696529672007,0.470842884685,0.681602225898,0.421560787804,1.46569665136,1.06412301257
sobol__0000109,91.59170601,66.58403409,85.57130443,88.85760877,-47.67666481,9.99253863,-38.76358976,1,usable,Converged with independently replayed constrained generalized-force equilibrium and small reserve torques,490.247491,0.377262928371,4.42025935854e-08,1.22923893286e-12,3.23893416808e-05,11,0,0.180534766467,0.0100002509341,0.0509966623001,0.0100003251822,0.230643184756,0.0100002333663,0.243521755012,0.0765882161004,0.297019370174,0.112519891515,0.0100273744738,0.0100430105219,0.0100128835115,0.0100057520183,0.211142491139,0.101184223618,0.0844691537051,0.0827178414572,0.0171165831733,0.0100060045574,0.0100005738965,0.16644444482,0.0100028111877,0.010020703285,0.0100452382607,0.112311712345,0.010003041493,0.0308831797698,0.0100012049731,0.0100291228864,0.0676513624647,0.0273980628844,0.0100122525752,0.0100075175093,0.0100188691632,0.0100469778761,0.0100066059258,0.0100101420187,0.0100122906693,0.010057503354,0.0100280870867,0.0100199561764,0.013782582933,0.0176234648362,0.0100143402644,0.0100977752551,0.0217210392022,0.0260120865747,0.0100467323004,0.051667486675,199.020777833,10.1881422077,9.475503572,4.64074649109,193.744583739,12.084725278,57.8432250725,10.7481052154,95.1759136371,54.7159876446,1.83736816046,2.58692493677,2.73506766839,1.76824247103,37.1879140596,6.55433915541,59.6521104296,57.2040163655,4.47760407084,3.58958762591,3.8287306844,49.0382806724,11.0044405053,2.58797346683,0,27.607922992,1.92956405615,12.5808969472,4.51255123437,0.977891088574,37.5294292735,7.24130295154,0.734996530871,1.70942239114,2.27253074572,1.32300839558,2.20689417077,1.64723634419,2.12648153716,1.75112638265,0.381480832144,1.07353671231,1.29667462559,0.839512909651,0.724251082687,0.477143487032,1.86872852269,1.14878305856,1.13518236006,5.47959949895
sobol__0000117,119.71670601,86.89653409,5.88380443,60.42010877,67.32333519,-2.03871137,39.98641024,1,usable,Converged with independently replayed constrained generalized-force equilibrium and small reserve torques,427.71729,0.364095135996,3.74606941023e-08,5.1571333936e-13,3.14432100203e-05,28,0,0.495337115965,0.0100025545321,0.0100174480751,0.01000113348,0.0388501534537,0.0100002506729,0.0898188742675,0.0100079642265,0.223155932156,0.0100002970851,0.0100004318175,0.0100057033244,0.0100025500469,0.0100020075852,0.010002066469,0.0976243650716,0.0100084445279,0.0100085993554,0.0100308328222,0.0100452377515,0.0100009987767,0.0100031002985,0.0596248158832,0.0394234253967,0.0537040413324,0.0869868475131,0.133507120526,0.0100008548704,0.0100020969138,0.0100026598526,0.0280775825729,0.0100590078798,0.0100055645313,0.010001994583,0.0100010981892,0.0100016363683,0.0100016284763,0.0100020323756,0.0100016216372,0.0100015247258,0.0156454223967,0.0744404782383,0.059853386939,0.0296871102747,0.0415705713923,0.0192035397368,0.0100623028244,0.0100073116532,0.010002352288,0.0100024581153,331.075852213,10.3013422883,1.76056152816,2.22276613117,41.7771288281,10.4015353698,22.6412928261,1.43889758499,90.4971752618,6.26712058772,4.51333114128,2.6988480683,2.96345436255,1.87271348908,1.91349549106,22.4411563718,6.78705030331,6.63715278188,1.29174361866,0,2.21825853273,1.87359610395,69.31500967,10.8804052903,18.0470056843,15.7272219719,18.4649365491,3.73046800082,3.38002408362,0.842805519446,14.8551651847,2.16132823819,0.520687977498,1.5440704557,2.41030710156,1.55860237342,2.27094258305,1.65042018783,1.93781766082,1.87186933362,0.248071714344,4.77533953477,3.4717529842,1.0569171952,1.73371601259,0.516475775681,0.529062273376,0.459917014153,1.94852901685,1.12478170435
sobol__0000125,85.96670601,127.52153409,15.25880443,3.54510877,-2.67666481,4.52378863,17.48641024,0,solver_failed,The static optimization solver did not converge,1077.984042,,8.15023408762e-08,,,0,0,,,,,,,,,,,,,,,,,,,,,,,,,,,,,,,,,,,,,,,,,,,,,,,,,,,,,,,,,,,,,,,,,,,,,,,,,,,,,,,,,,,,,,,,,,,,,,,,,,,,
sobol__0000133,107.76358101,83.34184659,-38.06150807,92.41229627,44.19833519,22.98081988,47.95516024,1,usable,Converged with independently replayed constrained generalized-force equilibrium and small reserve torques,508.538996,0.556175564801,1.39952138767e-07,1.0993917982e-12,0.000235200398412,25,0,0.262364741988,0.101424426752,0.0100101330848,0.0610446635017,0.182718081592,0.0100025337624,0.0128824934471,0.0100067650033,0.0100045294157,0.0100013120427,0.0100016072217,0.0100044016765,0.0100043403754,0.0100049620135,0.0100065939549,0.0100383550015,0.0227310213782,0.0222690638595,0.0100837273521,0.0100452381626,0.0100034094307,0.010002796898,0.0100089239762,0.0100069537636,0.0100001985909,0.0100007406761,0.531001056235,0.0100006199329,0.0100452381626,0.0100022885064,0.0342770828606,0.0183888368995,0.0100452381626,0.0814712997028,0.0100011910627,0.0100013623822,0.211154910558,0.0867909735711,0.0100364945292,0.0100011911242,0.0932086631507,0.173043701477,0.14283361126,0.0100401197807,0.184426696445,0.0100064265216,0.0100018886467,0.0100007443937,0.0100002086479,0.0100002372935,254.140968488,106.732035898,1.76872303485,22.525393282,183.641604191,8.00324391178,2.87307210689,1.42609849981,4.17716582193,6.24803712427,4.47693010599,2.70846525506,2.98260250049,1.87663175403,1.90970887541,0.0599907916174,16.1280623105,15.4777273067,2.67117905444,0,4.72827018775,3.13666906451,10.9197130136,2.47999445307,3.35474769831,1.43651720802,87.7724917055,2.96135311826,0,0.374178268712,17.2165825205,4.71885434402,0,8.12000286783,2.42112114109,1.5716159575,47.4849517646,14.2274392323,1.94006928076,1.89332458037,1.88212385473,11.8640758769,8.4419861594,0.331936207222,7.4353542216,0.206294272324,0.345726238755,0.395512601933,2.00998127008,1.16417198427
sobol__0000141,96.51358101,123.96684659,65.06349193,100.53729627,-25.80166481,12.04331988,10.45516024,0,reserve_too_high,The posture requires more reserve torque than the quality limit permits,295.917618,1337.00215937,1.16100409286e-08,1.88896550357e-06,0.5,30,1,,,,,,,,,,,,,,,,,,,,,,,,,,,,,,,,,,,,,,,,,,,,,,,,,,,,,,,,,,,,,,,,,,,,,,,,,,,,,,,,,,,,,,,,,,,,,,,,,,,,
sobol__0000149,113.38858101,111.77934659,-5.24900807,15.22479627,9.19833519,-8.73793012,-8.29483976,0,solver_failed,The static optimization calculation failed,16.723113,,2.28215727205e-07,,,0,0,,,,,,,,,,,,,,,,,,,,,,,,,,,,,,,,,,,,,,,,,,,,,,,,,,,,,,,,,,,,,,,,,,,,,,,,,,,,,,,,,,,,,,,,,,,,,,,,,,,,
sobol__0000157,79.63858101,71.15434659,41.62599193,55.84979627,-60.80166481,2.19956988,-45.79483976,1,usable,Converged with independently replayed constrained generalized-force equilibrium and small reserve torques,426.108993,0.110338852727,5.76450531753e-08,5.06728124469e-13,9.97181182906e-06,14,0,0.182521771632,0.0860261728042,0.0100444449917,0.0100058911416,0.212991583191,0.0100017220389,0.0588778138553,0.0100087636075,0.0100047165709,0.0100020013599,0.0100030417673,0.0100057300938,0.0100050262389,0.0100060065188,0.0100125815367,0.0100143217869,0.0100089683711,0.0100091348658,0.0100347021438,0.0101216188353,0.0222095872391,0.0100116513809,0.0505698357904,0.0267356086585,0.0100452379392,0.0911097712804,0.0100029592642,0.0555846815805,0.0100015248771,0.0100555185517,0.0100781876894,0.010037200106,0.0100181439659,0.0100117075268,0.0100381227879,0.0101468503867,0.0100086715599,0.0100137960763,0.010019774844,0.0129919040712,0.0100221827168,0.0100105906193,0.0100401277209,0.0102326567843,0.0100129262675,0.0100538524891,0.0100556859638,0.0188808065159,0.0100408170705,0.0358533920818,200.031817801,84.8814175748,1.91204967816,4.89498035241,220.79377643,12.4277241872,15.8603920763,1.43868694068,3.95452063935,5.85562982326,3.19485111861,2.63513404363,2.8475518183,1.80223178639,1.88727386412,2.20542194304,6.73828175802,6.58545946498,0.905956871285,3.53456333798,11.5297563356,3.1671318854,59.1613227156,7.37715693818,0,21.8405150557,1.92943006617,17.6723663514,4.77340593631,0.614236186072,3.70509958971,2.49631022196,0.68499858601,1.65316660784,2.14798021054,1.27625059185,2.06275800701,1.56176918912,2.12636747083,2.19026886693,0.388402105561,1.05871957197,0.926416526798,0.474688548807,0.724836364962,0.471646082259,0.883275011576,0.863517916119,1.05334461091,3.95660826276
sobol__0000165,99.32608101,113.81059659,25.21974193,29.44354627,61.69833519,-6.00355512,-40.16983976,1,usable,Converged with independently replayed constrained generalized-force equilibrium and small reserve torques,359.148587,1.73639638082,5.74682008647e-08,2.60769184024e-12,5.71723124555e-05,18,0,0.980006104933,0.430695102747,0.0100008183965,0.0100001502012,0.279755414758,0.0100000712473,0.702177132403,0.0100007067815,0.0100002194144,0.0100000687049,0.0100000948356,0.0100004761146,0.0100002740207,0.0100003438129,0.0100004148787,0.0100008135144,0.0100041690164,0.0100045143346,0.010045237658,0.010045237658,0.0100002962504,0.0100014919975,0.0930357123146,0.0518729809994,0.010045237658,0.0510679502877,0.018424180728,0.0100088178792,0.0100113329451,0.0100191054097,0.0121928618126,0.0100268577998,0.0100310695103,0.0100197995181,0.0100090299119,0.0100131376284,0.0100123117551,0.0100145167237,0.0100118696145,0.0100122075021,0.0101057595024,0.0202232924902,0.0183526833347,0.0103420308917,0.0118015755726,0.0103597763109,0.0100795769572,0.010032744152,0.010013254305,0.0100162284789,373.352487262,331.69211895,1.75252394108,4.64764690571,300.868858933,13.0618366027,185.548332868,1.31555472148,4.28004815701,6.57104355462,4.89566336373,2.73724703964,3.06492408205,1.88077772144,2.05764553178,1.63120452964,6.37743256633,5.84154908536,0,0,3.13028380088,0.534145274856,109.535812627,13.2751114276,0,12.6179747086,3.51338300904,3.30802275456,4.0048862282,0.655822876835,6.79133774707,2.30583441074,0.615681710866,1.61337447348,2.53695000912,1.53130897779,2.25456331008,1.69873759327,2.12599664937,1.9538164962,0.373313384006,2.17686090818,1.70916242169,0.481300190755,0.852365149599,0.48966033458,0.795620199497,0.461420835444,1.15254624794,1.15670335452
sobol__0000173,88.07608101,89.43559659,-2.90525807,37.56854627,-8.30166481,0.55894488,-17.66983976,1,usable,Converged with independently replayed constrained generalized-force equilibrium and small reserve torques,407.374712,0.216517396134,1.98646410432e-08,1.2916828695e-12,6.53640120863e-06,14,0,0.279279769331,0.241181992343,0.0100131307374,0.0100078871591,0.24239062409,0.0100016925976,0.0525048879436,0.0100048834343,0.0100021466605,0.010000900361,0.010001074874,0.0100034513654,0.0100028067527,0.0100031478202,0.0100038516854,0.0100033754719,0.0100050629122,0.0100052386265,0.0100452378451,0.0100205035491,0.047180741819,0.0100045840719,0.0775784353447,0.0552239793216,0.0382557582443,0.0150623415926,0.0100252037161,0.0136666506402,0.0100365223252,0.0100519006745,0.041795923963,0.0101245663645,0.0100521637784,0.0100685465963,0.0100296150299,0.0100356343243,0.0100285188814,0.0100324268321,0.0100322832762,0.0100354005071,0.010045574741,0.0100468975915,0.0100582022183,0.0100528059491,0.0100411385056,0.0100547197819,0.0100515231561,0.0100468790274,0.0100303553886,0.010042747607,254.766750399,237.237217152,1.78758305924,4.6188302922,258.750315708,13.0466704189,13.4494484048,1.43030048828,4.21203773419,6.33906700239,4.57072427463,2.70925583111,2.97008312676,1.87140460425,1.95692810799,2.54071786413,6.51453357619,6.26911968969,0,3.78913292631,19.6493272606,1.81957311199,91.3378897673,15.0278465396,12.9036670575,3.80271467487,1.93264147412,5.48387517394,4.8100866313,0.945079119588,20.1580174404,2.88226749773,0.756888522919,1.72371030127,2.58892202606,1.57730518848,2.36389454627,1.7323012502,2.12464904325,1.96988642643,0.328499459079,1.09709477449,0.949470956756,0.489792546251,0.699739470433,0.472936799534,0.797093070336,0.462016580364,1.59872408972,1.17095293804
sobol__0000181,116.20108101,77.24809659,76.78224193,74.13104627,26.69833519,21.34019488,16.08016024,0,solver_failed,The static optimization solver did not converge,1487.821583,,7.19072161814e-08,,,0,0,,,,,,,,,,,,,,,,,,,,,,,,,,,,,,,,,,,,,,,,,,,,,,,,,,,,,,,,,,,,,,,,,,,,,,,,,,,,,,,,,,,,,,,,,,,,,,,,,,,,
sobol__0000189,82.45108101,101.62309659,-45.09275807,114.75604627,-43.30166481,14.77769488,38.58016024,1,usable,Converged with independently replayed constrained generalized-force equilibrium and small reserve torques,473.332795,0.228255455776,5.6543498772e-08,1.64135371961e-12,4.43405017589e-05,26,0,0.167130867041,0.31808809223,0.0100071991033,0.0100020655748,0.121067844797,0.0100003056486,0.211651450232,0.0100018023282,0.0100005779354,0.0100002269734,0.0100002909843,0.0100007527057,0.0100006807411,0.0100010059525,0.0100010994598,0.0100452374279,0.0711222047791,0.0709043960038,0.0174216192965,0.0100089522819,0.0100008858506,0.0100006904572,0.010003523469,0.010014693838,0.0100128116093,0.0575003986321,0.113810119492,0.0100017241974,0.0100452374279,0.0100113844587,0.0297732708674,0.0179496243906,0.0100452374279,0.0100051777827,0.010001923085,0.0100028277403,0.0100030014895,0.0100036599448,0.0100028974234,0.0100026672235,0.0156922438812,0.0636964301612,0.048035357243,0.0236740297917,0.0339991284514,0.0138584402023,0.0100367658414,0.0100097434372,0.01000240858,0.0100032521684,174.000807632,310.701473255,1.84178610134,4.35003889949,123.473471987,11.1790292592,50.8389663999,1.29774733018,4.40479461131,6.57094227375,4.83898775377,2.74850881052,3.02432437181,1.88061487567,2.04923251446,0,51.0219059164,50.7097948731,4.93289382709,3.62399699565,4.31938136976,3.11187361919,9.68822737459,1.42745173528,3.13968151428,10.1705429783,18.8285945176,2.80431476352,0,0.247118136075,16.2385095891,4.84380683742,0,0.979673479057,2.50645759825,1.61891821221,2.31102870851,1.68375223395,1.9944446265,1.94795247908,0.333589867067,4.72740691391,3.06053461805,0.871234833724,1.61749515486,0.349265996144,0.509119579221,0.443009369462,2.01036350769,1.16731991609
sobol__0000197,103.54483101,98.57622159,84.98536693,50.77167127,-19.55166481,7.94175738,-24.23233976,1,usable,Converged with independently replayed constrained generalized-force equilibrium and small reserve torques,405.548774,1.24409816247,1.7309218947e-08,1.24420908525e-12,4.4031492618e-05,24,0,0.889118435897,0.0100004048245,0.0100023728994,0.0100001454535,0.018183639359,0.010000081894,0.662745723598,0.0100014638142,0.0100002577243,0.0100001151782,0.0100001567783,0.0100009825538,0.010000596193,0.0100006141273,0.0100019856922,0.0100140765918,0.0270396318559,0.0263953373076,0.0100505116922,0.0390252689571,0.0100001596553,0.0100007364634,0.0100113275152,0.0100090607968,0.0344137348773,0.0576080036069,0.0253982182717,0.0100036247459,0.0100037030668,0.0100098249482,0.0100060619942,0.0100149282472,0.0100160995294,0.0100086946623,0.0100066412498,0.0100102642516,0.0100088429119,0.0100109766108,0.0100090106861,0.0100097126397,0.0101686475664,0.0300775132438,0.0284404808373,0.0137460314451,0.0151977725631,0.0116415150889,0.0108660566802,0.010036430869,0.0100113883039,0.0100191677639,326.234917501,9.62571416951,2.01445807387,4.77574758324,17.8887552721,12.1318675428,174.520344966,1.43865820389,3.88362831754,6.20745957908,4.49045914437,2.68058553779,2.96462558159,1.86676487302,1.94320696146,0.94817537123,18.0506929451,17.1996334302,0.471464320848,14.8114450149,5.17945023839,2.59195588883,11.7660485795,2.7623622292,11.6071169782,14.5320686411,4.89912933691,3.96989612101,4.69100596727,0.91318590459,4.9525296395,2.85032327891,0.754190588772,1.71345775546,2.54070792648,1.49498434069,2.3460467652,1.72335117715,2.12502930828,1.91884107579,0.355967189199,3.2791122709,2.68475636275,0.668128978192,1.09264037401,0.550435420127,0.867791310591,0.454788356036,1.41417360775,1.13320081525
sobol__0000205,92.29483101,74.20122159,-55.63963307,10.14667127,70.44833519,18.87925738,-31.73233976,1,usable,Converged with independently replayed constrained generalized-force equilibrium and small reserve torques,592.735671,0.362886012122,4.44368204455e-08,5.59907675779e-12,1.6958922478e-05,16,0,0.310120649729,0.204258043167,0.0100076481287,0.185644467209,0.404567126894,0.0100009153453,0.0520045786002,0.0100033154826,0.0100017896505,0.0100007017913,0.0100008691754,0.0100021172776,0.0100020404483,0.0100023761456,0.0100035182567,0.0100009668264,0.0100043367783,0.0100054375458,0.0100452377095,0.0100452377095,0.0100959088182,0.010006211985,0.0991342968384,0.0196427384677,0.061939205049,0.0264183911595,0.0100077087941,0.0104196996037,0.0100053791125,0.0100404440165,0.0719075855776,0.0101854960448,0.0100267564904,0.0100190683876,0.010024296607,0.0100369697703,0.0100162412599,0.0100212519849,0.0100228694953,0.0100405906038,0.0100302658883,0.0100205082795,0.0100301511646,0.0100458070138,0.0100209335985,0.0100462934523,0.0101182313155,0.0101619051602,0.0101341199585,0.0171196327987,348.715804052,214.997086259,1.93091236665,85.785212531,394.681450426,8.37199507909,9.73218250421,1.43218612112,4.27761667574,6.21151192127,4.33662311852,2.70253315851,2.95302820379,1.85972202922,1.89878860034,3.85191539505,5.25254298933,4.07927726013,0,0,1.17056707784,1.07068329129,116.03074806,4.62748904035,17.9193383013,6.64895662123,1.84190203414,2.75205797414,4.80030535327,0.590671462728,40.0625018951,2.10863675699,0.674930881943,1.65765564024,2.5686986116,1.53406996131,2.36607891262,1.73058524447,2.12389218552,1.95264167197,0.395126177063,1.03441906108,0.930200321894,0.47558955355,0.721343098575,0.475172984607,0.714176317347,0.409950917241,1.15379604551,1.67781907448
sobol__0000213,109.16983101,94.51372159,24.04786693,103.58417127,-54.55166481,6.84800738,32.01766024,1,usable,Converged with independently replayed constrained generalized-force equilibrium and small reserve torques,608.07176,0.295954944435,1.36080728907e-08,8.82703745565e-13,2.2595218136e-05,29,0,0.464652330076,0.0815991669261,0.0100037442296,0.0100009967809,0.0915651952448,0.0100003432315,0.108541241714,0.0100034772171,0.0100018705742,0.0100004341174,0.0100005662342,0.0100025914366,0.0100016638901,0.0100017651106,0.0100025484076,0.0100443437577,0.0788111865498,0.0776094182527,0.0174370512406,0.0591484777044,0.0100007227675,0.0100013235149,0.0100029797562,0.0100020392692,0.0100060365128,0.0998359533092,0.11442735597,0.0100009632728,0.0100373220407,0.0100042467295,0.0100027974121,0.0100140438611,0.0100213929436,0.0100025699584,0.0100014090264,0.0100021245099,0.0100021442114,0.0100026704888,0.0100021266349,0.0100020280397,0.0157437851539,0.0702667205399,0.0544184606815,0.0275374543244,0.0378255847398,0.0196751988229,0.010123638157,0.0100096708216,0.0100024605375,0.010003204078,212.391419185,80.4815568099,1.73929515637,3.5582561426,98.3757525792,13.03439132,28.5598594966,1.43116772221,4.11584093792,6.35392779597,4.60049660117,2.70075019899,2.99759660151,1.87875312991,1.9440125798,0.0232670158452,56.4882496841,54.7784013784,4.79957116767,20.9218797043,4.7812365029,3.05131285546,10.5780990685,2.41653276394,3.22353577623,20.399906729,17.8309857734,3.53033560836,0.0337712963334,0.559876169463,5.5733541194,2.56194327945,0.094526623299,1.39735958707,2.53485596157,1.6243867862,2.33940720005,1.70291216823,2.015950361,1.96058403661,0.314601421741,5.20179930223,3.52489967865,1.05680330893,1.76346367539,0.567490502408,0.601029868427,0.460150028852,2.00939526733,1.16615622503
sobol__0000221,75.41983101,118.88872159,14.67286693,95.45917127,35.44833519,-4.08949262,24.51766024,1,usable,Converged with independently replayed constrained generalized-force equilibrium and small reserve torques,422.978899,0.496756044165,4.27170379069e-08,1.53740577632e-12,2.35469181973e-05,28,0,0.3355160931,0.0618674830181,0.010013521128,0.0100005441203,0.473518941244,0.0100002763415,0.304811157861,0.0100024315675,0.0100005411841,0.0100002694244,0.0100003800293,0.0100011600098,0.0100009202484,0.010001136676,0.0100018034088,0.0100452376851,0.11492324845,0.112631523211,0.0239823454579,0.0100452376851,0.0100007440323,0.0100008724091,0.0100020791008,0.010002191854,0.0100041948043,0.0633589818163,0.121167360854,0.0100010918619,0.0100043052546,0.0100044205186,0.0417492387187,0.0426633482983,0.0100120416385,0.0100027328082,0.0100016019545,0.0100023751605,0.0100024968621,0.010003069886,0.0100024413341,0.0100022181656,0.0163630068321,0.0746299062583,0.0554597715238,0.0263906808866,0.0357644527094,0.0174036485921,0.01004937438,0.0100093211971,0.0100033402183,0.0100034674875,282.877604075,29.4770066513,1.90028759473,4.83480044508,498.549581177,12.7564385575,81.134896198,1.32535996702,4.31860215526,6.56597702032,4.95614123243,2.73398629556,3.04233183146,1.88090301152,2.08052594332,0,81.8491463112,78.6171930123,6.41999603567,0,4.82820550783,2.43278913576,10.830346484,2.39727828754,3.14273331172,13.7390581376,16.3951403812,3.28208429322,2.07212396174,0.574174778763,21.0792078312,11.1938982613,0.26009100539,1.47323465463,2.49588177421,1.60704211396,2.33651795414,1.69703541207,1.99751559187,1.93058569127,0.310949443058,5.73201937197,3.76310705324,1.10226847364,1.55816973259,0.580694281504,0.62340020501,0.460029990097,2.00934209306,1.14391564492
sobol__0000229,100.73233101,68.10747159,-20.48338307,121.86542127,-37.05166481,5.20738238,0.14266024,1,usable,Converged with independently replayed constrained generalized-force equilibrium and small reserve torques,441.04203,0.0364248622995,3.7920642626e-08,4.27047681575e-13,4.77486173749e-06,6,0,0.127192846474,0.100774705214,0.0100213664888,0.0119002981002,0.0327524481933,0.0150363177533,0.0100384568337,0.0100145544206,0.0100090014044,0.0100040769627,0.0100055959429,0.0100123629445,0.0100111043872,0.0100124523256,0.0100156213509,0.0100345570638,0.0100232969361,0.0100232999847,0.0100363502447,0.0100249302234,0.0294712463323,0.0100103579401,0.0136032374373,0.0101680672016,0.0100936668328,0.0192077966066,0.0439100809354,0.0100051773357,0.0100359593086,0.0100131456948,0.018792343148,0.0100731482612,0.0100335512575,0.010015760242,0.010008348141,0.0100116395412,0.0100134287205,0.0100152837966,0.0100123712554,0.0100110796875,0.0101202564902,0.0268937692517,0.018187682876,0.0102528532445,0.0128346695613,0.0101260901703,0.0100497919841,0.0100237807409,0.0100098406244,0.0100116696819,141.2559152,106.38301326,1.92166481858,4.38450185419,34.1061923625,16.0718010529,2.42589875811,1.44063865833,4.12634880129,5.96999222408,3.44719388615,2.67681885166,2.90088595757,1.83335159501,1.8265701095,0.260964313796,7.19029488303,7.18835989893,2.8408976951,3.68013248024,13.7339699396,2.71780377325,11.3515913385,0.671940719843,2.36793375621,4.75281240895,7.73882255947,3.71784541657,1.18029954488,0.883246889356,9.98121905254,2.76926519133,0.309058269088,1.54501890452,2.58993534851,1.61362789608,2.37088470205,1.73155548411,2.10005148957,1.97395860815,0.286332324696,2.83175438504,1.58188838479,0.498578608951,0.751238855037,0.423874391009,0.730427693595,0.460509810043,1.87878472319,1.16812000648
sobol__0000237,89.48233101,108.73247159,45.14161693,81.24042127,52.94833519,-1.35511762,52.64266024,1,usable,Converged with independently replayed constrained generalized-force equilibrium and small reserve torques,358.039487,0.736213331919,3.61727785503e-08,1.43074922113e-12,5.56569029946e-05,29,0,0.583378551424,0.010004042817,0.0100026502964,0.0100003171633,0.366417828159,0.010000157457,0.402614266534,0.0100020226689,0.0100004365911,0.0100002234437,0.0100003157501,0.0100011934776,0.0100008647686,0.0100010171403,0.0100025029986,0.0100451916775,0.0769076278845,0.0752827687907,0.015156832293,0.0100452377697,0.0100003544691,0.0100010171072,0.0100031407569,0.0100024825055,0.0134077113744,0.130021073406,0.187031647032,0.0100006989333,0.0100069011806,0.0100060425648,0.0670744433151,0.03854406166,0.0100445740189,0.0100015322222,0.0100006117494,0.0100009151904,0.010000889371,0.0100011139505,0.0100008974636,0.0100008492958,0.0224451306894,0.105269741008,0.090789243148,0.0470983167816,0.0599319034055,0.0265536905752,0.0100451171194,0.0100043552816,0.0100013053346,0.0100013434408,275.639346119,7.0357540948,1.75997194038,4.89867214455,394.072305471,12.5169419683,108.438985274,1.39485723752,4.15072747805,6.52159859113,4.74643111196,2.72064971812,3.03346209515,1.88033246395,2.03290346863,0.000162832684672,53.7479469841,51.5006220702,3.84055716952,0,5.19060219006,2.19662695912,11.1905246745,2.61110083611,4.51957494803,20.9765526139,24.0681022124,2.48169675455,0.400918168358,0.189216217673,34.3674203767,9.56966537798,0.000533572105479,1.00432608975,2.33130576496,1.51997960302,2.21707015998,1.61135289073,1.8702102248,1.82746878252,0.305334362921,5.59790420302,4.51249853016,1.46810094022,2.13010012371,0.583306770525,0.487324406473,0.459542172435,1.87993868942,1.10488360982
sobol__0000245,117.60733101,129.04497159,-25.17088307,36.55292127,-72.05166481,10.67613238,-56.10733976,1,usable,Converged with independently replayed constrained generalized-force equilibrium and small reserve torques,398.61087,1.60797195673,3.88452576772e-08,3.85289588034e-12,7.98687055527e-05,21,0,0.765416399117,0.0262626073463,0.0100060232776,0.959927654062,0.0100017606672,0.270766765028,0.0100012130186,0.0100006019955,0.0100002040037,0.0100001422661,0.0100001434583,0.0100003186416,0.0100002055663,0.0100002733483,0.0100004339045,0.0100031715367,0.0151130254445,0.0145127324571,0.0100452378183,0.142269325293,0.0100018526861,0.0100012209096,0.0100184755331,0.0100038893904,0.0100452378183,0.0100043580162,0.0100092840808,0.0100218815548,0.012900415046,0.0100506165491,0.0100038215571,0.0100089674186,0.0100309009989,0.010020483662,0.0169796288733,0.0120249925221,0.011451471679,0.0103300640529,0.015064401878,0.0177830284814,0.0100185973175,0.0100090355248,0.0100094944671,0.010016815445,0.0100133042873,0.0100182847615,0.0100241909796,0.0100744299111,0.0258869144204,0.0219577964735,287.667023133,24.8637433592,1.5218588666,292.527032589,10.7023188876,276.320803839,2.54726757015,1.43064597954,4.43917270941,4.95991178996,4.71257919255,2.77739833667,3.11873038986,1.88055205936,2.07059880123,0.559503002589,9.81843703647,9.04432222135,0,48.3916860673,3.17713031528,1.20927281567,11.7954195626,2.59210776092,0,2.39722108365,1.89781879504,2.09901582573,5.75771047167,0.314928370522,2.46592759055,2.37626067232,0.52849262557,1.41506432589,3.3164669446,1.371564986,2.30099516903,1.5578944422,3.18193861593,2.76191386326,0.394678365649,0.999887429822,0.889080280796,0.45149542479,0.716221240585,0.459127812523,0.883830856273,0.435038979588,2.11970154373,2.17260840296
sobol__0000253,83.85733101,88.41997159,59.20411693,28.42792127,17.94833519,17.23863238,-3.60733976,1,usable,Converged with independently replayed constrained generalized-force equilibrium and small reserve torques,446.582143,0.174103393315,6.19986293415e-08,1.27187149701e-12,7.97244289653e-06,24,0,0.279660759611,0.0919868848498,0.0100198341928,0.0100029150631,0.245633965267,0.0100011945259,0.0809958194759,0.0100065247508,0.010003090207,0.0100011478489,0.0100014568659,0.0100042323165,0.0100033817391,0.0100039308638,0.0100088683853,0.010008937147,0.0100067557441,0.0100073386117,0.0100452376377,0.0100452376377,0.0248155118022,0.010010992733,0.0537074106612,0.0319614608015,0.0493785180882,0.0647183419354,0.0510718286366,0.010003514521,0.010004854218,0.0100081859456,0.0100174558734,0.010018224122,0.0100175356295,0.0100096875796,0.0100055264101,0.0100080999281,0.0100078734707,0.0100097422468,0.0100079539847,0.010007813159,0.0104446891365,0.0382859542614,0.0308729151038,0.0149329632378,0.0202792300785,0.0142691239726,0.010247804933,0.010029126703,0.0100095637789,0.0100140822037,223.568415758,84.2311888308,1.90565923805,4.71183985536,260.200743972,12.1333939768,21.7794388896,1.43950678971,3.91385177666,6.05530772168,4.25313201708,2.66961050979,2.92381769499,1.8419248272,1.93923290581,2.69150906192,6.35678612499,5.76461372328,0,0,12.0817859829,1.76573577915,63.2315564005,8.31406419233,15.041193798,15.4038484111,9.79019482938,4.03742454801,4.48175385202,1.00279610605,5.37056172528,2.73602107718,0.749854613579,1.71106288319,2.58931655948,1.62302917887,2.36972311314,1.73055738409,2.07918237335,1.97430534939,0.356848202935,4.18077690664,2.90748051841,0.728711644798,1.45884016763,0.614290100063,0.634918816409,0.420856962649,1.61015784223,1.09066278569
sobol__0000261,106.00576851,72.42387784,54.80958568,105.36151502,63.88583519,-0.19300824,-11.81046476,1,usable,Converged with independently replayed constrained generalized-force equilibrium and small reserve torques,703.934618,0.711387652745,5.60014541406e-08,3.36013265498e-12,7.78208452172e-05,25,0,0.269315433026,0.0100001391613,0.0101248633758,0.0100001317394,0.0100007366034,0.010000057051,0.698506835524,0.163425049498,0.230695838664,0.0100005471985,0.0100007644581,0.0316780770088,0.0100025497183,0.010001353405,0.171033841953,0.148975973285,0.0363625618991,0.0358785279457,0.0102185025561,0.0100452376126,0.0100001437047,0.0100025446532,0.0100060257933,0.0100036030532,0.0100083078881,0.0482321568459,0.0551177981935,0.0100020237858,0.0100042254825,0.0100057360372,0.0483507170682,0.0260244451394,0.0100126252875,0.0100063448858,0.010004913663,0.0100073536956,0.0100075366349,0.0100090847137,0.0100073771867,0.0100073148123,0.0132101494097,0.0554047318092,0.0100452376126,0.0208710845118,0.0214256935281,0.0144854765396,0.0100837718023,0.0100202287007,0.0100066281231,0.0100086743195,265.489744975,10.2140144138,1.90607463178,4.98154563645,8.99824110377,12.8212613396,188.155842912,23.3708003867,80.8525260732,5.76287404278,3.05803624169,8.31613235372,2.85102847297,1.80849236543,30.3854182449,7.5329258145,26.0736601626,25.3837142932,2.82973478696,0,5.06494574261,3.12585572224,10.5107390612,1.99610183597,2.889685085,12.1529069164,8.78603314066,3.84193092243,4.21657729815,0.953945818776,17.509192125,5.83110736394,0.666983752481,1.60995310483,2.58916397229,1.62361312938,2.36921655193,1.73047750825,2.08997163539,1.97433792332,0.379456363716,5.99129075264,0,1.01844237369,1.24104224284,0.663771314842,0.717639616504,0.460887893549,1.71138371943,1.16785236743
sobol__0000269,94.75576851,113.04887784,-29.56541432,97.23651502,-6.11416481,-6.75550824,-49.31046476,1,usable,Converged with independently replayed constrained generalized-force equilibrium and small reserve torques,414.633036,0.840569029277,9.80726388988e-08,2.1955770535e-12,0.000160142302443,16,0,0.420034717177,0.492206129361,0.0100018666822,0.0100004720969,0.240653136665,0.0100000700804,0.58252193755,0.0100004688812,0.0100001162051,0.0100000426933,0.0100000565796,0.0100001654997,0.0100001456243,0.0100001993202,0.0100002357918,0.0100452378227,0.098149850814,0.0962374288945,0.0207099330502,0.0100118894259,0.0100001362875,0.0100001799491,0.0100024152782,0.01000346803,0.0100062360287,0.0100123196699,0.0178762366579,0.0100135017181,0.0224033279085,0.0100368666213,0.0100178701525,0.0152103135509,0.0100376002685,0.0100379900135,0.0112023092113,0.0100882482626,0.0143266354649,0.0103942763705,0.010437034546,0.0100747716057,0.0100467421845,0.0100574547925,0.0100325978667,0.0100350637133,0.0100451014292,0.0100330694469,0.0100523954679,0.0100423566194,0.0101406054403,0.0100576914314,273.564212173,474.106122136,1.64261242188,3.51329822695,252.65215046,11.3780892532,144.2386416,1.25066917486,4.41006325794,6.53442641324,4.96430606079,2.75800115863,3.07377211371,1.88073066652,2.07600307538,0,70.0433122984,67.340208614,5.57785130204,3.76587624527,5.10990159092,3.04406227292,10.7807806565,2.3376450425,1.7527155873,2.36233779972,3.12785565677,4.079570447,10.6295285815,1.01278118381,5.37697733029,4.32930433145,0.735640032217,1.71001191573,2.6157427925,1.40112410377,2.99779987578,1.66717480784,2.21671648709,1.84097027414,0.370533549771,1.08761469187,0.931861744816,0.462967470704,0.712515402578,0.467410853304,0.85400242896,0.461731650186,0.985954252831,1.13782368443
sobol__0000277,111.63076851,125.23637784,50.12208568,52.54901502,28.88583519,16.21324176,51.93953524,0,solver_failed,The static optimization calculation failed,15.944001,,7.59709593012e-08,,,0,0,,,,,,,,,,,,,,,,,,,,,,,,,,,,,,,,,,,,,,,,,,,,,,,,,,,,,,,,,,,,,,,,,,,,,,,,,,,,,,,,,,,,,,,,,,,,,,,,,,,,
sobol__0000285,77.88076851,84.61137784,-15.50291432,11.92401502,-41.11416481,22.77574176,14.43953524,1,usable,Converged with independently replayed constrained generalized-force equilibrium and small reserve torques,430.947036,0.263179108179,1.25110290128e-07,1.20792265079e-12,7.41067368976e-06,19,0,0.242987160357,0.257771950397,0.010021264855,0.0100147390714,0.265801444067,0.0100017732469,0.0553567286337,0.0100050442538,0.0100023398175,0.010000980695,0.0100011450426,0.0100032316809,0.0100028834945,0.0100032089845,0.0100039568281,0.0100015946574,0.0100024017827,0.0100030185465,0.0100452378022,0.010014127338,0.111942210807,0.0100068028752,0.182191133739,0.0493147995574,0.0100185600235,0.0358784090372,0.0608011164252,0.0100061505441,0.049606055797,0.0100107683601,0.0508181264498,0.0106583727199,0.0100354154264,0.0100256346971,0.0100062392619,0.010008726478,0.0100118487605,0.0100130522476,0.0100101773341,0.0100084536727,0.0107040402449,0.0332723836955,0.0240092509995,0.0106145829893,0.021276733034,0.0103345806668,0.0100310750412,0.0100164129548,0.0100055800047,0.0100067365012,266.089880656,253.163723959,1.93101718562,4.98020705724,277.165078711,13.0396402744,13.9736413096,1.43303586189,4.26726443372,6.34812923132,4.55769042025,2.6999276307,2.95394233822,1.86183832328,1.96925185049,3.91579086107,5.40793342039,4.2451219164,0,3.64309717914,43.3009602904,1.51565014288,213.575779088,11.886063905,2.63701769541,7.22131244736,11.5912972807,3.8512658036,21.7175355572,0.998544525916,13.2008752244,2.90531944736,0.752963071171,1.71581531071,2.58942219485,1.62424673543,2.37013188371,1.73053412192,2.06990905563,1.97454604787,0.365422909128,3.63331860731,2.24746395614,0.517342263273,1.53160524308,0.372633902774,0.5636066239,0.393340738131,1.75340766461,1.07498956803
sobol__0000293,97.56826851,102.89262784,10.27833568,34.26776502,41.38583519,13.47886676,20.06453524,1,usable,Converged with independently replayed constrained generalized-force equilibrium and small reserve torques,391.334969,0.618223761841,4.52593411637e-08,1.33582034323e-12,1.91885181087e-05,30,0,0.605989223153,0.28939967531,0.0100024845634,0.0100007872667,0.316277067518,0.0100003098056,0.182251500885,0.0100019416961,0.0100009372841,0.0100002547387,0.0100003310845,0.0100011365904,0.0100009196829,0.0100010419664,0.0100013444708,0.0100019585277,0.0100045715942,0.0100047879986,0.0100452376738,0.0100452376738,0.0100021236098,0.0100031408025,0.0856074270972,0.085156270881,0.0621190223667,0.063680711819,0.0731299472291,0.0100032594589,0.0100059797069,0.010007651429,0.0100029445122,0.0100060927825,0.0100162368659,0.0100082939512,0.0100035826988,0.0100051328557,0.0100053246812,0.0100065618097,0.0100052322312,0.0100048787134,0.0101478906403,0.034978671539,0.0241640644778,0.0121241549638,0.0214127092637,0.0115874940997,0.0101262344042,0.0100204399933,0.0100060659917,0.0100082497821,312.705849602,271.780327437,1.74511740254,4.17515644583,340.10300019,13.0559578792,47.3709196397,1.38632363039,4.23556688812,6.54208075311,4.74742686003,2.69985887692,3.0145918773,1.88050287347,2.00351729029,1.82296458569,6.46493894677,6.14076405311,0,0,3.11275386416,1.02307982028,100.791611474,22.7079826204,18.012422776,12.2958962283,14.0854923478,4.06244764405,4.18684405797,0.984283178486,5.57343690565,2.58729303835,0.70674728957,1.64650310455,2.53013139435,1.6238576542,2.33875356705,1.70335782728,2.01187155741,1.95977138,0.266279277335,3.41863576242,1.92448243533,0.53902454971,1.30760614037,0.377102051969,0.517795227625,0.446166869203,1.99594371713,1.1665287442
sobol__0000301,86.31826851,78.51762784,19.65333568,26.14276502,-28.61416481,24.41636676,42.56453524,1,usable,Converged with independently replayed constrained generalized-force equilibrium and small reserve torques,441.545097,1.17979574044,5.708591857e-07,3.12229154023e-12,0.000137794589917,31,0,0.237584602996,0.104050934405,0.0100194503653,0.0100059414689,0.219467571416,0.0100015586251,0.0550201207464,0.0100075528436,0.010003510357,0.0100014891534,0.0100018934561,0.0100051029279,0.0100043044023,0.0100048426113,0.0100085368776,0.0100035784247,0.0100034580485,0.0100038700247,0.0100452367573,0.0751524938084,0.142604500922,0.0175602895737,0.113150842818,0.0371223809159,0.0100006782709,0.0100061860896,0.644549955443,0.0100002734072,0.551210070458,0.0100007796109,0.01000725852,0.0100094333117,0.0100032115211,0.0100012481955,0.0100004949779,0.0100007083974,0.0100011981423,0.0100013167924,0.0100009216487,0.0100006728839,0.114962507044,0.372035632924,0.271318599611,0.0981476802457,0.250447399485,0.0251036993189,0.0100035612128,0.0100013270888,0.0100003113847,0.0100003980727,243.54916682,102.682473951,1.82506817471,4.99228182759,235.998664471,13.0188150868,14.6406176431,1.43965533457,4.07322785572,6.08127520716,4.21752223843,2.66728932231,2.89903623115,1.83774631179,1.9039421403,3.51740720664,6.29618478534,5.57262922763,0,28.1382376109,62.8675816698,3.76806341901,133.206826999,9.47893796587,2.46909869231,1.61556198294,124.323123528,4.03778207639,125.542707051,0.966778274369,3.60015573103,2.82938356987,0.67713947725,1.61288411947,2.49883478267,1.6166985198,2.2975421126,1.67529508678,1.98570742387,1.9467082825,2.99274473874,34.0757651882,20.4880481303,3.97631829623,14.9867383464,0.592500458868,0.429100441976,0.386562735644,2.00924667684,1.15187022738
sobol__0000309,114.44326851,90.70512784,-50.65916432,119.58026502,6.38583519,1.44761676,-43.68546476,1,usable,Converged with independently replayed constrained generalized-force equilibrium and small reserve torques,605.055452,0.474649882343,2.38650130768e-08,3.34906731375e-12,1.61512370405e-05,13,0,0.32970497678,0.241810005321,0.0100054627935,0.308099060113,0.319078040856,0.322018393429,0.0100077055819,0.0100037263876,0.0100013148441,0.0100006369783,0.0100007996743,0.0100019935053,0.0100021622462,0.0100030055182,0.0100045789072,0.0100452379918,0.0111128103617,0.0111075401573,0.0100619371038,0.0100452379918,0.0137853957095,0.0100022942328,0.0100173653102,0.010041936059,0.0104830628814,0.0166357838471,0.0100089154285,0.028865522462,0.0100059206831,0.0100714525789,0.0354917100125,0.0178416926412,0.0100334141868,0.0100301957991,0.010649971184,0.0102807976808,0.0100291990443,0.0100403814144,0.0100793845718,0.0112728526565,0.0100347530075,0.0100227362894,0.0100398754533,0.0100544660473,0.0100245888406,0.0100424343166,0.0100395183308,0.0100971265355,0.0100578271926,0.0118229423074,262.444970012,254.764838177,1.68238340941,132.098216663,312.692002006,267.706542315,2.24198609476,1.37071079558,4.20726402676,6.44489458448,4.65310271522,2.71486100461,3.00769941139,1.8806138047,1.9042262867,0,7.97215054273,7.96285429099,2.84949065702,0,6.99376186223,3.00772890367,8.81997248157,0.291407285529,0.639289799424,4.10891140622,1.9109669557,11.4089587333,4.30266978564,0.999583935556,17.4048510101,4.9971339329,0.678542681634,1.63933415171,2.57065020429,1.46122937317,2.22407539298,1.67471013921,2.14077653887,2.08550020526,0.387279286428,1.06893966596,0.936723376079,0.469107276278,0.719194874688,0.473499491178,0.852525220214,0.462642467979,1.09701661729,1.32034431883
sobol__0000317,80.69326851,115.08012784,89.96583568,78.95526502,-63.61416481,-9.48988324,-21.18546476,1,usable,Converged with independently replayed constrained generalized-force equilibrium and small reserve torques,420.785462,2.92871168346,5.66464620988e-07,1.39044331604e-12,0.000110366458676,27,0,0.0100004011142,0.0100099894604,0.431230396256,0.0100007427126,0.432681702099,0.0100004386132,0.426905897072,0.0100027285012,0.0100003074382,0.0100001900293,0.0100002600291,0.0100015314149,0.0100017953508,0.0100018478583,0.0100014047069,0.0100452377726,0.604531284169,0.59170484768,0.117089990555,0.661774260958,0.372275677626,0.010000709719,0.0100004209664,0.0100002336604,0.665323705371,0.520244392359,0.0100004798767,0.41947184676,0.0100002034776,0.0100136201151,0.0100003471416,0.0100019836629,0.0100027525191,0.010001577145,0.179289419866,0.169412902393,0.0100039199676,0.0100233128433,0.108603326424,0.249274311585,0.0100053349279,0.0100011898861,0.0100054533167,0.0123683616207,0.010002390274,0.0100384450688,0.0100061169839,0.0802589393222,0.032381484084,0.18056896115,4.97560209488,5.7811997468,82.3787350593,2.23535484594,465.335052044,11.3617610761,113.281390444,1.42303240529,3.93833436953,6.34222967116,4.62278468549,2.7178949158,3.02361785718,1.88001733114,2.06780251906,0,421.141470769,403.460157165,29.2442141624,229.72320044,172.988318172,3.15443361966,11.2409457634,2.69920290811,210.168875697,127.37866248,1.53225510606,171.099286186,4.78744738014,1.00942717288,4.716338958,2.45746646808,0.750644765823,1.71197026328,44.2354171739,24.7774386418,2.23016765198,1.68666363372,23.0660716653,47.6504405496,0.294426040772,1.08879547893,0.944339999547,0.601034108826,0.60961707861,0.474676496908,0.848624679217,3.69177315444,4.87921453968,21.0704223014
sobol__0000325,104.59951851,118.12700284,-49.48728932,12.93964002,-39.86416481,-2.65394574,36.00203524,0,solver_failed,The static optimization solver did not converge,1167.507532,,4.30486437608e-08,,,0,0,,,,,,,,,,,,,,,,,,,,,,,,,,,,,,,,,,,,,,,,,,,,,,,,,,,,,,,,,,,,,,,,,,,,,,,,,,,,,,,,,,,,,,,,,,,,,,,,,,,,
sobol__0000333,93.34951851,93.75200284,72.38771068,53.56464002,50.13583519,3.90855426,28.50203524,1,usable,Converged with independently replayed constrained generalized-force equilibrium and small reserve torques,430.926928,0.493497230076,4.58363018652e-08,9.73443547991e-13,2.92913564024e-05,27,0,0.499898909538,0.0100005634447,0.0100062970907,0.0100003096958,0.172304157118,0.0100001596399,0.399940809741,0.0100044019758,0.0100007880779,0.0100004062588,0.0100005561369,0.0100024172074,0.0100016401499,0.0100017681583,0.0592449623112,0.0246258519904,0.0169532233082,0.0165663374212,0.0100501926484,0.0100452375662,0.0100003994488,0.0100044419281,0.0100151196126,0.0100102732506,0.0349665217152,0.0951130537267,0.135577584426,0.0100009205024,0.0100019345618,0.0100027219656,0.0403439231572,0.0165810417484,0.010005316599,0.0100023572964,0.0100014073246,0.0100021108597,0.0100020913167,0.0100026167687,0.0100021091657,0.0100020047623,0.0183498403713,0.0860122806821,0.0654445056741,0.0334064822192,0.0433708224626,0.0223565510481,0.010126286771,0.0100094257837,0.0100024293014,0.0100031095329,272.463212168,9.37514725924,1.96057954431,4.72680176747,180.595624179,12.1063626793,106.843092461,1.43918386245,3.85553806279,6.1131885589,4.3830172361,2.67586369968,2.94520910449,1.85485638495,11.4686357348,2.75718819997,11.3706431788,10.8540350934,0.711559047645,0,5.23750374478,1.98433977897,11.7460021264,2.76283183781,11.6426665266,18.4731044441,22.4808219355,3.86160619586,3.7957266729,0.926471208943,22.000776558,4.17162436771,0.663396842084,1.58958752501,2.47629686362,1.59790904877,2.31171350306,1.68136835317,1.98097234807,1.92088094661,0.36991596221,6.76822573169,4.43039448636,1.32786258394,2.14966554055,0.671139025239,0.542374858738,0.460409373091,2.00964012493,1.16296321893
sobol__0000341,110.22451851,73.43950284,2.07521068,90.12714002,-74.86416481,18.12730426,-27.74796476,1,usable,Converged with independently replayed constrained generalized-force equilibrium and small reserve torques,486.139243,0.0840331765134,4.81723247958e-08,2.55599163736e-13,3.13835880637e-05,16,0,0.207033010104,0.0265658477321,0.0100169978949,0.0100093238939,0.0210040214627,0.010002985954,0.0103466333259,0.0100154614286,0.010058830417,0.0100039391366,0.0100046062564,0.0100119178432,0.0100091658833,0.0100092783277,0.0100154695526,0.0100359048417,0.0244832004927,0.023979558283,0.0100886721801,0.178751215997,0.0327542240003,0.0153256473269,0.0100084272156,0.0100011546646,0.0100028231933,0.0100110764839,0.0100041555029,0.0100039937286,0.0100038620243,0.0100123555317,0.010001570906,0.0100076473143,0.0100128173038,0.0100070247234,0.010022348021,0.0100395690887,0.0100182885236,0.0100226216249,0.0100243590947,0.0100933600948,0.0100201077384,0.0100087194096,0.0100106224198,0.0100194596162,0.0100140042273,0.0100226575617,0.0100449062622,0.0102900368795,0.0294086420707,0.026355836269,214.182445085,27.7664271399,1.82222204153,3.02952163945,22.5865688881,11.616060893,2.60796577356,1.44072407561,4.0406725029,5.95914475441,3.67999579265,2.67069112156,2.90424399481,1.83878635401,1.83258044609,1.50936952427,17.3193761001,16.6130030423,2.65115979893,60.2740317727,16.784002795,4.62522101395,10.9783805175,2.62975156011,3.26684617764,2.52183813585,1.92931753539,4.06270706247,4.34403463247,0.972401278218,4.95871440709,2.35064670767,0.72782170296,1.70386781447,2.31779358875,1.33932617897,2.29226965042,1.69179432564,2.12909274124,1.78378320154,0.37300706733,1.08591517647,0.944984478662,0.487547439142,0.72412258954,0.474062572444,0.803432446188,0.420104334893,3.57199200959,2.63956386125
sobol__0000349,76.47451851,97.81450284,30.20021068,98.25214002,15.13583519,11.56480426,-35.24796476,1,usable,Converged with independently replayed constrained generalized-force equilibrium and small reserve torques,529.513574,0.177405332721,8.1043211253e-08,6.32692327301e-13,1.20374917197e-05,18,0,0.204639308071,0.0702148917194,0.010023846699,0.0100022897467,0.31083855738,0.0100008014803,0.111680585451,0.0100060262867,0.0100019561192,0.0100009001311,0.0100012013632,0.010003836298,0.0100029513563,0.0100035118282,0.0100068110125,0.0100452377741,0.0821704569256,0.0805993485412,0.0174738084072,0.0100452377741,0.0181257323331,0.0100046078862,0.0100028568539,0.0100037166597,0.0100108274341,0.052570320599,0.0267096401949,0.0100045485125,0.0100050988077,0.0100118629753,0.010002206418,0.0100061628826,0.0100205382181,0.0100113233816,0.0100082542904,0.0100119346094,0.0100117825838,0.0100140851811,0.0100109527663,0.0100111296709,0.0100621339321,0.0120375944868,0.0120369610117,0.0100850891663,0.0115850928396,0.0101521147548,0.010367127019,0.0100381976249,0.0100172747044,0.0100239522249,179.949744819,51.4480588949,1.83471809966,4.80039674477,334.2953132,12.5286743545,30.0613640631,1.42987293854,4.13547531673,6.3654086812,4.61968179151,2.70976225264,2.98520375926,1.87434911058,2.01558258571,0,58.7004916061,56.4770546692,4.72268546969,0,8.56766539557,3.16697063273,10.7517752617,2.20853632991,2.98754330516,13.2372166027,5.15221982368,4.0539610981,4.27290915277,1.01084673048,5.17734539309,2.74997074736,0.696380115666,1.65226942286,2.51721885527,1.47657375554,2.33904810617,1.72051086303,2.12576006475,1.89895147989,0.379558724414,1.29476642431,1.13572162807,0.484386494757,0.835587068749,0.480147380647,0.823911053022,0.438321455137,1.17815342512,1.05845443289
sobol__0000357,101.78701851,87.65825284,37.23146068,75.90839002,-17.36416481,19.76792926,-59.62296476,1,usable,Converged with independently replayed constrained generalized-force equilibrium and small reserve torques,409.832308,0.22810249626,4.03639148772e-08,1.20934450697e-13,2.33274328123e-05,24,0,0.409932990373,0.0398183728288,0.0100065592216,0.0100012285002,0.142782375141,0.0100005344733,0.0997613540072,0.0100051160857,0.0100021676476,0.0100009249495,0.0100010276014,0.0100034526499,0.0100024095744,0.0100026469677,0.010005544604,0.0100243630984,0.0214720059584,0.0210166719338,0.0100762707537,0.012586289443,0.0100014248835,0.0100023268362,0.0100097719437,0.0100098187737,0.0100452377655,0.0906458216987,0.010001632095,0.0671637912046,0.010000797292,0.0102261243722,0.0100110067439,0.0100274440491,0.0100081651991,0.0100047566412,0.0100128615412,0.0100443738441,0.0100036146246,0.0100055584771,0.010006138458,0.0100331010328,0.0100107963523,0.0100052664903,0.010010630469,0.013230457743,0.0100058483592,0.0100235482031,0.0289732424515,0.0421359172022,0.0237770286562,0.0858728879248,251.70589814,39.1951693668,1.73644866309,4.77705279741,150.490148565,13.0402117138,26.8405139095,1.43913551564,4.02347749433,6.16174837455,4.43132182113,2.68492902661,2.95092602866,1.86013797792,1.90776364441,1.046801881,14.8945891742,14.2679058009,2.43299828113,4.77769082137,5.17982318645,3.16622539107,11.3211091241,2.65428630263,0,21.5377684192,1.87166117071,23.8970943635,4.62558259462,0.731543523634,5.57767967718,2.85454686534,0.753492219123,1.71279178744,2.10569245464,1.21421866038,2.17239939865,1.61192729756,2.12434271077,1.61981914719,0.393992043691,0.99632856047,0.893391395231,0.604475454939,0.713048742813,0.453619535877,2.53580996729,1.6509143144,1.6073195798,7.60732666177
sobol__0000365,90.53701851,128.28325284,-9.64353932,116.53339002,72.63583519,8.83042926,-7.12296476,0,solver_failed,The static optimization solver did not converge,1242.59303,,2.22506173486e-08,,,0,0,,,,,,,,,,,,,,,,,,,,,,,,,,,,,,,,,,,,,,,,,,,,,,,,,,,,,,,,,,,,,,,,,,,,,,,,,,,,,,,,,,,,,,,,,,,,,,,,,,,,
sobol__0000373,118.66201851,107.97075284,70.04396068,31.22089002,-52.36416481,-5.38832074,4.12703524,0,solver_failed,The static optimization solver did not converge,1105.457245,,5.50957812706e-08,,,0,0,,,,,,,,,,,,,,,,,,,,,,,,,,,,,,,,,,,,,,,,,,,,,,,,,,,,,,,,,,,,,,,,,,,,,,,,,,,,,,,,,,,,,,,,,,,,,,,,,,,,
sobol__0000381,84.91201851,67.34575284,-33.08103932,39.34589002,37.63583519,5.54917926,56.62703524,1,usable,Converged with independently replayed constrained generalized-force equilibrium and small reserve torques,481.166321,0.147618933812,3.5980505686e-08,4.77647579681e-13,2.40817454872e-05,25,0,0.193258692797,0.20309723732,0.010018716504,0.0285661203532,0.127334878814,0.0100071911446,0.0155980396441,0.0100077046112,0.0100043479657,0.0100018194414,0.0100021902692,0.0100058328984,0.010005127857,0.010005665914,0.0100071787782,0.0100031625511,0.0100040631189,0.0100041916144,0.0100452377995,0.0100452377995,0.0872453034066,0.0100142083705,0.0999001497835,0.0773164830414,0.0387523875951,0.054513729149,0.11580600092,0.0100010685186,0.0100061047915,0.0100042727381,0.0120270562675,0.0100226254277,0.0100103245098,0.0100025657969,0.0100013163736,0.0100019247846,0.0100019545256,0.0100024045832,0.0100019323308,0.0100017844812,0.0127460460245,0.0546865643184,0.0448904097983,0.020984945736,0.0348672570134,0.0108273620032,0.010033631862,0.0100072196295,0.0100018203578,0.0100023457915,221.111969328,210.863993645,1.98664421502,13.235960269,129.160779697,11.2644602274,3.71255608364,1.43963875308,4.24791092956,6.12653206665,4.03961779748,2.68282687692,2.90280099973,1.83120812495,1.88464985397,3.2949934258,6.53839919917,6.31882042505,0,0,24.4327568513,1.7957011457,117.616755156,21.1066883988,10.6925172483,7.77942432782,19.1860086558,3.68565885242,1.46202773098,0.67903531344,6.70119889201,2.61597109079,0.30294701665,1.4517416626,2.32172497317,1.5190187362,2.20245172152,1.60207577866,1.85103462495,1.82916847948,0.210404059968,3.33805589989,2.45774091004,0.668573095199,1.51762246539,0.201584464608,0.432029779663,0.460310369492,1.88549144292,1.12922057271
sobol__0000389,108.11514351,111.52544034,20.23927318,129.22870252,-79.23916481,22.09214801,28.03328524,1,usable,Converged with independently replayed constrained generalized-force equilibrium and small reserve torques,395.248607,0.979193700885,3.73741073645e-07,2.58637555817e-12,8.70432587275e-05,30,0,0.681748222377,0.234801684486,0.0100006464653,0.0100002603138,0.123929093793,0.0100000938909,0.411954704459,0.0100009974812,0.0100002906177,0.0100000930029,0.0100001261122,0.0100005911364,0.0100004206034,0.0100004991584,0.0100005373718,0.0100452375818,0.0394155315904,0.0394537018675,0.0110456655214,0.483753500224,0.0100002961674,0.0100003308112,0.0100083095279,0.0100010101249,0.01000067395,0.0367761058294,0.12728574141,0.0100005062333,0.0100452375818,0.010002085747,0.0100005448379,0.0100033247535,0.0100433188754,0.0100018327769,0.0100011773926,0.0100018300897,0.0100023789177,0.0100027639414,0.0100020940791,0.0100019012817,0.027091046921,0.0839999237493,0.0554557594233,0.0208824193185,0.0662359316559,0.0170111935356,0.0100121611413,0.010005077531,0.0100013189508,0.0100016669988,198.082884585,209.62139968,1.91718086813,3.51656226216,133.282565328,13.0343346151,107.789355204,1.31682461283,4.27757065166,6.57106195431,4.8920687585,2.72325484578,3.07358487971,1.88080383542,2.04337779461,0,28.2485503688,28.3033132395,2.99402075711,160.10850375,2.92043174488,2.99561160733,6.84202563012,0.927130165237,3.05884220097,6.88776352015,22.6590810043,3.65042974084,0,0.658955412587,5.54497925272,2.31320385418,0.00253746268277,1.34151482279,2.58573151924,1.62513010246,2.36178383345,1.72307255312,2.04868178852,1.97326350507,0.710078622156,7.488067092,4.06256696578,0.868159811009,3.70585684625,0.511349230488,0.522082579409,0.398632393064,1.95801015097,1.13229024558
sobol__0000397,96.86514351,70.90044034,10.86427318,72.35370252,10.76083519,15.52964801,35.53328524,1,usable,Converged with independently replayed constrained generalized-force equilibrium and small reserve torques,463.667381,0.083772164642,2.85502608222e-08,9.46768473761e-13,1.32877042295e-05,18,0,0.205669075749,0.0689467005496,0.0100186588996,0.010012121204,0.119300958306,0.0100027416069,0.0248714489549,0.0100106263282,0.010006459624,0.0100026373419,0.0100037161498,0.0100076780472,0.0100065831664,0.010007278312,0.010013075033,0.0100123403303,0.0100165364703,0.0100167648036,0.010034328311,0.010045237954,0.0270487095505,0.0100114688895,0.0290740440983,0.0227540982859,0.0273185736222,0.0558121298499,0.0857334599118,0.0100017339935,0.0100165936571,0.0100055064542,0.0100258204643,0.0100272794013,0.010016221693,0.0100044747566,0.0100024173466,0.0100035556606,0.0100036273403,0.0100044581716,0.0100035783895,0.0100034072226,0.0115214200307,0.049353304428,0.0369528622113,0.0188164806757,0.0266425363245,0.0124167879968,0.010059149135,0.0100141601167,0.0100035727737,0.010004924701,220.073935588,70.6106099259,1.84393718693,4.26188961561,128.302458114,13.063238053,6.46567838487,1.43992493357,4.03886429218,5.94818505091,3.54395896266,2.65675953462,2.87790370558,1.8264046649,1.8382022502,1.98433867895,6.91356988076,6.76551992986,2.22941474978,0,14.0451099094,3.14978541026,33.1110906038,6.06653650485,9.21389149867,10.197223648,15.3660173857,3.69968234109,0.592640217287,0.788993435845,5.54728381824,2.78242610144,0.299855282348,1.49173021667,2.47631207155,1.60306332216,2.29504399565,1.67198879263,1.97652235002,1.93019044392,0.242117273023,3.7747001749,2.41403639477,0.695851796865,1.33356952948,0.323289443502,0.466749554151,0.438631521479,2.01067241285,1.1673930763
sobol__0000405,113.74014351,83.08794034,81.17677318,43.91620252,-34.23916481,-7.43910199,-35.71671476,0,reserve_too_high,The posture requires more reserve torque than the quality limit permits,382.533619,838.718274538,1.07662478044e-07,1.41672598275e-06,0.492624844094,22,3,,,,,,,,,,,,,,,,,,,,,,,,,,,,,,,,,,,,,,,,,,,,,,,,,,,,,,,,,,,,,,,,,,,,,,,,,,,,,,,,,,,,,,,,,,,,,,,,,,,,
sobol__0000413,79.99014351,123.71294034,-59.44822682,19.54120252,55.76083519,-0.87660199,-28.21671476,0,solver_failed,The static optimization solver did not converge,1375.690971,,1.88870713513e-08,,,0,0,,,,,,,,,,,,,,,,,,,,,,,,,,,,,,,,,,,,,,,,,,,,,,,,,,,,,,,,,,,,,,,,,,,,,,,,,,,,,,,,,,,,,,,,,,,,,,,,,,,,
sobol__0000421,99.67764351,81.05669034,-24.29197682,58.13495252,-56.73916481,-9.07972699,-3.84171476,1,usable,Converged with independently replayed constrained generalized-force equilibrium and small reserve torques,540.911017,0.646506504223,3.15488785319e-07,5.18696197105e-13,4.42532640504e-05,20,0,0.223980668161,0.154156185228,0.0100131887151,0.0102850128875,0.0907995868123,0.0100064177983,0.011300742983,0.0100080577641,0.0100054623182,0.0100016713453,0.0100019976677,0.0100058618802,0.0100053328015,0.01000597313,0.010007341598,0.010112738385,0.18777826861,0.183579977019,0.0172495346247,0.274983080999,0.145372296187,0.0100231515389,0.0100017740504,0.0100009006006,0.461666303181,0.243083340494,0.0100010310258,0.270293059438,0.0100004946172,0.0181375090867,0.0100010924415,0.01000409171,0.010007058221,0.0100042335079,0.0959538009645,0.090715473765,0.0100076774446,0.0100304083673,0.0441862179875,0.1266812675,0.0100129378443,0.0100035682252,0.0100489026461,0.0211741860368,0.010005284653,0.0100793087794,0.0102851073504,0.0488780657419,0.0102072869186,0.106179834988,226.504886156,159.752802757,1.79943630165,3.69268428765,93.9534470521,10.3367106406,2.7312020355,1.43572485261,4.18304471988,6.20126273286,4.41386755598,2.70218614609,2.96062538816,1.86692152891,1.90337463944,2.02933300359,126.881505549,121.271268482,1.89093673355,96.8338153623,71.682210914,3.04130088067,11.6659878565,2.76021865867,154.43860169,61.3357699879,1.54857573697,110.249722166,4.76892156516,1.83174136486,3.92165228309,2.53375146148,0.752477903121,1.71219964413,24.7928687164,14.4079036491,2.35669370708,1.73200412437,9.35234818956,24.9500497342,0.259448934146,1.04534548319,0.927416197875,1.03328296519,0.572514234932,0.454858903789,0.836229003611,2.24785043741,1.89329511263,12.3873851567
sobol__0000429,88.42764351,105.43169034,60.08302318,1.25995252,33.26083519,1.85777301,-56.34171476,1,usable,Converged with independently replayed constrained generalized-force equilibrium and small reserve torques,486.474484,0.854664965828,2.32961988367e-07,3.06243919113e-12,4.36731352561e-05,23,0,0.601154006289,0.200367706839,0.0100037716951,0.0100009717386,0.268515652366,0.0100005398252,0.140632902519,0.0100026517914,0.0100009079194,0.0100003223225,0.0100004374976,0.010001860049,0.0100011951007,0.0100013659981,0.0100026701293,0.124995810182,0.465361947332,0.341429840532,0.0100452358996,0.0100452358996,0.0561185475296,0.010005310831,0.0100007491084,0.0100032353582,0.0100452358996,0.0643694333628,0.0175219747347,0.0100084576828,0.010001569165,0.0100246180622,0.010000648134,0.0100020046408,0.01001792261,0.010008608784,0.0100086576094,0.0100130298391,0.0100068668903,0.0100097148491,0.0100082833886,0.0100120458757,0.0100564648493,0.0131639835815,0.0201564320877,0.013910864529,0.0170980397169,0.0100812888404,0.0122310000713,0.0109181566115,0.0100292271054,0.0156077866189,283.252599655,149.479452546,1.74104978482,4.71618809589,288.759568594,12.1782340077,37.8814173741,1.42674940235,4.05324342613,6.37965615462,4.63837004298,2.71233704782,3.00676136453,1.87901094205,2.01076554611,41.4591968095,208.353946526,112.155897742,0,0,24.6127682814,0.908832948296,11.5341998879,2.31580460033,0,15.7863127162,3.32417971433,2.27860320973,3.65945258137,0.418229252301,4.97305164328,2.63781885155,0.500766596293,1.41343571819,2.3256997411,1.37851949332,2.14609333235,1.62449197807,2.12566831789,1.80679550756,0.395743436314,1.29613264357,1.76568566189,0.609108397562,1.21658836209,0.465181747172,1.03969140751,0.497568481099,0.857833187975,1.65850033674
sobol__0000437,116.55264351,117.61919034,-19.60447682,110.94745252,-11.73916481,24.82652301,59.90828524,0,solver_failed,The static optimization solver did not converge,824.369958,,1.69564136954e-06,,,0,0,,,,,,,,,,,,,,,,,,,,,,,,,,,,,,,,,,,,,,,,,,,,,,,,,,,,,,,,,,,,,,,,,,,,,,,,,,,,,,,,,,,,,,,,,,,,,,,,,,,,
sobol__0000445,82.80264351,93.24419034,46.02052318,86.57245252,78.26083519,13.88902301,7.40828524,1,usable,Converged with independently replayed constrained generalized-force equilibrium and small reserve torques,329.169411,0.381979814866,2.41170425852e-08,5.18696197105e-13,6.09548844965e-05,28,0,0.270602302731,0.010002327426,0.0100123105514,0.010000823877,0.310306590396,0.0100003491574,0.211606950625,0.0100058915355,0.0100014460803,0.0100008590977,0.0100011952083,0.0100035496399,0.0100026807115,0.0100032241662,0.0102127026745,0.0100863399423,0.12713297555,0.1244784354,0.0254630711175,0.0100452377017,0.0100003493305,0.0100008553817,0.0100019149382,0.0100005695265,0.010001392913,0.0330957538573,0.0279124221756,0.0100007760638,0.0100019033142,0.0100023738553,0.328168797382,0.0757685323157,0.0100047722069,0.010002228214,0.0100024721811,0.0100040548874,0.0100039942951,0.0100048835076,0.0100041664759,0.0100044729389,0.0237640727651,0.0942702997928,0.0691226611132,0.0375539885917,0.0264543472357,0.0176188898334,0.0100451467111,0.0100162260946,0.0100047549128,0.0100062490543,204.84631753,8.45490373704,1.78970740755,4.80278871812,333.14138215,12.3581997731,57.0022944077,1.43842715553,4.03177363747,6.20725862014,4.48933137748,2.69075829274,2.95748384312,1.86111816819,2.00924612135,0.170657782328,89.5039917356,85.8052158479,6.60476733696,0,5.23427708848,2.52234236359,11.0604436883,2.60257909136,3.33031248413,7.09525323482,4.99958424573,3.91143736888,3.21251776028,0.957165775878,159.037035519,14.4804583161,0.664894026892,1.60182767215,2.58028981955,1.62559616544,2.3666262234,1.72655270184,2.04433970122,1.97324772636,0.621493276536,9.18224483119,5.44612150693,1.68997815836,1.5209957306,0.66790224789,0.545116546456,0.440935713624,1.84559810723,1.15503982758
sobol__0000453,103.89639351,96.29106534,-6.71385182,20.55682752,24.51083519,10.88121051,-51.65421476,1,usable,Converged with independently replayed constrained generalized-force equilibrium and small reserve torques,441.187096,0.381547613604,1.86137079083e-08,4.70769151877e-13,1.55934266346e-05,22,0,0.438824764911,0.30152005359,0.0100038555193,0.0100036026174,0.207263708408,0.0100009409797,0.0539787407188,0.0100030988488,0.0100016281917,0.0100004438278,0.0100005582655,0.0100022155948,0.0100016695599,0.0100019593203,0.0100022004087,0.0100015112319,0.0100028684729,0.0100033950626,0.010045237906,0.010045237906,0.0100083267324,0.0100044550738,0.139096634283,0.059080661776,0.010045237906,0.106744306085,0.0100019733612,0.0789561484826,0.0100011217723,0.0102525363654,0.0455045341523,0.0100360380597,0.0100161961657,0.0100102389042,0.0100283261817,0.0103681424152,0.0100055375044,0.0100088685628,0.0100119100703,0.0139691650546,0.0100141548259,0.0100066870183,0.0100148590878,0.0101973107236,0.0100078095402,0.0100315883292,0.0146070655216,0.0323371120434,0.0151248204356,0.0659434040792,253.158904789,302.648904492,1.74829938561,3.17182206597,221.293138865,11.5535206118,13.5859370075,1.39816303564,4.21367262577,6.46209423687,4.67168689319,2.72629151087,3.00544180997,1.88010341591,1.96826476303,3.19184862545,6.06550897927,5.06428872777,0,0,2.13537323872,1.11570520804,163.657301826,14.6957132768,0,26.3375236248,1.86112830337,20.6564003584,4.74620131763,0.512259086364,24.0797396733,2.70048505393,0.617574384373,1.58011107654,2.35416211032,1.42239504538,2.23941646201,1.66994501986,2.1264484981,2.5032308334,0.394507531035,0.999685579944,0.894368452386,0.462089875104,0.714535482432,0.465298058067,1.23436829717,1.39970872518,1.35307421491,6.62024208462
sobol__0000461,92.64639351,120.66606534,40.16114818,44.93182752,-45.48916481,17.44371051,-14.15421476,1,usable,Converged with independently replayed constrained generalized-force equilibrium and small reserve torques,496.65795,0.729292870174,6.50091038779e-08,7.79071736372e-13,2.9178862329e-05,20,0,0.647095739947,0.423622914619,0.0100029242638,0.010000709195,0.345627055729,0.0100012959999,0.0467234889984,0.0100019658262,0.0100005231151,0.0100002042298,0.0100002555191,0.0100010334081,0.0100006835084,0.0100008575006,0.0100009956813,0.0100034214285,0.0185432616205,0.0180514978879,0.0100454250425,0.0451470409516,0.0100023587633,0.0100012795677,0.0100158022185,0.0100082703657,0.035661143354,0.0360037304536,0.0100196519298,0.0100060224931,0.0100034648192,0.0100144687915,0.0100065999634,0.0100155281046,0.0100174786072,0.0100099002528,0.0100095328731,0.0100149066034,0.0100105954474,0.0100135067077,0.0100119341405,0.0100148434157,0.0100491154261,0.0101862293574,0.0104324242384,0.0101082993834,0.0100524612089,0.0100988193891,0.0110261354846,0.0100936744796,0.010045986783,0.0115278452124,275.607144357,245.23032807,1.66414754458,4.98056085196,364.964584668,12.6796780248,12.5247120721,1.30365126689,4.27362833119,6.56865727672,4.9471544722,2.71957232615,3.08160847466,1.8806824518,2.07971558632,0.765468518941,12.2515483189,11.6073438311,0.0273357762476,16.2706535998,5.24026512419,1.71878487475,11.7891602329,2.7449639533,11.9379804833,9.08948018693,1.92038471022,3.7595932041,4.55214284841,0.879998209251,3.74028512164,2.67492999249,0.754256600337,1.71366325055,2.55412566973,1.49728576539,2.36516587703,1.72928342549,2.1241811227,1.92324393483,0.358017073696,1.11132915492,0.984784504347,0.493242881793,0.726496877537,0.473085859963,0.802448719663,0.419545300826,1.44901100623,1.21345213187
sobol__0000469,109.52139351,100.35356534,-39.52635182,65.24432752,69.51083519,3.22496051,12.09578524,1,usable,Converged with independently replayed constrained generalized-force equilibrium and small reserve torques,395.830658,0.833586167074,1.96561131816e-08,1.39316740052e-11,2.2254968806e-05,25,0,0.664856329394,0.315997037986,0.0100017420056,0.325426743373,0.417562949771,0.0100006654145,0.0100056404042,0.010002240184,0.0100008421889,0.0100002571857,0.0100003218678,0.0100011048447,0.010000886707,0.0100012699864,0.0100013726446,0.0100148588165,0.027983461308,0.0273763756978,0.0100739682985,0.0100452377246,0.0100020886943,0.0100021289606,0.0100087976342,0.0100054203304,0.0262087921087,0.047684970305,0.0163472185367,0.0100028014044,0.0100029213258,0.0100071467968,0.0359310945645,0.0122934357879,0.0100118783228,0.0100061601026,0.0100048771619,0.0100074239629,0.0100063489458,0.0100080456479,0.0100070287968,0.0100073725025,0.0100991083829,0.0289004970793,0.023593256601,0.0140644460018,0.010879263765,0.0106053990285,0.01015919816,0.0100356353987,0.0100100833664,0.010017547217,370.759323229,324.133931344,1.78017867652,117.327640676,425.164088343,8.17605067375,2.40124402656,1.30706198163,4.29333335694,6.56925932427,4.79907585221,2.74852588864,3.02387668481,1.88067676482,2.00018595027,0.196317238637,19.1167768376,18.2955152011,1.69641620912,0,2.36755341169,1.54034778998,11.5454674608,2.75769923181,8.84022495902,10.5845954768,2.66741397303,3.95598635317,4.33748059493,0.968505728782,18.7909113876,2.5730725374,0.699232303142,1.63353120677,2.55555362178,1.62576551258,2.36471314259,1.72226603662,2.03136029366,1.96633992365,0.228187766774,2.57750147469,1.77632868026,0.621399926904,0.576452201438,0.388458564428,0.604963912945,0.461589256348,2.00786214055,1.16894177578
sobol__0000477,75.77139351,75.97856534,63.59864818,122.11932752,-0.48916481,-3.33753949,49.59578524,1,usable,Converged with independently replayed constrained generalized-force equilibrium and small reserve torques,451.547855,0.170276985177,5.05998372091e-08,2.55795384874e-13,4.21845030352e-05,15,0,0.124848774471,0.0100015200034,0.0137835809182,0.0100015334913,0.233569078581,0.0100007508728,0.175228359601,0.0100320200969,0.0100102978177,0.010008766906,0.0100149894595,0.0100115292553,0.0100103322589,0.0100130884213,0.0778044907666,0.0100693656602,0.0100441261482,0.0100441299098,0.0100603804494,0.0100450504354,0.0100137922141,0.0786306093476,0.0103238414123,0.0100733464586,0.037562544655,0.0923155191742,0.160792959196,0.0100079041389,0.0100693656602,0.0100693656602,0.0108967850257,0.0100986292502,0.0100693656602,0.0100094435215,0.0100012314365,0.0100018276994,0.0100018212845,0.0100022710078,0.010001801384,0.010001686237,0.0199839829758,0.0890796146639,0.0727190536994,0.0361981824519,0.0482255205169,0.0202272919886,0.0100632746181,0.0100083282873,0.0100031218997,0.0100027617045,135.700370276,9.66281560455,2.57482605859,4.61379979241,236.975811668,11.9318309525,46.4282296616,1.44124253618,3.86144404035,5.81202449229,3.09074254834,2.63019397635,2.84588321654,1.80125615091,14.8663715895,0,7.2051824274,7.20350003747,2.84731361373,3.6496940474,1.59125686902,22.5310474114,8.56158145756,0.111762254411,10.0237941438,15.295587608,20.7300921459,0.441078351168,0,0,5.39848695141,2.86454520954,0,0.322713236922,2.37932878733,1.54569488236,2.24640899994,1.63233486959,1.91685988025,1.85825544149,0.322009150194,5.4529010457,4.01723127708,1.26749248866,1.77266897502,0.487308368965,0.565171769709,0.458299891697,1.89440381547,1.10318912762
sobol__0000485,101.08389351,126.75981534,80.00489818,83.52557752,2.01083519,5.95933551,43.97078524,0,solver_failed,The static optimization solver did not converge,1768.108438,,9.25210486002e-09,,,0,0,,,,,,,,,,,,,,,,,,,,,,,,,,,,,,,,,,,,,,,,,,,,,,,,,,,,,,,,,,,,,,,,,,,,,,,,,,,,,,,,,,,,,,,,,,,,,,,,,,,,
sobol__0000493,89.83389351,86.13481534,-41.87010182,107.90057752,-67.98916481,-4.97816449,21.47078524,1,usable,Converged with independently replayed constrained generalized-force equilibrium and small reserve torques,487.568035,0.117372288318,5.04810602209e-08,4.76063632959e-13,2.15430324068e-05,27,0,0.141077449712,0.23318474758,0.0100176574852,0.0265294059672,0.0744941469639,0.0100057546355,0.0149921531142,0.01000667647,0.0100032001255,0.0100011302492,0.0100013688887,0.0100038638989,0.0100042278742,0.0100046741682,0.0100047757488,0.0100452380764,0.0458543039653,0.0453790472185,0.0109753060118,0.0333620956009,0.0100255160097,0.0100026708818,0.0100049455045,0.0100032947593,0.0100039270513,0.050139221347,0.127867910102,0.0100010516164,0.0100072456582,0.0100036228036,0.0100048072594,0.0100224374443,0.0100112221633,0.0100030814542,0.0100016270022,0.0100024293093,0.0100027389559,0.0100032934603,0.010002525652,0.0100022431993,0.0155022407727,0.0674907496123,0.0472895914341,0.0199879911036,0.0372136709036,0.015287014247,0.0100455546365,0.0100092324665,0.0100037651493,0.0100036031102,150.608284042,238.382355024,1.83832459657,11.1260463484,75.1908026226,10.0557287867,3.49617684963,1.40142183453,4.29808434006,6.38707989922,4.57546245047,2.70965547873,2.9907073675,1.87766204262,1.95322225903,0,32.8893552142,32.2109491613,3.06536972483,11.467250658,4.77591625418,3.03057474918,10.385682702,2.38697064869,3.10697667629,12.1437127131,16.8570868986,3.65917604023,2.16099906123,0.800085252303,5.57409543264,2.41807995714,0.354785412601,1.54384315167,2.58318919357,1.62533296338,2.36827441349,1.72857107602,2.05605918812,1.97277538067,0.308188116814,5.33233361993,3.35372552504,0.871600568668,1.69777160638,0.541743903283,0.726213323978,0.459936291933,2.01055093802,1.14648980052
sobol__0000501,117.95889351,65.82231534,28.44239818,6.33807752,47.01083519,9.24058551,-19.77921476,1,usable,Converged with independently replayed constrained generalized-force equilibrium and small reserve torques,457.430763,0.493657255132,8.7217883582e-08,1.08636401451e-12,3.63389441119e-05,18,0,0.316878516658,0.0100005159247,0.0206377903583,0.0100005281624,0.018379142807,0.0100001259831,0.272654062381,0.0253072478185,0.344260669036,0.0100004887838,0.010000892739,0.0100058117025,0.0100024110905,0.0100015882202,0.0100032836649,0.225877611825,0.010001464234,0.0100019135165,0.010045237957,0.010045237957,0.0100013615458,0.0100048373447,0.334625389389,0.0868756791313,0.106559965582,0.0922525125832,0.03686648073,0.0100134150942,0.0487808288316,0.0100129723593,0.0311566819001,0.0100108229739,0.0100341262254,0.0100175377947,0.010006479448,0.0100090541958,0.0100103604562,0.0100121594439,0.0100093079269,0.0100084433073,0.0100700695499,0.0132811199,0.0135736387619,0.010079686143,0.0109957125127,0.0130676449866,0.0101306442856,0.0100233397958,0.0100087584218,0.0100108916857,347.380485262,10.5057158408,3.92775036928,3.31291119366,18.8496652891,12.992537205,71.5400198808,3.59766065323,124.564140536,5.59862146423,2.71806460886,2.62019912755,2.84018609745,1.80648437218,1.68856746559,129.664424211,4.913688577,3.72766205449,0,0,1.57288043128,1.86050337093,389.795190781,20.3703143609,31.7983166373,22.9247931754,7.03172729122,3.2817404715,23.4030827002,0.794412078626,16.9695105543,2.54724029296,0.737208236485,1.70871781781,2.5886359299,1.60565282117,2.36911632108,1.73083240375,2.10541648714,1.97205584385,0.385014154439,1.41780978858,1.28069413109,0.485295166461,0.796080457874,0.615661942727,0.720251358603,0.4519185674,1.47858305594,1.13338307866
sobol__0000509,84.20889351,106.44731534,0.31739818,63.21307752,-22.98916481,20.17808551,-42.27921476,1,usable,Converged with independently replayed constrained generalized-force equilibrium and small reserve torques,357.927853,0.459454477823,5.21378424878e-08,6.68124779362e-13,1.74929276578e-05,23,0,0.399923784759,0.294467483161,0.0100084814282,0.0100009870551,0.398565343912,0.0100004209031,0.189549324559,0.0100023012372,0.0100007449561,0.0100003070442,0.0100003939977,0.0100011973063,0.010000982109,0.0100012474382,0.0100014693157,0.010007735834,0.0185586164078,0.0181566575912,0.0100589275038,0.0239146350676,0.0100018334597,0.0100012984219,0.0100124203981,0.0100099370797,0.0100452370519,0.0591740783621,0.0100022744732,0.0451647724058,0.010001237776,0.0102846111985,0.0100082032421,0.010020288876,0.0100124298081,0.0100075603192,0.010019376381,0.0100553781312,0.0100059318295,0.0100090033768,0.0100104277512,0.0100642340777,0.0100149878284,0.0100076477108,0.0100137080291,0.0100589367475,0.0100085356515,0.010027089366,0.0270399932391,0.0307399294593,0.0298285447237,0.0703554983191,312.89244547,241.332178569,1.78217285361,4.96768174795,423.282556332,13.0637054295,48.9584008432,1.3560094268,4.30493294666,6.56993322492,4.82182535137,2.73688754627,3.02318285114,1.88049723928,2.05048467229,0.44013810134,12.6394408757,12.0952905081,1.5277336917,9.05918432531,5.24919562002,2.23686664131,11.5886737623,2.75553797213,0,14.5854402261,1.860313307,16.2705317055,4.59788177758,0.787667938296,5.34533674554,2.84889846489,0.753884166948,1.71327146674,2.30619139177,1.33037706497,2.2827494766,1.68582593243,2.12613400471,1.75006059189,0.394490376919,1.03524311638,0.923845135763,0.473980569585,0.724075099698,0.469576442783,2.24041140829,1.21230130352,2.8301934747,6.56599000231
sobol__0000517,106.88467476,90.07036222,30.34669505,61.5626869,-26.89541481,18.0247652,17.83797274,1,usable,Converged with independently replayed constrained generalized-force equilibrium and small reserve torques,332.608801,0.295116730882,3.27042286585e-08,3.69482222595e-13,1.04953321459e-05,25,0,0.502307935655,0.0607735475548,0.0100045925557,0.0100010144669,0.11421715924,0.0100003797481,0.112090680411,0.0100039319607,0.0100018807052,0.0100005623483,0.0100007140247,0.0100027706745,0.0100018265478,0.0100019489037,0.0100033537982,0.0100106532192,0.0100123112989,0.0100125119034,0.0100345842042,0.0432873756513,0.0100011197673,0.01000242162,0.0374324010974,0.0100428580064,0.0296420401047,0.0476394794704,0.0402673680462,0.0100031110684,0.0100063400448,0.0100079744708,0.0100070371874,0.0100141302947,0.0100150248671,0.0100075991155,0.0100045867209,0.0100068377475,0.0100066014243,0.0100081337178,0.0100067108291,0.0100067467216,0.0101174541808,0.0298820304269,0.0217138603566,0.0118628673709,0.0151169064893,0.0105125414513,0.0101215228489,0.0100295208302,0.0100098331045,0.0100137592763,272.564571639,60.1400114715,1.73105411324,4.04391094099,121.962341807,13.0636853392,29.8405197197,1.43801589768,4.06423160831,6.23562266971,4.50643683215,2.69581708031,2.97049673497,1.8709490616,1.91870506786,1.66652673683,6.80171173334,6.65223625638,1.38752298127,16.2733642491,5.24322386628,2.90897376699,43.4395153171,2.76997093459,9.94672063983,10.5308062216,7.75630508296,3.98846273228,2.87434382751,0.968196714389,5.14985630728,2.83802484308,0.677638800828,1.61611389597,2.58449172549,1.62602098399,2.36536834087,1.7255927753,2.05009621593,1.9742162408,0.266285802064,2.89856450101,1.73019735671,0.524874609975,0.914265860077,0.357884774031,0.567432900173,0.421549577261,1.90947902815,1.14585641438
sobol__0000525,95.63467476,114.44536222,2.22169505,4.6876869,43.10458519,11.4622652,40.33797274,0,capacity_limited,At least one muscle reached the conservative capacity threshold while nontrivial reserve torque was still required,378.775597,10.2153667485,6.13867987553e-08,1.9202531365e-06,0.0371815151684,24,2,,,,,,,,,,,,,,,,,,,,,,,,,,,,,,,,,,,,,,,,,,,,,,,,,,,,,,,,,,,,,,,,,,,,,,,,,,,,,,,,,,,,,,,,,,,,,,,,,,,,
sobol__0000533,112.50967476,102.25786222,72.53419505,106.2501869,-61.89541481,-2.7564848,-38.41202726,0,solver_failed,The static optimization solver did not converge,1201.312129,,7.90165302078e-08,,,0,0,,,,,,,,,,,,,,,,,,,,,,,,,,,,,,,,,,,,,,,,,,,,,,,,,,,,,,,,,,,,,,,,,,,,,,,,,,,,,,,,,,,,,,,,,,,,,,,,,,,,
sobol__0000541,78.75967476,77.88286222,-49.34080495,81.8751869,8.10458519,3.8060152,-15.91202726,1,usable,Converged with independently replayed constrained generalized-force equilibrium and small reserve torques,415.67717,0.114929510389,1.80398576077e-08,5.57998394872e-13,4.78864338048e-06,11,0,0.145548461651,0.287122633416,0.010022580063,0.0253341510235,0.0657028899871,0.0100074589449,0.0150220589335,0.010006442281,0.0100037187018,0.0100011881529,0.0100013647338,0.0100041383728,0.0100040791625,0.0100043815133,0.0100046059368,0.0100163462658,0.012755436955,0.012506180433,0.0100599053724,0.0100452378219,0.0117008375869,0.0100024902552,0.0100141703845,0.0100185662066,0.0258724060372,0.0109885933922,0.0100119755262,0.0176397699319,0.0100077262149,0.0100621428877,0.0243105073538,0.0124879339422,0.0100350125454,0.0100314187493,0.0101387544277,0.0101143248161,0.0100347344453,0.0100431626798,0.0100624404933,0.0101525054559,0.0100386834866,0.0100292569234,0.0100452378219,0.0100495958126,0.0100296793495,0.0100440800758,0.010057064582,0.0100964462818,0.0101456357945,0.0137092282087,165.736181937,292.704599473,1.9825335775,12.3391495382,65.0442791959,10.5234607953,3.32794545911,1.42633269876,4.34707710143,6.35778942628,4.51995813922,2.70348151541,2.95723139018,1.86181239654,1.95240026178,0.450268333675,8.92217480984,8.56319542174,2.55745591061,0,6.14410947265,2.9663201575,11.1878106815,2.58413402535,8.25215389418,2.77449680604,1.88812273352,7.0565909841,4.39192506606,1.00352320092,13.2356518923,3.4850453709,0.705116678914,1.6574563601,2.62236050718,1.616366454,2.37334583321,1.73593113837,2.12169397397,1.99913531886,0.303949150633,1.09425255662,0,0.490416974641,0.641553503971,0.469676028326,0.761666635994,0.463665920208,1.62921693754,1.59561673355
sobol__0000549,98.44717476,124.60161222,-32.93455495,124.5314369,-9.39541481,-5.4908598,-10.28702726,0,solver_failed,The static optimization solver did not converge,1972.255505,,7.07968776936e-08,,,0,0,,,,,,,,,,,,,,,,,,,,,,,,,,,,,,,,,,,,,,,,,,,,,,,,,,,,,,,,,,,,,,,,,,,,,,,,,,,,,,,,,,,,,,,,,,,,,,,,,,,,
sobol__0000557,87.19717476,83.97661222,70.19044505,67.6564369,60.60458519,5.4466402,-47.78702726,1,usable,Converged with independently replayed constrained generalized-force equilibrium and small reserve torques,426.108423,0.269708052479,7.19479658073e-08,5.48574711817e-13,2.81897099575e-05,11,0,0.271227795755,0.0100007133593,0.010102350286,0.0100006117452,0.209928606575,0.0100003203043,0.33702806437,0.0100254285836,0.0100031261262,0.0100019079885,0.0100030552287,0.0100075762994,0.0100056404125,0.0100061095238,0.140372011258,0.0798360918869,0.0248846144807,0.0243493981171,0.0101091341637,0.0100674604333,0.0100009422896,0.0468244979328,0.0100139826765,0.0100112250936,0.0100468208942,0.0346048223955,0.0367138599965,0.0100059678774,0.0100140459197,0.0100180644216,0.0181287008768,0.0105410629596,0.0100301748671,0.0100173124825,0.0100135354462,0.0100195356888,0.0100229866773,0.0100249552437,0.0100191044095,0.0100181194572,0.0118355630798,0.0350028310635,0.0283848384228,0.0119655681306,0.0191393192748,0.010877194181,0.0101210791091,0.0100416288353,0.0100209307504,0.0100210518136,227.271208437,9.66996463576,1.91871874609,4.67478192895,213.846908535,12.0380067376,89.3293137492,1.4420567757,3.69468591214,5.9198744076,3.65620355608,2.6505809386,2.89399130011,1.82546418399,26.7360332127,7.81136561282,17.0605931657,16.3328119011,1.89616299427,0,5.251474715,11.6043092211,11.5032631163,2.73885509914,3.24595664666,8.49925544165,7.08068444432,3.81048957089,4.80436827258,0.787578607437,9.50757271554,2.45439804079,0.75476984253,1.71477760428,2.44114301619,1.44717894119,2.25823438315,1.68795306092,2.1279407644,1.88174715217,0.458283790804,3.71200988522,2.641142087,0.560726231277,1.38510522796,0.509930659988,0.825594569064,0.454009959195,1.00169067101,1.07222709624
sobol__0000565,115.32217476,71.78911222,-9.49705495,47.3439369,-44.39541481,19.6653902,45.96297274,1,usable,Converged with independently replayed constrained generalized-force equilibrium and small reserve torques,744.916425,0.0870911787357,4.70009098308e-08,6.11066752754e-13,1.09479995241e-05,20,0,0.237448459609,0.0100106113406,0.0100181460898,0.0100069587954,0.0189675472931,0.0100017584502,0.0159095164887,0.0100181651924,0.0734330701206,0.0100026043401,0.0100033535774,0.0100127579394,0.0100086521485,0.010007745483,0.0100125886138,0.0100085530793,0.0100045769709,0.0100046836624,0.0100399251353,0.0107107650563,0.0100267117489,0.0366649563809,0.0912696660145,0.0587226398945,0.0100149281082,0.0179045072811,0.0688750204526,0.0100022077102,0.010189026525,0.0100061768309,0.0128307501463,0.0100315802646,0.0100153029469,0.0100066016775,0.0100030718775,0.0100043906099,0.0100052362162,0.0100061458414,0.0100047818137,0.0100041768754,0.0106586073425,0.036484894153,0.0277851664836,0.0118553785873,0.0216197732056,0.0100921801955,0.0100264236531,0.0100110222998,0.0100029649506,0.0100038675432,256.115291322,10.647860781,1.87421432958,2.78804932842,20.1151792039,9.7728559555,3.8719300503,1.44110838196,29.4593832543,5.93525251487,3.56282183035,2.6748536934,2.90771042475,1.84078655053,1.82208624637,3.48898975697,6.63895039858,6.47115390269,0.182404858511,3.86904484621,3.6582830167,11.1439828897,107.39308684,16.1632142739,2.8250698458,3.03521030487,12.9242208453,3.90214681272,1.40335932784,0.930047141685,4.98001078852,2.69317347236,0.561629375697,1.56970559817,2.48458214327,1.60955214407,2.29002483595,1.66924851516,1.97761958112,1.93572734591,0.231122115831,2.80352669694,1.83943142222,0.429410226932,1.09523836189,0.22190571195,0.453594738028,0.415768499304,2.01037290562,1.16704191187
sobol__0000573,81.57217476,112.41411222,37.37794505,22.9689369,25.60458519,8.7278902,8.46297274,1,usable,Converged with independently replayed constrained generalized-force equilibrium and small reserve torques,495.752291,0.484323247848,1.06485025242e-08,1.50635059981e-12,1.37027218638e-05,27,0,0.452374688867,0.207845969151,0.0100079903912,0.0100010235062,0.420993463469,0.0100005078607,0.176993583132,0.0100028861604,0.0100008074376,0.010000328631,0.010000457888,0.0100015451378,0.010001221399,0.0100014437845,0.0100022423887,0.0100022815276,0.010005090729,0.0100058438804,0.0100452377673,0.0100452377673,0.0281384023345,0.0100050371327,0.0739020891041,0.0356208184787,0.053786474641,0.0690486660064,0.0655735738891,0.0100024520196,0.0100038150451,0.0100060326365,0.0101768174058,0.0100244629823,0.0100124990611,0.0100063811038,0.0100035784889,0.0100053578884,0.0100052709556,0.0100065419184,0.0100053848199,0.0100051745834,0.011115992259,0.049458018461,0.0363968045142,0.0181592013087,0.0239693053294,0.0149377138206,0.0101979013693,0.0100208058859,0.0100059052721,0.0100084847987,283.464372768,120.004836416,1.77201936097,4.77466484147,452.658554092,12.4628732852,47.6307914236,1.36907483705,4.19264773568,6.56608573694,4.80980952468,2.72561594413,3.04787407214,1.88065213751,2.07024188542,2.25555332573,6.18612627333,5.28990350153,0,0,13.4323037908,0.826488877602,86.9809847152,8.96868939147,15.9305583377,15.070963001,12.6487924291,4.07992983094,4.48532909785,1.01052044253,5.48573028941,2.69066631492,0.739132374194,1.6967077119,2.57833419746,1.62580803696,2.36760048449,1.72724766079,2.04730615245,1.97359804869,0.327096984163,5.35558040186,3.2558637211,0.881372438086,1.58870407302,0.56445608626,0.620007211366,0.458217005192,1.95033724494,1.16749921178
sobol__0000581,105.47842476,109.36723722,-17.70017995,88.9845619,71.85458519,16.1107027,-54.34952726,1,usable,Converged with independently replayed constrained generalized-force equilibrium and small reserve torques,393.183101,0.558777796536,2.17241371558e-08,6.11066752754e-13,2.71109186166e-05,26,0,0.522674150956,0.377369111415,0.0100011506866,0.0100026065083,0.252576956281,0.0100003185534,0.080127726085,0.0100015428134,0.010000452936,0.0100001577279,0.0100002012965,0.0100007299085,0.0100006392774,0.0100007201868,0.0100007895674,0.0100452392326,0.108783266298,0.106528728781,0.0220115267317,0.0100452392326,0.0100003893901,0.0100006751879,0.010002210797,0.0100011322217,0.0100452392326,0.0587460408678,0.0100011505153,0.0265287273848,0.0100006366875,0.0100309231857,0.135430590713,0.0475386194123,0.0100058184845,0.0100033433983,0.0100688230479,0.0258472509189,0.010003683948,0.0100060558687,0.0100090153951,0.0351132968748,0.0100095355241,0.0100041606694,0.010008353899,0.011366380951,0.0100044175118,0.0100152560974,0.0192947201352,0.0535195873145,0.0451187023839,0.118436430052,227.528730643,373.090108364,1.87521983956,2.95502468537,267.572878298,10.7723522346,19.9914759827,1.280687545,4.34287154656,6.56992636893,4.91446234019,2.7499858238,3.06278579355,1.88074937645,2.04664085416,0,76.8358273782,73.6838179645,5.76073532266,0,4.36815830212,2.01282234105,11.0005771336,2.56714668632,0,14.4597571726,1.92774724385,10.4813802152,4.61310847684,0.83602120833,65.2154624503,9.68523644396,0.749730638833,1.71216743131,2.35483919487,3.54568147183,2.26943626164,1.68178004314,2.12583061135,6.33291579574,0.394373509767,1.026853231,0.915821135596,0.528718159759,0.724214432782,0.460759089882,1.56732973101,2.19116847368,3.61149033113,11.140608938
sobol__0000589,94.22842476,68.74223722,47.92482005,113.3595619,-18.14541481,22.6732027,-1.84952726,1,usable,Converged with independently replayed constrained generalized-force equilibrium and small reserve torques,580.03716,0.172764299373,1.28734310323e-07,6.60804744257e-13,1.81481345067e-05,11,0,0.180720448155,0.0100006910693,0.010054146824,0.0100006866395,0.119567795951,0.0100003270956,0.287547810002,0.0246879669021,0.0474400456128,0.0117658175216,0.0100400842837,0.0100150773992,0.0100081359028,0.0100077100718,0.128293469711,0.0154478590847,0.0354204368613,0.0352686750237,0.0103721670231,0.010022594806,0.0100011407583,0.0544093596459,0.0100096816497,0.0100262432511,0.0100051386475,0.0100191933279,0.104566121017,0.0100073934741,0.0101925491158,0.0100192349213,0.0109354125671,0.011158025996,0.0100884984478,0.0103695438351,0.0100325314914,0.0100301048924,0.0219663711333,0.0115768853764,0.0101252837912,0.0100273915612,0.0135589306668,0.0396402712637,0.0243350353308,0.0102005822626,0.0280682578945,0.0101116383555,0.0100240913911,0.0100185474397,0.0100082457784,0.0100079838626,193.376638347,10.1305798983,1.89077985409,4.99212386128,114.784891588,12.6465890695,77.4586976088,3.53232177092,17.6053004393,6.65864302562,2.75780842484,2.62594756175,2.83432211324,1.79874983726,23.0924436237,0.2770272635,25.4098662278,25.1924012228,2.93524631714,3.80442314814,3.38325602012,15.3081963707,9.89899826466,1.11610033462,3.01753106504,2.39582231291,20.1706108516,3.80999787679,0.169964272052,0.924606231888,5.75025423029,3.17620768677,0.317318895195,1.59860324435,2.59615197174,1.60991909372,5.20135370927,2.00154619919,2.11790829555,1.97551796391,0.448201456117,4.32668181988,2.23858103225,0.497069346591,1.90144453735,0.436518946707,0.621295804959,0.391435231116,1.52233211692,1.02080699779
sobol__0000597,111.10342476,89.05473722,-31.76267995,3.6720619,36.85458519,-0.2955473,1.90047274,1,usable,Converged with independently replayed constrained generalized-force equilibrium and small reserve torques,461.568392,0.40066333965,1.0817936591e-07,1.32310347644e-12,3.87885490254e-05,15,0,0.484353207324,0.105052553392,0.0100055443479,0.0857421573898,0.326312246375,0.0100010401015,0.0185636100642,0.0100041868385,0.0100033663053,0.0100006273065,0.0100007741421,0.0100024625765,0.0100023729717,0.0100027239847,0.0100034440817,0.0100065598385,0.141032522986,0.105169045289,0.0100452378022,0.0100452378022,0.0126509758848,0.0100496735792,0.0100025488299,0.0100138349931,0.0499773585955,0.0363619351973,0.0379955945068,0.0242571711582,0.0100074305095,0.0102563608916,0.0100008561001,0.0100023067599,0.0101019922941,0.0101269896983,0.0100152197547,0.0100161875777,0.0100184698786,0.0100224939347,0.0100159202066,0.0100141601524,0.0100329722287,0.0100270033772,0.0100259097316,0.0100324138114,0.0101278460029,0.0100446183369,0.0115042461038,0.0100719518909,0.0104734172635,0.011007746729,374.430808299,109.588194685,1.68535407295,28.981485933,332.198120048,8.17242820787,4.36524374103,1.408216284,4.1816919159,6.36156745195,4.58701039387,2.71166429618,2.99857627907,1.87972955584,1.9351841346,3.72775856649,66.0143888785,36.7085614081,0,0,1.10295616554,1.11182917767,11.5970603204,2.33395197578,14.7754236975,8.2578446907,7.32666508251,9.7779728076,4.78251951749,1.03445428189,5.14106269617,2.61559375439,0.760672354459,1.73371267181,2.58974581137,1.62756306832,2.37222080219,1.73261244968,2.06438034596,1.97559868544,0.316419267049,1.09491818078,0.942877978596,0.489578200435,0.696738420576,0.413477924222,0.783499967653,0.463294049664,2.04418741671,1.28451477067
sobol__0000605,77.35342476,129.67973722,52.61232005,60.5470619,-53.14541481,-6.8580473,54.40047274,1,usable,Converged with independently replayed constrained generalized-force equilibrium and small reserve torques,435.269924,0.393204001119,8.7579522301e-08,3.5527136788e-13,5.05346477132e-05,28,0,0.166045116235,0.015588373711,0.0100452154932,0.010000834004,0.372831144096,0.0100004873252,0.208349126209,0.0100043387324,0.0100007462935,0.0100003844866,0.010000565722,0.0100018015231,0.0100015668922,0.010002027094,0.0100039081611,0.0100363418878,0.195108026828,0.190798624954,0.0211980698622,0.0100044911196,0.157488809123,0.0100014465584,0.0100016340667,0.0100049421664,0.0483622725228,0.125976862449,0.190849457239,0.0100006564977,0.0100015173865,0.0100024252801,0.0542492323628,0.0352311204378,0.0100054703212,0.0100012337451,0.0100006862689,0.0100010235373,0.0100009964698,0.010001250228,0.0100009928145,0.0100009356549,0.0187081677759,0.0932981939266,0.0826958214889,0.041313351486,0.0567576130944,0.022446902864,0.0100465378526,0.0100053598316,0.0100035550542,0.010001896937,103.275648694,4.49295957206,1.87265627375,4.15096828454,395.53039222,12.0468385777,56.1037570744,1.29856042579,4.21447222025,6.56358127639,4.96556337599,2.77128634337,3.10288840356,1.8800660051,2.07567659426,0.171533029723,132.335229421,126.553776554,2.75225884951,3.548919395,76.7689105306,2.06536094507,11.6248578578,2.76135970549,16.1848596852,24.5613423245,25.4148440972,3.65195574303,2.43725758774,0.644168439216,22.559590024,9.0727055297,0.304447726348,1.48125031933,2.39663372827,1.55467564222,2.25591844483,1.63866617376,1.92846308901,1.86356505794,0.255915936973,5.28021819449,4.48315018179,1.40283356104,2.14573704134,0.53851390086,0.620757363247,0.452889217122,1.86926215659,1.08332927344
sobol__0000613,102.66592476,74.83598722,87.76857005,17.8908119,54.35458519,1.3450777,30.02547274,1,usable,Converged with independently replayed constrained generalized-force equilibrium and small reserve torques,578.495301,0.304283843614,1.15444809268e-08,1.02259608975e-12,3.53719465651e-05,25,0,0.342731571162,0.0100003396786,0.0100055008609,0.0100004785879,0.01000046465,0.0100002237383,0.0575852091477,0.109829873384,0.138789813667,0.0100007158267,0.0100013673146,0.0972596246675,0.0100226414701,0.0100038253613,0.120510093998,0.202801409851,0.0100024637592,0.0100029832386,0.0100452377877,0.0100452377877,0.0100008980512,0.0981963241662,0.166053996646,0.0540632541026,0.0594701127877,0.08168258316,0.133337522542,0.0100011008147,0.0100023189272,0.0100031081381,0.0618950527493,0.0100415348417,0.0100061298667,0.0100028070103,0.0100015145098,0.0100022478682,0.0100022852252,0.010002839594,0.0100022671165,0.0100021134779,0.0168067678476,0.07698038468,0.0564086143017,0.0266543322986,0.0407551550946,0.0183446787411,0.0100726497215,0.0100092359845,0.0100026584622,0.0100031613149,337.986897503,10.1583579839,1.98745276192,4.7539168786,7.895275914,12.2274117801,13.7397822086,15.572149745,41.6596791047,5.54687417957,2.60966945665,25.319422245,2.82865974382,1.79514436461,21.5045498868,73.9700863345,5.89335454608,4.81190430451,0,0,4.24693014377,19.4227034896,195.250979397,13.1368452536,15.9974048345,14.3899335864,24.23460582,4.03257482729,4.38637911548,0.963974356847,34.4786153463,2.47238273778,0.708589818751,1.64650945209,2.46592853322,1.59126826999,2.30763671294,1.6777609835,1.97516215928,1.91214430109,0.38496856577,6.86117156022,4.21009780432,1.15269030447,2.26895924134,0.548660202526,0.549462878557,0.46040746841,2.00413301904,1.15266600037
sobol__0000621,91.41592476,99.21098722,-52.85642995,42.2658119,-35.64541481,-9.5924223,22.52547274,1,usable,Converged with independently replayed constrained generalized-force equilibrium and small reserve torques,438.447278,3.34539823234,7.22938699127e-07,3.89377419197e-12,0.000109610492535,26,0,0.522281702913,0.557505184327,0.0100022528103,0.662116021288,0.561030784498,0.010000163144,0.143525177183,0.010000824738,0.010000247007,0.0100000968344,0.0100001255734,0.0100002816573,0.0100003166085,0.0100004775167,0.0100005190417,0.0100010167631,0.210342000656,0.20419463979,0.0100452407799,0.487862896144,0.0100023757106,0.0100010931574,0.0100020559373,0.0100011023715,0.992994047464,0.540112820044,0.0100006371103,0.438183020962,0.010000279759,0.0302948324388,0.0100006659825,0.0100018562669,0.010005509434,0.0100032904829,0.181045425757,0.173042787262,0.0100048954527,0.0100295740983,0.077841109991,0.246009655055,0.0100098450345,0.0100039760674,0.0101217816152,0.0514904999402,0.0100039296949,0.0345107980488,0.0946890342755,0.110378451865,0.0100040405128,0.190178021476,483.729183016,562.54128899,1.73158293619,271.296858923,568.436055035,9.44845143328,33.6366148871,1.29237316026,4.37964011488,6.56996595362,4.79578574176,2.66076437993,3.02194661713,1.88049696726,2.01886964764,0.895216624128,138.276519465,130.312130877,4.02579185223e-05,179.668103874,3.94412290051,1.81719974528,11.7749991741,2.73704164002,334.770384863,133.464817985,1.5233530971,174.687057259,4.5487129805,2.95218104703,3.98775700336,2.76687390087,0.716478750104,1.66228037865,46.2970667405,28.114743969,2.36772907466,1.72946869089,15.8644980986,48.3506659743,0.209002096409,0.877039564845,0.792362358894,2.40541501628,0.505631595395,1.24645175168,6.89169727633,5.04446811543,2.010560256,21.6279120178
sobol__0000629,119.54092476,119.52348722,17.45607005,70.7033119,19.35458519,13.3763277,-26.22452726,0,solver_failed,The static optimization solver did not converge,1165.383058,,3.10450047891e-08,,,0,0,,,,,,,,,,,,,,,,,,,,,,,,,,,,,,,,,,,,,,,,,,,,,,,,,,,,,,,,,,,,,,,,,,,,,,,,,,,,,,,,,,,,,,,,,,,,,,,,,,,,
sobol__0000637,85.79092476,95.14848722,8.08107005,127.5783119,-70.64541481,24.3138277,-33.72452726,1,usable,Converged with independently replayed constrained generalized-force equilibrium and small reserve torques,477.258024,0.370950314793,4.15574511692e-07,6.62887544869e-13,4.44683411699e-05,26,0,0.213632985796,0.137964589394,0.0100147562815,0.0100039181273,0.209294880799,0.0100013341714,0.0615096536932,0.0100059259847,0.0100023694415,0.0100010796792,0.0100013251828,0.01000365308,0.0100032055986,0.0100036180528,0.0100048226127,0.0100452377983,0.0458085994939,0.0458340163842,0.0125371733389,0.258233749916,0.0100112030137,0.0100024330568,0.0100069981944,0.0100018628191,0.0100009025774,0.0100047631471,0.316596234864,0.0100010716371,0.239492788196,0.010003428499,0.0100009617362,0.0100052694146,0.0100412108547,0.0100164196062,0.0100079457867,0.0100087704641,0.0810222407256,0.0408922629775,0.0165121257171,0.0100093673114,0.0375185642324,0.0855403364423,0.0400344207355,0.0100313993575,0.0882114741725,0.0150445056014,0.0100064907927,0.0100060755584,0.0100048337121,0.0100027305876,175.007310651,127.665113574,1.7712343359,4.97457044502,224.824177358,13.064441837,16.0644576967,1.42460064585,4.20958665197,6.41032488578,4.63853143162,2.70381680639,2.98203039353,1.87620450671,1.98559954276,0,32.8434585456,32.8799273973,3.47007517683,88.1732913596,1.44972868239,2.91653219022,7.17785673309,0.883909828197,2.38226831293,2.52466231397,60.0779188561,4.07869178768,50.0310678204,1.0103104477,5.50757536495,2.38845236722,0.661048858016,1.63738810646,2.23074371281,1.27914341475,18.4170830546,6.84644293739,3.50701184696,1.70527802365,1.47787826515,8.96257176894,3.74977520451,0.478375355529,6.38635241296,0.710645762579,0.803093507738,0.377047716981,1.0217531606,0.908585007338
sobol__0000645,107.58779976,115.96879972,62.57325755,36.6798744,32.47958519,3.39585895,-2.31827726,0,solver_failed,The static optimization solver did not converge,901.519815,,1.80302990316e-08,,,0,0,,,,,,,,,,,,,,,,,,,,,,,,,,,,,,,,,,,,,,,,,,,,,,,,,,,,,,,,,,,,,,,,,,,,,,,,,,,,,,,,,,,,,,,,,,,,,,,,,,,,
sobol__0000653,96.33779976,91.59379972,-40.55174245,28.5548744,-57.52041481,-3.16664105,-54.81827726,1,usable,Converged with independently replayed constrained generalized-force equilibrium and small reserve torques,433.919678,0.363213263291,4.34002345173e-08,1.37845290737e-12,1.82399746905e-05,14,0,0.343745470801,0.332219100842,0.0100064337436,0.103364799457,0.31927050565,0.010000954851,0.0597600052441,0.0100028618229,0.0100011793927,0.0100004309744,0.0100005431388,0.0100019970978,0.0100015029676,0.0100019117659,0.0100021078149,0.0100016284545,0.0100037957824,0.0100041462733,0.0100452377636,0.0100590586988,0.0272668374125,0.0100029623017,0.102813392513,0.037344289143,0.0100452377636,0.0100421277293,0.0100150245854,0.0322054919633,0.0209186866224,0.0100940530929,0.0169745571592,0.01004193731,0.0100823369447,0.0135481985049,0.0103726682164,0.010106084008,0.0100799286376,0.0100766507496,0.0101589314401,0.010148758517,0.0100307219142,0.0100183938671,0.0100219436119,0.0100307681447,0.0100245250996,0.0100364494216,0.0100386455991,0.0100536676491,0.0100862904518,0.0101096051087,314.300729447,340.027531419,1.73269161051,39.726327792,324.208647615,9.47819249656,14.0708693488,1.36921272363,4.28858932907,6.45581501078,4.64588511315,2.73830120152,3.00444166552,1.88003691984,1.96551502409,2.13691121609,6.35779710231,5.7728234191,0,3.53659168859,9.3044274527,1.88851301532,121.045983887,9.46757055168,0,2.3661723291,1.93187470178,7.64689887318,7.1907911537,0.361713124793,4.47057606773,2.53431871395,0.475162748955,1.83198801299,2.13139647911,1.23481351603,1.96070070431,1.50333949695,2.15056496112,1.67620592095,0.395126383262,1.02840584129,0.894626287568,0.446954361608,0.725658169027,0.462663988994,0.882408748455,0.461507863143,0.890119275141,1.10964338521
sobol__0000661,113.21279976,79.40629972,39.13575755,113.8673744,77.47958519,11.05210895,53.93172274,1,usable,Converged with independently replayed constrained generalized-force equilibrium and small reserve torques,447.109963,1.05631875812,4.11393159538e-08,1.06067279707e-12,0.000170444727741,25,0,0.377973415667,0.0100001823499,0.0303643172168,0.0100001632323,0.0100006923568,0.0100000490725,0.605998402157,0.117221818681,0.343016472258,0.0100002486289,0.010000377089,0.0199934711291,0.0100018152831,0.0100009999216,0.0100028375633,0.0702259814245,0.0976309077991,0.0972579501668,0.0236917440087,0.0100452373624,0.0100000812483,0.0100002536309,0.0100025848879,0.0100003485835,0.0100004879119,0.0503126309895,0.0658467540956,0.0100006742344,0.0100452373624,0.0100452373624,0.507383006947,0.224855438189,0.0100452373624,0.0100019529346,0.0100005684478,0.0100008885721,0.0100008985501,0.0100011038564,0.0100009007611,0.0100008908655,0.0528551060094,0.187867433837,0.149797094965,0.080088063794,0.0606281594515,0.020716579424,0.0100140001329,0.0100034327564,0.0100007862663,0.0100010582581,299.468043815,10.1707179453,5.79931876041,3.9394554394,9.97888899895,13.0632720974,162.60814866,16.8611735708,133.521701472,6.00687398332,4.03372986492,5.31467467953,2.90950098812,1.83992631095,1.85186560692,1.72462138182,70.0385562,69.5044651555,6.70643814298,0,5.13111052131,3.13919828163,9.82134073789,1.47248115558,3.16409838899,6.22132274613,8.87206251595,1.3873975346,0,0,116.462174311,43.2680360967,0,0.512974724855,2.35565318548,1.53265118533,2.2157332321,1.61312396493,1.88041341171,1.84374938385,0.902580285638,10.9709352485,7.65283371531,2.43915763039,2.29958787175,0.383849177205,0.375021581975,0.457525387906,1.93602938918,1.1581669056
sobol__0000669,79.46279976,103.78129972,-7.73924245,73.2423744,-12.52041481,17.61460895,1.43172274,1,usable,Converged with independently replayed constrained generalized-force equilibrium and small reserve torques,389.408496,0.346727621873,2.97397662052e-08,4.83169060317e-13,1.39370642221e-05,20,0,0.304049919122,0.279270807739,0.0100155259975,0.0100014815022,0.376365953018,0.0100005594155,0.155183238989,0.010002816172,0.0100009572585,0.0100003984713,0.010000504791,0.0100015128767,0.0100012691465,0.0100015495655,0.0100018210907,0.0100171864647,0.039037836757,0.0382027970819,0.0101577802891,0.0130609468798,0.0100027074412,0.0100013643198,0.0100060237899,0.0100066758901,0.0179349114098,0.0458423046135,0.0195994179953,0.0100044254699,0.0100048276323,0.010010543557,0.0100089149997,0.0100269294622,0.0100173710849,0.0100097240566,0.0100078907462,0.0100116544219,0.0100098965863,0.0100123641001,0.0100107914235,0.0100116224259,0.0100746890757,0.0213868429289,0.0172208852508,0.0105480165363,0.0103543722432,0.0102576396065,0.01023547871,0.0100511421883,0.0100211281522,0.0100408303133,286.517459487,232.494559112,1.85634017101,4.98783041776,395.057572751,13.0639085192,39.7337721664,1.36255838606,4.32167107776,6.56911263539,4.80514530207,2.73427659961,3.01829336096,1.88036100665,2.05194349484,0.186093346252,26.9782632784,25.8360061037,2.31480109643,4.9573107448,5.17663317335,2.46386087422,11.3760570756,2.67184478955,6.04676142318,11.2800837196,3.78055112404,4.00858844449,3.33095203859,0.985204912831,5.57668055393,2.85463226548,0.684889372581,1.62807503606,2.58993359084,1.62130326313,2.37020316843,1.73101831209,2.08326686593,1.97481078438,0.299271688151,2.30468318715,1.52213187933,0.508893533729,0.675932151332,0.42212606165,0.639535998204,0.421031341782,1.68035661452,1.10488869473
sobol__0000677,99.15029976,81.43754972,-0.70799245,99.6486244,14.97958519,9.41148395,25.80672274,1,usable,Converged with independently replayed constrained generalized-force equilibrium and small reserve torques,413.956959,0.0887729431694,8.486225056e-09,5.05740090659e-13,1.29491880022e-05,4,0,0.196132330695,0.134434921889,0.0100559405235,0.0101067628597,0.107998653448,0.0100191360397,0.0156144701829,0.0100324281273,0.0100171024852,0.0100072272307,0.0100086579041,0.0100251977856,0.0100210498707,0.0100237156174,0.0100304241161,0.010106403314,0.0447141784057,0.0438912698576,0.0110934013503,0.0101655508549,0.0100119898649,0.0100092881556,0.0100185362681,0.010025689808,0.0111718558303,0.0605160453007,0.0632783084488,0.0100077622765,0.0101412941695,0.0100307959843,0.0196234505971,0.0188356378473,0.010110479928,0.0100188888505,0.0100106406488,0.0100158439086,0.0100151416415,0.0100188743246,0.0100155938262,0.0100152347104,0.0112338823961,0.0463234607389,0.0350719994133,0.019168858005,0.0212593039693,0.0138314544617,0.0103679699797,0.0100688668976,0.0100184820533,0.0100257722994,177.840004652,136.881654427,1.76893503184,3.78272828315,116.02651874,12.6249261208,3.97153957265,1.44275323436,4.12988497992,6.15581552745,4.37353752097,2.69745345236,2.94533223438,1.86052173018,1.9009398161,0.499356174015,31.9821805904,30.8143772753,3.01261236385,0,5.17426132914,3.1663470092,10.7266012838,2.10511801515,3.54429329543,11.8736822092,10.5882454373,3.31895460706,0.0455204713493,0.50967229406,10.1227293559,5.17835408546,0.0848844279421,1.32922083133,2.51210572382,1.62029266502,2.32994417626,1.6965178184,2.00372765252,1.951039553,0.245271277878,3.76826368461,2.40899497096,0.769725099946,1.04359749735,0.422557893662,0.559283313316,0.461012857935,2.0136450211,1.16994812115
sobol__0000685,87.90029976,122.06254972,27.41700755,91.5236244,-75.02041481,20.34898395,33.30672274,1,usable,Converged with independently replayed constrained generalized-force equilibrium and small reserve torques,359.734858,1.25407866702,5.37651594357e-08,1.96820337806e-12,4.77744584996e-05,30,0,0.624531353094,0.16901574979,0.01000296512,0.0100001574137,0.40244833395,0.0100000878965,0.742527016152,0.0100009154876,0.0100001766232,0.010000088702,0.0100001249299,0.010000430043,0.0100003069831,0.0100004098384,0.0100005582206,0.0100452377241,0.107161119325,0.104963298976,0.021927185018,0.262213956003,0.0100003105889,0.0100003153076,0.0100022323729,0.010000674167,0.0100015580768,0.0861713657622,0.0890906126156,0.0100006581108,0.0100249079285,0.0100020848271,0.0100009776385,0.0100055610201,0.0100071813591,0.0100018357722,0.0100013425714,0.0100020946806,0.0100021506833,0.0100026552812,0.0100021164255,0.0100021119787,0.0177197559575,0.0733471021868,0.0542509819894,0.0270698120183,0.0430850188474,0.0203039522791,0.0100646719226,0.0100105594734,0.0100024045925,0.0100033534756,347.535829574,90.5735928772,1.74722889156,4.98646208577,431.487962217,12.8063976282,196.899835794,1.27942513743,4.31878260863,6.54988545718,4.96776599656,2.7643410212,3.0995305937,1.88011178464,2.0802148908,0,75.9451533464,72.8617772297,5.79056592817,88.3697742986,3.72402652738,3.15524338472,10.9356202443,2.61774597406,3.37345198786,16.8772785423,15.5573486208,3.80477387764,0.104602915584,0.900777482712,5.02950964952,2.34878348868,0.341361402696,1.53809014933,2.56741709469,1.6252748393,2.3461808664,1.71073567325,2.03033180533,1.97240605216,0.399002050599,5.80259233016,3.67027244658,1.02855328686,2.24939166482,0.560539295482,0.511982017292,0.409834173518,2.00544905466,1.15847976592
sobol__0000693,116.02529976,109.87504972,-42.89549245,54.9611244,59.97958519,6.13023395,-30.44327726,0,solver_failed,The static optimization calculation failed,18.741252,,1.91307805153e-08,,,0,0,,,,,,,,,,,,,,,,,,,,,,,,,,,,,,,,,,,,,,,,,,,,,,,,,,,,,,,,,,,,,,,,,,,,,,,,,,,,,,,,,,,,,,,,,,,,,,,,,,,,
sobol__0000701,82.27529976,69.25004972,78.97950755,14.3361244,-30.02041481,-4.80726605,-22.94327726,1,usable,Converged with independently replayed constrained generalized-force equilibrium and small reserve torques,564.449389,0.0730481106594,6.11786958871e-08,3.12638803734e-13,9.0459973431e-06,16,0,0.17802556417,0.0866193314407,0.0100378411923,0.0100278434846,0.117705484671,0.0238894234766,0.010187456067,0.0100126589544,0.0100269156569,0.0100048300964,0.0100075376877,0.0100087671109,0.0100080651941,0.0100092754626,0.0100147461273,0.0100095459269,0.0100115368351,0.010013598896,0.0100452378234,0.021258556113,0.0354683602668,0.0100227726654,0.0290723212823,0.0101461618454,0.0100452378234,0.100210264366,0.0100326321215,0.0100043459327,0.0100022637967,0.0100105345819,0.0100192384216,0.0100219490611,0.0100148042087,0.0100074934652,0.0100056381043,0.0100092427219,0.0100064019884,0.010008441385,0.0100074308959,0.0100089474601,0.010239369013,0.0293025235007,0.0372020951537,0.0208974507185,0.0134446502809,0.0154096380861,0.0104713219547,0.0100382513975,0.0100076925669,0.0100158162484,196.32848267,86.6664805512,1.84867640708,4.60034375342,110.002888799,28.5080843003,2.52183732571,1.41887318453,3.57620675954,5.25563003673,2.15979341692,2.59513863466,2.77475191485,1.77626863848,1.85450988763,3.79195593055,5.61979377845,4.47835002589,0,7.93288315778,18.1064564206,2.4299336583,34.134019785,2.46847720874,0,25.2603959047,1.93498901446,3.32180924511,4.57442355617,0.723314515338,3.10481190618,2.82488960556,0.650805035355,1.63206209402,2.53580873135,1.50638111676,2.29795380116,1.71144496732,2.12511197753,1.93551129512,0.372082529236,3.16221155387,3.49810686767,0.98873370063,0.969509705078,0.728578995176,0.876325109144,0.461742521276,1.49702447661,1.16836375415
sobol__0000709,103.36904976,66.20317472,-58.12986745,80.3517494,-66.27041481,-7.26820355,37.99422274,1,usable,Converged with independently replayed constrained generalized-force equilibrium and small reserve torques,485.079131,0.174132323729,9.01227803496e-08,1.41398004416e-12,1.56759413423e-05,22,0,0.228446024375,0.0950621638047,0.0100110712696,0.13683747411,0.260729097559,0.103579722155,0.0112418959265,0.0100060455423,0.0100043935271,0.0100016548784,0.0100023139784,0.0100045478875,0.0100039781552,0.0100047120658,0.0100083138385,0.0100075222218,0.0100276792671,0.0100279088699,0.0100402605412,0.0100171005005,0.0194822978498,0.0100050367572,0.0114279569038,0.0366365950992,0.0183779945738,0.0411322589497,0.0686151559349,0.0100019188454,0.010005674509,0.010005703859,0.0271805600772,0.0100942050816,0.0100123606949,0.0100042018591,0.0100021893133,0.0100032012583,0.010003286587,0.0100040438111,0.0100032152227,0.0100029513033,0.010168558918,0.035685875125,0.028953266493,0.0136405066059,0.0200999040517,0.0102837611816,0.0100492767847,0.0100135681736,0.0100074063492,0.0100057755565,262.007945218,103.05406316,1.97745801261,64.7041702115,247.099656696,80.9736167763,1.74608851745,1.43928691671,4.19972312187,6.00474083978,3.41373774081,2.69517673558,2.92237200246,1.84289303462,1.82499779996,1.08598393304,6.99931912328,6.85132971805,2.53129915214,3.45687935269,10.2301263198,3.09342215085,12.8083684763,9.86698744443,6.18918699267,9.29833618375,8.62741603503,3.69673581537,3.00160899876,0.809119804898,12.7819685115,2.45260875124,0.435909724918,1.54640115979,2.50228665976,1.61206977545,2.33336213038,1.694863426,2.0001621023,1.93086331673,0.159393699234,2.32399568706,1.77711986434,0.524072650302,0.811221811363,0.30944445198,0.68358635272,0.456103730429,1.95669178109,1.11436122843
sobol__0000717,92.11904976,106.82817472,82.49513255,120.9767494,3.72958519,-0.70570355,15.49422274,1,usable,Converged with independently replayed constrained generalized-force equilibrium and small reserve torques,351.793164,0.843847739121,3.10392209713e-08,3.97903932026e-13,5.58161080518e-05,24,0,0.412524081561,0.0100009171179,0.0100134898668,0.0100002182661,0.121133310269,0.0100001305024,0.790452679281,0.0100017281535,0.0100003097158,0.0100001600449,0.010000223355,0.0100010978473,0.0100007885857,0.0100008863007,0.0100030774626,0.0100452377544,0.022382039054,0.0223729562023,0.0101046418458,0.0330917078064,0.0100197156972,0.0100010531908,0.0100106746776,0.010033256983,0.0100465120655,0.0835089183663,0.107627122336,0.0100017285849,0.0100220990961,0.010007928262,0.0100069594332,0.0100157171601,0.0100387423846,0.0100042335323,0.0100019563183,0.0100029258621,0.0100030276056,0.010003749721,0.0100029875724,0.0100027545244,0.0154327041207,0.0705262850846,0.0507952195945,0.02517944883,0.0333320527249,0.019211909905,0.010226645062,0.0100119922164,0.0100035522154,0.010004391706,152.467371205,7.98148823528,1.98591047085,4.50508264987,129.39714957,11.8189718435,212.896475393,1.43374544199,3.95121042026,6.30424398579,4.58076657467,2.70392070307,3.00005047275,1.87792397326,2.0031625254,0,16.0562609014,16.0432019651,2.86110697938,11.5143662351,0.229947823065,3.01840326196,8.53417643132,0.179492984118,2.07288390009,18.4601154711,16.3086419532,2.79373585733,0.28432154391,0.390986352811,4.91706600224,2.8203458148,0.0232924479267,1.30123578887,2.55870551623,1.62528104733,2.36584526107,1.72346575068,2.03704021202,1.96986208232,0.36036321721,6.3644183609,3.87994732104,1.15510771411,1.64269352058,0.696776803406,0.678765008167,0.46053212398,2.0105701707,1.16426239713
sobol__0000725,108.99404976,127.14067472,12.18263255,27.5392494,-21.27041481,22.26304645,-18.25577726,0,solver_failed,The static optimization calculation failed,17.720593,,9.51409226957e-08,,,0,0,,,,,,,,,,,,,,,,,,,,,,,,,,,,,,,,,,,,,,,,,,,,,,,,,,,,,,,,,,,,,,,,,,,,,,,,,,,,,,,,,,,,,,,,,,,,,,,,,,,,
sobol__0000733,75.24404976,86.51567472,21.55763255,35.6642494,48.72958519,15.70054645,-40.75577726,1,usable,Converged with independently replayed constrained generalized-force equilibrium and small reserve torques,419.701544,0.176228157537,3.65256624946e-08,6.88519682947e-13,9.36225672007e-06,20,0,0.199042534383,0.207388321807,0.0100412645085,0.01007426347,0.251601242479,0.0100028039656,0.0451203470848,0.0100067989599,0.0100032767591,0.0100011624582,0.0100014129982,0.0100046966756,0.0100037323123,0.0100042869813,0.0100055493823,0.0100050229125,0.0100052492235,0.0100054618303,0.0100452378406,0.0100452378406,0.0603246444905,0.0100079581891,0.0738080473303,0.041245541851,0.0100452378406,0.0910931663343,0.0100036459238,0.0100401756379,0.0100015547917,0.0100274086425,0.0552215038272,0.0103791086824,0.0100143965962,0.0100084233999,0.0100096342507,0.0100185374693,0.0100062918614,0.0100090539826,0.0100094122094,0.0100191357742,0.0100300810676,0.0100239890704,0.0102395801366,0.0124761065354,0.0100165821423,0.0100939916985,0.0206716611464,0.019271774347,0.010047008384,0.0380112567764,209.296525524,183.149355425,1.88729542238,4.94158703742,270.589638747,12.7189826577,12.0999755267,1.43870917928,4.12646078701,6.22450106397,4.48270974231,2.68144319663,2.94178864991,1.85171529555,1.97099329493,2.69068985796,6.48693228773,6.20199802982,0,0,24.2961461032,1.34486068437,86.8992959876,11.0354908455,0,22.969187912,1.87500186463,3.13059861595,4.79743861346,0.650067847857,30.7643374976,2.62544843445,0.730850988029,1.70496756721,2.50221902769,1.46947407768,2.3412995269,1.71988109918,2.12538767595,1.89634362095,0.394956734201,1.03840544019,0.946100215282,0.586976225903,0.72474693025,0.476194366117,1.59735042617,0.801433050671,1.03747449714,3.76238772595
sobol__0000741,100.55654976,100.73442472,47.33888255,9.2579994,-48.77041481,24.99742145,-46.38077726,1,usable,Converged with independently replayed constrained generalized-force equilibrium and small reserve torques,410.317039,1.11434423129,0.000110939659226,1.00727358701e-12,3.23707227117e-05,28,0,0.774408081156,0.251544947864,0.0100017233559,0.010000370445,0.106829315584,0.0100001986115,0.247702148903,0.0100016966065,0.0100004996314,0.0100002237849,0.0100002668631,0.0100012469573,0.0100007718024,0.0100008533587,0.0100014396066,0.0100013705182,0.0100022745716,0.0100029046509,0.0100452382502,0.178420198982,0.0100008570816,0.0100020458509,0.200956107307,0.0258770934701,0.0100452382502,0.148890046733,0.352287888207,0.0100020036202,0.280973437478,0.010007756899,0.0100042461826,0.010005460097,0.0100282356341,0.0100095925027,0.010002697372,0.0100037929842,0.0105696778911,0.0100185146308,0.0100061771689,0.0100037581487,0.0718784138425,0.17679845201,0.136481655928,0.0333965881448,0.13307507023,0.0564341672568,0.0100300964088,0.0100067268825,0.0100035912244,0.0100027729421,297.806493354,226.596947514,1.74487429548,4.99059332227,113.819441502,12.8093098316,66.7200595956,1.428455053,4.09806720831,6.39025394735,4.64155977464,2.70995475404,3.0032198005,1.87892586585,1.97232209451,3.39990227231,5.1726937115,3.99551941355,0,63.8619349719,4.49814643421,1.57982016478,234.989360496,6.17111077912,0,37.2925106242,61.2797647605,1.77900236599,134.790293885,0.292799394885,2.22787707257,2.63063541053,0.556870878807,1.44459805584,2.13882015337,1.2230517394,2.35442808616,1.64655447811,2.12491741602,1.63673843158,2.77445240611,16.2838354031,11.9569479228,1.50601718018,9.16406684259,2.60608910904,0.85017642808,0.371763040652,0.81589283219,0.867557044765
sobol__0000749,89.30654976,76.35942472,-18.28611745,49.8829994,21.22958519,14.05992145,-8.88077726,1,usable,Converged with independently replayed constrained generalized-force equilibrium and small reserve torques,509.186469,0.123258695288,1.54739616676e-08,7.16770154572e-13,3.69792756255e-06,14,0,0.202223487276,0.211646749164,0.0100181698848,0.0244526197256,0.142273248624,0.0100079668332,0.0167852963236,0.0100072853607,0.010003633797,0.0100015629377,0.0100018354632,0.0100055549103,0.0100047860643,0.0100053435354,0.0100062943775,0.0100049128625,0.0100077016383,0.010007859669,0.0100390434552,0.0100452378288,0.0555916225414,0.0100059157094,0.0533694851466,0.0431708040704,0.0490098340508,0.0167489856197,0.0100151447822,0.0119083190253,0.0100091700714,0.0100485368495,0.0441757750991,0.010510459565,0.0100374900137,0.0100328639173,0.010029122907,0.0100378341754,0.0100225180143,0.0100276089363,0.0100290744264,0.0100392099599,0.0100413752614,0.0100403285147,0.0100507378391,0.0100557138201,0.0100332598178,0.0100545768889,0.0100768798932,0.0100837397276,0.0101043110997,0.0117875889353,220.465607845,216.522560558,1.889371441,10.4891243258,148.663978435,12.175657425,4.15784869925,1.43897765041,4.20139582351,6.16679689199,4.32956096994,2.69314422609,2.9305322455,1.84886209884,1.90198682448,2.53367743046,6.67060917354,6.50934210512,0.39486354216,0,20.3920875157,2.11137607676,62.7503897873,11.9148484898,16.5144402727,4.20107516935,1.93185109997,4.85713689052,4.44658000329,1.01464656823,24.6138410054,2.84927798541,0.737459127325,1.69755789651,2.59542475635,1.62388183989,2.37320153609,1.73369068949,2.09357725679,1.98003204673,0.325208963078,1.09636480384,0.942551191813,0.490680559458,0.701721226586,0.451628286527,0.6640603089,0.438251581474,1.60372806625,1.31198676557
sobol__0000757,117.43154976,96.67192472,61.40138255,94.5704994,-3.77041481,-8.90882855,9.86922274,0,solver_failed,The static optimization solver did not converge,1184.438366,,2.6964967681e-07,,,0,0,,,,,,,,,,,,,,,,,,,,,,,,,,,,,,,,,,,,,,,,,,,,,,,,,,,,,,,,,,,,,,,,,,,,,,,,,,,,,,,,,,,,,,,,,,,,,,,,,,,,
sobol__0000765,83.68154976,121.04692472,-22.97361745,102.6954994,66.22958519,2.02867145,47.36922274,0,reserve_too_high,The posture requires more reserve torque than the quality limit permits,311.799467,1094.89741987,1.81581754077e-08,1.90338584272e-06,0.5,28,1,,,,,,,,,,,,,,,,,,,,,,,,,,,,,,,,,,,,,,,,,,,,,,,,,,,,,,,,,,,,,,,,,,,,,,,,,,,,,,,,,,,,,,,,,,,,,,,,,,,,
sobol__0000773,106.53311226,105.05083097,-27.3681487,25.76190565,12.16708519,19.46031207,57.91609774,1,usable,Converged with independently replayed constrained generalized-force equilibrium and small reserve torques,509.308428,1.08532976366,5.30575121616e-08,8.56203996591e-12,8.12758707345e-05,28,0,0.765940228616,0.465545193628,0.0100010698549,0.139427146689,0.474455233186,0.0100003344422,0.0261709652207,0.0100013923831,0.0100004507181,0.0100001496789,0.0100001903488,0.0100006854836,0.0100005030229,0.0100007128005,0.0100007765813,0.0100011782334,0.010005141791,0.0100057473421,0.0100452378642,0.0100452378642,0.0619296949826,0.0100076167591,0.0730800475807,0.0708725470364,0.0100199162015,0.0378430900065,0.125658869042,0.0100014403895,0.0106825665634,0.0100039336863,0.0100004478185,0.0100010226441,0.0100161955066,0.0100048145106,0.0100016364424,0.0100022485381,0.010003028656,0.0100036144147,0.0100025773504,0.0100021257903,0.0100910425955,0.0169362479058,0.0126446834414,0.0100384411094,0.0329800631624,0.0100511482506,0.0100352643995,0.0100067051171,0.0100019124986,0.0100023121489,373.43846238,468.695333715,1.82403953353,43.5855868101,494.940921246,9.68583715537,6.4228039739,1.29333589696,4.32152209506,6.57092663761,4.85803423688,2.74861443409,2.97008171154,1.88065813506,2.02434681468,1.8704766816,6.28605199048,5.54061063698,0,0,12.4277743015,1.01973596246,86.0319096329,18.1738584833,2.34100195063,4.9029361599,23.9711530001,3.82500091405,0.847255742044,0.896399697458,5.09702613827,2.76664058946,0.429333639134,1.53023486979,2.37694473282,1.54908833565,2.21917648819,1.61681267862,1.89840112253,1.86756205214,0.214950119795,1.24416122389,0.797706356778,0.34275859571,1.71347909675,0.166780851775,0.363178150606,0.418464492013,1.96962332195,1.16721020595
sobol__0000781,95.28311226,80.67583097,57.0068513,33.88690565,-77.83291481,8.52281207,5.41609774,1,usable,Converged with independently replayed constrained generalized-force equilibrium and small reserve torques,431.354234,0.236695038003,8.64142322143e-08,1.90714961472e-13,4.20955160657e-05,27,0,0.342612963586,0.0100050165472,0.0100137154642,0.0100012518519,0.177402261757,0.0100006054501,0.115068282684,0.0100072667896,0.0100031222546,0.0100012239223,0.0100017107373,0.0100043934066,0.0100033467593,0.0100037728193,0.0100194586985,0.0100571522558,0.0100085266735,0.0100089040017,0.0100452378183,0.236000339634,0.0382649407375,0.0939213564173,0.0414349847315,0.0100030610972,0.0177511033307,0.0372881001993,0.0100049825008,0.0100017497367,0.0100014658841,0.0100049050743,0.0100029247904,0.0100062145211,0.0100069710262,0.0100034029464,0.0100038200092,0.010006548294,0.0100047429632,0.0100062183735,0.0100054947699,0.0100074856807,0.0100467409963,0.0116687662682,0.0126285521279,0.0106118377864,0.0100332719122,0.0104042339178,0.0175360800973,0.0125621023125,0.01049635389,0.0281374109947,278.685497003,9.91314755117,1.91034285991,4.97156171887,173.309595335,12.4926676678,30.975736629,1.43940663027,3.78860537122,5.94202477467,3.74392325086,2.65110003952,2.89402060497,1.8274507829,1.87662304592,2.88188451474,6.46139636571,6.12474670008,0,78.6557913614,20.0925245286,26.5634781889,48.7843075697,2.54282349018,5.55165125289,8.93568289128,1.9270878019,3.89003478796,4.61150481646,0.970710971409,2.1696074858,2.32732441355,0.753514756699,1.71255979632,2.5880799574,1.59998938168,2.36881742237,1.7299780923,2.10332204561,1.97211479986,0.295963289016,1.26579769609,1.14841242715,0.516592419626,0.662096955205,0.413603573741,1.22977787743,0.57437330748,2.00637964993,3.28131145421
sobol__0000789,112.15811226,92.86333097,-13.3056487,78.57440565,57.16708519,-3.50843793,-5.83390226,1,usable,Converged with independently replayed constrained generalized-force equilibrium and small reserve torques,536.634999,0.175770674057,3.65581378503e-08,7.050235807e-13,6.21961305134e-06,21,0,0.365605517179,0.152519663379,0.0100055687538,0.0100090223315,0.0909476524856,0.0100013850666,0.0103052941034,0.0100053378543,0.0100040059556,0.010000715297,0.0100008980371,0.0100034737077,0.0100030220371,0.0100033127965,0.0100037392716,0.0100135377315,0.031294886946,0.0306316294819,0.0101116804416,0.0100452377935,0.0100019864995,0.010002452422,0.010007097386,0.010005038267,0.0163987440974,0.0437957153085,0.0101125183284,0.010003856914,0.0100035059419,0.010009287139,0.0384045939898,0.0184931860152,0.010015332554,0.0100085977916,0.0100078643165,0.010011909643,0.0100098363459,0.0100124182707,0.010011285718,0.0100120295272,0.0100887519932,0.0236072357517,0.0100452377935,0.0127150469584,0.0101562192921,0.0102274344155,0.0100867440272,0.0100377517913,0.0100112769805,0.0100206095737,217.712673371,156.482679153,1.76369024521,2.75140450698,95.8796198835,9.72760997932,2.53805858607,1.41160776948,4.17311586838,6.41334483116,4.6327119962,2.71101923209,3.00175906244,1.88014085427,1.94946868232,0.91767576246,21.7897101047,20.8750949777,2.5179089344,0,3.56985277061,2.32535678874,11.2572638738,2.64189950901,5.28793838314,11.0503179788,1.56583977657,3.95419215628,4.50979189243,0.986380380962,19.7120666014,4.45723828193,0.711184129391,1.65574640903,2.58984314469,1.62653134858,2.37015006497,1.73106438369,2.07920024147,1.97528706771,0.259297673344,2.42087422371,0,0.619464601339,0.563663343942,0.452727865671,0.714202188609,0.461720200963,1.83583368617,1.1693395218
sobol__0000797,78.40811226,117.23833097,52.3193513,119.19940565,-32.83291481,7.42906207,-58.33390226,1,usable,Converged with independently replayed constrained generalized-force equilibrium and small reserve torques,370.175404,0.414525795438,5.4445543185e-08,1.10844666779e-12,4.33357247316e-05,24,0,0.224646247367,0.0100009546396,0.010006052672,0.010000261489,0.286961209367,0.0100001358637,0.496485589748,0.0100037264433,0.0100004118656,0.0100003040564,0.0100004688971,0.0100018689749,0.0100015774749,0.0100019647714,0.100706325854,0.0100452375876,0.0571761667646,0.0571309894665,0.0145987745164,0.0836913987757,0.010048520652,0.010006070209,0.0100046755588,0.0100056728902,0.0100452375876,0.0748657805578,0.0102514595346,0.0100026030815,0.0100035613608,0.0100070076367,0.0100025494443,0.0100088629645,0.0100138996735,0.0100069650688,0.0100066342786,0.0100101674465,0.01000971726,0.0100113268613,0.0100080753621,0.0100095042394,0.0104773074006,0.0275841896324,0.0258885004102,0.011241702341,0.0191133607706,0.012184134743,0.010936119627,0.0100328068526,0.0100152897916,0.0100156207678,137.077614966,4.76894370636,1.79602052271,4.47575168373,308.530609937,12.0687886579,133.739829365,1.37046891242,4.14294652888,6.56498603053,4.81267323341,2.74116462738,3.05497036479,1.88084197487,20.9427073438,0,41.0173370534,40.9525481195,4.13434802743,31.0232207477,0.00913308843222,3.07969444236,8.8839966782,0.822078164039,0,17.8834868772,1.97748672467,4.07996139071,4.38715473429,1.00960793242,5.31064233733,2.79890749169,0.704818276044,1.68074386239,2.07551432822,1.21377388717,2.04981659217,1.5450657596,2.12194673788,1.62336439977,0.412804836402,2.82134639986,2.33693118501,0.509854660831,1.38377426585,0.5575813294,0.963098187825,0.444128422349,0.801738200005,1.01231287448
sobol__0000805,98.09561226,70.51958097,17.1631013,96.85565565,34.66708519,-1.86781293,-33.95890226,1,usable,Converged with independently replayed constrained generalized-force equilibrium and small reserve torques,454.814424,0.0546853077865,2.70416757875e-08,6.93133062074e-13,3.93761267958e-06,14,0,0.184572924382,0.0450510073818,0.010020214604,0.0100094378386,0.100902967473,0.0100026204691,0.0250822304368,0.0100121504381,0.0100078145578,0.0100031650661,0.0100045272415,0.0100087132608,0.0100074241094,0.0100081881586,0.0100158435768,0.0100322762608,0.028323606329,0.0277696801571,0.0101091528348,0.0100452377444,0.0100031147105,0.0100037934833,0.0100074221962,0.0100074878415,0.0100640934706,0.0292857247336,0.0116862138701,0.0100055890074,0.0100063150257,0.0100130355417,0.021110434926,0.0151590173063,0.0100214839637,0.0100131723163,0.01001258259,0.0100181525825,0.0100157945751,0.0100186379876,0.0100164307987,0.010017544989,0.0100948563933,0.0194304993721,0.0181099775489,0.0103501292013,0.0102291436399,0.0101195489925,0.0100595697936,0.0100364272149,0.0100155061431,0.0100208582966,196.294711493,46.0719345792,1.83118273024,4.35140067077,108.388088536,13.0666260955,6.58633596743,1.44008156062,4.00199927313,5.91115585795,3.41172892075,2.6503584899,2.868892329,1.82248501737,1.82670735805,1.04152457492,20.2044468273,19.4210167035,2.71917016499,0,5.23318814563,3.16304319955,10.797046498,2.33938708344,2.68221810806,7.29531992554,2.08199124156,4.00811550225,4.54498235322,1.00984029936,10.6251030677,3.98472658728,0.712084178166,1.66896255743,2.56137885976,1.54202973718,2.31396760543,1.71809234227,2.12626877623,1.95479517579,0.345318909925,2.1213952273,1.70950375345,0.495691668902,0.683901622995,0.478642667894,0.808364242223,0.461455725436,1.28391861268,1.16006361215
sobol__0000813,86.84561226,111.14458097,7.7881013,104.98065565,-55.33291481,4.69468707,-26.45890226,1,usable,Converged with independently replayed constrained generalized-force equilibrium and small reserve torques,405.410374,0.461949021725,3.52070799181e-08,1.89720037743e-12,2.08986921208e-05,28,0,0.420982042448,0.214286810048,0.0100059662471,0.0100006053605,0.36773049127,0.0100002898724,0.251105014752,0.0100019755623,0.0100005694323,0.0100002417303,0.0100003171261,0.0100009816957,0.0100008453215,0.010001030485,0.0100012316672,0.0100452378349,0.102043832743,0.100640366583,0.0228067798436,0.100308696404,0.0100011786644,0.0100007097622,0.0100023392913,0.0100013841606,0.0100033731022,0.0538808612658,0.0332395458491,0.0100019139526,0.0100032136163,0.0100056175813,0.0100018170758,0.010009564917,0.0100110741188,0.0100054911814,0.0100054143307,0.0100085030676,0.010008324463,0.0100098114689,0.0100075071589,0.0100081423613,0.0101524059842,0.0278218623248,0.0238051428697,0.0107133943319,0.017244505626,0.0112073353796,0.0102442258177,0.01002667168,0.0100104915632,0.0100130482444,281.662170411,161.639878289,1.74117214701,4.97551336194,393.052879929,13.0626208724,65.3831024079,1.3378850446,4.30924549979,6.5710074827,4.87548556233,2.74445994688,3.04331637202,1.88068824415,2.06605189582,0,73.1651392489,71.1663163561,6.30754555053,35.424586987,3.52796187068,3.16395589278,10.5228352316,2.37970840763,2.9927293524,13.5194741453,6.31607569901,4.05505962043,4.318115172,1.00957317158,5.57279609496,2.551551615,0.698818731257,1.66378101934,2.41112600549,1.40750291653,2.27149548156,1.69087156907,2.12550651357,1.84553126786,0.343725164811,3.03805290656,2.2471688652,0.521124724028,1.17917005342,0.530067089118,0.86267156367,0.459025868583,1.40237801808,1.14965769757
sobol__0000821,114.97061226,123.33208097,87.4756013,11.54315565,79.66708519,16.72593707,29.79109774,0,solver_failed,The static optimization calculation failed,18.496933,,1.23978150413e-07,,,0,0,,,,,,,,,,,,,,,,,,,,,,,,,,,,,,,,,,,,,,,,,,,,,,,,,,,,,,,,,,,,,,,,,,,,,,,,,,,,,,,,,,,,,,,,,,,,,,,,,,,,
sobol__0000829,81.22061226,82.70708097,-53.1493987,52.16815565,-10.33291481,10.16343707,37.29109774,1,usable,Converged with independently replayed constrained generalized-force equilibrium and small reserve torques,528.84792,0.229771612756,4.90849600965e-08,1.32871491587e-12,1.72006071357e-05,24,0,0.221055677074,0.335236536085,0.0100105717388,0.0463201245256,0.215776559152,0.0100009206132,0.0773074715267,0.0100032124173,0.0100015139441,0.0100005570853,0.0100006814359,0.0100017185299,0.0100018513384,0.0100020805891,0.0100025324479,0.0100027206948,0.0100096789113,0.0100098612084,0.0100383569117,0.0100266587537,0.0278506662268,0.0100025754451,0.0424445394787,0.0366240623647,0.0175546078409,0.0304140886009,0.0539204311238,0.0100027413067,0.0100113949218,0.0100076318251,0.0249659218355,0.0100716551208,0.0100155923265,0.0100067765254,0.0100037035908,0.0100053490747,0.0100055233463,0.0100066891609,0.0100054105675,0.0100050739964,0.0101323914755,0.0293702217504,0.0222623441603,0.0111628733394,0.0162018419636,0.0101285824841,0.0100453961261,0.0100169611135,0.0100051102999,0.0100066085577,247.904440041,341.344711088,1.94323891698,21.9610505595,213.771994049,10.0340976949,16.7631777248,1.40263726773,4.35656686922,6.41849364627,4.57996973081,2.70792896382,2.97990375712,1.87330194758,1.96567778898,1.37777999068,6.69792827339,6.54076762087,0.590797835007,3.80241374177,12.353735194,2.12535079207,49.8393648758,10.1082353759,5.62142660659,5.72312209039,9.78589532205,3.82402775591,2.1775107167,0.904489333903,13.2914669277,2.86734114672,0.537254623766,1.55947117034,2.47416156935,1.6018272388,2.29738648581,1.67275312537,1.97739454569,1.92734659359,0.207985395653,2.25855182092,1.47508270811,0.421299222916,0.821009987496,0.262273697922,0.516586796074,0.458440413848,2.00872793006,1.16747955283
sobol__0000837,105.12686226,85.75395597,74.5849763,116.15253065,-46.58291481,12.62437457,-21.77140226,1,usable,Converged with independently replayed constrained generalized-force equilibrium and small reserve torques,352.744013,1.14156763323,3.79451137178e-08,7.82211557386e-13,0.000121791486225,24,0,0.497336233815,0.0100000793889,0.0100033140728,0.0100000731863,0.0100001568004,0.0100000337863,0.777291621417,0.272385615877,0.0100006657362,0.0100001694319,0.0100002479453,0.234308747491,0.0100032310648,0.0100010572993,0.377703100892,0.0100452379625,0.0296833603486,0.0296216850618,0.0101603108344,0.0699464514366,0.0100003634124,0.0100137953777,0.0100077931524,0.0100043214484,0.0124332276773,0.0816994093054,0.0100160315819,0.0100031704425,0.0100033883186,0.0100079934692,0.0100030392143,0.0100115651838,0.0100131279628,0.0100063897642,0.0100058852165,0.0100097691017,0.0100067013057,0.0100087600121,0.0100075431418,0.0100095791637,0.0100602827006,0.0156554837352,0.0203031359491,0.0120697185247,0.0100913940018,0.011297171322,0.0177514032421,0.0101210376073,0.0100186016094,0.0105210426316,314.589051722,9.98474843504,1.99419139753,4.95104036531,8.84302849868,12.423967958,204.416361156,39.1779406501,3.65070261492,6.00626007511,4.05944405708,62.0896563989,2.90761630554,1.83635638492,70.8938491125,0,21.2944163154,21.2059433846,2.8773146772,25.1502216911,1.23436099355,2.80354742609,9.45890429265,1.36899147244,3.40756813679,20.6282038757,1.93181469346,3.9712152532,2.70495541459,0.981624655887,5.46448537759,2.65994281418,0.632252047306,1.61514175822,2.48799453595,1.44602349894,2.34144623295,1.71971005561,2.12527683626,1.87792775036,0.356374563118,1.70921487547,1.91644902041,0.588704754053,0.711224548243,0.533960689964,1.39813346375,0.442347329794,1.39953346353,1.14620408156
sobol__0000845,93.87686226,126.37895597,-47.2900237,75.52753065,23.41708519,23.56187457,-44.27140226,0,solver_failed,The static optimization solver did not converge,1940.336637,,1.98214092251e-07,,,0,0,,,,,,,,,,,,,,,,,,,,,,,,,,,,,,,,,,,,,,,,,,,,,,,,,,,,,,,,,,,,,,,,,,,,,,,,,,,,,,,,,,,,,,,,,,,,,,,,,,,,
sobol__0000853,110.75186226,106.06645597,32.3974763,38.96503065,-1.58291481,2.78062457,41.97859774,1,usable,Converged with independently replayed constrained generalized-force equilibrium and small reserve torques,442.328987,1.64592662508,1.24365584497e-08,4.6082850369e-07,0.00227422243657,32,1,0.9999999954,0.320339931451,0.0100000104541,0.01,0.01,0.01,0.693645827315,0.0100000488926,0.0100000133773,0.01,0.01,0.0100000451148,0.0100000128962,0.0100000113838,0.0100000150874,0.0100018250617,0.0100059112011,0.0100060935638,0.0100452377882,0.0475555616289,0.01,0.0100000211211,0.0655250173733,0.0427638553536,0.056072751727,0.0817557016222,0.114235417494,0.0100010908629,0.0100026472365,0.0100032851285,0.0100088694184,0.010012582276,0.0100064623454,0.0100025810604,0.0100014269686,0.0100021168995,0.0100020993394,0.0100026174301,0.0100020874133,0.010001990668,0.0133658879918,0.0629972464146,0.0494896092141,0.0244222377148,0.0353066478473,0.0152923588328,0.0100849919092,0.0100096776524,0.0100025875511,0.0100031913921,272.774959713,295.642135846,1.94830034136,3.75259973149,10.7308233316,13.0623285004,184.226987485,1.38227655765,4.19806233039,6.56354393774,4.78563477655,2.72051683867,3.0439757694,1.88043027515,2.0055254471,1.99756013082,6.53444653,6.31004345732,0,17.4393246121,3.95490991343,1.52108689924,77.1457859551,11.6955824112,16.9672151788,14.9672616854,19.8917659582,3.82175169291,3.11442025677,0.897270718411,5.12472886272,2.84382822972,0.580535577695,1.56481006087,2.43048324024,1.57536776694,2.27518168262,1.65477339074,1.95142721041,1.8948997735,0.256183586821,4.67807003656,3.20586580566,0.92355275434,1.71575707343,0.386366469084,0.546499999693,0.460429078204,1.95452438674,1.1403273623
sobol__0000861,77.00186226,65.44145597,4.2724763,30.84003065,68.41708519,-8.15687543,19.47859774,1,usable,Converged with independently replayed constrained generalized-force equilibrium and small reserve torques,448.196104,0.163315834281,1.51663245518e-07,5.53020602035e-13,7.99235324435e-06,15,0,0.185910635891,0.174416099885,0.0100288877643,0.0317567135377,0.169669721247,0.0100054101109,0.0193914713533,0.0100087093894,0.0100052674738,0.0100018396029,0.0100024161816,0.0100062520691,0.010005631564,0.010006280894,0.0100084585209,0.0100030178674,0.0100037964779,0.0100040669179,0.0100452377623,0.0100452377623,0.0404884583465,0.0100105192994,0.103548996197,0.0424839999456,0.188024022071,0.0867031013079,0.0100049192099,0.0468722199636,0.0100019359926,0.0100265757964,0.068247934654,0.0101353282916,0.0100182796788,0.0100121458299,0.0100179959164,0.0100375097906,0.0100090828856,0.010013729196,0.010017408212,0.0100749076924,0.0100360714417,0.0100356419089,0.0107975989877,0.0119656427544,0.0100215832073,0.0102399197864,0.0122435103584,0.0128686855522,0.0100138613985,0.0193428673161,211.669722318,175.637859584,1.9800391635,15.8518622649,182.455559058,13.065172618,5.05865265216,1.43952563114,4.13599563598,6.00922163484,3.63758072519,2.64537447203,2.84389947874,1.80317544721,1.88997612977,4.03547173889,6.40513497456,5.94154819263,0,0,11.2769394652,1.51195678189,121.915003528,10.89509832,61.331733844,19.0681236855,1.51977837005,18.9715488539,4.66067415734,0.991905580872,37.9358076679,2.14916034282,0.73519655098,1.68399974443,2.52168071015,1.62038935026,2.35840539786,1.71323188493,2.01402167498,1.95124970417,0.214189478201,0.890282279967,0.837317295918,0.553658737819,0.523974971898,0.369897893952,0.781499128195,0.589867289457,2.01272793308,2.21200040785
sobol__0000869,102.31436226,120.28520597,-12.1337737,53.18378065,-69.08291481,0.04624957,13.85359774,0,solver_failed,The static optimization solver did not converge,1117.016401,,4.2418227153e-08,,,0,0,,,,,,,,,,,,,,,,,,,,,,,,,,,,,,,,,,,,,,,,,,,,,,,,,,,,,,,,,,,,,,,,,,,,,,,,,,,,,,,,,,,,,,,,,,,,,,,,,,,,
sobol__0000877,91.06436226,95.91020597,34.7412263,12.55878065,0.91708519,-6.51625043,51.35359774,1,usable,Converged with independently replayed constrained generalized-force equilibrium and small reserve torques,431.029819,0.396051269941,7.62212089001e-08,1.33014854423e-12,3.03232071121e-05,31,0,0.444929206257,0.202325835296,0.0100057655118,0.0100014587329,0.247300601545,0.0100006720927,0.104629695679,0.01000375667,0.0100014262742,0.0100005535711,0.0100007168131,0.0100025690613,0.0100018159497,0.0100020747243,0.0100036129549,0.0100019417155,0.010002412413,0.0100030207537,0.0100452376401,0.0832425166037,0.0100572816749,0.0100067062929,0.179772027867,0.0548441419318,0.0853523952759,0.0890840319412,0.12209962126,0.01000105026,0.0100015059578,0.0100028336012,0.0100088383937,0.0100080371266,0.0100046779724,0.010001969996,0.0100010793651,0.01000159832,0.0100015612078,0.0100019561837,0.0100015603499,0.0100014803852,0.0131615510117,0.0641144028962,0.051833854819,0.0240503990592,0.0385823503628,0.014749614064,0.010087117501,0.0100083997802,0.0100046336566,0.0100030618816,269.309519584,180.116151237,1.75681879655,4.99254699344,265.786514514,12.81798833,28.1564176964,1.43266950059,4.10338836382,6.32183444148,4.58364172276,2.70619599246,2.9856235415,1.8750147849,1.96625175531,3.42435513011,5.46314895661,4.30506610653,0,29.8465368894,4.06927998911,1.35543992197,210.838824758,13.2413589698,23.0872852939,14.9563842803,20.7642990479,3.85725453999,4.08649877625,0.893475437808,4.21865236451,2.83278829996,0.636028414517,1.57758333774,2.36452986274,1.53705741559,2.24081238915,1.62740907349,1.90681247133,1.84696426066,0.254288470677,4.93739336114,3.45772572195,0.961841027112,1.8729115727,0.362111356139,0.584176136593,0.454045165531,1.88554391762,1.09040796793
sobol__0000885,119.18936226,75.59770597,-35.5712737,97.87128065,-24.08291481,14.26499957,-49.89640226,1,usable,Converged with independently replayed constrained generalized-force equilibrium and small reserve torques,481.713678,0.106261669588,3.84084870575e-08,6.40791159424e-13,6.68526476108e-06,11,0,0.238964812954,0.0100175118915,0.0100194390121,0.0176329009007,0.134058106096,0.112500194668,0.0101028064545,0.0100132894766,0.101584050545,0.0100012966479,0.010001814002,0.0100097902473,0.0100070133671,0.0100066277511,0.0100089203991,0.0100337006785,0.0132649509318,0.0130231573145,0.0100623617155,0.0232956366883,0.010003698883,0.0100142631303,0.0100134601186,0.0100090835658,0.0100452378076,0.0218993885292,0.0100044615274,0.0373319624979,0.0100028626431,0.0101863964057,0.0100082536418,0.0100206209013,0.0100221945347,0.0100153626939,0.0100537117435,0.0100991540367,0.0100127949581,0.0100186853041,0.0100234478345,0.0101606598714,0.0100212302693,0.0100112988656,0.010017691043,0.0100443550481,0.0100138799853,0.0100300051083,0.0101487623439,0.0141381883169,0.0137382359273,0.0319876593283,259.44050926,10.8041721861,1.89092824278,6.4552536107,133.281373595,90.1485276965,1.99919983243,1.44027200292,41.2041696917,6.0844439198,4.19090677769,2.70152414847,2.94756459333,1.86223411209,1.86359260611,0.969386099716,9.47258198761,9.12070266136,2.71603134061,8.81021815383,5.25261684623,3.02482009201,10.7743316163,2.4039212308,0,5.31947593661,1.92130237051,15.2241444658,4.41249259817,1.00738597475,5.51664530997,2.84724638043,0.720309662943,1.69543886507,2.21985699109,1.28989578708,2.19232176699,1.63386448715,2.12869530752,1.7163243158,0.394768699641,1.0359245318,0.919682579693,0.467626316111,0.724985401166,0.464923976765,0.8806430948,0.592593044637,1.22824659534,3.11928811274
sobol__0000893,85.43936226,99.97270597,67.5537263,89.74628065,45.91708519,20.82749957,-12.39640226,1,usable,Converged with independently replayed constrained generalized-force equilibrium and small reserve torques,379.602086,0.531946959702,6.16627033878e-08,1.42390216761e-12,4.57378722129e-05,20,0,0.356409750387,0.0100004707581,0.0100077425296,0.0100002525928,0.239954883364,0.0100001279204,0.550588865182,0.0100046582719,0.0100005688708,0.0100003923618,0.0100005744958,0.0100024560099,0.0100017733255,0.0100020444341,0.148952351192,0.0100452377979,0.0716447301727,0.0701641676123,0.0146161014044,0.0100452377979,0.0100006159387,0.0100037990543,0.0100032738835,0.0100031613191,0.0100121006293,0.049864019859,0.0403390318147,0.0100029660065,0.0100048960477,0.0100075934177,0.022687108852,0.0235560150493,0.0100148075431,0.0100080234115,0.010007481385,0.0100110268443,0.0100104451781,0.0100126952001,0.0100107843986,0.0100108885117,0.0104901068523,0.0378942053171,0.0317742979266,0.0151926802947,0.0169402357666,0.0128518090373,0.0101122415327,0.0100345575223,0.0100125727665,0.0100193256728,204.053723124,7.99488877067,1.93259547103,4.58655363095,257.995554552,11.9648406928,147.981745624,1.43770556773,3.95922671555,6.21992052406,4.50947626868,2.69402572343,2.97306354286,1.86888377196,29.5748271545,0,50.6556968406,48.5834834234,3.83570686986,0,4.92770977889,2.9394286401,10.9824395022,2.51595712514,3.23558536774,12.4067044805,7.7813188431,4.00467561007,3.19648068025,0.994456468962,11.4615654611,6.01442741013,0.678102819207,1.62075892245,2.58978074859,1.61623893063,2.37034480017,1.73111211641,2.09014119307,1.9740121417,0.356526036223,4.13802502755,2.98295268949,0.741350917252,1.18252662879,0.596580088701,0.624762135189,0.39976527215,1.40727989972,1.01453130385
sobol__0000901,108.64248726,79.15239347,13.0615388,1.89471815,-7.20791481,6.74546832,-41.92765226,1,usable,Converged with independently replayed constrained generalized-force equilibrium and small reserve torques,550.283065,0.221185585316,1.58452484023e-07,7.31859017833e-13,1.59215409141e-05,19,0,0.327271993602,0.101995892826,0.0100104387038,0.0100059461849,0.0930433425071,0.0100017004712,0.0242864845055,0.010007812734,0.0100058296204,0.0100016264601,0.0100019736969,0.0100059035907,0.0100045985143,0.0100048116135,0.0100078407267,0.132481839441,0.187969847998,0.138512023533,0.0100452385453,0.0100052936449,0.0100035488981,0.0100035869281,0.0100018552146,0.0100060737688,0.0100452385453,0.0877640181788,0.0100022872506,0.0325639315655,0.0100009566311,0.0100812688362,0.0217775030476,0.0405091402557,0.0100147018031,0.0100083147302,0.0105986892553,0.0193402855113,0.0100064340549,0.0100109835637,0.0100201219373,0.0266854840523,0.010023059449,0.0100129824845,0.0103477175249,0.0197719362697,0.0100107940947,0.0100413387721,0.0133432298363,0.0344992130138,0.0138688242024,0.0722117775954,280.185677866,104.560718843,1.79070626049,3.31493958393,100.059910674,12.7022682584,6.26905043503,1.43968161699,4.02781816636,6.05531874912,4.16542775787,2.67509663821,2.91913670174,1.8520362002,1.8664848497,67.0580069899,85.1511534904,46.2363753263,0,3.77463406557,2.2532772008,1.73146019502,11.5524723307,2.33780161519,0,22.0654097375,1.86045090122,8.05441641233,4.51824465421,0.51300148257,7.78140622073,11.5314262152,0.583857205422,1.51607520018,2.52624668219,2.69195346883,2.24272582878,1.67610676063,2.12819182889,4.84489389969,0.394903656694,1.00610593832,0.928924661442,0.897364894355,0.71840286999,0.473892153616,1.13539914841,1.55570235826,1.52468297024,7.80755059272
sobol__0000909,97.39248726,103.52739347,22.4365388,58.76971815,62.79208519,-4.19203168,-19.42765226,1,usable,Converged with independently replayed constrained generalized-force equilibrium and small reserve torques,480.400385,0.561026719396,3.11997334634e-08,1.08121543213e-12,1.83959030334e-05,21,0,0.61832324607,0.209439242577,0.0100022930577,0.0100005538403,0.27680250624,0.0100002516434,0.219276422331,0.0100019509494,0.0100006657855,0.0100002602916,0.0100003415765,0.0100011510784,0.0100009004015,0.010001022874,0.0100014772366,0.0100057327306,0.0100189809436,0.0100192299635,0.010039945449,0.0100452377999,0.0100007770443,0.0100017914716,0.0184208543092,0.0100667676246,0.0159442395797,0.0371906996326,0.0385300057047,0.0100034811272,0.010007203362,0.01000951217,0.0239797464026,0.010093361288,0.0100191421731,0.0100106822706,0.0100070340465,0.0100101926566,0.010010185724,0.0100121641309,0.0100099120645,0.0100098579117,0.0102136292712,0.0341669221477,0.0277674842427,0.0135474965492,0.0156942215502,0.0107204066379,0.0100877094919,0.0100267083153,0.0100097643971,0.0100128201932,289.124837057,185.979391805,1.76580313416,4.65475820456,297.694511319,13.0629784338,57.9718227249,1.38629143254,4.20577863301,6.52109247927,4.73376046293,2.70660552275,3.03370642462,1.88037622135,2.00194624594,0.714943518465,6.77662394333,6.62580597342,1.15422570447,0,4.10147702384,1.40408965098,21.4666990261,2.7783866499,5.29746678748,9.38940393915,6.55700528857,4.08031459504,4.79971447685,1.00348711193,12.7792852402,2.29147356926,0.754402211099,1.71359312797,2.589203404,1.61685102,2.36414222583,1.73023662095,2.10617682273,1.97437940953,0.302245855518,3.72617609561,2.61674854806,0.661027688335,0.987529286476,0.505391708958,0.754342753758,0.461212392688,1.56866468645,1.16827675346
sobol__0000917,114.26748726,115.71489347,-57.2509612,87.20721815,-42.20791481,7.83921832,21.82234774,1,usable,Converged with independently replayed constrained generalized-force equilibrium and small reserve torques,645.06226,1.24184576196,1.67249112337e-08,1.10669140348e-11,3.14499901281e-05,23,0,0.713573143082,0.500489744189,0.0100191386054,0.0467775477802,0.0230657733434,0.50474457412,0.0100056418385,0.0100060747467,0.0100030345331,0.425852054654,0.0100025778744,0.104731422913,0.0174872580828,0.0100012454789,0.010002354514,0.0100452377146,0.0868694023137,0.0850588107467,0.0174818159572,0.0100082977029,0.0100004377196,0.0100014512141,0.0100027484542,0.0100070687562,0.010006603013,0.0246449542455,0.092654995415,0.0100022900777,0.0100202211086,0.010006550737,0.0288929735732,0.0199224165555,0.0100173498065,0.0100068903971,0.0100039474292,0.0100056547751,0.0100067222938,0.0100078170126,0.0100061232673,0.0100052092823,0.0107799071282,0.0423151526869,0.0299756775201,0.0133202439531,0.0234196776661,0.0102343375839,0.0100307012983,0.0100127943529,0.010004229076,0.0100049999094,266.137960816,505.920644305,1.58139476882,21.1837711072,23.4486740746,470.944695514,2.3814118036,1.23006122623,4.43691568426,272.458016991,4.65585849299,29.1070276144,5.52715098032,1.88080684622,2.04238968466,0,61.2105327374,58.6854514004,4.5454408976,3.63231999151,5.25114610083,3.11104209173,11.0456544671,2.58898874171,3.32795533071,5.5341523685,15.7906839423,3.77202934222,1.78475362686,0.896013693974,16.0666965012,5.40356187845,0.445920601479,1.55699951525,2.57339335136,1.62585528147,2.36439657975,1.72316348771,2.04293371095,1.97333993099,0.237882421708,3.54132350953,2.14805904262,0.555407202972,1.20397357173,0.335926389317,0.622821294767,0.459618686246,2.01057203301,1.1675212523
sobol__0000925,80.51748726,91.33989347,83.3740388,111.58221815,27.79208519,18.77671832,44.32234774,1,usable,Converged with independently replayed constrained generalized-force equilibrium and small reserve torques,541.899465,0.329952889558,7.28248181758e-08,9.94759830064e-13,4.10654983578e-05,22,0,0.2069161342,0.0100003610749,0.0302872655905,0.0100003934403,0.216773100442,0.0100003173791,0.358172710809,0.0142872002838,0.0100023146971,0.0100014775702,0.0100023161701,0.0100111254825,0.0100098072811,0.0100094254279,0.211435888237,0.0100452386765,0.0843108943161,0.0837949708826,0.0200744025976,0.0100452386765,0.0428264872705,0.0575421635462,0.010002890998,0.0100058304874,0.0100047403284,0.0572184004445,0.128634251236,0.0100017296291,0.0100452386765,0.0100305086157,0.0744443726692,0.0568711408266,0.0100452386765,0.0100052042098,0.0100014737653,0.010002189469,0.010002307361,0.010002812126,0.0100022355973,0.0100020877136,0.0218283447873,0.085575845861,0.0644598172295,0.0321649181221,0.0399501815597,0.0161257972646,0.0100302450604,0.0100077871032,0.0100017258479,0.0100024167552,169.318925841,8.83454685973,5.73837407486,4.11996568202,233.131959523,11.6230325652,90.0838723326,2.05526865939,3.7099921504,5.97091177941,3.93482945215,2.66209145132,2.91637162101,1.83599041141,41.2898721219,0,60.4815643555,59.7435091453,5.66763454923,0,14.7245768895,17.7973917491,10.102646007,1.03820688245,3.12989827255,8.33723925739,21.1143774142,1.88428002318,0,0.0278399158987,34.9558468095,15.1888064293,0,0.657699798558,2.43183072458,1.57807904039,2.26031712029,1.64712767553,1.94407504134,1.90113550683,0.45700953989,6.14510878494,3.93117559225,1.11922400811,1.74929573812,0.356737164429,0.39590715139,0.42081138653,2.01018808126,1.16698646948
sobol__0000933,100.20498726,113.68364347,57.5927888,72.98846815,-29.70791481,10.57359332,49.94734774,0,reserve_too_high,The posture requires more reserve torque than the quality limit permits,315.865605,128.570736151,2.0537221701e-08,1.9580313344e-06,0.161846371398,29,2,,,,,,,,,,,,,,,,,,,,,,,,,,,,,,,,,,,,,,,,,,,,,,,,,,,,,,,,,,,,,,,,,,,,,,,,,,,,,,,,,,,,,,,,,,,,,,,,,,,,
sobol__0000941,88.95498726,73.05864347,-26.7822112,129.86346815,40.29208519,17.13609332,12.44734774,1,usable,Converged with independently replayed constrained generalized-force equilibrium and small reserve torques,419.594992,0.0593781277125,2.22437751063e-06,3.90798504668e-13,8.8194161622e-06,11,0,0.124604292745,0.152780094657,0.0100233813075,0.0227530614359,0.0749356434039,0.0100339999984,0.0101084762456,0.0100105680063,0.0100055596913,0.0100024102339,0.0100028528956,0.0100083920015,0.0100073981158,0.0100081577855,0.0100091472102,0.0100452377402,0.0100071386497,0.0100071315936,0.0100186067495,0.0100452377402,0.02402037373,0.0100050171239,0.0593577004895,0.0100452377402,0.0165116961816,0.0100750425808,0.0169201013877,0.0100079885978,0.0100452377402,0.0100224296712,0.0568564800971,0.0409891700679,0.0100452377402,0.0100194336616,0.0100119401403,0.0100169856084,0.0100166086613,0.0100189804215,0.0100173579098,0.0100173268688,0.010128671794,0.0256257915915,0.0177012589974,0.0105234393361,0.0101764332642,0.0100786559645,0.010042946662,0.0100315065388,0.0100142591187,0.0100175770387,138.556268777,157.803282319,1.92956912419,9.8225163394,77.0574547269,11.4483533587,2.45056097809,1.43966564298,4.22037100154,6.14751002132,4.23158257114,2.692612353,2.92476805104,1.8448980551,1.89288138626,0,7.17053820013,7.17894213039,2.68966800669,0,11.448405587,2.96503849734,39.8150565542,0,3.32466597768,1.87461877292,3.14662482125,3.17324981909,0,0.474479504172,12.8192499754,10.6283785867,0,1.17671572944,2.56885912764,1.62767700762,2.36182935133,1.72165796139,2.03670448517,1.97530331828,0.298197119604,2.67091339449,1.46150392012,0.492849588107,0.595531519346,0.36178214919,0.52598351812,0.425512593361,1.85320579413,1.14124384096
sobol__0000949,117.07998726,85.24614347,43.5302888,20.17596815,-64.70791481,5.10484332,-13.80265226,1,usable,Converged with independently replayed constrained generalized-force equilibrium and small reserve torques,395.300487,1.24653528709,2.39237962774e-08,3.04112290905e-12,0.000101871789295,16,0,0.767490645985,0.010000350681,0.0100061958338,0.0100001894261,0.0100001994432,0.0100000599239,0.0909374063106,0.0873021391506,0.134511442577,0.0100001071432,0.0100001662294,0.122550518939,0.0100017151525,0.0100008120023,0.0100009152063,0.533536877694,0.0100007728334,0.0100009276371,0.0100452378284,0.0889991938286,0.0100002689184,0.0100010640855,0.537564421625,0.109000518158,0.0619659150601,0.0593463526402,0.0100072008963,0.0365735885252,0.0454665679302,0.0100498123894,0.0203803128591,0.0100117030791,0.0102032743674,0.0178092012163,0.0100082781003,0.0100128288009,0.0100116773116,0.0100139419882,0.0100115469936,0.0100130887325,0.010027535343,0.0100136419662,0.0100452378284,0.0100263540512,0.010019628984,0.0100776232381,0.0100802962495,0.0100387302656,0.0100200763975,0.0100266610081,484.608538955,10.0902991901,1.94005585676,3.76657838001,9.85501227554,13.0630663732,24.4453562964,12.5588266055,53.1791890441,6.13764764553,4.39277868091,32.7252194625,2.93611280886,1.85577033382,1.88719538522,213.941702779,6.04219344056,5.02722100966,0,30.8209159158,3.90244498321,2.24885977469,632.438177623,26.6812662263,20.5436655376,14.9795478042,1.93035271199,11.5753766694,21.8136404106,0.72432661022,4.19992955035,2.44848242667,0.705395156572,2.96830748256,2.53031157064,1.48777629925,2.34522081933,1.72319953154,2.12575369291,1.92441423833,0.353619389147,1.09045951571,0,0.487380858402,0.722305424018,0.469751837381,0.805550117153,0.460492684759,1.63588106057,1.16621713088
sobol__0000957,83.32998726,125.87114347,-22.0947112,44.55096815,5.29208519,-1.45765668,-51.30265226,0,solver_failed,The static optimization solver did not converge,1216.809045,,2.1990188781e-08,,,0,0,,,,,,,,,,,,,,,,,,,,,,,,,,,,,,,,,,,,,,,,,,,,,,,,,,,,,,,,,,,,,,,,,,,,,,,,,,,,,,,,,,,,,,,,,,,,,,,,,,,,
sobol__0000965,104.42373726,128.91801847,42.3584138,108.53534315,51.54208519,-8.84046918,5.88484774,0,solver_failed,The static optimization solver did not converge,1195.826014,,2.74075990347e-07,,,0,0,,,,,,,,,,,,,,,,,,,,,,,,,,,,,,,,,,,,,,,,,,,,,,,,,,,,,,,,,,,,,,,,,,,,,,,,,,,,,,,,,,,,,,,,,,,,,,,,,,,,
sobol__0000973,93.17373726,88.29301847,-4.5165862,84.16034315,-38.45791481,2.09703082,58.38484774,1,usable,Converged with independently replayed constrained generalized-force equilibrium and small reserve torques,471.092139,0.184530901056,2.26784067081e-08,7.05753592032e-13,4.51086924661e-05,25,0,0.22550605826,0.198390398017,0.0100132121706,0.0100140488039,0.164911820481,0.0100028238958,0.0312874718013,0.0100061175516,0.0100028497809,0.0100011485027,0.0100013820899,0.0100041491343,0.0100036952403,0.0100041326104,0.0100049183944,0.0100173237376,0.0344293472959,0.033707101163,0.0101370722391,0.0141705085791,0.0100117395179,0.01000257913,0.0100064141198,0.0100062030464,0.0219051794025,0.112416537239,0.173958796964,0.0100008718971,0.0100452378028,0.0100099747618,0.0100083897233,0.0100274916333,0.0100452378028,0.0100021156108,0.0100007088652,0.0100010539211,0.0100010538468,0.010001309202,0.0100010346026,0.0100009762178,0.0184081653485,0.0821058886273,0.0728797864648,0.0361228091631,0.0526185571829,0.0190510714084,0.0100312411367,0.0100046172255,0.0100011925718,0.0100014227662,193.086559347,198.153664459,1.74957191967,4.14268921648,176.155621054,12.8583202725,7.95917576214,1.43179224197,4.19506424469,6.30737264679,4.54419848477,2.70227619274,2.97032563351,1.87193088748,1.94138049331,0.660610484208,24.1588816958,23.1552596604,2.60413647572,5.18553372135,5.11076826521,3.16881681384,11.1243645187,2.60974850317,7.38809747733,19.1465969979,24.4694683801,2.41676380368,0,0.13330788797,5.5622378191,2.73852033251,0,0.887657055623,2.37037567634,1.54346848777,2.22756499688,1.61996824207,1.90243587028,1.85479004836,0.251712339211,4.18624438893,3.56570313182,1.07874770346,1.92219557182,0.369662021784,0.526323526851,0.460172136297,1.85605965492,1.10985499947
sobol__0000981,110.04873726,67.98051847,65.7959138,63.84784315,16.54208519,22.87828082,-57.86515226,1,usable,Converged with independently replayed constrained generalized-force equilibrium and small reserve torques,466.312931,1.15623021617,1.31536861403e-07,9.73443547991e-13,0.000112393746431,9,0,0.362459208059,0.01000056247,0.0100299811602,0.0100006238828,0.0100011094765,0.010000274326,0.428319245578,0.283841105427,0.426431957826,0.0100009083134,0.010001580269,0.169643777986,0.0100120714588,0.0100039125225,0.0265074111526,0.711050647677,0.0100189286555,0.0100193099239,0.010088148864,0.0101948103332,0.0100007250026,0.0100072302837,0.137717661884,0.114269880069,0.0101948103332,0.0575263612685,0.0163175570937,0.0100336507097,0.0282066517945,0.0100780452836,0.0256122469558,0.0101103074295,0.010228288693,0.010148215699,0.0100418264879,0.0100576969433,0.0101100401841,0.0101021703362,0.0100683859108,0.0100570582695,0.0154376776933,0.038834085282,0.0315495159217,0.0111530566463,0.0253635160361,0.0129475148311,0.0105605387063,0.0101178059232,0.0100706945774,0.0100610301083,389.201215141,10.3576607463,1.86587255428,4.99189545403,8.06177253068,12.7329205393,115.079691417,39.9789905083,131.692656885,5.44875985718,2.51608078197,44.059941087,2.80176809974,1.79041911282,4.42366989964,164.311201053,6.83001994127,6.68122272184,1.58454320972,0,5.24701881418,3.1616582618,159.23301451,31.2552547183,0,13.8541586845,3.00853722568,3.35991125482,13.1619073088,0.662435007492,14.2509631714,2.76988927298,0.770180568819,1.73729949135,2.24493530201,1.2937357133,2.28941941815,1.68851888088,2.13843875591,1.71007816101,0.60639749171,3.84127658735,2.81327346174,0.51105937369,1.79510265689,0.587052353326,0.895064196792,0.383174722213,0.671829842168,0.864073222262
sobol__0000989,76.29873726,108.60551847,-37.3290862,6.97284315,-73.45791481,11.94078082,-5.36515226,0,solver_failed,The static optimization solver did not converge,940.009513,,3.83210263522e-08,,,0,0,,,,,,,,,,,,,,,,,,,,,,,,,,,,,,,,,,,,,,,,,,,,,,,,,,,,,,,,,,,,,,,,,,,,,,,,,,,,,,,,,,,,,,,,,,,,,,,,,,,,
sobol__0000997,101.61123726,94.38676847,-44.3603362,45.56659315,74.04208519,21.23765582,-29.74015226,1,usable,Converged with independently replayed constrained generalized-force equilibrium and small reserve torques,485.962538,0.552194617211,6.96319943927e-08,8.23533968239e-13,2.47996826367e-05,17,0,0.442358273207,0.328836495764,0.010004364093,0.251447144477,0.395732105014,0.0100007941156,0.0189257125189,0.0100024206221,0.0100009193476,0.0100003387071,0.0100004299394,0.0100011202027,0.0100011566619,0.0100016233343,0.0100017439296,0.0100028203074,0.013626988042,0.0132845838987,0.0100455186672,0.0100452377853,0.0100042321375,0.0100027449202,0.0100191334342,0.0100041578324,0.0518458240333,0.0101343514597,0.0100037069833,0.0100110337669,0.010002005302,0.0100248066453,0.133574808218,0.0286672662127,0.010013187388,0.0100076542743,0.0100220370681,0.0100531861208,0.0100103011461,0.0100146330947,0.0100177837142,0.0101115493915,0.0100255823637,0.0100153484324,0.0100263655588,0.0100611383641,0.0100132655693,0.010033075831,0.0112335488588,0.0172251935472,0.0251511645371,0.042487593622,351.523530045,338.314628909,1.6656511099,95.9678870133,400.030072744,8.58610921774,4.42608773468,1.34281396464,4.28846140289,6.50749737927,4.69291767296,2.65868846949,3.01172674576,1.8804928672,1.97388737899,1.16216368857,9.01384682203,8.55601699775,0.0560060038535,0,1.67322638689,1.10496657542,11.7922942467,2.74000075153,17.3935523114,2.55862461369,1.89160214798,3.38886231571,4.68706792992,0.734608613487,72.3221069804,5.70379736825,0.753568176177,1.71315834634,2.57365592383,1.54396395744,2.36701406501,1.73025495988,2.12063691817,1.97092757509,0.388291436771,1.06751787029,0.946022242676,0.487641080677,0.724954612827,0.474553547843,0.769107171089,0.675873743713,2.8500095358,4.06468147955
sobol__0001005,90.36123726,118.76176847,77.5146638,21.19159315,-15.95791481,14.67515582,-37.24015226,1,usable,Converged with independently replayed constrained generalized-force equilibrium and small reserve torques,405.730716,0.84010683873,2.75537672678e-08,9.16600129131e-13,3.53413709253e-05,21,0,0.38471562249,0.0100025844412,0.0100049153503,0.0100002351036,0.452884791182,0.010000142536,0.459573284331,0.0100015057214,0.0100002530641,0.0100001249335,0.0100001835137,0.0100009051729,0.0100006374392,0.0100007386274,0.010001571147,0.0100044512993,0.188812378311,0.158580886039,0.0100452391503,0.0100014759762,0.31413088562,0.010001249618,0.0100024191426,0.0100069181745,0.0100452391503,0.0886720280968,0.0100038930141,0.0229809886877,0.0100013445107,0.0100550821801,0.272814811309,0.156080434953,0.0100144694649,0.0100092856326,0.0124475463369,0.017323478999,0.0100087389428,0.010014183646,0.0100273797674,0.0183466229652,0.0100622871727,0.0147023703998,0.0318195163052,0.0256075836992,0.0100203559753,0.0102365581891,0.0193227007461,0.0246669946791,0.0100355249423,0.0485128988141,127.140388065,6.15064967715,1.7415415451,4.44676721955,487.066589331,11.8434536531,122.615871393,1.38229070552,4.07954292203,6.54826219525,4.77884380144,2.73531521419,3.05752633456,1.88064630792,2.07209279519,1.87760977741,115.147864711,81.2259869809,0,3.79655912835,164.94969687,1.21272742728,11.7698448193,2.50391260068,0,22.3339303903,1.84269662254,6.47830752744,4.79835528819,0.589313075296,106.123273058,44.4345495014,0.686541409557,1.65994584036,2.98921765691,2.40761402311,2.30395153184,1.70269502056,2.129719323,3.32223298417,0.396435840221,1.50514843852,2.91358272356,1.1936935422,0.722586615142,0.483856214184,1.58618135883,1.04066437124,1.10893108061,4.91584034965
sobol__0001013,118.48623726,98.44926847,-2.1728362,122.75409315,39.04208519,-6.10609418,34.00984774,1,usable,Converged with independently replayed constrained generalized-force equilibrium and small reserve torques,558.572356,0.471092673627,6.44284536833e-08,1.1378120993e-12,4.88054631715e-05,24,0,0.662446633244,0.0100010909847,0.0100100158627,0.0100010177318,0.0627091487372,0.0100001549034,0.0602691810215,0.0100070237206,0.049440628678,0.0100001986284,0.0100002785476,0.0100072773682,0.0100018511058,0.0100015683948,0.0100013816918,0.0100452380019,0.0482976736059,0.0482904443438,0.0128175446853,0.0100452380019,0.0100001935604,0.010001051877,0.0100058928218,0.0100324751881,0.0100080244272,0.0209453238719,0.0600548141625,0.0100043991512,0.0100452380019,0.0100452157031,0.0614826011813,0.0520629807768,0.0100452380019,0.0100070774096,0.0100025409447,0.0100037297031,0.0100038778942,0.0100047090567,0.0100037897732,0.0100034668844,0.0105967796138,0.042391630707,0.0314776158097,0.0150025240742,0.0183945872191,0.0101822379292,0.0100351104224,0.010013258525,0.0100066506525,0.0100055897987,273.779949797,10.1379485907,1.77285525805,2.280686152,67.1533389265,9.93255686662,15.1073125606,1.39583513766,20.7049358021,6.53910550613,4.73589913823,2.73054790752,3.01183084139,1.88047920251,1.97907797855,0,34.6456700105,34.6352817376,3.62594487325,0,5.12280321589,3.12880152271,8.16809889335,0.0712022726265,2.12337803985,3.91065233946,7.36319156636,1.3157233946,0,5.19304409166e-05,18.5198783364,13.5420730371,0,0.808919660457,2.44420940096,1.57810161526,2.30175316726,1.67138544695,1.9647825423,1.89534325806,0.197748837959,3.11561173762,2.02956927028,0.61016942173,0.734720637834,0.309722909262,0.599008261401,0.457970707157,1.97558225217,1.12372715783
sobol__0001021,84.73623726,74.07426847,25.9521638,65.87909315,-50.95791481,0.45640582,26.50984774,1,usable,Converged with independently replayed constrained generalized-force equilibrium and small reserve torques,575.698229,0.111040708136,2.27439329592e-08,8.81181020871e-13,1.42909845786e-05,24,0,0.197152531766,0.0786403129287,0.0100255395508,0.0100059075469,0.204495650603,0.0100016230962,0.0553141268875,0.0100086987214,0.0100041425835,0.0100018407766,0.0100025284713,0.0100058001294,0.0100048845108,0.0100058027422,0.0100113114059,0.0100152498185,0.0100189372445,0.0100191795781,0.01003767694,0.0409305470394,0.0425170769896,0.0100130311861,0.0210594851973,0.0100098916526,0.0281938620022,0.07009269814,0.061805911656,0.0100015822108,0.0100028704136,0.0100045003111,0.0100071792214,0.0100172695532,0.0100083856556,0.0100038314367,0.0100022838937,0.0100034458358,0.0100033462317,0.0100041848263,0.0100033941087,0.0100032864388,0.0103203661142,0.0440214127579,0.034787683292,0.0180527390193,0.0220226734815,0.0133753702232,0.010198515867,0.0100161569048,0.0100047795775,0.0100060306189,211.070182242,77.9530843562,1.87039905762,4.9947759194,219.288427588,12.8627236514,14.8562818608,1.43975252136,4.02853319052,5.98444744118,3.77813920424,2.65061515291,2.8865943853,1.82159343548,1.8874910987,1.84224975914,6.85087478928,6.70235584532,1.74148777176,14.5844411945,21.9388695995,3.17204482559,24.2665077512,2.76085618651,9.50946962595,16.0593284343,9.82472647126,3.8751023449,3.84715674792,0.933778472235,4.49054176794,2.6064176101,0.663947907708,1.60243620818,2.55357708675,1.62531879058,2.35954078302,1.71706863401,2.03146475285,1.96756373581,0.205286804309,3.48916143306,2.43457676654,0.748781771642,1.07550996538,0.430691226025,0.673383345671,0.460722298067,2.00960040699,1.15486520341
sobol__0001029,107.32412788,73.88383878,-43.11521901,126.11835096,29.43271019,8.06138629,-56.86905851,1,usable,Converged with independently replayed constrained generalized-force equilibrium and small reserve torques,519.860699,0.0902381860044,7.46347126324e-08,1.01607611214e-12,9.1634515095e-06,13,0,0.185539586322,0.0584517654465,0.0100145160877,0.0506598536912,0.157809957096,0.0453980055796,0.0124745963534,0.0100092594781,0.0100082450576,0.0100023173134,0.0100028758804,0.010006914817,0.0100061150799,0.0100070338341,0.0100109566101,0.0100452377623,0.0100067474545,0.010006745779,0.0100178782961,0.0100452377623,0.010033705613,0.0100084269494,0.0718916259916,0.0100452377623,0.0100452377623,0.0573686074242,0.0100031970461,0.0561503862072,0.0100020174609,0.0100728731408,0.068663104779,0.0333364049842,0.0100184442103,0.0100120677311,0.0100471102676,0.0103664565111,0.0100086754469,0.0100135359117,0.0100196790587,0.0137662485837,0.0100249730516,0.0100138052114,0.0100446059326,0.0116544397034,0.0100132594449,0.0100417357232,0.0100528983424,0.0180266788737,0.0100616806472,0.0331305312513,203.934782107,62.550715125,1.89080836195,20.2810412904,156.091314326,33.7515200642,2.44047927467,1.43893599779,4.15401011224,6.0695496288,4.03083329433,2.70127014867,2.94614827517,1.85875546934,1.86161381135,0,7.17624741958,7.1783371834,2.80645484892,0,5.02180446533,2.92425855301,53.7187854004,0,0,14.0794550911,1.92958690344,22.5940010476,4.22721252817,1.01667304837,22.2295798657,8.86990181984,0.680227750569,1.64250683969,2.30758195625,1.39830788125,2.1841921693,1.63906585629,2.12808557744,2.43517457121,0.394981666301,1.02003926192,0.907909123157,0.529247491409,0.724954279897,0.461818355434,0.861011689017,0.795317411385,0.827709732765,3.34911441189
sobol__0001037,96.07412788,98.25883878,78.75978099,69.24335096,-40.56728981,18.99888629,-4.36905851,1,usable,Converged with independently replayed constrained generalized-force equilibrium and small reserve torques,448.599903,0.854449297384,4.1806387685e-08,1.8260948309e-12,4.833148638e-05,26,0,0.628157167143,0.0100003334141,0.010003866239,0.0100001734521,0.108977902383,0.0100000940745,0.649650773247,0.0100027571755,0.0100003976401,0.010000209675,0.0100002900196,0.0100016003049,0.0100010258176,0.0100010751421,0.0605920427234,0.0104941446029,0.0518507706172,0.0507339647203,0.010276383517,0.067316497787,0.0100002569919,0.0100020392887,0.0100048987452,0.0100031129892,0.0247013438612,0.0766380672739,0.014993851942,0.0100024995862,0.0100022627482,0.0100065517315,0.0100032158145,0.010011287109,0.0100113652558,0.0100057673508,0.0100048965544,0.0100077306993,0.0100061574627,0.0100079516219,0.0100066730826,0.0100076032543,0.0100944606556,0.0290009788368,0.0257345946838,0.0143638902749,0.0124742661177,0.0137961658897,0.0168576350575,0.0100782576237,0.0100208541571,0.0101005165799,272.568854341,9.23353314779,1.99175145105,4.69126909362,116.068527301,12.0401750918,172.916444173,1.43868978268,3.8826118344,6.18183258769,4.46860239018,2.6839763181,2.96396873887,1.86522596565,11.8260962721,0.285222801323,35.630313721,34.1116272386,2.05325814726,24.5188192707,4.80695510606,3.16048186455,11.460174455,2.73501753821,8.33175640808,19.2885834232,2.89226773523,4.07991033686,4.11322276347,1.01063114057,5.01769970599,2.70663767798,0.711087912347,1.66806591685,2.58594557884,1.57108290278,2.36910521875,1.73024747076,2.10886942856,1.96347671743,0.321303246221,3.16467835063,2.38414705718,0.700132435108,0.86095097085,0.606230109222,1.12834117325,0.413152505243,1.56459298248,1.07342411876
sobol__0001045,112.94912788,118.57133878,-0.92771901,40.80585096,64.43271019,6.96763629,6.88094149,0,solver_failed,The static optimization solver did not converge,794.931377,,2.55556642514e-08,,,0,0,,,,,,,,,,,,,,,,,,,,,,,,,,,,,,,,,,,,,,,,,,,,,,,,,,,,,,,,,,,,,,,,,,,,,,,,,,,,,,,,,,,,,,,,,,,,,,,,,,,,
sobol__0001053,79.19912788,94.19633878,27.19728099,16.43085096,-5.56728981,-3.96986371,59.38094149,1,usable,Converged with independently replayed constrained generalized-force equilibrium and small reserve torques,561.952565,0.275298673643,4.24076955774e-08,2.14326803255e-12,3.60040922222e-05,28,0,0.267519764774,0.199981019466,0.0100209568547,0.0100052443816,0.29404403386,0.0100014420642,0.0724272232554,0.0100053996076,0.0100022388113,0.0100008419731,0.0100010714644,0.0100036906848,0.0100027562592,0.0100031927513,0.0100046514093,0.0100029833165,0.0100035585052,0.0100043262589,0.0100452377861,0.0149349306387,0.0952939345166,0.0100080651957,0.113604841643,0.0388781119908,0.0809679453018,0.0889336553923,0.13340754437,0.0100008980937,0.0100016167252,0.0100028617494,0.016441206454,0.0100252364589,0.0100050991003,0.0100016522671,0.0100009351305,0.010001382577,0.0100013300663,0.0100016642967,0.0100013473681,0.0100012773575,0.0152672732173,0.0737957104409,0.061546965697,0.0301851946853,0.0441893388203,0.0154335666074,0.010055919368,0.0100068998211,0.0100029380006,0.0100022514717,234.725241652,162.804798603,1.81480018808,4.90712396164,316.236374016,12.6718403694,19.4695039978,1.43373496793,4.12986900384,6.31885113966,4.57850484886,2.69592892774,2.97459794168,1.86977305804,1.99067084345,3.30907284845,5.78480994931,4.67360714059,0,5.6070261111,42.7100432994,1.37610702061,133.513039863,9.53146395936,21.0881986635,13.6314205715,22.7425007799,3.78584973671,3.06637441419,0.794980482408,6.75598811276,2.85323147436,0.46514841015,1.53461312949,2.31457229617,1.51599934445,2.20690465551,1.60321845964,1.85501299031,1.82230620037,0.272656017103,5.13044006399,3.75088734502,1.09661762457,2.03284604448,0.320232023211,0.543017721969,0.456094892476,1.83514048185,1.0819674936
sobol__0001061,98.88662788,108.41508878,38.91603099,59.08710096,6.93271019,4.23326129,35.00594149,1,usable,Converged with independently replayed constrained generalized-force equilibrium and small reserve torques,395.581622,1.2005061301,9.71023439433e-09,2.84217094304e-12,0.000121403444384,29,0,0.887313672243,0.210477828355,0.0100010902554,0.01000019574,0.222446148161,0.0100001001785,0.513039102238,0.0100010845333,0.01000026944,0.0100001210893,0.010000168087,0.0100006548971,0.0100004619657,0.0100005250685,0.0100008063037,0.0100049424955,0.020706251019,0.0202484394766,0.0100566161112,0.0100452379198,0.0100074985949,0.0175369303657,0.0100121251567,0.0100033617008,0.0102098900749,0.169889657227,0.139984327386,0.0100010180986,0.0100026062088,0.0100033907772,0.0100002591545,0.0100006892825,0.0100087117515,0.0100026219895,0.010001104524,0.01000158192,0.0100017391538,0.0100021899889,0.0100016227961,0.010001530542,0.0100485623135,0.0172654804355,0.0112668841817,0.0100487917197,0.0353612121924,0.0142188785758,0.0324315870456,0.0100123127006,0.0100035206584,0.0100043573109,318.933074704,168.40379943,1.77929215364,4.98243456055,239.161759449,12.9231973094,137.840101508,1.3804704594,4.1920561594,6.55641949286,4.77918548242,2.72332763718,3.04360391506,1.88046438748,2.02079546997,0.511079623,14.0122807116,13.3976908206,1.18294127472,0,5.25264365654,3.46546292503,11.6622823154,2.75868332839,3.43390469078,33.4313366392,23.4777346774,3.75264649793,2.51237472649,0.865128968424,5.57192207572,2.79782141687,0.489949117909,1.54548598759,2.46265916425,1.59313664957,2.29813134799,1.67170210803,1.97272139346,1.91637643068,0.191666604138,1.27855894366,0.729799821195,0.382206338226,1.68189544022,0.392955340329,1.77828514026,0.460545047399,1.99518478246,1.1565584301
sobol__0001069,87.63662788,67.79008878,-7.95896901,2.21210096,-63.06728981,-2.32923871,27.50594149,1,usable,Converged with independently replayed constrained generalized-force equilibrium and small reserve torques,454.002361,0.161499150922,1.359667543e-07,1.15818465929e-12,1.18996663041e-05,14,0,0.210476290164,0.190957039157,0.0100201390959,0.0308512717981,0.151782467203,0.0100073330503,0.0144724781578,0.0100080580483,0.0100043632878,0.0100016927459,0.0100022875778,0.0100060748894,0.0100054005085,0.0100060799487,0.0100079092681,0.0854645071212,0.166816911531,0.123189774018,0.0100452377721,0.0100055640449,0.0100041995963,0.0100029215342,0.0100020977695,0.0100103401571,0.0221985685752,0.0102177075874,0.0231081598779,0.0100128479716,0.0100045924672,0.0100314032467,0.0150063617883,0.0238227204446,0.0100302836549,0.0100203536129,0.0100364717465,0.0100410310095,0.0100227260107,0.0100281775099,0.0100302221242,0.0100346769393,0.0100753699138,0.0216163745259,0.0170904174992,0.0110740456228,0.0102170211656,0.0100653413487,0.0100748545878,0.0100653795319,0.0100306219239,0.0100815748115,235.372275196,196.142957301,1.94098457114,14.0843143984,161.861655843,12.9917565209,3.66148091826,1.43968370764,4.14617542135,6.02709528306,3.73118693588,2.6642266484,2.87970071921,1.82066457788,1.86486626496,44.4189717035,76.0128375145,41.4524275434,0,3.47734351153,3.2592579051,2.05687770022,11.5609893112,2.31995980572,6.47172535193,2.00295659851,4.36331851333,4.07342904184,4.6488448966,1.01315421769,2.26530868,5.86689148199,0.753638309659,1.71483979916,2.56565819317,1.6314580648,2.36716760832,1.72365859841,2.03954250028,1.97322649889,0.269628351346,2.24151816541,1.46974379377,0.534532558101,0.623504460728,0.327320666195,0.686996662502,0.462844436205,2.01087412779,1.15314644245
sobol__0001077,115.76162788,88.10258878,62.35353099,111.89960096,41.93271019,9.70201129,-28.74405851,0,solver_failed,The static optimization solver did not converge,1497.696981,,2.02264658355e-08,,,0,0,,,,,,,,,,,,,,,,,,,,,,,,,,,,,,,,,,,,,,,,,,,,,,,,,,,,,,,,,,,,,,,,,,,,,,,,,,,,,,,,,,,,,,,,,,,,,,,,,,,,
sobol__0001085,82.01162788,128.72758878,-40.77146901,87.52460096,-28.06728981,16.26451129,-36.24405851,0,solver_failed,The static optimization solver did not converge,1308.608952,,2.25375842433e-08,,,0,0,,,,,,,,,,,,,,,,,,,,,,,,,,,,,,,,,,,,,,,,,,,,,,,,,,,,,,,,,,,,,,,,,,,,,,,,,,,,,,,,,,,,,,,,,,,,,,,,,,,,
sobol__0001093,105.91787788,125.68071378,61.18165599,23.54022596,-74.31728981,23.64732379,20.94344149,0,solver_failed,The static optimization solver did not converge,998.672961,,2.10555601399e-07,,,0,0,,,,,,,,,,,,,,,,,,,,,,,,,,,,,,,,,,,,,,,,,,,,,,,,,,,,,,,,,,,,,,,,,,,,,,,,,,,,,,,,,,,,,,,,,,,,,,,,,,,,
sobol__0001101,94.66787788,85.05571378,-23.19334401,47.91522596,15.68271019,12.70982379,43.44344149,1,usable,Converged with independently replayed constrained generalized-force equilibrium and small reserve torques,531.485409,0.16477927066,1.06948085943e-08,1.18660636872e-12,1.29242269974e-05,25,0,0.229424412776,0.250909072474,0.0100129909801,0.0174047117292,0.154010621493,0.0100047225416,0.0238125278276,0.0100056741659,0.0100030977643,0.010001030575,0.0100012489095,0.0100037255045,0.0100036137833,0.0100040622253,0.0100045101041,0.0100040512601,0.010007475262,0.0100076348904,0.0100413085544,0.0100452381492,0.0611309756059,0.0100052832385,0.0527180323893,0.0450470384047,0.0263029067845,0.0441691298824,0.0764691445567,0.0100017587641,0.0100090489483,0.0100053536398,0.0199516351201,0.010044004833,0.0100123853772,0.0100044347888,0.0100024229335,0.0100035483215,0.0100036125667,0.0100044219847,0.0100035450694,0.0100033633493,0.0105776081113,0.0427304182129,0.0327541605025,0.0161619191133,0.0240484852955,0.0103966943577,0.0100467737955,0.0100130746593,0.0100033375253,0.0100045730321,225.419421287,256.216902923,1.78849947086,6.65275953291,159.890775362,11.1119099802,5.82535429749,1.42760040938,4.22284911335,6.29403263905,4.51287830019,2.70481137621,2.9739238975,1.87284983415,1.93047463781,2.19186869544,6.64760128161,6.48148932343,0.228997623495,0,20.9038149077,1.93510407572,62.0234399005,12.4309825378,7.9140092706,7.37548273439,13.8901775299,3.78616488201,1.55009978101,0.877062779633,11.1141719708,2.75701081717,0.451296004859,1.53402170836,2.42805530416,1.57563326592,2.26322583587,1.64822858178,1.94476860751,1.89761411958,0.211855388406,3.13013940326,2.07109518662,0.57669002054,1.19443819147,0.237741592116,0.448998932469,0.452981482008,2.00097112012,1.16736278648
sobol__0001109,111.54287788,72.86821378,47.11915599,68.22772596,-39.31728981,-8.07142621,-42.80655851,1,usable,Converged with independently replayed constrained generalized-force equilibrium and small reserve torques,621.890689,0.579788157249,1.45063063783e-07,5.84995882516e-13,6.36281252508e-05,18,0,0.347601919802,0.0100002352125,0.0100319481518,0.0100002166037,0.0100006747737,0.0100000791227,0.395735807584,0.110901066485,0.272755339629,0.0100004942035,0.0100006338019,0.0344597832696,0.0100027863017,0.0100013862514,0.0100077667501,0.413011654607,0.0100066968759,0.0100068226005,0.010023574912,0.0932446582388,0.0100002532068,0.0100030187076,0.0904854054686,0.0100111882178,0.10891574152,0.034997248135,0.0100040931439,0.0918416138497,0.010003086485,0.0125254302627,0.0100034763243,0.0100086322417,0.0100359884656,0.0100335183888,0.0196564694431,0.0170144276029,0.0100246808479,0.0100479558657,0.0127798065145,0.0256835562321,0.0100190553097,0.0100072031492,0.0100134788096,0.0100247835307,0.0100131458624,0.0100355240982,0.0100217292953,0.0102042338032,0.011386738601,0.0219223725041,339.972180429,10.2665603584,1.88922874104,4.49536622221,9.29256027426,13.0533022286,106.591435298,15.8868473197,98.8284826991,5.82607675764,3.2672460094,9.06997304201,2.86359448322,1.81574125081,1.78229738909,90.220129837,6.86619452544,6.71803420089,1.92468754944,34.0565398993,5.24439968594,3.16768125531,103.836863688,2.74250758322,34.0155428919,8.24100660994,1.77377066325,36.8308656361,4.76662626206,1.03928792449,5.01345922845,2.72195838758,0.753745055034,1.71609139186,4.50523502665,2.31612027634,2.07869240155,1.59797612594,2.71417274833,4.63674438458,0.352727933029,1.09045431114,0.936053292102,0.466806734816,0.706683528962,0.472017139487,0.863814867257,0.469327936635,1.23969495981,2.52568561543
sobol__0001117,77.79287788,113.49321378,-18.50584401,125.10272596,50.68271019,2.86607379,-20.30655851,1,usable,Converged with independently replayed constrained generalized-force equilibrium and small reserve torques,445.372731,0.771496013548,5.29423829221e-08,1.91846538655e-12,7.39267882178e-05,17,0,0.302459228978,0.335541285161,0.010008996896,0.01000024362,0.341497773052,0.0100001102197,0.655569612318,0.0100008743975,0.0100002659885,0.0100000940569,0.0100001245772,0.0100003575412,0.0100003490508,0.0100004027576,0.0100004917812,0.0100452377225,0.0687131272784,0.0687230760644,0.0184134778151,0.0100452377225,0.0100003324396,0.0100002731008,0.0100045806272,0.0100380317451,0.010007449359,0.010009737886,0.0142234656654,0.0100063053529,0.0185744389727,0.0100166629486,0.0533025379177,0.0596053301695,0.010029519796,0.0100201217622,0.01134930999,0.0101445696578,0.0181129819819,0.0113226921887,0.0122849619699,0.0102500579123,0.0100780124246,0.0114904538195,0.0100633435286,0.0100458960324,0.0100566712139,0.0100369076415,0.0100247905885,0.0100280033462,0.0100435304111,0.010019323081,295.227687063,248.324997047,1.89165610449,4.97254144557,354.614234697,13.0595571425,165.71754633,1.28572159419,4.4033962562,6.55524127443,4.95771306575,2.75292957822,3.06417801546,1.88073840925,2.08013360404,0,49.2826761968,49.2969349635,5.18392874246,0,4.34158186105,3.1659646833,7.68446811993,0.0204878575412,1.07802383393,2.52324979597,2.52405982131,3.7785078571,5.53785347137,0.933162123365,11.5293322667,14.9618059014,0.499442824747,1.57775545397,2.93605597641,1.63133130577,4.283196403,1.95705535704,2.58640378224,2.02059004692,0.337612720338,1.25474853264,0.949449148225,0.4899000166,0.643203137503,0.473077489376,0.74075940272,0.460640859181,1.53683613646,1.16486736484
sobol__0001125,103.10537788,91.14946378,11.96290599,82.44647596,-51.81728981,-6.43080121,-14.68155851,1,usable,Converged with independently replayed constrained generalized-force equilibrium and small reserve torques,403.92438,0.171088884541,7.42634620465e-08,3.69482222595e-13,6.73646069541e-06,25,0,0.341423585488,0.154964786988,0.0100062001688,0.0100030669125,0.131799636189,0.0100010440418,0.0463250912449,0.01000501505,0.0100026797976,0.0100008454932,0.0100010408576,0.0100036240755,0.0100028160289,0.0100029469802,0.0100042020875,0.0100162924448,0.0324573939197,0.0317741845031,0.0101217196333,0.0431400722476,0.0100029736148,0.0100024675918,0.0100067828427,0.0100038417566,0.0100075534333,0.0242298734493,0.0371988872098,0.010002773343,0.0100066713639,0.0100081789173,0.0100045221043,0.0100168434231,0.0100164423151,0.0100087112652,0.0100066978481,0.0100099904028,0.0100104523626,0.0100120936227,0.0100094073364,0.0100094732232,0.0101083246992,0.0267312750342,0.0192013022148,0.0102274131237,0.0137619765959,0.0101643632704,0.0101023859285,0.0100273463529,0.0100119667218,0.0100142710056,206.613489468,154.301240615,1.75263331859,3.69492608725,141.746997024,12.9738370177,12.0172636158,1.43473645881,4.13471317136,6.30331335787,4.55531465899,2.70084857258,2.97234603867,1.87724464784,1.93461274335,0.770064277176,22.7212962084,21.7740992436,2.58035775935,15.3447291246,5.1268467341,3.16872753166,11.1659548383,2.64879674569,3.16939140163,6.05567024903,5.91567830867,4.05526157787,4.62108936123,1.01060894418,5.28059294282,2.59571701531,0.728538291376,1.69461914767,2.55213679021,1.52285645498,2.31933067477,1.71870301728,2.12514045387,1.94927388264,0.284295267662,2.88778472176,1.80391465362,0.499078903119,0.817304319748,0.477838618203,0.841506793759,0.461240780532,1.65802008194,1.16860786015
sobol__0001133,91.85537788,115.52446378,21.33790599,106.82147596,38.18271019,0.13169879,-52.18155851,1,usable,Converged with independently replayed constrained generalized-force equilibrium and small reserve torques,377.824512,0.762986197193,4.38350724608e-08,1.63424829225e-12,3.40351265673e-05,17,0,0.597901144999,0.194521036732,0.0100026933679,0.0100002614369,0.349090635844,0.0100001356405,0.461845759918,0.0100012143733,0.0100002974816,0.0100001311008,0.0100001779671,0.0100006069537,0.0100004599046,0.0100005835046,0.0100007480156,0.0100452378881,0.116198198896,0.114845441661,0.0263953864387,0.0100452378881,0.0100003035277,0.0100003990695,0.0100020755245,0.0100034958206,0.0100062212356,0.0100127948578,0.0226123330993,0.010009179624,0.0164163218758,0.0100256716544,0.0100105466856,0.0111336140093,0.0100325128935,0.0100281355789,0.0105697448698,0.0100764354536,0.0156629352013,0.0106406277426,0.010504342548,0.0100705772545,0.0100443547465,0.0100448219527,0.0100290079723,0.0100315593295,0.0100487529416,0.0100348460544,0.010043121012,0.0100364448686,0.0101031243919,0.0100395066721,304.434858092,133.825891423,1.66839148403,4.98389848842,375.280190673,13.0365322869,121.822237149,1.30469570089,4.2990303068,6.57086228633,4.91585127382,2.74154788127,3.06720909847,1.88080935037,2.07388521291,0,83.3360939142,81.4070099834,7.345667486,0,4.83560339888,3.00677183498,10.4397002455,1.55016285851,1.37775922281,2.42629531741,4.24453578106,4.06963454811,7.51727939514,1.01255043624,4.62066553248,2.90208201018,0.719080173672,1.6866630535,2.52135012491,1.42727851642,3.40468673428,1.75007473271,2.23103703578,1.862385094,0.392180421191,1.06245221995,0.92520580589,0.46173750753,0.724971723021,0.466877428747,0.84128143388,0.459624037993,0.942776863044,1.09560045389
sobol__0001141,119.98037788,103.33696378,-58.34959401,5.25897596,-16.81728981,20.91294879,49.06844149,0,solver_failed,The static optimization solver did not converge,1288.215602,,6.60847341294e-08,,,0,0,,,,,,,,,,,,,,,,,,,,,,,,,,,,,,,,,,,,,,,,,,,,,,,,,,,,,,,,,,,,,,,,,,,,,,,,,,,,,,,,,,,,,,,,,,,,,,,,,,,,
sobol__0001149,86.23037788,78.96196378,82.27540599,62.13397596,73.18271019,14.35044879,11.56844149,1,usable,Converged with independently replayed constrained generalized-force equilibrium and small reserve torques,488.723051,0.254323527267,3.91053447402e-08,8.02913291409e-13,2.99789974442e-05,23,0,0.23333550418,0.0100003571688,0.0265338326055,0.010000404214,0.183071920997,0.010000283397,0.249312056462,0.0297797821493,0.0190510408688,0.0100050513543,0.0100068672633,0.010014753869,0.0100096843516,0.0100077764001,0.182943712501,0.128922189808,0.0374783389311,0.0366563855912,0.01008105353,0.0100452374157,0.0100007088743,0.0444219464987,0.010007238119,0.0100022554817,0.0100198404702,0.0704142693857,0.0670200008917,0.0100011845702,0.0100019104316,0.0100033563422,0.149057820347,0.0363487780723,0.0100066709608,0.0100031821292,0.0100025231628,0.0100039568002,0.0100036931243,0.0100046396092,0.0100039138025,0.0100040081955,0.0169127959225,0.0759128858646,0.0563620087145,0.0308684198711,0.0302911090118,0.0209931023519,0.010273561593,0.0100202350346,0.0100050464481,0.0100075103816,230.117486043,9.85067114871,5.02127027008,4.54368840814,182.843839056,11.8893030873,61.0710276017,4.27280853538,6.54364517057,5.69467319915,2.86257282483,2.62777129333,2.85320565919,1.80384606916,34.4095202709,15.6198688345,25.4827411598,24.3768349141,1.4415853406,0,5.23921544667,10.4734113164,11.6027563665,2.76040334926,3.36777194702,14.6420120255,12.5204790013,4.03170307687,4.12599178432,0.986729364716,78.2447395904,7.29831773433,0.700772796219,1.637693119,2.56604676594,1.62552997051,2.36085308359,1.72058509982,2.03316622693,1.97145908129,0.431504890819,7.2603319067,4.3926469661,1.36045752376,1.78226929971,0.758061632213,0.537102971273,0.439888642218,1.89685686481,1.15851041618
sobol__0001157,108.02725288,99.78227628,-8.54490651,102.25116346,-34.94228981,-4.38001996,42.97469149,1,usable,Converged with independently replayed constrained generalized-force equilibrium and small reserve torques,428.164346,0.235958051858,5.13011286785e-08,5.29766708007e-13,3.31511723366e-05,27,0,0.335988640957,0.223443624029,0.0100037929592,0.0100043830158,0.112288955082,0.0100010385903,0.0278917162764,0.0100038527201,0.0100017947121,0.0100004920116,0.0100006266931,0.0100026713653,0.0100018577646,0.0100023785556,0.010002468966,0.0100452375181,0.0851495878734,0.0837415262289,0.0186236154343,0.0100078789717,0.0100010129416,0.0100011514303,0.0100027669152,0.0100071784524,0.0100121475991,0.077367330922,0.14890693895,0.0100013289707,0.0100373489543,0.0100120873934,0.0315655599129,0.0230042817479,0.0100452375181,0.0100027560867,0.0100010438456,0.0100015435,0.0100015848993,0.0100019635816,0.0100015462642,0.0100014172498,0.0162625823636,0.0738747829512,0.0600789018255,0.0282996536343,0.0416350122896,0.0169304690902,0.0100344340481,0.0100065425185,0.0100027243534,0.0100023190537,161.66250166,224.476118054,1.7704530291,2.84820203278,119.671903287,10.8880462382,6.98763221474,1.37120876738,4.23460587965,6.54263034979,4.73967457744,2.73337252505,3.01554376044,1.88069903435,1.98643465318,0,61.0015226561,59.0006078755,5.10285362294,3.69162181002,5.01591230769,3.14600066292,10.6254465539,2.29893410407,3.1721980554,15.5983886254,19.3253347009,2.30636599386,0.0364441432083,0.139237249839,17.4953413199,6.38251892335,0,1.03749851868,2.44812513279,1.5839498397,2.2933068166,1.66625912584,1.96538182861,1.90080377957,0.254701284691,4.59210830986,3.46182607026,1.02603269473,1.60486345713,0.459714077831,0.626944689228,0.457961341762,1.92949258702,1.11193185378
sobol__0001165,96.77725288,75.40727628,38.33009349,94.12616346,55.05771019,6.55748004,20.47469149,1,usable,Converged with independently replayed constrained generalized-force equilibrium and small reserve torques,486.023457,0.155824168091,7.8391479974e-09,1.06581410364e-12,1.93074339939e-05,24,0,0.234815977644,0.0100007001065,0.0100158965211,0.0100006164557,0.123824303646,0.0100002763587,0.212462701373,0.0100434184746,0.0100129255257,0.0100058134122,0.0100076064671,0.0100085210289,0.010005101036,0.0100051335589,0.0674354844724,0.0384063630717,0.0302966857386,0.0296863209413,0.0101179250932,0.0100452378576,0.0100005522426,0.0100065701066,0.0100070226569,0.0100047263226,0.0175630199642,0.0879873953113,0.0908474390855,0.0100012657349,0.0100046505961,0.0100039235001,0.0419807706483,0.0212612736357,0.0100112445076,0.0100031952046,0.0100019533082,0.0100029499076,0.010002855223,0.0100035866418,0.0100029413072,0.0100028475178,0.0155286423277,0.0721091225654,0.0540553576406,0.0291194454619,0.0318488713158,0.020828831901,0.0102618542991,0.0100136726405,0.0100034222211,0.0100047473481,222.735051055,10.0424263138,1.90546979832,4.97832548859,126.758900664,12.9029425823,57.2211470423,1.44455159897,3.91350340219,5.9250028035,3.59136537623,2.65243070993,2.88663105436,1.82366549574,12.4643338825,2.89742867589,21.542678418,20.6826137505,2.69614899743,0,5.23173633198,3.17003111842,10.8720416466,2.47504648907,5.66553327286,17.6576669536,14.3489698301,3.65205915764,1.63001518403,0.794766260298,20.3983867413,5.21021477416,0.345998230972,1.51679471259,2.51784809182,1.61899934421,2.33847854972,1.70149215267,2.0062760793,1.9479007887,0.339785619127,6.00181090458,3.78463795454,1.203929771,1.55913145351,0.68425420321,0.560153840738,0.460194782597,2.01042880732,1.16747177153
sobol__0001173,113.65225288,95.71977628,-31.98240651,49.43866346,-79.94228981,18.58873004,-20.77530851,1,usable,Converged with independently replayed constrained generalized-force equilibrium and small reserve torques,578.346581,0.770880956622,5.73107996615e-08,6.23998102143e-13,7.86457716208e-05,26,0,0.65041891049,0.15598508358,0.0100036381132,0.126764587721,0.331192075909,0.0100007100979,0.0100103395117,0.0100034030365,0.0100023203405,0.0100003688257,0.0100004627182,0.0100025595359,0.0100015437403,0.0100019837061,0.0100020955739,0.0100074565919,0.0101067376166,0.0101033613868,0.0100460260439,0.434988382159,0.0303264233195,0.0458719103219,0.0100278103494,0.010000893934,0.0100012422671,0.0100040361956,0.015381742044,0.0100011737531,0.0151792301134,0.0100043871866,0.0100012418525,0.0100037055266,0.0100069585401,0.010003179769,0.0100042205476,0.0100070045684,0.0100119156935,0.0100112708092,0.0100077703662,0.0100080993724,0.0115164672925,0.0256952986526,0.0102941084068,0.0100355551317,0.0203866786836,0.0100547895392,0.0100150020484,0.010013519104,0.0100096778895,0.0100065120625,386.24097889,161.321612512,1.59428463082,42.6448170786,337.966914477,7.99045076805,2.39384688568,1.36097377294,4.22479906776,6.51965239158,4.71383508818,2.74184992952,3.01376803382,1.88064885715,1.97124015981,1.2656151048,6.7314499002,6.56530530955,0.357239799655,143.397916997,11.848276004,11.8638231227,11.7924994408,2.72075859668,3.35103151599,2.52590977605,2.94937369897,3.2453994592,7.05544435058,0.711413226976,2.75930337542,2.30754916306,0.752295780384,1.71070762499,2.39253079468,1.38181289063,2.33006175413,1.71145178219,2.1255426501,1.82144668758,0.42878234725,2.7812142235,0.971742366398,0.488895930508,1.47566864331,0.475369431533,0.766921109381,0.408450482441,1.31959960271,1.01755207516
sobol__0001181,79.90225288,120.09477628,71.14259349,8.81366346,10.05771019,7.65123004,-43.27530851,1,usable,Converged with independently replayed constrained generalized-force equilibrium and small reserve torques,640.906658,1.24574821209,3.82899454365e-08,1.96820337806e-12,3.99171300585e-05,18,0,0.227323114987,0.925103088424,0.18238308395,0.0100020630148,0.0100452377524,0.0100002921519,0.367952465534,0.0100010598201,0.0100002929174,0.0100001053784,0.0100001501619,0.010000572094,0.0100004539693,0.0100005346081,0.0100006031387,0.0100021465009,0.137431309115,0.105864209941,0.0100452377524,0.0100452377524,0.317063558064,0.0100015284639,0.0100028804847,0.0100079461656,0.0100452377524,0.065193109731,0.0100047362381,0.0100139277786,0.0100016119936,0.01002441459,0.143234864974,0.0914043171736,0.0100154811953,0.0100085226685,0.0100237498469,0.0100662877485,0.0100087677081,0.0100131572808,0.0100179332737,0.0101188753744,0.0100852118781,0.0138972990719,0.0290385832137,0.0219752320794,0.0100293964618,0.0101480970655,0.0101657201875,0.0151109701499,0.0100213028478,0.0241817700475,117.093676814,437.109384536,32.8362486296,3.47646088844,0,11.7292584168,98.5823018915,1.38031746642,4.07372690903,6.5399270552,4.77709379078,2.73792824346,3.056605412,1.88058502207,2.07996810082,2.61749258593,70.5310203345,41.8503710227,0,0,153.025314,0.745544709715,11.6910484002,2.38314794471,0,16.3537800338,1.86735463622,2.64818753648,4.71553959059,0.544034385892,63.3473580263,25.4020294836,0.611106844587,1.56711848805,2.42491003266,1.4248184306,2.26632588774,1.68920690963,2.1277155088,1.86100484636,0.397356214166,1.40456329756,2.61774733437,1.00228800098,0.72164261365,0.478298203118,0.852706020956,0.676893823386,1.07077392159,2.58129459864
sobol__0001189,99.58975288,65.25102628,73.48634349,35.21991346,-12.44228981,16.94810504,-48.90030851,1,usable,Converged with independently replayed constrained generalized-force equilibrium and small reserve torques,595.5912,0.198933229903,2.72156981396e-08,8.39203538138e-13,1.71113309967e-05,19,0,0.251271770704,0.0100005608049,0.0101143347021,0.0100005799349,0.0243322629435,0.0100003058187,0.177955416084,0.0207112081925,0.106371067062,0.0100026190758,0.0100039400854,0.0100095712803,0.0100053288688,0.0100040501041,0.070334661153,0.183192444214,0.0100039288134,0.0100041005921,0.0100452365981,0.0100124481427,0.0100007859677,0.0837258080378,0.101578468524,0.0694835051478,0.0100452365981,0.122472472535,0.0100019861529,0.0402751233914,0.0100009866042,0.0100529088265,0.0655023592307,0.0141440955106,0.010011579119,0.0100066928106,0.0100104708005,0.0100261642154,0.010004456118,0.0100067130245,0.0100073618031,0.0100272037903,0.0100174299307,0.0100096747503,0.0100301288116,0.0149390309813,0.0100089563993,0.0100500526777,0.0309893976363,0.0336218071,0.0103812070053,0.0669539202027,275.405645753,10.2913026798,1.87218467631,4.88964552991,19.6557377212,12.3755353279,46.4645834247,2.9051851496,32.6241470178,4.97182537284,1.9977607689,2.5842197553,2.75052373456,1.7742957898,11.7659353756,60.628344126,6.47934499138,6.18297231708,0,3.80020008395,5.19157922266,24.574286985,119.595382803,18.7132503074,0,30.0292840011,1.83498157452,11.2682434241,4.79813731488,0.542046848064,29.9594702512,4.02677510752,0.698833083537,1.67067767503,2.26440671795,1.30891262166,2.23940254308,1.66159951516,2.12546539108,1.7229354814,0.39466536869,1.00523439072,0.902458848663,0.68618426877,0.714273603706,0.46600504481,2.64488826665,1.3697953381,0.915069991213,6.3564943923
sobol__0001197,88.33975288,105.87602628,-48.38865651,27.09491346,77.55771019,10.38560504,-11.40030851,0,solver_failed,The static optimization solver did not converge,838.362065,,2.47939624387e-08,,,0,0,,,,,,,,,,,,,,,,,,,,,,,,,,,,,,,,,,,,,,,,,,,,,,,,,,,,,,,,,,,,,,,,,,,,,,,,,,,,,,,,,,,,,,,,,,,,,,,,,,,,
sobol__0001205,116.46475288,126.18852628,31.29884349,120.53241346,-57.44228981,-1.64564496,14.84969149,0,solver_failed,The static optimization solver did not converge,1361.006871,,3.0235995041e-08,,,0,0,,,,,,,,,,,,,,,,,,,,,,,,,,,,,,,,,,,,,,,,,,,,,,,,,,,,,,,,,,,,,,,,,,,,,,,,,,,,,,,,,,,,,,,,,,,,,,,,,,,,
sobol__0001213,82.71475288,85.56352628,3.17384349,79.90741346,32.55771019,4.91685504,52.34969149,1,usable,Converged with independently replayed constrained generalized-force equilibrium and small reserve torques,432.531921,0.188724849061,2.13000461713e-08,6.22192563006e-13,3.97372119503e-05,23,0,0.206962340804,0.172262104368,0.0100216384817,0.0100112841491,0.230131238026,0.0100019907921,0.0474561947925,0.0100065340027,0.010002889483,0.0100011569525,0.0100014415317,0.0100045525772,0.0100037729322,0.0100042608132,0.0100055486848,0.0100163378986,0.0155816307233,0.0152582857239,0.0100644942831,0.0100452376952,0.0100078670241,0.0100029187136,0.0100123020192,0.0100118414894,0.0332329070921,0.100829793419,0.167389925875,0.0100008981281,0.010045200037,0.0100077210882,0.0176539395785,0.0108886995907,0.0100452376952,0.0100022531746,0.0100008309266,0.0100012352353,0.0100012290756,0.010001527139,0.0100012187064,0.0100011498161,0.0194892615495,0.0867202746739,0.0725743195188,0.0365347946672,0.0509194243312,0.0200256221184,0.010038948816,0.0100053048329,0.0100012568972,0.0100016269873,211.929636316,167.575709445,1.85072257582,4.98534404662,246.90512042,13.0656616704,12.3256670989,1.43752894288,4.18546258516,6.27299180329,4.51184547526,2.69563921464,2.94440481291,1.85764747613,1.95100685957,0.894235903758,10.8692432672,10.4182280403,2.53042062474,0,5.25513076304,2.71399000549,11.2321246044,2.60600156707,11.2086207228,15.9038809099,24.3809651187,2.52200853647,9.18313158909e-05,0.196299251205,9.32109462536,2.87636866196,0,0.962713507337,2.35199528055,1.53238960634,2.22050226127,1.61527410343,1.88676361685,1.8451113087,0.293011105195,4.84927903155,3.72837479066,1.12926158176,1.95774586668,0.409676991579,0.455934288144,0.460226908398,1.90752041893,1.13306464629
sobol__0001221,103.80850288,82.51665128,18.40821849,15.92303846,68.80771019,2.45591754,-6.71280851,1,usable,Converged with independently replayed constrained generalized-force equilibrium and small reserve torques,381.855212,0.220985043329,2.55702685692e-08,9.47509436785e-13,9.22188448009e-06,23,0,0.34734395831,0.105440383188,0.0100089207113,0.0100038376166,0.121342982997,0.0100012328951,0.0394992613779,0.0100065739057,0.0100040114764,0.0100013822558,0.0100016268821,0.0100048665573,0.0100037356903,0.0100039179988,0.010006681312,0.010001845888,0.0100019156612,0.0100023577023,0.0100452377848,0.0100452377848,0.0136948416561,0.0100208596248,0.219869709307,0.060696518256,0.0646612078596,0.0660528516048,0.0768220196625,0.0100046770589,0.0101835379143,0.0100094097661,0.0282711205426,0.0100192435135,0.0100281452529,0.0100179196968,0.0100050886079,0.0100071733582,0.0100088350072,0.0100102871785,0.0100079427235,0.0100067517948,0.0103056548213,0.0347541871415,0.0100452377848,0.0107403525111,0.0214253310903,0.0132065131491,0.0100766308573,0.0100175478772,0.0100062594306,0.0100074983219,267.206913297,106.361985976,1.76889335854,3.87641088767,130.436562824,13.0519169765,10.3458327555,1.43943036963,4.05136259289,6.11340148975,4.33459168737,2.67936014105,2.927983625,1.85676163267,1.88721385915,4.12376105462,5.74396850001,4.62433211525,0,0,2.61986892471,1.24492735227,258.346908382,14.5552948042,19.7387303757,15.6314599236,14.8028201288,3.82208957632,4.88344634879,0.945294314326,15.7520944573,2.11463973785,0.753095387528,1.71475581314,2.58917626188,1.62540416157,2.36995669769,1.73069425745,2.07875424914,1.97424958392,0.323243307134,3.79500032121,0,0.524125656306,1.48748524331,0.581020294063,0.68261995906,0.460644077628,1.78891246139,1.16767245748
sobol__0001229,92.55850288,123.14165128,9.03321849,56.54803846,-1.19228981,-8.48158246,-59.21280851,0,solver_failed,The static optimization solver did not converge,1322.269455,,1.878206497e-07,,,0,0,,,,,,,,,,,,,,,,,,,,,,,,,,,,,,,,,,,,,,,,,,,,,,,,,,,,,,,,,,,,,,,,,,,,,,,,,,,,,,,,,,,,,,,,,,,,,,,,,,,,
sobol__0001237,109.43350288,110.95415128,88.72071849,93.11053846,23.80771019,12.29966754,57.03719149,0,solver_failed,The static optimization solver did not converge,1601.993653,,1.60090110057e-08,,,0,0,,,,,,,,,,,,,,,,,,,,,,,,,,,,,,,,,,,,,,,,,,,,,,,,,,,,,,,,,,,,,,,,,,,,,,,,,,,,,,,,,,,,,,,,,,,,,,,,,,,,
sobol__0001245,75.68350288,70.32915128,-51.90428151,101.23553846,-46.19228981,23.23716754,4.53719149,1,usable,Converged with independently replayed constrained generalized-force equilibrium and small reserve torques,611.623704,0.158372729728,1.6740744968e-07,3.69482222595e-13,3.10200117648e-05,20,0,0.126274587458,0.234832808401,0.0100261872903,0.0253589186251,0.0494160980703,0.0100211413033,0.0101257289953,0.0100083236665,0.010005512227,0.0100017196823,0.010001925011,0.0100060829414,0.0100055221768,0.0100058312122,0.010006240751,0.0100371596586,0.046290143589,0.0454857364546,0.0106813391952,0.043296929058,0.0494011474707,0.0100036461869,0.0100048462223,0.010003202203,0.0100011279354,0.0100034858427,0.200132482052,0.0100028498539,0.111610143963,0.0100092400761,0.0100039640047,0.0100160167461,0.0168527069722,0.0421704478965,0.0100782718684,0.0100216816989,0.0823025400971,0.048038262143,0.0370951883349,0.0100211713307,0.023047036346,0.0585519628944,0.0292733780456,0.010053311089,0.0519186247072,0.0100307314963,0.0100070499704,0.0100057615905,0.0100023166856,0.0100022416091,147.715011338,241.210232697,2.01139322147,12.6192509192,48.366945831,10.4948199076,2.12388464979,1.43715139742,4.35585681054,6.29856418543,4.4329816259,2.69733017981,2.92713075699,1.84376701803,1.93551884216,0.101760688217,33.1454239223,32.0031250166,2.91652530405,15.5807850041,23.7632153123,3.07644073331,10.6616844257,2.42696284028,3.22286463785,2.39899458083,38.5986155924,3.90132622181,10.1753002112,0.949602860236,5.57383517526,2.66609956933,0.837862216873,6.65583447495,2.60784007263,1.60337760596,19.4881787195,8.30541070551,7.7646751589,1.97388542894,0.709962327751,6.31394983728,2.57358287172,0.483323905835,3.40312691545,0.407586395846,0.609500699828,0.388942347268,1.59992769275,1.03326036309
sobol__0001253,100.99600288,117.04790128,-30.81053151,74.82928846,46.30771019,15.03404254,28.91219149,0,solver_failed,The static optimization solver did not converge,1734.757612,,3.82772213925e-08,,,0,0,,,,,,,,,,,,,,,,,,,,,,,,,,,,,,,,,,,,,,,,,,,,,,,,,,,,,,,,,,,,,,,,,,,,,,,,,,,,,,,,,,,,,,,,,,,,,,,,,,,,
sobol__0001261,89.74600288,92.67290128,53.56446849,115.45428846,-23.69228981,21.59654254,36.41219149,1,usable,Converged with independently replayed constrained generalized-force equilibrium and small reserve torques,435.23433,0.299869064509,9.9715986579e-08,9.07458893544e-13,2.39755206006e-05,27,0,0.303416711594,0.0100006573931,0.0100071302738,0.0100003884119,0.195819529977,0.0100001808154,0.346242036645,0.0100070026271,0.0100010772067,0.010000796411,0.0100011662058,0.0100036034626,0.0100025076846,0.0100029090757,0.0897565629798,0.0100452377877,0.0483007013379,0.0481780642209,0.0120753220537,0.0624365218574,0.010001580111,0.0100164953557,0.0100050638298,0.0100065687872,0.0100051666007,0.0661652017702,0.120487104415,0.0100015244567,0.0100452377877,0.010009601686,0.0100034191204,0.0100107400007,0.0100452377877,0.010005014093,0.0100018238366,0.010002692524,0.0100029458227,0.0100035856273,0.0100028104719,0.0100026074301,0.0179087570035,0.0710248620526,0.0516287739755,0.0254695591066,0.0398746037723,0.0158317190094,0.0100419480279,0.0100102836271,0.0100024041302,0.0100033092102,190.916330435,9.10393566425,1.94003961567,4.87102047958,208.223093035,12.3841408413,93.2640463557,1.43920615803,3.98588736852,6.17295653447,4.45578352701,2.68573658236,2.95389524187,1.85978089495,17.4551020944,0,34.6501922293,34.4744313613,3.41945522314,23.6284158317,1.6394213674,2.95736090249,9.57611089731,1.00516668951,3.1106412128,11.3457072393,21.4399082354,2.80945009976,0,0.271309135598,5.28089011325,2.84512049022,0,0.940490486177,2.51472377784,1.62214493353,2.31255693227,1.68593390488,1.99787724645,1.95607057131,0.423618002173,5.77979567268,3.50893852918,0.976922456528,2.04286952788,0.411772063318,0.462974782429,0.402826320132,2.0076260371,1.15706151616
sobol__0001269,117.87100288,80.48540128,-16.74803151,30.14178846,1.30771019,0.81529254,-34.83780851,1,usable,Converged with independently replayed constrained generalized-force equilibrium and small reserve torques,481.746604,0.173340532429,2.28967849125e-08,1.17687622934e-12,8.57494251255e-06,14,0,0.324774801382,0.010004575516,0.010017639999,0.0100072269042,0.100013974229,0.0100009162805,0.0258956295967,0.0100138115335,0.173902836377,0.0100009088211,0.0100012361974,0.0100095935232,0.0100056461907,0.0100048020869,0.0100060330799,0.0100103622352,0.0100037456174,0.0100040353501,0.0100452377904,0.0100547040753,0.0100050473249,0.0100340889877,0.104823769698,0.0607653519973,0.0100452377904,0.0644643768307,0.0100048487068,0.0500900601649,0.0100029114069,0.0100752878111,0.0334233150006,0.0100412359413,0.0100292224291,0.0100240526043,0.0100315086581,0.0100588537198,0.0100124502303,0.0100185375012,0.0100243329221,0.0100960961623,0.0100291379907,0.0100160844769,0.010046742653,0.0100853460986,0.0100181417282,0.0100589328499,0.0100735771231,0.0110397434548,0.0100367930907,0.020990705357,306.682166405,10.5726825456,1.7925955521,2.81922650963,104.064465545,8.51014145635,6.18791436059,1.44009378701,70.5291961625,6.15433753542,4.37742248798,2.70123896917,2.95473763539,1.86707108758,1.88557162162,3.84193146892,6.39148137455,5.89262248336,0,3.59103680969,1.8533869446,2.01304587893,123.415346287,15.9796062497,0,16.034011571,1.92988242159,17.2408080553,4.78016876362,0.735807321009,16.3228234307,2.84030244767,0.707854640086,1.69608421605,2.50736207751,1.48386214074,2.2837696472,1.70434819531,2.12894752184,1.92149830403,0.380740187602,1.06688148628,0.937400665956,0.473684229341,0.725042884737,0.475766950716,0.840365339535,0.5069864269,1.26572023274,2.40960603738
sobol__0001277,84.12100288,104.86040128,48.87696849,38.26678846,-68.69228981,-5.74720746,-27.33780851,1,usable,Converged with independently replayed constrained generalized-force equilibrium and small reserve torques,414.626179,0.361313057903,6.02382037584e-08,7.38964445191e-13,8.9848325299e-06,17,0,0.424452227582,0.124579431349,0.0100068987914,0.0100010480136,0.351850854897,0.0100004800448,0.168033854346,0.0100034026421,0.0100010335679,0.0100004325507,0.0100005899102,0.0100022520938,0.0100015733852,0.0100018304049,0.0100037389246,0.0100048928397,0.0100084627973,0.0100087177106,0.0100452377926,0.0424051586322,0.0100615054576,0.0100034364491,0.0426898095214,0.0100217637761,0.0100452377926,0.0699101791817,0.0100042121706,0.0265075836734,0.0100022613062,0.0100333894443,0.0100124156448,0.0100199308798,0.0100208070438,0.0100129835947,0.0100292618438,0.0100623675515,0.0100118831557,0.0100181414455,0.0100256171095,0.0102358469538,0.0100300229025,0.0100144228981,0.0100721525582,0.0101418422926,0.0100180747725,0.0100711300949,0.0100413025482,0.0103090741836,0.0100253271853,0.0160809799606,247.191277462,87.6234488536,1.77622517656,4.74575549774,378.399368297,12.3021561338,45.2643252055,1.42143837237,4.09440392789,6.4106083698,4.66118606194,2.71585511542,3.00883846794,1.87926585334,2.02183972922,1.6847170686,6.52652054444,6.29229956888,0,14.5508632694,5.24689194062,2.14061254376,50.2611192423,2.62896743346,0,17.2616771396,1.87406404039,8.81737442905,4.49572521986,0.679486398704,2.65008698641,2.41061571695,0.648283441676,1.62213346466,2.37770721942,1.40869236256,2.18201962179,1.65212621122,2.12936009791,1.89469363264,0.345090740644,1.09248993707,0.949850022006,0.481868840483,0.706252689054,0.476354122214,0.864643522418,0.474198304796,1.40917462719,1.87480656123
sobol__0001285,106.26944038,121.36430753,43.89649974,91.33319471,-14.62978981,11.82115191,-17.25968351,0,reserve_too_high,The posture requires more reserve torque than the quality limit permits,394.905435,598.629232271,1.12532063667e-08,1.90826601987e-06,0.411195548098,22,2,,,,,,,,,,,,,,,,,,,,,,,,,,,,,,,,,,,,,,,,,,,,,,,,,,,,,,,,,,,,,,,,,,,,,,,,,,,,,,,,,,,,,,,,,,,,,,,,,,,,
sobol__0001293,95.01944038,96.98930753,-21.72850026,99.45819471,75.37021019,18.38365191,-39.75968351,1,usable,Converged with independently replayed constrained generalized-force equilibrium and small reserve torques,403.909434,0.258523671098,6.37672279424e-08,3.96705974166e-13,5.35733380235e-05,24,0,0.216411621701,0.275229992696,0.0100103372332,0.0100117850918,0.128798565489,0.0100021904374,0.0356646288742,0.0100045576664,0.0100020340294,0.0100006609061,0.0100008239188,0.0100029915531,0.0100023197025,0.010002916323,0.0100029511842,0.0100452376974,0.120499660952,0.118263890735,0.0257715450072,0.0100452376974,0.0100004889802,0.0100006982041,0.0100019851529,0.0100006177899,0.0100054704735,0.027309358213,0.0100013225062,0.0100025303314,0.0100007579216,0.0100066763925,0.248992112567,0.0818865628593,0.0100051865992,0.0100027608756,0.0100156719133,0.0109385486145,0.0100047067359,0.0100072899471,0.0100101380513,0.0246490206491,0.0100168550267,0.0100080118519,0.0100182204489,0.0124195846726,0.0100057172005,0.0100186037135,0.0192066214009,0.0422129577866,0.0534838399154,0.101249407902,165.410125713,275.108072956,1.69145715607,3.69176863905,134.632817241,11.3974038503,8.81655623844,1.36708297589,4.28295906739,6.51802570412,4.70750543778,2.73501157688,3.0108718233,1.88053882773,1.9887178802,0,86.1750893885,83.0068408502,6.99416369231,0,5.23458157584,2.67070913885,10.7147125837,2.44493579358,3.07985262784,6.89388435032,1.92853981791,4.08000792458,4.3612301789,1.00586798006,96.397306687,16.0738915873,0.71479867637,1.67676280295,2.50485977475,1.60932839689,2.34818375622,1.72183832746,2.12526043086,4.6922452602,0.392951096196,1.05680304193,0.941858731908,0.594039571906,0.724360571648,0.472701180326,1.42750967211,1.7033783174,5.4258426401,9.7372808951
sobol__0001301,111.89444038,76.67680753,57.95899974,14.14569471,-59.62978981,4.16490191,38.99031649,1,usable,Converged with independently replayed constrained generalized-force equilibrium and small reserve torques,438.418591,0.837296333882,1.00068575648e-08,1.29368684599e-12,7.95575749413e-05,28,0,0.504180124431,0.0100002243598,0.010004317597,0.0100002079765,0.0100002402062,0.0100000886307,0.100736584404,0.17776379815,0.18001652093,0.0100002599277,0.0100003608334,0.177230207477,0.0100048164171,0.0100013414935,0.0100042838122,0.424302843005,0.010000854525,0.0100010711302,0.0100452370948,0.115203620923,0.0100003934244,0.0100068464397,0.511572360074,0.101061535085,0.0226862981917,0.069556632765,0.0416170191736,0.0100016962109,0.0100045674082,0.0100043328031,0.0100381756433,0.0100090174768,0.0100088828635,0.010004143196,0.0100017833439,0.0100026521539,0.0100027794529,0.0100034156189,0.0100026997122,0.0100025574249,0.0101360447305,0.0291505946138,0.022727459998,0.0102387283211,0.0175503748049,0.0107904935706,0.0100474559837,0.0100106571632,0.0100031733252,0.0100037748708,440.143141012,10.2081206384,1.90476399567,4.89026668105,8.79542798974,12.9294388227,27.1354614124,25.5005581732,64.5335983875,5.89565759597,3.55281118776,46.6856716488,2.87473362405,1.82128133476,1.81604532566,186.243841041,5.59783632275,4.45465257149,0,40.3282763503,4.28892218557,2.47647447533,600.577925471,24.3508711534,6.13420425309,12.1293068054,7.8554917181,4.07827462391,4.33220431481,0.981859948637,2.01980246778,2.50221658854,0.712009533011,1.66087111301,2.49979030602,1.61390932567,2.3168012766,1.68581748995,1.99400022151,1.93731776432,0.240961305219,2.62798455266,1.71510835243,0.438368961157,0.992911906241,0.286557465972,0.59169241342,0.460472659279,1.97625389704,1.15064206321
sobol__0001309,78.14444038,101.05180753,-26.41600026,54.77069471,30.37021019,-2.39759809,16.49031649,1,usable,Converged with independently replayed constrained generalized-force equilibrium and small reserve torques,554.257607,0.478376041136,2.58836614364e-08,1.31625702936e-12,2.73375139889e-05,24,0,0.312795279391,0.384761291944,0.010016856641,0.0100016231272,0.402773287048,0.0100005201256,0.231909907239,0.0100028516764,0.0100011689299,0.0100003949085,0.0100005005863,0.0100015206581,0.010001225833,0.0100015777423,0.0100018260284,0.0100043939525,0.0100182397657,0.0100185462219,0.0100556277106,0.0100652935345,0.0100034384507,0.0100027843554,0.0316718937193,0.0264638387583,0.0362509642907,0.0539100353033,0.0599550362671,0.010003263558,0.0100060246884,0.0100088272794,0.0112829705211,0.0100643104654,0.0100168353908,0.0100082635972,0.0100047049744,0.0100069322036,0.0100069139714,0.0100085553849,0.0100069985787,0.0100065659247,0.0103238656111,0.0405145662315,0.0304645731851,0.0154597064125,0.0192812223037,0.0117862460806,0.0101371375123,0.010026629016,0.0100087578802,0.0100109230782,328.93478007,354.369337456,1.89405804846,4.87984865979,414.855522029,12.8771273055,57.7065285901,1.34368463722,4.36686400383,6.57011151082,4.8068985003,2.73891216975,3.01723560103,1.88041913511,2.05021078005,0.828032952687,6.73266992162,6.57875654191,0.815479929998,0,4.48618157166,1.34537729947,37.099377454,7.30394959127,12.2273916058,12.5984048547,9.72956093904,3.9112171797,4.37497768672,0.953965770749,6.27348901087,2.67207358402,0.69629089158,1.62802471576,2.53865769534,1.6244453523,2.36192222553,1.71772661077,2.02459942459,1.9590402989,0.224337488691,3.57222367317,2.32195549435,0.697971146505,0.995611561233,0.424546812971,0.65270434888,0.461171090831,2.01170838742,1.16045508693
sobol__0001317,97.83194038,86.83305753,-56.88475026,32.42694471,-32.12978981,5.80552691,10.86531649,1,usable,Converged with independently replayed constrained generalized-force equilibrium and small reserve torques,421.522258,0.763370288186,6.76638052255e-08,4.58714655681e-12,3.50320010348e-05,11,0,0.406624369224,0.311600145192,0.0100140303259,0.470311450597,0.518239950714,0.0100019470173,0.010818189157,0.0100063173379,0.0100024524214,0.0100010121044,0.0100012820495,0.0100031603809,0.0100035695902,0.0100044828725,0.0100053256699,0.01000355953,0.0100197238221,0.0100208099653,0.0101367064166,0.0100531594495,0.0188439745243,0.0100068971086,0.0573624389329,0.0356871104772,0.0106936642139,0.014060847123,0.026326435124,0.0100305172983,0.0127828778407,0.0100588679474,0.0330556264076,0.010533186206,0.0101062454148,0.0100793735564,0.0100353262815,0.0100471717018,0.0100533837853,0.0100594375617,0.0100499694367,0.0100445720724,0.0102004626548,0.0139204774021,0.0108203938613,0.0102195717891,0.0104170442906,0.010201993695,0.0101289850831,0.0100825808686,0.0100384287423,0.0100443604224,421.037641357,324.872039776,1.77781854518,206.119057283,511.407749175,7.86423457719,2.27215315395,1.37570497269,4.29108821117,6.39287577996,4.58369404863,2.71193148984,2.99959563866,1.87995911897,1.9453882686,2.04304080355,6.4441856975,6.05259556583,0,3.7327316727,5.7912103389,1.97317488247,67.5368005406,9.39540546628,3.4209668756,3.30839387091,5.0681998103,4.09142236839,5.74428546327,1.01587689294,12.2776758195,2.95222929225,0.744744788182,1.71087510147,2.59655975762,1.63221142768,2.38042677724,1.73892576978,2.07806978234,1.98171053412,0.28028788156,1.46622558644,0.943624082271,0.493097593884,0.656667750373,0.38226744304,0.682374652036,0.463352891082,2.00288890879,1.17211926472
sobol__0001325,86.58194038,127.45805753,83.74024974,40.55194471,57.87021019,-5.13197309,48.36531649,1,usable,Converged with independently replayed constrained generalized-force equilibrium and small reserve torques,501.578713,0.56791298549,5.0631482118e-08,9.94759830064e-13,5.1946933746e-05,27,0,0.19524687934,0.0284769690695,0.0100461975292,0.0100010634276,0.478670079854,0.0100005897789,0.194325347244,0.0100029939125,0.0100005903364,0.0100002605955,0.0100003836315,0.0100015482706,0.0100011890967,0.0100014039826,0.0100022707189,0.0100167237996,0.180491778786,0.174805012723,0.0100452348646,0.0100452348646,0.215859203418,0.0100032205974,0.0100024002421,0.0100018366694,0.021736908028,0.118183720583,0.158920504502,0.0100004805005,0.0100007583421,0.0100015544447,0.257333918721,0.101294396159,0.0100028015802,0.0100010082696,0.0100006693557,0.0100010184829,0.0100009486621,0.0100012002668,0.0100009783812,0.0100009564223,0.0240941132046,0.119564202959,0.102286408465,0.0548878015377,0.0614130459496,0.0291041939281,0.0101365123015,0.0100058609095,0.0100020799395,0.0100018628294,72.0392479361,13.2368200683,1.78549109019,3.12055201489,514.496154301,11.6511411577,41.2541567031,1.34123716723,4.09423464331,6.57034156882,4.86336148649,2.753343143,3.08951843449,1.88090764656,2.08061716877,0.768614728455,118.254230316,110.919926438,0,0,107.71012078,0.686386914429,11.7760135344,2.72074335712,6.61996739929,19.9798209341,22.7548262854,3.75435792245,3.73852339981,0.827567656157,142.333763232,24.2591237516,0.53668749305,1.54576350025,2.35688454293,1.53020858795,2.23783654,1.62556510805,1.89799585575,1.8381082743,0.372409399717,7.54791799088,5.87107040592,1.94110597795,2.57007194008,0.721414428278,0.533107551765,0.456208632955,1.90018805828,1.0997114832
sobol__0001333,114.70694038,107.14555753,13.42774974,77.11444471,-77.12978981,9.08677691,-45.38468351,1,usable,Converged with independently replayed constrained generalized-force equilibrium and small reserve torques,377.529133,0.892808439623,2.61726853523e-08,1.56319401867e-12,5.36277259407e-05,28,0,0.803982875491,0.274405172459,0.0100021657717,0.0100003547016,0.114847202012,0.0100001004594,0.238079547107,0.0100011617558,0.010000351197,0.0100000952633,0.0100001290018,0.0100008036272,0.0100005567073,0.0100005670359,0.0100005633219,0.0100124049085,0.042979857378,0.0420632656147,0.0102330298189,0.301855843625,0.0100001750037,0.0100004596869,0.0100054289883,0.0100007497632,0.0100452379843,0.0219275116904,0.010002492938,0.0100019817779,0.0100011856973,0.0100066856085,0.0100011225637,0.0100048093578,0.0100061180471,0.010003117814,0.0100068148289,0.0100135706319,0.0100059372084,0.0100080479503,0.010007399036,0.0100186287374,0.0100191823124,0.0100090718467,0.0100153971965,0.0100392465438,0.0100119863434,0.0100326747725,0.010235431896,0.0176457407628,0.0150500596,0.039570501665,218.301892908,266.437956079,1.63663160701,2.62447676431,123.515178999,12.0970827169,61.4806126239,1.35657176224,4.25167704596,6.57071420784,4.85196832697,2.73415923704,3.04098458629,1.88079178793,2.02178416208,0.415563763846,29.8645183744,28.605634296,2.51211995617,100.915116771,5.24935845846,3.09884148979,11.2888810934,2.73760480489,0,5.29972171282,1.92946211397,3.47644962181,4.76485513804,0.711997249484,4.17948432353,2.33289179547,0.75308107201,1.71032278118,2.08334719481,1.21737715288,2.08483782538,1.56369764049,2.12282207563,1.64314501523,0.390576911672,1.05852022343,0.930425310252,0.471435122951,0.724837093898,0.469906702655,0.897643912881,0.780555834999,1.53464215283,4.13640922617
sobol__0001341,80.95694038,66.52055753,22.80274974,117.73944471,12.87021019,20.02427691,-7.88468351,1,usable,Converged with independently replayed constrained generalized-force equilibrium and small reserve torques,396.374373,0.0593379852875,2.68375437429e-08,4.33431068814e-13,5.28022583139e-06,11,0,0.141886105048,0.057570227913,0.0100330028812,0.0100094879098,0.160317167633,0.0100022539708,0.0399740400131,0.0100112075669,0.0100061645108,0.0100027058361,0.0100040669193,0.0100075505086,0.0100065765176,0.0100078191235,0.0100157014184,0.0100402127074,0.011736119033,0.0117233436374,0.0100632013764,0.0100452376463,0.0130593775276,0.010012657212,0.0100161798472,0.0100319146131,0.0197713664852,0.0478105716889,0.0276992924312,0.0100051356065,0.010026971792,0.0100120462079,0.0100076393848,0.0100152871602,0.0100301150128,0.0100121702631,0.0100078335554,0.0100112865461,0.0100103057547,0.0100127373679,0.0100106616949,0.010010958912,0.0100876445802,0.0219418934545,0.0187571845744,0.0104243852909,0.0115006184094,0.010515066135,0.0102213541427,0.0100429958815,0.0100173338075,0.0100292229128,158.454101459,57.7039209216,1.92275843754,4.99653597451,171.894691253,12.8440858924,10.7171027443,1.43934507908,4.03644436235,5.89458565041,3.22157329052,2.6326616151,2.84607138259,1.80140541901,1.8715927231,0.314173945876,8.4193353878,8.39941138932,2.84989767308,0,5.68856953673,2.93312079862,9.17649775019,0.439258138305,5.18130640226,11.4365082937,5.34313143892,3.77718598745,0.357272468431,0.918256858234,4.82936479185,2.76631259425,0.29412706428,1.53494355171,2.58988357209,1.614904126,2.3703117947,1.73111830246,2.09089558967,1.97363983009,0.344951132861,2.39603838186,1.75556866237,0.508666414046,0.786264269593,0.473877952251,0.644711065388,0.405365200356,1.49090253454,1.04046345024
sobol__0001349,104.86319038,69.56743253,-1.80662526,51.72381971,49.12021019,22.48521441,53.05281649,1,usable,Converged with independently replayed constrained generalized-force equilibrium and small reserve torques,610.677621,0.249191800651,1.1162086011e-07,4.54747350886e-13,0.000150294451162,22,0,0.216468020696,0.0595699889181,0.0100166162665,0.0100153755115,0.0672184263017,0.010003799848,0.0124315719181,0.0100122463118,0.0100114406774,0.0100039449769,0.0100049424791,0.0100093503266,0.0100078208932,0.0100085760595,0.0100149547927,0.0100056801334,0.0100049030593,0.0100050087027,0.0100328942092,0.0100452379416,0.0367166565631,0.0101242343283,0.0939253198885,0.0788755789275,0.010000404091,0.0100012407673,0.334399781291,0.0100007263586,0.131544598063,0.0100013722565,0.0268074196251,0.0100361730355,0.021774858501,0.047568590214,0.0100014112579,0.0100017161807,0.0756145237026,0.0122466252954,0.0100073303887,0.0100015119786,0.0568709210136,0.102555337292,0.0917702964137,0.0100379881153,0.117545271423,0.0100098964967,0.0100031032931,0.0100011298938,0.0100003275996,0.010000365819,234.599132528,62.353684807,1.86812807055,3.41697726868,72.2480333818,12.0192717752,3.12674391156,1.44018155525,4.04685659309,5.91429426429,3.36313374405,2.6639341755,2.88799337048,1.8284148446,1.81030562009,3.11410994661,6.68972157022,6.53188823981,0.552324875383,0,10.0048917054,2.29442036623,110.324196934,21.7688496731,2.81486659926,1.36182438636,59.2592127997,3.75597308521,3.29099172488,0.864370547049,14.6843563566,2.53504453439,0.7315425858,7.07191613268,2.39466938407,1.55667323594,16.8650662622,1.99083430866,1.9129132587,1.87564086091,1.12341793435,6.94493259686,5.42320301877,0.324443255032,5.60942917761,0.184310152061,0.327445484368,0.399045231134,2.00745913823,1.16643543615
sobol__0001357,93.61319038,110.19243253,26.31837474,11.09881971,-20.87978981,15.92271441,0.55281649,1,usable,Converged with independently replayed constrained generalized-force equilibrium and small reserve torques,322.378954,1.01990463985,4.29626361154e-08,2.76401124211e-12,3.01752718487e-05,17,0,0.774994706868,0.354037940284,0.0100020854128,0.0100003268765,0.353988152464,0.0100001707482,0.354185666931,0.0100013176264,0.0100003627056,0.0100001561044,0.0100002094705,0.0100006880405,0.010000567625,0.0100006543836,0.0100008955894,0.0100008062348,0.010002464591,0.0100031107403,0.0100452379152,0.0344152078414,0.0100006426409,0.0100017040199,0.179433169371,0.0475802196246,0.0460479705673,0.0355916769431,0.0100172193091,0.0115536100186,0.010007984587,0.0100320648856,0.0102304451849,0.0100162536908,0.0100412529765,0.0100399725829,0.0100129116529,0.010017907937,0.010015662279,0.0100188504256,0.0100166298765,0.0100181042913,0.0100359303572,0.0100269910407,0.0100336121666,0.010040485016,0.0100323394408,0.0100669978728,0.0100869692006,0.0100532327607,0.0100378837263,0.0100605314814,364.503119099,267.694668041,1.62600480412,4.98200756131,380.700052625,13.0178268748,94.0905398932,1.34952733885,4.24356730478,6.56945958778,4.82608448994,2.70671952958,3.0568945575,1.88065554858,2.04255918408,2.70864742904,5.33561382478,4.16749890534,0,13.057436513,4.18862032078,1.03537222053,210.200632056,11.4599068981,13.166328539,8.13313390584,1.90318596325,4.30280509772,4.55327884442,0.951913271409,3.41068761099,2.8499195848,0.756096160426,1.71882002427,2.59122851042,1.61840099497,2.37157943306,1.73217090321,2.09070320365,1.97559723363,0.356289773986,1.09452383041,0.946780846383,0.489971950004,0.725245219136,0.417678731374,0.652182689317,0.430099154709,1.70524274757,1.12589320593
sobol__0001365,110.48819038,122.37993253,-43.99412526,104.53631971,4.12021019,-7.04603559,-3.19718351,1,usable,Converged with independently replayed constrained generalized-force equilibrium and small reserve torques,453.956648,1.87004783955,9.15133790969e-08,8.73257022249e-12,4.24353264728e-05,17,0,0.468377898576,0.934536185442,0.0100034378606,0.660717827764,0.0100005858663,0.0100014100923,0.0100006418088,0.010001061852,0.0100003126592,0.557407260853,0.0100001318023,0.0100005060352,0.0100002706391,0.0100003719896,0.0100005076217,0.0100452373366,0.105096890581,0.10359995518,0.0233955401713,0.0100452373366,0.0100002406617,0.0100004847947,0.0100022726503,0.0100042861961,0.0100043460259,0.0100146678716,0.0354075003225,0.0100054307955,0.012686106414,0.0100157645744,0.0313843347868,0.0364508823067,0.0100283741993,0.0100193970037,0.0100267619217,0.0100279298716,0.0100944012595,0.0100510522466,0.0100385349425,0.0100244857471,0.0100657680224,0.0134184361085,0.0100452373366,0.0100463481313,0.0101396151947,0.0100463502749,0.0100340163893,0.0100283745972,0.0100279523745,0.0100185493816,196.488104985,920.604972333,1.54400444229,240.278390044,10.4906307844,9.43501707731,2.50787217642,1.23933331054,4.43900323951,366.114453961,4.95487237072,2.77584203395,3.11577188458,1.86361207744,2.08024293012,0,75.3472238295,73.2160164481,6.46059797525,0,5.24416585027,3.06308523423,10.5407630121,1.70561629637,2.56749674206,2.5285022911,5.1932517394,3.70875318651,5.0460523704,0.912392466486,16.2665851099,10.2563738119,0.569918761329,1.58493458399,2.59481193,1.62800476068,2.38981604686,1.73774249682,2.09502158893,1.97774488473,0.257108203674,1.3642330518,0,0.49001163785,0.538121001893,0.443930945077,0.761356785672,0.461244823839,1.88297904133,1.16887986426
sobol__0001373,76.73819038,81.75493253,77.88087474,96.41131971,-65.87978981,-0.48353559,-55.69718351,1,usable,Converged with independently replayed constrained generalized-force equilibrium and small reserve torques,682.688638,0.211096717761,1.96406617081e-08,9.30810983846e-13,2.7798832167e-05,11,0,0.159148257901,0.0100004957159,0.0278549417011,0.0100005987003,0.260976736773,0.0100004385135,0.229055414826,0.0115964247895,0.0100122299968,0.0100099161544,0.0100137320524,0.0100112687962,0.0100110872804,0.0100127102833,0.151370429565,0.0100457069168,0.074639099534,0.0731673250007,0.0157181020746,0.0100093627782,0.0100083257635,0.10851426198,0.0100031273982,0.0100130993841,0.0100452377887,0.112452690991,0.0100038704888,0.0356061013253,0.0100013585735,0.0100219477023,0.02238200113,0.0125661994079,0.0100143593026,0.0100093811916,0.0100369770276,0.0101183454145,0.0100088508691,0.0100140106095,0.0100197164665,0.0115071172662,0.01002727422,0.0100146516589,0.0107353871364,0.0115324999903,0.0100197763911,0.010259350648,0.0100247773026,0.0123996046317,0.0100186468661,0.0140546541253,166.664013743,9.44510197149,5.18133405509,4.40242649296,276.554042638,11.7092403496,57.3991836392,1.66726026588,3.76023700088,5.83309717264,3.21625693284,2.63661962953,2.86624236826,1.80980974748,29.1550372262,0.00173076805768,53.2170058917,51.1387714821,4.22143975757,3.45726544443,2.8701437362,32.5121504481,10.8049691297,2.55497023863,0,26.217915266,1.8828728887,14.1991732122,4.78810570739,0.832407125122,12.2821570849,3.05818439812,0.75402139118,1.71355111235,2.01138222301,1.20294234014,1.93980959571,1.48238141313,2.11693300635,1.85726784246,0.392002597615,1.05827534656,0.983102223288,0.526939637228,0.725075095146,0.472354098929,0.883121762366,0.567726013637,0.870725163483,1.51812370638
sobol__0001381,102.05069038,104.09868253,66.16212474,118.75506971,66.62021019,-9.78041059,-31.32218351,0,reserve_too_high,The posture requires more reserve torque than the quality limit permits,349.587176,899.072285704,1.35069766571e-06,2.57711227913e-07,0.5,31,8,,,,,,,,,,,,,,,,,,,,,,,,,,,,,,,,,,,,,,,,,,,,,,,,,,,,,,,,,,,,,,,,,,,,,,,,,,,,,,,,,,,,,,,,,,,,,,,,,,,,
sobol__0001389,90.80069038,79.72368253,-36.96287526,78.13006971,-3.37978981,1.15708941,-23.82218351,1,usable,Converged with independently replayed constrained generalized-force equilibrium and small reserve torques,473.733314,0.0968790203016,5.21111047647e-08,2.31311497071e-13,3.63817653394e-06,9,0,0.157254442813,0.246905837631,0.0100186748186,0.0306565076674,0.0632814078963,0.0143413844377,0.0100680412451,0.010007610232,0.0100040901208,0.0100014083547,0.0100016738689,0.0100053148584,0.0100052006716,0.0100057224422,0.0100057919944,0.0100164831549,0.0106254729915,0.0105361134401,0.0100557667561,0.0100136542654,0.0110854184697,0.0100027847141,0.010016790761,0.0100295297713,0.017773698252,0.0100666846784,0.0100146667284,0.0228099969101,0.0100123354045,0.010091156455,0.0287913065883,0.012782996059,0.0100423791742,0.0100473740763,0.011055820893,0.0101838366594,0.0100544235065,0.0100615378186,0.0101120278441,0.0102944468185,0.0100393605725,0.0100286768079,0.0100380285472,0.0100452701806,0.0100309199808,0.0100411682028,0.0100444551797,0.010068403521,0.0100925483845,0.0103111026951,171.552394781,254.685674125,1.87817333719,12.8451892357,64.0528391108,14.7195869429,2.36251347061,1.43112116275,4.25693560327,6.26054912105,4.45263469569,2.70345736642,2.96196358912,1.865899858,1.92022408397,0.594157052871,7.39360845765,7.17566269642,2.49444229972,3.71927715538,5.81152695876,3.10446042724,11.2784220461,2.6275668151,5.65243983895,2.52945542208,1.89476205834,9.2855643063,4.55845234985,1.01918135303,16.0199572145,3.63556945898,0.727094198562,1.69255717862,2.83971572159,1.56953918898,2.35609040614,1.73362663923,2.14558732795,2.00791643964,0.320395200497,1.09512503081,0.947456967289,0.489682675819,0.66563897929,0.474673157897,0.810152620912,0.462786611029,1.48586190174,1.1989542057
sobol__0001397,118.92569038,91.91118253,42.72462474,33.44256971,21.62021019,24.12583941,24.92781649,1,usable,Converged with independently replayed constrained generalized-force equilibrium and small reserve torques,368.106297,2.62831394387,3.37663923489e-07,4.12114786741e-12,0.000301905525525,32,1,0.999999830681,0.0929811299073,0.0100008519916,0.0100000602675,0.0100000653479,0.0100000147439,0.0200865657762,0.0100009361608,0.0100002829268,0.0100000176275,0.0100000296328,0.0100012534323,0.010000245557,0.0100001776715,0.0100001722544,0.984920085965,0.0100009301001,0.010000983205,0.0100452377011,0.0100452377011,0.010000077547,0.0100002207415,0.452751095063,0.333701777092,0.0100041176419,0.107890168994,0.40306733623,0.0100006761641,0.273330169361,0.0100017989504,0.0100011238707,0.0100018900398,0.0100085333424,0.0100033628299,0.0100009829538,0.0100014007196,0.010002149736,0.0100024426313,0.010001723184,0.0100013472961,0.0536931428169,0.1967570843,0.128944481366,0.0516021888214,0.134625205783,0.0343064918813,0.0100116738783,0.0100033931196,0.0100008564581,0.0100010877043,465.385972042,92.6529505773,1.98408284027,3.50285348817,10.0972437976,13.0584626786,5.38808426489,1.43835348697,4.03433498871,6.29579252782,4.55403710587,2.6892789734,2.9705874886,1.87326979905,1.92550300903,306.519235107,6.44924984219,6.09716812791,0,0,2.93194223118,1.64157484218,533.055556792,89.2241171778,2.71999845916,19.9603852049,77.7508140519,4.06789764218,87.0079043153,0.98546139484,5.53088499271,2.70901212948,0.695895000313,1.63339563259,2.53532610791,1.624490682,2.32990288466,1.69874194074,2.01085192928,1.96606299485,1.5313453704,20.0851471994,10.587528963,2.29910338893,8.73462183737,1.06305088659,0.449893170825,0.386576575773,1.87618505664,1.09545695191
sobol__0001405,85.17569038,116.28618253,-4.15037526,25.31756971,-48.37978981,13.18833941,32.42781649,1,usable,Converged with independently replayed constrained generalized-force equilibrium and small reserve torques,362.880789,2.46863655006,1.13441540606e-08,1.66267000168e-12,0.000111063812001,28,1,0.779711178312,0.564385496905,0.0100033833024,0.0100001174715,0.715418821524,0.010000053889,0.999997383837,0.010000462101,0.0100001295385,0.0100000419545,0.0100000576025,0.0100001882752,0.010000166274,0.0100002001206,0.0100002419609,0.0100003408212,0.010003391399,0.0100038278547,0.010045237782,0.0408152114402,0.0100001778658,0.0100004688603,0.115440300854,0.0297056826948,0.0343932427046,0.0546478470518,0.0559431392681,0.0100019564203,0.0100037493477,0.0100053020029,0.0100188152641,0.0100172171381,0.0100100393833,0.0100048372348,0.0100027224254,0.0100040632423,0.0100040359458,0.0100049863787,0.0100040307245,0.0100039325246,0.0103731305937,0.042224284416,0.0310767397899,0.0156584697801,0.0216866427573,0.0113110347353,0.0100861554156,0.0100178330474,0.0100048270657,0.0100066414484,583.972287562,413.217768954,1.78603632857,4.89388279105,756.328637573,13.063228508,256.565888821,1.28512458839,4.37694543628,6.55146195608,4.96245878404,2.75524838469,3.06680488754,1.88073624129,2.07989746595,1.70786333357,6.27126149439,5.50057777433,0,14.6208119901,4.7899076657,1.10585618373,135.896314886,7.47719030391,9.29546984835,10.0723507864,10.7766931058,4.07858926006,4.08816486901,0.988568402283,2.83642499045,2.63865277231,0.707032401203,1.65442662344,2.53763887444,1.62505025003,2.33492766624,1.70100127736,2.01539901802,1.96495019538,0.264318619428,3.97210268721,2.4160439277,0.673128040725,1.29876085253,0.315923696358,0.549464798197,0.4497422765,2.01092471633,1.16771067106
sobol__0001413,108.37881538,95.46587003,86.66993724,66.45038221,9.74521019,-3.08119184,2.89656649,0,solver_failed,The static optimization solver did not converge,1945.522078,,3.45455721806e-08,,,0,0,,,,,,,,,,,,,,,,,,,,,,,,,,,,,,,,,,,,,,,,,,,,,,,,,,,,,,,,,,,,,,,,,,,,,,,,,,,,,,,,,,,,,,,,,,,,,,,,,,,,
sobol__0001421,97.12881538,119.84087003,-53.95506276,123.32538221,-60.25478981,3.48130816,55.39656649,0,solver_failed,The static optimization solver did not converge,1263.829692,,4.29414654946e-08,,,0,0,,,,,,,,,,,,,,,,,,,,,,,,,,,,,,,,,,,,,,,,,,,,,,,,,,,,,,,,,,,,,,,,,,,,,,,,,,,,,,,,,,,,,,,,,,,,,,,,,,,,
sobol__0001429,114.00381538,99.52837003,16.35743724,21.76288221,44.74521019,17.70005816,-53.35343351,1,usable,Converged with independently replayed constrained generalized-force equilibrium and small reserve torques,545.28216,0.777076948909,2.86800698746e-08,7.42434788672e-13,3.2841725901e-05,24,0,0.793704750524,0.207692500673,0.0100017615077,0.0100005148034,0.112681419315,0.0100001528098,0.180483961015,0.0100017044832,0.0100008248269,0.0100001575142,0.0100002136152,0.0100013027847,0.0100008438444,0.0100008307164,0.0100009534414,0.0100022344298,0.0100028672275,0.0100033574533,0.0100452378583,0.0100452378583,0.010000828389,0.0100021474295,0.138569523608,0.0575424769164,0.0100452378583,0.113494864591,0.0100015328797,0.0760217444348,0.0100008341021,0.0105028264904,0.0498656520347,0.0100394862623,0.0100117753948,0.0100067679547,0.0100147218196,0.0100758937127,0.0100038546904,0.0100060381299,0.0100072444055,0.0100933454566,0.010011185875,0.010005393074,0.0100109679687,0.0103308427367,0.0100060095092,0.010025040116,0.0292058652335,0.0426715671349,0.0263694978872,0.0891139286949,289.115062569,205.343993316,1.78898888512,2.80085556053,121.184833295,12.3118399458,46.7597834094,1.40278194435,4.16994129182,6.50394582025,4.71153951222,2.68690857122,3.00722222068,1.88033777359,1.97534370028,3.26101282734,6.12947017407,5.17706928695,0,0,1.80510408641,0.952787365366,163.068703157,14.2909007094,0,28.2105432914,1.82452586374,18.5565673176,4.79439325416,0.477688038011,27.7600448079,2.57225862189,0.625627840375,1.58821242597,2.35269986813,1.37843264233,2.28512700458,1.68990683327,2.1254526427,1.80780333414,0.393122364774,0.98277019064,0.889076212676,0.469063269513,0.704067777523,0.461307487559,2.39646564482,1.71816865275,2.10891030926,8.26110978721
sobol__0001437,80.25381538,75.15337003,6.98243724,46.13788221,-25.25478981,11.13755816,-0.85343351,1,usable,Converged with independently replayed constrained generalized-force equilibrium and small reserve torques,325.624166,0.125408433941,5.72482008465e-08,6.80223305652e-13,3.4768243766e-06,13,0,0.198817893466,0.168759123298,0.010026191237,0.0101358035049,0.200559563541,0.0100031559309,0.032000846276,0.0100077924546,0.0100040210211,0.0100015173489,0.010001854311,0.0100054921905,0.0100047700965,0.0100053916567,0.0100072920709,0.0100058028947,0.0100076346567,0.0100078033351,0.0100436258978,0.0100170268291,0.0607638573742,0.0100058245477,0.050434016397,0.0462326307009,0.0398804492312,0.0254528815547,0.0101557442823,0.0100151415432,0.0100115278351,0.0100225402263,0.0383736383693,0.0102680095942,0.0100324737084,0.0100241931491,0.0100143504278,0.0100197246163,0.0100170104534,0.0100202993745,0.0100185630543,0.0100193362997,0.0100581878505,0.0114498748436,0.0104113189888,0.0100929741801,0.0100747367226,0.0100834270661,0.0100707910907,0.0100438690812,0.0100217788689,0.0100331116743,218.167649984,167.334215048,1.91439590689,5.05876166257,215.668421888,13.0632718221,8.37599616993,1.43968571867,4.1361720868,6.10917611888,4.23720837335,2.66823309939,2.89270915942,1.82818092825,1.91386731942,2.719790346,6.62662681391,6.45470104511,0.0914543461153,3.77966615221,31.0091779678,2.54312712739,59.3554207011,12.7417727184,13.3791432298,6.36308780575,1.95901123515,4.0849459855,4.4526957789,1.01224013301,17.4251206847,2.91497828777,0.738308981985,1.70097386866,2.59156102085,1.61621356271,2.37188761544,1.73242772149,2.0966322778,1.97555468888,0.303443571582,1.24688496017,0.955607970119,0.491850261661,0.676593821577,0.423371830425,0.690241512552,0.451770020267,1.77309193245,1.16089978919
sobol__0001445,99.94131538,129.99712003,-14.11131276,7.54413221,27.24521019,20.43443316,-25.22843351,0,solver_failed,The static optimization solver did not converge,1036.84044,,5.68313325289e-08,,,0,0,,,,,,,,,,,,,,,,,,,,,,,,,,,,,,,,,,,,,,,,,,,,,,,,,,,,,,,,,,,,,,,,,,,,,,,,,,,,,,,,,,,,,,,,,,,,,,,,,,,,
sobol__0001453,88.69131538,89.37212003,51.51368724,64.41913221,-42.75478981,9.49693316,-32.72843351,1,usable,Converged with independently replayed constrained generalized-force equilibrium and small reserve torques,374.532663,0.224144062314,2.17032720684e-08,5.11590769747e-13,1.10935070772e-05,18,0,0.337818707073,0.0102049107276,0.010010800034,0.0100012781755,0.271188068489,0.0100005635082,0.136269034154,0.0100053511431,0.0100018899587,0.0100008468082,0.0100011016573,0.010003424592,0.0100026012259,0.0100030256621,0.0100096347893,0.0100305990187,0.0100238161912,0.0100240647804,0.0100403467475,0.0266097090982,0.0100026989452,0.0100045668509,0.0134080373594,0.0100159611856,0.0100452380633,0.0906887975906,0.0100029787542,0.019531827346,0.0100013621094,0.0100331513276,0.0100098581034,0.0100208982927,0.0100132409849,0.0100078245582,0.0100132960275,0.0100283511151,0.0100066111059,0.0100098795983,0.0100111072368,0.0100358296522,0.01002338391,0.01001365299,0.0100522997558,0.0105937005711,0.0100130655061,0.0100595011692,0.0219182468678,0.0256157883653,0.0130169739023,0.0564077233773,239.265300465,9.5191310102,1.92682438186,4.88374993473,287.035332217,12.4071184469,36.7060269561,1.43928304742,3.9701460011,6.12006610488,4.38576106066,2.67843732521,2.93916205781,1.85141658521,1.93405827012,1.13179094464,6.83924921674,6.69041255331,1.62372399917,9.6460733636,5.03201975548,3.14357719439,15.4880728382,2.76226829327,0,22.5363366485,1.92942446337,7.5632444524,4.68133869092,0.861245802531,4.71433839209,2.71110200622,0.753972307936,1.71331689471,2.37041733617,1.37839026292,2.26568190242,1.68425026844,2.12627748007,1.80945030706,0.36959679668,1.08049167454,0.948318267695,0.508957778013,0.723823118007,0.475798039678,1.84414701851,1.14189003137,1.61791088627,6.13462253643
sobol__0001461,116.81631538,69.05962003,-28.17381276,84.73163221,62.24521019,-4.72181684,31.02156649,1,usable,Converged with independently replayed constrained generalized-force equilibrium and small reserve torques,543.873847,0.0695147890881,4.45021806073e-08,3.12638803734e-13,1.92018443041e-05,17,0,0.20354560783,0.0100657378563,0.0100189948443,0.0100171002623,0.0326478909268,0.0345087193972,0.0100844584666,0.0100175446985,0.0686842150116,0.0100028521325,0.0100039571908,0.0100132618306,0.0100098614989,0.0100092929855,0.0100146872185,0.0100213513144,0.0100180379754,0.0100182687264,0.0100348249369,0.0100452370038,0.0100097318016,0.0100185630487,0.0268529047521,0.0177561861295,0.0381520289085,0.0631265653557,0.0758698494369,0.0100014799876,0.0100037905536,0.0100050736294,0.0118771236454,0.0100513429985,0.0100112799489,0.0100034117037,0.0100018570593,0.0100027534314,0.0100027266424,0.0100034003104,0.0100027405576,0.0100025781661,0.0107708437379,0.0496327862463,0.0392128144217,0.0199763985786,0.0247043761676,0.0139837097932,0.0100841866871,0.0100123343575,0.0100044441778,0.0100046531004,226.715791888,10.8994419285,1.94192152121,3.38242670337,33.1275772267,27.0915358858,2.12448344508,1.44104725268,27.7499583216,5.9016256665,3.36774457144,2.68147277243,2.91180593962,1.84188092562,1.80626525529,1.91751974949,7.03513114068,6.8877057017,2.58400377909,0,3.53082588228,3.13891044893,29.8158252751,4.60079613918,12.5493222073,12.8191186169,9.612344827,3.56003817683,2.86646632979,0.693059118762,5.95295007399,2.29675447123,0.381283662467,1.51428437509,2.45766924436,1.58441246007,2.31010094712,1.67783190367,1.97191156363,1.90178781844,0.182697493785,3.44606496485,2.44704068669,0.776842881608,1.01269238603,0.433650024043,0.585593680923,0.459445314601,1.989654958,1.13199206204
sobol__0001469,83.06631538,109.68462003,56.20118724,109.10663221,-7.75478981,6.21568316,23.52156649,1,usable,Converged with independently replayed constrained generalized-force equilibrium and small reserve torques,491.200174,0.56000365144,4.97020380408e-08,1.44240175359e-12,4.68278635434e-05,27,0,0.320610408041,0.0100006746489,0.0100043938875,0.0100002334808,0.271329215312,0.0100001125561,0.568296204842,0.0100033149891,0.0100004084451,0.010000295014,0.0100004453843,0.0100019065018,0.0100013880196,0.0100016794801,0.109201430749,0.0100452377948,0.0800216663389,0.079305872858,0.0186121345352,0.0263380553843,0.0100018287064,0.0100027228764,0.0100029839902,0.0100051734399,0.0100138260196,0.0960632329169,0.110456264916,0.0100014036001,0.0100442613793,0.0100065596052,0.0100049745778,0.0100188691444,0.0100379626455,0.0100035801592,0.0100017853776,0.0100026757542,0.010002678378,0.0100033455623,0.0100026883749,0.0100025476818,0.0151714350888,0.0697609416717,0.0521373830662,0.0268861680365,0.034469981591,0.0200630489006,0.0102523957212,0.0100118773025,0.0100030914098,0.0100040969463,174.239454955,6.31749674461,1.77807360126,4.61129128153,291.806789514,12.1101916626,153.086668433,1.41099553127,4.08903577861,6.45767566953,4.7006386276,2.72298845951,3.02392108181,1.8801340635,22.3441440073,0,57.4002841339,56.3779049435,5.21874932987,9.94783066335,1.94142135898,3.15078656294,10.3092443914,1.37884835165,3.06106147907,19.8184657533,18.0380792464,3.09742997812,0.00418908087554,0.427018251789,5.2268218858,2.85210000888,0.0212035722888,1.27868742469,2.53438938417,1.62429358196,2.345869,1.70708557246,2.0181683778,1.96223702699,0.335504263049,5.80051890154,3.67402552245,1.12030194432,1.69102844488,0.643221680093,0.610008518323,0.460264161656,2.01057567936,1.16727917034
sobol__0001477,104.16006538,112.73149503,-36.37693776,43.09100721,-54.00478981,-1.16712934,-39.29093351,0,solver_failed,The static optimization calculation failed,23.33908,,2.19727327444e-08,,,0,0,,,,,,,,,,,,,,,,,,,,,,,,,,,,,,,,,,,,,,,,,,,,,,,,,,,,,,,,,,,,,,,,,,,,,,,,,,,,,,,,,,,,,,,,,,,,,,,,,,,,
sobol__0001485,92.91006538,72.10649503,66.74806224,18.71600721,35.99521019,-7.72962934,-16.79093351,1,usable,Converged with independently replayed constrained generalized-force equilibrium and small reserve torques,585.372417,0.0986812735874,1.17501762098e-07,2.4434049693e-13,1.05257189259e-05,18,0,0.239520566618,0.010137497474,0.0100267050281,0.0100035853709,0.116304631088,0.0100019391027,0.0423538723607,0.0100113773065,0.0100109144879,0.010002882562,0.0100046147165,0.0100071955772,0.0100060579991,0.0100068882435,0.0100228109712,0.010007298106,0.0100045382608,0.0100054071893,0.0100452371098,0.0100452371098,0.0404803519923,0.0270463777326,0.0854438468877,0.0426806153072,0.0736761470075,0.0625439242331,0.0290504962176,0.0100071242323,0.0100063014727,0.0100147649844,0.0100040792053,0.0100074529105,0.0100281052208,0.0100173025274,0.010007176173,0.0100101167219,0.0100096415239,0.0100119235161,0.0100096292227,0.0100096396393,0.0100725888664,0.0155557723319,0.01477824812,0.0101577545693,0.0113396223621,0.0102745742438,0.0101768359561,0.0100318857425,0.0100113735204,0.0100165131799,249.248670693,10.2104701324,1.87869845556,4.85286797363,105.702841747,12.2896179741,11.2493081372,1.42926142231,3.42771587055,5.57894202866,2.6548181772,2.61682440096,2.82931280729,1.79626579952,1.82601746023,3.7839891679,5.95198943118,4.89143362624,0,0,16.6149152199,5.47029280483,100.490458178,10.4845993636,24.8475381352,15.7915797215,5.47915612649,3.9184133418,4.75913934461,0.904423936162,5.49824523405,2.6223220126,0.733994018914,1.7112242218,2.5895272179,1.61908866053,2.36378425325,1.73031395118,2.10476592271,1.97446736678,0.332107832367,1.69862750363,1.39505013898,0.489679245179,0.782131946491,0.48373584194,0.777059158437,0.461448677825,1.60914779606,1.16886745032
sobol__0001493,109.78506538,84.29399503,-12.93943776,128.40350721,-19.00478981,15.23912066,16.95906649,1,usable,Converged with independently replayed constrained generalized-force equilibrium and small reserve torques,500.870241,0.057125224112,1.82187818609e-07,7.88702436694e-13,5.71407706353e-06,17,0,0.186583615948,0.0902665688604,0.0100134786623,0.0100237901642,0.0466785147858,0.0100056082388,0.0100799838531,0.0100107890706,0.0100099005743,0.010002151159,0.0100026037346,0.0100083953763,0.0100071242911,0.0100077588201,0.0100097432857,0.0100452374144,0.0100115116479,0.0100115052591,0.0100252874672,0.0100232841392,0.0100885230089,0.0100089894745,0.0343197491588,0.0100452403784,0.0125306965521,0.0202191533241,0.0582556759241,0.0100044178766,0.0100452374144,0.0100164930565,0.0281893787366,0.0100888257497,0.0100452374144,0.0100136432938,0.0100056762527,0.0100081312093,0.01000917586,0.0100107194737,0.0100086698122,0.0100078059121,0.0102979428009,0.0349950954629,0.0237667950108,0.0118314780829,0.0172637338809,0.0101682167256,0.0100423875068,0.0100193774308,0.0100066212095,0.0100082270858,152.80063839,93.6669961725,1.72299261208,2.92598948099,49.2207878847,10.0386380456,2.47367637698,1.4371063193,4.12253370806,6.21708502572,4.46003118691,2.70346135599,2.96816426785,1.87277063192,1.90551986394,0,7.17668193722,7.18201472243,2.74828718185,3.80444590504,4.74219578543,2.85014692891,24.0385228342,2.85176616734e-05,2.92610985087,4.01499825816,10.7918638172,3.22533637795,0,0.43809866305,14.2885042693,2.87158315183,0,1.18000546781,2.58095214251,1.62625839551,2.36546980935,1.7251296885,2.04725358318,1.97434839553,0.28383004089,3.43819547238,1.88565022217,0.537009113021,0.98354849916,0.34885476761,0.576270188234,0.436529913415,1.95029479977,1.16093265479
sobol__0001501,76.03506538,124.91899503,33.93556224,71.52850721,70.99521019,21.80162066,39.45906649,1,usable,Converged with independently replayed constrained generalized-force equilibrium and small reserve torques,371.888248,0.572218038087,8.32251920713e-08,6.76040242043e-13,3.15131425824e-05,30,0,0.325318195493,0.0100024777552,0.0100064988552,0.010000288738,0.430223656963,0.0100001588907,0.455467423329,0.0100026392851,0.0100003749196,0.0100002360626,0.0100003498716,0.0100015397298,0.0100009056827,0.0100012075901,0.0100045737112,0.0100422189766,0.101136217017,0.0989655830578,0.0182800353939,0.0100452376817,0.0100011409344,0.010002111508,0.0100025537976,0.0100014737708,0.010002452944,0.0388522948916,0.125442637369,0.0100008132923,0.0100120261711,0.0100025260344,0.120276462692,0.0410600285523,0.0100078642182,0.0100024027266,0.0100015916129,0.010002378451,0.0100026456572,0.0100031855304,0.0100025229522,0.0100023325697,0.0234444492161,0.0898208702787,0.0672157479909,0.0326068429943,0.0472114007176,0.0158497012116,0.0100261138453,0.0100077061989,0.0100017798472,0.0100024172748,236.440987245,3.45837631434,1.8861600045,4.60631955731,455.153721344,12.3683269417,122.677094049,1.29769782071,4.26968564656,6.56050405633,4.96604546049,2.7763359567,3.09382141052,1.88058784611,2.08015282135,0.0101513821275,69.7246764299,66.7637142175,3.9583489176,0,5.24717967656,1.13280536416,11.409221906,2.72079489077,3.33313013865,6.03734541458,21.5179867802,3.77821986146,0.75338190715,0.892639733033,61.9607442806,8.4470615333,0.403121313255,1.5228979954,2.4566651877,1.58962071043,2.27643768744,1.65957487227,1.95816157339,1.91220831551,0.492614352632,6.63655422701,4.20493838055,1.13846306462,2.339439857,0.382274919729,0.365259485791,0.401879548676,2.00968819947,1.16022581372
sobol__0001509,101.34756538,78.20024503,31.59181224,110.12225721,-71.50478981,13.59849566,45.08406649,1,usable,Converged with independently replayed constrained generalized-force equilibrium and small reserve torques,465.048299,0.14790855084,5.55247794409e-08,1.2576606423e-12,2.83391997514e-05,27,0,0.230186241806,0.010001831991,0.0100144603933,0.0100013155702,0.09402070689,0.0100005225715,0.104184187447,0.0100157225472,0.0100100825131,0.0100031991413,0.0100038994408,0.0100077767295,0.0100052567467,0.0100053962796,0.0100594073711,0.0100753979389,0.0494078010783,0.0490244508195,0.0118214255608,0.1639365019,0.0100016334022,0.0100094124176,0.0100046760129,0.0100011234148,0.0100024943114,0.100806610899,0.123432243209,0.0100007093078,0.0100452377754,0.0100046277153,0.0100014271469,0.0100078796735,0.0100452377754,0.0100022235218,0.0100009976221,0.0100015064591,0.0100015524157,0.0100019198626,0.0100015153705,0.0100014617306,0.0196845266967,0.0798754931974,0.0631679912592,0.0314478467824,0.0481495943717,0.019846594078,0.0100463971026,0.0100068694772,0.0100015310772,0.0100021395818,197.785929438,10.0679839934,1.92104739139,4.59116592476,98.9023201564,13.060430809,27.9193653346,1.44078064192,3.96848216636,5.99999213691,3.95836528193,2.66526526351,2.90999062283,1.83712333372,1.86980293294,0.190793936392,35.4420969931,34.8940920517,3.32503302485,55.8465773743,3.97235125655,2.86590815331,10.2365681835,2.33155777656,3.25538128062,17.4953134798,18.9863489215,3.17091532493,0,0.354696683477,5.57229829307,2.38105224851,0,1.08705586945,2.4946272276,1.61296817422,2.30012177156,1.6756819965,1.9848362517,1.93675554011,0.373731625164,5.22615079976,3.6798251818,1.06583124904,2.14487365848,0.450921360035,0.505662774066,0.449524431426,1.99858992109,1.16712322979
sobol__0001517,90.09756538,102.57524503,3.46681224,85.74725721,18.49521019,24.53599566,7.58406649,1,usable,Converged with independently replayed constrained generalized-force equilibrium and small reserve torques,447.703542,1.03741313247,6.3449127552e-07,3.66220746881e-13,9.09931623504e-05,26,0,0.374579382046,0.224613892224,0.0100065129463,0.010001386039,0.299141362389,0.0100005447978,0.130796832618,0.0100029323704,0.0100010676038,0.0100004191934,0.0100005345716,0.0100016788553,0.0100013986737,0.0100016704818,0.0100020393621,0.0100452361752,0.0837226149753,0.0819708944468,0.0167627060162,0.0100452377207,0.0100009722907,0.0100010510769,0.0100028567825,0.0100034511475,0.0100004659448,0.0100017147565,0.600929519152,0.0100009169058,0.449779865104,0.0100028929507,0.0114971403571,0.0238347631137,0.0417855139319,0.0911798951544,0.0100074086693,0.0100057368628,0.181114052085,0.0982061030683,0.062393504172,0.0100057419295,0.0770172841954,0.225871939987,0.129687355217,0.0330467538913,0.166559565644,0.0100830830518,0.0100032924829,0.0100021894857,0.0100007550273,0.010000784369,253.738252457,204.718768018,1.70326386156,4.66071553744,320.5551032,13.0627180047,33.8213766107,1.38048542272,4.26409789315,6.54988136057,4.75409167831,2.72952513664,3.01428398165,1.88029171713,2.01637736019,5.21546864461e-06,58.8758811288,56.4377415002,4.3341442955,0,5.22094579376,2.70287295462,11.0817790362,2.54036960459,3.32045312147,2.23967534156,115.912708676,3.8808540832,62.1589184804,0.946173785134,6.10849294709,6.50137773171,2.29684146786,14.3540986533,2.58861142566,1.62564746019,42.8533163349,16.9592777409,12.8199447063,1.97404947946,2.31073094982,24.1135711333,11.1372840888,1.55974982681,10.7556084718,0.39287451749,0.528624558281,0.382252797647,1.6139243596,1.02535412681
sobol__0001525,118.22256538,114.76274503,73.77931224,57.30975721,-36.50478981,1.56724566,-11.16593351,0,solver_failed,The static optimization solver did not converge,1296.412107,,3.58220262342e-08,,,0,0,,,,,,,,,,,,,,,,,,,,,,,,,,,,,,,,,,,,,,,,,,,,,,,,,,,,,,,,,,,,,,,,,,,,,,,,,,,,,,,,,,,,,,,,,,,,,,,,,,,,
sobol__0001533,84.47256538,90.38774503,-48.09568776,0.43475721,53.49521019,-9.37025434,-48.66593351,1,usable,Converged with independently replayed constrained generalized-force equilibrium and small reserve torques,643.971615,5.47157914651,6.84580172661e-07,6.67910171614e-13,0.000373836393792,30,1,0.341837555934,0.449425579877,0.0100057257316,0.0425938060313,0.490952344519,0.0100003505087,0.199303758403,0.0100016623764,0.0100006587413,0.010000249377,0.0100003167362,0.0100010594962,0.0100008397365,0.0100010287104,0.0100012278588,0.0100033436113,0.82601731838,0.602588801781,0.0100452377821,0.0100452377821,0.0100011782921,0.0100021309537,0.0100004106527,0.0100015077434,0.0100452377821,0.999999921044,0.0100000867891,0.934687034432,0.0100000403278,0.0100009078427,0.175822685119,0.171803974288,0.0100007548727,0.0100003172136,0.0100058690976,0.434550019062,0.0100002195005,0.010000451953,0.0100015881214,0.873408499924,0.0100013686872,0.010000365896,0.475657492549,0.376772515173,0.0100018358212,0.743193129457,0.0100004847169,0.121097287113,0.0100003362889,0.0100011351771,370.086349731,453.297860555,1.86497458132,18.8658559525,493.646612496,10.2936560447,46.191035544,1.36424868794,4.35530906441,6.50488938983,4.67081277712,2.73800503476,3.00154370597,1.87938606075,1.9888687819,3.42907096328,364.237244319,193.841763096,0,0,1.71087374661,0.581830202178,11.5107140321,2.30038093151,0,245.048195307,1.92850744954,249.462095602,2.97327093099,0.498760635241,95.8828475911,42.5239589535,0.484412590125,1.41429555941,2.47598169113,64.8365127601,2.16002115189,1.65435266091,2.12421529949,168.73306514,0.393691260424,1.03589874599,42.6695885628,16.7994352921,0.724081120625,34.6484106346,0.784047835059,5.56911825931,0.96901730129,1.13761831492
sobol__0001541,106.79678413,106.25688566,76.26954661,2.84686659,56.46396019,-7.14857465,13.09187899,0,solver_failed,The static optimization solver did not converge,1823.293453,,1.12533538932e-07,,,0,0,,,,,,,,,,,,,,,,,,,,,,,,,,,,,,,,,,,,,,,,,,,,,,,,,,,,,,,,,,,,,,,,,,,,,,,,,,,,,,,,,,,,,,,,,,,,,,,,,,,,
sobol__0001549,95.54678413,65.63188566,-45.60545339,59.72186659,-33.53603981,-0.58607465,50.59187899,1,usable,Converged with independently replayed constrained generalized-force equilibrium and small reserve torques,528.801763,0.0847978076825,6.45414317546e-08,2.77111666946e-13,1.76268291933e-05,23,0,0.182897787325,0.141957698103,0.0100158658978,0.0291317892506,0.0932383147326,0.0100066103181,0.0102436909772,0.0100090991337,0.0100067675136,0.010002358321,0.0100031577422,0.0100071537346,0.0100063050196,0.010007135331,0.0100100204829,0.0100061992757,0.0100123297055,0.0100125321359,0.0100355283049,0.0100162258304,0.0341765239594,0.0100057788262,0.036080283209,0.0416005889284,0.0183753657455,0.0399350360248,0.0854576304339,0.0100016027873,0.0100077160115,0.0100060501362,0.0372582017517,0.0103022264752,0.0100142646759,0.0100035845238,0.0100018436115,0.0100026943711,0.0100027596793,0.0100033859567,0.0100026868782,0.0100024854798,0.0102646188589,0.0385430260045,0.0320461803211,0.0149181698208,0.0237960497473,0.0102004339905,0.0100338714473,0.0100097715536,0.0100034320487,0.0100034678986,209.420167237,151.234792154,1.97963232732,12.8977596547,92.0315195623,8.89830637195,1.99585350172,1.43984248948,4.22044499305,6.04658765814,3.5756596699,2.68808181805,2.91036939167,1.83571295729,1.84448749828,2.38304776065,6.78228059537,6.63203476138,1.23382946269,3.70677144945,15.9473938211,3.13977715976,41.9878704994,11.4808763539,6.12091761631,7.46395172514,12.870063009,3.64426577963,1.79073378985,0.641539570639,17.9862950275,2.87387795165,0.282833087565,1.46775636167,2.40714888458,1.56242881904,2.25804629568,1.64171487027,1.93472513606,1.87674343232,0.157481444323,2.33115622759,1.79497233526,0.50476050357,0.977708265453,0.235754830465,0.569739062564,0.460154843233,1.89435971134,1.11192367652
sobol__0001557,112.42178413,85.94438566,24.70704661,88.15936659,11.46396019,22.38267535,-50.65812101,1,usable,Converged with independently replayed constrained generalized-force equilibrium and small reserve torques,421.464674,0.175187669058,1.00303850559e-07,3.19744231092e-13,1.44506954377e-05,17,0,0.392804784361,0.0100022365355,0.0100087285236,0.0100010320739,0.0222927458776,0.0100003082894,0.110359534187,0.01000769237,0.0100225937427,0.0100006816777,0.0100009058632,0.0100049595549,0.0100028064403,0.0100026211679,0.0100045282466,0.0225938537933,0.0352288689273,0.0344973909822,0.0101485019612,0.0100452376544,0.0100005732658,0.0100018110185,0.0100062251592,0.0100078415303,0.0100452376544,0.0108663724796,0.0100057864221,0.0180285344992,0.0100034452682,0.0100730161955,0.0131585383277,0.0133416626542,0.0100219954052,0.0100156377434,0.010062932843,0.0101116309218,0.0100148310711,0.010020788412,0.0100258749382,0.0101010931545,0.010025139013,0.010015246771,0.0100224310542,0.0100491779177,0.0100164275993,0.0100330011485,0.0101222100433,0.0107813499086,0.0105061968954,0.0230541361195,248.690926622,10.0933296606,1.74062038049,3.33212116931,23.8797959471,12.9670366541,28.9802623141,1.43951804056,4.0407818062,6.17538547854,4.43643123106,2.68229731883,2.95735440044,1.86552468054,1.89813353036,2.20492559412,24.8552441622,23.8332904188,2.64805324941,0,5.25129975353,3.16828436801,11.0257475369,2.5149155087,0,2.66262002649,1.86609263958,7.32626491007,4.38943428742,0.939364553398,7.02387279467,3.69645929518,0.725568099203,1.69718807129,2.3259341093,1.34605963205,2.29851373124,1.69493161915,2.12941383698,1.76405611066,0.394983811372,1.01725866072,0.912425450429,0.468027706054,0.722416820572,0.461631958509,0.835980901946,0.412215476434,0.825165451742,2.03895315116
sobol__0001565,78.67178413,126.56938566,-3.41795339,112.53436659,-78.53603981,15.82017535,-13.15812101,0,reserve_too_high,The posture requires more reserve torque than the quality limit permits,321.609907,588.402482959,3.529972048e-08,1.83862461967e-06,0.357352590879,32,1,,,,,,,,,,,,,,,,,,,,,,,,,,,,,,,,,,,,,,,,,,,,,,,,,,,,,,,,,,,,,,,,,,,,,,,,,,,,,,,,,,,,,,,,,,,,,,,,,,,,
sobol__0001573,98.35928413,75.78813566,-5.76170339,69.87811659,78.96396019,24.02330035,-18.78312101,1,usable,Converged with independently replayed constrained generalized-force equilibrium and small reserve torques,403.945007,0.324219807284,2.93762550285e-07,1.52766688188e-12,6.32564545158e-05,6,0,0.191452694077,0.155543661986,0.0100703522668,0.0171815041848,0.0956545241133,0.0100844500183,0.0104972636202,0.0100383206566,0.0100199066847,0.0100091167765,0.0100112516656,0.0100305349937,0.0100265520944,0.0100301886502,0.0100372302233,0.0100785867816,0.072577914957,0.0710169258315,0.0129842183426,0.0101817893141,0.0100035543946,0.0100044104316,0.0100145880709,0.0100028941999,0.0100040283275,0.0100266838596,0.177245209925,0.010003295107,0.127384915333,0.0100106791693,0.387161254087,0.0743437307081,0.0100309918397,0.0100145919844,0.0100162644744,0.0100239072966,0.0101718033772,0.0100773505749,0.0100431663859,0.0100272406047,0.0466590120148,0.137348287517,0.09783675054,0.0368970757738,0.0678937693252,0.0212931504785,0.0100458843038,0.0100328939572,0.0100156471397,0.0100136753202,199.713031993,160.208782859,1.83693523528,6.46482852711,102.357708611,12.4038518235,2.64294938164,1.44406634642,4.12315603023,6.0749492965,4.10367212129,2.68926859309,2.92608091119,1.84923101312,1.87715759135,1.9146262748,49.9189252781,47.7939269139,2.65629326245,0,3.38508415404,2.23915574428,11.4579944468,2.74437918821,3.37434266236,2.51797639295,34.1584471936,4.0636270016,56.0718634146,0.973949219132,199.155542664,14.124690787,0.73803802539,1.69879407772,2.59014953805,1.59572072677,2.40841551564,1.74226732133,2.10896607943,1.97394194399,1.67721234659,14.9905954723,9.23238157475,1.80056406577,4.90323265962,1.00590898525,0.619003560475,0.382106840563,1.2524587083,0.953262233845
sobol__0001581,87.10928413,100.16313566,41.11329661,126.75311659,-11.03603981,13.08580035,-41.28312101,1,usable,Converged with independently replayed constrained generalized-force equilibrium and small reserve torques,362.445885,0.201953399081,1.02067460261e-07,6.92802464944e-13,9.14435042523e-06,16,0,0.305891446692,0.0143554291297,0.0100076638138,0.0100010147272,0.26632747721,0.0100004619238,0.158048943051,0.0100045340096,0.010001296505,0.0100006273215,0.0100008511126,0.0100029933452,0.0100021287586,0.0100024951951,0.010006014497,0.0100452378296,0.0157635191887,0.0157696290902,0.0100776667162,0.0527385525479,0.0100104779972,0.0100030132449,0.0100154960467,0.0100452053961,0.0100452378296,0.0580471585048,0.0214936337743,0.0100041822838,0.010007561695,0.0100106009518,0.0100050721006,0.0100119475978,0.0100212359689,0.0100108471854,0.010007835357,0.0100118229568,0.0100110214946,0.010013113515,0.0100103079903,0.0100111174592,0.0101834109937,0.0239606359846,0.0226912276885,0.0106736599447,0.0146515579092,0.0107489750064,0.0105351936694,0.0100365734275,0.0100141825448,0.0100202872469,183.083386855,11.4304314087,1.76745822708,4.91890840808,286.3607099,12.5604852589,42.5704173657,1.42804726208,4.10290783632,6.36896472138,4.62476643085,2.71130382309,2.99661720392,1.87775689807,1.99406349733,0,11.3036310391,11.3124997797,2.8106353395,20.0084680703,0.753979589598,2.95722539178,7.35326770514,0.000257019989638,0,14.602454993,4.14440339333,3.97489414537,2.83086141769,0.989038007644,5.00891251542,2.85035762861,0.605956278341,1.6120754312,2.37195574927,1.37558637357,2.27763353516,1.68926327909,2.12610651379,1.79554263748,0.400845619608,2.50615806491,2.11044568888,0.501468801332,1.06071464257,0.506721725303,0.881880705597,0.429204190772,1.05545985101,1.01980521003
sobol__0001589,115.23428413,120.47563566,-38.57420339,17.06561659,33.96396019,-9.88294965,44.96687899,0,solver_failed,The static optimization solver did not converge,1219.422543,,2.54186802273e-06,,,0,0,,,,,,,,,,,,,,,,,,,,,,,,,,,,,,,,,,,,,,,,,,,,,,,,,,,,,,,,,,,,,,,,,,,,,,,,,,,,,,,,,,,,,,,,,,,,,,,,,,,,
sobol__0001597,81.48428413,96.10063566,64.55079661,41.44061659,-56.03603981,1.05455035,22.46687899,1,usable,Converged with independently replayed constrained generalized-force equilibrium and small reserve torques,460.349623,0.247454383519,2.08296881965e-08,5.75539615966e-13,1.45119836536e-05,5,0,0.292555195488,0.0159500775934,0.0101336381144,0.0100092116,0.330738131621,0.0100042048786,0.148269904725,0.0100335639968,0.0100117331894,0.0100049597184,0.0100064463919,0.0100210320578,0.0100163724813,0.0100190442335,0.0100567287503,0.0101643988766,0.0366616478436,0.0355608513567,0.010278424931,0.0697483551161,0.0535884963716,0.010041440274,0.0100616781405,0.0100344462928,0.0358773346666,0.0785227940972,0.0557654893985,0.0100085926069,0.0100116041236,0.0100242561922,0.0100319446832,0.0100798229906,0.0100436572457,0.0100204407003,0.0100140179161,0.0100215732774,0.0100200585268,0.0100253476661,0.0100207983229,0.0100209053522,0.011757577908,0.0524042784419,0.0412536359657,0.0222150474021,0.0242046122651,0.0159673910082,0.0134502606505,0.0101225977047,0.0100324213413,0.0100456887171,207.257447132,12.919632204,1.93300522859,4.56381577315,355.329171571,11.9444012162,39.8227978711,1.44301850602,3.94826664004,6.15646070489,4.44362889667,2.68989490535,2.95776466845,1.86135309104,1.9891603844,1.73720275271,24.0622681913,22.6340261687,0,24.5967641659,27.8124206496,2.47929709093,11.8455319709,2.70704217884,11.6711682596,17.850013953,9.80894813399,4.07184298312,4.42638136388,0.993766334677,3.22283375047,2.56115915237,0.720444327967,1.67168239885,2.57882085035,1.62844201394,2.37077907583,1.72949438574,2.05037058628,1.97617175349,0.268850241914,4.7461235729,3.2014819435,0.997858352037,1.32761713332,0.537834377287,0.907139686905,0.465623245021,2.01642886376,1.16637109178
sobol__0001605,105.39053413,93.05376066,-25.68357839,107.45624159,-2.28603981,4.06236285,-36.59562101,1,usable,Converged with independently replayed constrained generalized-force equilibrium and small reserve torques,540.346806,0.123963950656,2.77064202692e-08,3.30369784524e-13,5.3274706022e-06,16,0,0.253328665749,0.186306241973,0.0100079307086,0.0130584826167,0.106112064356,0.0100028351835,0.0109192433283,0.0100056942941,0.0100028746509,0.0100008913896,0.0100011091371,0.0100032453517,0.0100032070119,0.0100039150092,0.0100042515023,0.0100452376771,0.0626983510141,0.0620154815945,0.0144140581455,0.0100099076995,0.0100020514425,0.0100017522946,0.0100037171928,0.0100079521262,0.0100089501308,0.0100147417751,0.0100423151316,0.0129254873829,0.0129754773328,0.010085291374,0.0148062676679,0.019612546427,0.0100487602251,0.0100848694338,0.0207960267562,0.0122742524943,0.0158335124231,0.0120435605599,0.0153619719425,0.0130328598448,0.0100373847159,0.0100263160699,0.0100253804898,0.0100317595147,0.0100327704846,0.0100336426712,0.0100322145657,0.010045303554,0.0102741350486,0.0100647767455,176.788613712,191.076053425,1.64452000268,4.21889679163,109.926113636,9.5756856571,2.6463488351,1.38846052891,4.22549930936,6.43642084851,4.64456689545,2.71299951368,3.0051097298,1.88050291621,1.95727417819,0,44.9692980387,43.9949204013,4.01987020561,3.69060285596,5.10579577384,3.13600536884,10.4088152974,1.48175555689,2.12138243172,2.49503714802,1.9309705995,5.15930761343,5.60410216282,1.00906521381,7.69753827216,5.57401052468,0.690703688236,1.65802782408,5.13005079169,1.77681896571,3.60712179226,2.04382405249,3.26267108073,2.44351908928,0.369194989251,1.08544786396,0.945699676489,0.478003617151,0.711811086698,0.474532091821,0.839975681596,0.459072471452,1.24771080807,1.13105000097
sobol__0001613,94.14053413,117.42876066,58.69142161,83.08124159,67.71396019,-2.50013715,-29.09562101,1,usable,Converged with independently replayed constrained generalized-force equilibrium and small reserve torques,460.150045,1.22592145524,3.08618597344e-08,9.35694561404e-13,3.85645748326e-05,19,0,0.654712560504,0.348604783625,0.0100019027796,0.010000224953,0.591654822899,0.0100001306823,0.541495838258,0.0100010279589,0.0100002067231,0.0100000923685,0.0100001323478,0.0100005957292,0.0100004269964,0.0100004990537,0.0100007081311,0.0100452378504,0.104761431715,0.102555943365,0.0207237178633,0.0100452378504,0.0100002863434,0.010000540348,0.0100023302515,0.0100017886567,0.0100024904668,0.0100116932965,0.0511890522209,0.0100025550705,0.0120901111927,0.0100084625015,0.0451596113528,0.0269555913956,0.0100170103111,0.0100098063798,0.0100123327102,0.0100159939067,0.0100412622243,0.0100291731397,0.0100196911772,0.0100154597662,0.0102070482237,0.0310543130556,0.0151791117764,0.0100824618012,0.0142240380436,0.0100618313343,0.0100418511079,0.0100237803802,0.0100204129343,0.010013736193,219.118629711,223.043467601,1.75732052149,4.8232751712,228.098773092,12.3353256528,145.861841563,1.3558136103,4.17561453085,6.57019143292,4.85122799552,2.7428973264,3.06638988092,1.88073827837,2.06791031062,0,73.4010895196,70.3429174376,5.29873446189,0,5.15439222901,1.93958733696,11.1458069887,2.61608507357,3.1238043329,2.51917693322,8.65610714956,4.07899700102,5.70747745893,1.01054668169,22.6045253311,5.76446102303,0.742451179217,1.70447964411,2.58198284387,1.58469281186,2.34897423012,1.72819606039,2.12289928261,1.97074624343,0.326628311611,3.39110589496,1.43285859118,0.489495507665,0.91804915265,0.475906594923,0.772183661636,0.46100287653,1.37974701243,1.16503213426
sobol__0001621,111.01553413,105.24126066,-20.99607839,62.76874159,-47.28603981,11.71861285,27.15437899,1,usable,Converged with independently replayed constrained generalized-force equilibrium and small reserve torques,471.631433,0.64764911873,1.77144592328e-08,1.66977542904e-12,2.02747367019e-05,25,0,0.665631006602,0.332924689705,0.0100012826237,0.0378068404805,0.272898719891,0.0100004131851,0.010016064556,0.0100019912755,0.0100006896175,0.0100002002398,0.0100002536217,0.0100011131897,0.0100009534138,0.0100009856852,0.0100010516915,0.0100114255116,0.0273584454078,0.0267610362094,0.0100679875893,0.0100124742815,0.0100005877316,0.0100009954978,0.0100092827604,0.0100517892888,0.0151672667773,0.0483901249343,0.0754642211931,0.0100022215284,0.0100063138276,0.0100060497749,0.0274162781359,0.0114414206678,0.0100117302373,0.010005679012,0.0100033387501,0.0100049360779,0.0100049850232,0.0100060976374,0.0100049504617,0.010004660234,0.010504862311,0.0433018547549,0.0321898179013,0.0163082491864,0.0225195413403,0.0111876160243,0.0100593390221,0.0100169024089,0.0100048629333,0.0100064611826,272.495514853,335.438545381,1.85153313776,10.9222373479,286.457388802,9.59820842978,2.47359750229,1.303476539,4.30231551261,6.57097726283,4.86181808741,2.74660232449,3.05543839525,1.88070665434,2.02254019928,0.326130375548,18.6199904385,17.8145441064,1.49237935892,3.59483425779,4.68664355742,2.5399901612,11.5933695877,2.77395070834,5.07480771361,10.2530680431,13.7909668309,3.92527999052,2.78952133931,0.944193165862,12.2550065813,3.02962585608,0.656194336527,1.59924883023,2.55899366265,1.62569720646,2.35183844601,1.71328891256,2.03046281216,1.97180845565,0.236220843658,3.64969041067,2.31022049204,0.66397130407,1.21144127366,0.338531055372,0.578755361888,0.454111244627,2.01076420517,1.16768683573
sobol__0001629,77.26553413,80.86626066,44.62892161,5.89374159,22.71396019,18.28111285,34.65437899,1,usable,Converged with independently replayed constrained generalized-force equilibrium and small reserve torques,439.025144,0.14352001698,4.84836473191e-08,1.00880954235e-12,1.61062826501e-05,15,0,0.179629012752,0.194945834526,0.01008280354,0.0287071704637,0.190569193917,0.0100161817982,0.0257296679765,0.0100149821018,0.0100092677046,0.0100030520063,0.0100038062084,0.0100104665353,0.0100089805829,0.0100103227565,0.0100129092648,0.0100103691193,0.0100259047053,0.0100310784791,0.0100815555079,0.0100815555079,0.0755532525075,0.0100229352558,0.0246236928958,0.0107798008528,0.0505470139379,0.070565364257,0.0926147748361,0.0100026414031,0.0100043057445,0.0100074587844,0.0100108123049,0.010018329082,0.0100135140791,0.0100063464611,0.0100039075155,0.0100058004744,0.0100055930975,0.0100069926796,0.0100056552082,0.0100056040985,0.014774208335,0.0692230073426,0.0487557330215,0.0256767502971,0.0357193118817,0.0161340862512,0.0104365787863,0.0100343454575,0.0100075854759,0.0100114196548,188.258010426,182.625911484,1.92034949096,13.7068657311,202.60586524,12.3065240277,6.93076023969,1.44068541691,3.98844512468,6.01072449718,3.99968041908,2.66012543181,2.89610892821,1.8264875402,1.93333093872,4.14556667968,4.886524834,3.69841396949,0,0,29.817303093,1.49129748243,28.6632947916,2.5369832416,11.3768531717,10.6304701315,17.8650218724,4.07693013672,3.66130037776,0.973631983451,4.7660975383,2.70674376284,0.697781049858,1.63760274208,2.47944404746,1.60474591375,2.29563737106,1.67300358365,1.97743476264,1.93242400566,0.421074712288,7.03948350865,3.97198054957,1.13721492208,2.31229326852,0.424153463326,0.458039538647,0.423385405406,2.01087881474,1.16620620687
sobol__0001637,102.57803413,123.52251066,23.53517161,48.54999159,-24.78603981,8.98423785,59.02937899,0,solver_failed,The static optimization solver did not converge,1222.103189,,4.15247924934e-08,,,0,0,,,,,,,,,,,,,,,,,,,,,,,,,,,,,,,,,,,,,,,,,,,,,,,,,,,,,,,,,,,,,,,,,,,,,,,,,,,,,,,,,,,,,,,,,,,,,,,,,,,,
sobol__0001645,91.32803413,82.89751066,14.16017161,24.17499159,45.21396019,19.92173785,6.52937899,1,usable,Converged with independently replayed constrained generalized-force equilibrium and small reserve torques,419.7846,0.19671802073,4.6858957603e-08,4.61744466443e-13,7.6844398117e-06,23,0,0.275610220274,0.168351547297,0.0100138456848,0.0100081232638,0.198939821171,0.0100019880557,0.0414797423772,0.0100064674769,0.0100030762777,0.0100012170961,0.0100015129733,0.0100046211432,0.0100037918103,0.0100041247825,0.0100061653922,0.0100024808218,0.0100024926925,0.0100028549918,0.0100452375951,0.0100452375951,0.0561145007692,0.0100126360187,0.160175963138,0.0767019226954,0.0628978362362,0.0597373035675,0.0480599225981,0.0100044785508,0.0100072539171,0.010008950303,0.027704468284,0.0100203277578,0.010020673867,0.0100119524433,0.0100051773644,0.0100075817296,0.0100077292051,0.0100094144125,0.0100077809878,0.0100074436655,0.0102015583778,0.0335374264113,0.0252776553351,0.0126982478752,0.0179915477717,0.0128515676603,0.0100988151548,0.0100259761451,0.0100087349477,0.0100118801832,248.846991093,166.758505201,1.7706562682,4.79399055103,213.955039723,13.0655858807,10.9013454279,1.43933140708,4.10539806369,6.16056380436,4.39820962476,2.68306684909,2.92806581455,1.85469273547,1.9124353178,3.50423011753,6.23194130808,5.39811554909,0,0,16.4998678962,1.40431069801,188.544387894,19.2811770899,17.2132701417,12.3416734797,9.25980431689,4.06953111838,4.39195127695,1.01073282278,15.4321010133,2.56383735206,0.74166967448,1.70124756546,2.58495361511,1.62616371753,2.36724973452,1.72747920734,2.04920135835,1.97431428776,0.330794371468,3.6608011194,2.32593387405,0.617509202253,1.27544030953,0.497266235026,0.536663188648,0.408327374417,1.70347466657,1.08739174649
sobol__0001653,119.45303413,70.71001066,84.47267161,125.73749159,-69.78603981,5.70298785,-4.72062101,0,solver_failed,The static optimization solver did not converge,1946.51058,,6.71532802698e-08,,,0,0,,,,,,,,,,,,,,,,,,,,,,,,,,,,,,,,,,,,,,,,,,,,,,,,,,,,,,,,,,,,,,,,,,,,,,,,,,,,,,,,,,,,,,,,,,,,,,,,,,,,
sobol__0001661,85.70303413,111.33501066,-56.15232839,68.86249159,0.21396019,-5.23451215,-57.22062101,0,solver_failed,The static optimization solver did not converge,1380.654787,,5.52734231718e-08,,,0,0,,,,,,,,,,,,,,,,,,,,,,,,,,,,,,,,,,,,,,,,,,,,,,,,,,,,,,,,,,,,,,,,,,,,,,,,,,,,,,,,,,,,,,,,,,,,,,,,,,,,
sobol__0001669,107.49990913,67.15532316,35.83985911,26.71405409,-41.66103981,15.4100191,-26.75187101,1,usable,Converged with independently replayed constrained generalized-force equilibrium and small reserve torques,490.412122,0.178993395449,1.90759052998e-08,2.57865745824e-13,1.6699760314e-05,12,0,0.27251628227,0.0100007774584,0.0100252862106,0.0100007598052,0.0344970591124,0.0100002769389,0.169791106206,0.011187289352,0.111509995673,0.0100031828663,0.010003435946,0.0100096748987,0.0100047164476,0.0100036850017,0.0102629855489,0.0761309821634,0.0100021184325,0.0100023663076,0.0100452376934,0.0144383952259,0.0100012732125,0.0664726929741,0.190426438052,0.0736991229063,0.0548245655239,0.0177758142736,0.0100095397887,0.0456192956437,0.0132622652942,0.0104194742944,0.0274442896993,0.0100276998356,0.0101288876799,0.0160452475489,0.010042382239,0.0100479357221,0.0100297826078,0.0100348422287,0.0100371036113,0.0100518067894,0.0100283834429,0.0100163947527,0.0100204585102,0.0100308951957,0.0100213770158,0.0100402828966,0.0100604234957,0.01007088642,0.0101344770732,0.0104832464061,292.833719033,10.3327217936,1.89491531338,4.34274249198,34.0756025789,13.0620702482,45.5572552813,1.59776375931,41.2939867657,5.66561870503,2.78835167114,2.62827905394,2.8418815264,1.80443908219,1.76024115072,32.7808918642,6.31126538464,5.62071229758,0,5.24636539696,4.01385350142,18.3903136522,224.184809741,18.7432614124,18.2127134358,4.48810066023,1.87312440769,13.7069591373,6.3493905702,0.677585594367,8.59335585993,2.72664085063,0.732065363021,2.71406878111,2.44970502372,1.41720778391,2.33561099455,1.71837073222,2.13172696854,1.84817075526,0.392525091515,1.05434176931,0.939000872424,0.47884695883,0.725518284084,0.47489417112,0.798440024109,0.425019726679,1.28946764022,1.08899002718
sobol__0001677,96.24990913,107.78032316,-11.03514089,34.83905409,28.33896019,21.9725191,-34.25187101,1,usable,Converged with independently replayed constrained generalized-force equilibrium and small reserve torques,344.505888,0.858997792038,8.49983301521e-08,1.06643637578e-12,3.41527653427e-05,16,0,0.614463658806,0.463133148885,0.0100028487444,0.010000734917,0.425202893594,0.0100002227503,0.268128424423,0.0100012223449,0.010000408516,0.0100001365243,0.0100001769959,0.0100006037851,0.0100005790583,0.0100006333409,0.0100006846081,0.010001264094,0.0100056674991,0.010005913323,0.0100452377695,0.0100452377695,0.0100009796585,0.0100016335333,0.0674036617844,0.0446726216451,0.040799669726,0.0100596464883,0.0100101712222,0.0338871694716,0.0100159260884,0.0102139862565,0.0265827302759,0.0100460279855,0.010056479028,0.0101111613893,0.0101201274499,0.0100921435585,0.0100331537731,0.0100400023178,0.0100502526565,0.0101020980905,0.0100296625039,0.010018360935,0.0100224022883,0.0100345583071,0.0100221457986,0.0100353341415,0.0100577352094,0.0100834199073,0.0103364793321,0.0122771106333,358.665749961,444.496554551,1.62060013143,3.67790940439,451.859925968,12.4060958534,67.7494638618,1.3116921582,4.32815102813,6.57095519416,4.86495892589,2.74449892319,3.05252352645,1.88065083063,2.04192421886,1.42530314796,6.47460943565,6.16765581645,0,0,2.97544967197,0.92176072772,79.3590305509,12.0093058922,13.6477800714,2.53976584711,1.8324869529,11.04130085,4.69356966035,0.716373106159,14.7972601834,2.67967989446,0.756311676279,1.73047034616,2.56183904546,1.49293773006,2.36718106724,1.73237314929,2.13292892476,1.91954019272,0.395077223285,1.03660291046,0.929619620961,0.475932956033,0.723888890955,0.474470466134,0.740495436631,0.391034718429,1.08589529528,1.14789699846
sobol__0001685,113.12490913,128.09282316,68.65235911,79.52655409,-6.66103981,-0.9962309,36.99812899,0,solver_failed,The static optimization solver did not converge,1301.492431,,2.55068499655e-08,,,0,0,,,,,,,,,,,,,,,,,,,,,,,,,,,,,,,,,,,,,,,,,,,,,,,,,,,,,,,,,,,,,,,,,,,,,,,,,,,,,,,,,,,,,,,,,,,,,,,,,,,,
sobol__0001693,79.37490913,87.46782316,-34.47264089,120.15155409,63.33896019,-7.5587309,29.49812899,1,usable,Converged with independently replayed constrained generalized-force equilibrium and small reserve torques,454.292212,0.135442210583,1.1750610529e-07,5.02668919886e-13,2.60254364803e-05,17,0,0.148943285599,0.241192551959,0.0100226576304,0.010018764929,0.143982629534,0.0100023696166,0.0429458158971,0.0100057049819,0.0100031154259,0.0100009948686,0.0100011850033,0.010003179768,0.0100033040785,0.0100036361647,0.010004030567,0.0100452376642,0.0472645827913,0.0472379505805,0.0122888214119,0.0100452376642,0.0100011954127,0.0100010482812,0.0100056532119,0.0100047865859,0.039623052266,0.0791349827207,0.0100044691455,0.0100107655887,0.0100075227319,0.0100267554824,0.0897396608954,0.0730672898428,0.0100452215053,0.0100073189901,0.0100270304984,0.0103717599587,0.0100088267793,0.0100137882919,0.0100224647076,0.0223180390753,0.0100455512826,0.0103665107245,0.0191126741675,0.0203182666935,0.010020873105,0.0104601255967,0.0142602545664,0.0216950217776,0.0100153946871,0.0371849543621,163.824758312,239.936685397,1.92767935349,4.77408769961,146.352585166,11.9411980249,10.4293049418,1.40685274176,4.33164005282,6.44730940993,4.62580078043,2.70804298983,2.98321471225,1.87529668621,1.98527678271,0,33.906693124,33.8684994844,3.48000079977,0,4.93555354918,3.16831951357,8.69588928981,0.618359727392,9.4828176478,15.4548828634,1.14496154981,1.98471442631,0.618976950746,0.161143295626,18.7850776452,16.4800833631,6.32905702228e-05,1.10123488817,2.47166300618,1.6462981573,2.32137642338,1.68578079508,1.98189669959,4.24987893511,0.190932551816,0.785407342996,1.26929150163,0.852987467695,0.402244381827,0.338751445515,0.861578875557,0.991347054178,1.99897828973,4.19472983001
sobol__0001701,99.06240913,97.62407316,-46.19139089,93.74530409,-64.16103981,1.7381441,5.12312899,1,usable,Converged with independently replayed constrained generalized-force equilibrium and small reserve torques,475.752376,0.434255003238,4.92799330232e-08,2.4692320518e-12,2.90063769205e-05,28,0,0.380286431554,0.306939291831,0.010004628518,0.256989051444,0.328519170633,0.0100006815278,0.0182237135536,0.0100023546685,0.0100008119123,0.010000307477,0.0100003911449,0.0100009622481,0.0100010076802,0.0100014812255,0.0100015571724,0.0100452378097,0.0543102539238,0.0532113343783,0.0115133536095,0.0279677544434,0.0100019221322,0.010001129424,0.010004200947,0.0100033738548,0.0100049141392,0.0311113954543,0.0807576333078,0.010001929019,0.0100086261438,0.0100057400248,0.0100051286449,0.0100238902964,0.0100129379692,0.0100063143697,0.0100039489285,0.0100057766037,0.0100069572884,0.0100080689554,0.0100061501508,0.0100054780151,0.0106678408494,0.043253613653,0.0286945748483,0.0127608784489,0.0232630168757,0.0109382570516,0.0100473763901,0.0100151717197,0.0100055756874,0.0100063571171,296.808999972,313.273941123,1.65689550523,98.8088533841,333.277751522,8.90714907549,4.3011383329,1.31452948571,4.32519866794,6.56148754128,4.75176894441,2.68578863649,3.01834780981,1.88063661219,1.9952166893,0,38.5993920466,37.0528510726,3.06397241564,9.69699612254,5.09569432946,3.16662493357,10.8792074438,2.57390296965,3.22624637674,7.83462570807,13.1108383324,3.90445114492,3.81036656137,0.955578729252,5.43832653811,2.45713225641,0.670245939726,1.6208779277,2.58875274707,1.61283819043,2.36924443323,1.73030043848,2.10015088475,1.97323588112,0.261093041525,4.12518772187,2.33818829236,0.605602291969,1.27193980013,0.441761162226,0.745759079304,0.460669694588,1.97831344475,1.16767455377
sobol__0001709,87.81240913,73.24907316,75.68360911,101.87030409,5.83896019,-9.1993559,57.62312899,1,usable,Converged with independently replayed constrained generalized-force equilibrium and small reserve torques,721.465103,1.98531522699,3.65146389569e-07,3.51008111465e-12,8.54795832714e-05,15,0,0.182951445812,0.0100002682852,0.0374854288656,0.0100003070788,0.212930423451,0.0100001768552,0.370082567408,0.0477713578175,0.0673682124996,0.0100693095297,0.0100184189454,0.0100115953569,0.0100071302957,0.0100057986339,0.240265138467,0.0108599259706,0.384579512433,0.378091130116,0.0836357349935,0.0100452378025,0.0100005649855,0.197292931025,0.0100006353093,0.0100008620387,0.847246409479,0.583286140824,0.0100008870128,0.0100169444719,0.0100452378025,0.0100452378025,0.0100007238956,0.0100026280295,0.0100452378025,0.0100098780167,0.228011813968,0.211554533943,0.0100056190306,0.0100398834727,0.0801465888618,0.299046824316,0.0100136678041,0.0100105516389,0.0104730292394,0.0619209667994,0.0100061515433,0.0620360091465,0.15849230137,0.201493876038,0.0100007776147,0.199765527817,193.481062936,9.99520726813,7.00473806412,4.6732821653,198.3124871,12.0432160467,94.2041239998,6.81565631953,23.0209792461,5.53789210833,2.53005795803,2.61360228051,2.82200542429,1.79158112597,44.4152734071,0.0590051625741,275.465653241,266.249082815,22.8862811891,0,4.12855638308,59.2742939944,10.6361355553,1.93353930559,266.187601746,102.841112048,1.14446325834,0.775416871541,0,0,5.20472374857,2.80472251011,0,0.442000544369,52.6704548478,31.9876217149,2.21443199275,1.61282156632,14.8863336745,54.3015132655,0.124571320819,0.510541956527,0.515457321434,2.01277771074,0.31754771556,1.44751077488,9.11094734772,9.05092310288,1.85935395321,21.4215572097
sobol__0001717,115.93740913,93.56157316,5.37110911,8.43280409,-29.16103981,13.7693941,-58.62687101,1,usable,Converged with independently replayed constrained generalized-force equilibrium and small reserve torques,469.28623,0.469242956982,6.53130882711e-08,5.3290705182e-13,1.91925250105e-05,23,0,0.622658946571,0.0960215876712,0.0100039014727,0.0100012673561,0.0824050257114,0.0100003240768,0.0640800984248,0.0100034521862,0.0100038060635,0.0100003049998,0.0100004072621,0.0100025140652,0.0100017118328,0.01000166216,0.0100018373558,0.0100024556068,0.010002553343,0.0100032697484,0.0100452378183,0.0101117673142,0.0100014995236,0.0100034223635,0.180472425736,0.0471738650728,0.0100452378183,0.0681839933708,0.0100018115203,0.0882255937785,0.0100012064921,0.0116821637757,0.0303367228656,0.0100347062896,0.010020370982,0.0100148446442,0.0147605044997,0.0209154538328,0.0100058702679,0.0100097670345,0.0100150626525,0.0250303270503,0.010010030356,0.0100047873991,0.0100077273567,0.0100420710549,0.010005774861,0.0100187048342,0.0105777391647,0.0365275046903,0.0275876196613,0.0796030120939,310.831564607,97.3705714481,1.74230363566,2.41856960402,88.6113371531,10.9441624342,16.2616267481,1.42827305674,4.13234899267,6.40270856068,4.62892165663,2.70654508907,2.99273039039,1.87921972879,1.94723808936,4.2530666749,5.09959848026,3.91934249218,0,3.7810672989,2.09676487018,1.4837598486,210.834732746,11.2649761097,0,16.5787529884,1.81215151959,16.0288023878,4.43367610836,0.322313980892,8.8826046371,2.83363537372,0.49630672143,1.36761019037,3.06385281348,2.51486168538,2.10652541462,1.57443685221,2.124757821,4.02459701122,0.386069948101,0.895683328526,0.863294107879,0.440240161621,0.693022722527,0.456417467997,0.930373008311,1.52716529599,2.07285216232,7.56287722662
sobol__0001725,82.18740913,117.93657316,33.49610911,49.05780409,40.83896019,24.7068941,-6.12687101,1,usable,Converged with independently replayed constrained generalized-force equilibrium and small reserve torques,368.911703,0.982323994816,9.84017663797e-07,2.1955770535e-12,3.71304574651e-05,29,0,0.509066796855,0.109350324287,0.0100055047032,0.0100004309495,0.485778371626,0.0100002280401,0.338042004386,0.0100020797853,0.0100004400126,0.0100002120724,0.0100003009032,0.0100009230925,0.0100008056918,0.0100009672002,0.0100016416518,0.0100044993605,0.0409544959563,0.0399517618053,0.0100507674822,0.0100452379697,0.0100008185455,0.0100023103375,0.0100084431498,0.0100072090465,0.0100017260059,0.0664951620747,0.410891876505,0.0100008299492,0.286439427409,0.010002370064,0.0484445403427,0.0239341842397,0.0100149982904,0.0100061174712,0.010002357036,0.0100032036627,0.0100098162993,0.0100084302435,0.0100048867087,0.0100030473983,0.0643101299985,0.212435562992,0.15181555866,0.059188455062,0.134033029603,0.0487758190341,0.0100121644336,0.0100051844241,0.0100017764922,0.0100019082766,315.424093091,56.1600283935,1.78937364626,4.80834690488,521.097864418,12.5443910259,90.6003485594,1.32656421884,4.24844494491,6.57112072909,4.90452041347,2.72364057856,3.07465893407,1.88088458941,2.08010404922,0.845316855001,27.2591267463,25.940073678,0.325041203258,0,5.22953913662,1.01152941759,11.771295491,2.7614498138,3.29600141761,16.047629373,78.719695034,4.07482788868,123.618593891,1.00762924885,26.8870333412,6.19743261025,0.732209252787,1.68812685759,2.58850130271,1.62095786585,2.37016568363,1.73031546978,2.077824868,1.97324121972,2.22968981503,23.1976969731,14.2855550021,2.8880498852,9.65519255053,2.18836939078,0.573628153597,0.379611128021,1.41822012042,0.979297532895
sobol__0001733,103.28115913,114.88969816,6.54298411,115.07342909,17.08896019,17.8709566,51.06062899,1,usable,Converged with independently replayed constrained generalized-force equilibrium and small reserve torques,399.390879,1.02894386145,3.29460192461e-08,1.16537974294e-12,5.67648621654e-05,24,0,0.728344073619,0.333357776893,0.0100011845575,0.0100004223117,0.278271829215,0.0100001539899,0.502376390671,0.0100012427657,0.0100003302532,0.0100001187353,0.010000156621,0.0100005918803,0.0100004733972,0.0100005482772,0.0100006181474,0.0100733705695,0.105911700558,0.105605246675,0.0259683817089,0.0100733705695,0.0100002712141,0.0100003776681,0.0100039705509,0.0100130597326,0.0100088831874,0.0557271882751,0.109635929616,0.0100043996527,0.0100733705695,0.0100733705695,0.0516307537764,0.0482210396395,0.0100733705695,0.0100127014998,0.0100024193056,0.0100035853441,0.0100036753333,0.0100044921684,0.0100035835202,0.0100033941081,0.0182059088092,0.0718961260361,0.05598665708,0.0282376907401,0.0375078483111,0.0136310466224,0.010053836433,0.0100135485604,0.0100028959842,0.0100042006853,277.983865765,296.401333145,1.83626202541,3.50956153179,299.206172749,12.9327635995,129.560680133,1.29147201907,4.33924777251,6.56039343623,4.95324193493,2.75178327968,3.06437624731,1.88078514933,2.06885426157,0,75.9793879225,75.5460648156,7.3532997427,0,4.85629740399,3.16805706062,9.63785791802,0.685899304057,3.10259567721,7.58162881704,17.5099171071,1.21344632751,0,0,24.9331967783,13.1948009894,0,0.405729538596,2.40276505799,1.56254589603,2.23941433187,1.63163754509,1.92248045942,1.88309350786,0.357361512157,4.75856120877,3.20960677577,0.926863536429,1.62143795766,0.264340716343,0.389289798882,0.427566135753,1.99611065999,1.16743260464
sobol__0001741,92.03115913,90.51469816,15.91798411,74.44842909,-72.91103981,11.3084566,13.56062899,1,usable,Converged with independently replayed constrained generalized-force equilibrium and small reserve torques,441.415201,0.191686168545,3.49828752633e-08,5.33374492391e-13,2.28192460269e-05,28,0,0.299359719176,0.147973781749,0.0100098325507,0.010003205586,0.213342687207,0.0100011313358,0.063926648383,0.010005302857,0.0100023277975,0.0100010454283,0.010001259782,0.0100037300017,0.0100029425108,0.0100031694431,0.0100049068461,0.010014637065,0.0195692527814,0.0191543896634,0.0100713737283,0.131160913387,0.0159325432429,0.0100040899198,0.0100105760474,0.0100017673078,0.0100083995348,0.0676986533792,0.0289628798409,0.0100013867397,0.0100023423659,0.0100039929226,0.0100024732814,0.0100096047843,0.0100075413274,0.0100035561888,0.0100028229554,0.0100044424206,0.0100041031044,0.0100051573296,0.0100042408792,0.0100045308402,0.0102156769342,0.0401579062814,0.0305620808213,0.0167908077246,0.0187480759343,0.0146544000021,0.011710935144,0.0100269108043,0.0100073073758,0.0100113323056,222.269792449,143.247763155,1.71360923183,4.81926893428,229.444247088,13.0642805012,16.8331349939,1.43372970267,4.14203330911,6.28761462069,4.54319580105,2.6976416469,2.95989264079,1.8723029114,1.94581186282,0.939315163803,13.5468828143,12.9763581131,2.36467553055,44.5023173695,8.04188608726,3.16900053936,11.354655855,2.74766894231,3.37577345999,16.0742675972,5.27281212514,4.02682274578,3.67635094729,0.982436255757,4.17487107024,2.36856186663,0.691120509158,1.63965549379,2.58862040248,1.62160725139,2.3688253348,1.72975256445,2.08087297309,1.97373240774,0.253975269936,3.75746355805,2.40070414139,0.749864653908,1.07438028309,0.530353997511,0.757342462764,0.453576563554,1.97179679983,1.16719422462
sobol__0001749,108.90615913,78.32719816,-54.39451589,37.88592909,52.08896019,-2.9102934,-12.68937101,1,usable,Converged with independently replayed constrained generalized-force equilibrium and small reserve torques,432.944953,0.373920757785,3.85734688635e-08,3.50377131526e-12,1.30647815173e-05,13,0,0.320475918046,0.159433161033,0.0100075293574,0.240878083744,0.365359586277,0.210383067206,0.0100306652286,0.0100042146773,0.0100021687866,0.0100008481765,0.0100010851304,0.0100028156683,0.0100028120846,0.0100033988797,0.0100048654432,0.0100023193081,0.0100082145019,0.0100084703811,0.0100452376315,0.0100452376315,0.0182078964634,0.0100065138605,0.0441893958625,0.0247680114719,0.0408653637015,0.015928712796,0.0100153611594,0.0120775424711,0.0100106811385,0.0100451017688,0.0351422521676,0.0101110290651,0.0100389639477,0.0100359532689,0.0100359960571,0.0100441406161,0.0100270965228,0.0100327499123,0.0100361923473,0.0100478791835,0.0100429484219,0.0100375925492,0.0100579813351,0.0100551638931,0.0100347899278,0.0100514430027,0.0100518822151,0.0100581913873,0.0100378955311,0.0100794591049,347.12363693,170.76936006,1.84847360353,107.066233565,352.680386416,168.814840539,1.86551040391,1.43050155066,4.17722754643,6.17060159311,4.36956157161,2.70700473816,2.9720439788,1.87197252325,1.88726103522,2.44034974109,6.52105146749,6.28090242048,0,0,2.59277870991,1.71817516578,52.0268098655,6.68599335221,13.7837098738,4.02140056066,1.84220619123,4.91712007176,4.80230979233,0.996901891204,19.5603498767,2.52160505338,0.755917558872,1.7181303051,2.59720616373,1.62911792398,2.37330043666,1.73453379497,2.09903291245,1.98231897156,0.299508101064,1.09535973693,0.946802469461,0.490680863169,0.652394273391,0.464746291198,0.735629848298,0.462661025002,1.70733524105,1.17620563923
sobol__0001757,75.15615913,102.70219816,86.23048411,29.76092909,-37.91103981,3.6522066,-50.18937101,1,usable,Converged with independently replayed constrained generalized-force equilibrium and small reserve torques,438.615374,0.4944098936,8.81465211933e-09,1.81898940355e-12,4.1030120928e-05,15,0,0.133556637279,0.132394942749,0.12928006393,0.0100026386252,0.469557913747,0.0100029804647,0.420580682568,0.0100039493855,0.010001366679,0.0100004914789,0.0100006132043,0.0100023191342,0.0100020521707,0.0100023026466,0.0100032052159,0.0804635765904,0.0813347198689,0.0747233600416,0.0100691161967,0.0100077096774,0.0833090083273,0.0100025403608,0.0100080195704,0.0100320177356,0.0100691161967,0.0939345641475,0.010007277364,0.0152599930974,0.0100028411221,0.010049412989,0.0669874046373,0.0373507984821,0.0100294962538,0.0100180388323,0.0100475179832,0.0101117409119,0.0100145139321,0.0100221123613,0.0100291628994,0.0101699459403,0.0100658584744,0.0100595097572,0.0189581921378,0.0165265967029,0.0100401063118,0.010219234272,0.0100837857099,0.0129430258399,0.0100287362057,0.0166139855869,101.300853169,91.2881794389,24.3271108733,2.72698271519,503.201868103,11.3590623797,110.271711154,1.43862791187,3.86414098887,6.13153267583,4.42396091997,2.68663519279,2.9618360607,1.86135834726,2.02347149083,15.2693865322,51.9027237781,43.8068226656,0,3.66669745285,43.7134667077,1.88687453387,11.7830055648,2.59558575962,0,22.6299158014,1.92280988548,3.99649147206,4.35497588159,0.469040910735,22.7140536982,10.227233529,0.575322842869,1.50720869988,2.17616400015,1.2841471331,2.08292195333,1.57542534187,2.12894299446,1.71897022356,0.396566346666,1.02846454422,1.70649859543,0.749268645304,0.726470567524,0.475751614196,0.885307544904,0.588598547499,0.965680178479,1.78602442962
sobol__0001765,100.46865913,84.42094816,55.76173411,56.16717909,39.58896019,-4.5509184,-44.56437101,1,usable,Converged with independently replayed constrained generalized-force equilibrium and small reserve torques,394.682508,0.298386851203,6.15058306508e-08,2.88468498274e-13,1.83968706273e-05,17,0,0.412465615617,0.010000642244,0.0100087113412,0.0100003757476,0.0973006966005,0.0100001811479,0.306113516978,0.0100078910808,0.0100015972436,0.0100007430608,0.0100009973904,0.0100036957742,0.0100023025164,0.0100023528695,0.0342160431956,0.10146419747,0.010013554635,0.0100137733809,0.0100383105183,0.01004523792,0.0100005268867,0.0100312279297,0.0294613987479,0.0584820987798,0.0220508521355,0.0373406184124,0.0494200244022,0.0100062059941,0.0100760011518,0.0100177677654,0.0100036737108,0.0100080954293,0.0100354391794,0.010021600807,0.0100080326593,0.0100111356828,0.010013663599,0.0100148538794,0.0100106489564,0.0100098431846,0.0101363979491,0.0256794760205,0.0174956956023,0.0101530912372,0.0178024521125,0.01022233187,0.010263013277,0.010029166493,0.0100151666593,0.0100149259509,279.225157123,9.90004305387,1.93751889134,4.99199926667,94.9185207997,12.6521972225,82.4509679095,1.43966023122,3.87050758515,6.03448482372,4.16725942394,2.66238435847,2.91699129998,1.8410827812,6.4448451826,18.2574038648,6.74483548544,6.59225340596,0.933343693345,0,4.94763324739,2.35337615415,34.4532035517,16.1406697268,7.09311208262,9.01929563787,9.29089387742,3.89754169911,4.76245066472,0.795831480059,5.49730457933,2.59966340706,0.743197731785,1.71324625153,2.48685978162,1.48665382721,2.21773791759,1.67879651074,2.1261120994,1.92070507171,0.371549874471,2.77250243512,1.63180683418,0.472889837308,1.27832403777,0.481464075007,0.836300445584,0.461098746832,1.07294766162,1.14295051343
sobol__0001773,89.21865913,125.04594816,-28.61326589,15.54217909,-50.41103981,6.3865816,-22.06437101,0,solver_failed,The static optimization solver did not converge,1387.128404,,4.08516136474e-08,,,0,0,,,,,,,,,,,,,,,,,,,,,,,,,,,,,,,,,,,,,,,,,,,,,,,,,,,,,,,,,,,,,,,,,,,,,,,,,,,,,,,,,,,,,,,,,,,,,,,,,,,,
sobol__0001781,117.34365913,112.85844816,51.07423411,100.85467909,74.58896019,20.6053316,19.18562899,0,solver_failed,The static optimization solver did not converge,1103.288311,,5.82126027382e-08,,,0,0,,,,,,,,,,,,,,,,,,,,,,,,,,,,,,,,,,,,,,,,,,,,,,,,,,,,,,,,,,,,,,,,,,,,,,,,,,,,,,,,,,,,,,,,,,,,,,,,,,,,
sobol__0001789,83.59365913,72.23344816,-14.55076589,92.72967909,-15.41103981,9.6678316,41.68562899,1,usable,Converged with independently replayed constrained generalized-force equilibrium and small reserve torques,416.938576,0.101503617489,4.66370888574e-08,9.66338120634e-13,1.95272697724e-05,21,0,0.160916487957,0.174757025993,0.0100241383178,0.0258097336519,0.132982296773,0.0100078040698,0.0149678959873,0.0100087868549,0.0100046524159,0.0100017757071,0.0100021704584,0.0100065885339,0.0100057769371,0.0100063948764,0.0100077217317,0.0100178846495,0.0172775245763,0.0169299229853,0.0100695621492,0.010032369866,0.0119694431572,0.0100036494168,0.0100110697099,0.0100145267175,0.0177666721872,0.0701650018138,0.100387319534,0.0100014963407,0.0100452365767,0.0100089468561,0.0100328304256,0.0100572128372,0.0100452292733,0.0100039728468,0.0100016778872,0.0100024868867,0.0100024941244,0.0100030872916,0.0100024665693,0.0100023520271,0.0129923175112,0.0570108554383,0.0449713022787,0.0230197509231,0.0310303167837,0.0143028944971,0.0100585183188,0.0100104484679,0.0100025385794,0.0100034423206,179.591816284,177.830595259,1.94636581754,12.2417033497,139.723139657,12.9127835681,3.75542553287,1.43980504808,4.20174036553,6.13679528885,4.22649108081,2.68002576454,2.90552452784,1.83413042345,1.90055758949,0.964534209878,12.2637045024,11.7720974429,2.67036301832,3.80828760042,6.03733503333,3.1504060526,10.91369183,2.48301847465,5.86452232015,12.6535063191,16.1259868904,2.91885339166,0,0.311575618011,5.52303447771,2.86322046213,1.74189278738e-05,1.10170239469,2.45488303318,1.59115537729,2.28275501435,1.66192676686,1.96422319409,1.91438645059,0.238687440156,3.82889884453,2.67051412749,0.800229667,1.37097418348,0.346071234803,0.509018812917,0.458949333614,1.99224388677,1.16580618276
sobol__0001797,106.44522163,88.73735441,-19.53123464,39.66327284,-61.34853981,-7.90052777,33.01375399,1,usable,Converged with independently replayed constrained generalized-force equilibrium and small reserve torques,762.588015,0.182918133324,1.28688535384e-07,7.60280727263e-13,5.34607489952e-06,16,0,0.313052626042,0.20614628309,0.0100076642503,0.0100590980237,0.130657033112,0.0100029225142,0.0151807764954,0.0100053768401,0.010003189457,0.0100009195044,0.0100011349249,0.0100035174611,0.0100033849509,0.0100037943787,0.0100044482356,0.0100033015317,0.0100063038127,0.0100064884339,0.0100452377001,0.0100461324373,0.0241389851427,0.0100048409549,0.0610582335217,0.0325669188379,0.105040565203,0.0511622771086,0.0100077366866,0.0419603249068,0.0100036722678,0.0100649009087,0.0125868942996,0.0100450462994,0.0100309660516,0.0100266158123,0.0100590564888,0.0101109831929,0.0100174432473,0.0100252424342,0.01003500348,0.0108460122316,0.010037160733,0.0100315545565,0.0100575534521,0.0100964251719,0.0100268234432,0.0100821948171,0.0107103532602,0.0109744088531,0.0100219168856,0.0174295584718,236.988542056,212.401811507,1.68334502666,3.13667788642,136.423466634,9.91019030832,3.70296169833,1.42158203409,4.1784305075,6.32764955823,4.56054028067,2.70843098218,2.99063006559,1.87862658586,1.931750054,2.61064969428,6.54412862539,6.32829206619,0,3.50418800323,8.98181510121,2.38832655896,71.8861690997,8.6722489388,34.6390396044,11.5597653134,1.49764527488,16.7454156896,4.46580869403,0.971319048933,3.7175151059,2.49228761139,0.708498116924,1.65311654258,2.5401167037,1.63913166976,2.35453768084,1.71157162352,2.02229146272,2.1101548954,0.193837402044,0.805973901128,0.725023884555,0.438427939418,0.483433060648,0.323155548014,0.749107202321,0.500369568429,1.98469509222,1.95471396898
sobol__0001805,95.19522163,129.36235441,46.09376536,31.53827284,8.65146019,3.03697223,25.51375399,0,solver_failed,The static optimization solver did not converge,1271.346854,,3.06927034899e-08,,,0,0,,,,,,,,,,,,,,,,,,,,,,,,,,,,,,,,,,,,,,,,,,,,,,,,,,,,,,,,,,,,,,,,,,,,,,,,,,,,,,,,,,,,,,,,,,,,,,,,,,,,
sobol__0001813,112.07022163,109.04985441,-24.21873464,116.85077284,-26.34853981,23.81822223,-23.23624601,0,solver_failed,The static optimization calculation failed,19.643542,,2.4375085772e-07,,,0,0,,,,,,,,,,,,,,,,,,,,,,,,,,,,,,,,,,,,,,,,,,,,,,,,,,,,,,,,,,,,,,,,,,,,,,,,,,,,,,,,,,,,,,,,,,,,,,,,,,,,
sobol__0001821,78.32022163,68.42485441,60.15626536,76.22577284,43.65146019,12.88072223,-30.73624601,1,usable,Converged with independently replayed constrained generalized-force equilibrium and small reserve torques,468.705063,0.125252614015,1.03112984817e-08,3.27424548549e-13,1.29788624325e-05,11,0,0.168389495958,0.0100012427332,0.0107594834507,0.0100011617157,0.236769011007,0.0100005452959,0.149559651467,0.0100166261797,0.0100144511148,0.0100077235318,0.0100112863917,0.0100065742306,0.0100058031129,0.0100071425578,0.0582554846647,0.0432101461347,0.010060913562,0.0100604679452,0.0100475979874,0.0100452379473,0.0100017826338,0.0306365135345,0.0100314181156,0.0100168688481,0.0293745863827,0.0502084637034,0.0386929087092,0.0100039935362,0.0100055344909,0.0100100525787,0.0301208298943,0.0121972482457,0.0100189729489,0.0100106980974,0.0100078976596,0.0100118032965,0.010011278143,0.0100135255814,0.0100111842395,0.0100112640042,0.0106092908295,0.0354523443871,0.0314581453473,0.0145724313514,0.0169233466416,0.012091262644,0.0101441255188,0.0100328753126,0.0100116254163,0.0100171883545,186.900473248,9.93490892322,2.00845111457,4.72644677064,229.129757746,12.0822159685,39.9287235041,1.42895150923,3.83086850323,5.59196525453,2.52908477302,2.60903615019,2.79723790217,1.78286191215,10.9078857107,5.38591991793,6.9821113227,6.83301727773,2.43795878692,0,5.24985534311,9.46792732194,11.3384157614,2.65028410747,9.57428432384,12.6754825171,7.46366553934,4.08049186435,4.4963796325,1.00541299316,15.8036885695,3.13479561943,0.733351037048,1.69550921786,2.57129447962,1.54125357223,2.36191454602,1.72865979267,2.12200927195,1.95014146105,0.386911381912,3.84816146363,2.9695898709,0.70768258663,1.21896698681,0.571905846275,0.755199852711,0.434014751715,1.24078821607,1.05815531577
sobol__0001829,98.00772163,119.20610441,81.25001536,98.56952284,-43.84853981,21.08384723,-55.11124601,0,solver_failed,The static optimization solver did not converge,1385.584075,,6.75039757425e-08,,,0,0,,,,,,,,,,,,,,,,,,,,,,,,,,,,,,,,,,,,,,,,,,,,,,,,,,,,,,,,,,,,,,,,,,,,,,,,,,,,,,,,,,,,,,,,,,,,,,,,,,,,
sobol__0001837,86.75772163,94.83110441,-59.37498464,90.44452284,26.15146019,14.52134723,-2.61124601,1,usable,Converged with independently replayed constrained generalized-force equilibrium and small reserve torques,355.500864,0.816573564372,6.29829344234e-08,1.28274202991e-11,0.00010326342584,15,0,0.355874926039,0.38563774336,0.0100025827002,0.618526353476,0.350726077163,0.0100001698974,0.15698714258,0.0100009193362,0.0100002898918,0.0100001183338,0.010000153933,0.0100003310988,0.0100003940366,0.0100005605517,0.0100006354898,0.0100452377246,0.0489688039431,0.0479599372542,0.0106502664987,0.0100452377246,0.0100005803003,0.0100005300087,0.0100046337582,0.0100051009349,0.0100223390368,0.0100464587987,0.0100103136909,0.0121242115468,0.0100097518392,0.0100638267138,0.0240944808806,0.0222404932187,0.0100315308152,0.0100265921268,0.015853397779,0.0122738514353,0.0100595590037,0.010068797187,0.010185421349,0.0131138300448,0.010035037918,0.0100228074156,0.0100293823189,0.0100402538582,0.0100253333337,0.0100383140457,0.0100583575665,0.0101786481312,0.0209295771521,0.0220238401929,377.459962059,390.273190259,1.81405242512,273.359781074,351.504297526,9.34668996102,35.2163848775,1.31240898676,4.3901267253,6.56546970511,4.74678234931,2.69306781027,3.0139802246,1.88031145678,2.0090228949,0,34.655026681,33.2414669473,2.80188404726,0,5.25069953603,2.77872799856,10.9660942171,2.48767901976,3.21943047289,2.43639725223,1.92480911992,4.70611920097,2.66555251838,0.958185435282,12.5187668627,5.96213950649,0.628162709578,1.595811478,4.10259284206,1.99276444062,2.38194562511,1.74072045505,2.11083770529,2.58723214943,0.29761985511,1.08096699425,0.88548241561,0.486579765888,0.632157287203,0.425739961993,0.625650744906,0.44198270461,3.51182733474,2.48028948383
sobol__0001845,114.88272163,74.51860441,20.31251536,53.88202284,-8.84853981,-6.25990277,1.13875399,1,usable,Converged with independently replayed constrained generalized-force equilibrium and small reserve torques,376.105094,0.200286673116,7.59119993532e-08,4.90107783128e-13,2.01282771965e-05,18,0,0.309305116426,0.0100008835126,0.0100366228512,0.0100009087735,0.0423818100094,0.0100002309718,0.154689773313,0.0100427363181,0.201826754083,0.0100008515515,0.0100012394397,0.0100081751468,0.0100037684784,0.010002798018,0.010005693451,0.118277771841,0.0100047990715,0.0100049003624,0.0100298765636,0.0324646641311,0.0100008728379,0.010011835667,0.100920027307,0.0729962481532,0.0349994889205,0.0319077247838,0.0331494353802,0.0100046859392,0.0100133241952,0.0100116480633,0.0100204967873,0.0100166360942,0.0100236311085,0.0100131777703,0.0100060696114,0.0100086982229,0.0100093158566,0.0100110870253,0.0100089103594,0.0100083032109,0.0100816149431,0.020477786348,0.0100452375474,0.0101361918342,0.0110197207677,0.0101352971742,0.0100840240028,0.0100269168207,0.0100110386898,0.0100139148956,300.810603356,10.3593038171,1.81884951813,3.0944335745,45.4121663903,12.6721018123,40.1611875396,1.44443660908,79.1489455799,5.9411994783,3.68206795132,2.6558070029,2.90357189459,1.83643589096,1.82566163296,35.7072258816,6.7138130751,6.55898317355,0.737322636165,12.2898894513,4.03322011998,2.91521929187,118.325067287,20.1469425957,11.7879699178,8.05622988281,5.51481287145,4.03937538975,4.62676989826,1.00433257123,5.43261620038,2.85159785013,0.732722263778,1.68706114921,2.58943047766,1.62537397844,2.36997326554,1.73083489292,2.08492450846,1.9745560901,0.253164069252,2.09547070591,0,0.494055925371,0.625533079029,0.432492395958,0.762842739086,0.461161024159,1.95357922745,1.16781843884
sobol__0001853,81.13272163,98.89360441,10.93751536,13.25702284,61.15146019,0.30259723,53.63875399,1,usable,Converged with independently replayed constrained generalized-force equilibrium and small reserve torques,413.782954,0.431234380864,7.43842605289e-08,1.44950718095e-12,4.12367117389e-05,28,0,0.33755086609,0.266785802005,0.0100141558983,0.0100029241412,0.348541151227,0.0100009875482,0.0955191373818,0.0100038435735,0.0100014386081,0.010000553095,0.0100007207485,0.0100022220023,0.010001969312,0.0100021206898,0.010002832341,0.0100016212347,0.0100022831019,0.0100028496201,0.0100452383484,0.0100452383484,0.0706987057373,0.0100095299164,0.188746181798,0.0486266645465,0.101246923573,0.101370080516,0.168422711367,0.0100006926799,0.0100013130785,0.0100021089891,0.0268443644479,0.0100194914475,0.0100036126934,0.0100014573858,0.0100008250502,0.0100012251509,0.0100011872375,0.0100014853612,0.010001199389,0.0100011363868,0.0197430067273,0.0934151539123,0.0749451295546,0.0367395704422,0.0557662947639,0.0202405741433,0.0100636545058,0.0100058591179,0.0100015708988,0.0100018027185,288.978605519,220.761742929,1.81331663662,4.99324518218,373.871659747,13.032634883,25.1143909727,1.41659424802,4.2243973815,6.4735107037,4.69257444547,2.70514706894,2.99032132454,1.87940928723,2.01470712237,3.14314452565,5.5232221347,4.37110020205,0,0,22.6695021163,0.648164963545,221.467586136,11.5985106248,23.4909738516,13.279650942,28.7242901793,3.86458983704,3.56218587711,0.88828285208,14.9535114716,2.31864949232,0.607886156378,1.56722148146,2.32653642291,1.51794443564,2.21226874246,1.60826224046,1.86184109351,1.82492857857,0.367688481436,6.62443113435,4.58355921131,1.31895181616,2.69312648902,0.42615461026,0.466151980008,0.460105881969,1.87886551287,1.11009176581
sobol__0001861,105.03897163,101.94047941,28.51564036,77.24139784,37.40146019,7.13853473,-9.17374601,1,usable,Converged with independently replayed constrained generalized-force equilibrium and small reserve torques,413.360427,0.63151450942,3.70844759345e-08,2.74269496003e-12,2.42794213041e-05,13,0,0.702198590453,0.165483978481,0.0100090493553,0.0100023947762,0.158666519769,0.0100010059168,0.267279564296,0.0100098671467,0.0100036102157,0.0100012026303,0.0100015995473,0.0100065161049,0.0100045707995,0.0100050266096,0.0100071178272,0.01007718742,0.0493006726612,0.0482550305536,0.0114058625923,0.0102623971825,0.0100021113454,0.0100046654051,0.0100285277644,0.0100287582721,0.0130768586159,0.0526280019217,0.0251817501977,0.0100196608099,0.0100203069411,0.0100487453845,0.0226261717365,0.0192613788468,0.0100879067068,0.0100484832507,0.010043061118,0.010064814811,0.0100539197402,0.0100679800475,0.0100596196537,0.0100639988254,0.0107107006187,0.0325246201573,0.0102623971825,0.0153446675293,0.0131604245882,0.0122978415801,0.0108092282349,0.0102155089781,0.0100644498469,0.0101152578206,260.395970665,154.956004513,1.79198999771,4.14897016145,170.52743809,13.064510348,70.9397785328,1.4056303883,4.17331331747,6.49057869267,4.70890408104,2.70673831891,3.02720871983,1.88100754435,1.9852778656,0.465411057006,34.2626261313,32.8224003851,2.80411432627,0,5.22160143578,2.33954220805,11.3120419778,2.63868620523,4.29051750957,13.2507334928,4.75686709199,4.00862019246,4.33883940037,0.998060607731,11.9411737872,5.03019975169,0.707679303484,1.65345539023,2.59903535868,1.6324627405,2.38062248883,1.74067093917,2.09675773404,1.98545397716,0.312379556874,3.52662438341,0,0.748201056193,0.824161626618,0.551024060769,0.739547334053,0.467201831796,1.70267058353,1.17557423872
sobol__0001869,93.78897163,77.56547941,0.39064036,117.86639784,-52.59853981,-3.79896527,-46.67374601,1,usable,Converged with independently replayed constrained generalized-force equilibrium and small reserve torques,450.96875,0.0632544921875,8.74558594433e-08,7.9640542317e-13,1.14220067419e-05,17,0,0.1533972183,0.124082409562,0.010021007035,0.0102334731355,0.102923664966,0.0100077591357,0.0126334120277,0.010010398984,0.0100053564513,0.0100025157362,0.0100029913996,0.0100080341994,0.0100069495752,0.010007836642,0.0100097615616,0.0100444911085,0.0361431814972,0.0360988460001,0.0103506281927,0.0727668279152,0.0240687840237,0.0100064873333,0.0100068042278,0.0100038692654,0.0100452377428,0.0175036907532,0.0232893335627,0.0100031064722,0.0100094710174,0.0100092767272,0.0100028587481,0.0100118449786,0.010017686391,0.0100093897712,0.0100090158767,0.0100129841362,0.0100155848367,0.0100163759978,0.0100113979483,0.0100121291979,0.0100868871509,0.0163857634103,0.0105002424266,0.0100678354414,0.0116394042979,0.0100819349792,0.0101294484421,0.0100317685794,0.0100221534189,0.0100192137764,157.583267821,126.006914613,1.82153668949,4.31965326392,110.615670961,13.0038469573,3.23383572378,1.44002595402,4.12369291765,6.10595660559,4.24191895563,2.68247827496,2.92033787927,1.84483457675,1.88855311727,0.0182004758132,25.928637882,25.8650211932,2.93129748874,25.8415715522,9.60968388252,2.86169714154,9.14386102047,1.34419237612,0,4.18106051154,4.14320925187,4.07147856471,4.53987975443,1.01092609877,5.49042930468,2.5848791152,0.712700521143,1.6886085656,2.17765445622,1.29020075125,2.03307613083,1.55356929532,2.12501820301,1.72640504106,0.382961788629,1.76252926927,0.97620919589,0.465432907617,0.831417457427,0.472049794537,0.886998200917,0.461073560971,1.03534924618,1.13422702558
sobol__0001877,110.66397163,89.75297941,80.07814036,24.42889784,72.40146019,8.23228473,47.07625399,1,usable,Converged with independently replayed constrained generalized-force equilibrium and small reserve torques,428.472578,1.71468473273,3.55312579359e-08,5.6310511809e-13,0.000163167140886,29,0,0.947675424351,0.0100001044856,0.0100009221746,0.0100000880329,0.0100000780402,0.0100000438404,0.0100101553054,0.193250433781,0.0100002917564,0.010000071003,0.0100001000571,0.327642875231,0.0100013000329,0.0100005844364,0.0100016282785,0.661800263565,0.0100011482219,0.0100013183603,0.0100452378758,0.0100452378758,0.01000013691,0.0100010408651,0.3569429282,0.131326528937,0.0791843341191,0.0883744095837,0.176463761459,0.0100007217086,0.0100024318417,0.0100021997794,0.14620762201,0.0100533501435,0.0100043055771,0.0100018473872,0.0100009395143,0.0100013942992,0.0100014379647,0.0100017738768,0.0100014019734,0.0100013047763,0.0219653531691,0.0938184528929,0.0722924950337,0.0333546890709,0.0563714150153,0.0192508846688,0.0100322618477,0.010005309547,0.0100012746056,0.0100016643657,502.658300427,9.99517094885,2.0135855249,4.98112803396,8.40446203004,12.4690383927,2.64172815137,27.7986932736,3.77711652244,6.09953904765,4.35044926017,87.042977414,2.92499629448,1.84757606857,1.8946652168,200.189115942,6.24019367971,5.4201281606,0,0,3.62673001873,1.42953831572,420.168539058,32.4827403516,18.967733545,11.9107582048,31.016460909,3.91859286871,3.33026120557,0.92296893257,81.4328205071,2.03581068769,0.657367867473,1.58574707853,2.38612624487,1.54793168654,2.23992746546,1.63038305078,1.91254982188,1.86159820008,0.425931354782,6.74644380452,4.45826696567,1.17301415268,2.83493879627,0.418113679975,0.421049776942,0.459778635219,1.95639649895,1.15581538864
sobol__0001885,76.91397163,114.12797941,-41.79685964,32.55389784,-17.59853981,19.16978473,9.57625399,0,solver_failed,The static optimization solver did not converge,1655.490996,,3.9300577015e-08,,,0,0,,,,,,,,,,,,,,,,,,,,,,,,,,,,,,,,,,,,,,,,,,,,,,,,,,,,,,,,,,,,,,,,,,,,,,,,,,,,,,,,,,,,,,,,,,,,,,,,,,,,
sobol__0001893,102.22647163,71.47172941,-39.45310964,10.21014784,19.90146019,9.87290973,15.20125399,1,usable,Converged with independently replayed constrained generalized-force equilibrium and small reserve torques,458.359725,0.141521196704,3.07010097345e-08,1.20424064004e-12,2.10136817765e-05,14,0,0.252486426477,0.0884278878832,0.0100122261302,0.0389013749043,0.186997730818,0.0100024962984,0.0235515015543,0.0100074436467,0.0100068737748,0.0100019535389,0.0100024310645,0.0100055904606,0.0100047689239,0.0100054604696,0.010008933034,0.0100017949255,0.0100032821752,0.0100041414581,0.0100452380093,0.0100452380093,0.0652553724312,0.0354688291854,0.134114351021,0.04615165949,0.0459415541434,0.0287391302348,0.0160360399836,0.0103928004764,0.0191101298343,0.0100316334673,0.0100022220472,0.0100037699889,0.010061680995,0.0100685988075,0.010010316335,0.0100127646875,0.0100169532956,0.0100190410254,0.010014008603,0.0100120945642,0.0100339901446,0.0100207018335,0.010022557333,0.0100272619059,0.0100506814475,0.0100475263432,0.0100669102107,0.0100315965459,0.0100199919394,0.0100203144127,280.380101337,94.1077353011,1.91389750835,15.4838843954,186.929499564,8.6034376698,4.92060357982,1.43930186844,4.17282189689,6.05441871694,3.85767128688,2.69675563229,2.93192700159,1.84980686915,1.85485423905,4.59146262382,5.25760698252,4.08467785119,0,0,10.0039233133,5.9434739885,156.982563482,11.016555815,12.3071424796,5.66260275219,3.09331148985,4.23894081503,8.47205964259,1.01246910218,4.80705574304,2.72007723739,0.739190436851,1.70381481615,2.55814598428,1.62689146717,2.36152061056,1.72000920684,2.03288645325,1.97262164385,0.301602996127,1.08733124757,0.895545457685,0.485629033677,0.677083401308,0.350959269984,0.580340926093,0.45761079464,1.99850179894,1.16912658413
sobol__0001901,90.97647163,112.09672941,63.67189036,50.83514784,-70.09853981,16.43540973,37.70125399,1,usable,Converged with independently replayed constrained generalized-force equilibrium and small reserve torques,383.220313,1.07950276225,2.21641514031e-08,2.69295696853e-12,3.17048470544e-05,32,0,0.772595680576,0.0100023154809,0.0100018431276,0.0100002079894,0.30005664001,0.0100001102848,0.580841979491,0.0100013406548,0.0100002610004,0.0100001251,0.0100001802525,0.0100008620521,0.0100005691089,0.0100006565887,0.0100016708776,0.0100051436055,0.0340657886077,0.0332538323743,0.010052184072,0.163247463587,0.0100005236199,0.0100010004014,0.0100094638146,0.0100021020556,0.0111509588237,0.093680598944,0.0629033611914,0.0100008395589,0.0100017918289,0.0100026366543,0.0100025972034,0.0100078170284,0.0100046472458,0.0100020674333,0.0100014957467,0.0100023215151,0.0100021378692,0.0100027017534,0.0100022032131,0.0100023144448,0.0137713015243,0.0678716801328,0.0517284206518,0.0286581480296,0.0328217150602,0.0198321164158,0.0154450063043,0.0100217627318,0.0100040273545,0.0100066486802,291.13463153,6.8633415207,1.73990825682,4.70443324326,322.698233867,12.1549943249,156.465721952,1.40142630238,4.09664718659,6.50564706056,4.73620461904,2.72639173252,3.03669060963,1.88032678012,2.04131674118,0.753878271717,22.7435671781,21.671536092,0.47699372806,55.8198287398,4.99150665953,2.41564000791,11.7634535829,2.74604183625,3.25033412611,17.3928043927,11.5810764873,4.00093541945,2.59103535517,0.959918332072,3.13904675776,2.39422267158,0.672469130688,1.61004702446,2.53615240193,1.62472702782,2.32761236379,1.69636479185,2.01113642161,1.96301700298,0.306897614486,5.48429742185,3.57793091604,1.09912896793,1.76130055689,0.5087757644,0.792067600347,0.434253029545,2.01076375134,1.1675469003
sobol__0001909,119.10147163,124.28422941,-6.64060964,95.52264784,54.90146019,4.40415973,-41.04874601,0,solver_failed,The static optimization solver did not converge,1454.251109,,2.5047171448e-08,,,0,0,,,,,,,,,,,,,,,,,,,,,,,,,,,,,,,,,,,,,,,,,,,,,,,,,,,,,,,,,,,,,,,,,,,,,,,,,,,,,,,,,,,,,,,,,,,,,,,,,,,,
sobol__0001917,85.35147163,83.65922941,40.23439036,103.64764784,-35.09853981,-2.15834027,-18.54874601,1,usable,Converged with independently replayed constrained generalized-force equilibrium and small reserve torques,462.03835,0.13356756788,2.50496219323e-08,3.73073274193e-13,9.56796055486e-06,25,0,0.20988603748,0.0139582602526,0.0100219096671,0.0100021918102,0.241035182779,0.0100008497223,0.0986611307508,0.0100075899222,0.0100028308446,0.0100014003723,0.010001843481,0.0100048813575,0.0100039364593,0.01000468696,0.0100132462453,0.0100456425302,0.0498413047051,0.0490846877863,0.0113336166643,0.0700077768427,0.0100055165431,0.0100061661059,0.0100045442596,0.0100028548341,0.010011821089,0.0684811206274,0.0292882738193,0.0100024087771,0.0100031336433,0.0100066774715,0.0100028470298,0.0100103851993,0.0100130243414,0.0100064890325,0.0100050563679,0.0100079050975,0.0100070811403,0.0100087795049,0.0100070514638,0.0100075675104,0.010159806883,0.0314709542258,0.0296486296695,0.0146473689937,0.0157828774382,0.0125647845758,0.010852770565,0.0100288228618,0.0100087641489,0.0100133335323,187.690154878,13.3326991904,1.80369009362,4.951060714,256.781279711,12.5670334582,26.5767756817,1.43966139053,4.00000775555,6.072346005,4.25638737257,2.67161422111,2.92000674222,1.84027261603,1.92169509215,0.0185602148404,35.7246363318,34.6479762335,3.12026890991,25.8145812883,3.53750518991,3.00291302654,10.5773889458,2.21037181684,2.83759598898,17.2516572298,5.00990210535,3.92531018862,4.3240807304,0.977773454291,5.52975973623,2.77559536386,0.683846652271,1.63831845333,2.55432398649,1.52062223714,2.33023860274,1.72055055814,2.12450251673,1.94380236617,0.307844244844,3.43313887918,2.79341426471,0.714674621989,0.975914626573,0.592531588581,0.896490727877,0.461297279557,1.58610881164,1.16817114214
sobol__0001925,108.55459663,127.83891691,-51.75779714,64.54608534,76.77646019,12.19712848,-47.14249601,1,usable,Converged with independently replayed constrained generalized-force equilibrium and small reserve torques,743.938148,0.476553284774,4.97557550716e-08,6.83542111801e-12,4.42107459594e-05,22,0,0.439537227714,0.179785216328,0.0100211306924,0.267603272644,0.0100021606318,0.135327233596,0.0100029455367,0.010003086445,0.0100011435803,0.197317544571,0.0100006744662,0.010001573577,0.0100009444996,0.0100010798328,0.0100029169485,0.0100452379283,0.138603968549,0.135585501479,0.0188841409893,0.0100452379283,0.010001157693,0.0100034157388,0.0100021170805,0.0100008853521,0.0289310331297,0.0100793882014,0.0100015907494,0.0100041183868,0.0100008586786,0.0100114785565,0.256247388933,0.061390533317,0.0100061418536,0.0100033646464,0.0100344622138,0.0168567254236,0.0100058937849,0.0100094055761,0.0100153123132,0.0312682089013,0.0100167366341,0.0100075339845,0.0100173202942,0.0109289979741,0.0100066848538,0.0100195415658,0.0101305106675,0.0352109116429,0.0368664838719,0.0816215005065,216.918344126,174.892294167,1.51372121934,102.433784762,10.567043775,133.973837389,1.52261514052,1.19926829353,4.4392930037,129.648885072,4.74767760876,2.78489548998,3.13517299526,1.87969388517,2.08074700443,0,94.5875563494,90.5125426318,3.07339869423,0,2.19914932727,0.670364355395,11.5513314635,2.75935209687,9.60340361455,2.50856945079,1.92902162811,3.48510046901,4.79648855466,0.705348513841,133.538759132,11.8890861226,0.751159585642,1.71168237287,2.43417868489,2.41160756233,2.29236282708,1.69863299806,2.12710587058,5.83690994996,0.39259325761,1.05200768406,0.932077171732,0.51565193501,0.724479460922,0.468892156183,0.804151519484,1.51132025314,3.54513115678,8.21746375938
sobol__0001933,97.30459663,87.21391691,88.86720286,7.67108534,-13.22353981,23.13462848,-9.64249601,1,usable,Converged with independently replayed constrained generalized-force equilibrium and small reserve torques,431.289811,0.210088042025,1.53398694636e-07,3.12638803734e-13,9.477814942e-06,21,0,0.414265752684,0.0544273753371,0.0100084244672,0.0100026538972,0.0546393106342,0.0100021659506,0.0260611584212,0.0100065663836,0.0100052235494,0.0100010005821,0.0100013984493,0.0100044167369,0.0100031424009,0.0100034324937,0.0100084944979,0.010005000965,0.0100162949585,0.0100191840088,0.0100452427315,0.0391579852513,0.0114968216331,0.0100081186444,0.0195757368632,0.0101163752737,0.0100118935481,0.0450786283038,0.118192587139,0.0100029336591,0.0368151088634,0.0100075875987,0.010010509724,0.0100147730021,0.0100209409846,0.0100107619365,0.0100051745994,0.0100072697958,0.0100116680352,0.0100124376794,0.0100086837945,0.0100068738591,0.0211931783653,0.0628354230995,0.0477345399128,0.0187157690718,0.0408841479641,0.01821921783,0.0100362582729,0.0100147958432,0.0100057035414,0.0100063125451,276.578932205,53.6957117647,2.0082404444,4.62237880303,52.94062981,11.989999304,6.32224009654,1.4391617994,3.37385149013,5.92362059767,3.67801558447,2.64622983055,2.89981761993,1.82943248029,1.89192598874,3.3006030327,5.0389503366,3.85549214546,0,14.8636465448,5.93960684288,2.00016513371,22.8469100073,2.40896688526,2.81410114961,10.8190569853,21.658949915,3.257255466,16.8513404776,0.798607553733,3.51733627059,2.8511717195,0.754258265568,1.71343401275,2.5868702588,1.57598257084,2.37052917027,1.73105153655,2.10638546192,1.96324509757,0.830620340862,6.65749399069,4.50420325404,0.908292672922,2.95958390232,0.840877813623,0.653544838042,0.387514922838,1.40098527643,0.990377905005
sobol__0001941,114.17959663,66.90141691,9.17970286,109.23358534,31.77646019,2.35337848,9.10750399,1,usable,Converged with independently replayed constrained generalized-force equilibrium and small reserve torques,561.062041,0.0748171729518,1.77627015319e-08,7.60280727263e-13,9.34429978928e-06,21,0,0.182488275918,0.0100015714373,0.0100326872125,0.0100021750438,0.0391931134298,0.010000554402,0.0702973495847,0.0100606495884,0.151171645954,0.0100069299457,0.0100042964701,0.0100141810717,0.0100074535406,0.0100056404886,0.0100140252138,0.0293633582876,0.0221313830932,0.0219376147582,0.0100916162294,0.0100452377943,0.0100010214405,0.0100047862736,0.0100092398567,0.010013519954,0.0126434593545,0.0474601155321,0.0364702189114,0.0100030780136,0.0100093193253,0.0100089785977,0.0239208886941,0.015903414288,0.010022981391,0.0100072649526,0.0100046950061,0.0100070160486,0.0100066012979,0.0100081831106,0.010006935704,0.0100067706134,0.0101609958074,0.0351691121129,0.0265246384471,0.014641118065,0.0138992091804,0.0110003459975,0.010099780954,0.0100250137001,0.0100076308426,0.0100111131272,199.713475663,10.5623187543,1.88639020954,2.97190116379,42.1501263376,12.0099701476,17.8664577748,1.44302024259,59.1833835589,5.74660125418,2.91864585138,2.64580759859,2.86023159688,1.81679333377,1.73861421409,3.50004907105,15.8751401521,15.5977102583,2.83077680216,0,5.21725634047,3.01622676197,10.3070412316,1.28104228679,3.68989546951,10.7565051173,5.8073573149,3.54803933677,1.52254974413,0.732187782057,11.2197252296,4.20867599383,0.272886847828,1.50691182698,2.57153030674,1.6260555199,2.36829961508,1.72754986713,2.04445706462,1.97293589404,0.24894771814,3.32306735145,2.09086293589,0.681631464211,0.720433970457,0.418864342062,0.647524473075,0.461119316364,2.00119721913,1.16820330794
sobol__0001949,80.42959663,107.52641691,18.55470286,84.85858534,-58.22353981,-8.58412152,46.60750399,1,usable,Converged with independently replayed constrained generalized-force equilibrium and small reserve torques,432.339027,0.676578012853,1.77813362257e-07,3.20454773828e-12,5.24336020369e-05,22,0,0.318178953747,0.133867070111,0.0100114648295,0.0100012403617,0.364487872591,0.0100005449961,0.153993244015,0.0100035752644,0.0100010539944,0.0100004628451,0.0100006334114,0.0100018032023,0.0100016637129,0.0100018491761,0.0100027941704,0.0100451759523,0.158110427805,0.154794831893,0.0314468206185,0.32316569211,0.0109347160529,0.0100023173677,0.0100015586085,0.0100005886307,0.286487691784,0.309075766085,0.0100014506842,0.0100040367537,0.0100010114842,0.0100116441176,0.0100007139959,0.0100036028281,0.0100158962221,0.0100034168186,0.0668111627221,0.0795213803867,0.0100059529245,0.0100139520941,0.0174489285475,0.130763849276,0.010019054404,0.0100113966683,0.0100433765776,0.0276121567984,0.0100089976306,0.0285398700229,0.0815523365454,0.094494581332,0.0100031537903,0.142765556476,242.523325533,90.3980616751,1.80820668645,4.95992751288,390.808617842,12.8496867105,40.8343243353,1.36829309083,4.24305425118,6.56484291268,4.79690367931,2.70796726507,3.01778471838,1.88059930344,2.05705550267,0.000395017535835,111.051855516,106.442953371,8.10198903695,113.455883438,5.06185170296,3.15831084317,11.102033894,2.63987956685,95.9183424016,66.0377187951,1.19670011359,3.37686338318,1.81597869151,0.482258638926,5.199221985,2.51663964714,0.173203385294,1.40980307276,16.3428017894,12.5748108152,2.2956058828,1.66824490754,3.42702542537,24.7655832389,0.139444138673,0.581906271661,0.5633795087,0.990120239502,0.368625981964,0.78332926531,5.36776094782,4.2740316455,1.91444430951,15.6410143059
sobol__0001957,100.11709663,97.37016691,49.02345286,123.45233534,59.27646019,0.71275348,40.98250399,1,usable,Converged with independently replayed constrained generalized-force equilibrium and small reserve torques,400.004014,0.500255533693,4.75742609751e-08,4.8511609813e-13,3.48476359425e-05,28,0,0.523386520505,0.0100009858307,0.0100029633727,0.0100002966388,0.140117545673,0.0100001425084,0.368750203318,0.0100029380326,0.0100006745207,0.0100003529965,0.0100004713352,0.0100019369563,0.0100012194286,0.0100013349041,0.0100049148283,0.0100452380462,0.0499911212843,0.0499879571578,0.0133185130853,0.0100452380462,0.0100002742117,0.0100006806243,0.0100058177908,0.0100090486619,0.0100029293166,0.0498763537619,0.113657798969,0.01000203408,0.0100452380462,0.0100452380462,0.120761825131,0.113143277678,0.0100452380462,0.0100039476145,0.0100011008064,0.0100016611942,0.010001688759,0.0100020812639,0.0100016713018,0.0100015728166,0.0242613943775,0.09872229038,0.0751133219418,0.038214197838,0.0401141518236,0.016909722684,0.0100255554571,0.01000622789,0.010001903499,0.010002078389,225.309817025,9.30125680408,1.73374721843,4.99173736363,147.956604889,12.7656189327,99.3310836267,1.43534289523,4.06083853266,6.31405194043,4.5819636852,2.70088617191,2.98600352013,1.87583644913,1.9546176678,0,35.8592337073,35.8546948491,3.76461533075,0,4.45410928799,3.1135851478,8.02481709503,0.239820340821,2.72424548559,7.74921114093,14.7180339733,1.18395397252,0,0,23.2929252632,26.7235389716,0,0.614288657148,2.40647330372,1.55782258206,2.26448487791,1.64644278798,1.93414466816,1.87241717573,0.449744172786,6.81202283906,4.45737381956,1.4054923476,1.58695512151,0.43603692027,0.506863622917,0.460241755166,1.95123408508,1.13336387715
sobol__0001965,88.86709663,121.74516691,-16.60154714,66.57733534,-30.72353981,-5.84974652,18.48250399,0,solver_failed,The static optimization solver did not converge,1030.939747,,6.49077875892e-08,,,0,0,,,,,,,,,,,,,,,,,,,,,,,,,,,,,,,,,,,,,,,,,,,,,,,,,,,,,,,,,,,,,,,,,,,,,,,,,,,,,,,,,,,,,,,,,,,,,,,,,,,,
sobol__0001973,116.99209663,101.43266691,53.71095286,46.26483534,14.27646019,14.93150348,-15.26749601,0,solver_failed,The static optimization solver did not converge,1100.177031,,2.33211352452e-08,,,0,0,,,,,,,,,,,,,,,,,,,,,,,,,,,,,,,,,,,,,,,,,,,,,,,,,,,,,,,,,,,,,,,,,,,,,,,,,,,,,,,,,,,,,,,,,,,,,,,,,,,,
sobol__0001981,83.24209663,77.05766691,-30.66404714,21.88983534,-75.72353981,21.49400348,-37.76749601,1,usable,Converged with independently replayed constrained generalized-force equilibrium and small reserve torques,470.727173,0.193808685103,5.51613510424e-08,8.23173068493e-13,1.12144218209e-05,15,0,0.229039664711,0.23016808362,0.0100163276998,0.0108027288554,0.19543704888,0.0100025895714,0.0388188992147,0.0100057051359,0.010002961971,0.0100011928144,0.0100013861028,0.0100039031758,0.0100034998465,0.0100038886826,0.0100048997116,0.010002113493,0.0100035991168,0.0100041968631,0.0100452376333,0.0636157925432,0.160331157576,0.0100117180717,0.108533608141,0.0100506006657,0.0100452376333,0.0100084828395,0.0100050879424,0.0333603659789,0.0100549161949,0.010188868121,0.0100151367914,0.010016479256,0.0100561907058,0.0101472513608,0.0206766358862,0.0147472355374,0.0100823661691,0.0100976114776,0.0121147856542,0.0185121317277,0.0100181788243,0.0100085252018,0.0100100171731,0.0100190860759,0.0100122108044,0.0100203682406,0.0100322516873,0.0101545612072,0.0269005747613,0.0229234743809,255.351682306,234.524278819,1.9421131414,4.9983459075,199.420153854,11.6994564904,9.40673241108,1.43637913987,4.27061904073,6.25517156759,4.43887449584,2.69782391112,2.94099238467,1.85365452577,1.92725026438,3.66599810774,6.13613733923,5.18931079956,0,21.3857325582,62.9920455771,2.04221041164,127.724672712,2.45312548517,0,2.52414390676,1.81687896847,6.82180660963,4.82393162772,0.370593873644,1.76456075618,2.34760411212,0.583231586508,1.50745610303,4.48204069232,1.83871956422,2.24317178705,1.66029824074,2.57280834835,3.09366853299,0.394692285277,1.00667600198,0.906732443746,0.464715277662,0.712202401344,0.471897763166,0.833982203227,0.395297383959,2.69614843363,2.13382383751
sobol__0001989,104.33584663,80.10454191,68.94532786,85.87421034,-21.97353981,18.48619098,23.17000399,1,usable,Converged with independently replayed constrained generalized-force equilibrium and small reserve torques,458.317627,1.04813640502,3.48396120842e-08,8.52651282912e-13,0.000103306653224,25,0,0.425938201796,0.0100000948821,0.0100057935534,0.0100000917356,0.0100002408482,0.010000042279,0.745016343945,0.25380138261,0.0100032162072,0.0100002680425,0.0100004093325,0.168964180564,0.0100035847299,0.0100012414059,0.348421466721,0.271634882627,0.0327309089138,0.0320472201923,0.0101262607107,0.0255968607629,0.0100001113203,0.0471531990872,0.0100066671795,0.0100059910508,0.0214830203854,0.0747519605656,0.0680358207554,0.0100019575794,0.0100127949771,0.0100054104044,0.01000650418,0.0100194938007,0.01001498089,0.0100047579009,0.0100029865911,0.0100045243546,0.010004248742,0.0100053218573,0.0100043795842,0.010004412353,0.0106274841217,0.0473691190393,0.0348874206839,0.0192953895934,0.0232902358352,0.0151659754121,0.0104576652089,0.0100255106862,0.0100065490819,0.0100098058789,333.622948909,10.0740462677,1.94726163337,4.98643039694,8.7785363252,12.5185562696,199.167293444,36.4687167927,3.52161617349,5.90388898904,3.58324234295,44.5599280497,2.88141672807,1.82243165303,64.2848656864,19.7169612538,23.0212100062,22.0688020423,2.61953647653,9.70597090194,4.82388400182,14.6079433661,11.0828865117,2.56755672091,7.20763483282,15.6338688404,12.8200769581,3.76990836803,0.602085817903,0.893185118011,5.5751765807,2.84988587671,0.362170631375,1.5358239997,2.56476648006,1.62566440421,2.35183959501,1.7143205247,2.03258123392,1.97308529131,0.260627833137,4.21639712267,2.57817772065,0.8016217972,1.29748892566,0.480233938466,0.55458763094,0.419759087639,1.96487762055,1.15319879847
sobol__0001997,93.08584663,104.47954191,-34.17967214,110.24921034,48.02646019,7.54869098,30.67000399,1,usable,Converged with independently replayed constrained generalized-force equilibrium and small reserve torques,525.906112,0.250392615923,1.206679201e-08,4.68958205602e-13,2.80525927351e-05,26,0,0.255202160761,0.337177910252,0.0100068225558,0.0100058636645,0.187199613568,0.0100005171244,0.108018900767,0.0100022415346,0.0100007104992,0.0100002663569,0.010000338912,0.0100009950938,0.0100008337656,0.0100012003209,0.0100012613603,0.0100452374315,0.0810935923354,0.0804760076059,0.0190699076685,0.0100452374315,0.010000727132,0.0100006932796,0.0100029670641,0.010003999809,0.0100045142934,0.0189465892168,0.0456584487906,0.0100029890916,0.0100452374315,0.0100154961348,0.0444797456849,0.0392407457695,0.0100452374315,0.0100074979809,0.0100041227824,0.010005998863,0.0100063861938,0.0100076067038,0.0100062276701,0.0100057578181,0.0102073115776,0.0323722265691,0.0238831976378,0.0118309332207,0.0145192434881,0.0101135680307,0.0100355221214,0.0100157804727,0.0100052025087,0.0100062916146,194.279832123,333.62933178,1.68344166974,3.71060750588,194.02492192,10.8545153061,26.3804227049,1.29084754736,4.36622346315,6.57099287051,4.85042452767,2.74918436419,2.96277423109,1.8807277291,2.03754752214,0,58.1717543145,57.289001578,5.36581319718,0,5.17764068511,3.09972876982,10.2246036765,1.33067914616,3.08058822636,3.30463092928,6.9492517387,2.58167326468,0,0.264359147161,16.9847172558,9.95090577949,0,1.07255247242,2.47039202475,1.59601855688,2.30305833614,1.67614243293,1.9759058641,1.91952262005,0.213185155426,2.49655393876,1.55429664851,0.457738776448,0.661851737366,0.288857195911,0.503775680701,0.460184814946,2.01075134957,1.16727762593
sobol__0002005,109.96084663,116.66704191,36.13282786,0.56171034,-66.97353981,-4.48255902,-33.07999601,0,solver_failed,The static optimization calculation failed,33.071608,,4.98582748087e-07,,,0,0,,,,,,,,,,,,,,,,,,,,,,,,,,,,,,,,,,,,,,,,,,,,,,,,,,,,,,,,,,,,,,,,,,,,,,,,,,,,,,,,,,,,,,,,,,,,,,,,,,,,
sobol__0002013,76.21084663,92.29204191,-10.74217214,57.43671034,3.02646019,6.45494098,-25.57999601,1,usable,Converged with independently replayed constrained generalized-force equilibrium and small reserve torques,409.671291,0.213320704993,1.12199387559e-08,1.56798042894e-12,7.39385453781e-06,13,0,0.228261742523,0.26502168779,0.0100266496711,0.0100072347635,0.279556140676,0.0100015049024,0.0669099580975,0.0100047365407,0.0100019979728,0.0100008330617,0.0100009957052,0.0100031029214,0.0100025683225,0.01000286565,0.0100033863516,0.0100064319886,0.0100189046376,0.0100191553727,0.01004037818,0.0100160803607,0.0284526232374,0.0100031136055,0.0180695228304,0.0175477973319,0.0385061693478,0.0139465721794,0.0100142997474,0.0125959359661,0.0100087808492,0.0100519627905,0.0335871905982,0.0108720626724,0.0100367355072,0.0100325719024,0.0100448859919,0.0100530557473,0.0100269847823,0.01003319115,0.0100384672493,0.0100574314304,0.010041685232,0.0100376306415,0.0100546797171,0.0100574219307,0.0100331671694,0.0100489845071,0.0100596490795,0.010073042792,0.0100521362505,0.010266394044,244.726671637,246.486355517,1.91849947519,4.99480363564,292.48949572,13.0648134296,17.0697333519,1.41881597395,4.28460154915,6.45720555929,4.66081694283,2.71628976123,2.97880721467,1.87432086381,2.00716046819,1.2856652158,6.76222926986,6.61056860515,1.0414981815,3.51268726982,14.8458245372,2.00357359595,21.0963127167,4.84208911284,12.9305119922,3.5169719615,1.93173861087,5.12728859514,4.66295063578,0.983256424513,18.7078201855,3.06565859494,0.754399211707,1.71690142877,2.57764580179,1.54009406143,2.35786725863,1.73021421253,2.12977585446,1.95465826436,0.345311587444,1.09549833115,0.949154876718,0.489092436934,0.714559287923,0.475200761233,0.793118356125,0.45910809987,1.40995331662,1.16950482087
sobol__0002021,101.52334663,110.57329191,0.97657786,18.84296034,-4.47353981,-1.74818402,-1.20499601,1,usable,Converged with independently replayed constrained generalized-force equilibrium and small reserve torques,343.993707,1.45705135428,2.08364181464e-08,1.47082346302e-12,5.01681168524e-05,17,0,0.912861376393,0.48024752779,0.010000875587,0.010000351719,0.443765182668,0.0100001187833,0.405978410412,0.0100008292582,0.0100002571496,0.0100000830751,0.0100001099274,0.0100004162097,0.0100003579268,0.0100004047501,0.0100004471944,0.0100006288325,0.0100027794864,0.0100033367832,0.0100452378626,0.0220424288937,0.0100004610989,0.0100011217306,0.145182433502,0.0555188034123,0.0335629282419,0.0300179076096,0.020164570536,0.0100100486674,0.0100468276046,0.0100177161501,0.0183655281889,0.0100207444973,0.0100365497278,0.0100275542599,0.0100089799146,0.0100123765308,0.0100138655038,0.0100159152264,0.0100129421948,0.0100118916507,0.0100577424434,0.0103433572569,0.0100452378626,0.0100579677494,0.0101023342362,0.0100839025549,0.0100592420539,0.0100287161059,0.0100135451311,0.0100159127906,398.032209942,450.693852818,1.78164241872,3.49762168425,476.709840903,12.7421020033,104.001834554,1.31203880627,4.31556419928,6.5710114992,4.89558673828,2.74517293358,3.05461267846,1.8806644629,2.04801679249,2.1697093229,5.9594613842,4.90245695087,0,8.23656536215,2.95965984465,0.90202638691,170.754523437,13.7527585103,11.1220869,7.52779248801,3.88068825563,4.06796594304,4.78969535968,1.00784004291,7.7857955774,2.85121010841,0.755744565128,1.71669181144,2.59020950516,1.6250105972,2.37108481507,1.73166970668,2.08800910966,1.97524284978,0.305102309857,1.12919329539,0,0.490825203917,0.675048190564,0.431420914291,0.745465967402,0.461305241627,1.91440093498,1.16877775043
sobol__0002029,90.27334663,69.94829191,29.10157786,43.21796034,65.52646019,4.81431598,-53.70499601,1,usable,Converged with independently replayed constrained generalized-force equilibrium and small reserve torques,460.930944,0.104380749224,3.38785639542e-08,3.74621797553e-13,6.47565641426e-06,14,0,0.21249154278,0.0756097504441,0.0100227339285,0.0100068831247,0.155683981287,0.010002056698,0.0413408249291,0.0100096637138,0.0100053827311,0.0100022729906,0.0100034207197,0.0100066333809,0.0100055932264,0.0100066053142,0.0100134374455,0.0100055786016,0.0100041082205,0.0100042166957,0.0100451866988,0.010045237841,0.0252346128755,0.0100225552405,0.100733386545,0.071147483168,0.010045237841,0.0720384410269,0.0100158067054,0.0100105826157,0.0100046034328,0.0100198382884,0.0403912429109,0.0100473636065,0.0100243401573,0.0100143547341,0.0100090388591,0.0100140905165,0.0100102813215,0.010012884019,0.0100110712423,0.0100133952596,0.0101278561622,0.0191977249316,0.0229860146638,0.0126816218334,0.0102885029324,0.0108792055711,0.0101042348384,0.0100458578686,0.0100152597374,0.0100219089086,228.915024346,76.1699954225,1.85686832159,4.99054123761,164.641092733,12.9245100689,11.1115235641,1.43932480392,3.96812361947,5.87264431526,3.26121776325,2.63752071137,2.86414068542,1.81103510535,1.84586584553,3.05954417948,6.58858492638,6.40270113065,0.00138647109509,0,8.5612370066,1.9554003139,118.583813986,19.4447438285,0,17.576394601,1.93201958184,2.98628239952,4.54527331341,0.551799468449,22.0971269219,2.20667338627,0.635126263631,1.62367205824,2.36941558477,1.4072528139,2.20157550359,1.65491778658,2.12626993322,1.84313433637,0.398618736531,1.99107868506,2.0961717633,0.582498768145,0.744860786885,0.504545047447,0.836529852407,0.453677787632,0.895941155262,1.05368664226
sobol__0002037,118.39834663,82.13579191,-50.58592214,71.65546034,-49.47353981,16.84556598,55.04500399,1,usable,Converged with independently replayed constrained generalized-force equilibrium and small reserve torques,697.307202,0.306341145837,2.61105519428e-08,4.14742205815e-12,2.08052226671e-05,26,0,0.307637490511,0.126106551211,0.0100084557562,0.201543050476,0.306608280128,0.182973123835,0.0100152741952,0.0100053925891,0.0100028333877,0.0100011263303,0.0100013674366,0.0100036627392,0.0100036863318,0.01000448474,0.0100088907437,0.010008342304,0.0199269283359,0.0195023303359,0.0100701846326,0.0100099408704,0.0100086381046,0.010003203113,0.0100105738723,0.023357707839,0.010004566818,0.012007758756,0.11935452616,0.0100012517684,0.0100452377,0.0100048313299,0.0458015842003,0.0146159451688,0.0100245581035,0.0100041130527,0.0100017781323,0.0100025503366,0.010003100783,0.0100036515669,0.0100027934448,0.0100023605392,0.0150090837797,0.0520462651826,0.0431852170024,0.0172735622289,0.0354828138134,0.0100954579594,0.0100167642294,0.0100059888805,0.0100015405865,0.0100019884794,318.682017113,135.344325093,1.81937609434,88.460702491,294.491553629,156.882856218,1.96695962933,1.42785912648,4.12162186089,6.25903407501,4.49639048995,2.71057896329,2.98570634267,1.87783001189,1.84787836513,0.986594944472,13.7403526229,13.1589871144,2.18950803222,3.57765808717,4.79449584754,3.16900893923,11.4156447998,6.37621264965,3.28514556739,1.9473288253,19.8167195379,3.63687716706,0,0.665949562435,22.0887218835,3.82993431342,0.1189515005,1.34478555545,2.43702484557,1.58298444796,2.25701347371,1.64443144992,1.94514423873,1.90328026496,0.263951909868,3.16519389263,2.40105575851,0.537420161487,1.57031082299,0.184842304689,0.441647020071,0.433998584733,1.96855998514,1.16711160418
sobol__0002045,84.64834663,122.76079191,71.28907786,128.53046034,20.52646019,10.28306598,2.54500399,0,solver_failed,The static optimization solver did not converge,1988.897789,,1.98568329779e-07,,,0,0,,,,,,,,,,,,,,,,,,,,,,,,,,,,,,,,,,,,,,,,,,,,,,,,,,,,,,,,,,,,,,,,,,,,,,,,,,,,,,,,,,,,,,,,,,,,,,,,,,,,
sobol__0002053,107.10440132,81.91362394,65.10011302,30.36395643,-9.74697731,20.6822359,40.54305087,1,usable,Converged with independently replayed constrained generalized-force equilibrium and small reserve torques,492.701551,0.535856111801,6.62427517284e-08,6.1414349383e-13,5.58589088861e-05,25,0,0.509490865756,0.0100002493405,0.0100040704959,0.0100002192207,0.0100003597027,0.0100001074066,0.212252061318,0.0980986879121,0.0100047048417,0.0100003769214,0.0100005191156,0.0800032308431,0.0100039065379,0.0100018198815,0.0530163730292,0.33582676898,0.0100017377178,0.010001875966,0.0100452364543,0.0799833251411,0.0100003250698,0.0269189465076,0.236276632411,0.125851600977,0.0282863363122,0.0537729539458,0.0891421019591,0.0100016532332,0.0100173174939,0.0100045157862,0.0100138109111,0.0100086386949,0.0100104345063,0.0100047639667,0.0100021132963,0.0100030761974,0.0100034455825,0.0100041595749,0.0100032413557,0.0100029626619,0.0135648366982,0.0538118612788,0.0390684483449,0.0176336584436,0.0320547058305,0.0112755532896,0.0100361001554,0.0100105316928,0.0100025797698,0.01000348779,367.227221568,10.0650997899,1.95257492542,4.99193730401,8.87940161194,12.6619123168,57.0918667045,14.1064513311,3.67753432293,5.97171787194,3.90222685485,21.1650131629,2.89653189879,1.83129074388,9.84143888572,105.943877017,6.39460279368,5.90718506424,0,30.3162781155,4.70104970223,6.33635496279,278.183177391,33.0800401847,7.33128350405,8.90388378829,17.1858586188,3.97583358812,2.22786530666,0.948755577057,4.48854822903,2.84937906056,0.661106537363,1.59654030202,2.48100285652,1.60725254022,2.29072277296,1.66977143099,1.97670095579,1.93529952073,0.335598815892,4.74759408238,2.85722517284,0.700788970322,1.85764390724,0.271286425436,0.438288033794,0.40884266931,2.01041171348,1.16432785355
sobol__0002061,95.85440132,122.53862394,-38.02488698,38.48895643,60.25302269,14.1197359,18.04305087,0,solver_failed,The static optimization solver did not converge,823.588865,,2.66173714181e-08,,,0,0,,,,,,,,,,,,,,,,,,,,,,,,,,,,,,,,,,,,,,,,,,,,,,,,,,,,,,,,,,,,,,,,,,,,,,,,,,,,,,,,,,,,,,,,,,,,,,,,,,,,
sobol__0002069,112.72940132,110.35112394,41.66261302,75.05145643,-44.74697731,-6.6615141,-15.70694913,0,solver_failed,The static optimization solver did not converge,1141.472863,,8.14468243959e-08,,,0,0,,,,,,,,,,,,,,,,,,,,,,,,,,,,,,,,,,,,,,,,,,,,,,,,,,,,,,,,,,,,,,,,,,,,,,,,,,,,,,,,,,,,,,,,,,,,,,,,,,,,
sobol__0002077,78.97940132,69.72612394,-5.21238698,115.67645643,25.25302269,-0.0990141,-38.20694913,1,usable,Converged with independently replayed constrained generalized-force equilibrium and small reserve torques,500.822409,0.0629942607426,1.86412165704e-08,1.78066103905e-13,2.70774636405e-06,5,0,0.137802813293,0.137535113944,0.0100470311832,0.0208255050087,0.133881880696,0.0100093550268,0.0167875318071,0.010016153719,0.0100090791768,0.0100033934389,0.0100041531321,0.0100118073837,0.0100104863139,0.0100116303339,0.0100148663609,0.010059751645,0.0280435952585,0.0279769023547,0.0102161233048,0.0100714032996,0.0100116000491,0.0100052568355,0.0100128395977,0.0100312720958,0.010068148168,0.0195143564737,0.0100999113645,0.0100147111675,0.0100135716324,0.0100293075364,0.0145631783495,0.0141399904146,0.0100422083894,0.0100286677483,0.0100313323741,0.0100421731432,0.0100355186184,0.0100406261907,0.0100378891021,0.0100412220672,0.0101039705742,0.0111997798975,0.0112029481625,0.0101492581418,0.0101222854082,0.0101124120056,0.0100804995854,0.0100651047506,0.0100353053691,0.0100450172076,155.344717973,138.64989695,1.97310488071,10.3709995228,142.88212343,13.0752266914,4.30136540537,1.44087152684,4.17931704866,6.09832381403,4.09044751825,2.66660208749,2.88153077813,1.82145123051,1.90384484658,0.195895524161,20.1180588086,20.0223120834,2.89303217576,0,4.79509141833,3.04650307189,9.54603115694,0.640744227523,1.01964630465,4.87227741876,1.86647293593,3.92790974132,4.34034210549,0.98770735321,6.541549147,3.79835367272,0.680564962488,1.63547009957,2.52475242412,1.50184297895,2.28838220381,1.70936123808,2.13171522433,1.92958641852,0.372295314122,1.21279746057,1.05577741804,0.47969875841,0.703918138566,0.478215378235,0.827958506671,0.462301036681,1.2024835143,1.14850291909
sobol__0002085,98.66690132,116.44487394,-2.86863698,93.33270643,-27.24697731,-8.3021391,-47.58194913,1,usable,Converged with independently replayed constrained generalized-force equilibrium and small reserve torques,457.010413,1.34704788482,1.66621569875e-07,2.08189021578e-12,8.39423786055e-05,23,0,0.661480116751,0.458013169908,0.0100020036174,0.0100002067199,0.311828876452,0.0100000715205,0.701723064562,0.0100005619119,0.0100001371394,0.0100000483953,0.0100000650097,0.0100002322074,0.0100001938265,0.0100002283726,0.0100002636656,0.010045238785,0.138835721506,0.136017279547,0.0286327788569,0.146469828447,0.0100001522995,0.0100001893521,0.0100017362801,0.0100012850959,0.11035780299,0.121994007471,0.0100023709041,0.109535581585,0.0100009837636,0.0100386867338,0.0100013534393,0.0100053502179,0.0100128277656,0.0100084697753,0.0397873395806,0.036038493235,0.010012073022,0.0100316553719,0.0235084898169,0.0540304763495,0.010012014425,0.0100039997199,0.0100095587748,0.0100203143974,0.010008970293,0.0100572868387,0.010011708303,0.0141434512817,0.0100829026651,0.0324791426127,320.24560841,403.145790592,1.58520437012,3.66259644986,334.340443824,12.8707270643,179.360818105,1.26757415906,4.37415535823,6.5295706299,4.96767912703,2.75615842701,3.07218597708,1.88075234752,2.07773521446,0,98.6221558255,94.658680144,7.60901792594,55.0183491841,4.99131437015,3.08627079652,10.8875405124,2.4949604315,24.0699660539,28.5717112305,1.70447519735,44.6771764867,4.79418341628,1.00360714712,5.56843010935,2.8342425876,0.74516692989,1.71259209529,9.08924128957,4.89991751168,2.05657539362,1.5849447346,4.99261393462,9.73523713625,0.359924937309,1.08837275193,0.932557173209,0.463570061024,0.703820507175,0.469117392136,0.85782720697,0.650428985314,1.0044578777,3.70184127005
sobol__0002093,87.41690132,92.06987394,25.25636302,101.45770643,42.75302269,2.6353609,-10.08194913,1,usable,Converged with independently replayed constrained generalized-force equilibrium and small reserve torques,400.275394,0.170530184036,1.12107159111e-08,1.05855847364e-12,7.83800578974e-06,25,0,0.26713396405,0.0779657243635,0.0100116146878,0.0100021641787,0.247743122492,0.0100008288532,0.0927543325178,0.0100057717618,0.0100021488627,0.010000956267,0.0100012414293,0.0100038540643,0.0100028556367,0.0100033188047,0.0100062194504,0.0100451882803,0.0752191238111,0.0739245927987,0.0163745735641,0.0100452377581,0.0100012913465,0.0100015535795,0.0100031066172,0.0100034241119,0.0100082258982,0.045409138557,0.0475526849836,0.0100025645836,0.0100045086357,0.0100069415789,0.0259725470709,0.0269606907023,0.0100144132356,0.0100075088396,0.0100063282458,0.0100093369379,0.0100093225395,0.0100112528462,0.0100093587889,0.0100092315064,0.010530154922,0.0421294455962,0.0100452377581,0.0161102474945,0.0171817055766,0.0120973197118,0.0100757362813,0.0100235701833,0.0100079262218,0.0100107126933,202.097291436,71.5065418814,1.73568418479,4.99290664415,266.437139372,12.9293893065,24.8173324114,1.43506181488,4.1201676737,6.28778562794,4.54985557214,2.69500791378,2.97405151577,1.86998129997,1.9596189525,0.00168656149232,53.8663056341,52.0280231193,4.47445603278,0,4.97851956282,3.16556874694,10.6525281,2.06808177108,2.99660901765,11.4306293213,8.18416536967,3.83087362353,3.87940188234,0.947007633191,12.4631065238,6.94614851202,0.6476999069,1.60004417898,2.58952949878,1.62389353998,2.36995699048,1.73086382108,2.08814305358,1.97469178652,0.303425965266,4.55501500683,0,0.785980068992,1.01684939929,0.547042152871,0.712562656565,0.460834408918,1.72571758588,1.167716401
sobol__0002101,115.54190132,79.88237394,-45.05613698,16.14520643,-62.24697731,23.4166109,8.66805087,1,usable,Converged with independently replayed constrained generalized-force equilibrium and small reserve torques,531.867332,0.374897329803,1.79456517202e-07,2.82796008833e-12,1.76229925096e-05,24,0,0.367941825818,0.0302011173273,0.0100097853992,0.134205227202,0.332693378553,0.203863511722,0.01004439257,0.0100061999688,0.0100278527487,0.0100009787267,0.0100011964802,0.0100042035785,0.0100037213917,0.0100040939518,0.0100059710997,0.0100023645049,0.010004336596,0.01000525986,0.01004523794,0.0556033750763,0.020581168429,0.016942525686,0.0917888734445,0.0102076829999,0.010004894729,0.0328432054323,0.156409844315,0.0100017407594,0.101656235687,0.0100045350495,0.0100141546942,0.0100158134502,0.0100142646043,0.0100068789467,0.0100031850287,0.0100046405001,0.0100075861489,0.0100081045722,0.0100057720584,0.0100046197977,0.0280333962134,0.0894707479875,0.0630648377527,0.0253835965039,0.057219947789,0.0185898600584,0.0100195846048,0.0100090384079,0.0100028923588,0.010003364087,387.782737757,32.3631076294,1.83268586811,54.5829792365,325.5072652,164.689783798,1.97355636651,1.43429054548,4.13077483171,6.18481042302,4.41330999193,2.70770411179,2.97279994852,1.87363598029,1.89015605321,3.56999729194,5.76292310385,4.64683565758,0,19.358269243,4.34415146384,3.77308415085,107.861822714,2.47117897362,2.71233267445,7.01730112589,29.7957718088,3.50555133557,45.4916858611,0.896221034452,1.99722296443,2.47535214522,0.754066294263,1.71315366805,2.58846518666,1.60231490793,2.36966565013,1.73031368495,2.09295440132,1.97128531538,0.987838250267,9.76991887135,5.9408344455,1.23855665999,4.1342938033,0.722849364959,0.598019804059,0.38870229788,1.65487500185,1.04500546575
sobol__0002109,81.79190132,104.25737394,76.81886302,56.77020643,7.75302269,12.4791109,46.16805087,1,usable,Converged with independently replayed constrained generalized-force equilibrium and small reserve torques,480.570507,0.389970060704,5.09858608666e-08,4.94076904171e-13,2.97736060346e-05,27,0,0.312567365213,0.0100013296227,0.0100196388264,0.0100005875184,0.288535865282,0.010000351488,0.323403871891,0.0100049591046,0.0100009868444,0.0100004979645,0.0100006926367,0.0100029232398,0.0100021839983,0.0100025014784,0.0234041338017,0.0218101626401,0.1227239535,0.119956768931,0.0106979951644,0.010045237907,0.103076806812,0.0100026436394,0.0100027337125,0.0100034155485,0.0188018953144,0.0998132598272,0.147038860363,0.0100007668753,0.0100053601028,0.0100028745149,0.0853079482026,0.0535532831449,0.010007976724,0.010001942616,0.0100011885002,0.0100017865384,0.0100017169879,0.0100021413691,0.0100017260999,0.0100016917017,0.0200878768209,0.0912030621576,0.0720485085045,0.0377861031421,0.0484872788635,0.0208070506424,0.0100814071273,0.0100089574196,0.0100018125183,0.010002686216,182.040431301,7.19871972181,1.91889890911,4.12370456193,309.733368806,11.6683122683,87.1178648015,1.43673575054,3.93023249762,6.22945354097,4.52289973682,2.6984901253,2.98284468217,1.87269627204,4.71236847945,1.49797517944,82.7436751009,79.0542576643,1.04938802533,0,53.7554525484,2.1813407639,11.6885719153,2.76053728613,6.00496784777,16.69082963,25.8320107035,3.7021130027,0.821882821382,0.75586148477,47.5301680805,14.9564029456,0.306319976667,1.47781973731,2.41886234245,1.570787731,2.25572479515,1.64264029749,1.93792377409,1.89187214611,0.378163400704,6.2542841845,4.33661484891,1.29073641259,2.28604504905,0.454222301696,0.450455224503,0.453870275535,1.98729746685,1.16685689688
sobol__0002117,105.69815132,101.21049894,-55.60301198,120.75458143,54.00302269,10.0181734,-1.64444913,1,usable,Converged with independently replayed constrained generalized-force equilibrium and small reserve torques,438.000237,0.563273423394,6.43137894052e-08,2.49400500252e-12,1.57533025093e-05,13,0,0.349841975232,0.165310291993,0.0100046685421,0.28258777262,0.085236246131,0.561965188025,0.010004035449,0.0100041170188,0.0100014444238,0.0100004788664,0.0100005836442,0.0100014014559,0.0100015770862,0.0100022779309,0.0100024298196,0.0100452377974,0.0215786313452,0.0215690414465,0.0100997205765,0.0100452377974,0.0100014155444,0.010001522345,0.0100109297676,0.0100143531608,0.01001548165,0.010032341744,0.0100082513,0.0100467632577,0.0100181700001,0.0100385270722,0.0504181950457,0.0417410275542,0.0100343924254,0.0100206743907,0.0167158102373,0.0140767938897,0.0100662468403,0.0100758220012,0.0104335436109,0.0167730862635,0.0100393739542,0.0100289587136,0.0100376355286,0.0100498775075,0.0100237873418,0.0100374413627,0.0100489806397,0.0102104532516,0.0221116409723,0.0231512408439,224.320785659,170.023247368,1.56640608991,119.417080895,85.5234627984,451.30787863,2.38184627415,1.27181588463,4.34196217435,6.57086539822,4.83269242085,2.69119180559,3.02624771108,1.8809121493,2.01210241554,0,15.4799741786,15.4661852011,2.85984518222,0,5.20674365911,3.16822800615,8.57927431559,0.413546124004,2.34547557854,2.23864699796,1.80193429295,3.69743114756,1.0311619826,0.876297676199,12.2798486876,10.300101693,0.289890041278,1.52486710443,4.32509669719,2.28711900979,2.38350101003,1.74183802448,2.15407638448,3.30918324503,0.300731401783,1.08286681806,0.881528253336,0.488653591164,0.597929108647,0.41945302337,0.623675368724,0.462647479947,3.92681323759,2.68668537427
sobol__0002125,94.44815132,76.83549894,85.02198802,80.12958143,-35.99697731,16.5806734,-54.14444913,1,usable,Converged with independently replayed constrained generalized-force equilibrium and small reserve torques,498.31334,0.64165239527,2.3889789702e-08,4.49136474586e-13,5.61189155173e-05,20,0,0.283134617496,0.0100001466953,0.080824638221,0.0100001628029,0.135874053825,0.010000102329,0.519341639983,0.10479493612,0.0537186072783,0.0100010610739,0.0100017368476,0.0100358115282,0.0100058790118,0.0100030074312,0.356836618186,0.169898393936,0.116742057742,0.114270301618,0.0227912757921,0.0100043653323,0.010000224692,0.174765679427,0.010002125623,0.0100080586716,0.0100452377907,0.123090487924,0.0100018148828,0.04176407299,0.0100008199805,0.0100356692501,0.096358177531,0.0447769336201,0.0100084278838,0.0100050605264,0.0100172096296,0.0100698124448,0.010004478572,0.0100069565922,0.010008156906,0.0100726069072,0.0100168385851,0.0100093799292,0.0100415503679,0.0212562010109,0.0100083667159,0.0100439529148,0.0281450682859,0.0372876892754,0.0112094201401,0.0713761934861,272.425144015,10.0373487078,15.6940901243,4.65145981882,122.012999243,12.0558443298,125.466745392,14.9649839251,17.0883584293,5.59388954062,2.69139981543,2.6239535871,2.83986864012,1.79917687224,65.6438384677,11.2956052645,81.4607224261,78.0476247452,5.73823339733,3.68140295894,4.63262590223,53.938621145,11.2155128444,2.64189904912,0,29.4648431769,1.8957823575,15.4452417652,4.6122308548,0.772055644595,53.3444231852,12.3681400851,0.753134094001,1.71284295825,2.10613068988,1.22154876177,2.14705471025,1.59824676084,2.12434892923,1.63271785789,0.394662327348,1.01974585177,0.91011699918,0.981333463256,0.723024643068,0.460545403102,2.46496409053,1.51908847218,0.895550357774,6.68342513153
sobol__0002133,111.32315132,97.14799894,14.70948802,35.44208143,19.00302269,4.5494234,54.60555087,1,usable,Converged with independently replayed constrained generalized-force equilibrium and small reserve torques,414.426625,0.625128058417,1.59270356903e-08,2.13873363464e-12,8.42102809059e-05,29,0,0.700458138455,0.170600299794,0.0100021948676,0.0100007497044,0.146117896413,0.0100002333129,0.138116527708,0.0100021830006,0.0100013501057,0.0100002388149,0.0100003154332,0.0100016141513,0.0100011139446,0.0100011088039,0.0100014002507,0.0100032273661,0.0100070199518,0.0100072968018,0.010045237826,0.010045237826,0.03713347481,0.0649468585539,0.052732356245,0.103287897343,0.0646172131508,0.0966742074119,0.162174834967,0.0100012391386,0.0100061687142,0.0100044665622,0.0100004067108,0.0100009941737,0.0100118411457,0.0100030957315,0.0100012126793,0.0100017088587,0.010001906735,0.0100023563362,0.0100017702257,0.0100015893453,0.0100850057963,0.0271944538736,0.0195919050322,0.0100793478826,0.0362830511539,0.0101887787032,0.0107836411692,0.0100077309649,0.0100022425913,0.0100026472709,295.846826446,169.307049435,1.76156149927,3.00485114861,157.146217024,12.4877905515,35.7586624775,1.42258477426,4.1552769173,6.44406673409,4.66535499412,2.68872956597,2.99860603254,1.88008464993,1.96195422751,2.65739019449,6.4847275554,6.19417180654,0,0,10.1603278883,9.46595093665,62.0854505574,27.9004023176,17.8190839355,14.6616748425,27.7719502674,3.72073795073,1.81387365443,0.734723125306,5.52877340213,2.72484015669,0.359075696308,1.49451404417,2.34479596892,1.52979073743,2.21549565945,1.61150700858,1.87989601579,1.84214992681,0.175193739376,1.76733461925,1.12945804123,0.337672188748,1.64060848655,0.20131524278,0.49893154485,0.460340032998,1.89231140744,1.12782398712
sobol__0002141,77.57315132,121.52299894,24.08448802,27.31708143,-70.99697731,-2.0130766,2.10555087,1,usable,Converged with independently replayed constrained generalized-force equilibrium and small reserve torques,395.074375,0.660646119719,2.66390309811e-08,9.03962445935e-13,2.24631155681e-05,25,0,0.469130429189,0.214434848524,0.0100134030161,0.0100005589018,0.538114942481,0.0100003143654,0.298555297086,0.0100020765196,0.0100004699842,0.0100002107436,0.0100002975701,0.0100009419396,0.0100007210451,0.0100009312933,0.010001342864,0.0100016821732,0.0100063949779,0.0100070209222,0.0100452378169,0.0639697199023,0.0245500006984,0.0100022830528,0.0571056221462,0.0100209945808,0.0208729538251,0.0419079497017,0.0217147018277,0.0100027495148,0.0100038911566,0.0100074140161,0.0100105864547,0.0100159183469,0.0100129125588,0.0100066531481,0.0100046273945,0.0100071076623,0.0100067840544,0.0100083676771,0.0100068519973,0.0100070219663,0.010117023045,0.029257695501,0.0223190888836,0.0110981602932,0.0126051349498,0.0104446548624,0.0101406982268,0.010027214774,0.010008918048,0.0100130269498,351.755650659,92.6932454725,1.87287036871,4.77794185592,569.629749125,12.6093192193,80.1792769174,1.29683966875,4.29932988245,6.56298562011,4.96224575375,2.76188490342,3.0851942422,1.88074184547,2.08041688955,1.83797695394,6.32976957737,5.67403336135,0,21.821927912,12.8878792297,1.25612550818,67.2305499698,2.49886059176,6.95357562041,10.5268804868,4.03912125052,3.879606365,4.7972302416,0.94283223211,2.12930052947,2.38769654659,0.752396703521,1.71227102354,2.5876541872,1.59965698807,2.36719166813,1.73002091795,2.11062492883,1.97225146342,0.290791553871,3.18244517263,2.07684782341,0.541571470219,0.806977115855,0.439058508329,0.787136024014,0.461235367847,1.96286120087,1.16834229698
sobol__0002149,102.88565132,66.67924894,45.17823802,49.66083143,71.50302269,7.2837984,22.73055087,1,usable,Converged with independently replayed constrained generalized-force equilibrium and small reserve torques,513.715096,0.228308891731,1.39127820376e-08,1.05160324892e-12,2.08379611833e-05,24,0,0.257474881433,0.0100005717249,0.0100309013361,0.0100005281581,0.0546879284954,0.010000234427,0.229934624507,0.0175214631598,0.093264416139,0.0100031894653,0.0100037863897,0.0100090883134,0.0100045234486,0.0100037574072,0.0525957549895,0.153823153617,0.0100035289208,0.0100036099393,0.0100331237506,0.0100452377285,0.0100009711088,0.0182626544829,0.128466373595,0.0595223264935,0.0539517500019,0.0808643359361,0.118375231514,0.0100011219773,0.010002674674,0.0100031751826,0.104496541722,0.0131131275383,0.0100066448741,0.0100030507948,0.0100017209451,0.0100025803479,0.0100026291958,0.0100032638541,0.0100026306256,0.0100024826206,0.0175941627045,0.0794609086493,0.0583629148297,0.0294919560623,0.0392569530689,0.0209512694026,0.0100844110029,0.0100104179997,0.0100027349058,0.0100035798736,277.325132627,10.2745445924,1.8843839407,4.93974108695,51.3749902428,12.9053391605,61.9376568147,2.49495598876,33.3809663361,5.56015768151,2.61611404643,2.61899459353,2.82477753762,1.79660866488,9.0274465761,46.4927981049,6.66527136774,6.50354252691,0.375688254161,0,3.51416395695,4.1896354453,151.06097165,16.4031214562,17.3211900945,15.5478673523,20.4773220819,3.98489999074,4.24042238247,0.964284888029,56.2556971825,2.68216959627,0.696185630241,1.62777137159,2.50910453751,1.61452022268,2.33110817069,1.69637581135,1.99939878832,1.94031221764,0.383869075466,6.68556078064,4.13512268659,1.20783756755,2.09294528827,0.666101327533,0.526299021332,0.459833455941,2.01045475929,1.16733569009
sobol__0002157,91.63565132,107.30424894,-20.44676198,9.03583143,-18.49697731,-3.6537016,30.23055087,1,usable,Converged with independently replayed constrained generalized-force equilibrium and small reserve torques,374.369267,1.31935866848,4.77288963907e-08,2.66208153553e-12,6.15146261414e-05,18,0,0.645727137275,0.559265800473,0.0100068395313,0.0100013053463,0.605297349117,0.0100003499769,0.424053865545,0.0100020194151,0.0100006491603,0.010000233024,0.0100002999657,0.0100009373335,0.010000952161,0.0100010349443,0.0100011338824,0.0100009810004,0.0100058248709,0.0100074271632,0.0101000349228,0.0250026575875,0.0100017926938,0.0100030423549,0.174197514878,0.0463092842994,0.0348660948134,0.0468022009236,0.0434740087797,0.0100068392715,0.0100122285223,0.0100161915362,0.0161222101113,0.0100436834985,0.0100291382011,0.0100149045993,0.0100073685857,0.0100107061052,0.0100108751017,0.0100133468002,0.0100107729402,0.0100101008382,0.0101964780644,0.024122714641,0.0181838521976,0.0103713844955,0.0135394488953,0.0103296937012,0.0101408837782,0.0100407290245,0.0100164509319,0.0100173804809,462.199051155,536.708964251,1.69230045979,3.88814154984,635.925901161,12.2060486104,105.93729035,1.30027719588,4.3558561275,6.57112759841,4.87274074434,2.74691712247,3.05518792491,1.88072880553,2.0498313674,2.59505759282,5.1548076268,3.97671925021,0,9.49043154233,3.0047900877,0.853244081336,203.648464863,11.0797719372,10.1873829335,9.35253582686,8.09889810295,4.07268311524,4.49135921892,0.980631639409,5.4100883822,2.85890467757,0.72254817745,1.67239010172,2.50472098337,1.61476678831,2.33743201358,1.69858209377,2.00372569639,1.93958809074,0.249537136399,2.3338560699,1.47479402896,0.48622564008,0.780565506048,0.325746066918,0.659693038676,0.461330224538,1.99650641804,1.13761224808
sobol__0002165,119.76065132,127.61674894,59.24073802,102.47333143,36.50302269,8.3775484,-33.51944913,0,solver_failed,The static optimization solver did not converge,1381.680755,,2.97036137908e-08,,,0,0,,,,,,,,,,,,,,,,,,,,,,,,,,,,,,,,,,,,,,,,,,,,,,,,,,,,,,,,,,,,,,,,,,,,,,,,,,,,,,,,,,,,,,,,,,,,,,,,,,,,
sobol__0002173,86.01065132,86.99174894,-25.13426198,94.34833143,-53.49697731,19.3150484,-26.01944913,1,usable,Converged with independently replayed constrained generalized-force equilibrium and small reserve torques,491.908684,0.123175886027,4.27845812112e-08,6.75015598972e-13,7.14308317731e-06,15,0,0.167407485371,0.253689708923,0.0100205343025,0.010962154417,0.132417008285,0.0100052925123,0.0245698830807,0.0100062379456,0.0100034728739,0.0100010952279,0.0100013004699,0.0100038388808,0.0100038258735,0.0100042121926,0.0100044173861,0.0100447604123,0.050631944574,0.0496121982683,0.0109597589432,0.0452670890872,0.0240509771052,0.010002547617,0.0100044743545,0.0100029140075,0.0100149604074,0.0130973685487,0.0100069836796,0.0100133366735,0.0100038907221,0.0100260736649,0.0100037754298,0.0100165777116,0.0100199743328,0.0100124727958,0.0100266756615,0.0100396977473,0.0100166672735,0.0100218217264,0.0100230580183,0.010046700291,0.0100268983259,0.0100155469395,0.010021008852,0.0100348420955,0.010019826395,0.0100350260447,0.0101688656809,0.0103875940827,0.0171347612163,0.0239489100246,176.843012502,254.581032125,1.8533187753,4.81546080881,136.802862209,12.0057017574,6.04774115683,1.41922514153,4.27612598302,6.37505474947,4.57673736996,2.70617606792,2.97856292636,1.87413435511,1.96006305016,0.00354209448421,36.01208857,34.5758194513,2.92272274032,16.0462129701,11.7915056714,3.15246617419,10.8632754915,2.54325532476,3.20441645311,3.30511060752,1.9279892333,4.08441794364,4.07025574382,1.01235496034,5.56299768596,2.57522115826,0.705586986477,1.67307650351,2.40653041476,1.38763775874,2.33196702291,1.71403345208,2.12878575941,1.8197342799,0.375203101483,1.08629593547,0.945971529425,0.488698691733,0.724448256228,0.474647462174,0.793090439263,0.418428672979,2.09600414044,2.37498008933
sobol__0002181,107.80752632,124.06206144,32.87355052,5.48114393,14.62802269,0.58457965,-54.61319913,0,solver_failed,The static optimization solver did not converge,1011.033693,,5.73216363264e-08,,,0,0,,,,,,,,,,,,,,,,,,,,,,,,,,,,,,,,,,,,,,,,,,,,,,,,,,,,,,,,,,,,,,,,,,,,,,,,,,,,,,,,,,,,,,,,,,,,,,,,,,,,
sobol__0002189,96.55752632,83.43706144,4.74855052,62.35614393,-75.37197731,-5.97792035,-2.11319913,1,usable,Converged with independently replayed constrained generalized-force equilibrium and small reserve torques,422.178783,0.136995107081,6.62526824513e-08,2.41584530158e-13,1.74835057538e-05,26,0,0.266171254558,0.141093243217,0.0100119676833,0.0100087830679,0.154185926607,0.010002160461,0.0320381400001,0.0100068799765,0.0100035754146,0.0100014892053,0.0100017484656,0.0100051037932,0.0100041339438,0.0100046391441,0.0100065155976,0.0100097246,0.0103652740891,0.0103239681319,0.0100507893362,0.0993280413914,0.065522917425,0.010006479274,0.0100198344307,0.0100028049464,0.0100068696381,0.0258443378305,0.0351134148743,0.0100017664571,0.0100039307332,0.0100053397147,0.0100039042837,0.0100122055445,0.0100104764504,0.0100052132773,0.0100040823686,0.0100063237149,0.010006594879,0.0100078969726,0.0100062327889,0.010006190288,0.0101554871591,0.0326070989193,0.0100452378549,0.0111079891822,0.0160551257131,0.0104705289632,0.0101048675456,0.0100232904245,0.0100087443862,0.0100110530086,230.291170966,141.989974285,1.74792414997,4.08501780819,165.800345212,13.0087773397,8.25072853736,1.4388639282,4.12762076293,6.18205716593,4.42040270787,2.692387305,2.9427762219,1.85827936678,1.90833274325,1.81865585518,7.05008956752,6.86799878936,1.45568248593,33.4336419298,34.4060636894,3.15189360817,11.6132605944,2.76073089699,3.37004173706,6.52528457656,5.47814968877,4.0796984382,4.71139745886,1.01030569423,3.49356822656,2.34726365583,0.751984952518,1.71236200016,2.58163733763,1.57493476635,2.35752967381,1.72792065226,2.11975153345,1.96871653598,0.258804823368,3.35304016022,0,0.541794308316,0.915671383035,0.462072288244,0.81520910771,0.461026593794,1.90189225017,1.16800471103
sobol__0002197,113.43252632,71.24956144,75.06105052,82.66864393,59.62802269,14.80332965,1.63680087,0,solver_failed,The static optimization solver did not converge,971.883167,,5.74142078325e-08,,,0,0,,,,,,,,,,,,,,,,,,,,,,,,,,,,,,,,,,,,,,,,,,,,,,,,,,,,,,,,,,,,,,,,,,,,,,,,,,,,,,,,,,,,,,,,,,,,,,,,,,,,
sobol__0002205,79.68252632,111.87456144,-46.81394948,107.04364393,-30.37197731,21.36582965,54.13680087,1,usable,Converged with independently replayed constrained generalized-force equilibrium and small reserve torques,362.064818,0.568049129944,7.39592387333e-08,1.08002495836e-12,0.000155727421086,29,0,0.17092870116,0.369264691225,0.0100022139054,0.0100002736688,0.0100002914037,0.0100000793132,0.582665656626,0.0100006105445,0.010000160656,0.0100000631492,0.0100000823298,0.0100001752781,0.0100001702803,0.0100002697841,0.0100003389863,0.0100452377952,0.0992394380776,0.0981101090381,0.0226020166817,0.010006581496,0.0100001738537,0.0100002328703,0.0100024146125,0.0100070833814,0.0100032207579,0.0393489785162,0.144248407352,0.0100014533034,0.0100452377952,0.0100179967739,0.0396643457948,0.0296196633959,0.0100452377952,0.0100052311249,0.010001310166,0.0100019125064,0.010002203499,0.0100026346786,0.0100020361192,0.0100017959377,0.0226888443918,0.0807815551843,0.0652323544217,0.0293896836065,0.0491050798736,0.011665640531,0.0100177054238,0.0100054942747,0.0100012306963,0.0100016878082,177.2394511,331.823056864,1.86739909039,4.35929244047,10.2924352844,11.8369316254,141.541412389,1.24763291768,4.43707938407,6.49383493081,4.96867167258,2.76091298543,3.01298330287,1.88073772112,2.08009013475,0,71.1750652716,69.5642725974,6.29468734847,3.73094933657,4.67504744473,3.1679478889,10.428926498,1.86653606012,3.24691392398,5.87088426187,23.574085383,2.11676255964,0,0.0829700181282,21.6039911333,8.34202919506,0,0.662231292579,2.43813413213,1.58427741981,2.25579642468,1.64414756424,1.94509637554,1.90697445931,0.438154926561,5.16270982074,3.70768133389,0.939029949427,2.1657699138,0.215752806825,0.406532278974,0.406165345364,2.00065079322,1.16703116796
sobol__0002213,99.37002632,89.53081144,-35.09519948,68.44989393,32.12802269,12.06895465,33.51180087,1,usable,Converged with independently replayed constrained generalized-force equilibrium and small reserve torques,558.980514,0.168006585787,8.89514595315e-09,4.49177602128e-13,9.16343939083e-06,22,0,0.256101075684,0.249991351853,0.010009048557,0.0457341063217,0.161941374716,0.0100025467955,0.0231613223451,0.010004744055,0.0100021826317,0.0100007734359,0.0100009633602,0.0100026356335,0.0100028101256,0.0100033403211,0.010003642361,0.0100107888502,0.0100211059508,0.0100213520988,0.0100381969429,0.0100452375633,0.0133053895796,0.0100034577091,0.0181426888525,0.0150307239114,0.0211681817523,0.0365555731336,0.0545261283569,0.0100025567606,0.0100116979133,0.0100073472206,0.0100866953727,0.0100436948695,0.0100173231422,0.0100062659289,0.0100035681544,0.0100051908963,0.0100052268948,0.0100063858084,0.0100052000667,0.0100049671638,0.0101515567478,0.0321229239075,0.0241844683057,0.0125069906258,0.0170247684109,0.0102248803672,0.0100554348657,0.0100183655687,0.0100053504792,0.0100071462296,227.322895181,257.132437913,1.72554662585,16.76248234,165.268798717,9.49177226961,5.49605310096,1.39381084022,4.25053558658,6.39215436664,4.59972643837,2.7114361725,2.99882169775,1.87967154128,1.94867525873,0.552491146663,6.87830343421,6.73002744842,1.94473303548,0,5.08667818585,2.2548591975,20.8114329192,4.06459825819,7.13691922822,6.6747537671,9.47919394607,3.73419541434,1.43152951734,0.848804208278,5.46524834491,2.65579792394,0.402500165751,1.52423429667,2.46774061089,1.59658967285,2.29467089512,1.67105155101,1.97244109827,1.92173183208,0.208442829781,2.44537795942,1.57401050208,0.466722169578,0.839155088981,0.275575331082,0.475498610546,0.454005692351,2.01101563249,1.16777581333
sobol__0002221,88.12002632,113.90581144,68.02980052,125.32489393,-57.87197731,23.00645465,26.01180087,0,solver_failed,The static optimization solver did not converge,1388.152861,,1.25392158878e-07,,,0,0,,,,,,,,,,,,,,,,,,,,,,,,,,,,,,,,,,,,,,,,,,,,,,,,,,,,,,,,,,,,,,,,,,,,,,,,,,,,,,,,,,,,,,,,,,,,,,,,,,,,
sobol__0002229,116.24502632,101.71831144,-11.65769948,23.76239393,77.12802269,2.22520465,-22.73819913,1,usable,Converged with independently replayed constrained generalized-force equilibrium and small reserve torques,469.710118,0.926196025045,2.46399167736e-08,6.96331881045e-13,3.29872697378e-05,24,0,0.87688196372,0.21664215169,0.0100017633267,0.0100034160303,0.244403344709,0.0100002422539,0.0100146835338,0.0100022075287,0.010000998156,0.0100001690102,0.0100002210768,0.0100016740141,0.0100008568807,0.0100010300953,0.0100009929794,0.0100074678509,0.0100057822424,0.0100065730068,0.010045237757,0.010045237757,0.010002125906,0.0100035975729,0.0639182529348,0.0100134834532,0.0399777620521,0.0365994224582,0.010009477093,0.0100033363339,0.010002563738,0.0100091663222,0.192825432771,0.029799690096,0.0100120345885,0.0100060759822,0.0100067834092,0.0100113294218,0.0100080650726,0.0100104080966,0.0100096592986,0.0100127053155,0.0101235510263,0.0233281417843,0.0282795835325,0.0156412870757,0.0100655499247,0.010384784999,0.010095231155,0.0100517041665,0.0100129676821,0.0100312570139,342.327612216,219.430538362,1.82618878398,2.56691703041,258.638119424,9.50985377248,2.48661378536,1.35095295899,4.24188905783,6.56894965147,4.80076714045,2.73876822186,3.02147691686,1.88060087468,1.99993182124,2.46418545309,6.21857674922,5.3627730674,0,0,0.687930506825,0.630614097917,75.2360748064,2.46079263677,13.2914591683,9.23546634456,1.93010449675,3.40361256992,4.78811404226,0.766766506346,107.372252171,5.7524709888,0.696064222869,1.69364012826,2.5871609353,1.6032977302,2.36330011811,1.72950594748,2.11189889552,1.97335784244,0.345517851245,2.54602437622,2.66957334089,0.760092065276,0.722975407565,0.490461438646,0.742530345411,0.461812642872,1.48967324721,1.16551182721
sobol__0002237,82.49502632,77.34331144,35.21730052,48.13739393,-12.87197731,-8.71229535,-30.23819913,1,usable,Converged with independently replayed constrained generalized-force equilibrium and small reserve torques,667.313392,0.631166177223,2.14544018107e-07,1.18168524762e-12,4.71591241279e-05,23,0,0.203435597369,0.105365116661,0.010029856599,0.010005546078,0.221997073488,0.0100015964955,0.0611826437443,0.0100079523573,0.0100037177721,0.0100016076511,0.0100021577076,0.010005331567,0.0100045020133,0.0100053397366,0.010009936004,0.0100262975099,0.0331201914481,0.0322966811531,0.0100484890492,0.0665555706186,0.030582507073,0.0100097869167,0.0100101811582,0.0100078781843,0.0100452381043,0.611998778183,0.0100007545495,0.341317451083,0.0100002864178,0.0100122267771,0.0100039404454,0.0100100303071,0.0100048633399,0.010002827051,0.0138108510001,0.0537935541581,0.0100022519462,0.0100045910476,0.0100166016223,0.0914732906684,0.0100113145857,0.0100029894168,0.0603603070417,0.0635384753158,0.0100054400988,0.050098856706,0.0100079580339,0.0359176950269,0.0100031232359,0.0310265456963,212.918470335,102.70220876,1.84984823093,4.96707538762,236.484797902,12.61216985,16.4802442862,1.43966214029,4.00233658134,5.99541724288,3.89095997117,2.65833183471,2.89165873231,1.82428776291,1.90455024957,2.38890804073,22.009156918,20.9275019679,0.247579982411,25.2624548581,16.0301583339,2.63273272317,11.7764727974,2.76143490712,0,148.874123773,1.81687433366,137.521020406,4.75653543624,0.878663183813,5.0844379116,2.8498213899,0.748877175214,1.71138090522,3.48387482712,8.09127777136,2.24885264535,1.69608095391,2.12724242447,17.6931160217,0.333501542574,1.09224123529,5.69460595043,3.01356604908,0.686656720991,2.36962754828,0.832237066343,1.65215738399,1.33215224468,3.61635940147
sobol__0002245,103.58877632,74.29643644,-15.17332448,112.12176893,-49.12197731,-1.32948285,15.69930087,1,usable,Converged with independently replayed constrained generalized-force equilibrium and small reserve torques,600.405094,0.0540876854248,2.38399597841e-08,2.34479102801e-13,1.28023295078e-05,20,0,0.140973234945,0.113471555361,0.010019447735,0.0129930856615,0.0383968659802,0.0207475584705,0.0100385365943,0.010013131169,0.0100073333866,0.0100033003352,0.0100042757913,0.01001114843,0.0100098766507,0.0100111887926,0.0100134396147,0.0100338486389,0.0299833439332,0.0298175035973,0.0101515876127,0.0142678241544,0.0100541848609,0.0100063163567,0.010007339426,0.0100075634708,0.0100078752126,0.0424189135333,0.0866844729637,0.0100017861366,0.0100130780692,0.0100060428471,0.0100086262285,0.0100287389268,0.010019131943,0.0100052290695,0.0100027902477,0.010004122751,0.0100046177055,0.0100055238959,0.0100042943074,0.0100038526479,0.0113381281134,0.0480555853329,0.0334165012596,0.0151171520825,0.025001913342,0.0117969519107,0.0100521542973,0.0100132708994,0.0100048002808,0.0100052873662,150.159725966,118.798081662,1.8466234756,4.40963863,40.3895419085,22.2935323838,2.45731635152,1.44044137469,4.11298470992,6.04095184814,3.95085325935,2.68751661541,2.92496117205,1.84808295016,1.85821530577,0.406132696169,21.5091393552,21.2716394008,2.86896491915,5.10317148549,4.84468179057,2.88355742488,10.0493431787,1.77439299961,3.01449192859,10.2154545001,12.8140377628,3.62615802964,1.53548233913,0.756738267903,5.53676364858,2.63232814658,0.281989813601,1.5276667437,2.5872017599,1.62554656382,2.36888665589,1.72952510478,2.06462978599,1.97362135358,0.252844698848,4.16922803639,2.51416588701,0.68467521826,1.23175087087,0.433027704927,0.716904922019,0.460584530885,2.01086431604,1.16302860183
sobol__0002253,92.33877632,98.67143644,50.45167552,87.74676893,20.87802269,5.23301715,38.19930087,1,usable,Converged with independently replayed constrained generalized-force equilibrium and small reserve torques,484.787788,0.507961369435,8.11643730003e-09,2.57927013081e-12,3.09216382556e-05,27,0,0.478757785447,0.0100008270171,0.0100036160461,0.0100003110091,0.23799330837,0.0100001481975,0.401035511247,0.0100034041813,0.010000666231,0.0100004026497,0.0100005640001,0.0100021224213,0.0100014115269,0.010001625513,0.0101623149899,0.0100452525376,0.0643444612544,0.0630057983191,0.0130781269217,0.010045237749,0.0100003453584,0.0100014194931,0.0100036320773,0.0100042650448,0.0162003417662,0.109127625949,0.141785725914,0.0100009479057,0.0100174451711,0.0100051857739,0.0208907020528,0.0237917905001,0.0100259482482,0.0100023577565,0.0100011298592,0.0100016944125,0.0100016592598,0.01000207699,0.0100016673504,0.010001597781,0.018756671207,0.0867881889072,0.0687988348828,0.0358797013468,0.0444583397279,0.02299278616,0.0101023714653,0.0100079297432,0.0100018995413,0.0100024831974,242.143537974,8.61998415653,1.73522226708,4.94017962119,255.039806394,12.5067760194,108.02987609,1.4344445741,4.05445945199,6.31033294464,4.57998722759,2.70267712169,2.98621414297,1.87526167555,2.00282701489,0.000754715925917,45.3720347054,43.5034990034,3.40727585421,0,4.96421072062,3.09696008199,11.0332034431,2.5190159075,5.35342614206,19.9510905422,21.7400173137,3.02130891864,0.198442766994,0.375856077011,11.0082038174,6.45484546278,0.0499823977996,1.21792499416,2.43809142474,1.57904769623,2.28002913391,1.65878137754,1.95566432719,1.90009855501,0.335798845236,5.89323725108,4.12171842859,1.283221204,1.91904252531,0.599198824005,0.519469348725,0.460321638917,1.98497260268,1.15587826868
sobol__0002261,109.21377632,118.98393644,-29.23582448,59.30926893,-4.12197731,17.26426715,-40.55069913,0,solver_failed,The static optimization solver did not converge,1860.962604,,4.01745268164e-08,,,0,0,,,,,,,,,,,,,,,,,,,,,,,,,,,,,,,,,,,,,,,,,,,,,,,,,,,,,,,,,,,,,,,,,,,,,,,,,,,,,,,,,,,,,,,,,,,,,,,,,,,,
sobol__0002269,75.46377632,94.60893644,55.13917552,2.43426893,65.87802269,10.70176715,-18.05069913,1,usable,Converged with independently replayed constrained generalized-force equilibrium and small reserve torques,528.633596,0.317082110889,1.11663355895e-07,7.74491581979e-13,1.13908016528e-05,20,0,0.237065062023,0.243236380604,0.0100407418261,0.0694459950118,0.254634767489,0.0199638392902,0.0254628918646,0.0100064727031,0.0100048622469,0.0100011797765,0.0100014058733,0.0100044299856,0.0100035246063,0.0100040116103,0.0100047277508,0.13122719399,0.253814429711,0.187715091811,0.0100452377632,0.0100452377632,0.0107999661515,0.0100084029256,0.0100014056093,0.0100059765445,0.0176939253859,0.0558357480516,0.0443140583464,0.0100051483534,0.0100018220267,0.0100129250357,0.0100019872327,0.0100116991552,0.0100147905871,0.0100079518688,0.0100070107269,0.0100104548344,0.0100074969814,0.0100099725319,0.0100087421444,0.010009835184,0.0119881678329,0.0466683026812,0.0427517241387,0.0224529629135,0.0226331473834,0.0132280998749,0.0163600859273,0.0100971377998,0.0100145122006,0.0101094291062,207.01143255,186.112290903,1.91159439848,31.6031942243,273.598343145,23.9330806379,6.85427541116,1.43906907091,3.99957778268,6.17004078969,4.45656634061,2.68553571442,2.94860322649,1.85549179688,1.99373560161,48.829817015,116.129713153,63.5193060271,0,0,3.9812745111,0.837546628508,11.565848493,2.30777268849,4.9094038771,13.2621488935,8.44989386933,3.13257467251,4.7985645227,0.772196115159,5.55870639872,2.18940871406,0.719752410953,1.70210060364,2.58924468492,1.61223214381,2.36909220795,1.73057601086,2.10039717601,1.97358452862,0.456958620726,4.99352181901,4.03504435386,1.08591236631,1.63862899101,0.621275593269,1.11823473306,0.450778092008,1.49026772371,1.13524720536
sobol__0002277,100.77627632,108.82768644,85.60792552,41.02801893,-66.62197731,18.90489215,-8.67569913,0,solver_failed,The static optimization solver did not converge,1161.184806,,3.85693077476e-08,,,0,0,,,,,,,,,,,,,,,,,,,,,,,,,,,,,,,,,,,,,,,,,,,,,,,,,,,,,,,,,,,,,,,,,,,,,,,,,,,,,,,,,,,,,,,,,,,,,,,,,,,,
sobol__0002285,89.52627632,68.20268644,-55.01707448,16.65301893,3.37802269,7.96739215,-46.17569913,1,usable,Converged with independently replayed constrained generalized-force equilibrium and small reserve torques,530.85624,0.219108751423,2.00146743623e-08,1.80244530943e-12,1.01701378431e-05,16,0,0.252425748846,0.17769939882,0.0100105034437,0.100632894766,0.281224044591,0.0100013977227,0.0400640287663,0.0100046476883,0.0100028985142,0.0100011073487,0.0100013999066,0.0100032744485,0.0100029034589,0.0100033445722,0.0100052197854,0.0100013442205,0.0100035265047,0.0100042820412,0.0100452376831,0.0100215958791,0.0373059211789,0.0100068609602,0.114481991797,0.0402547318018,0.0100452376831,0.074075055058,0.0100031541309,0.0572713905072,0.0100018788763,0.0101169877225,0.0488186525646,0.0101181606492,0.0100237909623,0.0100175123551,0.0100420691088,0.0101507077374,0.010009202118,0.0100143187756,0.0100199592983,0.0112833782143,0.0100202834644,0.0100103215603,0.0100228615224,0.01008388804,0.0100118135827,0.0100403467288,0.010206134491,0.0194537162733,0.0101878294699,0.0399168990387,290.338195204,187.71433431,1.98283268041,47.9677984668,273.170776331,8.70346876315,7.26213696806,1.43801630024,4.28240337294,6.15696041785,4.0851393228,2.69673853636,2.92685701379,1.84398896905,1.88152817682,3.80115978922,5.80196144138,4.69474402017,0,3.50090873074,8.5729592349,1.70878618901,134.555248579,9.87081691436,0,18.3645716816,1.87330347695,15.3997107512,4.72088361922,0.537497807477,21.7330836719,2.85114619842,0.616555759594,1.57634002349,2.37334646932,1.40124914796,2.23446977495,1.67039771459,2.12815808823,2.03293982496,0.394798125416,1.01269534706,0.902576234023,0.459532290195,0.720885982727,0.470923046705,0.869214846675,0.867366157719,1.03286924193,4.20438148656
sobol__0002293,117.65127632,88.51518644,15.29542552,126.34051893,-21.62197731,-4.06385785,47.57430087,1,usable,Converged with independently replayed constrained generalized-force equilibrium and small reserve torques,482.935423,0.260980959435,8.35394757814e-08,1.27187149701e-12,3.84079388975e-05,25,0,0.391845533293,0.0100011889362,0.0100209801968,0.010000783738,0.0292523159903,0.0100001954921,0.146552534079,0.0100095146603,0.178046991913,0.0100003411394,0.0100004958451,0.0100058149697,0.0100025520347,0.0100019962836,0.0100024273843,0.0100452368335,0.032765071557,0.0327755560827,0.0103043503422,0.0100095359181,0.0100003734966,0.0100016058361,0.0100089321096,0.0100448198757,0.0169932928078,0.0844868837044,0.151456140623,0.01000364974,0.0100452368335,0.0100452368335,0.0387065285511,0.019608329953,0.0100452368335,0.0100054183966,0.0100008873909,0.0100013181875,0.0100013215645,0.0100016463705,0.0100013027833,0.0100012135216,0.0190613060245,0.0844392726779,0.0683355646367,0.0335873556708,0.0451846520628,0.018840069192,0.0100385391994,0.0100059369075,0.0100023824414,0.0100020233783,231.647384475,10.1713863897,1.741888082,2.5253209503,31.4589952715,11.6471139293,37.6783500295,1.43845652923,72.2809958547,6.27351655803,4.52778528884,2.69584719107,2.96193594953,1.87556955623,1.91729981402,0,23.4964631679,23.5116648336,2.88258586787,3.79635895474,4.68166593984,2.87967887636,7.43319769896,0.028079609029,4.16166585056,14.7236897241,19.5142916248,0.717821202691,0,0,19.8228330186,5.57794931091,0,0.417758743289,2.40968729091,1.56250706527,2.26623524555,1.64663267538,1.93920087569,1.87666839179,0.318939003834,5.35946626733,3.90781460127,1.21786702688,1.71082069262,0.475738896496,0.597429062395,0.457630803965,1.90484419223,1.10444443441
sobol__0002301,83.90127632,129.14018644,5.92042552,69.46551893,48.37802269,6.87364215,10.07430087,0,solver_failed,The static optimization solver did not converge,1196.987083,,3.08128988991e-08,,,0,0,,,,,,,,,,,,,,,,,,,,,,,,,,,,,,,,,,,,,,,,,,,,,,,,,,,,,,,,,,,,,,,,,,,,,,,,,,,,,,,,,,,,,,,,,,,,,,,,,,,,
sobol__0002309,106.04971382,113.14409269,10.31495677,57.02411268,34.94052269,24.44200152,5.62117587,1,usable,Converged with independently replayed constrained generalized-force equilibrium and small reserve torques,383.44419,1.77416939765,5.33573381034e-07,6.71530918833e-13,6.17922233956e-05,29,0,0.962708622495,0.422358872359,0.0100005113067,0.0100002202327,0.291183522322,0.0100000751641,0.530561389176,0.010000675801,0.0100001845404,0.0100000602777,0.0100000813173,0.0100003485498,0.0100002702716,0.0100003197698,0.0100003429297,0.010003844615,0.0298071411649,0.0291374447173,0.0100600490324,0.0100452379377,0.0100001912745,0.0100005538703,0.0100094626848,0.0100087638891,0.0100015254727,0.0313660760181,0.376909163206,0.010000835221,0.275937393636,0.0100023763276,0.0320710112012,0.0171962052598,0.01001367661,0.0100059665669,0.010002254293,0.0100031425239,0.0100091282864,0.0100078914531,0.0100049423362,0.0100030843303,0.0553314385542,0.196041105506,0.130219910658,0.0536735534193,0.120468982838,0.0356607834611,0.0100104462831,0.0100046592134,0.0100014616134,0.0100016523848,322.875887275,383.825735824,1.87930657566,3.35856972902,313.147405606,12.8989530762,137.261962491,1.3087765469,4.31527856455,6.56875595433,4.92985113761,2.74769310009,3.05781982215,1.88067180559,2.05722884633,0.349583125225,20.104947812,19.2108206705,1.00843828902,0,3.7760837799,1.30986076673,11.6925524693,2.7621735676,3.33820730093,7.03158986455,72.7027273232,4.07550603486,99.8506546961,1.00621011066,17.6963983187,4.51731423454,0.703110666363,1.64449717594,2.58713636297,1.62529882845,2.36832395945,1.72831922153,2.05451076869,1.97352239727,1.71963848957,21.2960170734,11.5877045592,2.57868527903,8.2113958831,1.41695697344,0.522718456569,0.382595881381,1.5884122558,1.02007836522
sobol__0002317,94.79971382,72.51909269,19.68995677,0.14911268,-55.05947731,13.50450152,58.12117587,1,usable,Converged with independently replayed constrained generalized-force equilibrium and small reserve torques,518.571747,0.497076949889,2.00010508089e-06,7.80236803142e-13,1.73814430928e-05,24,0,0.260439214331,0.21384250392,0.0100174497135,0.0342298526335,0.147722493822,0.010021286661,0.0110391563841,0.0100076693999,0.0100040970765,0.0100016426494,0.0100023179121,0.0100059392785,0.0100052572573,0.0100058468711,0.0100078639288,0.343316547815,0.384340050742,0.279822144286,0.0100452375858,0.0739686592914,0.0100037942348,0.0100027851563,0.0100008769437,0.0100029996568,0.0100074086166,0.010009856077,0.0646122362913,0.0100015776236,0.0100042169205,0.0100064806788,0.0100045161625,0.0100120061891,0.0100129801401,0.0100055327188,0.0100072334266,0.0100099965096,0.0100120149989,0.0100136954062,0.0100110220824,0.010009962675,0.0113765528457,0.0419602967977,0.0282636254676,0.0132132433312,0.0224020315314,0.0100451750835,0.0100354189931,0.0100205084781,0.0100084618901,0.0100096279876,272.992271612,216.644077725,1.84732960023,15.9955716895,158.610201798,13.0903035884,2.91982138891,1.43956880006,4.01337969087,5.95185720006,3.61809823239,2.65285673316,2.87452010599,1.82509182759,1.84908258257,175.17596559,168.586924353,89.3626616669,0,26.1370040334,3.48688454409,2.11225337632,11.503003233,2.31332217338,2.2443129236,1.20750548909,12.4460251217,4.04634247819,2.90758731256,0.956104837702,1.73562192516,2.55540058722,0.674160879826,1.61163709446,2.41794228079,1.57210277467,2.24687915454,1.63658432038,1.93268363543,1.88949526627,0.277566356973,3.59323854782,2.00691655909,0.510471593227,1.27342501484,0.174422811785,0.456054361943,0.45219940837,1.92940471981,1.16323805609
sobol__0002325,111.67471382,84.70659269,-59.99754323,109.83661268,79.94052269,-9.46424848,-58.12882413,0,capacity_limited,At least one muscle reached the conservative capacity threshold while nontrivial reserve torque was still required,467.130935,13.2194553962,5.48655199495e-07,4.70749292658e-07,0.019346420789,27,11,,,,,,,,,,,,,,,,,,,,,,,,,,,,,,,,,,,,,,,,,,,,,,,,,,,,,,,,,,,,,,,,,,,,,,,,,,,,,,,,,,,,,,,,,,,,,,,,,,,,
sobol__0002333,77.92471382,125.33159269,80.62745677,85.46161268,-10.05947731,1.47325152,-5.62882413,1,usable,Converged with independently replayed constrained generalized-force equilibrium and small reserve torques,377.058932,0.680133686275,1.51598706921e-08,1.64688289033e-12,4.79789791311e-05,29,0,0.0100174926298,0.0100037895964,0.091465788451,0.010001030828,0.470768796691,0.0100003770669,0.375424751405,0.0100028300026,0.0100004061102,0.0100002080839,0.0100003112303,0.0100014311246,0.0100012232736,0.0100014295481,0.0100032044748,0.0100452379865,0.313397862893,0.306834688626,0.0624424473198,0.0100018580057,0.209346821872,0.0100006010971,0.0100007936155,0.0100014029639,0.0100056672819,0.0877265571493,0.0746120114638,0.0100016328471,0.0100016610273,0.0100043081777,0.170780003379,0.124073040004,0.0100079409443,0.0100042913999,0.0100052943868,0.0100082770625,0.010006854076,0.0100087275594,0.0100080002431,0.0100077627647,0.0155835735249,0.0738078144332,0.0100452379865,0.0318538383466,0.0269434087886,0.020981008613,0.0101360154289,0.0100224516486,0.0100050278013,0.0100086228231,5.21224994003,3.87684368134,16.5912203546,1.93927950304,366.704962467,11.5514676084,86.0659320804,1.3669261216,4.05250586643,6.55485868016,4.80214840988,2.74514063154,3.07215902039,1.8809332253,2.08081442266,0,220.303171923,211.1727425,16.12683043,3.79217127338,100.404041185,2.78714224648,11.0864832547,2.5560087517,3.18521249207,22.1481449522,13.2072067905,3.90907951367,4.25400992192,0.966024896272,94.7146998046,35.3227570633,0.683879021887,1.62795647385,2.58920316169,1.6170191024,2.36900984608,1.73040181171,2.09882092455,1.97372244916,0.422506269611,7.79060703223,0,1.55238483795,1.58468167073,0.925174958693,0.757352617679,0.460961973488,1.81647603702,1.16792010116
sobol__0002341,97.61221382,78.61284269,59.53370677,128.11786268,12.44052269,-6.72987348,-26.25382413,1,usable,Converged with independently replayed constrained generalized-force equilibrium and small reserve torques,495.121296,0.258307157791,1.59977275871e-07,1.04449782157e-12,2.33957060314e-05,21,0,0.227002873116,0.0100003498009,0.0100392593408,0.0100002918224,0.0641425233337,0.0100001419963,0.4022397741,0.0138884374059,0.0100028446621,0.0100013618193,0.010002142828,0.0100065384284,0.010003506876,0.0100031952054,0.146253460163,0.0100452385857,0.0100146465392,0.0100146398506,0.0100289496803,0.0100452385857,0.0100009591289,0.0692479697095,0.0247328939178,0.0100452385857,0.010045447014,0.0515993361027,0.0528753938503,0.0100029290755,0.010007385547,0.0100082906698,0.010406460821,0.0100475421732,0.0100206721179,0.0100095063247,0.0100053988047,0.0100080915329,0.0100080820395,0.0100096372019,0.0100075884598,0.0100075826782,0.0123974121638,0.0478193275558,0.0377180447761,0.0179310825608,0.0226527639787,0.0139426921644,0.0102142419853,0.0100244641617,0.0100080815411,0.0100105874971,192.630263347,9.9943574196,1.9119234888,4.98208053634,60.6172602448,12.5101462918,108.096560164,1.99689107805,3.67959390396,5.88945895728,3.505736379,2.64336101664,2.88099661302,1.82098184045,27.1205133302,0,7.17940488001,7.18424356282,2.75901959461,0,1.89136730731,19.2455079316,17.4677656107,0,0.00402243765564,13.0129457806,8.5364615155,3.74824978276,4.01240675326,0.931307154084,4.2479925111,2.77784335999,0.539096567136,1.58812663205,2.57688951432,1.56917603761,2.32502539923,1.7219439682,2.12284176031,1.96453247688,0.416873904479,5.22181542181,3.56055136952,0.858911214859,1.42646301452,0.659441211321,0.82296485068,0.461109514317,1.42419589917,1.16751526644
sobol__0002349,86.36221382,102.98784269,-24.84129323,71.24286268,-77.55947731,-0.16737348,-33.75382413,1,usable,Converged with independently replayed constrained generalized-force equilibrium and small reserve torques,393.92291,0.466742111585,1.74534591224e-08,8.45545855555e-13,5.50034366554e-05,26,0,0.310297928966,0.387338776125,0.0100083898372,0.010001571354,0.295821278778,0.0100004331156,0.177209177169,0.0100020771039,0.0100007746759,0.010000264995,0.010000336949,0.0100010594047,0.0100008329823,0.0100011734043,0.0100012377317,0.0100265811022,0.0206464165466,0.0202058086552,0.01007109863,0.308853553305,0.0100107997836,0.0100012807452,0.0100103355483,0.0100008202738,0.010045237634,0.0100129180961,0.0140784036771,0.0100011352932,0.0100040748749,0.010004353933,0.0100012186283,0.0100048347458,0.0100069931642,0.0100033463736,0.01000409171,0.0100066746413,0.0100077812385,0.010008409598,0.0100058899416,0.0100068341176,0.0101616678255,0.0267112156781,0.011985745621,0.0100572722071,0.0175305307911,0.0101327808402,0.0100778053024,0.0100216583534,0.0100145874405,0.0100113640135,274.141779375,372.676606292,1.77753350789,4.26856265217,307.713780841,12.3312718222,44.0095218621,1.32513171289,4.35187123058,6.57036965808,4.81703635989,2.74225555936,3.02301357752,1.88059582457,2.03851098483,0.0466737750137,14.2281780723,13.6255156077,2.16051821127,103.063185604,5.18870773167,2.84658290156,11.4242136575,2.75924331924,0,2.44425906611,2.63504230744,3.79406883697,4.79947882791,0.807091315805,3.85981124182,2.32928833232,0.752711033792,1.71091085409,2.251944612,1.32550887832,2.13514003913,1.61196215377,2.12499646848,1.76993723693,0.350735581851,2.91504939896,1.1311573083,0.480991972322,1.23238184167,0.479256838173,0.876722182099,0.460536084044,1.28605977171,1.15503235537
sobol__0002357,114.48721382,115.17534269,45.47120677,42.80536268,57.44052269,22.80137652,37.49617587,0,solver_failed,The static optimization calculation failed,19.126996,,1.28333351057e-07,,,0,0,,,,,,,,,,,,,,,,,,,,,,,,,,,,,,,,,,,,,,,,,,,,,,,,,,,,,,,,,,,,,,,,,,,,,,,,,,,,,,,,,,,,,,,,,,,,,,,,,,,,
sobol__0002365,80.73721382,90.80034269,-20.15379323,18.43036268,-32.55947731,16.23887652,29.99617587,1,usable,Converged with independently replayed constrained generalized-force equilibrium and small reserve torques,573.999192,0.320495393355,1.78956582886e-08,1.22832072e-12,9.65614023106e-06,22,0,0.278385758251,0.303171123318,0.0100157719981,0.0100051520232,0.318503986416,0.0100010503177,0.0891435357844,0.0100036963766,0.0100015730478,0.0100006292117,0.0100007615431,0.0100025443358,0.0100020249481,0.0100022682834,0.010002705461,0.0100015482368,0.0100026075262,0.0100031426867,0.0100452378643,0.01002142958,0.0797953524376,0.0100045770341,0.155782491568,0.0485746178077,0.0221598668899,0.0313876376611,0.0294072802982,0.0100061558046,0.0100238373588,0.0100121299618,0.0451385690125,0.0100992177626,0.0100237533122,0.0100143429327,0.0100057377399,0.0100081858378,0.0100085770423,0.010010196211,0.0100083768308,0.0100078219857,0.0100834367081,0.0195487212483,0.0142130579177,0.0101298767299,0.0109303048796,0.0101009897382,0.0100457565923,0.0100222685281,0.0100073852181,0.0100095894103,296.10507973,296.481263917,1.88385910011,4.83126471767,330.458611804,12.8808508439,22.3003853792,1.41076351404,4.29721938633,6.44729476485,4.64370595209,2.72235491871,2.9850283209,1.87615954136,1.99009867399,3.01317797078,5.93136241518,4.86322826888,0,3.71718844904,30.7998837535,1.426214367,183.20178244,11.9771482871,5.77961124883,5.68440696444,5.67261037632,4.08141923379,4.08246693295,0.9970332148,14.2314520675,2.82673371108,0.712832075386,1.66319557668,2.54123678944,1.62589695837,2.33669883949,1.70286581749,2.01767402388,1.96850196948,0.278892365493,1.96995691301,1.16335475856,0.453265191118,0.695982851883,0.290303210399,0.526541491763,0.433953403066,2.00985058484,1.16677110149
sobol__0002373,104.64346382,93.84721769,39.61183177,84.44598768,-68.80947731,8.85606402,-44.06632413,1,usable,Converged with independently replayed constrained generalized-force equilibrium and small reserve torques,378.928758,0.392210824047,5.29157233586e-08,2.91322521662e-13,1.49877061765e-05,22,0,0.565574845858,0.0478596849877,0.010003322763,0.0100005879096,0.131406876521,0.0100002609226,0.178876746398,0.0100029665439,0.0100010421496,0.0100004056692,0.0100005269761,0.0100020679647,0.0100013326693,0.0100014379009,0.0100026179826,0.0100287395761,0.038667949247,0.0378573976571,0.0101810447375,0.0702925330848,0.0100007064447,0.0100012216636,0.010005794459,0.0100024227075,0.0100452380099,0.0581494611585,0.0100023113505,0.0194509863975,0.0100012697576,0.0100331861872,0.0100033929437,0.0100145627145,0.0100113112192,0.0100067503674,0.0100323386454,0.0101468416616,0.0100076959696,0.0100120360811,0.0100159688638,0.0139353008174,0.0100161016674,0.0100072827634,0.0100145587995,0.0100576173841,0.0100091842844,0.0100275586505,0.011842659832,0.0276239254604,0.0236791265759,0.0622701749548,262.964147752,46.3943653865,1.73230326862,4.65038053145,138.782261738,13.0506186262,48.1266732253,1.43673481587,4.06819592402,6.28323876351,4.55260629546,2.69848526509,2.97934950319,1.87422441741,1.93575512172,0.496150787364,27.1437604878,26.0169191963,2.61856577726,24.1132045104,4.88850930123,3.16219023175,11.1167574253,2.66560007808,0,14.0892807935,1.92942765471,7.43013409694,4.67030833273,0.822035597664,4.84148053949,2.40818889361,0.753742046461,1.71313132651,2.13156449361,1.25712796216,2.10995941316,1.58230258956,2.12582383283,2.31720414987,0.388329575645,1.06296121127,0.933954836768,0.47382933734,0.724512813885,0.470875330637,1.03679552975,1.22567205089,2.47469351892,6.5546177474
sobol__0002381,93.39346382,118.22221769,-7.26316823,108.82098768,1.19052269,19.79356402,-21.56632413,1,usable,Converged with independently replayed constrained generalized-force equilibrium and small reserve torques,335.993411,1.68661935898,5.11336750719e-08,2.63611354967e-12,0.000234929318671,18,1,0.57485198447,0.476195363548,0.0100020558598,0.0100000731833,0.31458884837,0.0100000238378,0.999999495728,0.0100002426956,0.0100000538617,0.0100000163662,0.010000023874,0.0100000907749,0.0100000765217,0.0100000928804,0.0100001130886,0.0100452379632,0.110949694302,0.109919781227,0.0256895353983,0.0113744356921,0.0100000621757,0.0100000741596,0.0100021865387,0.0100043267263,0.010003632473,0.0100203856841,0.0269712654361,0.0100099138405,0.012060002866,0.0100228132673,0.0100052796926,0.0100280346399,0.0100377663544,0.0100330555407,0.0101614186998,0.0100596333997,0.0148229009662,0.0104180612978,0.0102522264806,0.0100580227593,0.0100495881685,0.0100457583543,0.0100360041154,0.0100339416042,0.0100847332345,0.0100395784474,0.0100271121966,0.0100276735056,0.0100268081725,0.0100179307548,343.613260794,394.170025819,1.67262599879,4.04009898849,335.340226665,12.9907647425,254.874151075,1.2595411962,4.39761154743,6.47168198754,4.97115631749,2.75953857676,3.07750338706,1.88073026525,2.07987543394,0,79.584106313,78.1134654099,7.19660962781,4.06718610103,4.79630928225,3.16002188892,10.3272596867,1.33042889893,2.9371452754,2.52951941903,5.19991140231,3.93901298587,2.48776182126,0.975759147411,5.1527174177,2.83713942502,0.574084885942,1.5985659346,2.61464954011,1.53997766063,3.50636201318,1.80037791638,2.17088841827,1.95128645187,0.37225201035,1.0933917667,0.947386909128,0.489444179599,0.725598348229,0.474653929117,0.712945528056,0.402665258315,1.28855265029,1.00058886634
sobol__0002389,110.26846382,97.90971769,63.04933177,7.25848768,-23.80947731,5.57481402,19.68367587,0,reserve_too_high,The posture requires more reserve torque than the quality limit permits,344.953574,1873.08977167,4.51309167815e-08,2.03187302866e-06,0.5,31,1,,,,,,,,,,,,,,,,,,,,,,,,,,,,,,,,,,,,,,,,,,,,,,,,,,,,,,,,,,,,,,,,,,,,,,,,,,,,,,,,,,,,,,,,,,,,,,,,,,,,
sobol__0002397,76.51846382,73.53471769,-40.07566823,64.13348768,46.19052269,-5.36268598,42.18367587,1,usable,Converged with independently replayed constrained generalized-force equilibrium and small reserve torques,541.721972,0.165060260224,5.69355735891e-08,6.53699316899e-13,2.985936983e-05,25,0,0.181444684967,0.266945307634,0.0100221600315,0.0251682575659,0.137746372617,0.0100047776494,0.024691641092,0.0100063194877,0.0100034445917,0.0100013065415,0.0100014811876,0.0100044324574,0.0100039544048,0.0100042837133,0.0100049913947,0.0100065143747,0.0100140245837,0.0100142391148,0.0100349197642,0.0100452377768,0.0548719053925,0.0100044559499,0.0326588253175,0.0159122667621,0.0471789505142,0.0798630824072,0.116183315477,0.0100009784925,0.0100024048519,0.0100035682393,0.0366221967886,0.010503303732,0.0100074087245,0.010002123713,0.0100011653821,0.010001734447,0.0100017063114,0.0100021331489,0.0100017076117,0.0100016087057,0.01351308239,0.0654431311698,0.0539178833143,0.0268729398486,0.0359035245443,0.0168594549641,0.0100637784822,0.0100082714511,0.0100033902174,0.0100029545645,208.563198901,271.642840352,1.99986456409,12.4469509894,137.82079109,11.5093558207,5.8350524691,1.43702919021,4.32330650658,6.290470194,4.45222918946,2.69654313245,2.93028237405,1.84644271365,1.93940284558,1.47818974511,6.82962556396,6.68085277554,1.59954184229,0,22.8002148063,2.02277289096,37.7432238871,4.3694343429,15.9129357688,15.2117741046,15.5383855005,3.60890353653,2.95139647573,0.66464717909,19.6603574465,2.67949840177,0.386518676725,1.50218799559,2.39629659613,1.55132851825,2.2653127994,1.64534649702,1.93050921415,1.86377808807,0.20556298642,4.11669330948,3.11952619553,0.970104372251,1.42876303687,0.458064023715,0.560770836579,0.45709297376,1.93345045098,1.1106935278
sobol__0002405,101.83096382,128.37846769,-42.41941823,21.47723768,-46.30947731,3.93418902,51.55867587,0,solver_failed,The static optimization solver did not converge,1214.124981,,5.61002480026e-08,,,0,0,,,,,,,,,,,,,,,,,,,,,,,,,,,,,,,,,,,,,,,,,,,,,,,,,,,,,,,,,,,,,,,,,,,,,,,,,,,,,,,,,,,,,,,,,,,,,,,,,,,,
sobol__0002413,90.58096382,87.75346769,79.45558177,45.85223768,23.69052269,-2.62831098,14.05867587,1,usable,Converged with independently replayed constrained generalized-force equilibrium and small reserve torques,430.089282,0.287926324804,3.02265603658e-08,1.17950094136e-12,2.50405628665e-05,7,0,0.365161362202,0.0100032297449,0.0101612567492,0.0100025303879,0.172660317675,0.0100015379184,0.276966812611,0.0100637850009,0.0100114696883,0.0100049243568,0.010007167965,0.0100263871283,0.0100186705903,0.0100191329852,0.0967739440118,0.0477372990021,0.0101999537231,0.0102011377248,0.0102573129352,0.0102577564756,0.010005057913,0.037249190274,0.0103629262302,0.0103878681194,0.0334369125273,0.0853990076824,0.112393711931,0.0100077147782,0.0100155457777,0.0100220099229,0.010142527268,0.0101876905239,0.0100451872223,0.0100211257887,0.0100120854295,0.0100180470036,0.0100183817365,0.0100228295389,0.0100183699699,0.0100169898376,0.0153614502128,0.0717707454909,0.0526033558422,0.0258993299739,0.0348346707616,0.0192184239999,0.0110375203459,0.0100755623842,0.0100225133308,0.0100282168374,260.139002031,9.65404444428,1.97277210646,4.61145464307,178.724868038,11.9521834705,71.1926841416,1.44765195671,3.59199063897,5.95434468726,3.82813368056,2.66024075272,2.91166784016,1.83548052349,18.4869645331,7.59496561736,6.75047545458,6.57478240761,0.074333130079,0,5.25294783403,8.39171683474,12.1965098127,2.86506625136,11.2706278253,20.3208182407,19.0837440451,3.98352832467,4.47102845419,0.975547227989,5.65118425279,2.74640639094,0.714294317026,1.65429018658,2.55487302727,1.62747593213,2.36944068087,1.7261680537,2.03639367262,1.96896103143,0.353620994119,6.68541674146,4.19992039272,1.21022592447,1.89032923732,0.711587303009,0.729469067115,0.463427192563,2.01428019637,1.16475275248
sobol__0002421,118.70596382,67.44096769,-0.23191823,66.16473768,-1.30947731,11.59043902,-12.19132413,1,usable,Converged with independently replayed constrained generalized-force equilibrium and small reserve torques,415.233277,0.117229323587,6.21013196422e-08,4.54747350886e-13,1.0717045319e-05,11,0,0.225136002512,0.010001871103,0.0100373865638,0.0100025534927,0.0228240231839,0.0100005920644,0.0594763867234,0.0100460495528,0.22021729369,0.0100009622449,0.0100020577386,0.0100138643542,0.0100067222495,0.0100047622171,0.010007747187,0.0524052251706,0.0100095602817,0.0100097269112,0.0100292616141,0.0130861054302,0.010001952648,0.0100258255331,0.0566870370815,0.0426497515969,0.0378408361993,0.0102003738653,0.0100156750091,0.0236521398853,0.0100171065703,0.0101124202911,0.0100430159741,0.0100265116296,0.0100504395677,0.010055899386,0.0100415051484,0.0100464106277,0.0100304191743,0.0100354687658,0.0100373862169,0.0100487148933,0.010037907192,0.0100281549346,0.0100336009906,0.0100422240253,0.0100316823023,0.0100440206057,0.0100630904208,0.010073230485,0.010162899837,0.010848320333,248.226435841,10.6869044224,1.91622713025,2.59552021512,24.5347098511,10.4146012666,14.7071824886,1.44279717049,86.5067542439,5.78930627082,3.03321060369,2.65417939013,2.87375124818,1.8238899403,1.75963475995,15.8003726294,6.84736740761,6.69897660396,1.7629268939,4.78822526372,3.99562095864,3.17185710617,65.2874839323,11.604242077,12.7403247989,2.57506730636,1.93198449512,9.64572438962,4.38665861616,1.02131603998,5.5957611354,2.84695882534,0.721928807894,1.68251613846,2.59763465467,1.60379028056,2.37455708218,1.73497917536,2.11185095884,1.97793684245,0.318421800404,1.09493170294,0.940794537991,0.490045910395,0.68479311608,0.462395937919,0.715654817299,0.448082801636,1.60034532767,1.22657466292
sobol__0002429,84.95596382,108.06596769,27.89308177,123.03973768,68.69052269,18.15293902,-49.69132413,1,usable,Converged with independently replayed constrained generalized-force equilibrium and small reserve torques,399.28245,0.263894157223,4.68158560807e-08,8.52651282912e-13,1.86890779294e-05,17,0,0.335747493917,0.0616629475999,0.0100070248779,0.0100008530759,0.310512476752,0.0100004051271,0.181915279377,0.0100035265992,0.0100009383468,0.010000444964,0.0100006162492,0.0100018426316,0.0100015279117,0.0100018000964,0.0100031657378,0.010045237753,0.065182289472,0.0651748520884,0.0171900924138,0.010045237753,0.0100008414391,0.0100009139289,0.01000454854,0.0100069368571,0.010045237753,0.010010918202,0.0100050879998,0.0100126789629,0.0100044562451,0.0100241419813,0.0397027834106,0.0415592947212,0.0100169573771,0.0100111488632,0.020089991696,0.0172580233756,0.0100373631529,0.0100514912561,0.0106162627718,0.0223209756474,0.0100264389288,0.0100143630589,0.0100180128579,0.0100372017639,0.0100131434073,0.0100231807542,0.0100307424668,0.0102179396626,0.0197212623278,0.0232672356736,209.660747069,42.4305159968,1.73647069926,4.97091663671,333.901920931,12.7682753355,48.6510832921,1.37581860531,4.2120076091,6.55725732614,4.78133869159,2.70663000282,3.03976265393,1.88058965353,2.0456637774,0,46.7570244423,46.7463494736,4.86149235791,0,4.19997205115,3.16828744094,8.10846390029,0.440262963311,0,2.52258252616,1.92707170453,4.07480809044,3.87069670774,1.01242426178,6.39347636318,8.78369622422,0.681933815238,1.64126746578,4.81233479369,2.41888623208,2.31675893943,1.71053279088,2.25475422027,4.0928763222,0.39503238539,1.0194502071,0.916277746881,0.466001329397,0.724897717882,0.464632093515,0.792536829746,0.410442364647,1.68478224607,2.17234871021
sobol__0002437,108.15908882,70.99565519,-30.11473073,33.15692518,-29.43447731,1.88340777,-19.22257413,1,usable,Converged with independently replayed constrained generalized-force equilibrium and small reserve torques,459.908956,0.0843669022246,1.31299398021e-08,1.4921397451e-13,2.68780786381e-06,9,0,0.230781311929,0.0539690696841,0.0100145472903,0.0100627711232,0.0855830671538,0.0100038796782,0.0110841149785,0.0100111870101,0.0100356696022,0.0100031846737,0.0100037800758,0.0100086575374,0.0100071816589,0.0100078368954,0.0100131138635,0.0100036301764,0.0100039873566,0.0100042035878,0.0100452376932,0.0100428173368,0.0363160234447,0.0106544976941,0.0990464015771,0.0554723925219,0.0285668517878,0.0103571704248,0.0100242474396,0.024293177519,0.0209465652126,0.0100864543934,0.0272176808167,0.0100465666607,0.0100783776452,0.0105270616054,0.010038981152,0.0100416280425,0.0100391837152,0.0100408365545,0.0100403791934,0.0100414512579,0.0100407494739,0.010031685508,0.0100356680902,0.010040547069,0.0100359514704,0.010047114353,0.0100470137013,0.0100456222362,0.010040904492,0.0100447399682,254.325411173,57.6748003575,1.9052337277,3.58137950724,86.9998689271,8.73257390786,2.47402944676,1.44017475163,4.12354260419,5.98545988952,3.63499741071,2.68902732534,2.92293868207,1.84639188517,1.83499241117,3.78747980526,6.44648369115,6.08387011093,0,3.7528365085,10.146117667,2.69166256138,116.614261414,14.6828645558,9.63487871794,2.61466157416,1.93362026313,9.08876609355,10.0491293459,0.856987763265,10.4663637713,2.83542603818,0.755659124878,1.80073724911,2.56684431018,1.52572050443,2.35119727475,1.72909761886,2.13124179941,1.94798253596,0.341826054184,1.0948499331,0.947359308792,0.487339673624,0.715693383436,0.473777413733,0.816076439695,0.461744303691,1.56342099504,1.16973987082
sobol__0002445,96.90908882,111.62065519,54.26026927,25.03192518,40.56552269,-9.05409223,-41.72257413,1,usable,Converged with independently replayed constrained generalized-force equilibrium and small reserve torques,397.731309,2.68975675871,3.05798296907e-07,1.28425943921e-12,6.76674523484e-05,27,1,0.999997441701,0.340608977775,0.0100008399204,0.0100001385549,0.118067096492,0.0100000784881,0.689859386222,0.0100007478684,0.0100001605995,0.0100000692317,0.0100000986774,0.0100004796289,0.010000317524,0.0100003633694,0.0100005752228,0.0100009289285,0.0755614989066,0.0660671547644,0.0100452381104,0.0100452381104,0.0100002140211,0.0100009808751,0.0100056338513,0.0100079786848,0.0100452381104,0.850775501014,0.0100004929152,0.487641884601,0.0100002540926,0.0100141050062,0.0858307523822,0.0414897852881,0.0100047094256,0.0100025623573,0.1231340332,0.149397203476,0.0100018724701,0.0100047181632,0.0484188376446,0.220237524025,0.0100056317176,0.0100015834644,0.0258053920504,0.0490212002137,0.0100036152112,0.0788192532404,0.0100031916223,0.0420264856479,0.0100027279467,0.0248278276324,325.211749617,251.373695604,1.76071930577,4.96200279029,126.962766919,12.523853047,185.82613872,1.38518468149,4.15609798863,6.55692796296,4.78510144778,2.72790762184,3.04548084673,1.88045091381,2.0345064181,1.9524291005,47.3011185053,36.1600033642,0,0,4.3201020595,0.887489457651,11.7784277844,2.53332150113,0,207.109719332,1.90608949542,163.981658692,3.79333109265,0.656544898266,47.7820967412,10.750721213,0.605994541704,1.59881273022,31.0957544024,22.7323514353,2.21916925074,1.68580324049,10.2825779784,42.8830006775,0.375501258639,1.07188278509,2.38149278475,2.25410009979,0.723239995097,3.71767149459,0.792853094704,1.93303224742,1.10332433196,2.86764626583
sobol__0002453,113.78408882,123.80815519,-16.05223073,118.46942518,-64.43447731,13.91465777,44.52742587,0,solver_failed,The static optimization solver did not converge,1204.064079,,5.11676461201e-08,,,0,0,,,,,,,,,,,,,,,,,,,,,,,,,,,,,,,,,,,,,,,,,,,,,,,,,,,,,,,,,,,,,,,,,,,,,,,,,,,,,,,,,,,,,,,,,,,,,,,,,,,,
sobol__0002461,80.03408882,83.18315519,49.57276927,77.84442518,5.56552269,24.85215777,22.02742587,1,usable,Converged with independently replayed constrained generalized-force equilibrium and small reserve torques,483.485257,2.81195599535,2.01117188325e-06,1.18660636872e-12,0.000306826862407,25,1,0.201342645207,0.0100049422053,0.0100450989829,0.0100014696144,0.312410079916,0.0100005722552,0.149056983212,0.0100073749168,0.0100024173242,0.0100013128782,0.0100018213256,0.0100043315828,0.0100036122711,0.0100043796674,0.0100364419841,0.0170703030832,0.0799921774058,0.078292143178,0.0154976085656,0.0100452377815,0.0362322807684,0.0628737678136,0.0100030721683,0.0100029496985,0.0100001426986,0.0100005394099,0.999999131914,0.0100002952716,0.833184941174,0.0100009023522,0.0100013855603,0.0100039502312,0.0961458416171,0.219399551732,0.0100011297714,0.010001195449,0.409466247667,0.190697837375,0.0530252420267,0.0100011236525,0.203715885089,0.556357355545,0.342559089225,0.0744254702887,0.444705558423,0.0100122357949,0.0100011317146,0.0100006439948,0.0100001814209,0.0100002114437,196.384569194,9.34740323289,1.90666081821,4.76527030883,330.802529078,12.2460075135,40.1429679108,1.43960411429,3.95675604308,6.01674277718,4.06281493624,2.66176155824,2.9038116205,1.83060782652,1.93658867956,1.33249995702,55.6393550537,53.299333701,3.8341115194,0,18.2737176814,19.8156158834,11.2695361303,2.61883350558,3.37299166962,2.03446730236,192.504530134,3.83024712192,64.8070383626,0.921998407248,5.51354150109,2.80666810983,4.43704896382,34.0658323561,2.55868815209,1.62510314542,95.9778165725,32.5929615979,10.7408833689,1.97212006832,5.41894957501,52.9702269153,26.5293858596,3.1824792641,26.4740589106,0.325574671863,0.475065944006,0.382120661453,1.81667820093,1.07408860461
sobol__0002469,99.72158882,105.52690519,19.10401927,104.25067518,-6.93447731,15.55528277,12.65242587,1,usable,Converged with independently replayed constrained generalized-force equilibrium and small reserve torques,430.261161,0.470768161967,3.2800764771e-08,6.89226453687e-13,1.91264844842e-05,26,0,0.553072217997,0.172582008373,0.0100020720042,0.0100005566746,0.230362515521,0.0100002369864,0.218470451574,0.0100019121275,0.0100006723781,0.0100002366647,0.010000314403,0.0100012714559,0.0100008975036,0.010001000694,0.0100013317257,0.0100452378512,0.0975224855138,0.0961033455947,0.0216631748781,0.0100076078636,0.0100004447154,0.010000607599,0.0100024392651,0.0100047217674,0.0100125197613,0.0554534005906,0.061809386754,0.0100025353151,0.0100285309604,0.0100069563958,0.0152900110921,0.0266103597462,0.0100227177237,0.0100063951677,0.0100045811514,0.0100068657095,0.0100065819154,0.0100080943438,0.0100068129531,0.0100066538025,0.0105131166741,0.0439967833737,0.0321424795528,0.0171956789955,0.0197426254323,0.0131134707683,0.0100906400178,0.0100239799724,0.0100072187873,0.010010095746,238.027116034,155.103516662,1.76844995461,4.30564771539,247.748556272,13.0634873517,57.396940868,1.36507671682,4.22979526586,6.55984230833,4.77562833901,2.73320745118,3.00120113406,1.88059625365,2.01232311262,0,69.9122481799,67.8922254497,5.97639136344,3.77303556209,4.80814815518,3.16806483756,10.5521816498,1.80953860915,3.13080714652,12.1209551646,11.6513971279,3.68477246312,0.187073077194,0.826682326429,8.07552791419,7.57479284804,0.23045999447,1.50159153743,2.58478138068,1.62603293188,2.3671927689,1.72725781284,2.05206712474,1.97419655109,0.28097425436,4.29629877413,2.556625063,0.777192485191,1.13798185762,0.473350810652,0.584508028332,0.433986252141,1.88827839961,1.15376717289
sobol__0002477,88.47158882,81.15190519,9.72901927,96.12567518,63.06552269,22.11778277,50.15242587,1,usable,Converged with independently replayed constrained generalized-force equilibrium and small reserve torques,395.728303,0.171040096226,8.85547990492e-08,1.06751719189e-12,9.48296422118e-05,25,0,0.198482072899,0.122360823209,0.0100193657437,0.0100107913939,0.184691787103,0.0100022345862,0.0387385608704,0.0100079201007,0.010003693083,0.0100015513447,0.0100019377662,0.0100056119872,0.0100047143169,0.0100053773265,0.0100076620701,0.0100299021925,0.0410682983681,0.0402560881816,0.0102702060896,0.0100452378428,0.0100020280637,0.01000197578,0.0100053890852,0.010003034233,0.0100004975648,0.0100021312656,0.22286582283,0.0100010759996,0.0100452378428,0.0100045338662,0.05922108394,0.026715235994,0.0100452378428,0.010017744406,0.0100017352483,0.0100022088022,0.0111840312297,0.0100137755213,0.0100055791264,0.0100019945058,0.0407254404629,0.0858697194446,0.0709550294016,0.0101977995203,0.0776488983179,0.0100155249062,0.0100047481674,0.0100017572049,0.0100005007859,0.0100005740596,196.554952465,121.436842942,1.81245097101,4.86820067068,198.626754711,13.0660072824,10.1280553213,1.43957861051,4.12254752328,6.15652901225,4.38045214352,2.68227457347,2.92322016545,1.8463199395,1.91364295159,0.477904657657,29.2718301106,28.124978995,2.75558979135,0,5.25122890486,3.11292096238,10.8154219624,2.46344718962,3.34536099295,1.34322827476,34.9273569565,2.83020531093,0,0.339744924384,26.9797838838,6.0453323944,0,0.949083522404,2.40682331137,1.56239086562,2.50457058089,1.63454574842,1.92208253045,1.88125780608,0.792000119371,5.61876447346,4.0185149284,0.325227144763,3.26667248021,0.195976641531,0.329270933416,0.400976879341,2.00960247705,1.16609100473
sobol__0002485,116.59658882,93.33940519,89.41651927,51.43817518,-41.93447731,-0.85096723,-51.09757413,0,solver_failed,The static optimization solver did not converge,1396.48023,,2.21179085047e-08,,,0,0,,,,,,,,,,,,,,,,,,,,,,,,,,,,,,,,,,,,,,,,,,,,,,,,,,,,,,,,,,,,,,,,,,,,,,,,,,,,,,,,,,,,,,,,,,,,,,,,,,,,
sobol__0002493,82.84658882,117.71440519,-51.20848073,10.81317518,28.06552269,-7.41346723,-13.59757413,0,solver_failed,The static optimization solver did not converge,1818.907028,,9.95624747091e-08,,,0,0,,,,,,,,,,,,,,,,,,,,,,,,,,,,,,,,,,,,,,,,,,,,,,,,,,,,,,,,,,,,,,,,,,,,,,,,,,,,,,,,,,,,,,,,,,,,,,,,,,,,
sobol__0002501,103.94033882,120.76128019,71.83839427,76.82880018,74.31552269,-4.95252973,58.58992587,0,solver_failed,The static optimization solver did not converge,1793.332802,,5.22437000328e-08,,,0,0,,,,,,,,,,,,,,,,,,,,,,,,,,,,,,,,,,,,,,,,,,,,,,,,,,,,,,,,,,,,,,,,,,,,,,,,,,,,,,,,,,,,,,,,,,,,,,,,,,,,
sobol__0002509,92.69033882,96.38628019,-50.03660573,117.45380018,-15.68447731,5.98497027,6.08992587,1,usable,Converged with independently replayed constrained generalized-force equilibrium and small reserve torques,360.218818,0.363871572057,2.95012370088e-08,2.49764307606e-12,3.76280344227e-05,18,0,0.298220250316,0.300825710649,0.0100053574,0.236600017063,0.33233025787,0.0100004805181,0.0725652118528,0.0100020606733,0.0100006940605,0.0100002745749,0.0100003517133,0.0100008198127,0.0100008926724,0.0100012966511,0.0100013819018,0.0100452377786,0.0437318418896,0.0436706406116,0.0112744746049,0.0100098582449,0.0100013944463,0.0100009390583,0.0100057261944,0.0100225651867,0.0100050867435,0.0100103915969,0.0568239666472,0.0100094154702,0.0164705748562,0.0100276961973,0.028413748018,0.0190752766635,0.0100510329368,0.010173773309,0.0100462324989,0.0100334456707,0.0176923465029,0.0104560043212,0.0101130550465,0.0100280695641,0.0100838157186,0.0132263077945,0.0100883742604,0.0100406079922,0.0106576301356,0.0100393218265,0.0100207479186,0.0100169156756,0.0100097856681,0.0100082507604,277.985852631,305.224383824,1.73468031692,96.1190463013,336.070929702,9.3676745726,16.9293365753,1.31705691513,4.35275539621,6.56120428688,4.74362443423,2.66171082932,3.01582423583,1.88053714314,2.00040513385,0,31.3726350233,31.2848530333,3.192927023,3.79974201056,4.79177411577,3.07542815138,9.22062338894,0.702622739825,2.60685387346,2.35546616604,9.93631049129,3.61550361464,1.08866798963,0.754833816552,14.7278935954,5.43057544219,0.202893223235,1.52642920669,2.59962589405,1.62972217995,4.18927793803,1.80763454487,2.0949228757,1.97845584459,0.269280779537,1.32717816118,0.834625275744,0.479388167979,0.597394360524,0.394201275483,0.679571400116,0.46011859398,1.9557779607,1.16786360245
sobol__0002517,109.56533882,76.07378019,29.65089427,32.14130018,39.31552269,20.20372027,-5.16007413,1,usable,Converged with independently replayed constrained generalized-force equilibrium and small reserve torques,440.943455,0.193484311085,5.6254190639e-08,2.62900812231e-13,1.63581567382e-05,13,0,0.331299031739,0.0100009211224,0.0100159531821,0.0100008113869,0.0355086857448,0.01000026124,0.160070413826,0.0100258663275,0.0675072374772,0.0100017451509,0.0100020608176,0.0100071114082,0.0100038377035,0.0100032136064,0.0100129200182,0.0573544276286,0.0100025129844,0.010002672044,0.0100452377901,0.0100452377901,0.0100015060484,0.0100411030967,0.161834773327,0.103720739267,0.061123829083,0.0477316640696,0.0339357905608,0.0100093021587,0.0100344813397,0.0100148884742,0.019916765596,0.0100175788407,0.0100389341432,0.0100289414955,0.010008205328,0.0100113512551,0.010012291028,0.0100145144279,0.0100117372051,0.0100108748547,0.0100966460408,0.0208411432577,0.0165378361173,0.0101643867899,0.0121981000779,0.0104852841241,0.0100743614707,0.0100291758791,0.0100120408022,0.0100155030972,297.840961064,10.2186293336,1.91149928833,3.8555555068,37.1472069173,13.0623290437,42.4892583411,1.44207845613,26.4579233117,5.95279273354,3.75470394517,2.65275095393,2.90194033553,1.8345348952,1.83567143953,21.4233104321,6.42812611594,6.02458291079,0,0,2.68250354764,1.92816394316,190.539320375,27.3613021455,18.5367217997,11.2123368612,6.49606865835,4.01943105165,4.47752471652,0.994860960793,11.0969018886,2.60390037504,0.75133318765,1.71385567048,2.59000438898,1.62425367012,2.37075052411,1.73135177053,2.076772288,1.97498162677,0.349946819076,2.27579335396,1.55790060697,0.496007672541,0.879729715518,0.459852415331,0.595309307316,0.404453187461,1.52674882306,1.04520943672
sobol__0002525,75.81533882,100.44878019,1.52589427,40.26630018,-50.68447731,9.26622027,-57.66007413,1,usable,Converged with independently replayed constrained generalized-force equilibrium and small reserve torques,465.98101,0.317864634371,2.48582878726e-08,1.14397380457e-12,1.36474046012e-05,19,0,0.278197548488,0.282149109315,0.010029606927,0.0100038246021,0.353867492267,0.0100011460823,0.0925461083622,0.0100039477596,0.0100014737789,0.0100005520222,0.0100007192114,0.0100022174421,0.0100019901612,0.0100022466152,0.0100026368756,0.0100037414197,0.0100092602041,0.0100095021062,0.0100452377893,0.0100122388539,0.0477926015625,0.0100027536256,0.0385697215794,0.0407134161251,0.0100452377893,0.0678778314362,0.0100023372526,0.0818630862482,0.010001418477,0.010728033675,0.0381399240748,0.0112359493935,0.010020575949,0.0100149638752,0.0160331785942,0.0190616394985,0.0100080139524,0.0100135091114,0.0100244720836,0.024719308059,0.0100144117992,0.0100066647232,0.0100137002587,0.0101075608014,0.0100083050291,0.0100264439851,0.0100615859005,0.027642201313,0.0144742679371,0.0567922369804,276.706091113,221.738886642,1.89326772121,4.9919927142,374.129754882,13.0538385731,24.0746808325,1.4017358664,4.27465049939,6.5389165294,4.74489454894,2.6806620758,2.99963446342,1.87914563137,2.04190692994,1.84082858969,6.55408349549,6.34476577439,0,3.56957865473,25.093547459,1.8634746679,45.4091227016,10.9782872474,0,16.1218621185,1.90192421668,19.8509006163,4.61281535492,0.425252990807,12.788501175,2.92730886261,0.583348217012,1.50520577145,3.22151158484,2.23521555603,2.02937068687,1.52684711549,2.12194521393,3.90971768999,0.394545344667,1.00297366387,0.889954659454,0.454979160984,0.717801471241,0.458715646697,0.886990484808,1.20677831831,1.16028049009,5.66151783715
sobol__0002533,101.12783882,86.23003019,-10.19285573,13.86005018,51.81552269,17.46934527,-37.03507413,1,usable,Converged with independently replayed constrained generalized-force equilibrium and small reserve torques,682.69561,0.233828662363,2.83040009208e-08,3.9834717994e-13,1.37346409436e-05,19,0,0.299125988632,0.222791636025,0.0100092116227,0.0100214048923,0.165294760172,0.0100030773247,0.0260409975047,0.0100053617125,0.010003385328,0.0100009971141,0.0100012116505,0.0100037626948,0.0100033589988,0.0100037891486,0.0100045971337,0.0100015749507,0.0100022768927,0.0100028319628,0.0100452378418,0.0100452378418,0.0310541396548,0.0100104323957,0.18786766008,0.051268268085,0.0100452378418,0.118232172996,0.0100025688579,0.0457862735946,0.0100012594092,0.0100649757394,0.0482307560048,0.010024980938,0.0100151787552,0.0100092591648,0.0100101813387,0.0100215438381,0.0100053716942,0.010008002208,0.0100086465629,0.0100224135938,0.0100176272502,0.0100100895498,0.0100230185303,0.010111368296,0.0100101373056,0.0100588135045,0.02826991275,0.0285926729582,0.0166572258675,0.0626054786936,245.725144687,227.315534686,1.7199237075,3.42550969593,175.455154032,11.5021307349,6.50007994682,1.4333736787,4.16668864616,6.26144516112,4.49973026957,2.70275897869,2.970444266,1.87253891094,1.92072200718,3.9687372788,5.57454971121,4.42830460375,0,0,5.09572992768,1.11578595544,220.517793703,12.286657076,0,29.852332008,1.83442532532,12.4338975583,4.79827228329,0.588023264037,26.8205771352,2.50348926428,0.677301872573,1.66054471034,2.53498639459,1.49473265215,2.35485222823,1.72499109611,2.12429714943,1.91933271164,0.394693116133,1.02148672653,0.918935615193,0.47285421924,0.718341016721,0.475502669322,2.11282254518,1.1685715629,1.78556613112,6.14121947427
sobol__0002541,89.87783882,126.85503019,36.68214427,54.48505018,-38.18447731,10.90684527,-29.53507413,0,reserve_too_high,The posture requires more reserve torque than the quality limit permits,346.108162,452.01695469,7.75947306408e-09,1.86604323371e-06,0.268164595041,21,2,,,,,,,,,,,,,,,,,,,,,,,,,,,,,,,,,,,,,,,,,,,,,,,,,,,,,,,,,,,,,,,,,,,,,,,,,,,,,,,,,,,,,,,,,,,,,,,,,,,,
sobol__0002549,118.00283882,106.54253019,-33.63035573,91.04755018,16.81552269,-3.31190473,26.71492587,1,usable,Converged with independently replayed constrained generalized-force equilibrium and small reserve torques,476.233015,0.896973428231,4.48454997581e-08,3.50740886162e-13,2.65616073128e-05,26,0,0.592652041797,0.292800192852,0.0100023797247,0.110031774442,0.0933697108312,0.645801178842,0.010002380913,0.0100057212389,0.0100021072648,0.0100002895706,0.0100003578424,0.0100042419724,0.010001610843,0.0100018097188,0.0100016054784,0.0100452376619,0.0766714610875,0.0750955559537,0.0157057468058,0.0100452376619,0.010000439265,0.0100013923908,0.0100030661454,0.010003763506,0.0100064899524,0.0185976448688,0.0500865582608,0.0100026536867,0.0100102439328,0.0100098787795,0.0372056490641,0.033300142644,0.0100218287174,0.0100064041207,0.0100041957407,0.0100060326491,0.0100063980696,0.0100076482403,0.010006220298,0.0100056200438,0.0101212158578,0.0287205925973,0.0214571088731,0.0106696824523,0.0140146386172,0.0101103286558,0.0100389559028,0.0100173932848,0.0100075021231,0.0100075838643,211.104020506,298.261139958,1.91401838097,38.785104197,95.6570136276,496.200691341,2.44850571687,1.26988244182,4.32715817241,6.56846763704,4.92720875624,2.7550650798,3.03418555293,1.88091661076,2.03748773059,0,54.3032456758,52.0937018766,4.14066499931,0,4.87597428797,2.89746671702,10.9488597095,2.47562107322,3.19319953404,4.06295660106,7.05057390501,3.33477358865,1.94281182348,0.569726928206,19.5629896881,9.11755476106,0.252481171327,1.4704463683,2.49466519096,1.60799324403,2.33355372791,1.69530848829,1.99719499598,1.93226237951,0.188476218123,2.16191186929,1.43450294201,0.437387927702,0.613764238489,0.328358436747,0.627568387293,0.46049856333,2.00733817553,1.14304944251
sobol__0002557,84.25283882,65.91753019,69.49464427,99.17255018,-73.18447731,3.25059527,34.21492587,1,usable,Converged with independently replayed constrained generalized-force equilibrium and small reserve torques,575.367086,0.236972333735,7.01190003838e-08,5.68434188608e-13,3.32302824325e-05,24,0,0.156527398637,0.0100005602312,0.0227798072931,0.0100006332847,0.243526617117,0.0100003489089,0.212403745118,0.0104461476881,0.0728927989484,0.0594708021933,0.0103207307491,0.0100079498936,0.0100066478668,0.0100070509177,0.118008213327,0.0311477334766,0.0601635859854,0.0590386254226,0.0129786007365,0.190764789075,0.0100019983519,0.153450550906,0.0100038176452,0.0100009436662,0.0100024253674,0.0752931387448,0.0573612912043,0.0100008742021,0.0100073736176,0.0100034131655,0.0100012615678,0.0100071048058,0.0100119938549,0.010002250642,0.0100015218701,0.0100023283145,0.0100023193007,0.0100028894258,0.0100023205095,0.0100022900707,0.0106556211013,0.0452818271907,0.0360143472286,0.0179802558787,0.026331104449,0.0145651943718,0.0101007085186,0.0100116683754,0.0100032686885,0.010004047178,173.674174018,10.081725972,4.20536702861,4.72540925983,221.117792527,12.0921321452,55.4628023978,1.47716455646,26.0820314481,30.7861152587,2.15433076303,2.59232475656,2.75868923222,1.77310006346,21.5518697787,1.21150751145,43.0155402609,41.4216586596,3.51883087008,64.6726077995,2.87005311357,43.9169255119,10.7253562828,2.54256558616,3.290037331,15.7306908984,8.25931442106,3.64257218278,0.759530677389,0.683542290713,5.44611660534,2.36549514241,0.21591506315,1.49118907563,2.53378157424,1.62408298829,2.34105961071,1.70346739702,2.01558432801,1.95627577771,0.195420174988,3.13995982993,2.24220899485,0.674529844629,1.16787494605,0.417999089089,0.624212688763,0.460521125568,1.99456408227,1.15388895251
sobol__0002565,106.92862007,114.28667081,-40.2221526,100.56903455,-76.77822731,5.40391559,-24.73038663,1,usable,Converged with independently replayed constrained generalized-force equilibrium and small reserve torques,375.775951,2.30197792083,2.64578829956e-08,1.4506811794e-12,9.22385810481e-05,31,1,0.864378167631,0.574527435607,0.0100012358955,0.999997736903,0.300862014947,0.0100001821624,0.0100008882929,0.0100006772234,0.0100001815287,0.0100000663203,0.0100000812392,0.0100002240474,0.0100001634169,0.0100002905764,0.0100003449705,0.0100452377748,0.0869769742002,0.0854224957302,0.0187793359305,0.329073349447,0.0100002257466,0.0100003747161,0.0100027091783,0.0100005548938,0.0100011466197,0.02904240651,0.0518470221216,0.0100008179119,0.0100026646974,0.0100026497669,0.0100007614043,0.0100042425099,0.0100057167073,0.0100026350748,0.010003003883,0.010004960735,0.0100055846138,0.0100062810843,0.0100045339963,0.0100049757859,0.0118043017713,0.0406907762055,0.0261783415094,0.0101899780104,0.0307290120427,0.0149591982421,0.0100658035592,0.0100152423029,0.0100070310149,0.010006669813,386.500080417,572.798979602,1.62955580571,345.455477408,313.189209688,9.30639866551,2.46643693312,1.23942404346,4.42165671164,6.39339748025,4.97194250826,2.76475682167,3.03034529066,1.88074579128,2.07695932765,0,62.2529306621,60.0474755961,5.11598686687,110.174673612,5.04286224791,3.16807486502,10.6808954923,2.53744461751,3.11592299795,7.29483458354,9.75572032791,4.07916391614,4.40057917356,1.01024604717,5.42485391255,2.33572993904,0.715731341701,1.68793709962,2.36769628374,1.3825964565,2.25584168197,1.68003983909,2.12488145164,1.82680111725,0.390429666268,4.44340857231,2.47084049265,0.49688091457,2.08934743188,0.707431801958,0.845245911066,0.458020698925,1.42862790557,1.14873090748
sobol__0002573,95.67862007,89.91167081,62.9028474,92.44403455,13.22177269,-5.53358441,-32.23038663,1,usable,Converged with independently replayed constrained generalized-force equilibrium and small reserve torques,439.027479,0.480184470894,6.00969762843e-08,2.77111666946e-13,3.4387940359e-05,13,0,0.402105039018,0.0100010429341,0.0100212581649,0.0100006718792,0.133151594189,0.0100003324045,0.509722513473,0.0100186777528,0.0100022572665,0.0100014650469,0.0100020629961,0.0100081091722,0.010005240335,0.0100055261864,0.128303892992,0.0103460458433,0.0700293767189,0.0686006912084,0.0146351661699,0.0101247760772,0.0100009207469,0.0379718947502,0.010009275343,0.0100106511142,0.0100261730432,0.059878463066,0.0606783763115,0.0100072025089,0.0100149933322,0.0100213379976,0.0100051432379,0.0100138196588,0.0100464507806,0.0100231478993,0.010013782155,0.0100202433087,0.0100224281397,0.010026105767,0.0100191421675,0.0100186054403,0.0104037816288,0.0320844504847,0.023769428639,0.0111435163347,0.0220914915318,0.012123939111,0.0129536416544,0.0100717056647,0.0100275023387,0.0100332510373,238.72989819,9.63735884098,1.954195271,4.89776774528,134.904074199,12.3655532639,137.106799618,1.44125645174,3.89255739929,6.09586069633,4.34925719408,2.67357893272,2.93680463125,1.85108522933,24.5855778078,0.0627822344362,49.6891126066,47.6818494206,3.87728200384,0,4.82640827932,12.0287615845,10.9192619127,2.45436643631,2.7483190172,14.7380023321,10.3739737938,4.00447065736,4.61886577213,1.01090571293,5.27105086458,2.76376665646,0.719274929922,1.67844986062,2.55471515351,1.53409151649,2.29269523264,1.71365645329,2.12730748754,1.9514789486,0.342554421741,3.50359260589,2.24377976845,0.533441066722,1.43955710993,0.573450074783,1.05868144102,0.463264646609,1.31299873581,1.16750856455
sobol__0002581,112.55362007,77.72417081,-7.4096526,55.88153455,-31.77822731,8.68516559,31.51961337,1,usable,Converged with independently replayed constrained generalized-force equilibrium and small reserve torques,491.878206,0.0780356434945,4.99661325648e-08,2.96448549252e-13,8.46501309172e-06,20,0,0.241972564091,0.053974721793,0.0100142639146,0.0100110471883,0.0237312425148,0.0100032978504,0.0100989807936,0.0100127180516,0.0176924989142,0.0100024553048,0.0100029590581,0.0100102101827,0.0100077649562,0.010007919123,0.0100114623679,0.0100087723304,0.0100076141926,0.0100077609004,0.0100329718195,0.013750240466,0.020495646999,0.0100543043048,0.0618026546541,0.0376415030478,0.0202238093144,0.0349988389246,0.0538616320148,0.0100027019978,0.0100093310893,0.0100073809468,0.0100400871667,0.0100270456787,0.0100142600176,0.0100067888961,0.0100036377418,0.0100052827015,0.0100054876414,0.0100066639139,0.0100053738995,0.0100050394173,0.0101334976261,0.0299721559042,0.0224683516858,0.0111998898115,0.0164232615341,0.0101630262527,0.010051230457,0.0100174427272,0.0100054700986,0.0100069294889,234.82688857,56.5845939853,1.79470577629,2.80172272683,25.2723787126,10.2377295877,2.48898668672,1.44038699202,7.17080088615,6.06576550768,4.16391419736,2.68857627332,2.93409852878,1.85549005449,1.86606741903,2.72638233542,6.73771687478,6.5849304142,0.908506593231,5.10969397755,8.40983584086,3.03384480279,72.2997228356,10.3890534889,6.6797701548,7.16108760499,9.70012222342,3.88304258924,2.86638817065,0.929074177899,4.73938813054,2.81336169129,0.635938503105,1.58679798656,2.52013269803,1.62270676368,2.32992299805,1.69626140375,2.00718704672,1.95488637372,0.214973339769,2.41512597695,1.55667299377,0.444109399123,0.851525364071,0.291009041817,0.570108115159,0.459664192546,2.01088680937,1.1675926643
sobol__0002589,78.80362007,102.09917081,39.4653474,15.25653455,58.22177269,19.62266559,24.01961337,1,usable,Converged with independently replayed constrained generalized-force equilibrium and small reserve torques,432.459465,0.306457481732,4.37215028626e-08,1.10134124043e-12,1.66880908888e-05,27,0,0.299355573146,0.238412773979,0.0100200861653,0.0100066802797,0.319260539847,0.0100018004667,0.0721310238822,0.0100046796147,0.0100019940684,0.010000671499,0.0100008736911,0.0100031493641,0.0100023141272,0.0100026657092,0.0100036304371,0.0100028405146,0.0100042850111,0.010005226228,0.0100452386445,0.0100452386445,0.0843667527171,0.010008329736,0.0938617485611,0.0225344091565,0.060296947488,0.0793379940978,0.0865109690069,0.0100015298477,0.0100021310277,0.0100039525619,0.0680360438068,0.0105334728277,0.0100076938417,0.0100037143133,0.010002324275,0.010003513555,0.010003321498,0.0100041731482,0.0100034434535,0.0100034481575,0.0160982969264,0.074410603356,0.0528481187676,0.0285263377658,0.0354040801138,0.02033174355,0.0103866057117,0.0100208023717,0.0100047319882,0.0100071335141,223.804728788,164.216078894,1.78885628073,4.74058198574,343.356956637,12.3762592797,19.4291150625,1.42480609187,4.11560470036,6.39467269645,4.64727790633,2.71401938938,2.99875832713,1.87800880649,2.02532168779,2.9724714397,5.69171804724,4.56218441703,0,0,33.8695709586,0.767565310564,110.254907025,5.41407657088,14.1441221219,12.977904068,16.6878045987,4.0795987691,4.18518000015,1.00412754686,37.8994586384,2.51428610611,0.720481556201,1.66935435244,2.51997940446,1.62142200937,2.32485426352,1.69443828524,2.00169823783,1.9534941614,0.46566212957,7.74353959954,4.39731973072,1.29379080892,2.34733892661,0.62624613603,0.46206815339,0.413075175189,1.95531074529,1.14597989506
sobol__0002597,98.49112007,83.81792081,27.7465974,37.60028455,-59.27822731,11.41954059,3.39461337,1,usable,Converged with independently replayed constrained generalized-force equilibrium and small reserve torques,405.587412,0.182299578947,8.60926974156e-09,5.6275737763e-13,5.11845777069e-06,14,0,0.348819443803,0.0950029431576,0.0100091232674,0.0100025977464,0.159413326624,0.0100009951745,0.0608869885169,0.0100062351678,0.0100031021939,0.0100011687939,0.010001449825,0.0100043545274,0.0100031887875,0.0100036035043,0.0100069077752,0.0100041811979,0.0100034971594,0.0100036232293,0.0100452375708,0.0313776646102,0.0314859200445,0.0100148097627,0.116580541117,0.0387917351931,0.0340458169765,0.0138066409127,0.0100128589913,0.0113931443215,0.0100187800129,0.0100490529834,0.0100296388274,0.010021582264,0.0100438559551,0.0100418874828,0.0100216199069,0.0100288080035,0.0100222501494,0.0100262299081,0.0100249865048,0.0100310785697,0.0100370482502,0.0100255534829,0.0100308764938,0.0100393585707,0.0100297535908,0.0100484778127,0.0100678421294,0.0100684910018,0.0101594818164,0.0103815854702,262.245375518,94.2538563242,1.76354571094,4.67891641137,170.722346055,13.061813724,16.2577542472,1.43940518588,4.03791719937,6.11849313763,4.35454040165,2.67499163829,2.94010533098,1.85333218462,1.89712735242,2.86429433055,6.5139622698,6.26909942918,0,10.9920752023,15.7166093997,2.60205857623,137.257456952,10.249428317,10.8684840981,3.36538328334,1.93140017078,4.57768501661,4.53420103171,1.00353422103,2.947900295,2.50927975515,0.755135711089,1.71883266051,2.59295766288,1.60508823549,2.37307039799,1.73345052199,2.10513320004,1.97644295454,0.303552817014,1.09140589133,0.919570791921,0.488961661193,0.676553544685,0.406340976746,0.691999514365,0.452914366122,1.86064269116,1.2047802755
sobol__0002605,87.24112007,124.44292081,-0.3784026,29.47528455,30.72177269,17.98204059,55.89461337,0,solver_failed,The static optimization solver did not converge,1566.180933,,5.76465346569e-08,,,0,0,,,,,,,,,,,,,,,,,,,,,,,,,,,,,,,,,,,,,,,,,,,,,,,,,,,,,,,,,,,,,,,,,,,,,,,,,,,,,,,,,,,,,,,,,,,,,,,,,,,,
sobol__0002613,115.36612007,112.25542081,79.3090974,114.78778455,-14.27822731,3.76329059,-52.85538663,0,solver_failed,The static optimization solver did not converge,1006.021437,,4.91919109891e-08,,,0,0,,,,,,,,,,,,,,,,,,,,,,,,,,,,,,,,,,,,,,,,,,,,,,,,,,,,,,,,,,,,,,,,,,,,,,,,,,,,,,,,,,,,,,,,,,,,,,,,,,,,
sobol__0002621,81.61612007,71.63042081,-42.5659026,74.16278455,75.72177269,-2.79920941,-0.35538663,1,usable,Converged with independently replayed constrained generalized-force equilibrium and small reserve torques,560.879738,0.137754424032,3.06034393383e-08,5.44634114962e-13,1.95178179895e-05,24,0,0.156135161475,0.260606998887,0.0100225041772,0.0346698558162,0.0722726357645,0.010206873832,0.0100897814389,0.0100076640374,0.010004907052,0.0100015569641,0.010001773111,0.0100057732348,0.0100051905222,0.0100055679604,0.010005886932,0.0100104258049,0.0100213769993,0.0100216211178,0.0100373657868,0.0100452376332,0.0100040024593,0.0100025104873,0.0189608606853,0.010002740506,0.017412844219,0.0779980632525,0.026398451788,0.0100014678073,0.0100019181479,0.0100040485641,0.147526774829,0.0291668210311,0.0100077966773,0.0100038162832,0.0100030373436,0.0100048164187,0.0100043256964,0.010005499819,0.0100047063636,0.010004865537,0.013038549342,0.0616931887139,0.0100452376332,0.0279613134989,0.0193026269951,0.0179808469356,0.0104303777785,0.0100230687838,0.0100053577944,0.0100091119249,178.71282839,268.693889142,1.9888536534,16.6246852219,72.0701560779,10.9464846657,2.30318680473,1.43800501126,4.301157508,6.23359095926,4.36610206879,2.69639599921,2.928305203,1.84524379351,1.91602593993,1.08183864672,6.93454678298,6.78646996538,2.34130377589,0,3.9112059701,2.14827594111,21.5186421965,2.70752762904,5.76059371909,19.4784190692,3.9550960312,3.98538459935,4.5323686976,0.991068763141,75.2507346246,5.70553931335,0.717016249454,1.66200054174,2.58772447886,1.6257110871,2.36889471067,1.72981782125,2.06550051014,1.97370560253,0.312960546855,5.97725258543,0,1.3439580752,1.03741378872,0.75887792707,0.705765067141,0.461043897434,1.92966167703,1.16792664998
sobol__0002629,105.52237007,68.58354581,82.8247224,8.14715955,21.97177269,-9.63514691,45.58211337,1,usable,Converged with independently replayed constrained generalized-force equilibrium and small reserve torques,509.910329,7.86437110324,8.09550330771e-07,2.04636307899e-12,0.000665971283248,23,4,0.340125079999,0.0100004213203,0.010002731556,0.0100014264988,0.0100002627311,0.0100002974513,0.0100028935493,0.185103750537,0.322935662808,0.0100006145159,0.0100013067086,0.222829722192,0.0754203958868,0.0100048651301,0.0834080286562,0.230763161439,0.0400643466563,0.0307460191469,0.010045237718,0.010045237718,0.0100045921604,0.0353879434779,0.0100084981922,0.0100178935642,0.999999958046,0.999999902759,0.0100000656384,0.266696442274,0.0100000157219,0.0100006430818,0.0744269136195,0.0413343385383,0.0100003699847,0.0100001882946,0.0100008857074,0.232598785816,0.0100001693276,0.010000303447,0.010000466528,0.800949981604,0.0100022790839,0.0717240857437,0.701954550249,0.976387856167,0.0100006847673,0.657094953404,0.999998106273,0.999997809117,0.010000113481,0.911083933109,366.922499426,10.2641336341,1.89799210702,4.86350385329,7.48269931305,12.3872694644,2.49172750594,25.9475261994,93.8117879007,5.19746148099,2.20824283006,57.5486653908,20.8891120833,1.78047242395,13.9423257909,103.799768336,20.3244693577,11.9656531736,0,0,4.1966026585,7.97780438196,11.688166482,2.374774572,274.781806055,176.016125343,1.65388737743,104.105038313,4.37525101297,0.916171728488,35.7735423081,11.1864903401,0.678638459228,1.60366475094,2.38443222575,35.9351097673,2.26103602867,1.64098020507,1.92424530435,148.614414084,0.203108717799,5.90625059904,49.9036983395,41.9318965643,0.499843916688,18.1392635489,59.8919178746,45.1554646512,1.92205484478,99.8979033197
sobol__0002637,94.27237007,109.20854581,-57.8002776,48.77215955,-48.02822731,1.30235309,8.08211337,0,solver_failed,The static optimization solver did not converge,1260.613022,,2.54228567087e-08,,,0,0,,,,,,,,,,,,,,,,,,,,,,,,,,,,,,,,,,,,,,,,,,,,,,,,,,,,,,,,,,,,,,,,,,,,,,,,,,,,,,,,,,,,,,,,,,,,,,,,,,,,
sobol__0002645,111.14737007,129.52104581,21.8872224,93.45965955,66.97177269,24.27110309,-10.66788663,0,solver_failed,The static optimization calculation failed,20.492414,,4.00044203985e-07,,,0,0,,,,,,,,,,,,,,,,,,,,,,,,,,,,,,,,,,,,,,,,,,,,,,,,,,,,,,,,,,,,,,,,,,,,,,,,,,,,,,,,,,,,,,,,,,,,,,,,,,,,
sobol__0002653,77.39737007,88.89604581,12.5122224,101.58465955,-3.02822731,13.33360309,-48.16788663,1,usable,Converged with independently replayed constrained generalized-force equilibrium and small reserve torques,454.046682,0.121310186915,1.66928906253e-08,6.48435028013e-13,5.34578053607e-06,1,0,0.17378638241,0.141052119018,0.0101987051423,0.0100590023355,0.230396480191,0.010012636019,0.0521626395722,0.0100482930733,0.0100207059352,0.0100082594337,0.0100103261901,0.0100329207952,0.0100270027326,0.0100295842436,0.0100415275207,0.0102866603518,0.0663732275051,0.0652396783845,0.014989478163,0.0259906252756,0.0100492873232,0.0100178211199,0.0100231179699,0.0100300555909,0.0186651931593,0.0247416388594,0.0100366920981,0.0137312706702,0.0100198065395,0.0103095546326,0.010036009023,0.0101242428085,0.0101364612943,0.0100921327745,0.0103134733237,0.0104729615672,0.0100966022468,0.0101372494719,0.0101678154614,0.0106009684689,0.0101538902624,0.0100862857673,0.0101328889159,0.010280000823,0.0101085225056,0.0102146848745,0.0106560792086,0.0125834140075,0.0122843275909,0.0261895708166,178.853595406,126.942555233,1.90743216755,5.01695751313,247.670523467,12.9708922797,13.7967127827,1.44339066526,4.18025598455,6.30777250186,4.55693014396,2.70214610979,2.95143392007,1.86815006347,1.98518994884,0.0242565515029,47.5347628612,45.9235132208,4.09774969918,9.63198732161,4.71126824394,3.17016809188,10.6696237924,2.01380404688,5.09371245728,6.07077008837,1.93294732817,5.60079757113,4.35394522493,1.04075061902,5.30238663933,2.87884838172,0.715180777361,1.68731363353,2.38243504351,1.40333045149,2.26087381518,1.6883583753,2.15956081674,1.86114265249,0.399833622265,1.04893386985,0.934682490926,0.480190283852,0.731852422868,0.475809265139,0.908130838717,0.533405778799,1.14597075527,2.59557740351
sobol__0002661,102.70987007,99.05229581,-17.9565276,79.24090955,4.47177269,22.63047809,-38.79288663,1,usable,Converged with independently replayed constrained generalized-force equilibrium and small reserve torques,387.317897,0.212462538145,1.15710179216e-07,3.27725445814e-13,9.65903381716e-06,15,0,0.310934908524,0.296983719655,0.0100056024578,0.0100089790373,0.134614893173,0.0100015040013,0.0301485786132,0.0100036829501,0.0100015765861,0.0100004971227,0.0100006279775,0.0100024122893,0.0100017612089,0.0100023481922,0.0100023694179,0.0100392993459,0.0405890393909,0.0397291544025,0.0101955714789,0.0100452378465,0.0100021259711,0.0100015554706,0.0100056562605,0.0100071553679,0.0100452378465,0.0100153922915,0.0105167753675,0.0100561650704,0.0278111480863,0.0100540113777,0.0100318778109,0.0101450102548,0.0100536205768,0.0100866009112,0.0138496942584,0.0101636952811,0.013339905356,0.01044435181,0.0114853721486,0.0101998300751,0.0100425941088,0.0100346039274,0.0100314247708,0.0100352539752,0.0100440269359,0.0100363577284,0.0100300657902,0.0100375949403,0.0100605374896,0.0100341855625,184.410354673,298.730520283,1.59555491537,3.18673155784,141.668413541,10.765492692,7.46659706367,1.3583480039,4.26329554393,6.54194418139,4.73476019301,2.7367491511,3.0157806109,1.88069107554,1.98886017733,0.0251100687472,28.2872851024,27.1008351521,2.55180672988,0,5.16415311261,2.73307180518,11.2402015555,2.60738777341,0,2.50406255552,1.96451137598,4.09206468735,12.1551233106,0.966958991008,5.52295056464,2.8525556751,0.729444465749,1.70769105573,3.3721946116,1.42673437839,3.1228452704,1.79288765488,2.43924042053,1.8597791399,0.395294193768,1.04786179503,0.935043531234,0.477844248326,0.727133705455,0.472404497219,0.78149614694,0.385154542731,0.974828932515,0.917731275697
sobol__0002669,91.45987007,74.67729581,47.6684724,119.86590955,-65.52822731,16.06797809,-16.29288663,1,usable,Converged with independently replayed constrained generalized-force equilibrium and small reserve torques,449.913979,0.125026398713,2.43725679638e-08,5.46624558408e-13,1.25229835184e-05,21,0,0.183134627555,0.0100007339082,0.0100238883159,0.0100006410274,0.141429324822,0.01000030276,0.214888351314,0.010037175222,0.010006629256,0.0100051571614,0.0100087423932,0.010008233599,0.0100055165877,0.0100060543915,0.0864005841342,0.0100452379438,0.018526747816,0.0185168859146,0.0100846313214,0.074291201018,0.0100027500317,0.0463754860865,0.0100120541506,0.0100037592961,0.0113570134287,0.0664130092607,0.0100076067763,0.0100039060673,0.0100042246506,0.0100094965002,0.0100030437832,0.0100134846534,0.0100135525098,0.0100065891188,0.0100073036371,0.0100125240486,0.0100072930629,0.0100097262469,0.0100088619868,0.0100128680244,0.0100367114085,0.0100427610136,0.0101240406101,0.0101224646416,0.0100311630214,0.0101450317388,0.0178511068866,0.0121721299287,0.0101628621356,0.0275548743716,182.690590183,9.97645353101,1.8947178889,4.98914067634,141.006989024,12.5814288105,57.886231892,1.44313323484,3.83965465565,5.86174971857,3.32616606177,2.64247780733,2.86978544192,1.81431645374,16.0336517168,0,13.2907628039,13.275382478,2.85587399107,25.6806793133,1.45175205053,11.9059407562,8.75850797325,1.45133317553,3.3181291523,16.7660403243,1.93023586188,3.98411146666,2.01515987332,0.980932491421,5.55563549103,2.44051130631,0.606128539626,1.61110879696,2.49147131152,1.44585686367,2.35231329797,1.7234103775,2.12542131006,1.88304086433,0.351501075955,1.09665339996,0.954669691046,0.493966828419,0.705210433158,0.477560300312,1.34664696485,0.513814660459,1.45625853887,2.93178479888
sobol__0002677,119.58487007,94.98979581,-22.6440276,26.42840955,49.47177269,-6.90077191,17.45711337,1,usable,Converged with independently replayed constrained generalized-force equilibrium and small reserve torques,464.418009,0.938197786757,9.52909058327e-08,9.73443547991e-13,3.73691720656e-05,22,0,0.873759091742,0.0146956876543,0.0100070498589,0.012561940613,0.325678070128,0.0100002898393,0.0100057954923,0.0100051492825,0.102828432605,0.0100002040587,0.0100002742115,0.0100034919394,0.0100017555577,0.0100016290832,0.0100013570575,0.15175395777,0.0100029464684,0.0100032929195,0.0100452377759,0.0100452377759,0.0100023559696,0.0100077482092,0.134406430756,0.0792437414468,0.0534330907384,0.0400840837647,0.0418317524026,0.0100056670488,0.0100185224541,0.0100121103903,0.0100087078592,0.010010703034,0.0100244702673,0.0100141419358,0.0100050350578,0.0100070243662,0.0100075713057,0.010009095429,0.0100072599458,0.0100065017444,0.0100675292546,0.0167125519122,0.011210261675,0.0100747765734,0.0110079694707,0.0101039614893,0.0100710764324,0.0100234991838,0.0100111216202,0.0100117976612,486.801068222,15.2171910942,1.76245216495,3.80695795721,335.556250261,7.89275188534,2.41535280816,1.38781252979,43.0083927675,6.51097928669,4.70707144738,2.71573999756,3.01018929284,1.88047430503,1.96693924339,39.8878105931,6.30394870208,5.59687392667,0,0,0.825321975563,1.10537517513,158.231921766,20.1153354938,17.3062201456,8.98393143872,6.88238422318,4.05811997408,4.64510833208,0.992052613208,5.57663330059,2.52523519738,0.735640713076,1.68562068691,2.5280297921,1.62070292378,2.36180028934,1.71621565305,2.01867849422,1.94768605632,0.232976894408,1.58028469477,0.911808863094,0.479559308225,0.604870288458,0.369594173203,0.65503587112,0.460262132768,2.01218981736,1.14983389562
sobol__0002685,85.83487007,119.36479581,61.7309724,34.55340955,-20.52822731,-0.33827191,39.95711337,1,usable,Converged with independently replayed constrained generalized-force equilibrium and small reserve torques,443.935248,1.0984005582,1.93949141192e-08,8.19567948207e-13,2.95396318307e-05,29,0,0.382084162778,0.423353003961,0.0100742109684,0.0100003759571,0.580771692378,0.0100001793977,0.573206662517,0.0100012729629,0.0100002649078,0.0100001177172,0.0100001706176,0.0100006741588,0.0100005350475,0.0100006325391,0.01000090259,0.0100027327548,0.107009192709,0.101791414868,0.0100452377915,0.0100037739204,0.146165824433,0.0100009768859,0.0100040190655,0.0100095092873,0.0582778373121,0.100453268298,0.131957483999,0.0100009400108,0.0100014537159,0.0100027607382,0.102995783631,0.0574760529376,0.0100047125226,0.0100020902015,0.0100012995301,0.0100019541268,0.0100018346431,0.0100023144193,0.0100018821582,0.010001822468,0.0175403083883,0.0863311494655,0.0690806832052,0.0364060953365,0.0428912003339,0.0205465881742,0.0101695104188,0.010009925726,0.0100025953877,0.0100031686076,168.726378906,226.010527784,1.72059569801,4.55537125034,221.121870591,12.0519863127,153.358621027,1.35996334393,4.1402393009,6.56886446259,4.83336239898,2.74378306939,3.06568042677,1.88073724311,2.07892264723,1.36988838539,69.197385227,62.613473771,0,3.79596908486,76.6961280867,1.41144569554,11.7784305282,2.6798119051,17.7106588903,19.4402061278,22.7389728456,3.88281347348,3.96380707047,0.922265192272,43.6715748149,16.3550249528,0.66158472239,1.59265414285,2.45454943428,1.5884951024,2.29462698843,1.66819274818,1.96867972632,1.90853766686,0.343638657309,6.68631269723,4.66830446258,1.44637134083,2.12129819935,0.554498198208,0.602190978731,0.460354057292,1.95320367571,1.1310966615
sobol__0002693,107.63174507,91.43510831,2.5512849,125.45184705,61.34677269,20.30625934,10.42586337,1,usable,Converged with independently replayed constrained generalized-force equilibrium and small reserve torques,405.265037,0.109294609746,6.95559201347e-08,3.8369307731e-13,2.20960305389e-05,18,0,0.263953584429,0.126832419906,0.0100073798531,0.0100051929816,0.0845653312363,0.0100016318859,0.0239551909596,0.0100063694469,0.0100049759509,0.0100010238983,0.0100012683638,0.0100045642885,0.0100037485198,0.0100040558158,0.0100050393121,0.0100452377904,0.0329610476204,0.0329673780628,0.0103063191279,0.0100452377904,0.0100010148139,0.0100013285455,0.0100086923222,0.0100218222702,0.0100029136651,0.0100109497787,0.0110458509478,0.0100043205084,0.0100452377904,0.0100135378827,0.063332686306,0.0668522282819,0.0100412415253,0.0100161378,0.0100523158789,0.0100541723017,0.0169986660782,0.0105304859263,0.0109538289114,0.0100943987263,0.0103778211796,0.0251917081025,0.0157980980737,0.0101187533119,0.0101115757661,0.0100372258185,0.0100202543539,0.0100183041955,0.0100087911182,0.0100087355521,157.073170627,128.13910455,1.75597078639,3.0447130137,90.9145763294,11.8520935494,6.09339855877,1.43067855164,4.14573924733,6.33692448192,4.57832740089,2.7049010122,2.98408564548,1.87791823406,1.93708723077,0,23.6395957302,23.6486877263,2.89740096054,0,5.01482935096,3.10934792843,7.61577805719,0.0975441232869,2.64026058077,1.87531744602,2.07028502394,3.57506158805,0,0.700408730936,10.4318152146,15.4360988718,0.0619803415722,1.36152246932,2.58758267656,1.63373778823,4.01251083881,1.81241224514,2.23113744911,1.99095028602,0.314564700767,2.67357730098,1.32283627412,0.476579811216,0.60760027181,0.370576296584,0.500758173638,0.406614925208,1.75184049588,1.09512707273
sobol__0002701,96.38174507,115.81010831,30.6762849,68.57684705,-8.65322731,9.36875934,47.92586337,0,reserve_too_high,The posture requires more reserve torque than the quality limit permits,441.560825,1274.43260989,3.01631644106e-08,1.96598338142e-06,0.5,29,1,,,,,,,,,,,,,,,,,,,,,,,,,,,,,,,,,,,,,,,,,,,,,,,,,,,,,,,,,,,,,,,,,,,,,,,,,,,,,,,,,,,,,,,,,,,,,,,,,,,,
sobol__0002709,113.25674507,103.62260831,-49.0112151,48.26434705,26.34677269,-4.84999066,-45.82413663,1,usable,Converged with independently replayed constrained generalized-force equilibrium and small reserve torques,523.836278,0.97085395011,4.39647038775e-08,2.17426077143e-12,1.22924985498e-05,12,0,0.519139606613,0.352687624328,0.0100018500336,0.318518061621,0.123848887639,0.670797111795,0.0100025854916,0.0100034168011,0.0100011245507,0.0333659074193,0.0100004009055,0.0100012284195,0.0100012018733,0.0100016831288,0.0100024348573,0.0100119957676,0.029446244617,0.0287162036965,0.0100482356338,0.0100452377806,0.0100030900222,0.0100030237489,0.0100111153572,0.0100104551691,0.0155852117801,0.0100391514683,0.010011662636,0.0237077497644,0.0100096937474,0.0100726219652,0.0421393817366,0.0221992361954,0.010039392586,0.0100416011775,0.018100750094,0.013078519461,0.0100795950175,0.0101017779136,0.0121792784675,0.0157866644565,0.0100351481101,0.0100217873505,0.0100319376653,0.0100414212967,0.0100261840515,0.0100385843153,0.010030964954,0.0100640551359,0.0100805550248,0.0102185581738,251.918029542,362.616689824,1.86452149948,131.438974053,124.429025788,554.915544807,2.41619656588,1.26562767291,4.32807665756,20.9482617893,4.88339914569,2.68502613317,3.0292722354,1.88084435266,1.97608126309,0.5974149575,19.5721026495,18.6126910284,0.2581543491,0,2.15845707384,1.49347261048,11.7771899551,2.76244290361,5.05919108431,2.41156594494,1.91529528347,8.80308731841,4.56979294254,0.744206203451,23.4790725998,5.9484309394,0.713339641928,1.70699815384,4.44216685566,1.91261829891,2.20683854809,1.67923584858,2.58676023463,2.99643943131,0.376533653283,1.07387690928,0.928945565442,0.464186183186,0.724056609143,0.471705336042,0.829027899952,0.462692614556,1.05464417655,1.16307899631
sobol__0002717,79.50674507,79.24760831,72.8637849,23.88934705,-43.65322731,6.08750934,-8.32413663,1,usable,Converged with independently replayed constrained generalized-force equilibrium and small reserve torques,375.470162,0.0969199015518,6.85755452423e-08,1.7763568394e-13,7.07138477835e-06,19,0,0.18469603683,0.100834767749,0.0100639951079,0.0100113455648,0.195112076588,0.0100076546038,0.0297255502409,0.0100097937966,0.0100087076287,0.0100024394225,0.0100034930132,0.0100065067531,0.0100058243612,0.0100067398086,0.0100106127232,0.0100161838677,0.0100181483754,0.0100197662399,0.010045237843,0.0288848113589,0.0362734190738,0.01001337637,0.014123075682,0.0100387629854,0.0457004649836,0.057124843188,0.0288570289706,0.0100036418218,0.010003584507,0.0100091982633,0.0100132854852,0.0100200767322,0.0100153790728,0.0100083118898,0.0100058175739,0.0100089655265,0.0100078732665,0.0100098906982,0.0100081994245,0.0100087456479,0.0101687814683,0.0311222583077,0.010045237843,0.0137191153456,0.015094093681,0.0119271324329,0.0106005403779,0.0100330516384,0.0100099278207,0.0100165919484,192.799271795,97.3843601971,1.87703106529,4.55324269286,199.93633788,11.8621045963,7.64638561301,1.43861027167,3.72595936796,5.79799043395,3.11088106584,2.63248172587,2.85801776406,1.8060812879,1.90964181708,3.04459443857,6.23109728991,5.381377579,0,10.4506007919,19.0308489058,2.40570890642,16.6239917636,2.51860424571,15.0361002061,14.395323025,5.56643204226,3.66037524189,4.76664944374,0.875573440728,2.95156134861,2.69951887597,0.752622156591,1.71247122691,2.58217352324,1.56239548851,2.36595306982,1.72971812297,2.11818293247,1.96219049792,0.340281628491,3.39838346521,0,0.669420542242,1.07603674153,0.537149359986,0.807587427123,0.459974947724,1.72191541447,1.16641237081
sobol__0002725,99.19424507,121.90385831,70.5200349,62.48309705,43.84677269,-3.20936566,-17.69913663,0,solver_failed,The static optimization solver did not converge,1208.532341,,3.71799484533e-08,,,0,0,,,,,,,,,,,,,,,,,,,,,,,,,,,,,,,,,,,,,,,,,,,,,,,,,,,,,,,,,,,,,,,,,,,,,,,,,,,,,,,,,,,,,,,,,,,,,,,,,,,,
sobol__0002733,87.94424507,81.27885831,-32.6049651,5.60809705,-26.15322731,3.35313434,-40.19913663,1,usable,Converged with independently replayed constrained generalized-force equilibrium and small reserve torques,543.546833,0.198392408953,4.39458887058e-08,1.25055521494e-12,6.57413477875e-06,13,0,0.23227610423,0.284492831365,0.0100248835406,0.0245874659709,0.205842353967,0.0100045601622,0.0403048523288,0.0100084838892,0.0100047135139,0.0100015841357,0.0100018912338,0.0100054465738,0.0100052726732,0.0100058974789,0.0100068096577,0.0100031233284,0.0100110585965,0.0100140083521,0.0100781762071,0.0100185534018,0.0279368306732,0.0100083394005,0.069671233524,0.0186713620336,0.0100781762071,0.0535848401963,0.0100076148918,0.0554817751639,0.0100056796488,0.0103012593129,0.0417178035478,0.0167492647524,0.0100610179746,0.0100649428644,0.0131834684409,0.0130812569015,0.0100287102063,0.0100460662082,0.0101029056697,0.0166326005365,0.0100418918034,0.0100219457475,0.0100465836451,0.0101020888942,0.0100258389776,0.0100716092801,0.0100972318784,0.0134598685765,0.010186851188,0.0285859612628,252.832911602,290.640446519,1.88339042947,10.556206259,209.945462338,11.0295430873,9.68506276078,1.43012944651,4.26609666846,6.29222408195,4.48994943612,2.7036477338,2.96333973165,1.86670126873,1.93284583349,3.84016025206,4.85421025171,3.66648698603,0,3.7727807675,7.71687719492,1.48682449251,81.0630925294,4.41956611127,0,13.3949177015,1.89471938477,13.8103367381,4.36596095282,0.508808960693,12.3192576086,4.75084265147,0.557019432802,1.48390890805,3.08663761066,1.7919461348,2.20328768336,1.65822018059,2.1457736228,2.98985950507,0.395640865124,1.02069209537,0.907556667981,0.460098995725,0.72482192358,0.475912093827,0.871909088217,0.61532995476,1.17183846221,3.19129703987
sobol__0002741,116.06924507,69.09135831,37.7075349,107.17059705,8.84677269,17.57188434,38.55086337,1,usable,Converged with independently replayed constrained generalized-force equilibrium and small reserve torques,624.791867,0.779476766988,5.04770980569e-08,1.68832693449e-12,7.92082293528e-05,22,0,0.271964670666,0.0100002121532,0.057770066618,0.0100002065447,0.0100019152985,0.0100000544493,0.590090786203,0.101620581757,0.494405125952,0.0100002710449,0.0100004554779,0.0100075689772,0.0100015108149,0.0100008808081,0.0100020311197,0.269068535553,0.0115680888638,0.0114623355091,0.010060650677,0.0100452376669,0.0100001548764,0.0100008524887,0.0100150525506,0.0100212076888,0.0201817743162,0.0688205607911,0.099422942436,0.0100019454832,0.0100452376669,0.010013952175,0.0100155345289,0.0100292268852,0.0100452376669,0.0100054175256,0.0100019031923,0.0100028241641,0.0100028283448,0.0100034990425,0.0100028063439,0.0100027107391,0.0145731438647,0.0626112214194,0.0466776557697,0.0245743146373,0.0320552409753,0.0156187303878,0.0100734044732,0.0100130116911,0.0100029300788,0.0100042092541,289.628064256,10.3957012525,10.8826558986,3.78179887206,9.71630590296,13.0627257302,157.65637389,14.4931718233,177.76274668,5.73270525027,2.98517236595,2.62900157231,2.85015044175,1.81069390361,1.73304761872,28.9480845636,8.29679750409,8.12861439454,2.80309388815,0,4.98637500085,2.96078453704,10.4356045059,1.44701709882,6.37470388176,11.3353927997,16.9499945369,2.46682704688,0,0.187966161519,5.11313870508,2.7944673544,0,0.88352869069,2.46769876979,1.59882943126,2.28622944534,1.66591292286,1.96970086702,1.92540667586,0.313950777964,4.7276694262,2.98327972037,0.896790788315,1.52941819243,0.386073030244,0.44536687141,0.427363151789,2.01054349212,1.1669848137
sobol__0002749,82.31924507,109.71635831,-9.1674651,82.79559705,-61.15322731,11.00938434,16.05086337,1,usable,Converged with independently replayed constrained generalized-force equilibrium and small reserve torques,456.350081,0.567135890666,8.5312095166e-09,2.03215222427e-12,2.96558417137e-05,11,0,0.386850277039,0.320032109868,0.010087409602,0.0100058247892,0.433498669392,0.0100025645794,0.308355614338,0.010015866563,0.0100058054277,0.010001988581,0.0100025554876,0.0100075437378,0.0100071832735,0.010008308682,0.0100093509,0.0104314851148,0.0698010140954,0.0683338501012,0.0147040925811,0.0550623452145,0.0100085696439,0.0100059950122,0.0100339663083,0.010023457301,0.0101136034182,0.0801195423708,0.0635053679785,0.010015008115,0.0100329232641,0.0100421492193,0.0100340501025,0.0101562946173,0.0100830347046,0.0100382296572,0.0100270239276,0.0100415304946,0.0100395692584,0.0100494822869,0.0100403414952,0.0100408057185,0.0122706291095,0.0496011707201,0.0376088926478,0.0204162535707,0.0244601481929,0.0167703313511,0.0124247125794,0.0102057737997,0.0100550800387,0.0100805763841,329.721369993,257.064628002,1.83319608029,4.93513602709,455.507922243,13.0650470371,78.6970529516,1.3211456596,4.35652554262,6.57230355721,4.8918687781,2.74696531251,3.05156205525,1.88209169479,2.07490878291,0,48.8867508945,46.8509366411,3.75469884694,19.2141469775,4.87721140441,3.03902052287,11.1879215844,2.66939361856,3.40919299701,18.7068743971,11.3752552364,3.921462309,2.6652270806,0.952090654724,5.01668776967,2.52204121475,0.650459348886,1.60853620165,2.59468470126,1.6307486336,2.37702806046,1.73707137832,2.07670529337,1.9809685832,0.295853071299,4.4864579309,2.86728407335,0.890968277558,1.35608636501,0.588570448233,0.788219045433,0.463006946174,2.00244988177,1.17587755449
sobol__0002757,103.41299507,106.66948331,48.2544099,16.77997205,-37.40322731,14.01719684,-31.76163663,0,capacity_limited,At least one muscle reached the conservative capacity threshold while nontrivial reserve torque was still required,328.855137,9.69233948546,1.41571518952e-08,1.87920227745e-06,0.0435126050863,18,1,,,,,,,,,,,,,,,,,,,,,,,,,,,,,,,,,,,,,,,,,,,,,,,,,,,,,,,,,,,,,,,,,,,,,,,,,,,,,,,,,,,,,,,,,,,,,,,,,,,,
sobol__0002765,92.16299507,66.04448331,-17.3705901,41.15497205,52.59677269,24.95469684,-24.26163663,1,usable,Converged with independently replayed constrained generalized-force equilibrium and small reserve torques,584.388668,0.447187520585,6.57805726689e-06,2.32347474594e-12,3.17354098873e-05,22,0,0.189203993372,0.165352865545,0.0100189160611,0.0252143212057,0.0991808847917,0.0100190191364,0.0101207652177,0.0100094506172,0.0100053851704,0.010002139016,0.0100032762561,0.0100074363179,0.0100066322518,0.0100074602885,0.0100097095066,0.0100037648323,0.0100044460772,0.0100045726466,0.010045237814,0.010045237814,0.0236772699618,0.0100082192695,0.0913242281271,0.0452506893747,0.0100026080645,0.0946467040396,0.394859567654,0.010001194403,0.312953710932,0.0100036481351,0.103747655854,0.0228273781604,0.0100270040409,0.0100103837106,0.0100027967139,0.0100038035473,0.0100257885061,0.0100137844494,0.0100065298045,0.0100036234345,0.0649002323824,0.196306570747,0.145784480187,0.0507970102865,0.126264098188,0.0528547823263,0.0100155781632,0.0100063305575,0.0100025848785,0.0100024824935,212.879969018,172.462497362,1.95178998419,10.585090101,104.004340382,12.0437245519,2.49489037143,1.43988746529,4.15576104206,6.00238261092,3.52609199643,2.66828689479,2.88409304891,1.82283286324,1.84376045316,3.4871315069,6.56255955507,6.36166696128,0,0,5.89291613506,1.89133199202,107.516151315,12.3609508444,3.29565064143,23.880302978,73.5206508373,3.55515087201,142.964253476,0.797759243076,57.5840366082,5.67822511916,0.755024534143,1.71375166538,2.58192145263,1.5617218798,2.3733744243,1.73111867297,2.11032131449,1.95871766064,2.53432604615,20.8656462954,13.7552947132,2.46553120613,9.14125722169,2.49996273851,0.655091166599,0.375627094901,1.15315382725,0.92565673402
sobol__0002773,109.03799507,86.35698331,52.9419099,69.59247205,-72.40322731,1.98594684,24.48836337,1,usable,Converged with independently replayed constrained generalized-force equilibrium and small reserve torques,541.219425,0.649733397975,8.22635541908e-08,1.03000861649e-12,7.89740127298e-05,27,0,0.544794625942,0.0100002711328,0.010006276072,0.010000209881,0.0100004537509,0.0100000952215,0.426747388502,0.11826923013,0.0100063397658,0.0100005241944,0.0100006837257,0.099300461153,0.0100043272277,0.0100020802631,0.0237877608296,0.314952677315,0.010015440715,0.010015702306,0.0100431840729,0.155303470554,0.0100002420541,0.010004157565,0.0547898527911,0.0100030857302,0.0100274714105,0.0890356199502,0.0489714132447,0.0100015050952,0.0100026220999,0.0100044534829,0.0100037358642,0.0100126384539,0.010008369965,0.0100037554983,0.0100025450595,0.0100039756329,0.0100037569885,0.010004734834,0.010003858849,0.0100039111242,0.011251720873,0.0533901273589,0.0423868001218,0.0226234493817,0.0257546987314,0.0180598840762,0.0128414340661,0.010023471504,0.0100061069294,0.0100082751839,322.602310856,9.9749836533,1.96022992517,4.84902128714,9.57561900429,12.9537207595,114.955939113,17.0136169256,3.93043368965,6.10487963877,4.35771066867,26.4924711678,2.93276240728,1.85155642461,4.49029036816,43.6782373842,6.88577397196,6.73766426052,2.0331391404,52.7721585261,5.08895480468,3.16927580842,62.7195037705,2.76008616327,3.38191476009,20.5155783593,7.70188414701,3.93380853254,3.96386353599,0.951506976446,3.94291579218,2.3739070969,0.679292856228,1.61959031203,2.57811909423,1.62558361285,2.36672831709,1.72585146529,2.04743706319,1.97287566254,0.229268930367,4.28305797985,2.99358717209,0.942468554721,1.27728820676,0.592165959536,0.854295302062,0.461064080113,2.01103181581,1.16238664403
sobol__0002781,75.28799507,126.98198331,-31.4330901,126.46747205,17.59677269,-8.95155316,31.98836337,0,reserve_too_high,The posture requires more reserve torque than the quality limit permits,416.467594,463.706534647,2.75650327453e-07,1.80619531687e-06,0.362907250028,22,1,,,,,,,,,,,,,,,,,,,,,,,,,,,,,,,,,,,,,,,,,,,,,,,,,,,,,,,,,,,,,,,,,,,,,,,,,,,,,,,,,,,,,,,,,,,,,,,,,,,,
sobol__0002789,100.60049507,76.20073331,-52.5268401,87.87372205,-19.90322731,-0.74842816,52.61336337,1,usable,Converged with independently replayed constrained generalized-force equilibrium and small reserve torques,446.564368,0.172186454082,3.12585228812e-08,2.18869442064e-12,2.02046150335e-05,21,0,0.224455291114,0.157425847389,0.0100105118509,0.121675160935,0.226669841679,0.107080333899,0.0141691675489,0.0100054643198,0.0100029015583,0.0100011371478,0.0100014329108,0.0100036808208,0.0100036042382,0.0100042300658,0.0100057651072,0.0100157511273,0.0121957112238,0.0119700016637,0.0100594156303,0.0100114697863,0.0100082879853,0.0100027088131,0.0100144591781,0.0101279126869,0.0100497320585,0.0393642846988,0.0914950318554,0.0100022142107,0.0100452374256,0.0100229473153,0.0399979994921,0.0155468586665,0.0100452377595,0.0100047768225,0.0100016212113,0.0100023702641,0.0100024328746,0.0100029849724,0.0100023666825,0.0100021784306,0.010377473407,0.0404248056353,0.0342978004301,0.0161351316737,0.0249559366,0.0102376620893,0.0100300718723,0.0100085060881,0.010003025972,0.0100029700316,247.214783045,167.093219237,1.88000316019,53.2926676598,221.584633699,78.4151744933,2.68189353315,1.43257993067,4.22327783613,6.17100043031,4.31184852479,2.70469062462,2.96149092145,1.86569957112,1.88799877746,0.362740381176,8.60119568079,8.26639358772,2.62203250625,3.79946882667,5.25534418379,3.16227227431,11.0419724216,2.57571531867,3.34779317799,7.08071758468,12.6196009691,2.20091503821,2.24821355838e-06,0.0820097476701,22.2743460772,4.42448420925,0,0.895651122416,2.38201098258,1.5485711099,2.24217659807,1.63001439195,1.91632993829,1.86144705276,0.14698469617,2.21787535363,1.7733838889,0.517223037027,0.923201686138,0.228226657336,0.551979307548,0.459997852092,1.88200040393,1.10759374287
sobol__0002797,89.35049507,100.57573331,88.0981599,112.24872205,70.09677269,-7.31092816,0.11336337,1,usable,Converged with independently replayed constrained generalized-force equilibrium and small reserve torques,412.900084,1.01640972707,1.0751151347e-07,1.26476606965e-12,8.28529001449e-05,29,0,0.371920359867,0.0100007787499,0.159497196345,0.010000221324,0.0962415015006,0.0100001687078,0.89292526269,0.0100016227313,0.0100003433815,0.0100001675355,0.010000223489,0.0100009506533,0.0100007999899,0.0100008970342,0.0100027096813,0.0100452382828,0.0647475311125,0.0643977406837,0.0155565870295,0.0100452382828,0.0100014425686,0.0100005816169,0.0100037199752,0.0100016674165,0.0100029706195,0.0456837821037,0.0633032122805,0.0100010419701,0.0100024120901,0.0100032157268,0.118783227211,0.065408804417,0.0100075885659,0.0100031152735,0.0100024879194,0.010003862878,0.0100041711195,0.0100050102014,0.0100040449354,0.0100038180594,0.0203358621093,0.0845459896679,0.0100452382828,0.0309722982615,0.0275909348786,0.0171954692493,0.0100724072553,0.0100153998459,0.010005006301,0.0100062869167,183.264588096,8.57800708951,31.320229151,4.3064991734,101.373597252,11.6810232117,236.988860964,1.43850045145,3.77685069005,6.13707599421,4.42266431865,2.68411816689,2.96373893531,1.86340298299,1.97319439633,0,46.4479886762,45.9472387975,4.39734213221,0,4.20880931695,3.16815734147,10.0313530755,1.4820387581,2.37385684145,11.3783092917,8.15595575259,3.68055846004,4.00455669768,0.904249070388,31.7285134871,13.5965939862,0.558158034649,1.57543034458,2.58712698937,1.62556538822,2.3688592865,1.72974993588,2.06484281105,1.97332207473,0.507045095097,8.36822903962,0,1.50738204611,1.38308354693,0.735774279522,0.69992757507,0.460603246593,1.93451149756,1.16692707566
sobol__0002805,117.47549507,120.88823331,8.4106599,2.56122205,-54.90322731,15.65782184,-3.63663663,0,solver_failed,The static optimization solver did not converge,972.501061,,1.21241966689e-07,,,0,0,,,,,,,,,,,,,,,,,,,,,,,,,,,,,,,,,,,,,,,,,,,,,,,,,,,,,,,,,,,,,,,,,,,,,,,,,,,,,,,,,,,,,,,,,,,,,,,,,,,,
sobol__0002813,83.72549507,96.51323331,17.7856599,59.43622205,35.09677269,22.22032184,-56.13663663,1,usable,Converged with independently replayed constrained generalized-force equilibrium and small reserve torques,416.048284,0.226107712424,7.75320003754e-08,6.84949445189e-13,1.11920565932e-05,18,0,0.298748887973,0.190502507039,0.0100127165946,0.0100028905647,0.288788211926,0.0100010262097,0.0847923959926,0.0100046280875,0.0100017765417,0.0100007092583,0.0100009201954,0.0100029252335,0.0100024347463,0.0100026445588,0.010003873068,0.0100087262776,0.0100171634646,0.0100174036111,0.0100388548551,0.0100452378629,0.0100090995845,0.0100036731826,0.0220331803585,0.0147183065409,0.0100452378629,0.0442039239687,0.0100032123999,0.0269723640737,0.0100016837149,0.0100684934163,0.0219527933941,0.0101001292877,0.0100147393661,0.01000918089,0.0100172056204,0.0100377604528,0.0100067249527,0.0100098337058,0.0100107905728,0.0100328314603,0.010019325003,0.0100109957405,0.0100201735765,0.0101222243081,0.0100112661425,0.0100342848697,0.0162336189412,0.0196267060473,0.011712188409,0.0401266993202,238.115048512,163.377773056,1.77529347031,4.99325078106,310.549022568,12.9802683432,22.4872231949,1.42140019203,4.18103802465,6.40160616743,4.63889862981,2.70201392247,2.97690371114,1.87767802614,1.99314414168,1.23788087788,6.78251400015,6.63207773057,1.21023417282,0,5.11391926192,1.83249901414,25.6515568006,4.05985321766,0,10.7487606412,1.84882276566,8.76918454858,4.7123032768,0.637622073521,12.059145504,2.65225000808,0.753777175542,1.7131637201,2.30117643031,1.33300962451,2.28982726545,1.68896059124,2.12621019913,1.75356662213,0.394337984068,0.996895065652,0.897927274949,0.465559222437,0.711176765529,0.457086948944,1.34339114933,0.749568874288,0.822189688372,3.49350461144
sobol__0002821,106.57705757,80.51713956,22.18019115,71.8776283,41.65927269,4.65196246,-49.33976163,1,usable,Converged with independently replayed constrained generalized-force equilibrium and small reserve torques,427.151591,0.107407335884,4.99038961266e-08,1.27897692437e-13,3.38946295238e-06,13,0,0.302482828665,0.035611400371,0.0100108681024,0.0100033334486,0.0793142074654,0.010001094003,0.0395001649901,0.0100086247147,0.0100064162818,0.010001767453,0.0100021020236,0.0100061873552,0.0100043750526,0.0100047022344,0.0100087933585,0.0100164477163,0.0100218348938,0.0100220802766,0.010037874945,0.010045237761,0.0100029629368,0.0100046269883,0.0179510946458,0.0100887347729,0.0323224271851,0.0101453777872,0.0100121785049,0.0156184029601,0.010008987092,0.0100560088407,0.0306663319907,0.0104920766891,0.0100367559672,0.0100334212716,0.0100766126465,0.0100782565598,0.0100306592296,0.010038009311,0.0100505652554,0.0101032118646,0.0100374883764,0.0100272233479,0.0100383815204,0.0100499326423,0.0100285723453,0.0100418383412,0.0100428487446,0.0100693100733,0.0100567671024,0.0101733824101,240.897371409,36.0983076084,1.77044902904,3.78270003646,85.0568078418,13.0530390857,10.3848770393,1.43980812783,4.01388110301,6.06296349013,4.21090089113,2.67132819075,2.9322692413,1.85049752044,1.87197710295,1.72719489093,6.91258893644,6.7644604652,2.19788789355,0,4.49539671248,2.72318315025,20.4621167831,2.70595585506,10.2407625481,2.46824478643,1.93107699442,6.22248131851,4.79850922923,0.849389737337,16.2887272724,2.71102479474,0.755760108451,1.71769908535,2.43110264104,1.43633109136,2.23750241755,1.67856167597,2.13465089312,1.87401339513,0.390764535519,1.05972958628,0.929849759918,0.46823975183,0.725809054818,0.469397106442,0.836128018841,0.45642256319,0.980275930235,1.08900545197
sobol__0002829,95.32705757,104.89213956,12.80519115,128.7526283,-28.34072731,-1.91053754,-11.83976163,1,usable,Converged with independently replayed constrained generalized-force equilibrium and small reserve torques,423.323182,0.267348641435,2.34522303799e-07,1.43529632624e-12,1.30909370568e-05,27,0,0.386765449343,0.162266032552,0.0100043726856,0.0100009874605,0.224438617612,0.0100004236117,0.142251135102,0.0100028168631,0.0100009963056,0.0100003758338,0.0100004903625,0.0100016214367,0.0100013912866,0.0100014980109,0.0100019647488,0.010045237875,0.0310432484984,0.0310690970497,0.0102419926415,0.050064796342,0.0100025666684,0.010001248557,0.0100099299957,0.0100443419996,0.0100176712515,0.0553424104441,0.077779448119,0.0100020760306,0.010009060751,0.0100062149811,0.0100044191839,0.0100128146067,0.0100196265859,0.0100071115452,0.0100042221614,0.0100062887722,0.0100069219033,0.0100082255001,0.0100062440721,0.0100059689269,0.0121513873567,0.0489019415304,0.010045237875,0.0160092169995,0.0254932544375,0.0145909418128,0.0102162339419,0.0100185153737,0.0100065064194,0.0100079360506,203.114226604,145.311261854,1.6202886432,4.49741392717,241.344754696,13.0637009362,37.1512034308,1.37941827057,4.24623042365,6.55939270944,4.77294661777,2.68568493658,3.02403004475,1.88066236243,2.01656679362,0,22.2511871189,22.2882920059,2.79483321507,18.7572247845,2.19258671253,2.97937042078,6.94003522629,0.00424315064814,0.901512198013,13.9725892349,13.0057032186,3.73005161088,2.45918199037,0.908283066951,5.15435462826,2.8316755968,0.403837083388,1.56626559825,2.58322123041,1.57600924935,2.35962626145,1.72840035722,2.11863171213,1.96606710446,0.371109492559,5.33198666206,0,0.781230460313,1.53680078381,0.675754801055,0.817441466212,0.460834031992,1.71688916799,1.16785086732
sobol__0002837,112.20205757,117.07963956,83.11769115,19.0651283,6.65927269,10.12071246,14.41023837,0,solver_failed,The static optimization solver did not converge,1464.167933,,3.854752606e-08,,,0,0,,,,,,,,,,,,,,,,,,,,,,,,,,,,,,,,,,,,,,,,,,,,,,,,,,,,,,,,,,,,,,,,,,,,,,,,,,,,,,,,,,,,,,,,,,,,,,,,,,,,
sobol__0002845,78.45205757,92.70463956,-57.50730885,43.4401283,-63.34072731,16.68321246,51.91023837,1,usable,Converged with independently replayed constrained generalized-force equilibrium and small reserve torques,431.98098,0.837782765952,2.41482460694e-08,1.31758295065e-12,0.000127723567312,30,0,0.309624463308,0.503366952648,0.0100024189916,0.010006993045,0.416042068648,0.0100001044204,0.53053607397,0.010000708358,0.0100002379694,0.0100000965441,0.0100001277268,0.010000277254,0.0100003178511,0.0100004148239,0.0100005266345,0.0100004987214,0.0100068328068,0.0100069995586,0.0100451877197,0.0100130670664,0.0100005413037,0.0100006087382,0.0566985711445,0.0545176055869,0.0141452156936,0.0546402961899,0.108482611813,0.0100012095306,0.0100080491152,0.0100038860373,0.0357258522481,0.0102958780749,0.0100080736898,0.0100032278549,0.0100016981995,0.010002495256,0.0100026208751,0.0100031932997,0.0100025153428,0.0100023499736,0.0148196571111,0.060594504819,0.0477633894915,0.0226117231438,0.0360089637373,0.0111295474218,0.0100332714542,0.0100090789747,0.0100020541288,0.0100029201224,343.177981177,501.900102382,1.92305037209,4.71815311141,415.470020258,10.3433921685,119.09419225,1.3347730228,4.4102860794,6.56582484362,4.74231203323,2.67576972055,3.00750331446,1.87985286902,2.02159310642,1.30051986895,6.59315154271,6.40857255944,0.00230550688576,3.47790841471,4.88251325722,1.99137591873,66.7449721023,14.7316711334,3.77802869905,8.69268613022,19.5898409625,3.90952515403,1.54350253268,0.930335769334,10.8766491083,2.53262985356,0.566097781147,1.57069764557,2.46327212288,1.59727051153,2.2747225708,1.65752635836,1.96267631656,1.91874584784,0.299217677902,4.32436704092,2.99581545113,0.779623442392,1.80112677766,0.218944018362,0.460060808831,0.434613225789,1.98456408616,1.16726783404
sobol__0002853,98.13955757,110.98588956,-27.03855885,0.7838783,64.15927269,8.48008746,42.53523837,0,reserve_too_high,The posture requires more reserve torque than the quality limit permits,406.516358,230.822379205,3.69616322216e-07,2.01240675612e-06,0.228086367023,25,2,,,,,,,,,,,,,,,,,,,,,,,,,,,,,,,,,,,,,,,,,,,,,,,,,,,,,,,,,,,,,,,,,,,,,,,,,,,,,,,,,,,,,,,,,,,,,,,,,,,,
sobol__0002861,86.88955757,70.36088956,57.33644115,57.6588783,-5.84072731,19.41758746,20.03523837,1,usable,Converged with independently replayed constrained generalized-force equilibrium and small reserve torques,542.888501,0.128538635938,4.1401733597e-08,3.43717055784e-13,1.05980945028e-05,22,0,0.21091174576,0.0100014973515,0.0100542495025,0.0100011159525,0.197594589792,0.0100005268561,0.142044240634,0.0100139854583,0.0100080189808,0.0100034275307,0.010005620533,0.0100061979446,0.0100050956068,0.0100059021455,0.0406548032065,0.0498096132725,0.0100126460835,0.0100128540256,0.0100368816753,0.0140203682361,0.0100019171929,0.0509351831815,0.0334666845428,0.0235672288799,0.0389370610954,0.0576216684374,0.0644275143182,0.0100025102233,0.0100061481939,0.010006494892,0.0100238247296,0.0100259710578,0.0100129690147,0.0100064043347,0.0100037269465,0.0100055583565,0.0100054607067,0.0100067369484,0.0100055339009,0.0100054177928,0.0105256168523,0.0443944907412,0.0317528839559,0.0168628051876,0.0222634044307,0.0129617236745,0.010106561585,0.0100234871305,0.0100067936764,0.0100094849875,227.237060415,10.011224657,1.88144207699,4.86307574927,189.034450844,12.3046709109,38.1569374621,1.43279268491,3.70179235256,5.63777098628,2.69521804369,2.61965731221,2.8263153415,1.79410621136,7.50013018975,10.2083936965,6.76040366624,6.60896273614,1.05996861347,5.26883739272,5.25159635452,15.8477850113,39.0608685753,6.50330823031,12.9323151608,12.1885306501,12.4191780474,3.9675927641,2.64320748405,0.960934057094,5.5544874383,2.85357233448,0.671335595386,1.60646500923,2.56588939777,1.62583318588,2.35361643304,1.71572861023,2.03345062875,1.97337340629,0.277177673471,4.28498244851,2.50713025086,0.736777067158,1.34792108694,0.427315329836,0.528451209087,0.413678355491,1.90979718067,1.13766249278
sobol__0002869,115.01455757,82.54838956,-22.35105885,86.0963783,29.15927269,7.38633746,-21.21476163,1,usable,Converged with independently replayed constrained generalized-force equilibrium and small reserve torques,541.15187,0.0866591465655,2.32057999483e-08,2.69264408341e-13,4.53746674396e-06,6,0,0.267814280714,0.030370170967,0.0100196973221,0.0100268877973,0.0525720230756,0.0100034666369,0.0101047877132,0.0100176779879,0.0365337329621,0.0100024249695,0.0100029825129,0.0100134049175,0.0100101744642,0.0100100128739,0.0100129508463,0.010050040678,0.0321841937098,0.0315131112788,0.0101807224816,0.0100675030563,0.0100030474431,0.010004743136,0.0100101160174,0.0100100212399,0.027697548914,0.0137853756823,0.0100105653869,0.0204408835361,0.0100066312144,0.0100917942855,0.0348021883702,0.0230352151908,0.0100396509289,0.0100311973725,0.0120245186903,0.0113108014998,0.010042430157,0.0100593891987,0.0101183210382,0.0131896537373,0.0100493332597,0.0100312190507,0.010049610593,0.0100741474369,0.0100322998414,0.0100585659731,0.0101054057708,0.0108165289723,0.0149140693162,0.0255902027924,241.997535215,31.9954990053,1.766307006,3.05060488809,54.1847966918,8.39240040898,2.39274871311,1.43851004035,14.9683996047,6.20272648561,4.441492708,2.70654046214,2.96986191225,1.87380912301,1.89928173128,1.16519738293,22.6435562034,21.7078552769,2.63590478543,0,4.44208405026,3.14439436382,11.0812468768,2.54210907006,8.75127578388,3.4806604917,1.92308202201,8.22341773724,4.36048154999,1.01413351754,18.2041085919,6.13288378521,0.704846489969,1.65685864802,3.10881969672,1.79951155208,2.37482792023,1.73857945137,2.13518349427,2.59497067661,0.326825679567,1.09540310262,0.9476453715,0.491592286219,0.673090854963,0.474696060915,0.749161312416,0.492173389158,2.19723320312,2.92590132526
sobol__0002877,81.26455757,123.17338956,43.27394115,110.4713783,-40.84072731,-3.55116254,-43.71476163,1,usable,Converged with independently replayed constrained generalized-force equilibrium and small reserve torques,373.600651,0.58943445762,6.11971415765e-08,8.52651282912e-13,4.66196404243e-05,28,0,0.306227517146,0.0100010787217,0.010003740576,0.0100001960621,0.277795084227,0.0100001034717,0.608696257372,0.0100023557882,0.0100002849436,0.0100001979534,0.0100002942242,0.0100009404252,0.0100008673804,0.0100011218892,0.0100114730528,0.010045237529,0.100462575774,0.0997230249672,0.0236477899225,0.118929987961,0.0100067644294,0.0100013033357,0.0100024275703,0.0100018085594,0.0100064137771,0.0689045242869,0.040726614951,0.0100016985485,0.0100030010178,0.0100050913792,0.0100016440892,0.010007187363,0.0100104491065,0.0100050460661,0.0100047005913,0.0100072963345,0.0100075326111,0.0100086421451,0.0100060939045,0.0100067593116,0.010969051688,0.0367903690842,0.0291956544886,0.0128288405632,0.0241299843274,0.0135963232183,0.012678245827,0.0100257031127,0.0100105996593,0.0100113171764,180.885406995,4.22241782636,1.8087966587,4.64576983543,297.337357522,12.3089489856,163.969043574,1.3126748429,4.2356227497,6.57021167334,4.94072818921,2.74534394178,3.08774990765,1.88082728388,2.08253309997,0,72.0663901094,71.0091666413,6.65813427934,43.2921267159,0.44503899004,3.16457316601,10.205633669,1.75375249783,1.52794974323,16.540668241,7.31040745159,4.06265849317,4.55169843918,1.01050371331,5.48985035169,2.70144888663,0.713319736176,1.68563492491,2.25736741638,1.33375405953,2.08812815981,1.5908822457,2.12494759221,1.76978108196,0.405997910983,3.9818055316,2.73133781709,0.59795636165,1.70537367506,0.639992901269,1.10536243933,0.460869658254,1.09147978833,1.14207774294
sobol__0002885,105.17080757,126.22026456,-4.77293385,46.4870033,-17.09072731,-6.55897504,28.47273837,0,solver_failed,The static optimization solver did not converge,1169.462739,,8.76669146166e-08,,,0,0,,,,,,,,,,,,,,,,,,,,,,,,,,,,,,,,,,,,,,,,,,,,,,,,,,,,,,,,,,,,,,,,,,,,,,,,,,,,,,,,,,,,,,,,,,,,,,,,,,,,
sobol__0002893,93.92080757,85.59526456,42.10206615,22.1120033,72.90927269,0.00352496,35.97273837,1,usable,Converged with independently replayed constrained generalized-force equilibrium and small reserve torques,420.433945,0.262192946711,1.94242598126e-08,9.27461521323e-13,3.20995883779e-05,30,0,0.353703884181,0.121156418392,0.010009059216,0.0100024790949,0.16941620068,0.0100010964512,0.0637485625448,0.010005984637,0.0100028293174,0.0100010411435,0.0100013071344,0.0100041290021,0.0100031023121,0.0100035399798,0.0100071790876,0.010003154279,0.0100027641807,0.0100032276609,0.0100452379148,0.0100452379148,0.0100078599985,0.0100082997246,0.143936412207,0.0406190340274,0.0713275962768,0.0976100152441,0.15033466416,0.0100007792735,0.0100014570502,0.0100022783893,0.0902690811709,0.0101505921465,0.0100042255937,0.0100018861354,0.0100010849491,0.0100016277974,0.0100016029943,0.0100020084655,0.0100016105853,0.0100015313239,0.0197562702003,0.0933845049907,0.0716828191782,0.0352671279238,0.0498802041675,0.0227317478403,0.0101009962055,0.0100075845557,0.0100021228837,0.0100024740502,257.389149949,117.887183897,1.93352476735,4.99306440681,178.289436563,12.7518827815,17.1718588677,1.43942206332,3.98938741248,6.10066372073,4.33580929459,2.67610412892,2.93296330822,1.84873779562,1.90808425984,3.35907254644,6.1462761285,5.20943310887,0,0,3.15555665042,1.28828983442,169.392484591,9.94178977951,18.919839316,16.070189658,25.2903710461,3.99469042128,4.36797862828,0.951283604576,50.2888565504,2.04412227078,0.699954578778,1.63182012845,2.43500221041,1.57253899408,2.28619749426,1.66201748938,1.9538445031,1.88829083186,0.397497278998,7.41165235691,4.8676667976,1.40857490789,2.57467017054,0.633477002622,0.527642072056,0.460293953198,1.97435618854,1.13873706045
sobol__0002901,110.79580757,65.28276456,-37.58543385,123.6745033,-52.09072731,20.78477496,-35.27726163,1,usable,Converged with independently replayed constrained generalized-force equilibrium and small reserve torques,529.718596,0.0431381112713,6.4656276777e-08,6.52595449309e-13,7.63946014681e-06,5,0,0.159591766053,0.0182646942244,0.0100192663086,0.0100547294917,0.0564256883334,0.0151580950852,0.0101006806672,0.0100161747942,0.020476891647,0.0100070824094,0.0100069071741,0.0100125049552,0.0100103741957,0.0100108886109,0.0100198598861,0.0100316506568,0.0100088061404,0.0100088063967,0.010021633181,0.0488290794661,0.051478691369,0.0211624260547,0.0561693462705,0.0100211351815,0.0100452379411,0.0100110366706,0.0100101663444,0.0224473124611,0.0146166264702,0.0107948775812,0.0100063179625,0.0100155810102,0.0100584559264,0.0100887604331,0.0121930358273,0.0101773911455,0.0101399104245,0.0101013161709,0.0102089513456,0.0105384218237,0.0100267257991,0.0100137816454,0.0100150064181,0.0100243950277,0.0100214173367,0.0100258897073,0.0100324236445,0.0100570648774,0.0153554379502,0.0103126393472,181.183103449,19.8296152268,1.97351629518,3.88936506785,56.2336628954,11.6949093323,1.92376715963,1.44085179892,8.39656856045,5.86837282611,3.01669111109,2.68004950938,2.90284838236,1.8347291168,1.77567014223,0.311057579019,7.17934563029,7.17908674464,2.8317497667,17.3585817457,24.5640599894,4.84260523775,44.7924685101,0.816848438382,0,2.52407003294,1.9089068703,9.13114675825,3.52154030073,1.08930400573,5.41611814963,2.59203984146,0.655924671828,1.64308434756,2.7803810999,1.33291778081,2.31086965659,1.69840543209,2.16829766609,1.82497207205,0.394721020965,1.05198888652,0.938291765112,0.47735400486,0.725546056667,0.473683011793,0.81848703167,0.395494556289,1.61634451966,0.975996213917
sobol__0002909,77.04580757,105.90776456,65.53956615,66.7995033,37.90927269,14.22227496,-27.77726163,1,usable,Converged with independently replayed constrained generalized-force equilibrium and small reserve torques,374.341075,0.342816984339,1.47057566124e-08,1.48503431774e-12,2.93994570447e-05,18,0,0.222650308508,0.0100014345856,0.0100332116435,0.010000548776,0.353401989588,0.0100002728876,0.345312452338,0.0100050530648,0.010000839846,0.0100005037776,0.0100007266032,0.0100029376438,0.0100022544909,0.0100026920423,0.0435217983309,0.0138312879155,0.114751197536,0.112266361736,0.0173728805204,0.0100452377583,0.0682302045519,0.0100030080311,0.0100024415218,0.0100023959851,0.0100111091285,0.0460436815756,0.0293479514368,0.0100026503805,0.0100031634452,0.0100073693909,0.0636556892438,0.0457696984198,0.010012573359,0.010006950275,0.0100082444204,0.0100127118346,0.0100110774803,0.0100134791165,0.010011742562,0.0100124732669,0.0118095825982,0.0416122512093,0.0373503824948,0.0177738936508,0.0177889602337,0.0125903925477,0.0101212917709,0.010035787071,0.0100116580914,0.0100191139579,151.253792286,6.34929188559,1.91537292279,4.21767057517,380.073160613,11.7804166671,92.9071112885,1.4328054685,4.00587825837,6.3055944867,4.587537334,2.7069279,2.99358052875,1.87656770352,8.87415979785,0.528724831426,78.5730548378,75.2069181155,3.14144340447,0,35.7795897552,2.00154269116,11.5073179877,2.72165629814,3.34826635299,11.6253243223,5.65945044735,4.07616566634,4.51978405396,0.989267926674,34.3444144742,11.9382608255,0.741159448396,1.70393200064,2.57840991771,1.5537327108,2.36574571763,1.72987258878,2.11951706804,1.95592693405,0.429002655533,4.52209241905,3.52584295384,0.865319799335,1.28359449835,0.595505469166,0.739065068543,0.428949400266,1.27366470421,1.05212833259
sobol__0002917,102.35830757,95.75151456,77.25831615,109.4557533,-39.59072731,23.51914996,-7.15226163,1,usable,Converged with independently replayed constrained generalized-force equilibrium and small reserve torques,366.968643,1.04597748444,1.91671670535e-07,1.15818465929e-12,5.2213905668e-05,26,0,0.585091023335,0.0100001854267,0.0100034914608,0.0100001150341,0.0100006908468,0.0100000578741,0.760626288898,0.010004745756,0.010000341795,0.0100001840867,0.0100002545488,0.0100023528741,0.0100011066999,0.0100010005092,0.125104301363,0.010045237824,0.0637344306311,0.0631904411492,0.014923914791,0.121181304636,0.0100004378715,0.0100018984006,0.0100036938334,0.0100020815877,0.0100010272901,0.0100043853244,0.232450734998,0.0100019498566,0.111879261038,0.0100063926833,0.0100017606528,0.0100069598561,0.0108879340183,0.0195269791369,0.0100130874848,0.0100114427862,0.0659778335958,0.034887137475,0.0167108237778,0.0100108333416,0.0266953719624,0.0669272053781,0.0347294337623,0.0100606963951,0.0629361530887,0.0100569899111,0.010007424366,0.0100061435712,0.0100029116186,0.0100024873024,246.248116167,9.65841339822,2.00870644129,4.85270777036,9.78851791763,12.2551764132,202.796054199,1.43920958299,3.88973024021,6.17784508929,4.4615705914,2.67806523196,2.95601803346,1.86243388428,24.166727058,0,45.7180105165,44.9408201329,4.18919265515,44.2332567513,1.54181279024,2.95560163933,10.2857740401,1.81804738658,3.09633608035,2.50409398121,44.8384860727,3.92433374367,11.4951706717,0.961358935575,5.49276489116,2.71986655129,0.542183019667,3.09042059879,2.58292045608,1.5440557001,15.6199035332,6.03123419445,3.53007784415,1.95213358621,0.918136719122,7.30839744383,3.25607777803,0.490900326397,4.4195404468,0.458080813007,0.660505678607,0.385613805922,1.4283782222,0.992261844497
sobol__0002925,91.10830757,120.12651456,-44.61668385,85.0807533,50.40927269,12.58164996,-59.65226163,0,solver_failed,The static optimization solver did not converge,1650.608161,,2.8768397442e-08,,,0,0,,,,,,,,,,,,,,,,,,,,,,,,,,,,,,,,,,,,,,,,,,,,,,,,,,,,,,,,,,,,,,,,,,,,,,,,,,,,,,,,,,,,,,,,,,,,,,,,,,,,
sobol__0002933,119.23330757,99.81401456,25.69581615,64.7682533,-74.59072731,-8.19960004,56.59773837,1,usable,Converged with independently replayed constrained generalized-force equilibrium and small reserve torques,492.56426,1.39145779875,1.55090917886e-07,2.77822209682e-12,0.000196882208417,24,1,0.999999483086,0.109403256318,0.0100032465996,0.0100001055658,0.0100001522353,0.0100000257518,0.216861687456,0.0100012973748,0.0100003434689,0.0100000343721,0.0100000530102,0.0100015713714,0.0100004096218,0.0100003142985,0.0100002732116,0.443163624282,0.0100231740962,0.01002342307,0.0100400138414,0.239721198465,0.0100000471144,0.0100002199422,0.0142446294488,0.0100012557591,0.190468740431,0.143306751611,0.0100024577587,0.0100024872072,0.0100012707719,0.0100099230533,0.0100016889627,0.0100060195028,0.010014067817,0.0100045118886,0.0143630315785,0.0309618283248,0.0100076724424,0.0100132750228,0.01002936156,0.0625805807198,0.0100280415138,0.0100235344979,0.0100543185628,0.0163012883925,0.0100146773658,0.0167501595687,0.0463522452528,0.0586065923062,0.0100035603944,0.0826725575405,324.845702854,107.742217568,1.78308668624,2.65154225061,10.7390709061,12.4327004804,56.7344587193,1.41510603965,4.15147909899,6.51612011674,4.72109457195,2.70654937716,3.02340686109,1.88018967528,1.97679654983,62.2400363804,6.84240307763,6.69364352944,1.65209003504,80.9075324284,5.23563841334,2.95691616312,16.4448379784,2.76034638092,63.7143732315,27.897876263,1.2266653759,3.67637359617,2.51149704096,0.67585172089,3.63316149235,2.35267552682,0.312371442464,1.49133957631,3.44634049051,4.81520151963,2.25878319589,1.64145105586,1.93480447724,11.6483121514,0.128393780399,0.534919946616,0.525390001728,0.541364755577,0.360271806842,0.399204909237,2.91391042215,2.64051679112,1.86116196921,8.89434920828
sobol__0002941,85.48330757,75.43901456,-2.42918385,7.8932533,15.40927269,2.73789996,4.09773837,1,usable,Converged with independently replayed constrained generalized-force equilibrium and small reserve torques,412.91443,0.177616046443,3.81484381862e-08,1.10804574993e-12,6.46781808769e-06,19,0,0.218713719158,0.188859664202,0.0100204457642,0.0136997116305,0.186943797155,0.010003721729,0.0263868642696,0.0100073019406,0.0100036868879,0.0100014279697,0.0100017614895,0.0100053102198,0.0100045824984,0.0100051571674,0.0100066697737,0.0100016886224,0.0100024301671,0.0100031243012,0.0100452377818,0.0100452377818,0.0884883265222,0.0100164387054,0.19196376621,0.0519289496525,0.050885364478,0.0530811577184,0.03467690284,0.0100055345795,0.0100192035216,0.0100101789094,0.0136184304614,0.0100142672548,0.0100210220161,0.0100127985834,0.0100055307795,0.0100079453334,0.0100085649105,0.0100102363164,0.0100082456518,0.010007606209,0.0100749968485,0.0174625621804,0.0127659512697,0.0100900716722,0.0111344073461,0.0102307658153,0.0100766471256,0.0100230201499,0.0100084041458,0.010010728321,238.126424642,190.238852692,1.89344394051,6.57090928167,200.329602673,13.0630353246,6.76618216595,1.43960249943,4.15728422493,6.12610681784,4.26477623259,2.67787553478,2.90817111613,1.83661835899,1.90234383954,4.57967247186,5.05166945736,3.86967074711,0,0,25.0333125064,1.49576064826,224.107083287,12.3165227769,15.1441325348,12.0809164798,6.68907875395,4.05981029664,4.68246817871,1.01061445257,6.23793094356,2.7505234879,0.754475491191,1.71402742435,2.58765677481,1.6261957416,2.36983756665,1.73040326855,2.06373660287,1.97438255192,0.316221378569,1.90671082395,1.19646165713,0.492388323804,0.766488740496,0.410377376712,0.680523275067,0.460988163378,1.96166164416,1.16819406309
sobol__0002949,108.68643257,103.36870206,56.75050365,95.7448158,-56.46572731,17.09336871,35.50398837,0,reserve_too_high,The posture requires more reserve torque than the quality limit permits,324.517836,23.2969599204,2.90956982951e-08,1.93033673801e-06,0.0717080493921,29,1,,,,,,,,,,,,,,,,,,,,,,,,,,,,,,,,,,,,,,,,,,,,,,,,,,,,,,,,,,,,,,,,,,,,,,,,,,,,,,,,,,,,,,,,,,,,,,,,,,,,
sobol__0002957,97.43643257,78.99370206,-27.62449635,103.8698158,33.53427269,10.53086871,28.00398837,1,usable,Converged with independently replayed constrained generalized-force equilibrium and small reserve torques,414.710526,0.0707898024606,1.01618837789e-08,3.46684546777e-13,9.54211065357e-06,22,0,0.147754663773,0.178360281641,0.0100181889311,0.0241846910421,0.0619567394988,0.0184431167242,0.0100545240678,0.0100094567493,0.0100052287252,0.0100019242724,0.0100023545279,0.0100072513164,0.0100067629327,0.0100076076909,0.0100081101893,0.0100318483058,0.033463513212,0.0329636326781,0.0101639686203,0.0100452378498,0.0100059833175,0.0100027101578,0.0100064594895,0.0100080670289,0.0100490418492,0.0414533660485,0.0435706345521,0.0100029094624,0.0100452378498,0.0100120660725,0.0220691109436,0.0170758282962,0.010042174986,0.0100069137522,0.0100037672598,0.0100055630808,0.0100052996249,0.010006553123,0.0100054576288,0.0100053772203,0.0101635095156,0.0340754920481,0.025682422807,0.0141484477696,0.0152308183169,0.0104974664601,0.0100729583428,0.0100222000478,0.0100064752399,0.0100089533936,156.688741458,185.16431214,1.83549803271,9.11339828791,63.6990744302,18.9974965158,2.4107750167,1.43691807145,4.19502655921,6.18410483336,4.37368309777,2.70125832881,2.95433039233,1.86303657372,1.898934962,0.249513447074,23.9870753943,23.2753356575,2.80037452156,0,5.25115794198,3.16810828798,10.571056153,1.78688404033,3.15964825414,7.59371035731,7.13714460426,3.05610179433,2.58442236975e-10,0.414506194642,10.7984811201,4.50051875202,0.0155867037334,1.21251696501,2.49161846573,1.60897030862,2.31409137579,1.68480830995,1.98878469398,1.93623028272,0.221514528254,2.73167891042,1.7289279724,0.556912093612,0.734089361595,0.308555653984,0.507989479989,0.457337920015,2.01125062241,1.16798698523
sobol__0002965,114.31143257,91.18120206,52.06300365,10.4323158,-11.46572731,-1.50038129,-28.24601163,1,usable,Converged with independently replayed constrained generalized-force equilibrium and small reserve torques,517.127975,1.12289936791,2.42659368155e-08,1.5418777366e-12,9.21838076041e-05,19,0,0.915946906923,0.0100003819346,0.0100019067867,0.0100001781587,0.0100001773576,0.0100000770293,0.0100147671201,0.0102336093798,0.0100011409073,0.0100001240005,0.0100001825518,0.0702289247291,0.0100014031643,0.0100008318773,0.010001070735,0.306161340901,0.0100011699222,0.010001495671,0.0100452377263,0.048978459045,0.0100002891081,0.0100011895163,0.391589352407,0.104843651659,0.0100452377263,0.103220110211,0.0100073467387,0.0358497548768,0.0100041161531,0.0100316156505,0.0494441368913,0.010012615252,0.0100404356608,0.0100454962809,0.0100083938907,0.0100132134749,0.0100092242408,0.0100119839765,0.0100106532423,0.0100129943476,0.0100308366896,0.0100185982988,0.0100446836395,0.0100553838178,0.0100239848018,0.0102464127539,0.010180154745,0.0100516190165,0.0100135062184,0.010030373,432.66690724,9.92878290262,1.99156003578,4.37549874767,9.64265882562,13.0563349528,2.6976383426,1.47211518209,4.00067708608,6.22882340518,4.50508426815,18.8276797263,2.95824734699,1.86679842295,1.91481249436,123.631305717,5.27614141581,4.10436267065,0,18.585180681,3.40811261757,1.6479765141,458.458253923,25.1820075989,0,26.0320210095,1.93019201417,11.3809119607,4.67219406925,0.694230874038,18.1578757397,2.85055262759,0.649391734343,1.63363775673,2.53342552347,1.50237045812,2.30287376904,1.71236082265,2.12581156626,1.92901327318,0.384710686148,1.06234223787,0.935320875968,0.471080503396,0.725637744826,0.484639237083,0.846681458659,0.462235272183,1.39503654434,1.16654392918
sobol__0002973,80.56143257,115.55620206,-13.56199635,51.0573158,78.53427269,5.06211871,-35.74601163,1,usable,Converged with independently replayed constrained generalized-force equilibrium and small reserve torques,388.086809,2.25546166179,3.47159296865e-08,2.65742983174e-12,0.000171358293042,25,1,0.615128825318,0.540930979947,0.0100039391184,0.010000089447,0.694283462226,0.0100000385031,0.99999922678,0.0100003660481,0.0100001002369,0.0100000322635,0.0100000449453,0.0100001427927,0.010000132618,0.010000157067,0.010000196296,0.010000843641,0.0566505997422,0.0553028164166,0.0100587638601,0.010045237778,0.0100001473347,0.0100007661784,0.0100061743681,0.0100013863763,0.010045237778,0.0517517701694,0.010001984487,0.0100032075247,0.0100009294081,0.0100085188574,0.286154752299,0.0534250090276,0.0100066365203,0.0100033990284,0.0100098377171,0.0100305188213,0.0100055183562,0.0100083650391,0.0100108106386,0.0105354481723,0.0100339399578,0.0100186452194,0.017012279926,0.0202417237003,0.010010418051,0.0100477880367,0.0101812533086,0.0270731141734,0.0116821657923,0.0587397148274,548.338848749,394.023728071,1.85446709057,4.94903160217,725.785568593,13.061904129,254.121042688,1.27875672939,4.39923811741,6.54160248361,4.96555698475,2.75511083861,3.06793625563,1.8807267957,2.08010209975,0.523228555446,37.8363291718,36.0570720466,0.496404384622,0,3.78340593598,0.488979199763,11.7581189245,2.75627539014,0,13.0513458307,1.92832203054,3.55925206411,4.79777399087,0.749484201512,152.993498261,10.18661299,0.737734249284,1.70916868459,2.54709202248,1.53007843957,2.3287496128,1.71863064271,2.12500262997,2.05148891618,0.359900731368,1.08725646106,1.6055629195,0.972644641253,0.721790545087,0.475238417354,0.785627717582,1.23427582253,1.43037427554,6.57227229067
sobol__0002981,100.24893257,72.89995206,7.53175365,24.6510658,-78.96572731,-4.23475629,-56.37101163,1,usable,Converged with independently replayed constrained generalized-force equilibrium and small reserve torques,467.701853,0.148260031028,4.46783747776e-08,4.74647621142e-13,2.44855056152e-05,19,0,0.257836180658,0.0518076515441,0.0100150019427,0.0100078956342,0.12154465664,0.0100019540255,0.0297913585208,0.0100097421473,0.0100068152612,0.0100029058022,0.0100035492913,0.010006969942,0.0100057663557,0.0100064515268,0.010012077252,0.0100035149646,0.0100038512233,0.0100043694196,0.0100452352873,0.136325372411,0.149824793003,0.0703432451063,0.100541751339,0.0100099313978,0.0100452352873,0.0131638439329,0.0100027953803,0.0256957674861,0.0100033946911,0.0100467263465,0.0100066388171,0.0100099476754,0.0100252169122,0.0100151089973,0.0178313091073,0.0188273217559,0.0100174683205,0.0100318290489,0.012207489895,0.031790561429,0.0100147363452,0.0100060860181,0.0100104733242,0.0100206132195,0.0100096590442,0.0100293744685,0.0100165885525,0.0124040649478,0.0134206145341,0.0321932474419,269.54863699,53.259100627,1.82291547777,3.89688873568,130.718142313,12.9918553335,7.6734063328,1.43990432083,4.04769195519,5.97633670496,3.70079349028,2.66457966658,2.89280000989,1.83078365477,1.84349695202,4.10953406197,6.24960312751,5.44168752592,0,45.1852894884,58.3951345686,18.0946453491,118.352697577,2.45753271993,0,3.10143971413,1.92926692249,5.14140597715,2.95800492268,0.248538080383,1.76620473934,2.31698624864,0.387854422063,1.22100925456,3.51791007653,2.22373140752,1.88675894397,1.45478124103,2.57270669966,5.13888667269,0.39455963045,1.02263793387,0.888565508501,0.44294704957,0.724428081754,0.460467259567,0.880764142016,0.56957047449,1.14359526666,3.52680025051
sobol__0002989,88.99893257,113.52495206,16.90675365,32.7760658,11.03427269,6.70274371,-3.87101163,1,usable,Converged with independently replayed constrained generalized-force equilibrium and small reserve torques,348.115087,1.08876796037,1.37588926918e-08,1.78346226676e-12,8.54140474581e-05,24,0,0.721577889672,0.327004723716,0.0100030024548,0.0100003032114,0.502208744104,0.0100001547218,0.437488097181,0.0100011738847,0.0100003078565,0.0100001335109,0.0100001788617,0.0100005746923,0.0100004650561,0.0100005707763,0.0100007323497,0.0100012189189,0.0100070386004,0.0100074057547,0.0100452378643,0.0100452378643,0.0243627451649,0.0100035059627,0.0519571828518,0.0552999832084,0.0359565419494,0.0613279526724,0.0419524444333,0.0100127042518,0.0100509190572,0.0100326300966,0.0100004037583,0.010000973899,0.0101515521257,0.0100384692572,0.0100041377304,0.0100053317551,0.0100077014051,0.010009070879,0.0100056815146,0.0100051462342,0.0100187771246,0.010007832381,0.0100452378643,0.0100129836398,0.0100611062917,0.0100308052119,0.0187033076927,0.0100370890029,0.0140970500528,0.0100408242597,418.471411154,229.840787566,1.70640109448,4.98895861692,539.328015547,13.0448371401,115.030293012,1.31359728294,4.29635404921,6.57106276607,4.89242315887,2.73300650101,3.00772214386,1.88081208351,2.07034827118,1.56148137793,6.44202656915,6.06467331116,0,0,10.8649527514,0.98211674025,61.1728249601,14.7552198976,11.9108384895,15.2754245174,8.09242928072,4.08145478301,4.61758041912,1.01259437475,5.3070721833,2.77347824857,0.761337238546,1.71634575368,2.58895726134,1.62331842571,2.36969486528,1.7304821404,2.08325720672,1.97386276555,0.30964378873,1.09244997464,0,0.488599122868,0.685535993146,0.431283946352,1.28953551742,0.460027882596,2.52307097553,1.17015890204
sobol__0002997,117.12393257,125.71245206,-53.40574635,77.4635658,-33.96572731,18.73399371,7.37898837,1,usable,Converged with independently replayed constrained generalized-force equilibrium and small reserve torques,747.627388,0.699195485726,4.00228401531e-08,5.39301936442e-12,2.06468205184e-05,11,0,0.362606925669,0.485087816766,0.0142791048663,0.0904380743526,0.239191123475,0.231759025674,0.0100055992005,0.0100109022831,0.010007421665,0.378933577268,0.0373398727727,0.157871249114,0.120583573228,0.0203132700234,0.0100077560838,0.010045237771,0.0984775750372,0.096383261751,0.0190351109378,0.0100090227735,0.0100006648081,0.0100033455603,0.0100025305197,0.0100047526526,0.0100067065954,0.0153327903352,0.0590980628054,0.0100041115527,0.0100203212716,0.0100103815734,0.0144537734047,0.0196922155668,0.0100212297777,0.0100130265356,0.0100110388475,0.0100146393275,0.0100194766941,0.0100207038039,0.0100169990694,0.0100139447144,0.010171435559,0.0304054501975,0.0209368510178,0.0104642318071,0.0164630878674,0.0101158843275,0.010035579134,0.0100219541984,0.0100088381959,0.0100102497912,119.769815648,478.573251003,2.18261780258,40.1616390406,248.150325609,226.00666902,2.04236483788,1.16174338265,4.44234655958,247.483282866,17.9030833626,43.9598141028,37.8094632329,3.73183169738,2.08142448065,0,68.4605387897,65.5794628257,4.69114545381,3.70040101617,5.00128130897,2.46792846991,11.2776455365,2.66088358,3.37443228134,3.68259547889,11.3935728983,3.98189865065,2.67848541062,0.973240630412,7.9742416753,5.48456894752,0.670951071595,1.61694561664,2.59074742361,1.62191040953,2.3724420922,1.73241503084,2.08274517505,1.97533828249,0.289724587582,3.16859905269,1.77783606419,0.492100871498,1.04102912799,0.392334682099,0.612252239071,0.414987543595,1.74237887351,1.10613750457
sobol__0003005,83.37393257,85.08745206,87.21925365,118.0885658,56.03427269,7.79649371,59.87898837,1,usable,Converged with independently replayed constrained generalized-force equilibrium and small reserve torques,670.224229,0.367916773986,5.11595175112e-08,1.24344978758e-12,4.49184125635e-05,18,0,0.207782056398,0.0100002456227,0.0412829104942,0.0100003081473,0.189105097645,0.0100002768084,0.305587702507,0.0636738569608,0.0100280611533,0.0100064853531,0.0100103901915,0.0230298276296,0.0183953555424,0.0100330279734,0.287611298806,0.0100452374974,0.0508421669189,0.0507839858734,0.0129204517376,0.0100452374974,0.0100023707263,0.0830187297348,0.0100050750693,0.0100041245757,0.0100030261545,0.0649029970069,0.159163395541,0.0100053369824,0.0100452374974,0.0100452374974,0.149991696519,0.110915212922,0.0100452374974,0.0100101934366,0.0100006956634,0.0100010327703,0.0100010476739,0.0100012889021,0.010001055435,0.0100009653457,0.0288019088872,0.11056124178,0.0910864682996,0.0456968407874,0.0559066863667,0.0172174543632,0.0100189932198,0.0100037850547,0.010000863825,0.0100011685586,187.541747355,9.56785159049,7.87002264967,4.31071939656,203.237310734,11.7189648608,72.673034658,9.15673803167,3.53347801502,5.83412642871,3.27706441784,6.07789536084,5.29762067824,1.8220029289,55.0944975315,0,36.4734949611,36.3900986701,3.65907189155,0,3.45643180779,25.377438749,9.09996122229,0.696859005803,3.08126008612,7.65421952504,21.1937952784,0.284906190218,0,0,39.2053890755,26.9849432249,0,0.131764135532,2.29712076094,1.50943612315,2.18830009629,1.59196925279,1.80766021501,1.8171142145,0.459392186962,6.0127545835,4.42882606586,1.3464077781,1.97972228617,0.289031266466,0.390004592967,0.459979718046,1.87869002342,1.1346765057
sobol__0003013,104.46768257,88.13432706,-47.54637135,54.1041908,2.28427269,14.63243121,-14.18351163,1,usable,Converged with independently replayed constrained generalized-force equilibrium and small reserve torques,437.554624,0.406625947636,8.21786301231e-08,2.35241051431e-12,1.73069618984e-05,12,0,0.386620714271,0.216335773511,0.0100056824764,0.235534272766,0.384880625623,0.0100011612362,0.0101978171615,0.0100032851835,0.0100014603166,0.010000537408,0.0100006758913,0.0100017384878,0.010001885085,0.0100023681347,0.0100028497922,0.0100039031027,0.0100153991325,0.0100156369423,0.0100403381346,0.0100317176228,0.0100255290987,0.0100031098227,0.0234089015063,0.0200203074696,0.020292776199,0.0100391173757,0.0100141389816,0.0309978002826,0.0100228295274,0.0103972636509,0.0148270387166,0.0100595116254,0.0100546564993,0.010084647644,0.0103347862146,0.0101244648477,0.010054892605,0.0100583160768,0.0100817041643,0.0101501873012,0.0100355081892,0.0100235460271,0.0100276415002,0.0100372643349,0.01002783514,0.0100378645864,0.0100509544286,0.0100739881283,0.0110128613094,0.0115284341108,353.482591965,226.053280842,1.72378853862,94.5336169772,383.347141588,7.76138157284,2.25410493926,1.38581381579,4.24046625743,6.37632072245,4.58515592431,2.71233621186,3.00016909677,1.87981340155,1.93932647378,1.10857221403,6.72339154185,6.56874658945,0.757143024024,3.54662160562,3.30235000967,2.26231953047,27.4399157685,5.52557057412,6.84465530199,2.53413214731,1.93098181718,12.6388741478,4.46648563729,1.04727942424,8.24580727704,2.84050105655,0.7409133512,1.7123546075,2.67278191899,1.60760569622,2.38033649133,1.73890939309,2.12298773684,1.99552907881,0.339157551154,1.09455345596,0.945728582689,0.489814755597,0.715427266243,0.467790184647,0.703792100679,0.433243768234,1.64263365861,1.25575233165
sobol__0003021,93.21768257,128.75932706,74.32862865,13.4791908,-67.71572731,21.19493121,-51.68351163,1,usable,Converged with independently replayed constrained generalized-force equilibrium and small reserve torques,475.122165,2.47385959414,7.12621641696e-08,3.64275080322e-07,0.00148120203466,17,1,0.467272318783,0.0100000314807,0.0100003295988,0.01,0.292385605551,0.01,0.999999978218,0.0100000571568,0.01,0.01,0.01,0.0100000224414,0.0100000146701,0.0100000215139,0.0100000602281,0.0100000961115,0.375281907286,0.297392578424,0.0100452378302,0.0100004347827,0.547124526324,0.0100000631627,0.0100011698079,0.222307179828,0.0100452378302,0.304782898923,0.0100120088598,0.272206188808,0.0100035532141,0.0407829764025,0.489757984529,0.32366359914,0.0508464005302,0.153715362752,0.131014314542,0.0766219433063,0.014742741206,0.0286736175867,0.0665634622659,0.0582536496667,0.0100837299008,0.0225506874892,0.0518979524017,0.0430769855447,0.0100564188376,0.0157557550427,0.040267334711,0.0345304552537,0.010014908474,0.0554276830363,150.62366811,5.07495639738,1.67861040447,4.53909098596,314.351779595,11.9831620796,269.378256406,1.30552036925,4.19111724866,6.56773357329,4.95393597432,2.76316295802,3.10626513921,1.87965922576,2.08016372492,1.98968511726,207.941485006,130.582570923,0,3.43959005963,287.025636021,1.07747998307,11.736626596,53.1826848463,0,75.3950123268,1.78507671857,42.2296651637,4.69868518779,0.855482559465,83.894815057,78.1760600825,2.47816778558,20.5721314947,26.3334728816,8.8564902885,3.14120980616,4.52713944319,14.115418688,9.1367914026,0.389500224035,2.0762211646,4.52588465062,1.92859524707,0.695178195583,0.722297396602,3.51825215818,1.33778514694,0.785860285878,4.95750955482
sobol__0003029,110.09268257,108.44682706,4.01612865,98.7916908,47.28427269,0.41368121,49.56648837,1,usable,Converged with independently replayed constrained generalized-force equilibrium and small reserve torques,581.851078,0.575826928482,2.14121058661e-08,2.30926389122e-12,3.28097738469e-05,27,0,0.620425969133,0.279989108633,0.0100009307169,0.0100006614629,0.181294727074,0.0100001936286,0.154325496322,0.0100014789857,0.010000473326,0.0100001439227,0.0100001887844,0.0100008686921,0.0100006984951,0.0100007353066,0.0100007777551,0.0100452377982,0.0947177077218,0.09292877997,0.0201880019708,0.0100452377982,0.0100002538133,0.0100005180884,0.0100024980461,0.0100023131297,0.0100097265172,0.0820025667011,0.111410906183,0.0100016190612,0.0100452377982,0.0100432788977,0.0508750855985,0.0401240525283,0.0100452377982,0.0100032836951,0.0100010399872,0.0100015539895,0.0100015088446,0.0100018826938,0.0100015185774,0.010001450802,0.0153863865793,0.069992390747,0.0586208809857,0.0308007586175,0.036528548217,0.0173799856989,0.0100478903942,0.0100070130539,0.0100019480835,0.0100022280336,201.057623348,272.355607817,1.91120271403,2.79768785827,194.936166792,11.9377277675,39.4869176601,1.32881944469,4.28496369649,6.57102507612,4.87503267019,2.74046578559,3.05010226119,1.88067672003,2.03193231824,0,67.6981570123,65.16491755,5.46634939177,0,5.24952337526,2.73516508496,10.7353915852,2.30145270546,3.22213748712,13.0315224859,14.4610235372,1.66070201652,0,0.00211254485945,24.5071360371,10.2003978345,0,0.742496437539,2.3563756169,1.53235029359,2.2298660829,1.62116766548,1.89419561359,1.84316468976,0.230762174471,3.9892640879,3.04377976006,0.996845059081,1.32621806653,0.393160554675,0.488183348617,0.460212185113,1.90319195236,1.1177331261
sobol__0003037,76.34268257,67.82182706,32.14112865,90.6666908,-22.71572731,-6.14881879,12.06648837,1,usable,Converged with independently replayed constrained generalized-force equilibrium and small reserve torques,477.562664,0.103873448548,6.87677079725e-08,4.57928703382e-13,1.56760414574e-05,24,0,0.15565600052,0.0562036097798,0.0100461620035,0.0100056512568,0.217735607718,0.0100015055092,0.063219753183,0.0100093868359,0.0100048970736,0.0100022012335,0.0100033666595,0.0100060742478,0.010005319843,0.0100064155992,0.010015439785,0.0100444860213,0.0144139748273,0.0141264120724,0.0100635451674,0.049518895909,0.0191529698217,0.0100154081636,0.0100127179333,0.0100062090776,0.0168070671123,0.0882335963825,0.0681004655368,0.0100015802426,0.0100027781244,0.0100045270482,0.0100046302515,0.0100127292835,0.0100097915831,0.0100040475665,0.010002335692,0.0100035442536,0.0100034987568,0.0100043767717,0.0100035192252,0.0100033591732,0.0109280303588,0.0522813636753,0.0407519058705,0.020647503977,0.0242257444679,0.016552281622,0.0118496177026,0.0100172157472,0.0100051266973,0.0100068430716,174.22689603,55.6468900945,1.93995416874,4.93531278721,230.811068964,12.5520090215,17.0271673367,1.43857743446,4.01635441236,5.87994746142,3.19106704842,2.63312396238,2.83652431263,1.79717431543,1.89121217481,1.13480288973,10.2037075605,9.79421418388,2.64960431608,18.7643314765,9.24489578162,3.09231454131,10.9692458031,2.51925504563,5.29522905325,22.1916939381,9.79187406917,3.72601741781,3.80005122901,0.902665616446,5.56934206449,2.84711074019,0.575277748956,1.58049090815,2.5854612251,1.62551144876,2.36867284485,1.72941435129,2.06227047614,1.97338484269,0.234434270974,4.58589955368,3.16757291686,0.964342740591,1.17988438764,0.643129526061,0.86964162049,0.460491062214,2.01028653566,1.158176207
sobol__0003045,101.65518257,118.60307706,34.48487865,117.0729408,24.78427269,2.05430621,21.44148837,1,usable,Converged with independently replayed constrained generalized-force equilibrium and small reserve torques,356.997739,1.52755917383,4.72933727735e-08,4.76063632959e-13,6.43270947152e-05,26,0,0.622933049835,0.350912049891,0.0100007512949,0.0100001006745,0.0100452377428,0.0100000489128,0.983782271773,0.0100006239084,0.0100001530048,0.0100000535141,0.0100000759263,0.0100002932221,0.0100002236974,0.010000294611,0.0100003396695,0.0100452377428,0.105393189248,0.105226968891,0.0262605635359,0.0100452377428,0.0100001197942,0.0100001791454,0.0100025399161,0.0100094648086,0.0100044926542,0.0360767239534,0.101225909011,0.01000202862,0.0100441909514,0.0100106453226,0.041150804171,0.046231808819,0.0100450946286,0.0100051925411,0.0100025363976,0.0100037045371,0.0100041540196,0.0100049716104,0.0100039402753,0.0100034740677,0.0143668699487,0.0598250708736,0.041956894207,0.0192806424678,0.0281739265457,0.0123675127718,0.0100327465066,0.0100106039604,0.0100035201938,0.0100039614136,202.110279564,245.912244698,1.76944204216,4.83044114847,0,13.0349872619,261.822128453,1.29580217287,4.29729498637,6.56523038806,4.95161421605,2.72146095116,3.09126566436,1.88044575401,2.07573713032,0,75.6076310946,75.3693199117,7.43695825648,0,4.46378529587,3.16801753701,9.28833976779,0.504708401512,2.63962753353,7.25983898674,15.3326240617,2.56501216143,0.0104055287365,0.297187026567,18.0787449962,12.4322668383,0.000477611421691,1.17489163197,2.51875554694,1.61991231314,2.34381863389,1.70426457019,2.01004110497,1.94979902378,0.319732044576,5.08253242757,3.00808314605,0.831063149567,1.3390893586,0.411843612,0.601724284244,0.460472197362,2.01065910769,1.1647118039
sobol__0003053,90.40518257,94.22807706,-12.39012135,76.4479408,-45.21572731,-8.88319379,43.94148837,1,usable,Converged with independently replayed constrained generalized-force equilibrium and small reserve torques,444.014308,0.797882751947,2.48834808758e-07,1.99357165083e-12,4.8544031233e-05,22,0,0.263572140205,0.241542588645,0.0100109131602,0.0100057424557,0.212329749106,0.010001434337,0.0582763901677,0.0100043897857,0.0100023561442,0.0100007108387,0.0100008735014,0.0100029779881,0.0100024655271,0.0100027612861,0.0100031609352,0.0100272233392,0.198745955214,0.19451215038,0.0382855943925,0.258891021936,0.0511195350378,0.0100026122519,0.0100012921241,0.0100007477528,0.473566526897,0.363074575186,0.0100012269042,0.0413697177034,0.0100006748489,0.0100210551592,0.0100008283527,0.0100037443879,0.0100127634145,0.010004237999,0.128623198413,0.12340284393,0.0100080728256,0.0100416274004,0.0523183525748,0.178293042015,0.0100169413985,0.010009533213,0.0100492630314,0.0336220608994,0.010007593004,0.0319745557792,0.0907397335476,0.105200724361,0.0100028788483,0.157112071824,222.641193109,238.49861411,1.74961954121,4.19731300367,224.030864516,12.6529524635,14.6837150166,1.40210611468,4.25858195905,6.44975871013,4.65510803565,2.72451444592,2.99931614997,1.87924539646,1.97909615226,0.277540036884,137.969474743,132.153805769,9.31928662565,93.3563413162,26.527957278,3.12432160815,11.2993434335,2.68622219172,159.557869462,79.3709633258,1.25344204736,14.6804563976,2.53591450588,0.599733756471,5.20288525528,2.67526404941,0.290877352398,1.48949937569,31.5158793493,19.5424210714,2.30142587549,1.67647231996,10.2956916348,33.8384234947,0.145356807173,0.61425824066,0.588292285224,1.24679131477,0.383622054497,0.908735192211,6.00519810244,4.76159127102,1.92867804474,17.287133798
sobol__0003061,118.53018257,73.91557706,67.29737865,39.8854408,69.78427269,11.89805621,-42.30851163,0,solver_failed,The static optimization solver did not converge,1338.052849,,2.37544242054e-08,,,0,0,,,,,,,,,,,,,,,,,,,,,,,,,,,,,,,,,,,,,,,,,,,,,,,,,,,,,,,,,,,,,,,,,,,,,,,,,,,,,,,,,,,,,,,,,,,,,,,,,,,,
sobol__0003069,84.78018257,98.29057706,-35.82762135,31.7604408,-0.21572731,22.83555621,-19.80851163,1,usable,Converged with independently replayed constrained generalized-force equilibrium and small reserve torques,328.830204,0.500532377024,1.12721469492e-07,1.73368520739e-12,3.23222768059e-05,16,0,0.320890879025,0.456214556317,0.0100075190603,0.0100023834046,0.359557865095,0.0100003897573,0.19842197838,0.0100018373835,0.0100006933061,0.0100002459377,0.0100003125593,0.0100009885704,0.0100007959236,0.010001071428,0.0100011659745,0.0100012183079,0.0100039747372,0.0100042278267,0.0100452379664,0.0160151326552,0.0100040551506,0.0100022581064,0.0988323892273,0.0591709382662,0.0138663043458,0.019526687597,0.0302077111476,0.0100157347775,0.0406600134047,0.0100247028461,0.0130753519111,0.0100241017499,0.0100589650468,0.0100665912525,0.0100147340241,0.0100188125193,0.0100286490542,0.0100283773409,0.0100219301401,0.0100179540689,0.0100852196959,0.0139111748873,0.0108868206951,0.0100677718391,0.0104886923278,0.0100965215135,0.0100422625428,0.0100284049327,0.0100163371624,0.0100166875801,322.582081359,449.272764381,1.81853848718,4.29295254207,368.702243163,11.5045617293,48.2525167149,1.33542766616,4.3595676769,6.56691018249,4.76765665528,2.74115183393,3.01533995752,1.88036181158,2.02237550373,1.76227770124,6.42228549969,6.00200095173,0,5.80447839086,3.45116694292,1.21077174944,116.362172504,15.6983587799,4.46269013726,4.92856229857,5.58482387571,3.55768435366,18.5520668618,0.820327630734,6.39511906953,2.84232704074,0.757431598491,1.72337751297,2.57904252479,1.53597368447,2.37333071277,1.73337577702,2.12030238944,1.94472027332,0.393101608425,1.47877756617,1.02715230153,0.488129027575,0.759361240341,0.477267518913,0.692989852762,0.387682011718,1.2594269305,0.966014838968
sobol__0003077,107.19229194,98.10014738,37.92726146,36.26727674,79.23739769,-2.30360394,50.44539462,1,usable,Converged with independently replayed constrained generalized-force equilibrium and small reserve torques,382.918398,0.982543983295,3.47031772208e-08,1.80448425535e-12,6.21994086724e-05,29,0,0.812768950062,0.162553667977,0.0100016862525,0.0100003324926,0.0974290966834,0.0100001400858,0.29114039856,0.0100016424273,0.0100005535501,0.0100001875464,0.0100002523447,0.0100012022511,0.0100007353697,0.0100007889871,0.0100012107948,0.0100040881853,0.0100112535414,0.0100116181425,0.0100452377648,0.0100452377648,0.0100005012779,0.0100014227339,0.0294092205543,0.0100027761419,0.0554132517195,0.134890970567,0.173024887213,0.0100003728142,0.0100006179956,0.0100011897848,0.316697570411,0.0497070805376,0.0100021147318,0.0100008170912,0.0100005326975,0.0100008127392,0.0100007646038,0.0100009656052,0.0100007844232,0.0100007698689,0.0277406757987,0.135912337617,0.116067062498,0.0618654532558,0.0729578229021,0.0338567849869,0.0101712969385,0.0100046436555,0.0100013229858,0.010001389747,309.250880611,155.713540084,1.75657198791,4.34714736658,103.636540678,13.0622125871,78.1335356834,1.42984020281,4.11176425807,6.38662787704,4.63205047171,2.70978375607,3.00175734419,1.87900010116,1.95788525092,2.40589390271,6.49979710114,6.22890123508,0,0,2.75523149999,1.02281748326,34.6254625993,2.6164543397,15.4062616087,20.3626695815,25.1256952211,3.81144234796,3.84247202038,0.880890727533,173.730343164,9.42297295193,0.591093566256,1.55985782176,2.34986184419,1.5263715042,2.22885583992,1.6198858048,1.88700278557,1.83256246495,0.41925544231,8.23941562502,6.37262828217,2.06863406531,3.10441677999,0.779910532194,0.494551985942,0.459050732325,1.89073728105,1.10520402912
sobol__0003085,95.94229194,73.72514738,-8.94773854,28.14227674,-10.76260231,4.25889606,12.94539462,1,usable,Converged with independently replayed constrained generalized-force equilibrium and small reserve torques,475.201846,0.122945885397,1.01184554069e-08,6.89262208211e-13,3.84274230509e-06,14,0,0.220073434692,0.145353548975,0.0100162841134,0.010191248838,0.129888592112,0.010005347922,0.0167054253431,0.0100084810623,0.0100046089622,0.0100020871655,0.0100025825147,0.0100064879317,0.0100056037362,0.0100063683408,0.0100086691126,0.0100027246404,0.0100030322095,0.0100033310263,0.0100452378105,0.0100593700042,0.0825389054702,0.0100214388598,0.130831990027,0.0685963401758,0.0354920212866,0.0261183665957,0.0181895906076,0.0100098297941,0.0100458070124,0.0100171767933,0.0369461537244,0.0100401504821,0.0100319462573,0.0100222796559,0.0100084569589,0.0100118424057,0.0100123251507,0.0100144421105,0.0100121018502,0.010011347998,0.0100605705737,0.011715484682,0.010219155258,0.0100710215409,0.010103252047,0.0100794203868,0.0100526381267,0.010028054065,0.010012128793,0.0100147863918,236.842394333,149.968251279,1.86078079819,3.99542147388,138.295613937,12.3085393556,4.18719574792,1.43978750155,4.13048375189,6.05940482429,4.00145491136,2.68032561357,2.9128182354,1.84011226532,1.86831160378,3.82491279311,6.3477959699,5.73947701677,0,3.81588350567,25.8780163884,2.10848561225,154.032032837,17.8066280537,11.1818248964,5.97555852635,3.49916744082,4.08282208968,4.50480852873,1.00900646584,16.0958691857,2.85838224081,0.733412007094,1.69050044118,2.58177697516,1.62686244229,2.36989535944,1.72942138965,2.05298294186,1.97491066741,0.271729580658,1.22115803909,0.880996062742,0.484425800294,0.628785561503,0.369212564436,0.659173124995,0.461174199006,2.00827564494,1.16865030395
sobol__0003093,112.81729194,94.03764738,70.73976146,121.57977674,34.23739769,16.29014606,-13.30460538,0,solver_failed,The static optimization solver did not converge,1038.301811,,1.91989784071e-08,,,0,0,,,,,,,,,,,,,,,,,,,,,,,,,,,,,,,,,,,,,,,,,,,,,,,,,,,,,,,,,,,,,,,,,,,,,,,,,,,,,,,,,,,,,,,,,,,,,,,,,,,,
sobol__0003101,79.06729194,118.41264738,-32.38523854,80.95477674,-55.76260231,9.72764606,-50.80460538,0,reserve_too_high,The posture requires more reserve torque than the quality limit permits,326.374257,27.7082579338,1.31473285592e-08,1.89095131109e-06,0.0910814721409,24,1,,,,,,,,,,,,,,,,,,,,,,,,,,,,,,,,,,,,,,,,,,,,,,,,,,,,,,,,,,,,,,,,,,,,,,,,,,,,,,,,,,,,,,,,,,,,,,,,,,,,
sobol__0003109,98.75479194,67.63139738,-48.79148854,103.29852674,56.73739769,19.02452106,-41.42960538,1,usable,Converged with independently replayed constrained generalized-force equilibrium and small reserve torques,465.779677,0.0826894225897,2.17596678453e-08,8.31335000839e-13,1.27354316647e-05,17,0,0.169151410268,0.107765465245,0.0100154411321,0.0443608967686,0.126728667414,0.0100041562852,0.0119160380698,0.010008903112,0.0100063895679,0.0100023429586,0.0100031404176,0.0100068965335,0.0100060515291,0.0100069616993,0.0100103989491,0.0100338131961,0.037413550559,0.0368326586838,0.010227133783,0.0100452377563,0.0100018412798,0.0100019661954,0.0100058601781,0.0100031420209,0.0520416423419,0.0148550735941,0.0100026533423,0.0203603152813,0.0100018152549,0.0100610320674,0.0888091481489,0.0446341351256,0.0100137404021,0.0100086324875,0.0108471592508,0.0157541613312,0.0100100488194,0.010015695019,0.0100255842397,0.0200067249358,0.0100187686476,0.0100095435493,0.0100157721527,0.0100519962788,0.0100095261439,0.0100242413662,0.0111925999845,0.022697354889,0.0289659793552,0.0543594515003,192.26320844,115.250067822,1.96381761263,19.585939484,124.138025133,8.20559955121,2.18859158641,1.4396480727,4.21043353667,6.04898943446,3.65174919862,2.69447812792,2.92231425106,1.84292637439,1.84639623985,0.157602704764,26.8139282543,25.9873292513,2.8122873074,0,5.2425966391,3.1681242562,10.5916668225,2.06880979409,15.4724059732,3.74812758119,1.92326442584,8.30388974319,4.22077450548,1.0160486852,36.6395135371,10.7974957006,0.700635749692,1.65872293769,2.7020919341,2.29770370013,2.34789948507,1.72253857166,2.12876040084,3.77437461333,0.394319652781,1.0476576612,0.935760935049,0.477537428213,0.724684034972,0.471652960516,0.848474274557,0.907929329619,2.83405014814,5.15955694539
sobol__0003117,87.50479194,108.25639738,73.08351146,95.17352674,-33.26260231,8.08702106,-18.92960538,1,usable,Converged with independently replayed constrained generalized-force equilibrium and small reserve torques,357.515478,0.865886333786,3.21627879885e-08,1.02616023144e-12,6.48374902308e-05,27,0,0.454903821021,0.0100004289832,0.0100044012661,0.0100001675522,0.175623906715,0.0100000919116,0.763307115183,0.0100024420565,0.0100003025704,0.0100001887049,0.0100002761856,0.0100014857684,0.0100010078741,0.0100011459183,0.103862503966,0.0100452380215,0.0827816819022,0.0811262468659,0.0172859446493,0.0714880629411,0.0100044841172,0.010002564164,0.0100028399766,0.0100021555644,0.0100168071848,0.0904977495293,0.0257108532583,0.0100022051765,0.0100022653065,0.0100059111158,0.010002503587,0.0100100728228,0.0100110388002,0.0100054763177,0.0100046396268,0.0100074518533,0.010006098245,0.0100077899412,0.0100063843693,0.0100071321997,0.0101770426641,0.0351943698612,0.0353088290238,0.0172599936905,0.0167276066366,0.015526077503,0.016151764177,0.0100398160117,0.0100094132387,0.0100194367419,199.083060484,7.17458709552,1.73719583551,4.51028523112,188.790595126,11.8791536678,205.61769176,1.42807859415,4.00408067689,6.3566731165,4.62371802246,2.71163231532,3.00944458906,1.87912750331,21.005748317,0,58.9376745102,56.6038494523,4.62285912361,26.4729640265,2.61885290579,3.16604788636,10.8390276708,2.48508221792,3.12490094312,22.8483636994,4.94367384647,4.01639824502,4.18135610184,0.999040528874,5.57213921969,2.79510738223,0.690259376127,1.6457378971,2.55089020161,1.50417308308,2.35302919197,1.72522289669,2.12402180751,1.9282023616,0.32968794293,3.8431712784,3.32779240698,0.842265529978,1.12502172782,0.731906325516,1.27290249588,0.455885307683,1.50794240048,1.14593614942
sobol__0003125,115.62979194,128.56889738,2.77101146,50.48602674,11.73739769,-3.94422894,22.32039462,0,solver_failed,The static optimization solver did not converge,1956.438902,,3.69472914485e-08,,,0,0,,,,,,,,,,,,,,,,,,,,,,,,,,,,,,,,,,,,,,,,,,,,,,,,,,,,,,,,,,,,,,,,,,,,,,,,,,,,,,,,,,,,,,,,,,,,,,,,,,,,
sobol__0003133,81.87979194,87.94389738,30.89601146,9.86102674,-78.26260231,6.99327106,44.82039462,1,usable,Converged with independently replayed constrained generalized-force equilibrium and small reserve torques,407.361976,0.243657748141,2.65054111992e-08,1.31498061945e-12,3.17756527121e-05,29,0,0.254454309699,0.13143592898,0.0100190997168,0.0100037016693,0.262780988157,0.0100011802229,0.0777827323786,0.0100062464055,0.0100025881535,0.0100010722757,0.010001357618,0.0100041183264,0.010003278527,0.0100038465059,0.0100067881132,0.0100041526707,0.0100065465727,0.0100081078381,0.0100452373011,0.177691626325,0.190614962128,0.0146687220017,0.0624738773952,0.0100071298902,0.0206960334399,0.0497549507059,0.0338238289061,0.0100009013081,0.0100013240331,0.0100027990673,0.0100064961832,0.0100079820759,0.010004672614,0.0100021257216,0.0100015763355,0.0100024192811,0.0100022715385,0.0100028519154,0.0100023234866,0.010002405129,0.0122878248683,0.0594207228732,0.0448040042528,0.0237547631914,0.026493993959,0.0136985916843,0.0103196280116,0.0100161184283,0.0100035988174,0.0100052605249,229.763273925,119.22388997,1.79616759572,4.95313636342,282.522713359,12.671920172,20.9407369164,1.43883129921,4.07751204438,6.19222476311,4.45833629454,2.6881779016,2.94581932611,1.85448183612,1.95285482508,3.82905156812,5.22839750625,4.05370570488,0,59.1035199956,93.0124311317,2.76535665479,73.1009991565,2.34785962395,5.19347103952,7.64315847934,6.39492390022,4.07930288484,4.26056645465,0.987974437624,1.24459214965,2.32236045226,0.712717531869,1.66365239788,2.48683415184,1.60754025721,2.30155392872,1.67549139034,1.98251160888,1.92791975272,0.29495486517,5.27250488948,3.31374208755,0.984891808488,1.49795292442,0.32531126344,0.568486715243,0.460566091195,1.96153562521,1.15419042983
sobol__0003141,105.78604194,84.89702238,8.63038646,73.84540174,-24.51260231,0.15733356,-29.24210538,1,usable,Converged with independently replayed constrained generalized-force equilibrium and small reserve torques,438.150343,0.112872933968,1.65671304175e-08,5.87426569043e-13,4.02967018534e-06,13,0,0.287792002988,0.12733716855,0.0100092152097,0.0100063471593,0.0905384060885,0.0100019922781,0.0218874799479,0.0100071813607,0.0100045859405,0.0100013825497,0.010001653591,0.0100055658048,0.0100042919817,0.0100046833032,0.0100065524835,0.010011352223,0.0100235364263,0.0100237807197,0.0100385562756,0.0100465768115,0.0100068753795,0.0100040311562,0.0156743952493,0.0120358786632,0.017286238949,0.0100686121433,0.0100203927076,0.0154831559717,0.0100209839475,0.0100703579829,0.0100825511326,0.0100445768232,0.0100472304892,0.0100519005582,0.0100659636538,0.0100599216581,0.0100422530545,0.0100462202261,0.0100534739668,0.0100651676915,0.0100408553298,0.0100319641167,0.0100386915757,0.0100441223867,0.0100354738263,0.0100430578004,0.0100458602573,0.0100548161225,0.0100592596628,0.0100810863123,210.902152955,129.198190234,1.76929032396,3.38574878779,97.3712436478,12.6213370059,5.62703649248,1.43904172435,4.09216218875,6.18297513814,4.43398787896,2.69309611722,2.94933436949,1.86364303386,1.90202613801,1.46536896186,6.93294516803,6.78483125222,2.32369216242,3.79652642369,5.25383749632,3.16366282432,17.7998096262,3.22249949513,5.53623136811,2.48924432694,1.90819548609,6.31553242362,4.69250530987,1.01229451941,5.59963969499,2.85321766953,0.748368698687,1.71896192301,2.50103619994,1.46994350203,2.28867427402,1.70751731167,2.13519120872,1.90603883944,0.335089093465,1.09541539379,0.947642203874,0.485112141021,0.689096553828,0.475026661795,0.846280649835,0.462165267969,1.37883011604,1.16895712767
sobol__0003149,94.53604194,125.52202238,18.00538646,114.47040174,45.48739769,-6.40516644,-36.74210538,0,solver_failed,The static optimization solver did not converge,1145.038032,,7.61642766633e-08,,,0,0,,,,,,,,,,,,,,,,,,,,,,,,,,,,,,,,,,,,,,,,,,,,,,,,,,,,,,,,,,,,,,,,,,,,,,,,,,,,,,,,,,,,,,,,,,,,,,,,,,,,
sobol__0003157,111.41104194,113.33452238,-52.30711354,29.15790174,-69.51260231,14.37608356,34.50789462,1,usable,Converged with independently replayed constrained generalized-force equilibrium and small reserve torques,518.688646,1.17728104347,4.19407442109e-08,3.37800814537e-12,1.98604269833e-05,26,0,0.618544897788,0.446344169053,0.0100061060728,0.171897565287,0.0100019142859,0.707802097065,0.0100015877093,0.0100035935764,0.0100012755383,0.196220493068,0.0100003434438,0.0100017747586,0.010000762613,0.0100013460799,0.0100019516157,0.021292426635,0.0173197405079,0.0158409947739,0.0100452372875,0.010007172724,0.0100012519669,0.0100028218879,0.0100172995537,0.0207070100965,0.0279993950287,0.0576644624378,0.0981824235701,0.0100019066438,0.010003829487,0.0100052047341,0.0341324718257,0.0160717837885,0.0100098360937,0.0100047758322,0.0100026696479,0.0100039450436,0.0100039525646,0.0100048607719,0.0100039128407,0.0100036915113,0.0130384142741,0.0575957329538,0.0423171519139,0.0212248798616,0.0304394003487,0.0125551517712,0.0100634637674,0.0100150557403,0.0100038465965,0.010005312367,252.329143881,451.003554093,1.60267360803,71.477098701,10.2188544599,607.209843315,2.47123953071,1.23238696371,4.42510313528,126.112924825,4.97238132422,2.7719445392,3.04599790734,1.88086397237,2.03387331132,2.09460599786,11.0304147312,9.2151267303,0,3.426889424,2.82583321373,1.51097353154,11.7938480756,5.20678066762,7.45086476571,10.4024358876,18.8264136523,4.07962062371,4.05550483024,0.995891149605,7.67671802093,3.85389854234,0.709849528339,1.6601565692,2.54676683586,1.6253662929,2.33779400548,1.70351183604,2.01935902955,1.96758189705,0.324810138142,5.25972159783,3.21710058475,0.890103702028,1.78536413759,0.340103621689,0.541264005313,0.444542920109,2.01072764853,1.16753239839
sobol__0003165,77.66104194,72.70952238,88.31788646,37.28290174,0.48739769,20.93858356,27.00789462,1,usable,Converged with independently replayed constrained generalized-force equilibrium and small reserve torques,594.455968,0.0772761399154,6.69734916414e-08,3.5527136788e-13,1.26267047874e-05,19,0,0.171368037769,0.0470433655171,0.0100440818518,0.0100154542354,0.138089221866,0.0381866199012,0.0100474128452,0.0100144290236,0.0120644428329,0.0100063993383,0.0100084667501,0.0100096314846,0.0100088624692,0.0100099871993,0.0100179407048,0.0100524585104,0.0151949487642,0.0146242712068,0.0100452377489,0.0285181353751,0.0181329143242,0.0100221107355,0.0100183764346,0.0100203932151,0.0278982684221,0.0671677421494,0.0869187625773,0.0100017223735,0.0100037440718,0.0100047577702,0.0100083699093,0.0100175552767,0.0100093060744,0.0100044357189,0.0100027380768,0.0100040815404,0.0100040279046,0.0100049976114,0.0100040586611,0.0100039712845,0.0133145094421,0.0604318942175,0.0427783488531,0.0224871512381,0.0312624777098,0.0154184547299,0.0101315174209,0.0100201613177,0.0100050265876,0.0100072542246,189.338080209,46.4618892841,1.84494338891,4.36245178081,142.139829635,44.9849267094,2.2236712563,1.42345555629,4.46751315292,5.4234140699,2.28349212979,2.59894286487,2.78897096289,1.77884889075,1.88802736622,2.40824141711,9.88763569558,9.15002735504,0,10.2681085532,9.49670315719,2.48180893741,11.7952711229,2.72727842586,7.92966056448,12.774240022,16.7661579566,4.03418343183,3.01636789657,0.973147546781,5.1321890278,2.83746344781,0.687254185243,1.62239620831,2.5344589831,1.62491214772,2.33050415276,1.69884678211,2.01187931181,1.96641035937,0.358205423813,5.88738063431,3.39099433116,0.97408937453,1.94384004903,0.461179237861,0.484592861843,0.405820528622,1.96602993648,1.14175318227
sobol__0003173,102.97354194,115.36577238,53.16163646,14.93915174,-2.01260231,12.73545856,6.38289462,0,solver_failed,The static optimization solver did not converge,1652.222032,,3.70444634967e-08,,,0,0,,,,,,,,,,,,,,,,,,,,,,,,,,,,,,,,,,,,,,,,,,,,,,,,,,,,,,,,,,,,,,,,,,,,,,,,,,,,,,,,,,,,,,,,,,,,,,,,,,,,
sobol__0003181,91.72354194,90.99077238,-31.21336354,55.56415174,67.98739769,23.67295856,58.88289462,1,usable,Converged with independently replayed constrained generalized-force equilibrium and small reserve torques,446.848155,5.90693742235,2.23861210458e-07,6.35935748505e-12,0.00289499881982,27,4,0.232957806741,0.331799394227,0.0100117018418,0.0115804420491,0.180056215553,0.0100021815683,0.0427960803093,0.0100041336699,0.0100018928057,0.0100006440657,0.0100007936725,0.0100022007948,0.0100023700843,0.0100027469601,0.0100028628099,0.0100049647492,0.0100050900823,0.0100051951768,0.0100287076247,0.0100452374001,0.0101926633792,0.010003996953,0.0979085921711,0.0301810780037,0.0100000124026,0.0100000648245,0.999999877009,0.0100000279588,0.0100452374001,0.0100000544254,0.0993899024578,0.0169473282787,0.201988474122,0.230570357237,0.0100000605125,0.010000079085,0.815837514579,0.0100025887428,0.0100003302427,0.0100000692977,0.947159861996,0.99999918896,0.999999271076,0.010014423027,0.999999491595,0.0100007265372,0.0100001926645,0.0100000524692,0.0100000086902,0.0100000100615,223.389259709,335.518288196,1.77472015655,4.57022779515,185.116118963,10.8496155748,10.3702101189,1.38969114915,4.28480880439,6.43780573832,4.63246230808,2.7108702235,2.99946157101,1.87940992342,1.96781047385,1.04017704434,6.73254676975,6.57948393833,0.881060195327,0,2.9008898588,1.37546775839,114.582090882,8.32991270002,2.77984906203,1.22114109485,166.677207888,3.72343603016,0,0.843283856256,53.0573249906,3.61224208656,5.49568230506,33.0975282128,2.37049684366,1.54270385973,180.527112994,1.61316398108,1.88578061844,1.85805956837,17.2121117811,60.8242509734,54.3841003066,0.297083897299,45.4699982369,0.159872838319,0.292091863127,0.392435948742,1.99012000347,1.1666970897
sobol__0003189,119.84854194,78.80327238,48.47413646,92.12665174,-47.01260231,2.89170856,-57.36710538,0,solver_failed,The static optimization solver did not converge,1181.255806,,4.12836556052e-08,,,0,0,,,,,,,,,,,,,,,,,,,,,,,,,,,,,,,,,,,,,,,,,,,,,,,,,,,,,,,,,,,,,,,,,,,,,,,,,,,,,,,,,,,,,,,,,,,,,,,,,,,,
sobol__0003197,86.09854194,103.17827238,-17.15086354,100.25165174,22.98739769,-8.04579144,-4.86710538,1,usable,Converged with independently replayed constrained generalized-force equilibrium and small reserve torques,397.698268,0.319144767204,1.45006742613e-07,8.92984368467e-13,1.65081555733e-05,17,0,0.278382366032,0.28426042043,0.0100099290882,0.0100016876389,0.280340350657,0.0100005467028,0.142509373973,0.0100026715687,0.010001076214,0.010000355941,0.0100004525383,0.0100014228141,0.0100011252069,0.0100015117059,0.0100016510252,0.0100452372989,0.12445881907,0.122208113775,0.0267645350992,0.0100452372989,0.0100007934174,0.0100007291063,0.0100019248368,0.0100025885198,0.0912342466522,0.0943119197923,0.010004054931,0.0577648228937,0.010001559922,0.0100316207951,0.029960762712,0.0430060770758,0.0100156369736,0.0100103692872,0.0299202378072,0.0288809813794,0.0100168171671,0.01003530429,0.0137908132086,0.0359624319799,0.0100324861201,0.0100160671815,0.0144295256115,0.0133569934359,0.0100169156141,0.0100915495309,0.0100555036291,0.0138342193529,0.0100208769627,0.0264387388774,237.221397527,268.258946709,1.77588527494,4.44867472791,293.65250941,12.8402367362,35.8432725384,1.33979505966,4.33329876548,6.56975008915,4.80614085993,2.73903391269,3.02112038668,1.88058188677,2.03684841614,0,89.0606971726,85.8685472694,7.28341220315,0,5.05849191361,3.0428543621,10.6900865715,2.05712009433,25.1370640307,23.8125417385,1.43001657724,21.5963361226,4.26791753796,0.928350601618,15.2321894246,11.6121383556,0.642809993807,1.59739344941,7.74294676173,4.69098559169,2.37150774044,1.7350217656,2.87268483812,7.09509158378,0.2569134099,1.02190700194,1.28894017276,0.651672198525,0.529579079732,0.451782698616,0.750796117658,0.636278499603,1.84571089523,3.08481537775
sobol__0003205,107.89541694,75.24858488,78.35694896,60.13446424,-63.88760231,10.41123981,-34.39835538,1,usable,Converged with independently replayed constrained generalized-force equilibrium and small reserve torques,463.062268,1.79333016784,3.54018183657e-08,2.52953213931e-12,0.000180267476873,21,0,0.487030361936,0.0100000659974,0.0100022549011,0.0100000783288,0.0100001025834,0.0100000319828,0.452540249594,0.501305088134,0.0467843091093,0.0100000989408,0.0100001807649,0.449451200296,0.0100037949064,0.0100006701953,0.203211715399,0.886313661849,0.010002797103,0.01000285662,0.0100174350543,0.0724504484436,0.0100000982132,0.0100031901409,0.205878222674,0.0447954032892,0.0100452382553,0.0908584420706,0.010002308119,0.0373113431926,0.0100013311014,0.0100518980035,0.0100093708419,0.010013740126,0.0100137280456,0.0100079250131,0.0100114234411,0.0100253953844,0.0100058923202,0.0100087672245,0.0100096007703,0.0100350025972,0.0100188512861,0.0100094434309,0.0100236096939,0.0101254671753,0.0100100964899,0.0100461355171,0.0240217680544,0.029412179039,0.020026599182,0.0660125246114,461.184139586,10.2210274579,1.9525964017,4.95442388292,7.87093116709,12.4755188605,116.815150358,71.2692401401,14.7005731918,5.73536019051,2.97586339119,117.380740944,2.83952841165,1.80344061981,36.220321171,170.673825403,6.78019876982,6.63019581068,1.26614605579,25.1350036449,5.06119151762,3.16778118591,239.440412786,12.3634622906,0,22.5356644978,1.92907265787,12.8871888602,4.76132886609,0.735714628558,3.77126087701,2.45749366932,0.752826218315,1.71140353523,2.27149844075,1.32072399041,2.21659483694,1.65180854059,2.12592165966,1.75353817469,0.377989205558,1.07269450813,0.943726422095,0.484143519726,0.724475068853,0.47512793198,2.04788425673,1.29918690901,2.41040007988,7.074860003
sobol__0003213,96.64541694,99.62358488,-43.51805104,3.25946424,6.11239769,16.97373981,-26.89835538,1,usable,Converged with independently replayed constrained generalized-force equilibrium and small reserve torques,404.233277,1.31807877445,9.42276261462e-08,5.31528376213e-12,6.24303838818e-05,17,0,0.60885407053,0.551619933021,0.0100027772478,0.367465229706,0.660223367125,0.010000277293,0.117985906667,0.0100011702547,0.0100003760828,0.0100001418328,0.0100001827127,0.0100005137712,0.0100004623095,0.0100006915984,0.0100007365821,0.0100005752825,0.177441039984,0.131957592238,0.0100452377193,0.0100452377193,0.0100020090556,0.0100018998373,0.0100020281346,0.0100067664713,0.0303928013425,0.0100168109246,0.0100055896639,0.0154488548018,0.0100023354258,0.0113460063343,0.010010937704,0.0122810003548,0.0100273583706,0.0100200294252,0.0214219328034,0.0177264758716,0.0100220278794,0.0100348479578,0.0100978787316,0.020371503588,0.0100266598336,0.0100177358388,0.0100251303389,0.0100525015523,0.0100169931236,0.0100272826303,0.010265336352,0.0172804853713,0.032602808108,0.0450232455976,476.573930252,558.183318506,1.66560720847,138.720549505,674.240861339,9.49487407603,28.1531675022,1.3050230261,4.34263636907,6.5685681607,4.78272187192,2.74757813562,3.02142354811,1.88053127856,2.00851469683,2.87366919408,82.4293771938,45.5866559438,0,0,1.86533975775,0.858263258897,11.5868076785,2.34305570331,9.20317149804,2.52684062707,1.82203211848,4.42549463856,4.79540868807,0.751806556694,4.11485381465,3.4416336235,0.719548750385,1.69225388547,5.47929704403,2.67366100734,2.3660129161,1.73248585211,2.14201962856,3.91980284943,0.395040165539,1.02783375668,0.925756097961,0.473017500506,0.721218181686,0.474277973299,0.764241897385,0.715855093878,4.06345238352,4.58648250968
sobol__0003221,113.52041694,119.93608488,26.79444896,112.94696424,-28.88760231,4.94248981,29.35164462,0,solver_failed,The static optimization solver did not converge,1288.772733,,3.88533436535e-08,,,0,0,,,,,,,,,,,,,,,,,,,,,,,,,,,,,,,,,,,,,,,,,,,,,,,,,,,,,,,,,,,,,,,,,,,,,,,,,,,,,,,,,,,,,,,,,,,,,,,,,,,,
sobol__0003229,79.77041694,95.56108488,-1.33055104,88.57196424,41.11239769,-1.62001019,36.85164462,1,usable,Converged with independently replayed constrained generalized-force equilibrium and small reserve torques,437.392982,0.230474469781,4.8281663112e-08,3.48165940522e-13,3.14270551271e-05,27,0,0.230499916962,0.195892934804,0.0100200203499,0.0100040278243,0.286521662869,0.0100011553296,0.0791647698148,0.0100048311293,0.0100018771884,0.0100008382753,0.0100010288016,0.0100030015407,0.0100025560555,0.0100028908612,0.0100036330349,0.0100405878728,0.054486239385,0.0533556284772,0.0113277615594,0.0100452385481,0.0100021984853,0.0100017006347,0.0100042220465,0.0100039617846,0.0139275400435,0.102433999173,0.12230233941,0.010000994887,0.010004329664,0.0100049586073,0.0344433656697,0.0252251256602,0.010015733807,0.010002207994,0.010001125764,0.0100016894686,0.0100016432445,0.0100020634454,0.0100016610069,0.0100015839561,0.0166843760848,0.0798107391598,0.0645172861524,0.0336837676594,0.0395722169304,0.0218401265875,0.0101109191947,0.0100081004782,0.010002379025,0.0100026744187,225.380992266,176.575475626,1.85584144617,4.99278215661,303.896719431,13.0645554177,20.4578822251,1.41583130931,4.25687165373,6.46468555079,4.6756497693,2.71690287522,2.98674794876,1.87706263327,2.00765533804,0.0340543592081,38.4634039599,36.8834806285,2.96021296989,0,5.22227107572,2.61867398784,11.0131857368,2.52362527035,4.55058382568,19.5103755158,16.5720605582,2.98254559381,1.20782728982,0.400169181632,17.5872330251,6.52711776056,0.126010075049,1.30210574647,2.42965517814,1.57114951503,2.28438328976,1.66013837417,1.95272312549,1.88848163933,0.278496910808,5.29833455298,3.84331348347,1.23974744721,1.6004021458,0.612847413589,0.558358205194,0.460143982441,1.96555726346,1.13151548504
sobol__0003237,99.45791694,105.71733488,-8.36180104,127.16571424,-41.38760231,6.58311481,57.47664462,0,solver_failed,The static optimization solver did not converge,421.002949,0.304269577503,1.0328049882e-07,,,0,0,,,,,,,,,,,,,,,,,,,,,,,,,,,,,,,,,,,,,,,,,,,,,,,,,,,,,,,,,,,,,,,,,,,,,,,,,,,,,,,,,,,,,,,,,,,,,,,,,,,,
sobol__0003245,88.20791694,65.09233488,38.51319896,70.29071424,28.61239769,-4.35438519,4.97664462,1,usable,Converged with independently replayed constrained generalized-force equilibrium and small reserve torques,408.103995,0.102315448638,4.28121280649e-08,5.12659928194e-13,1.48139595473e-05,22,0,0.198303973538,0.0100068210431,0.0100296320328,0.010002607338,0.174171041782,0.0100010493601,0.0763006353502,0.0100115480947,0.0100074731007,0.0100032565497,0.0100054497467,0.010006805546,0.0100057345486,0.0100068340153,0.0100566746287,0.010067835013,0.0100148067419,0.0100150244375,0.0100333946861,0.0100452378183,0.0100076191519,0.0182812134623,0.0335148102923,0.0343399969095,0.0349919854616,0.0732638271574,0.0867554846929,0.0100017837901,0.0100039475826,0.0100050503995,0.0100131544557,0.0100182224659,0.0100110474072,0.0100052475592,0.0100027664939,0.0100041220457,0.0100043354526,0.0100053238544,0.0100042421155,0.0100038808852,0.0120930263406,0.0574302008692,0.0411530668978,0.0201698429197,0.0272557196444,0.0165961010824,0.010283155934,0.0100161050734,0.0100048795061,0.0100064250905,218.897852685,10.1269871968,1.90567623205,4.99308152774,175.424890836,12.68385124,20.5531164754,1.4322492741,3.88582689162,5.661250822,2.64305184955,2.62144100852,2.81854348742,1.79149955341,1.82576646613,1.9914384426,6.89222773907,6.74413116439,2.08330120812,0,5.25150878865,5.71342692282,38.3162247342,9.22732950772,11.5486764816,18.4113712179,13.5440795957,3.89030980031,4.42044665038,0.959885648118,5.43332504946,2.67059090379,0.697130907437,1.63362743891,2.58326682651,1.62560757491,2.3688609889,1.72952162993,2.05751470595,1.97325103542,0.282247747843,5.45892294355,3.38212073788,0.967506014702,1.43738766132,0.675191338536,0.718092259705,0.460692550463,1.99226515808,1.16655082637
sobol__0003253,116.33291694,85.40483488,-41.17430104,41.85321424,-6.38760231,7.67686481,-6.27335538,1,usable,Converged with independently replayed constrained generalized-force equilibrium and small reserve torques,425.329108,0.312575169682,2.70407367609e-08,1.77627775812e-12,5.46301966541e-06,5,0,0.400998874699,0.0799890900023,0.0100174842323,0.118677322858,0.28190386429,0.210174960122,0.0100437349406,0.0100123482525,0.0100185290567,0.0100017249983,0.0100021364857,0.0100079226587,0.0100074339288,0.0100080614299,0.0100100874336,0.0100110512847,0.0100184649676,0.0100189174493,0.0100939474502,0.0100820224352,0.0100204616224,0.0100175957462,0.0411951290434,0.0314523818324,0.0143555568321,0.0100983872643,0.0100541705341,0.01967963288,0.0114861354908,0.0101984229675,0.0167300382454,0.0101018722279,0.0101263739912,0.0102279615971,0.0101392592886,0.0101201101549,0.0101109258071,0.0101080630399,0.0101160477398,0.0101215822956,0.0100860087522,0.0100681444042,0.0100939474549,0.0100841494225,0.0100768609041,0.0100893278916,0.0100935787037,0.0101019492779,0.0101287204874,0.0101236466311,364.531067441,84.8168108445,1.75644880019,45.9272689929,279.10485924,166.697961197,2.16955624149,1.42187669242,4.14857576921,6.30825778989,4.54075795685,2.71251320393,2.99501999637,1.87995175686,1.91972396813,2.07486429058,6.58076164407,6.38550966421,1.51169471031e-07,3.79544209387,2.3890011423,2.2287949309,48.4980412035,8.64637515949,4.83222825661,2.54413719795,1.93939557019,8.02461517917,5.23603168067,1.02921047898,8.47054992835,2.87539214051,0.755631420448,1.74642372123,2.62386045575,1.63304629724,2.3940087437,1.74759884707,2.11947485766,1.99576769864,0.311917793396,1.09905020652,0,0.49208008848,0.685780237522,0.444124665065,0.718747752506,0.461671011814,1.75717642669,1.17734916643
sobol__0003261,82.58291694,126.02983488,61.95069896,17.47821424,63.61239769,18.61436481,-58.77335538,1,usable,Converged with independently replayed constrained generalized-force equilibrium and small reserve torques,409.321484,1.16436874393,3.4735485599e-08,8.38440428197e-13,4.3840375114e-05,23,0,0.236441288569,0.814123578283,0.14640223884,0.0100066125969,0.0100452377874,0.0100006042155,0.468528148769,0.0100012440825,0.0100003328079,0.010000115998,0.0100001670544,0.0100005628463,0.0100004808991,0.0100005712071,0.0100005949451,0.0100014796146,0.125276466518,0.10196815407,0.0100452377874,0.0100452377874,0.339758971436,0.0100040600952,0.0100034830708,0.0100059400048,0.0100452377874,0.0246640705108,0.0100019105537,0.0100120580268,0.0100009279682,0.010027288021,0.217745851372,0.072177799256,0.010009053809,0.0100044165652,0.0100143801989,0.0100671701416,0.0100044424184,0.0100067689354,0.0100082893667,0.0101275903456,0.0100162624127,0.0100087338206,0.0100217123383,0.0167601472398,0.0100076367233,0.0100257709408,0.014765117125,0.0328963831965,0.0185511191442,0.0671665188075,117.015815865,331.113875144,26.0473482081,4.34766576286,0,11.9756380024,125.877527047,1.32379171528,4.17087727486,6.57107418162,4.91572675998,2.75902386041,3.09106436208,1.88068511664,2.08026684581,2.09031867534,73.4367342225,48.6515458012,0,0,156.287535249,0.263626029364,11.7608643065,2.41750204948,0,6.11682342671,1.82496644862,2.07197593239,4.72947609282,0.350716705063,121.323354856,16.2259162413,0.559968800814,1.48945180879,2.28987146846,1.34379986113,2.26041021111,1.67352518896,2.12567962897,1.78476611202,0.389198518331,0.955442019354,0.879112418413,0.753310761924,0.695269287849,0.456142613452,1.22031527454,1.30617507484,1.30233392557,6.04752158864
sobol__0003269,103.67666694,122.98295988,-23.59617604,81.46258924,39.86239769,21.62217731,13.41414462,0,solver_failed,The static optimization solver did not converge,1062.002815,,7.72777539737e-08,,,0,0,,,,,,,,,,,,,,,,,,,,,,,,,,,,,,,,,,,,,,,,,,,,,,,,,,,,,,,,,,,,,,,,,,,,,,,,,,,,,,,,,,,,,,,,,,,,,,,,,,,,
sobol__0003277,92.42666694,82.35795988,60.77882396,105.83758924,-50.13760231,15.05967731,50.91414462,1,usable,Converged with independently replayed constrained generalized-force equilibrium and small reserve torques,555.67254,0.335581717313,1.9376713567e-08,1.10618126349e-12,2.69509223759e-05,24,0,0.258577032725,0.0100007362855,0.0100402787693,0.0100005947083,0.15120855052,0.0100002897109,0.393493920473,0.0100412704659,0.0100032477962,0.010002300434,0.0100037258172,0.0100091094651,0.0100059731943,0.0100062627588,0.153316584313,0.0100815221371,0.0712743481455,0.0703635109357,0.0161576515645,0.10826618875,0.0100016171605,0.0794454929611,0.0100059155823,0.0100029137127,0.0100049485099,0.0772213663798,0.132740161562,0.0100018018592,0.0100810391878,0.0100175086502,0.010003321,0.0100152495248,0.0100810391878,0.0100058059087,0.0100019479763,0.0100028882731,0.0100030851505,0.010003775974,0.0100029467211,0.0100027590234,0.018857405305,0.0730986076501,0.0590498076814,0.0279070048153,0.0458645505067,0.0148258352776,0.0100529569856,0.0100111200814,0.0100025333097,0.0100035052666,207.335913898,9.82100015672,1.91560131572,4.87914439602,149.747346516,12.3418146876,105.74834181,1.44436771654,3.78011320218,5.95158391246,3.79418559459,2.65412143393,2.89834918756,1.82914579158,28.9280654112,0.0005961660497,51.1109012423,49.812643465,4.48164858625,38.6426032709,2.38011933363,23.1214257302,10.4898684454,2.28040366228,3.27110143137,12.5375251527,20.7875271747,2.5248861191,0,0.169756312318,5.57254688911,2.61607843588,0,0.843562010992,2.45265744999,1.59138983936,2.27029507445,1.65397563783,1.95737889279,1.91287826343,0.343679948433,4.53812348417,3.29848775969,0.898420688898,1.97227175447,0.298043750569,0.467890238882,0.443633853183,1.97952015583,1.16723511294
sobol__0003285,109.30166694,70.17045988,-18.90867604,4.27508924,74.86239769,-5.72157269,-50.33585538,1,usable,Converged with independently replayed constrained generalized-force equilibrium and small reserve torques,500.359513,0.100559283233,6.79584664098e-08,2.68208164647e-13,1.83705210649e-05,12,0,0.236808459121,0.0285773323984,0.0100152652506,0.0100175213639,0.080788108216,0.0100029447925,0.0160149230318,0.0100120681921,0.0100386926662,0.0100036616606,0.010004221957,0.0100090687093,0.0100073494119,0.010007833772,0.0100140990187,0.0216480364489,0.0656616438721,0.0491625517153,0.0100452378936,0.0100452378936,0.0100123681157,0.0100058028299,0.0100052171378,0.010010045157,0.0100452378936,0.097387200681,0.010003123591,0.0100117877413,0.0100018390203,0.0100168778265,0.121756310434,0.029038090251,0.0100142971007,0.0100068461614,0.0100198696746,0.0100929148767,0.0100073188185,0.0100117259875,0.0100188049911,0.0175305663202,0.0100310160409,0.0100155902642,0.0165549783598,0.0134924339002,0.0100213875307,0.0122028175851,0.0100166568468,0.0102236976309,0.0100145911702,0.0100952500786,259.551256092,30.4213627321,1.89640341891,3.24259601287,84.1791623186,9.70090210902,3.82838733348,1.44027695767,4.08784070461,5.93894908133,3.46220207617,2.67852292192,2.90883568285,1.83943617016,1.81894737169,11.6255375359,31.0761463328,17.4190954668,0,0,0.577285987053,1.36169678875,11.6136865013,2.31418121374,0,24.086933724,1.9294723712,2.41511781784,2.96129091963,0.437885048421,67.8150736188,5.72907016161,0.455419842369,1.3691333674,2.43649263984,1.47814499657,2.15882066513,1.64681682942,2.1279032355,3.35107831359,0.394888156447,1.03581972017,1.4908033204,0.60598053859,0.725413968426,0.568970901688,0.796162256061,0.469965825408,0.959073729025,1.13567442491
sobol__0003293,75.55166694,110.79545988,46.71632396,61.15008924,-15.13760231,0.84092731,-12.83585538,1,usable,Converged with independently replayed constrained generalized-force equilibrium and small reserve torques,386.05457,0.307799809165,3.70108637071e-08,2.1955770535e-12,1.37761973865e-05,13,0,0.248912877694,0.0265818332902,0.0100450288836,0.0100021273409,0.420801165546,0.0100009109353,0.206814563636,0.0100090476567,0.0100021535053,0.0100010620338,0.010001503032,0.0100052493072,0.0100040964388,0.0100048899793,0.0100123529662,0.0100531095477,0.0676088603547,0.0661200680376,0.0103495251333,0.0100438193372,0.0319736817217,0.0100054618878,0.0100092444543,0.010012064671,0.0266261232852,0.0699845551803,0.052012338839,0.0100051881714,0.0100062601529,0.0100137627548,0.010041977827,0.0102383029627,0.010027185656,0.0100143228039,0.0100112827905,0.0100171845296,0.0100149800039,0.0100188997125,0.0100157181103,0.0100163844118,0.0112483492787,0.0473249205548,0.0100947574287,0.0204334308604,0.0210909081943,0.0155255987119,0.0108629252626,0.0100559049629,0.0100150179559,0.0100242392389,179.41614104,14.2349286076,1.8255201207,4.52461699875,452.532604251,12.1263594462,55.7105381631,1.40256632983,4.12537390278,6.50004040188,4.73621524839,2.72655767682,3.02831230176,1.88085848098,2.07466115679,0.613314143192,45.8997702375,43.9000256404,1.39564900927,3.81263365646,16.1923900749,2.19998976515,11.622964202,2.75973011997,8.90807299907,17.6693824348,9.81012119794,4.08086678076,4.60578824617,1.01137936047,5.49765082768,2.91478675852,0.74005037611,1.70213905632,2.58782426374,1.58954788779,2.36625589367,1.73124092104,2.11669728178,1.97033414169,0.33203614158,5.16014000002,0,0.997144680883,1.35364449566,0.719511113007,0.849142297089,0.462472216703,1.68779187486,1.16945225155
sobol__0003301,100.86416694,92.51420988,20.93507396,22.55633924,17.36239769,-8.45594769,-22.21085538,1,usable,Converged with independently replayed constrained generalized-force equilibrium and small reserve torques,393.099832,0.591444146291,1.74886300996e-07,2.41584530158e-13,3.32264147688e-05,25,0,0.473973151007,0.187073733728,0.0100044634795,0.0100015586394,0.184766788636,0.0100006006197,0.0852822284893,0.0100036059254,0.0100016783736,0.0100006028724,0.010000741306,0.01000262483,0.0100018231678,0.0100020179264,0.0100031574437,0.0100025731626,0.0100042394816,0.0100049009995,0.01004523777,0.01004523777,0.0100034643712,0.0100042524538,0.0906350914096,0.0421735916196,0.01004523777,0.446532861975,0.0100010104616,0.253634827946,0.0100004333357,0.0100243196587,0.0210049752361,0.0100301986438,0.0100072708994,0.0100042520476,0.0100351899861,0.0304539605776,0.0100029933499,0.0100058589728,0.0100145010607,0.0519083256946,0.0100171688346,0.0100050497554,0.056503158298,0.0548884632278,0.0100068994882,0.0331499183487,0.0100204880747,0.0294121921747,0.01000415111,0.032043736831,271.089817976,183.148063559,1.74516190349,4.22419004381,198.683614108,13.0638023983,22.4826554112,1.43272127634,4.12311182674,6.30542189128,4.56179465952,2.69877818575,2.98774063132,1.87638078052,1.93991186916,3.27943228195,6.1676221996,5.25141722084,0,0,3.10871120758,1.41049991692,106.67037206,10.6172549728,0,112.335664436,1.89750252478,98.0829460075,4.65336629296,0.863451770172,10.8175900044,2.74289734606,0.720137760272,1.70494958789,2.59325942052,4.85917926476,2.34270333822,1.72592152864,2.11951863874,10.2238614975,0.340811189976,1.09210848362,5.33204313076,2.61500517906,0.701081172873,1.56721717228,0.7930077745,1.35291376751,1.49449765217,3.73897035355
sobol__0003309,89.61416694,116.88920988,11.56007396,46.93133924,-72.63760231,2.48155231,-44.71085538,1,usable,Converged with independently replayed constrained generalized-force equilibrium and small reserve torques,381.567455,1.59272062705,1.55371608912e-08,2.59348098552e-12,6.09358991708e-05,21,0,0.779292064001,0.425983440017,0.0100026989056,0.0100001758745,0.522725217046,0.0100000901657,0.715436174626,0.0100007416706,0.0100001829296,0.0100000726868,0.0100000987143,0.0100003304584,0.0100002697326,0.010000345734,0.0100004050812,0.0100014780348,0.0100089364137,0.0100091234204,0.0100430836665,0.0948293158095,0.0100002522976,0.0100004556117,0.0413713465004,0.0100056017582,0.0100452374585,0.0284570267307,0.010002863972,0.0254564825176,0.0100020094518,0.010047478728,0.0100053993306,0.0100124691747,0.0100184641129,0.0100109951612,0.0100851116797,0.0108229995232,0.0100121413958,0.0100192221907,0.0100333062397,0.0186887125825,0.0100178530206,0.0100078659569,0.0100145102144,0.0100350103247,0.0100106332789,0.0100279002957,0.0100409306717,0.0181608940805,0.0181540147154,0.0430734051516,460.400275216,295.71571211,1.7135758423,4.95842358168,559.959123078,13.0613439524,186.670741678,1.30527568816,4.33721836252,6.56491633591,4.95008126821,2.75565522392,3.06125095203,1.88056434379,2.0790526532,0.727550157804,6.63695603529,6.46781521573,0.14982744578,32.2011095613,5.25094449233,1.85767587281,48.6835784465,2.71631330126,0,6.87070896487,1.92952352759,7.16934322223,4.59837054852,0.518157635723,2.885547561,2.37172672931,0.612574418054,1.55577692531,2.13299870815,1.34686546318,2.05350888048,1.55429608469,2.12862487678,3.13107821433,0.390461537065,1.05373419696,0.921643068421,0.464728025258,0.724750286725,0.47116559184,0.882092049422,0.830446030029,1.94001274666,4.76296651028
sobol__0003317,117.73916694,104.70170988,81.87257396,67.24383924,52.36239769,23.26280231,41.53914462,0,solver_failed,The static optimization solver did not converge,1222.257184,,1.56491260839e-07,,,0,0,,,,,,,,,,,,,,,,,,,,,,,,,,,,,,,,,,,,,,,,,,,,,,,,,,,,,,,,,,,,,,,,,,,,,,,,,,,,,,,,,,,,,,,,,,,,,,,,,,,,
sobol__0003325,83.98916694,80.32670988,-58.75242604,124.11883924,-37.63760231,12.32530231,19.03914462,1,usable,Converged with independently replayed constrained generalized-force equilibrium and small reserve torques,341.751989,0.189912698934,4.78649297975e-08,1.30029320644e-12,2.03685133805e-05,19,0,0.197043596317,0.217762597084,0.0100088584113,0.131415616545,0.26247576123,0.0100007691585,0.0686715860309,0.0100032041728,0.010001460183,0.0100005899037,0.0100007360723,0.0100017529635,0.010001871547,0.0100021428122,0.0100028492559,0.0100452376506,0.0100111397626,0.0100111396072,0.0100249880773,0.0100293126888,0.0109132618363,0.0100022596262,0.0410496526575,0.0111709201901,0.0100485197344,0.0140348368964,0.0658330179071,0.0100038616121,0.0100452376506,0.0100143604291,0.025477992534,0.0100605623024,0.0100451044785,0.0100128692875,0.0100052944868,0.0100075132044,0.0100091662957,0.0100104847925,0.010008250651,0.0100071129112,0.0103255707869,0.0342597747609,0.0230696452692,0.0108975545101,0.0182375729613,0.0101220578397,0.0100338810237,0.0100159778331,0.0100055012337,0.0100066215394,221.552816306,224.358247631,1.93702383338,62.6014081052,257.622011259,9.19890657583,13.6796177514,1.40700250722,4.34919474726,6.37749055951,4.53789481516,2.70709388626,2.9761790415,1.87152221642,1.94914433647,0,7.18081248956,7.18094505492,2.83032380019,3.67687344608,4.47702907814,2.92878069475,32.3604681072,0.523570837986,2.8435625679,2.88961391259,11.6736814526,3.43393912876,0,0.516657594135,13.4734718778,2.75829345189,0.00169758936807,1.29953680488,2.58315341215,1.62615275929,2.36696378905,1.72649914019,2.05037856516,1.9742276426,0.266196615605,3.17996692621,1.76052845384,0.481043759237,0.996041498936,0.340234589245,0.601175885436,0.450619288392,1.99834245708,1.16701669134
sobol__0003333,106.13760444,96.83061613,-53.77195729,6.56024549,-44.20010231,-5.10633832,25.36726962,1,usable,Converged with independently replayed constrained generalized-force equilibrium and small reserve torques,443.801279,0.95769028833,5.145230908e-08,1.94688709598e-12,2.53677082332e-05,21,0,0.424150900756,0.360891076155,0.0100039625886,0.408578210117,0.216919400307,0.645351798679,0.0100042570641,0.0100026490748,0.0100008677122,0.0100003389795,0.0100004274683,0.0100010563714,0.0100011852901,0.0100017378422,0.0100017634689,0.0100012636549,0.0247241521827,0.0188097718385,0.010045237345,0.0100040838033,0.010006936757,0.0100026405425,0.0100120823715,0.0100697639566,0.0100761961254,0.026892121648,0.0560990108445,0.0100061421565,0.0100143240353,0.0100134777191,0.0699796343368,0.043925956949,0.0100217169599,0.0100130588229,0.010006452932,0.0100090586743,0.0100087816952,0.0100105739599,0.0100089461134,0.0100079628457,0.0101389130069,0.0315899397409,0.0232917059296,0.0115087048791,0.014942899307,0.0101093831896,0.0100451160851,0.0100229860356,0.0100097922681,0.010010796172,303.382324824,373.731244815,1.61336856783,171.635488989,216.377684947,508.49227753,2.33600084541,1.30860851652,4.30199113601,6.5591156551,4.75189342621,2.70333925169,3.01851967513,1.88070339184,1.98611808957,2.80783833836,12.1953014434,7.04806416524,0,3.61527538898,1.99377036389,1.40615217736,11.6667293565,2.38470968902,3.08176926703,5.68244254558,10.3872595565,4.08142149748,4.64048175675,1.0104475152,16.1358463827,11.8036765239,0.748030555295,1.71021171741,2.55253370045,1.62609170827,2.36501289934,1.72103813074,2.03377913422,1.96563070797,0.262174421024,3.23256258221,1.9989795178,0.557044265533,0.891216731128,0.342805124785,0.701964181447,0.46025776697,2.0095877594,1.14094714107
sobol__0003341,94.88760444,121.20561613,86.85304271,63.43524549,25.79989769,5.83116168,32.86726962,1,usable,Converged with independently replayed constrained generalized-force equilibrium and small reserve torques,306.795763,1.74711722105,8.75255068422e-09,7.24941418985e-13,0.000103232566575,28,0,0.0933026911851,0.0100006990936,0.027465813079,0.0100001093245,0.20851789017,0.0100000676321,0.966685176782,0.0100010160976,0.0100001260267,0.010000069803,0.010000104117,0.0100005981064,0.0100004456022,0.0100005080418,0.0100010603852,0.0100453197518,0.420679484315,0.41148725862,0.0540050854273,0.0100452373191,0.380860373197,0.0100004284001,0.010000727822,0.010000747986,0.0100033547693,0.0939395324625,0.108816974074,0.0100006537459,0.0100014628775,0.0100020745183,0.394537175086,0.244610085491,0.0100044607758,0.0100015863781,0.010001401966,0.0100021952712,0.0100019074721,0.0100024229683,0.0100020616656,0.0100021153732,0.023469345947,0.110883931033,0.089260481685,0.0502357586001,0.0443273542013,0.0269974845529,0.0101276830956,0.010012194421,0.0100024803431,0.0100036376239,23.4116956558,6.5094840305,4.76994164415,4.41173316082,224.255557995,11.7669067231,242.224051958,1.37422009163,4.07833279182,6.56271191738,4.80192173308,2.73786774416,3.06714651107,1.8807267937,2.07506650104,0.00147748100726,286.602717055,274.214500124,8.30048332594,0,193.950292948,1.8060220314,11.5709512582,2.74011960751,3.37199072453,18.1221064928,18.1714147263,3.74394232179,2.34529345018,0.862776222763,217.757778742,65.6266022403,0.4772162285,1.54154057954,2.46395203964,1.59325379033,2.2988143734,1.67253257483,1.97279439938,1.91683142229,0.457046303882,8.30456833226,5.79989526678,1.91169596017,2.11918607485,0.757587716492,0.53224255226,0.460447615851,2.00714553492,1.16404897802
sobol__0003349,111.76260444,100.89311613,7.16554271,83.74774549,-9.20010231,20.04991168,-30.88273038,1,usable,Converged with independently replayed constrained generalized-force equilibrium and small reserve torques,328.456992,0.336983958949,5.31558868033e-08,7.81597009336e-13,1.51481575196e-05,18,0,0.506634674519,0.221559679945,0.0100022910474,0.0100011646904,0.108953704607,0.0100003536455,0.0780944834402,0.0100025630945,0.0100012018354,0.0100002745391,0.0100003609431,0.0100018321941,0.0100012297072,0.0100014315297,0.0100015197911,0.0100170545808,0.0587251294587,0.0574908832617,0.0118650005297,0.0164965440107,0.0100005372361,0.0100009716673,0.0100039943586,0.0100045609265,0.0173138223308,0.0115390890265,0.0100057808791,0.0207666404327,0.0100034956971,0.0101165817165,0.0100066817184,0.0100242039506,0.0100235486201,0.0100169630226,0.0101150112482,0.0101421478386,0.0100182718186,0.0100257207904,0.0100337620082,0.0102303350651,0.0100232629296,0.0100128028426,0.0100177616558,0.0100335696757,0.0100161297231,0.0100303994878,0.0102251604977,0.0123869986907,0.0214835532158,0.031246821693,193.424584635,219.875985372,1.82423053693,2.74154530978,117.16995372,11.815257708,19.9976272975,1.39204993056,4.20473868809,6.54186090993,4.74326892527,2.72579198962,3.01336233079,1.88043930179,1.98631208704,0.408138707232,41.1836599248,39.4704114786,3.04265621563,6.24847759862,5.25110414808,3.05609997492,11.1316372664,2.57286014199,5.58073768133,2.90953055306,1.90376016504,8.47066576469,4.26686608302,1.02058762792,5.55915748343,2.85377934137,0.712762977218,1.67628025807,2.51787711128,1.4610574904,2.35470732022,1.72602709844,2.130673659,1.90502076038,0.386148013096,1.07143611319,0.945247980243,0.485309292296,0.725092472985,0.474413849468,0.782524218718,0.492891707151,2.43641771454,3.02502172648
sobol__0003357,78.01260444,76.51811613,16.54054271,108.12274549,60.79989769,9.11241168,-23.38273038,1,usable,Converged with independently replayed constrained generalized-force equilibrium and small reserve torques,315.568904,0.0870557795152,4.82876529873e-08,5.85535278653e-13,8.70852637392e-06,13,0,0.152772063069,0.0991605849748,0.0100480831999,0.0100173396373,0.19596776051,0.010003202878,0.0435120539198,0.0100136229702,0.0100065295251,0.0100027186801,0.0100033888851,0.0100091835265,0.0100079715662,0.0100089760906,0.0100144374662,0.0100627569171,0.0494727089739,0.0489731284442,0.0117440319967,0.0100661951516,0.0100030930325,0.0100030635656,0.0100067848049,0.0100056936048,0.0100126493186,0.0300285126906,0.0164818187985,0.0100052717762,0.0100078017592,0.0100135359123,0.0390734260163,0.0268921271338,0.0100242755653,0.0100136193723,0.0100146747455,0.0100216676138,0.0100203799068,0.0100240103871,0.0100208910472,0.0100219322567,0.0102611899155,0.0281057163119,0.0246059126873,0.0119541347918,0.0108219198899,0.0102668615968,0.0100914201356,0.0100491725507,0.0100205096019,0.0100280242501,166.833404806,96.7397143605,1.90951121889,4.99947033719,210.75874078,12.908925285,11.5835992957,1.44052782695,4.1067512319,6.09283741033,4.21930892886,2.66385877778,2.88723340291,1.8305107063,1.92423718412,0.143953786834,35.4852393635,34.7718719114,3.28247601538,0,4.98592718054,3.16888020482,10.374831703,1.70417299202,2.85158148093,7.57854520813,3.14181423123,3.9416840409,3.96290051067,0.983313279281,13.4894657056,6.24796532555,0.673200425673,1.62063101782,2.58898247419,1.59704985881,2.36985137551,1.73247704164,2.11330108312,1.97304418647,0.351773259533,3.06900336177,2.32191767817,0.583204660423,0.730345474714,0.48513677833,0.724010482201,0.452407899845,1.4176681512,1.12594148362
sobol__0003365,97.70010444,127.29936613,51.69679271,65.46649549,-61.70010231,18.40928668,-2.75773038,0,solver_failed,The static optimization solver did not converge,641.88423,,3.43923112212e-08,,,0,0,,,,,,,,,,,,,,,,,,,,,,,,,,,,,,,,,,,,,,,,,,,,,,,,,,,,,,,,,,,,,,,,,,,,,,,,,,,,,,,,,,,,,,,,,,,,,,,,,,,,
sobol__0003373,86.45010444,86.67436613,-13.92820729,122.34149549,8.29989769,11.84678668,-55.25773038,1,usable,Converged with independently replayed constrained generalized-force equilibrium and small reserve torques,342.199035,0.0872553855468,5.24942862512e-08,4.19220214098e-13,5.31817653765e-06,14,0,0.15261067196,0.182406344693,0.0100218554095,0.0100459054734,0.139153604033,0.0100043768771,0.0249498929505,0.0100074920487,0.0100034585778,0.0100014403427,0.0100017010942,0.0100049474012,0.0100046028743,0.0100050989791,0.0100056960038,0.0100452377648,0.0476505833167,0.0476408485901,0.0126135297721,0.0100452377648,0.0244887877266,0.0100036087452,0.0100059033008,0.0100379095582,0.010049787177,0.0122020322272,0.0100070987952,0.0292387354186,0.0100046288932,0.010149112638,0.0100047644958,0.0100119210858,0.0100283369952,0.010021570896,0.0100945310146,0.0101038516198,0.0100191229198,0.0100267736824,0.0100341027738,0.010146061321,0.0100219236767,0.0100117276604,0.0100163318482,0.0100330607872,0.0100166179207,0.0100299181169,0.01005970894,0.0103050838968,0.0108900564265,0.021365214392,156.293275392,181.776318561,1.83669309283,4.53412954641,146.203018014,12.8116767374,6.27607074323,1.4298207034,4.24049977976,6.33319953115,4.55103590586,2.70310674318,2.96808630526,1.86998612288,1.95306714062,0,34.1820287911,34.168079201,3.56940798201,0,11.0510127994,3.02741751363,8.25253445228,0.0523077138729,0.605325750746,2.99159498353,1.929760548,11.8418876262,4.06329356778,1.0248838361,4.74968452429,2.79289859859,0.679339165811,1.64451566582,2.27996614264,1.32884086045,2.19821760985,1.64278969827,2.13111303648,1.753848311,0.394858796615,1.01798312548,0.906748401926,0.458550206046,0.7251532675,0.461349245661,0.869172942311,0.440480124206,0.89782706283,2.0962143316
sobol__0003381,114.57510444,66.36186613,56.38429271,20.77899549,-26.70010231,-2.37196332,53.49226962,1,usable,Converged with independently replayed constrained generalized-force equilibrium and small reserve torques,440.325928,1.11481486119,2.61044466043e-08,4.68958205602e-13,8.65553863041e-05,29,0,0.404897137214,0.0100002141157,0.0100065481064,0.0100002330443,0.0100002720349,0.0100000829214,0.1407657195,0.210288642851,0.457157295659,0.010000232983,0.0100003902328,0.154062284125,0.0100036548477,0.0100010625252,0.0100028961,0.52030158238,0.0100007470245,0.0100008919379,0.0100452375895,0.125240440643,0.0100005437677,0.0100030939649,0.554732608759,0.189743909671,0.0649509301884,0.061694247655,0.0987292467941,0.0100014759422,0.0100098292502,0.0100038289869,0.0101113063933,0.0100061238817,0.0100077242437,0.0100030841092,0.0100012518916,0.0100018255329,0.0100019614949,0.010002399302,0.0100018631083,0.0100016900969,0.0102645987873,0.0343476993609,0.0274426238507,0.0101795048808,0.0269940348447,0.0101671724079,0.010026652589,0.0100067405462,0.0100030350708,0.0100024196201,440.47440545,10.4237927333,1.85716624481,4.76906105405,8.41495436343,12.9925480586,37.9192335629,29.5919480044,144.412073357,5.46247392301,2.55201931999,40.0483349846,2.80088952794,1.79174874111,1.64727488338,241.558242354,6.07667241597,5.08387410704,0,47.1039609222,3.98123025831,2.67416368739,652.708976513,47.2889396271,17.6862531881,10.2603541397,16.9942741999,3.85249969647,3.58972639144,0.895209829049,3.50200646396,2.83643388227,0.594609086467,1.56940240272,2.38119124764,1.54777475739,2.24273845286,1.63005154118,1.91616566468,1.85948947402,0.191301347871,2.49900801955,1.74718244091,0.38262335932,1.28588574336,0.229135966901,0.568009087421,0.458823583656,1.87319591568,1.0994318848
sobol__0003389,80.82510444,106.98686613,-27.99070729,45.15399549,43.29989769,4.19053668,0.99226962,1,usable,Converged with independently replayed constrained generalized-force equilibrium and small reserve torques,278.818088,1.09715832168,5.97130789259e-09,8.881784197e-13,8.08414687261e-05,19,0,0.431853033125,0.515200162235,0.0100049315217,0.0100003545126,0.51184682621,0.0100001152497,0.609140942169,0.0100008346496,0.0100002685357,0.0100000953663,0.0100001248666,0.0100003669258,0.0100002865578,0.0100004275747,0.010000487735,0.01000105064,0.0100083904689,0.0100085766716,0.01004466102,0.0100452377476,0.0100005620321,0.0100012313004,0.0447391024137,0.0357232140288,0.0395726689445,0.0378275781117,0.0283843075066,0.0100049660688,0.0100071338709,0.010011286372,0.0180620791193,0.010046040303,0.010020831917,0.0100121730698,0.0100071536795,0.010010366615,0.0100100260537,0.0100121826747,0.0100103744373,0.0100100839918,0.0100892862757,0.0243128072605,0.018080976856,0.010455536977,0.0109536434838,0.0101916968569,0.0100820249198,0.0100300488674,0.0100107514196,0.0100154798994,425.068924979,462.89832048,1.85079958169,4.6432762174,529.456338109,12.7444566911,151.348297061,1.30002592729,4.39283569818,6.57093745874,4.89006777066,2.7477371488,3.03154737349,1.8805997654,2.07138061065,0.923300087056,6.61525461037,6.43933708145,0.0358978113534,0,3.6850213174,0.842261150133,52.6592763342,9.8412752769,13.3198005591,9.17955577067,5.36477574096,4.08043525726,4.53559743798,1.01083788763,10.045842199,2.58441971129,0.736030935618,1.6895503582,2.58819537109,1.62660061724,2.37018718026,1.73076407549,2.06301555158,1.97485162709,0.275682251676,2.56999247462,1.58375551694,0.507312759429,0.677043751266,0.418134515227,0.65840785887,0.461097345106,1.90456605737,1.1687117418
sobol__0003397,104.73135444,110.03374113,66.93116771,111.16962049,19.54989769,1.18272418,-46.82023038,0,reserve_too_high,The posture requires more reserve torque than the quality limit permits,305.150085,608.87716284,7.0268043828e-08,1.96106519645e-06,0.350977322006,28,1,,,,,,,,,,,,,,,,,,,,,,,,,,,,,,,,,,,,,,,,,,,,,,,,,,,,,,,,,,,,,,,,,,,,,,,,,,,,,,,,,,,,,,,,,,,,,,,,,,,,
sobol__0003405,93.48135444,69.40874113,-36.19383229,86.79462049,-70.45010231,-9.75477582,-9.32023038,1,usable,Converged with independently replayed constrained generalized-force equilibrium and small reserve torques,505.442421,3.94755796984,1.19906487761e-06,4.869457568e-12,0.000235020901552,21,1,0.199850727005,0.0980204889753,0.0100157064878,0.0100845951869,0.0782001751125,0.0100051355811,0.0120252054409,0.0100102276722,0.0100109513805,0.0100029000444,0.0100034001944,0.0100078419842,0.0100067067871,0.0100073971897,0.0100112215304,0.0786470657719,0.578681591807,0.566605394232,0.115877295923,0.999998768052,0.307782089113,0.121842661296,0.0100004270733,0.0100001276089,0.805307679875,0.844499659117,0.0100003001506,0.527222551533,0.0100001311017,0.0100055281657,0.0100001834532,0.0100010882733,0.0100016533601,0.0100008789618,0.263007768318,0.275030359674,0.0100022431663,0.0100089205382,0.126461441016,0.421135198602,0.0100043092105,0.0100008607065,0.0100050433965,0.0517923227963,0.0100015872275,0.0100982293814,0.0100106173687,0.145422772419,0.0313272280735,0.317832354239,224.951154581,103.05183259,1.94881953129,4.25668000597,78.884365377,9.99852721258,2.7395521505,1.43987952533,4.21572366301,6.0887540472,3.91236782075,2.69092084699,2.91881715855,1.84113882321,1.86718027911,9.67881700972,407.525987243,390.694563241,30.0823843607,341.622079518,158.120314886,37.6084108215,11.0533109239,2.64865531589,253.940890268,211.386351379,1.40434948111,212.41534633,4.62198099183,1.00900943822,4.91457567814,2.38929156247,0.725496093474,1.69173379043,67.2692768743,42.218448246,2.31912822011,1.71939011844,26.8458788345,82.4247100776,0.261846517165,1.03372276844,0.926826341602,2.52744828874,0.555947163778,0.470374952056,0.830626355595,6.68857727748,5.45964760512,37.0881465661
sobol__0003413,110.35635444,81.59624113,34.11866771,58.35712049,54.54989769,13.21397418,9.42976962,1,usable,Converged with independently replayed constrained generalized-force equilibrium and small reserve torques,390.510264,0.267342262472,2.74679479162e-08,6.88462262612e-13,2.54533400907e-05,25,0,0.400660683541,0.010000630873,0.0100122027018,0.0100004856222,0.0101340113388,0.0100001607742,0.249081073587,0.0100173264374,0.0152333181948,0.0100007515193,0.0100010023069,0.0100055571716,0.0100025902391,0.0100021630569,0.0100071284278,0.134310205936,0.010007103697,0.0100072402248,0.0100301971346,0.0100452377542,0.0100005557458,0.0100039877122,0.070564608225,0.0491747508925,0.0513384978563,0.0569230649813,0.0629416859393,0.0100025996643,0.0100047594256,0.0100065308706,0.038177404101,0.01008938121,0.0100136984417,0.0100069759995,0.0100039975902,0.0100059722387,0.0100059066729,0.0100072817125,0.01000604733,0.010005827725,0.0107575220975,0.0465547753957,0.0336522067652,0.0177199927005,0.0215992830639,0.0140828064995,0.0101062008051,0.0100218531634,0.010006503727,0.010009045664,293.638307305,10.1088109963,1.92854975397,3.93566745836,10.5071969768,13.0633491212,66.5312224474,1.44103390248,6.03221346156,6.05816329185,4.22278118081,2.67069712985,2.9260338445,1.848193719,1.86993747971,30.3783482475,6.76417076645,6.61321472386,1.11830131443,0,3.60002757295,2.20443445608,82.2804093581,13.5716840781,17.2699038501,12.3662231151,11.9981317866,4.03053367912,4.1649248323,0.98701877051,20.5316361148,2.48100565615,0.702409466679,1.64009440537,2.57168193131,1.62589518572,2.36460561687,1.72389650185,2.03890264867,1.97306890358,0.284128401654,4.62253718863,2.72321003141,0.808372756061,1.29978901034,0.522227796032,0.555873264912,0.444932667964,1.88897991345,1.16099928683
sobol__0003421,76.60635444,122.22124113,-12.75633229,1.48212049,-35.45010231,24.15147418,46.92976962,0,solver_failed,The static optimization solver did not converge,1341.953247,,3.42446316637e-07,,,0,0,,,,,,,,,,,,,,,,,,,,,,,,,,,,,,,,,,,,,,,,,,,,,,,,,,,,,,,,,,,,,,,,,,,,,,,,,,,,,,,,,,,,,,,,,,,,,,,,,,,,
sobol__0003429,101.91885444,79.56499113,3.64991771,44.13837049,37.04989769,15.94834918,37.55476962,1,usable,Converged with independently replayed constrained generalized-force equilibrium and small reserve torques,382.522944,0.138182879873,2.221771922e-08,3.19744231092e-13,1.34257736903e-05,24,0,0.267025710196,0.117460320955,0.0100123606591,0.0100112364192,0.123559506928,0.0100026434743,0.023181757662,0.0100079202904,0.0100046930357,0.0100018250294,0.0100021795558,0.0100059931594,0.010004910238,0.0100055080755,0.0100081072072,0.0100044236449,0.010004530105,0.0100046448732,0.010044953787,0.0100452365154,0.0448184062663,0.0100168953352,0.090891899283,0.077562936747,0.0408379923455,0.053806962165,0.0874641632413,0.0100017348317,0.0100069751337,0.0100049323178,0.0106033886393,0.0100231590429,0.0100101855529,0.0100044758942,0.0100023624234,0.0100034666815,0.0100035542637,0.0100043603132,0.0100034917272,0.0100033120467,0.0118244993884,0.0506035825478,0.0373397958507,0.0186101038363,0.0278223052886,0.0120379347929,0.0100540681561,0.0100134813904,0.0100033568107,0.010004636103,243.138069334,120.069156496,1.76131183795,3.62529924443,132.87243856,12.6699309356,5.9245440234,1.43966261678,4.08934133934,6.09840494472,4.26323450394,2.68433375528,2.92889155988,1.85118845022,1.88085937745,2.90623286273,6.60028254867,6.41954656217,0.00856960880006,0,13.088212529,1.93525438184,106.992022686,21.3598456276,11.8272047334,8.94277824018,16.4014097642,3.88008997894,2.19025301262,0.923599568932,5.90717133009,2.61981595971,0.606093491422,1.57120403508,2.45370044106,1.58922564204,2.28004381734,1.66112402224,1.9608077026,1.91347380684,0.261245841225,4.06171854289,2.52373822085,0.701756768645,1.48370597453,0.300739030407,0.430004575859,0.436642798268,2.01062789361,1.16738986677
sobol__0003437,90.66885444,103.93999113,31.77491771,19.76337049,-52.95010231,22.51084918,15.05476962,1,usable,Converged with independently replayed constrained generalized-force equilibrium and small reserve torques,320.590929,0.543437999868,1.12481913561e-07,1.03739239421e-12,1.47778068669e-05,27,0,0.559874433243,0.252967784551,0.0100036273509,0.0100007701031,0.30688410332,0.0100003883863,0.174513377726,0.0100024761367,0.0100007802469,0.0100003185637,0.0100004276721,0.0100015202908,0.0100011126923,0.0100012798893,0.0100020334586,0.0100016212743,0.0100025441782,0.0100030357755,0.0100452378572,0.0725027021542,0.0100038416907,0.010003170439,0.158558598226,0.0266882318684,0.0100164542206,0.0272903224518,0.0537495513469,0.0100029332641,0.0229976859707,0.0100070335554,0.0100114409232,0.0100119450974,0.0100183184161,0.0100096033482,0.0100044988239,0.0100065505921,0.0100084199294,0.0100095971909,0.0100073675413,0.0100066039027,0.010768272238,0.0351641866579,0.0245965246327,0.0106175872324,0.0223228506264,0.0102778195785,0.0100335631557,0.0100158951951,0.0100054079103,0.0100064885434,299.029623285,200.605705027,1.7651058456,4.9922018393,330.046434239,12.853699147,46.8091748508,1.40171212932,4.17332394594,6.48839585492,4.71424200015,2.72043953648,3.02354806722,1.8801054714,2.0101691955,2.56337587273,6.01838824526,4.98937760816,0,25.7293167485,4.98886079852,1.57947571991,186.526605511,6.56672574084,2.68959032026,5.61629501699,10.3357247554,3.90658215439,10.0543235058,1.00108436395,2.45658800993,2.58063665874,0.749732704659,1.71262174229,2.58903773333,1.62245349435,2.36955720451,1.73020366653,2.07361054581,1.97410833028,0.353616318464,3.83862535324,2.27427859549,0.515937984592,1.58909484266,0.368173956577,0.569621542445,0.39488904694,1.76846518501,1.0809017062
sobol__0003445,118.79385444,116.12749113,-47.91258229,129.45087049,72.04989769,-0.45790082,-18.69523038,1,usable,Converged with independently replayed constrained generalized-force equilibrium and small reserve torques,476.103637,1.58921212985,5.38133974715e-07,1.89572801901e-11,0.000145268077015,20,0,0.585907197056,0.661184942842,0.0100418445226,0.068112579069,0.115756540694,0.581297972639,0.0100015815712,0.0100078734227,0.0100018681362,0.525849026086,0.0100003373693,0.163378239782,0.0302383986241,0.0100012779424,0.010002033454,0.010045237841,0.0100090596274,0.0100090521061,0.0100218265931,0.010045237841,0.0100001784973,0.0100004182109,0.0450904100038,0.0100305206307,0.0100041816176,0.019960621836,0.0100012998537,0.0100011217048,0.0100008562696,0.0100028622035,0.206423583391,0.271316540478,0.0100044419751,0.0100018405699,0.0100127100362,0.0189899000454,0.0100062521691,0.0100097317457,0.0100263942413,0.0570648126392,0.0221818655227,0.059269205218,0.0770552674047,0.05121239693,0.0100071954212,0.0100282293298,0.0100212952021,0.0346145138529,0.0454079849929,0.0873146961268,142.030393653,665.976395842,1.59535883071,29.2137617733,118.011067948,525.079649617,2.49975003936,1.2325002178,4.43401237619,336.79134048,4.97233405541,45.3098952171,8.83780788718,1.88091066623,2.04554686418,0,7.17287171311,7.18030661599,2.70760430649,0,5.21684288194,3.1681324892,30.6220249933,0.00742686303351,0.816081836775,5.0246807558,1.61565909187,3.76817196471,3.45121851064,0.931278876072,18.491372139,55.1560870793,0.528679551033,1.57999168552,2.590676831,3.06598876159,2.36578591665,1.73012514164,2.1080594101,11.2553267713,0.726982360657,6.47215340653,7.26576374755,2.4977575922,0.615295495614,0.471702392828,0.73392356723,1.59198396671,7.16537577518,10.1823693307
sobol__0003453,85.04385444,91.75249113,73.96241771,72.57587049,-17.95010231,-7.02040082,-41.19523038,1,usable,Converged with independently replayed constrained generalized-force equilibrium and small reserve torques,402.891519,0.346052027648,9.67429114596e-08,6.96331881045e-13,3.4781785745e-05,21,0,0.305615216838,0.0100004754937,0.0100368171481,0.0100003578567,0.236168562105,0.0100002018116,0.392975268063,0.010009726189,0.010001216779,0.0100007556474,0.0100011006374,0.0100040088684,0.0100030466496,0.0100033780429,0.142288162329,0.0216342873532,0.0637537612988,0.0623879503424,0.0119765513385,0.0166984937477,0.0100012055988,0.048106541282,0.0100038997346,0.0100043909471,0.0213463674642,0.0612992275144,0.0273817320753,0.0100029533215,0.0100033322614,0.0100082684988,0.0100064250126,0.0100242169627,0.0100142565115,0.0100077555194,0.0100070053636,0.0100108214587,0.0100093202854,0.0100112160342,0.010008955033,0.0100100481487,0.0103439994911,0.0336959513573,0.0310567867189,0.0152920629765,0.0189343547988,0.0128865998255,0.0100970914682,0.0100309549003,0.010010638216,0.0100135212706,217.634782154,9.03745905223,1.91865325565,4.54753203365,252.911189469,11.8755418846,103.890834023,1.43996507171,3.79760803339,6.0371087885,4.21128037626,2.66857403936,2.9281400794,1.84380347568,27.6683804965,0.855537861944,44.0176136424,42.1515559316,2.6784983988,6.33854778167,4.8783122409,15.1969758056,11.3881650165,2.68196876722,6.59207198745,14.5755074205,4.90792122977,4.07838218009,4.79927619441,0.936061109795,5.57163609657,2.85350912765,0.754064546507,1.71330511688,2.38890964079,1.41706083436,2.14511046724,1.6368117379,2.12582120781,1.85756816385,0.361166660785,3.67473759766,2.91530597482,0.716019927675,1.32336462141,0.608056800079,0.860178782518,0.461353559565,1.1272427758,1.15578149558
sobol__0003461,108.24697944,119.68217863,-21.54539479,31.44305799,58.92489769,9.52256793,-9.78898038,0,solver_failed,The static optimization solver did not converge,971.149463,,1.37751356988e-08,,,0,0,,,,,,,,,,,,,,,,,,,,,,,,,,,,,,,,,,,,,,,,,,,,,,,,,,,,,,,,,,,,,,,,,,,,,,,,,,,,,,,,,,,,,,,,,,,,,,,,,,,,
sobol__0003469,96.99697944,95.30717863,44.07960521,39.56805799,-31.07510231,20.46006793,-47.28898038,1,usable,Converged with independently replayed constrained generalized-force equilibrium and small reserve torques,326.126006,0.425085149187,5.60163044838e-08,5.24760503366e-13,2.38605062664e-05,24,0,0.555590175061,0.122699033366,0.010003696435,0.0100007466895,0.195153253649,0.0100003724118,0.154329650558,0.010003069342,0.01000105503,0.0100004219506,0.0100005476115,0.0100021424825,0.0100014368122,0.0100016083099,0.0100032442183,0.0100049228062,0.0100056115428,0.010005779837,0.0100452377776,0.0164780604988,0.0100012816712,0.0100025132819,0.0697551875268,0.0390527136409,0.0100452377776,0.0966004929067,0.0100014915879,0.0693584656765,0.0100008126689,0.0117096747488,0.0100433067831,0.0100249338096,0.0100100378623,0.0100058408345,0.0100138144709,0.0100532310182,0.0100039130373,0.0100060439427,0.010006887921,0.0100564196668,0.0100110253963,0.0100053608958,0.0100102216034,0.0101092030151,0.0100058954933,0.0100232447364,0.0397541714545,0.0453231988452,0.0357046808085,0.0999171409889,281.004446928,114.151211807,1.73161284177,4.99214053157,207.947210575,12.7845245894,41.5698157496,1.43618696152,4.06074745251,6.28274344301,4.55491363181,2.69900268553,2.9787212825,1.8730454552,1.94934960514,2.15492960342,6.54239979297,6.32546482499,0,6.13357757563,5.22631126874,2.22810407576,82.1255381064,10.626116908,0,23.7001658928,1.82029100756,18.9737846429,4.79392108705,0.610785226015,4.06350417601,2.81835427788,0.71126473278,1.67700555012,2.20796086179,1.27293407566,2.2338324295,1.65346183428,2.12528421045,1.68792433093,0.394394582695,1.00393362385,0.901836592468,0.466392810742,0.711954445481,0.464474792546,3.38893831312,1.77577786675,3.0858087366,9.14588942726
sobol__0003477,113.87197944,74.99467863,-26.23289479,76.13055799,13.92489769,6.24131793,46.46101962,1,usable,Converged with independently replayed constrained generalized-force equilibrium and small reserve torques,417.536613,0.0702443296769,4.18327914531e-08,7.53175299906e-13,1.4215164444e-05,15,0,0.224255239638,0.0205632084282,0.0100161764667,0.0100231190979,0.0515233694322,0.0100033160694,0.0101120144341,0.0100141892295,0.0361789899029,0.0100027233078,0.0100032590817,0.0100110892937,0.0100085112253,0.0100085637971,0.0100129163428,0.0100160311067,0.0100174163951,0.0100176480478,0.0100346217514,0.0100452377811,0.0111684279732,0.0133600839743,0.0273878558652,0.0216354943643,0.0147877977194,0.0413301052887,0.0761354535296,0.0100019354566,0.010032596408,0.0100100185404,0.0100102006575,0.0100166453639,0.0100336821454,0.010004992323,0.0100021652688,0.0100031546017,0.0100032511134,0.0100039807943,0.0100031646034,0.0100029537416,0.0102226242291,0.0360122008097,0.0289069964927,0.0139361193257,0.0218069080186,0.0102182265405,0.0100423918282,0.0100112955503,0.0100031491794,0.0100039574869,240.524565834,21.9556412161,1.86355122127,3.27621798938,52.6433199624,8.25433459842,2.29699575883,1.44054050155,14.738869697,6.04050173461,4.01967756797,2.69562532861,2.93840372149,1.85674950528,1.85644090144,1.8876588778,6.95099624058,6.80300355272,2.43134677997,0,4.6246958032,4.21142953819,30.9621146237,5.69500935922,4.98789747287,7.11616689651,11.8591640172,3.13314763193,0.15062565412,0.38249247131,5.47263657694,2.76025722137,0.0528138703007,1.19215437478,2.40007940462,1.55879376761,2.25038222661,1.6375173077,1.92764018253,1.87664709198,0.169185380771,2.23393210164,1.61574873944,0.46144596994,0.911939313816,0.231121000482,0.485305325642,0.460444578252,1.94843085782,1.14843439895
sobol__0003485,80.12197944,99.36967863,58.14210521,116.75555799,-76.07510231,-4.69618207,8.96101962,1,usable,Converged with independently replayed constrained generalized-force equilibrium and small reserve torques,303.347654,0.399343506922,4.78689328176e-08,1.65556457432e-12,5.93426421194e-05,18,0,0.219586460277,0.0100031582605,0.0100470764829,0.0100016733504,0.261131829294,0.0100007998534,0.366084555057,0.0100261687731,0.0100034907613,0.0100026731531,0.010004031566,0.0100139559772,0.0100105542337,0.0100129219896,0.110295680117,0.0101730870708,0.0439957008022,0.0439192646604,0.0118560493292,0.335921961413,0.0101058041463,0.0113350475427,0.0100218291167,0.0100027421532,0.010005540795,0.0948647004307,0.0464576536253,0.0100027216985,0.0100081919443,0.0100086059525,0.0100029643546,0.0100169867498,0.0100219459896,0.010007540276,0.0100060051028,0.0100095113169,0.0100097038564,0.0100119960348,0.0100094440066,0.0100096373088,0.0120031767149,0.0491579921241,0.0342916823672,0.015807883106,0.0296176222137,0.0195683321775,0.0120783842999,0.0100523977256,0.0100163039234,0.0100203061912,153.57068641,7.46487599846,1.92539713364,4.58386317915,280.75948922,12.0236370066,98.569270779,1.44006847707,4.00722631496,6.24449650794,4.53135961664,2.69980098792,2.97523337921,1.87059473482,22.0595726809,0,31.5619040727,31.4522952106,3.35760078025,112.778727216,0.135466968686,3.34225524656,9.36434543889,1.94389498644,2.94508244315,23.8522659293,6.3698818832,3.75388610802,2.76512340817,0.90684245352,5.57344013984,2.34470113246,0.490925097552,1.57941732738,2.58943045114,1.62044504656,2.36983200124,1.73098464689,2.09694747749,1.97472378493,0.277933773452,4.45709588852,2.72344918071,0.752036672739,1.49229288108,0.782582492941,0.925777736416,0.462315381085,2.00942157486,1.16547526403
sobol__0003493,99.80947944,89.21342863,83.92335521,90.34930799,76.42489769,3.50694293,18.33601962,1,usable,Converged with independently replayed constrained generalized-force equilibrium and small reserve torques,334.038391,1.19988100157,1.85744966075e-08,1.42819089888e-12,7.37081130258e-05,28,0,0.46704877631,0.0100001354286,0.0686300417485,0.0100001078139,0.0149294291705,0.0100000583826,0.871019550607,0.0100318301061,0.0100004802228,0.0100002317801,0.0100003355182,0.0100031594581,0.0100015642404,0.0100012644873,0.289154112491,0.0100452586304,0.108803995244,0.106560729599,0.0221443108701,0.0100452366718,0.0100000990893,0.0100009829291,0.010002204469,0.0100006933299,0.0100015578328,0.0497865399954,0.0927331937863,0.0100006750591,0.0100021193766,0.0100021220237,0.266595921484,0.0695758696184,0.0100050579328,0.0100019239293,0.0100015402212,0.0100023804763,0.010002493264,0.0100030534353,0.0100024809461,0.0100023838484,0.0247505024049,0.10368717858,0.0761652323803,0.0394077124665,0.0385118645618,0.0204908793057,0.0100367755707,0.0100088957877,0.0100025966965,0.0100031403118,274.497139884,9.84591794708,13.7578068773,4.72870207543,14.1444097859,12.105467195,221.803412794,1.44304857575,3.5622627117,6.00405316059,4.06950042902,2.65509644976,2.91551077718,1.83894162987,54.8905296339,2.93090482063e-05,76.9904473302,73.8482809899,5.82379016547,0,5.07397517093,3.06840208884,10.9658714504,2.56258833576,3.27185735682,10.2726843439,13.684534723,3.74834704047,2.99128927767,0.900701820998,124.670991198,13.5187028685,0.536502256787,1.56211104504,2.52815829247,1.62116030344,2.3490290111,1.70863138769,2.01285359543,1.94957267592,0.523152487886,8.51853338944,5.30177841555,1.63915473615,1.8523062659,0.698504915323,0.566920671183,0.46037247373,2.0103796075,1.16695132104
sobol__0003501,88.55947944,129.83842863,-56.70164479,98.47430799,-13.57510231,-3.05555707,40.83601962,0,solver_failed,The static optimization solver did not converge,974.130636,,2.88294454975e-08,,,0,0,,,,,,,,,,,,,,,,,,,,,,,,,,,,,,,,,,,,,,,,,,,,,,,,,,,,,,,,,,,,,,,,,,,,,,,,,,,,,,,,,,,,,,,,,,,,,,,,,,,,
sobol__0003509,116.68447944,109.52592863,22.98585521,13.16180799,31.42489769,11.16319293,-37.91398038,0,reserve_too_high,The posture requires more reserve torque than the quality limit permits,253.339872,987.412385396,8.51687218528e-08,2.0073010738e-06,0.5,19,2,,,,,,,,,,,,,,,,,,,,,,,,,,,,,,,,,,,,,,,,,,,,,,,,,,,,,,,,,,,,,,,,,,,,,,,,,,,,,,,,,,,,,,,,,,,,,,,,,,,,
sobol__0003517,82.93447944,68.90092863,13.61085521,53.78680799,-58.57510231,17.72569293,-15.41398038,1,usable,Converged with independently replayed constrained generalized-force equilibrium and small reserve torques,301.637155,0.0967420877504,3.41249162261e-08,5.34638336175e-13,2.62026963896e-06,12,0,0.191626280434,0.12401684632,0.0100255754059,0.010030807821,0.173993493087,0.010003037977,0.0304417241391,0.0100091093723,0.0100050191752,0.0100019729257,0.0100027158756,0.0100063687469,0.0100056372016,0.0100062895227,0.0100100328796,0.0100076247305,0.0100095118025,0.0100096887679,0.0100368749267,0.0100394588192,0.0587147818645,0.0100077664701,0.0449694442926,0.0321344296111,0.0390583814155,0.0101540707658,0.0100114881528,0.0320810926879,0.0100116274507,0.0102425039659,0.0124717531873,0.0100477963897,0.0100493703789,0.0100616909497,0.0100796253583,0.0100732217146,0.0100321301813,0.0100387509028,0.0100469100362,0.0100832558842,0.0100333876986,0.0100220357599,0.0100274361116,0.0100387932689,0.0100253322757,0.0100400101632,0.0100723535579,0.0101039328423,0.0125052092492,0.0155372800219,212.450060326,124.627249902,1.91676657975,5.0043639562,187.120835656,13.0455057546,8.03974202532,1.43962808758,4.07729922665,5.97428568184,3.59487505819,2.64754155974,2.85566147669,1.81358364445,1.87705415646,2.63713363576,6.71591834706,6.5609513365,0.729672485872,3.52207365912,30.8311067885,3.13789204004,52.7300164445,8.86366024514,13.1559249076,2.56378122337,1.92761877696,12.1697594635,4.52984385561,0.90276421789,4.56477750089,2.52376670564,0.756474588908,1.72250991958,2.53335175263,1.46997166174,2.36470291804,1.7311452611,2.13312427863,1.90827432581,0.354271063556,1.09395762071,0.946518937138,0.489867228717,0.723563837721,0.472138901656,0.744678731488,0.418130529452,1.77273140954,1.62348946273
sobol__0003525,104.02822944,71.94780363,26.50148021,119.80243299,-4.82510231,24.56163043,30.52351962,1,usable,Converged with independently replayed constrained generalized-force equilibrium and small reserve torques,409.100674,3.77777441574,6.7241751367e-07,3.00772284973e-12,0.000621839692497,21,1,0.194777684102,0.0100009043189,0.0100226474872,0.0100010053304,0.0857883982121,0.0100003549565,0.143442784765,0.0101139768543,0.0677548766362,0.0100315804949,0.0100109556302,0.0100103660636,0.0100062005123,0.0100053772273,0.0219632342624,0.0103392497354,0.0725593514043,0.0725129884926,0.0185573475872,0.159679949103,0.0100012545429,0.0571233112935,0.0100038155461,0.0100110795666,0.0100000752183,0.01000027434,0.999999682226,0.0100002180484,0.0100452377841,0.0100013470443,0.0100017270297,0.0100047209074,0.0100452377841,0.278135510944,0.0100005722169,0.0100006054058,0.790484622007,0.372425241609,0.117577364541,0.010000550482,0.37253564181,0.892591407149,0.578723282653,0.0904304891734,0.727790026168,0.0100037315227,0.0100005711479,0.0100003052605,0.0100000771069,0.0100000941083,197.94681721,10.2351954267,1.91304365205,4.20258646963,90.6068908965,13.0636295153,38.0692436739,1.45438013237,26.5853648007,5.8989012563,3.38163670724,2.64573376385,2.88299177842,1.82289981685,3.97092806971,0.207170499006,52.0528271646,51.9862917592,5.25528981394,59.7661116481,4.53178323465,16.1654637493,8.76393413693,0.354541151362,3.0187065453,1.72121248044,186.103531824,2.86109097273,0,0.309790526178,5.04929299335,2.8469329806,0,26.4904726153,2.53111702272,1.62425109529,183.668532677,63.0956303024,23.6048833427,1.9651781881,9.76702448918,80.6595645531,42.4905386877,3.72195164652,40.0607893683,0.287674814665,0.451581008606,0.384573028448,1.94466518911,1.11144676649
sobol__0003533,92.77822944,112.57280363,-1.62351979,79.17743299,65.17489769,13.62413043,23.02351962,1,usable,Converged with independently replayed constrained generalized-force equilibrium and small reserve torques,290.606481,0.983236962368,3.97023853793e-08,2.33058017329e-12,4.56743853486e-05,27,0,0.627404989603,0.383535909834,0.0100029265846,0.0100003298343,0.443570061175,0.0100001328959,0.467179629226,0.0100009456266,0.010000291791,0.0100000983973,0.0100001300897,0.0100004332417,0.0100003846597,0.010000450559,0.0100005106501,0.010045237781,0.0670673191424,0.0656452500824,0.0131494186904,0.010045237781,0.0100002875475,0.0100005925528,0.010003597082,0.0100026243657,0.010372846392,0.0716755414083,0.0447740620441,0.0100015913007,0.0100033397194,0.0100044319141,0.0467475652422,0.0233399667123,0.0100090222219,0.0100036818777,0.0100028054686,0.0100043048988,0.0100037702626,0.0100047930445,0.010004068303,0.0100042776686,0.0107549058822,0.0501719807903,0.0384684942926,0.022497213384,0.0202572343835,0.0163000030829,0.0108817944483,0.0100315705425,0.0100071569972,0.0100120636216,371.472568095,328.514671184,1.66506258268,4.27365212016,473.83700096,13.0417741,119.817864993,1.30215254886,4.34291577392,6.5699510298,4.91973244023,2.74905202696,3.05817939981,1.88071432439,2.06813572394,0,46.7363665835,44.7751600142,3.28960251618,0,4.98818046386,1.62405731398,11.2393625505,2.64765820734,3.49848897718,13.5941903593,7.6917466162,3.80524270089,2.08103090938,0.913938070017,23.7470505769,5.14816661558,0.533030791541,1.55987031258,2.51486592942,1.61869657938,2.32774856201,1.69542057601,2.00074017056,1.94764971016,0.242785494562,4.19521597471,2.6748391533,0.897784465819,1.0523069833,0.508130955469,0.523218141369,0.446626448574,2.00528815593,1.16754843263
sobol__0003541,109.65322944,124.76030363,78.06398021,34.48993299,-49.82510231,-9.34461957,-25.72648038,0,solver_failed,The static optimization solver did not converge,822.963807,,4.43615466139e-07,,,0,0,,,,,,,,,,,,,,,,,,,,,,,,,,,,,,,,,,,,,,,,,,,,,,,,,,,,,,,,,,,,,,,,,,,,,,,,,,,,,,,,,,,,,,,,,,,,,,,,,,,,
sobol__0003549,75.90322944,84.13530363,-43.81101979,26.36493299,20.17489769,1.59288043,-33.22648038,1,usable,Converged with independently replayed constrained generalized-force equilibrium and small reserve torques,296.823944,0.290332735906,1.2148192674e-08,4.47641923529e-13,1.33203830626e-05,16,0,0.2370453306,0.358450859004,0.0100146743687,0.0100101623138,0.244239262437,0.0100010152339,0.0912202642639,0.0100034329573,0.0100018352573,0.0100006041784,0.0100007250396,0.0100018637502,0.0100019219299,0.0100021356476,0.0100025941398,0.0100015033283,0.0100034518861,0.0100038546174,0.0100452377677,0.0100452377677,0.0526542161279,0.0100048903492,0.113407344742,0.0585145752452,0.0100452377677,0.0928809921219,0.0100038671892,0.0463623247298,0.0100019679814,0.010046465638,0.0552246373547,0.0100953048024,0.0100213402333,0.010014703159,0.0100193649421,0.0100409011281,0.01000884842,0.0100134629272,0.0100169237227,0.0100605157514,0.0100295049889,0.0100166723493,0.0101250342178,0.010488091727,0.0100166163821,0.0100871278993,0.0101683967844,0.0145162473015,0.0100268885715,0.0274915059727,267.170489575,358.328650797,1.97477637376,4.91691298727,244.380054451,11.4425757733,21.5622007837,1.41019191872,4.36103994924,6.44827733986,4.6128450556,2.70673763714,2.97461331291,1.87126975681,1.98564592726,2.6853538071,6.30249208435,5.59174620356,0,0,16.4595454155,1.14164599272,133.510089523,15.0345160306,0,23.3415569753,1.92963443116,15.9558638967,4.78682422989,0.747016843887,29.5827730911,2.74327089715,0.708869558314,1.69760328398,2.55177246982,1.52396005663,2.31998835432,1.71779802688,2.12673621911,1.94829138787,0.38055980605,1.06755591519,0.947094889199,0.494357904107,0.724966886526,0.477111040365,0.825119877467,0.666394323537,1.29290859295,3.15692415118
sobol__0003557,101.21572944,102.41655363,-36.77976979,52.77118299,-22.32510231,-7.70399457,-53.85148038,1,usable,Converged with independently replayed constrained generalized-force equilibrium and small reserve torques,315.844621,0.633927569939,1.20747021271e-07,1.79227566609e-12,3.39839979625e-05,16,0,0.514876158858,0.423526666263,0.010003150038,0.18612415466,0.367061793725,0.0100004858741,0.0389825164916,0.010001766145,0.0100005754246,0.0100002081168,0.0100002644993,0.0100008119842,0.010000667214,0.0100009819274,0.0100010461026,0.010004212469,0.0117570536976,0.0115276833782,0.0100481629808,0.0100216171799,0.0100014069206,0.0100012341637,0.0100193978508,0.0100296845097,0.0100452368036,0.0804446793747,0.0100040765311,0.075416889212,0.0100021777268,0.0100553154148,0.0116157068739,0.0101033772644,0.0100252125383,0.0100206357497,0.0246044070505,0.0226866837823,0.0100158277757,0.0100320069795,0.0140842751876,0.0324021338423,0.0100206006114,0.0100086630293,0.0100248191729,0.0100412877022,0.0100174924572,0.0101307001465,0.0100147590239,0.0101156779489,0.0100250223405,0.0102324911298,327.262053585,427.796501227,1.59293913668,64.8634599994,378.35629104,9.5409359607,9.43441811367,1.29634753626,4.3328947565,6.57043669722,4.82016125155,2.74876817537,2.99449674743,1.88065401801,2.01613584837,0.553071715066,7.87513089103,7.54137307449,0.64322894065,3.79897742453,3.99106561508,2.02694414488,11.7593878128,2.76818314449,0,18.5867249865,1.89043244715,26.415915633,4.1225130493,0.639695310555,5.72975490486,2.87336126057,0.662082423462,1.64895288601,5.48248945906,3.01557270942,2.01205773402,1.55463101486,2.99045007219,5.72889588162,0.383742431274,1.06481079035,0.914359323883,0.455584562362,0.724918694281,0.467059146388,0.859324180808,0.465028438864,0.886335842098,1.142070865
sobol__0003565,89.96572944,78.04155363,66.34523021,12.14618299,47.67489769,-1.14149457,-1.35148038,1,usable,Converged with independently replayed constrained generalized-force equilibrium and small reserve torques,299.093678,0.125279182177,2.22971403563e-08,8.10018718767e-13,1.35594595292e-05,24,0,0.249699697322,0.0798609678809,0.0100215971076,0.010006226854,0.127271838401,0.0100032188319,0.0303895469999,0.0100096919527,0.0100080865139,0.0100022347632,0.0100032642029,0.0100065419177,0.01000543963,0.010006261065,0.0100133591683,0.0100042813894,0.0100039124541,0.0100048657878,0.010045238063,0.010045238063,0.0290053854634,0.010023242858,0.107757491397,0.0278665977739,0.0437660981793,0.0752289352906,0.0984036156065,0.0100020411304,0.01000528268,0.010005322654,0.0162292929145,0.0100241756381,0.0100125077428,0.0100063679168,0.0100032518687,0.0100048086225,0.0100052742757,0.0100063925717,0.0100050626151,0.010004562063,0.0140948022402,0.058717160239,0.010045238063,0.0188066901,0.0311416381109,0.0172476208487,0.0101687602153,0.0100159622825,0.0100048418622,0.0100063716862,234.481878404,79.0776821865,1.89231012936,4.79132328894,122.759625372,12.2018259574,8.08453837457,1.43853989209,3.60778047686,5.81409379493,3.20255936669,2.63593016499,2.86660420261,1.81214306765,1.8725117961,3.82718350104,5.42812695888,4.26687130569,0,0,11.5134627429,1.70385415834,126.341385426,6.6497992249,13.5798301428,17.8546151518,18.9135622731,4.03628909984,4.78988072152,1.00524966175,8.98047652121,2.5450448948,0.753904465213,1.71306759365,2.588016514,1.62566947882,2.36911914068,1.72997394539,2.06809436551,1.97377573925,0.43107408823,6.41035857654,0,0.917760302717,2.09999942849,0.731752949025,0.700335851858,0.460718702259,1.9078085543,1.16767614433
sobol__0003573,118.09072944,90.22905363,-3.96726979,105.58368299,-67.32510231,21.82725543,2.39851962,1,usable,Converged with independently replayed constrained generalized-force equilibrium and small reserve torques,312.83455,0.199760717793,9.23486105364e-08,9.94759830064e-13,1.53217064216e-05,24,0,0.411217003889,0.0100101717852,0.0100097402605,0.0100027148667,0.028982804073,0.0100005068662,0.0252763110855,0.0100083624215,0.0860532212877,0.0100004956222,0.010000674507,0.0100062962123,0.0100035583815,0.0100030355863,0.0100031379904,0.0101296189551,0.0588215895264,0.0580529347989,0.0133318995084,0.0677736704348,0.0100007087514,0.0100025206523,0.0100039214122,0.0100020132892,0.0100030568908,0.0198044622544,0.0630386320019,0.0100023246909,0.0100332572315,0.010006586886,0.0100028068724,0.0100146587221,0.0100175102163,0.0100082087922,0.0100064064051,0.01000934744,0.0100133895638,0.0100143721606,0.010010750234,0.0100093235238,0.0104172728536,0.0334063205392,0.0222590594273,0.0103029101153,0.0216898988416,0.0102060457698,0.0100309900511,0.0100176268945,0.0100071006261,0.0100078453075,250.482418202,10.3107955985,1.75581573676,2.36938437105,30.941328883,9.69584677943,6.27821086842,1.43252707759,35.3691885482,6.35528683917,4.58831603685,2.70714083186,2.98705883922,1.87873880246,1.93388578712,0.268133452951,42.1793809346,41.0838976737,3.69468916504,23.3317599681,5.01407820494,3.01055328098,10.4989594391,2.44178754656,3.21429151369,4.8327030301,12.1487300754,3.94781609888,1.22361922413,0.963014770507,5.57142863057,2.42274754702,0.563101614975,1.595663761,2.58587831786,1.56750433913,2.37096008729,1.73138669345,2.1085257043,1.96459693219,0.321946481233,3.60524131988,1.96567809623,0.497322112858,1.42368716774,0.423612049141,0.637844451579,0.396696298015,1.60119572285,1.04641036609
sobol__0003581,84.34072944,114.60405363,42.90773021,97.45868299,2.67489769,15.26475543,54.89851962,1,usable,Converged with independently replayed constrained generalized-force equilibrium and small reserve torques,280.049629,0.647554244623,4.35028226775e-08,4.09178965948e-13,3.94226347988e-05,28,0,0.40347567928,0.0100010088065,0.0100032350794,0.010000235014,0.330263708714,0.0100001127736,0.54038161709,0.0100024616759,0.0100003636982,0.0100002415937,0.0100003572217,0.0100012044573,0.0100009882334,0.0100012159214,0.0100114780599,0.0100452376705,0.100983260805,0.0990228577567,0.0213334986361,0.0100070398163,0.0100003768627,0.0100009301333,0.0100023506518,0.010003474799,0.0100098503567,0.0988688913957,0.166791300044,0.0100012291055,0.0100452376705,0.0100359289634,0.0211070649454,0.0308552806639,0.0100452376705,0.0100036018565,0.0100009070779,0.0100013511008,0.0100013630218,0.0100016810325,0.0100013324635,0.0100012701708,0.0232412277412,0.0958761502934,0.0782628928131,0.0395840721741,0.0548211824784,0.0195135823721,0.010034943836,0.0100057731522,0.0100011574175,0.0100017141322,219.854715295,5.72983699205,1.73564389257,4.7716776663,355.158424177,12.4113258649,145.500948293,1.3607300461,4.1894680536,6.56893907792,4.82943932679,2.7254295236,3.0560724322,1.88072723989,2.07477154404,0,72.0822295952,69.3105829124,5.75020144131,3.52305251715,4.20564715999,3.13655123924,10.7743277603,2.28863871264,3.2945037262,14.4648844271,26.3424902056,1.776424273,0,0.0109972154977,11.1644930071,8.70624972044,0,0.613763353767,2.38552450203,1.55333244105,2.22812743916,1.62278216521,1.90915578656,1.87182799454,0.399998583318,5.64761082724,4.16198253601,1.2089713461,2.24926284618,0.352522969451,0.406306463042,0.442915278993,1.95877246883,1.16674288503
sobol__0003589,106.66494819,65.7271005,-11.14500417,94.79266737,7.20614769,13.04307574,-4.28116788,1,usable,Converged with independently replayed constrained generalized-force equilibrium and small reserve torques,271.186008,0.0369700819798,1.60467124033e-08,2.87525287502e-13,1.75737342367e-06,2,0,0.159100480349,0.0754214422375,0.0100194134389,0.0100398657154,0.0184840869426,0.0100219349737,0.0100379874956,0.0100158860292,0.0100153160289,0.0100055393334,0.0100073822464,0.0100133503884,0.0100115714819,0.0100126184853,0.01001932101,0.0100181719691,0.0100276258371,0.0100278438629,0.0100399553879,0.0100452374935,0.0103417264388,0.0100107833752,0.0118376183577,0.0107868432566,0.0273140588351,0.0102235721501,0.0100161475357,0.0126128675304,0.0100155350842,0.0100607264072,0.0121708883679,0.0100680799319,0.0100401495516,0.0100360877944,0.0100499120348,0.0100546843444,0.0100305923212,0.0100361173685,0.0100403486389,0.0100572062078,0.0100396690424,0.0100331259239,0.0100396508846,0.010047131067,0.0100333587072,0.0100463585135,0.0100655587086,0.0100851614922,0.0105798939457,0.0129660494758,176.910681264,80.1058159273,1.92455736407,3.34818406885,19.6263435036,10.9910122963,2.46229803816,1.4404998556,4.05836008015,5.84856068849,3.00777161184,2.66227506971,2.87962742246,1.82364768868,1.76863010212,1.59055986456,7.13604570613,6.99296347612,2.68152298616,0,5.43041753145,3.09679102001,12.8395069428,2.58794015577,8.62250289086,2.53760266464,1.92565544635,4.87103735704,2.49874662871,0.951984095373,6.43433193167,2.81506151917,0.592330063752,1.59261130468,2.60080865274,1.62891518068,2.37511502599,1.73515553656,2.09204089639,1.98388194425,0.299642187573,1.08608845089,0.89734916675,0.48860563646,0.634551740392,0.433752743349,0.662003195257,0.444685970604,1.77686494578,1.47440164738
sobol__0003597,95.41494819,106.3521005,35.72999583,102.91766737,-62.79385231,23.98057574,-56.78116788,1,usable,Converged with independently replayed constrained generalized-force equilibrium and small reserve torques,314.288183,0.630991636406,2.93616849945e-07,1.02318153949e-12,2.37988025392e-05,25,0,0.593056281589,0.105587964036,0.0100021856867,0.0100003883544,0.255960634157,0.0100001965081,0.294463144099,0.0100019386538,0.0100005190494,0.0100002492359,0.0100003227625,0.0100011666041,0.0100008410605,0.0100009628749,0.0100016186575,0.0100452374082,0.10230377551,0.100675624083,0.0224686797307,0.14326656745,0.0100007313521,0.0100007821295,0.0100023266477,0.0100010583556,0.0100452374082,0.0878587502463,0.149292728483,0.0100011731042,0.106801921291,0.0100040253202,0.010001406632,0.0100078676831,0.0100158571352,0.0100068543657,0.0100049328578,0.0100067871546,0.018063320967,0.0100445028043,0.0100117760272,0.0100070445025,0.0447793248439,0.112064137664,0.0793689966379,0.0132850001264,0.0863194046504,0.0288053962201,0.0100431833216,0.0100106142597,0.010007650106,0.0100047755916,254.13079178,84.4599420237,1.75844775355,4.99103631917,275.257502142,12.8966777996,79.0603780902,1.39082809038,4.1817174458,6.52793315965,4.74779023285,2.72212607439,3.03461235039,1.8803743866,2.014399218,0,73.3104892626,70.9954550169,6.17044125565,49.8201351451,3.37981272884,3.11518017928,10.6016612718,2.46800451087,0,21.0200440715,27.9884331986,3.82024836873,46.5912784799,0.817967395134,5.57056647173,2.46756226756,0.730279236772,1.71125530631,1.95769757058,1.121136752,3.83594284458,1.57713178137,2.12143482343,1.53137556964,1.75915647632,11.1707809619,7.11051286772,0.610448233318,6.14502899395,1.3036267118,0.881360252137,0.374567983399,0.67040266544,0.850767765544
sobol__0003605,112.28994819,126.6646005,-34.58250417,9.48016737,42.20614769,1.01182574,59.46883212,0,solver_failed,The static optimization solver did not converge,1169.678672,,3.15639070436e-08,,,0,0,,,,,,,,,,,,,,,,,,,,,,,,,,,,,,,,,,,,,,,,,,,,,,,,,,,,,,,,,,,,,,,,,,,,,,,,,,,,,,,,,,,,,,,,,,,,,,,,,,,,
sobol__0003613,78.53994819,86.0396005,68.54249583,50.10516737,-27.79385231,-9.92567426,6.96883212,1,usable,Converged with independently replayed constrained generalized-force equilibrium and small reserve torques,397.467085,3.82920106083,4.0055067938e-06,2.06160032278e-12,0.000127969566471,23,2,0.18190470482,0.0100487567553,0.0137940645381,0.0100022156035,0.330395348809,0.0100010828869,0.111662248492,0.0100073974201,0.0100032074595,0.0100013329116,0.0100017985037,0.0100044619728,0.0100039210496,0.0100045934417,0.0100121661671,0.104479640798,0.437945362603,0.427385482543,0.0150955060077,0.44740635558,0.162085069131,0.046089566865,0.0100009174944,0.0100007200691,0.999999692571,0.999998645835,0.0100003362508,0.889689356268,0.0100001205518,0.010016452107,0.0100005760579,0.0100019005561,0.0100021350559,0.0100011823004,0.0962008799518,0.173631180354,0.0100011534004,0.0100025743861,0.0100167967422,0.275859808844,0.0100077611593,0.0100050116073,0.18215341571,0.166781958294,0.0100023660033,0.0949123996641,0.114039848224,0.145411444806,0.0100013046827,0.214878170188,171.878694446,9.15627561419,2.59207531416,4.52906351883,350.753443278,11.8486235998,29.5506807234,1.4395686816,3.83854784878,5.9592020437,3.83382433052,2.6547450119,2.89828328438,1.82675008993,1.94259294345,16.5827446433,292.023092062,278.110134428,0.622292744639,167.842450575,84.423521163,12.6582459223,11.7576707114,2.75962997243,337.153785411,252.485895102,1.54895321262,359.189824902,4.66953081296,1.00409791505,4.61581274118,2.83105546961,0.735029593212,1.69082188042,24.8945032937,28.2067419368,2.36809047046,1.7293616058,2.08278243894,54.4247601483,0.23660232434,0.984552587142,15.8508583186,8.1226067052,0.54238280302,3.94598308488,8.76209159894,6.67973252549,1.99699701303,24.9281646682
sobol__0003621,98.22744819,100.2583505,75.57374583,27.76141737,29.70614769,-0.62879926,27.59383212,1,usable,Converged with independently replayed constrained generalized-force equilibrium and small reserve torques,297.332155,0.912797388175,2.10884005813e-08,1.03028696685e-12,3.36157341155e-05,29,0,0.863499650989,0.0452022984574,0.0100018192559,0.0100003518517,0.146449294068,0.0100002031487,0.305983698035,0.0100015886445,0.0100004342737,0.0100001679836,0.0100002265334,0.0100011133646,0.0100007085565,0.0100007807937,0.0100017136808,0.0100022884432,0.0100127928613,0.0100137767009,0.0100452379801,0.0100452379801,0.0100010093675,0.0100025049951,0.0239307667798,0.0541373712842,0.0642772910777,0.100467941899,0.147660455675,0.0100013475577,0.0100027882549,0.0100038440135,0.0100010248087,0.0100025189621,0.0100079305884,0.0100035133961,0.010001641746,0.010002369939,0.010002517681,0.0100031331602,0.0100024221576,0.0100022100799,0.0114396990559,0.0569238315268,0.0398248802364,0.0171617722773,0.038356443693,0.0156465659506,0.0117633634494,0.0100109376303,0.0100034617726,0.0100039536953,328.172929094,41.3752861526,2.002016288,4.77262481023,154.963531054,12.1508671008,82.0533186589,1.43774653079,3.94940050435,6.25028968397,4.53206856448,2.69119706314,2.97749751468,1.8721590201,1.96084847794,2.07005257499,6.34487545743,5.71454827232,0,0,4.92717465703,1.49024131934,28.1740832268,13.9819070415,19.4172986658,20.0340189045,26.260201815,3.97706150918,4.37671852653,0.955656095077,5.54135056844,2.65972545037,0.701142311397,1.63535045378,2.48369431521,1.60196316003,2.32245981446,1.68789583964,1.98850159214,1.92553324714,0.255273975725,5.03065114857,2.98758192277,0.752535680134,2.07251218507,0.491527179878,0.694093072559,0.46045862804,2.00705336897,1.14950673318
sobol__0003629,86.97744819,75.8833505,-46.30125417,35.88641737,-40.29385231,-7.19129926,35.09383212,1,usable,Converged with independently replayed constrained generalized-force equilibrium and small reserve torques,356.202381,0.157981078672,1.10280288901e-07,1.19485591097e-12,7.31530593393e-06,21,0,0.210337212669,0.256183576799,0.0100140262708,0.0428804744799,0.153898072401,0.0100028999728,0.028152691119,0.0100054323591,0.0100030847918,0.010001075206,0.0100012761077,0.0100036138986,0.0100034577003,0.0100038624951,0.0100046539292,0.0100028075548,0.0100053532954,0.0100055651661,0.0100452381802,0.010009557573,0.0495873894153,0.0100041265462,0.0722635941996,0.0576090357353,0.0324188101123,0.026940006808,0.0328260643957,0.0100053539454,0.0100113775648,0.0100116773255,0.0598852980758,0.0169549929829,0.0100185164008,0.0100101969988,0.0100049883131,0.0100071036379,0.0100070210864,0.0100085242667,0.0100070399654,0.0100065294017,0.0100723261429,0.0182764982917,0.014509809327,0.0101396173275,0.0104167383921,0.0100837625554,0.0100482757678,0.0100230900387,0.0100124925406,0.010011417712,236.041794838,265.37192681,1.94034569668,19.4828952901,153.011101051,9.83305095673,6.13490607078,1.43274116328,4.2902988787,6.25575043806,4.41787940998,2.70152068472,2.95133767656,1.8589374386,1.91745827573,2.47864696681,6.49032523608,6.2107712757,0,3.64799314012,19.1182090689,2.22256945809,85.080876413,15.3503548745,10.5648109295,5.90153511995,5.14408831626,3.94356374287,4.40650211694,0.948982727578,21.2591218844,4.59080846399,0.695482506384,1.6307062668,2.49705034704,1.60996478414,2.33324490891,1.69458092935,1.99877803127,1.93068806376,0.19483965592,1.46363356512,1.03429916363,0.434573901841,0.505904579401,0.312156750789,0.679393399085,0.457202370669,1.97201645751,1.12030413455
sobol__0003637,115.10244819,96.1958505,33.38624583,80.57391737,64.70614769,15.77745074,-36.15616788,1,usable,Converged with independently replayed constrained generalized-force equilibrium and small reserve torques,255.122752,0.682076871909,2.44544793304e-08,5.23447599343e-13,4.34386312025e-05,18,0,0.77652032995,0.0265188020016,0.0100023708589,0.0100003355491,0.0100023948912,0.0100001063247,0.251158244724,0.0100019724077,0.010001085302,0.0100001502101,0.0100002106027,0.010001562578,0.0100008262868,0.0100008070944,0.0100009955564,0.0236822974661,0.0538762063697,0.0527368263492,0.0109851296525,0.0100452373837,0.0100002264666,0.0100006722701,0.0100043697532,0.0100030715477,0.02509651237,0.013886524453,0.010004225454,0.0100353996049,0.0100024408344,0.0100353666296,0.0446443081181,0.0211424173758,0.0100164648514,0.0100106792506,0.0100924015545,0.0103728418525,0.0100143584382,0.0100211446627,0.0100312452829,0.0127949216357,0.0100249623851,0.0100140227032,0.0100228882404,0.0100508317306,0.0100142946263,0.0100310796789,0.0101570975947,0.0151980039976,0.0201615635464,0.0367873345677,297.968049428,26.0943457598,2.00932446546,3.38771945154,10.6342266254,13.0408208732,66.6918543339,1.43278100261,4.10124986834,6.392475018,4.6302992146,2.70789458681,2.99923569147,1.87904859935,1.95021721556,1.93890422021,37.617224461,36.0426425698,2.77315746171,0,4.47022637535,2.32013329385,11.2076063482,2.63445795685,8.13735403337,3.50517056663,1.92944155334,4.08601630663,4.51886198128,0.964312039367,22.6011576485,4.69021254204,0.739712296172,1.70521960624,2.56413916285,1.56078777627,2.35659183869,1.72735167066,2.1287347729,2.46737697706,0.383388468338,1.07264943288,0.945666110949,0.484603291721,0.724595430835,0.474353790045,0.753668184566,0.63385597497,2.23659160512,3.6929857389
sobol__0003645,81.35244819,120.5708505,5.26124583,121.19891737,-5.29385231,22.33995074,-28.65616788,1,usable,Converged with independently replayed constrained generalized-force equilibrium and small reserve torques,269.74223,0.881498192726,1.03307993271e-07,1.69109171111e-12,4.98778308501e-05,17,0,0.431427074649,0.232308748191,0.0100086926856,0.0100002069899,0.428986566338,0.0100001120227,0.655968797399,0.010000948259,0.0100002139278,0.01000009544,0.0100001295717,0.0100003878362,0.0100003229741,0.0100004414934,0.0100005258611,0.0100452377382,0.083097867395,0.0830672791094,0.0215082036183,0.0405575302904,0.0100008320068,0.0100003084424,0.010003479329,0.0100181996105,0.0100045414244,0.0100323072403,0.0760787309104,0.0100055052019,0.0259318306625,0.0100142285961,0.0100042354744,0.0100142707133,0.0100453545682,0.0100376687645,0.0100217668241,0.0100219912716,0.0153864821591,0.0101668050009,0.010052133274,0.0100208503004,0.0101758109179,0.0189316894738,0.0107458526209,0.0100456695735,0.019010511435,0.0100732549918,0.0100233224469,0.0100191257292,0.0100141322476,0.0100101952909,335.906736325,133.809593111,1.84665621423,4.99189475575,452.43403115,13.0413855507,170.370989532,1.28593587322,4.37380750087,6.51300787563,4.97080015675,2.76100856391,3.07203158845,1.88070986471,2.08026041012,0,59.6118850103,59.5678505454,6.08965554391,15.2104520845,1.9096596659,3.16685750085,8.48308854729,0.231607287144,2.00987501736,2.5330387764,14.5155022398,3.93955025943,3.63208595887,0.975272911853,5.03352544988,2.84995999774,0.488896386215,1.58997309757,2.52278446691,1.46308211545,3.62901253418,1.75376387057,2.13398687134,1.88469611669,0.399138848509,2.01004896488,1.01363212863,0.484212177835,1.37622001076,0.476452526556,0.74296161281,0.387977370128,1.13343055732,0.947001781293
sobol__0003653,105.25869819,117.5239755,15.80812083,55.18329237,-51.54385231,19.87901324,43.53133212,0,reserve_too_high,The posture requires more reserve torque than the quality limit permits,235.919559,180.438880071,4.87357283419e-08,1.95423254823e-06,0.171357188923,31,3,,,,,,,,,,,,,,,,,,,,,,,,,,,,,,,,,,,,,,,,,,,,,,,,,,,,,,,,,,,,,,,,,,,,,,,,,,,,,,,,,,,,,,,,,,,,,,,,,,,,
sobol__0003661,94.00869819,93.1489755,6.43312083,14.55829237,38.45614769,8.94151324,21.03133212,1,usable,Converged with independently replayed constrained generalized-force equilibrium and small reserve torques,263.945781,0.36679352993,1.91761344581e-08,1.09624347238e-12,2.08072861562e-05,28,0,0.406113470189,0.226201572089,0.010006660599,0.0100025794975,0.268488233217,0.0100008410181,0.0810981972117,0.0100037149351,0.0100016330497,0.0100006421572,0.0100007833919,0.0100024617448,0.0100020320902,0.0100022764979,0.010003051251,0.0100015320768,0.0100021699339,0.010002689429,0.0100452376982,0.0100452376982,0.0756837383913,0.0100119904665,0.195948798752,0.0760866528273,0.0756288047791,0.069326377215,0.0796429050421,0.0100038183391,0.0100082015105,0.0100077310318,0.0100023063398,0.0100041813275,0.0100183706828,0.0100095460923,0.0100032923637,0.0100046302252,0.0100051493229,0.010006270757,0.0100048537893,0.0100043397797,0.0101013325218,0.0277286487475,0.0179643790995,0.0101473119071,0.0208456659441,0.0106609426134,0.0100955227486,0.0100161750451,0.0100050966946,0.010006433506,288.242033727,221.163604009,1.69345507556,4.36082585805,288.659748003,13.0559606592,21.0062448714,1.42742675545,4.18714680552,6.36477783762,4.60058711006,2.68840167154,2.98076590165,1.87607766303,1.95880253459,3.54737808541,5.63306063879,4.49459362584,0,0,20.1642750262,1.04277750073,230.09208293,18.3541060985,19.8829018364,12.7857135168,15.3578357141,4.08029711458,4.37091958477,0.994914658903,5.46055626474,2.60594030912,0.723328263878,1.67243927609,2.52098524161,1.62131271594,2.33756676232,1.70144831053,2.00813431579,1.95306726348,0.277625919554,2.851865298,1.49833324223,0.472581267307,1.32007614056,0.345813115768,0.545157902476,0.458809430586,2.01004055987,1.16769341617
sobol__0003669,110.88369819,80.9614755,86.12062083,99.87079237,-16.54385231,-5.27723676,-20.21866788,0,solver_failed,The static optimization solver did not converge,1223.98845,,5.49423448959e-08,,,0,0,,,,,,,,,,,,,,,,,,,,,,,,,,,,,,,,,,,,,,,,,,,,,,,,,,,,,,,,,,,,,,,,,,,,,,,,,,,,,,,,,,,,,,,,,,,,,,,,,,,,
sobol__0003677,77.13369819,105.3364755,-54.50437917,91.74579237,73.45614769,5.66026324,-42.71866788,1,usable,Converged with independently replayed constrained generalized-force equilibrium and small reserve torques,297.348126,0.388202647979,1.83861317282e-08,1.22211580305e-12,0.000112922340396,24,0,0.157447780962,0.357527602473,0.0100028242634,0.0100005835886,0.0100005231003,0.0100001221115,0.404274780217,0.0100009018265,0.0100002511842,0.0100001018659,0.0100001322214,0.0100002597022,0.0100002932913,0.0100004443061,0.0100005314259,0.0100452378982,0.110711702944,0.108443548685,0.0226736642119,0.0100452378982,0.010000216312,0.0100005063069,0.0100021631718,0.0100009346791,0.0114970778662,0.0437659374467,0.0100018754182,0.0100068844686,0.0100010002419,0.0100109726691,0.173988434076,0.0560869227825,0.0100075625265,0.0100043456462,0.0127409874206,0.0235705764771,0.0100081226051,0.0100138808621,0.0100359084003,0.0381272446923,0.0100202774532,0.0100085800389,0.0100247283002,0.0106885895575,0.0100078955974,0.0100243753564,0.0100474891718,0.0300062658155,0.0281678683329,0.0694745885618,170.872108742,338.747373868,1.90559625734,4.5553113102,10.164655494,11.2764022867,96.1187789189,1.26395916347,4.43604279542,6.56534121906,4.9209595358,2.75560245362,3.03284570677,1.88063097335,2.0778011033,0,78.4841762254,75.3011913581,5.99234270501,0,5.23420741697,1.89255383893,10.9297674145,2.5422640274,3.51716346002,10.9228440502,1.9146641362,4.08160383409,4.64986629053,0.98716092812,80.5999236104,11.2285437468,0.741483527453,1.7077552416,3.16841622857,3.48444595573,2.2908724245,1.70382180406,2.1313364197,7.29371434445,0.376993264445,1.07607716841,0.944146320812,0.507642482544,0.718704701407,0.473296990651,0.7984256876,1.35983707684,3.07510275293,7.55892105961
sobol__0003685,102.44619819,82.9927255,-28.72312917,114.08954237,-74.04385231,-2.54286176,-52.09366788,1,usable,Converged with independently replayed constrained generalized-force equilibrium and small reserve torques,417.74721,0.114783014175,8.26615078608e-08,2.29309180058e-13,3.96051234885e-05,20,0,0.166542760053,0.149980179226,0.0100148384684,0.0173240466727,0.0600609230949,0.0100172962012,0.0100656480756,0.0100092953687,0.0100052400134,0.0100018622726,0.0100022920383,0.0100066688407,0.0100064514885,0.0100072811753,0.0100081843065,0.0100452268799,0.0371501520651,0.037015928124,0.0103424411397,0.226438473388,0.0267976276471,0.0100053527534,0.0100062491775,0.010000947758,0.0100452364899,0.0100102525047,0.0376791137145,0.0100013975869,0.0106858286417,0.0100051242076,0.0100010979231,0.0100061907547,0.0100101136922,0.0100048866919,0.0100061785642,0.0100090878775,0.0100174614637,0.0100147933917,0.0100084841347,0.0100087115546,0.0100968699724,0.016990163808,0.0100358554199,0.0100298251114,0.0151575876125,0.0100458711205,0.011225812646,0.0100238438592,0.0100417675669,0.0100162486387,161.466244858,155.995604703,1.77419981829,6.0898560606,61.6330091343,9.57078972074,2.39554175329,1.43140809855,4.18698882113,6.23680646184,4.46057307753,2.70595909193,2.9736052805,1.87344231921,1.91061072162,0.000122851752917,26.6508425099,26.4583602208,2.92790146479,76.5614847135,12.8326515618,2.9235362168,9.79262098615,2.11561347928,0,2.358607794,6.74076370785,4.07910519401,4.97087558018,0.972066318928,5.57240865383,2.35756894418,0.736902579542,1.71215190236,2.03239756016,1.2093965983,1.94646794862,1.48963753694,2.11728141278,1.64320154542,0.390976915011,1.81319575148,0.925948628409,0.460273328077,1.09380610603,0.465537047985,0.987562306701,0.460176799293,0.937604708937,1.1078830902
sobol__0003693,91.19619819,123.6177255,55.65187083,73.46454237,15.95614769,4.01963824,-14.59366788,1,usable,Converged with independently replayed constrained generalized-force equilibrium and small reserve torques,286.915489,0.568709739653,5.11410434001e-08,1.172395514e-12,3.01417032701e-05,27,0,0.566917021132,0.0604338687783,0.0100027456817,0.0100004999507,0.435832376416,0.0100004573634,0.147142874955,0.0100022833512,0.0100004896575,0.0100002034379,0.0100002894729,0.0100012424405,0.010000805978,0.0100009934701,0.0100014938707,0.0100452379311,0.0940594404498,0.0920468286009,0.0176633972965,0.0100452379311,0.0116806466319,0.0100023700503,0.0100027008058,0.010003504018,0.0100094030653,0.0725327248369,0.0671067515246,0.0100030330839,0.0100045919023,0.0100087129422,0.010000984459,0.0100026763981,0.0100186632331,0.0100090038507,0.0100046341534,0.0100065079988,0.0100072515384,0.0100088411579,0.0100064897531,0.0100061898029,0.0100598485326,0.0162572775714,0.0100452379311,0.0100784293856,0.018504081878,0.0105062888073,0.0140358884471,0.0100271880026,0.0100107911824,0.0100137364047,222.439876518,31.7620559011,1.6832402498,4.75849232539,464.9104539,12.3076655438,39.6334126301,1.31269622478,4.22612538825,6.5699935024,4.94081403462,2.76006188018,3.08867108094,1.88067603404,2.08032487741,0,65.022915659,62.269886681,4.04911135069,0,5.83131252115,2.01160803313,11.3674140398,2.65713223634,3.27041560996,18.3137473897,12.7272115786,4.04587926027,4.45813997375,1.00846305996,5.48282053048,2.74399214535,0.716283655675,1.66830327467,2.58861852021,1.6095327908,2.368195262,1.73027660963,2.10432992161,1.97225542182,0.302226254499,1.77322997051,0,0.491823641972,1.18749663562,0.488578735866,1.04326492869,0.460468671288,1.63026318257,1.16587934126
sobol__0003701,119.32119819,111.4302255,-14.66062917,36.90204237,-39.04385231,18.23838824,11.65633212,0,reserve_too_high,The posture requires more reserve torque than the quality limit permits,268.198316,628.270090472,4.43146426221e-08,1.74310221013e-06,0.43990857598,21,4,,,,,,,,,,,,,,,,,,,,,,,,,,,,,,,,,,,,,,,,,,,,,,,,,,,,,,,,,,,,,,,,,,,,,,,,,,,,,,,,,,,,,,,,,,,,,,,,,,,,
sobol__0003709,85.57119819,70.8052255,50.96437083,28.77704237,50.95614769,11.67588824,49.15633212,1,usable,Converged with independently replayed constrained generalized-force equilibrium and small reserve torques,359.268613,0.146269089218,2.38489761273e-08,4.8884908296e-13,2.85971872016e-05,26,0,0.202847704718,0.0745029868123,0.010034194668,0.0100058465311,0.165343493127,0.0100022304741,0.0451124260574,0.0100097041551,0.0100062010445,0.010002421664,0.0100038645757,0.0100064182392,0.0100056245444,0.0100066672347,0.0100145281654,0.0100053203253,0.0100035235805,0.010003843453,0.0100452385898,0.0100452385898,0.0247018335842,0.0100298541199,0.111526388852,0.0604746701633,0.0498200012559,0.0808034883083,0.154584346653,0.0100007988068,0.0100029493953,0.0100025937302,0.0268703482711,0.0100291005777,0.0100052930507,0.0100020346618,0.0100011240338,0.0100016688035,0.0100016777453,0.0100020755357,0.0100016517773,0.0100015701316,0.0200399903178,0.0874287849665,0.0673751714589,0.0328528309564,0.0508534987401,0.0174026761656,0.0100462595249,0.0100070438345,0.0100015505143,0.0100021805073,218.718770975,74.3106490658,1.88776283499,4.90523160697,163.045574084,12.3868180094,12.1468670442,1.43604046307,3.81878145556,5.73888944329,2.8877889143,2.62696139307,2.83789297491,1.79876035748,1.85877915354,3.42983612932,6.36260816046,5.79008219243,0,0,9.46939042249,1.90362717068,131.304622003,15.5394310302,12.3489920381,11.1270536738,28.1172743496,3.85611004895,2.27403048689,0.903547585486,14.9715910859,2.51445593352,0.563081670516,1.55859333049,2.38153737231,1.54766292377,2.23286652404,1.62578840019,1.90788591223,1.86366315107,0.401361688071,6.33653467376,4.18620038921,1.14723264132,2.56003055289,0.355552701852,0.403020820016,0.456196531954,1.96684200181,1.16503201645
sobol__0003717,107.36807319,107.875538,-45.71531667,70.92547987,-12.16885231,-9.24208051,20.56258212,1,usable,Converged with independently replayed constrained generalized-force equilibrium and small reserve torques,347.880207,2.77666309248,3.98908651889e-07,1.71098690771e-11,5.39172547636e-05,25,0,0.811319301527,0.510683584146,0.010000583001,0.853472631331,0.397082827328,0.0100003935458,0.0100014531582,0.0100012924563,0.0100003543368,0.0100001221591,0.010000150899,0.010000383556,0.0100003802484,0.0100005775609,0.0100006415234,0.0100452374295,0.285458577699,0.279325393249,0.0504570441413,0.179736924765,0.010000550783,0.0100007785816,0.0100009417426,0.0100009659357,0.629236785256,0.428464852271,0.0100010559333,0.31933968797,0.0100004052187,0.0197891011186,0.0100010328015,0.010004305816,0.0100073165743,0.0100046165718,0.129722319834,0.122660710667,0.0100060038503,0.0100251689567,0.0524902599761,0.165477636006,0.010014414347,0.0100067534722,0.0157943879946,0.0409497817926,0.0100062295547,0.0275590821465,0.0628220791955,0.0770818240723,0.0100053587284,0.133711123356,400.918549718,517.385931952,2.00519794068,320.915641289,406.605231778,8.48852451421,2.43312165715,1.24067334599,4.37714577122,6.56543828997,4.93527516899,2.75998037669,3.03472411629,1.88071725619,2.04706432122,0,196.63121403,188.272514577,10.7099511315,68.2153127244,4.53807748892,2.4244071695,11.4202563584,2.68953588945,208.497383604,106.945673871,1.38757682641,120.336091714,4.28840076171,1.81068505502,5.57166376166,2.84819072985,0.660440100652,1.59594199875,33.0291065962,19.9226224737,2.36687953792,1.72598881803,10.662845931,32.4439381776,0.192733221384,0.813523363693,1.16639665887,1.84505150258,0.462158004996,1.00653368478,4.46954547402,3.52734638206,2.01099668474,15.2523948014
sobol__0003725,96.11807319,67.250538,76.15968333,127.80047987,77.83114769,1.69541949,43.06258212,1,usable,Converged with independently replayed constrained generalized-force equilibrium and small reserve torques,357.596854,1.83850505251,1.35995719575e-07,2.6147972676e-12,0.000596771633889,25,0,0.157456834348,0.0100001601927,0.0641337896113,0.0100001856207,0.116483651582,0.0100000993379,0.546305622601,0.113838493718,0.285979073217,0.0100032702816,0.0100034180997,0.0100135846089,0.0100043474222,0.0100025325149,0.300520758313,0.010045237463,0.0100065868041,0.0100065834075,0.010017531101,0.010045237463,0.0100000796059,0.0100001498191,0.0700329609331,0.0100008636961,0.0100001177406,0.0100007424042,0.0387932153329,0.0100004786325,0.010045237463,0.010045237463,0.725457416447,0.766730735487,0.010045237463,0.0100015309359,0.0100010861988,0.0100017790018,0.0540657391824,0.0100123164165,0.0100054965668,0.0100023320268,0.126640036642,0.334367709785,0.219687584711,0.0821070472681,0.0441832792028,0.010005356915,0.0100019612372,0.0100013103505,0.0100007566617,0.0100005190915,171.277995289,10.218041335,11.9245621031,4.80602733685,96.8194737579,12.2566644764,139.963471496,16.0319215629,89.6367705887,5.06598340542,2.0745495192,2.59117592387,2.7684848875,1.77693963972,52.1431985143,0,7.17411689469,7.17843851363,2.76600765723,0,3.4949563974,2.88343631759,49.9153122641,0.175529732207,2.70788615276,1.44570833505,4.86909221582,1.20583105065,0,0,65.1778228918,147.080048873,0,0.58647524953,2.39917387297,1.55299654859,12.2025433246,1.6433216402,1.92742940172,1.86552570763,2.36674052913,22.8536466131,12.764459965,2.95836556782,1.72857248367,0.247104655413,0.481354070311,0.460035980261,1.94380318168,1.13378812248
sobol__0003733,112.99307319,87.563038,-3.52781667,18.11297987,-57.16885231,24.66416949,-43.18741788,1,usable,Converged with independently replayed constrained generalized-force equilibrium and small reserve torques,380.210622,0.432249627857,9.03186744949e-07,3.8369307731e-13,2.50395430196e-05,24,0,0.424035490494,0.0852487510637,0.0100065035244,0.0100040209826,0.090852096312,0.0100009659084,0.0272945459468,0.0100058733394,0.0100145900334,0.0100007778668,0.0100009776063,0.0100043588809,0.0100032386677,0.0100033138026,0.0100042790635,0.0100022634593,0.0100024127366,0.0100029175687,0.0100452388101,0.155237346834,0.0422173618219,0.0357449302939,0.169465293323,0.0101598058901,0.0100452388101,0.0895830313822,0.268716062458,0.0100023267898,0.234707681284,0.0100086741844,0.0100048146405,0.0100068211759,0.0100272657857,0.0100104051779,0.0100034888242,0.0100049628709,0.0100527430469,0.0100181666358,0.0100073943795,0.010004852224,0.0518181186038,0.133618034633,0.0984235335936,0.0249508931663,0.0957450805376,0.0406141482486,0.0100258956328,0.0100084542108,0.0100045583546,0.0100035931048,289.188970635,87.714086096,1.76615536042,2.63530043619,97.2673353471,10.4844453779,6.81387893791,1.43571870688,4.1126670159,6.27344120617,4.52010663616,2.70328391939,2.97392007357,1.87543740574,1.91779003039,4.0040199617,5.90911347697,4.83298283452,0,54.618034805,11.2055371519,7.0080858112,199.275129871,2.48186394366,0,22.4521337836,47.5157414293,1.97611409772,112.606349694,0.339685441251,2.24407019016,2.52948859994,0.58909452487,1.49577268463,2.14969718128,1.23037666118,2.24322001845,1.64933407473,2.12522815679,1.64713374719,2.02797624437,13.0239401863,8.75017247738,1.1403397624,6.68232651624,1.88808161468,0.841668079606,0.373857709363,0.87023150385,0.879731985847
sobol__0003741,79.24307319,128.188038,24.59718333,42.48797987,32.83114769,13.72666949,-20.68741788,1,usable,Converged with independently replayed constrained generalized-force equilibrium and small reserve torques,290.424805,1.27470431306,1.39068561111e-08,1.86162196769e-12,4.68365947541e-05,17,0,0.575217131669,0.131853205294,0.0100083219878,0.0100001732629,0.596423973253,0.0100001057626,0.750119237931,0.0100010233427,0.0100001781755,0.0100000925091,0.0100001321436,0.0100004214272,0.0100003115353,0.0100004272812,0.0100006457055,0.0100015854874,0.0227760349645,0.0221193244408,0.0100452388413,0.0100452377403,0.0100004163919,0.010001863707,0.0100138703716,0.010027840882,0.0269377740697,0.0379702313857,0.0222418832466,0.0100075856958,0.0100065869525,0.0100169321502,0.0100050557472,0.0100122945456,0.0100255724442,0.0100158383089,0.0100105538421,0.0100146585459,0.0100136324823,0.0100165015242,0.0100137841873,0.0100139790865,0.0100690692847,0.0153927150093,0.0141526783654,0.0101301968053,0.0103418637092,0.0101296890229,0.0101309172408,0.0100424651686,0.0100187781631,0.010029824423,419.56863444,47.2501592315,1.88635901361,4.78951795437,627.729204108,12.614094896,200.614003018,1.2559086502,4.34405543689,6.38281450718,4.97244315762,2.7596407944,3.11708209725,1.87773142836,2.07509430921,0.872874715139,14.9791263883,14.1256847094,0.000131741587818,0,5.23901251938,0.618513016287,11.7887982639,2.75756294062,9.07130735339,9.58540351904,4.27976422306,3.94241787429,4.62499559822,0.922979962237,5.57459930224,2.64317624248,0.75483938791,1.71457312022,2.58839433092,1.59111089706,2.36998013681,1.7315467453,2.11005121272,1.96926893192,0.361325177375,1.67633449805,1.33600307757,0.494010682698,0.747231549603,0.478171449751,0.71392481497,0.434130649193,1.40157423572,1.08279938655
sobol__0003749,98.93057319,73.344288,41.00343333,3.89422987,-34.66885231,21.92979449,-11.31241788,1,usable,Converged with independently replayed constrained generalized-force equilibrium and small reserve torques,267.59882,0.0865280736831,8.22668386746e-08,2.83218630007e-13,3.38705494994e-06,12,0,0.256531467735,0.0718171651461,0.0100158796088,0.0100062959044,0.0690673009015,0.0100027216608,0.0211796868404,0.0100109963182,0.0100083875933,0.0100025049802,0.010003568413,0.0100078674942,0.0100062355457,0.0100069937492,0.0100146256832,0.014984243753,0.051315716324,0.0383294089245,0.0100452375725,0.0249175329773,0.0100098891059,0.0100086124085,0.0100064216659,0.0100168345168,0.0317458930305,0.0168445212779,0.0100240674352,0.0100100519383,0.0100040038711,0.0100224814844,0.0100114166232,0.010020592012,0.0100212993431,0.0100126671467,0.0100145568087,0.0100213726152,0.010014450942,0.0100181722425,0.0100167862297,0.0100213656954,0.0100479362205,0.0101026806397,0.0101231380297,0.0100798444372,0.0100476333153,0.0100642104599,0.0102080999032,0.0100973198868,0.0101318683142,0.013315968827,252.076175224,72.5880760912,1.89792918218,4.97185656795,68.9604656344,12.9049965466,5.70482099708,1.43915742119,3.84575088061,5.8617991525,3.33382076501,2.64385311678,2.87320702233,1.8174640836,1.8276532046,7.24043975137,24.1178648846,13.452870115,0,9.19717251264,3.78930644051,2.19013079706,11.6066164828,2.3569011145,9.12097867711,4.07984390299,1.834954967,2.94257567673,4.67271280452,0.710458960034,2.58220829262,2.78327362223,0.743251598175,1.70504206952,2.57746542183,1.53003684924,2.37012391861,1.73164927579,2.12008092077,1.9447380003,0.395052703775,1.06231085832,0.95361320385,0.486267659288,0.727112759771,0.468505612435,0.698438048339,0.396696311883,1.41843193059,1.33290625116
sobol__0003757,87.68057319,97.719288,-5.87156667,60.76922987,55.33114769,15.36729449,-48.81241788,1,usable,Converged with independently replayed constrained generalized-force equilibrium and small reserve torques,304.392008,0.281480766699,1.86181488004e-08,1.42819089888e-12,1.62312355747e-05,20,0,0.310667410113,0.276545284043,0.0100101355294,0.01000294228,0.279377980869,0.010000926926,0.0885201826658,0.0100035595368,0.0100014164582,0.0100005488899,0.0100006838396,0.010002196085,0.0100018869419,0.0100021303588,0.0100024826476,0.0100071144703,0.0100216127047,0.0100218650278,0.0100403916008,0.0100452377964,0.0100043954546,0.0100028534236,0.0151737187518,0.0100217221228,0.0100452377964,0.0815839321839,0.0100019745601,0.0492611007297,0.0100010550272,0.0100780074473,0.0495620964756,0.0150359880457,0.0100110536565,0.0100066661514,0.0100189080156,0.0100854834432,0.0100052089913,0.0100081274148,0.0100101829852,0.0102118875503,0.0100158986875,0.0100079912122,0.0100184768196,0.0108478049555,0.0100082278385,0.0100307249671,0.0211661904352,0.0330844494401,0.0207518125183,0.0699908867837,254.635649352,264.76502494,1.758662197,4.59024000366,296.515742601,13.0348209927,22.5984027954,1.39438454028,4.26741191454,6.49970705605,4.70043922828,2.72501686923,3.00538968746,1.87970641695,1.99987581426,0.803127352271,6.79967223425,6.64978923929,1.32217168372,0,4.12551342627,1.51105694708,17.6303834237,2.76515155673,0,20.1975286747,1.90762202161,17.1356095834,4.76713093219,0.713470588998,26.5066714286,3.67751930686,0.753281418353,1.71285169927,2.41743712829,1.42454693036,2.30269749195,1.70173079849,2.12603092737,1.87965462423,0.394508340634,1.03518220207,0.921798171074,0.507756980606,0.724454737894,0.466788897734,1.69771900176,1.37170045715,1.86914106837,6.76773923857
sobol__0003765,115.80557319,118.031788,64.44093333,89.20672987,-79.66885231,-7.60145551,52.43758212,0,solver_failed,The static optimization solver did not converge,772.043686,,1.18672633498e-07,,,0,0,,,,,,,,,,,,,,,,,,,,,,,,,,,,,,,,,,,,,,,,,,,,,,,,,,,,,,,,,,,,,,,,,,,,,,,,,,,,,,,,,,,,,,,,,,,,,,,,,,,,
sobol__0003773,82.05557319,93.656788,-38.68406667,113.58172987,10.33114769,-1.03895551,14.93758212,1,usable,Converged with independently replayed constrained generalized-force equilibrium and small reserve torques,307.331933,0.137349720461,2.50321512407e-08,2.30335239332e-13,1.04666039906e-05,24,0,0.151318674218,0.274856811195,0.0100177416901,0.0100092287995,0.125899268795,0.0100014467437,0.0603538508291,0.0100044695723,0.0100019844836,0.0100006760847,0.0100008323668,0.010002864814,0.0100022855558,0.0100027342922,0.01000290451,0.0100452377476,0.0647795810285,0.0645152021657,0.0157386948951,0.0100452377476,0.01000211362,0.0100012707713,0.0100037765428,0.010010929251,0.0100075750154,0.0187466140956,0.0567068934562,0.0100032252906,0.0100226459678,0.0100120076832,0.0312478116549,0.0283270919261,0.0100324657805,0.0100083261086,0.0100049391192,0.0100070600824,0.0100080314189,0.0100093539533,0.0100075253686,0.0100065683483,0.0101789915837,0.032933921413,0.0225284233349,0.0107484597361,0.0154482337963,0.0101393275534,0.0100389085096,0.0100174585154,0.0100070416053,0.0100076162346,162.229329748,272.354458409,1.87432032658,4.51189085329,128.064785177,11.4465101271,14.5560294845,1.36241677975,4.35568419904,6.54070241755,4.71200076775,2.73754257505,3.00574068907,1.88002254073,2.00798598069,0,46.4715608365,46.0929618275,4.45453475809,0,4.82107629667,3.16578326973,9.86280881998,0.839692215505,2.63079732833,4.23098596019,8.52407700106,3.07947640763,0.923798099721,0.503532624882,15.5769597427,7.86768548667,0.122150855835,1.40908935381,2.55732092942,1.62589460048,2.36689973345,1.72410815969,2.03662769403,1.96971758651,0.231845358923,2.92964899925,1.70703821049,0.489611055034,0.754536097554,0.369986621309,0.663755632875,0.460781579778,2.01122038993,1.1645093389
sobol__0003781,103.14932319,90.609913,58.58155833,47.56610487,46.58114769,6.34385699,-59.12491788,1,usable,Converged with independently replayed constrained generalized-force equilibrium and small reserve torques,312.361804,0.460294173391,3.0684375929e-08,7.17648163118e-13,2.06719151079e-05,17,0,0.591132239581,0.010001181326,0.0100039861303,0.0100003510929,0.0944601749819,0.0100001741031,0.298887087602,0.0100033783973,0.0100008432076,0.0100003687069,0.0100004784786,0.0100021481297,0.0100013608546,0.0100014377235,0.0100050635371,0.0474415898054,0.0100096261463,0.0100098210651,0.0100426385995,0.0100452377959,0.010000512064,0.0100028659228,0.0382978699338,0.0526417337954,0.0253880023529,0.0267090724824,0.0211099783246,0.0100192763808,0.0138071343313,0.0100325135164,0.0100069298753,0.0100129884827,0.0100507158169,0.010047588876,0.0100151100157,0.0100192431991,0.0100252531554,0.0100258186191,0.010019074246,0.0100173179063,0.0100788524441,0.0131988654364,0.0105466985033,0.0100648462593,0.010690877752,0.0100895753672,0.010079655343,0.0100341746527,0.0100248346641,0.010021562799,305.036528787,9.78205236276,1.9786322228,4.9920025441,92.9293236319,12.6637283611,80.505009017,1.43904165096,3.94806054298,6.15372683536,4.43384250418,2.67680362624,2.94659705218,1.85811002825,1.91259200467,9.29215070761,6.64492304422,6.47777740521,0.2004119725,0,4.46215247787,1.89402275758,45.0614229248,14.5187456849,8.37830142818,6.40811883414,4.07102436858,3.05235090152,6.49740236762,0.556254761927,5.53527067111,2.55129589605,0.665218539841,1.65933916043,2.29885472992,1.35874828452,2.16936152574,1.63185139573,2.12795452928,1.78460663566,0.39710399478,1.34668501013,0.948735240404,0.456545513947,0.773459446478,0.462566995464,0.856614393741,0.447216316655,0.793950047221,1.01903698536
sobol__0003789,91.89932319,114.984913,-25.79344167,23.19110487,-23.41885231,-4.59364301,-6.62491788,0,solver_failed,The static optimization solver did not converge,908.681353,,3.90378724902e-08,,,0,0,,,,,,,,,,,,,,,,,,,,,,,,,,,,,,,,,,,,,,,,,,,,,,,,,,,,,,,,,,,,,,,,,,,,,,,,,,,,,,,,,,,,,,,,,,,,,,,,,,,,
sobol__0003797,108.77432319,102.797413,44.51905833,124.75360487,1.58114769,9.62510699,4.62508212,1,usable,Converged with independently replayed constrained generalized-force equilibrium and small reserve torques,239.220107,0.803374890348,5.21589100799e-08,1.63424829225e-12,4.36115752321e-05,25,0,0.742887126254,0.100279871083,0.01000122839,0.0100001994435,0.0283122030349,0.010000086638,0.468578751929,0.0100012334897,0.0100003325788,0.0100001219358,0.0100001711315,0.0100009067083,0.0100005410937,0.0100005814159,0.0100008296014,0.0100452377748,0.0507969625639,0.0508019820076,0.0136613625815,0.0100111805337,0.0100003025935,0.0100004088589,0.010005931745,0.0100450324518,0.0100221705134,0.0496776815407,0.0693875499273,0.0100027551346,0.0100444448307,0.010008872638,0.0150929694555,0.0172391643682,0.0100349630874,0.0100078261442,0.0100045900223,0.0100067890373,0.0100071038241,0.0100085767888,0.0100070334733,0.010006556304,0.011423119614,0.0484605623458,0.0344076607703,0.0171899053618,0.0215433480242,0.0133139213894,0.0100729656191,0.0100194292571,0.0100061441529,0.0100081371082,220.655098996,93.147593307,1.83448198316,4.5073138117,29.9022331188,13.0525715595,126.103577082,1.4192839741,4.13659711514,6.47514001789,4.70120231848,2.71595028708,3.0190005846,1.88000748358,1.98110422671,0,36.433947996,36.4411380229,3.85063821327,3.56552866872,3.31424783063,3.01142346543,7.75734238547,0.00168971171297,1.98070165454,11.0845116549,12.7291271546,3.51786361829,0.00882827136132,0.656808396135,7.30747524813,4.87400816081,0.0856669054571,1.42212043729,2.58856804428,1.62568960927,2.36944652079,1.7301119142,2.06753751107,1.97421090998,0.32770680272,5.09130960666,2.93150631853,0.828979076396,1.26055661633,0.526236633678,0.648510162938,0.456093709113,1.88326264796,1.16596290044
sobol__0003805,75.02432319,78.422413,-21.10594167,67.87860487,-68.41885231,20.56260699,57.12508212,1,usable,Converged with independently replayed constrained generalized-force equilibrium and small reserve torques,330.356104,0.164409910086,5.92449076464e-08,7.38166104968e-13,2.39245582693e-05,24,0,0.18228461414,0.235129252122,0.0100277099881,0.0178794807538,0.180999242949,0.0100039720025,0.0286389817137,0.0100067151375,0.0100034985121,0.0100012302679,0.0100015856248,0.0100047227438,0.0100040591035,0.0100044356975,0.0100052283469,0.0100086142289,0.0100460181715,0.0100460010373,0.010045359355,0.010020035542,0.0504526773831,0.0100029915365,0.0100440739905,0.0191355413749,0.0100072054596,0.0517565481353,0.137819043076,0.0100008221661,0.0100452284514,0.0100028287957,0.015526770626,0.0100734720422,0.0100119081817,0.0100024191349,0.0100012112232,0.0100017794322,0.0100019795722,0.0100023888962,0.0100018507047,0.0100016782507,0.0205529885291,0.0765685328215,0.0637627002468,0.0288082045734,0.0493822119282,0.0118062872183,0.0100203869858,0.0100058159584,0.0100012696293,0.0100017800272,205.175403406,233.82004356,1.98146390262,8.91383445837,186.905824158,12.997087123,7.15771854245,1.43766334721,4.27865756585,6.29835088557,4.49675665135,2.69518500785,2.93165998486,1.84852705724,1.95578853605,1.59684529042,6.88966701264,6.74079943067,1.90162351566,3.44054722691,26.1505695546,3.12673803518,11.5332854717,5.28055801167,3.05059999424,8.13002545699,22.9170958343,3.74497566299,7.26242105228e-05,0.855135768137,6.19007185449,2.42616960837,0.240017340432,1.47334713727,2.45434314884,1.59277072899,2.26366418811,1.64989345991,1.95366807558,1.91332222134,0.37407166624,4.717205604,3.59679725553,0.893375293009,2.2427370798,0.206424190368,0.423293809008,0.411489913935,1.98103478648,1.16714951558
sobol__0003813,100.33682319,125.141163,14.05030833,106.47235487,69.08114769,11.26573199,36.50008212,0,solver_failed,The static optimization solver did not converge,505.2345,,2.67654627351e-08,,,0,0,,,,,,,,,,,,,,,,,,,,,,,,,,,,,,,,,,,,,,,,,,,,,,,,,,,,,,,,,,,,,,,,,,,,,,,,,,,,,,,,,,,,,,,,,,,,,,,,,,,,
sobol__0003821,89.08682319,84.516163,23.42530833,82.09735487,-0.91885231,17.82823199,29.00008212,1,usable,Converged with independently replayed constrained generalized-force equilibrium and small reserve torques,263.552649,0.143997161881,3.15015213914e-08,8.5975671027e-13,1.34931479067e-05,26,0,0.246423780905,0.0900395293919,0.0100149625875,0.0100035843859,0.218539246985,0.0100011950778,0.0666292963809,0.0100069393958,0.0100029707483,0.0100012890346,0.0100016327197,0.0100046845595,0.0100036424773,0.0100042426226,0.0100077266597,0.0100237071081,0.0234245363732,0.0229323529957,0.0100828868618,0.0201032662844,0.0100052884745,0.0100037212556,0.0100089043322,0.0100092704878,0.0222460796452,0.0709548213255,0.0826968041452,0.0100017531225,0.0100197830692,0.0100052687565,0.0100086450892,0.010021557289,0.0100164527741,0.0100043913927,0.0100025739139,0.010003831442,0.0100037516954,0.0100046650849,0.0100037917738,0.0100037132024,0.0116149144214,0.052181924469,0.0385352014716,0.0206223960856,0.0267577401299,0.0150263944353,0.0101336267518,0.0100189359835,0.0100046438092,0.0100066921076,213.916470327,87.5992532658,1.76098260594,4.98919106225,234.971524549,13.0097750583,17.7888580624,1.43923134768,4.08065438827,6.15945010165,4.40911719236,2.67931272955,2.9425556052,1.85316814693,1.92152394789,0.830015138215,16.3900493716,15.7071617879,2.56612494272,7.33168674743,5.12861584933,3.1660797426,11.1766437682,2.58359153569,7.49675443479,13.8055579683,15.2633070939,3.70700307054,0.320405572268,0.820168848273,5.51978531001,2.84425738072,0.282941970021,1.49931694347,2.52037463947,1.62300425673,2.32336736886,1.69309155514,2.00408829072,1.95855453102,0.26667556172,4.34194988121,2.68891322031,0.81098491392,1.41676008884,0.434555750138,0.495219927037,0.424418289563,2.0044868382,1.1632460635
sobol__0003829,117.21182319,72.328663,-56.26219167,61.78485487,24.08114769,3.60948199,-27.24991788,1,usable,Converged with independently replayed constrained generalized-force equilibrium and small reserve torques,379.517885,0.252149868962,2.22446345788e-08,3.68686823258e-12,8.06064217614e-06,10,0,0.283649950607,0.0690504319316,0.0100102063618,0.186874638846,0.310732704893,0.166686416417,0.0100225031174,0.0100060208781,0.0100068656826,0.0100012597119,0.010001641497,0.0100046187456,0.0100039830718,0.0100047087399,0.0100080008216,0.0100058609729,0.0100183625734,0.010018605833,0.0100386354904,0.0100452378135,0.0100568920677,0.010006639373,0.0206205552717,0.0134191464605,0.0329866187151,0.0101238215261,0.0100121796518,0.0233909518515,0.0100105849507,0.0100869046289,0.0364006593818,0.0122650735781,0.0100411892686,0.0100424304344,0.0101358154312,0.0101064477242,0.0100373414602,0.0100452027255,0.0100654095716,0.0101473961776,0.0100386679402,0.0100279926504,0.0100388964789,0.0100478641712,0.0100287846268,0.0100421501769,0.0100485349887,0.0100762934467,0.0100860441674,0.0107703843145,317.907604786,75.4482081018,1.94380073135,87.2743770114,287.459627109,145.34616867,1.61274811301,1.43895685496,4.10352251316,6.03855409946,4.0054022935,2.70393249758,2.94632885191,1.85973589489,1.84691707698,1.64856468009,6.80815397416,6.65869371876,1.40654995251,0,2.85323364369,2.86869032749,23.9213956976,3.68961613998,10.9238779137,2.55082394077,1.92915550074,9.53855104242,4.69810746145,1.00376976465,20.183459491,3.30349611513,0.754066543177,1.71800322216,2.61048582768,1.57469328406,2.3601451175,1.73281572718,2.13384448332,1.98634737955,0.338902168068,1.09486422314,0.947665012603,0.488031892105,0.70138200435,0.474936744922,0.787771379473,0.462039797662,1.4054394714,1.24057961764
sobol__0003837,83.46182319,112.953663,84.36280833,4.90985487,-45.91885231,-2.95301801,-34.74991788,1,usable,Converged with independently replayed constrained generalized-force equilibrium and small reserve torques,357.912996,0.405490078718,6.14308213187e-08,1.25055521494e-12,1.90025786501e-05,16,0,0.274646761546,0.137072308118,0.0101608942201,0.0100017867602,0.409640331536,0.0100009010816,0.234715147639,0.0100031666711,0.0100009843043,0.0100003671383,0.0100005020528,0.0100020392367,0.0100014603267,0.010001687607,0.0100027958514,0.0402410874843,0.195462641273,0.146936488073,0.0100452378076,0.0100033131396,0.0917353337553,0.0100024095844,0.0100019170099,0.0100084723415,0.0100452378076,0.0807634908425,0.010008300828,0.0187732374499,0.0100022909981,0.0100448445706,0.0567426665841,0.0539788838754,0.0100263948505,0.0100176830306,0.0144653435797,0.0143965572234,0.0100139388475,0.0100236684803,0.010065275686,0.0164807388629,0.0100930672513,0.0136095018364,0.0315292994656,0.0207812014487,0.0100576597438,0.01025732473,0.0100376184722,0.0102786332851,0.010013422565,0.0104335024787,126.391446929,86.3689773159,1.95891993869,3.28097667083,440.506187124,11.5246621307,62.9862049458,1.42428037715,3.96338689889,6.35381832524,4.62743576387,2.71640998536,3.01997328486,1.87985154807,2.05307021649,11.2328531756,93.5847951759,52.8850605744,0,3.60185277347,47.8080206754,1.31612490636,11.6233531923,2.35688134395,0,20.1748095882,1.93029094776,4.76275513395,3.91989574988,0.498246703932,12.4400507927,14.3870709544,0.516451432678,1.42241381876,3.39641877279,1.99002994364,2.16989585472,1.64336994649,2.13778010404,3.00338276939,0.396588538086,1.41484111361,2.87682626387,0.951421113602,0.728168959859,0.485132790139,0.868917987648,0.472666712132,1.2676266444,1.20877769292
sobol__0003845,106.31338569,129.45756925,89.34327708,122.46844862,-32.48135231,14.47862262,-39.67179288,0,solver_failed,The static optimization solver did not converge,885.006005,,3.46467601275e-08,,,0,0,,,,,,,,,,,,,,,,,,,,,,,,,,,,,,,,,,,,,,,,,,,,,,,,,,,,,,,,,,,,,,,,,,,,,,,,,,,,,,,,,,,,,,,,,,,,,,,,,,,,
sobol__0003853,95.06338569,88.83256925,-51.28172292,65.59344862,57.51864769,21.04112262,-17.17179288,1,usable,Converged with independently replayed constrained generalized-force equilibrium and small reserve torques,267.001514,0.353318029615,9.57509911359e-08,4.86439441649e-13,2.32021718321e-05,16,0,0.307366474433,0.295779190487,0.0100064790668,0.218286167721,0.335062170418,0.0100008454329,0.0411960212082,0.0100027638845,0.0100010942822,0.0100004288934,0.010000541859,0.0100013608893,0.0100015001657,0.0100018868758,0.010002153717,0.0100064928767,0.0136626588087,0.013379023207,0.0100559567914,0.0100452377286,0.010005476189,0.0100022474461,0.0100149996571,0.0100083443983,0.0417928206781,0.0102602616782,0.0100062887261,0.0158065578993,0.010003885376,0.0100788660498,0.0413990953899,0.0156732675503,0.0100244781501,0.0100178280111,0.0100915008572,0.0101537803485,0.0100199739559,0.0100272991722,0.0100370993615,0.0103410463814,0.0100285603251,0.0100170649612,0.0100239535243,0.010040811376,0.0100179281294,0.010035828389,0.0101507233769,0.0122518194831,0.0248595393851,0.0319911426215,313.162976665,305.198242708,1.77408588725,91.4056120164,334.623571875,8.69866312377,9.11954361794,1.36925519367,4.30397993221,6.43189058048,4.61834265137,2.6751708399,3.00145998379,1.87972772803,1.95778857249,0.476522728565,9.33845157151,8.9459847794,1.7216269051,0,3.16767964701,1.83838906716,11.5457646748,2.74850858492,14.0966408847,2.58099889361,1.92883621056,6.44470999819,4.38535098938,1.01203261746,21.875092588,3.76576600372,0.732463107566,1.69107735798,2.61097150559,1.62853368072,2.37254165301,1.73363447311,2.10371409138,2.03742499629,0.353582594596,1.09368103153,0.94570264114,0.489988123628,0.721008479057,0.472827018122,0.641551020024,0.485450007925,3.30624594134,3.18456581833
sobol__0003861,111.93838569,68.52006925,19.03077708,45.28094862,-77.48135231,0.25987262,16.57820712,1,usable,Converged with independently replayed constrained generalized-force equilibrium and small reserve torques,283.830935,0.178100085046,3.66220120895e-08,6.08508181449e-13,2.75931389922e-05,28,0,0.27599625842,0.0100011132813,0.010024633188,0.0100012894618,0.0575149815151,0.0100003494142,0.114338155347,0.0100460849907,0.14827353588,0.0100047629554,0.0100033617439,0.0100093256389,0.0100049947421,0.010003966871,0.0100133870459,0.0528463664714,0.0100036367278,0.0100037279027,0.0100435465767,0.155007678042,0.0100024793778,0.128133727966,0.116351607868,0.0100046057463,0.0100093881186,0.0250251558955,0.0255688822071,0.0100015308716,0.01000394538,0.0100045132386,0.0100041233116,0.0100088627028,0.010008756911,0.0100041403882,0.0100029177147,0.0100045096382,0.0100046285065,0.0100056389065,0.010004527064,0.0100045432357,0.0101476300181,0.0320699342222,0.0224990639216,0.0107842990278,0.0152718925541,0.0103512670754,0.0100662782498,0.010018279525,0.0100065504114,0.010007727369,296.444019298,10.4358023517,1.86058266094,3.36663991548,61.5668409918,12.9238885221,29.6986663964,1.44247329515,57.5674654654,5.78258638478,3.03778150427,2.64077425384,2.85656422932,1.81891025738,1.75433516491,19.0778038895,6.61365250886,6.43830802397,0.0415092815237,51.7432221522,4.58239760409,40.436454718,136.947552867,2.68518142364,3.30901467772,5.96979028799,4.35766538164,4.07959728728,4.53004064977,1.01024848436,2.65748576928,2.33088089571,0.737784434031,1.69966873403,2.58848703056,1.62504570856,2.36895365336,1.72979617308,2.07383384507,1.97381106908,0.239430667381,3.0085068439,1.81014323851,0.501123905196,0.851181529961,0.374830974099,0.713887760424,0.460824588296,2.01122230761,1.16542353112
sobol__0003869,78.18838569,109.14506925,9.65577708,20.90594862,12.51864769,-6.30262738,39.07820712,1,usable,Converged with independently replayed constrained generalized-force equilibrium and small reserve torques,328.490194,0.57512129907,8.42816207935e-08,3.07665004584e-12,2.43545825483e-05,29,0,0.413036736863,0.271722824302,0.0100138582536,0.0100010798142,0.486864437435,0.0100004752915,0.192231041419,0.0100025398845,0.0100007614056,0.0100003493608,0.0100004270229,0.0100012933484,0.0100011206979,0.0100013320786,0.0100016780808,0.0100015638096,0.010003794774,0.0100044598395,0.0100452377912,0.0100452377912,0.0709764135442,0.0100050176486,0.102796761608,0.0500973167313,0.0719824338889,0.088111108249,0.118633587136,0.0100011501234,0.0100019231724,0.0100031868164,0.0100036451307,0.0100059629775,0.0100056454128,0.0100025030534,0.0100013491792,0.0100019930784,0.0100019826758,0.0100024840821,0.0100019713996,0.0100018562421,0.0124892846261,0.061427101356,0.0474550896651,0.0219610594736,0.0355073185504,0.0151648622348,0.0102060691722,0.0100103734476,0.0100044033612,0.0100038867051,349.388694144,180.592475978,1.85208061486,4.97855223558,516.865104287,12.9667663953,50.4314726762,1.36614663841,4.28751141393,6.57042778835,4.84342137479,2.68089748596,3.02050622797,1.88045899609,2.07238875956,2.45984832717,6.08550453121,5.09759311508,0,0,31.1111964473,0.796321818322,120.955261434,12.5158019497,21.2251513027,16.9000198303,19.8836729825,3.90409784343,4.34549743203,0.927474141821,4.9339710497,2.76587356818,0.683770064573,1.61030794725,2.42906607503,1.57116708054,2.28834764188,1.66172713689,1.95494822569,1.88755208563,0.2523021651,5.02811409566,3.37038622037,0.933236545789,1.78202658944,0.437036149603,0.619044172235,0.456728510977,1.94988602766,1.11415097732
sobol__0003877,97.87588569,94.92631925,-16.12547292,63.56219862,-14.98135231,2.99424762,48.45320712,1,usable,Converged with independently replayed constrained generalized-force equilibrium and small reserve torques,311.758341,0.230368591817,2.35132802118e-08,6.53699316899e-13,2.46854570595e-05,26,0,0.28679098291,0.292898639934,0.0100078505906,0.0100099403637,0.170205018329,0.0100019120435,0.0391783441553,0.0100040842186,0.0100019939028,0.0100006202596,0.0100007706657,0.0100029035245,0.0100022502171,0.0100026693063,0.0100028462319,0.0100086698007,0.0100222807555,0.0100225308311,0.0100399316865,0.0100268602175,0.0100102209185,0.0100022958415,0.0150618748646,0.0152663765073,0.0291140965141,0.0694769185709,0.118758858161,0.0100010588008,0.0100066384021,0.0100046755711,0.0155414073042,0.010070666956,0.0100131326865,0.0100025872197,0.0100013212015,0.0100019532154,0.0100019676066,0.0100024352714,0.0100019337257,0.010001818629,0.0130643058152,0.058881250589,0.0484714641724,0.023641782868,0.0347802126965,0.0134469355992,0.0100412479195,0.0100079340465,0.0100021531923,0.0100025962323,207.302678987,294.151816352,1.67170912807,3.54226992338,179.220377791,11.4794371107,9.74495023331,1.39078310694,4.24620107777,6.45932877272,4.66314732802,2.72954402579,3.00450270437,1.88009140118,1.97121371998,0.702855865384,6.8293479716,6.68034678665,1.55354610203,3.8061953132,4.93076821474,2.50636957705,17.4231355385,4.19293986976,9.7803703566,12.6275004011,18.6528352737,3.57589068872,1.15757035138,0.568867045778,8.58284880469,2.86706676252,0.212779922029,1.40278616304,2.40678697521,1.56280108759,2.25565706361,1.64068569113,1.9335954351,1.87958483716,0.210253292877,3.64581982098,2.73795522524,0.794838304001,1.46759454872,0.306565744536,0.532715389407,0.460348286047,1.92025624419,1.13080391396
sobol__0003885,86.62588569,119.30131925,49.49952708,6.68719862,75.01864769,-7.94325238,10.95320712,1,usable,Converged with independently replayed constrained generalized-force equilibrium and small reserve torques,291.984042,0.658943001045,1.28810388134e-07,1.84542205638e-12,2.41552627904e-05,21,0,0.557996976171,0.34816984306,0.0100052669593,0.0100026589553,0.39750675196,0.0397891625568,0.0488620020129,0.0100026240187,0.0100009053732,0.0100002749713,0.0100003846108,0.0100014314934,0.0100010370408,0.0100012086171,0.0100014895484,0.0100016330232,0.0595420229694,0.0452732024927,0.0100452372942,0.0100452372942,0.0629047715097,0.0100098195663,0.0100059453579,0.0100092705635,0.119611002156,0.0660019982392,0.0100032628187,0.0100061722013,0.0100011704818,0.0100094386876,0.170904012881,0.0377876763192,0.0100090968116,0.0100050873726,0.0100129477483,0.0100347939947,0.010007185668,0.0100110035402,0.0100148985848,0.010296491161,0.0100431454465,0.0104094388284,0.0275998896283,0.0210865909283,0.0100190647439,0.0104914583614,0.0108554153864,0.0152713117922,0.0100129357695,0.0251855536937,264.662304638,185.511702544,1.71878765281,4.73307108617,424.291086903,49.0291700721,13.1586553254,1.33821045234,4.20121473158,6.57092232331,4.88319786908,2.75144699531,3.0740815581,1.88092774888,2.07949300484,2.73335056773,29.4360504458,17.0160045674,0,0,25.4855449908,0.202124998937,11.6617938617,2.33019600183,35.3116914999,14.2716739896,1.72319500284,4.07691035683,4.798271029,1.01093969883,95.2110227419,7.4435832582,0.753677046326,1.71283171854,2.56153558626,1.63009089022,2.36901557027,1.72837961818,2.03923575969,2.01927508281,0.262998834314,1.09406910252,2.45455833935,1.02791261414,0.61177927467,0.410174268562,0.7184072142,0.701610174603,2.0109235703,2.91262551931
sobol__0003893,114.75088569,98.98881925,-30.18797292,108.24969862,-59.98135231,12.83799762,-7.79679288,1,usable,Converged with independently replayed constrained generalized-force equilibrium and small reserve torques,305.70175,0.556404651214,1.35396049927e-08,3.90746353122e-12,1.57610718767e-05,23,0,0.65295677587,0.110736581672,0.0100027996338,0.113242658478,0.293292406122,0.0100005795855,0.0100064718933,0.0100037504921,0.0100025624361,0.010000330497,0.0100004164712,0.0100026114775,0.0100014845723,0.0100018567658,0.01000191001,0.0100452379155,0.0608909911708,0.0602847580022,0.0141146813077,0.0564083841266,0.0100007147566,0.0100018923481,0.0100038299638,0.0100023630102,0.0100036122919,0.0180209061808,0.0546908225053,0.010002778584,0.0100206130815,0.0100079519714,0.0100031154696,0.0100153365256,0.0100185807307,0.0100095746248,0.0100077147752,0.0100110919538,0.0100148840507,0.0100159757962,0.0100118872236,0.0100106685694,0.0101425571294,0.0249004793382,0.017156527377,0.0101065567538,0.0166371454915,0.0101295263924,0.0100378955344,0.0100201245892,0.0100094631644,0.010009619888,332.044008773,113.877266219,1.75789262392,37.2394673096,300.775851083,8.10963959277,2.41666854225,1.33774896442,4.24926083923,6.56495230701,4.77409537983,2.74460642025,3.0199135135,1.88073380643,1.98962912727,0,43.6755861149,42.8101992544,3.94672112303,19.7319897529,5.01548986654,3.0549464629,10.3643009199,2.27737060353,3.1043222218,4.5443192983,10.4818124293,3.94932550349,2.45408222467,0.969478033756,5.57350062586,2.49989632425,0.631115303779,1.61128783848,2.57119299391,1.5275110592,2.36781506431,1.7305159669,2.12203553344,1.94772331195,0.315764843892,2.71174757434,1.57413996006,0.492925238431,1.08431201332,0.455519911498,0.733048503844,0.441678243998,1.62795315775,1.13103312324
sobol__0003901,81.00088569,74.61381925,54.18702708,83.87469862,30.01864769,23.77549762,-45.29679288,1,usable,Converged with independently replayed constrained generalized-force equilibrium and small reserve torques,299.26194,0.172431141119,2.352511288e-07,8.17124146124e-13,1.29060091604e-05,19,0,0.177242302202,0.0100013064148,0.0100623618924,0.0100010341466,0.235330319595,0.010000456164,0.169042918001,0.0100135324872,0.0100046197576,0.0100031084566,0.0100052879264,0.0100060576957,0.0100050517321,0.0100062131047,0.0552143049982,0.0274099236619,0.0221831881527,0.0217193005189,0.0100798083796,0.0100452376672,0.0100013373938,0.0100182642095,0.0100092535789,0.0100093742337,0.0100452376672,0.0609704775406,0.149057983349,0.0100023585873,0.0819081197732,0.0100068630645,0.0196099826037,0.0129899736056,0.0100311692214,0.010016480683,0.010006877012,0.010009165791,0.0100953742585,0.0100331939793,0.0100157511734,0.0100089335589,0.0306335501317,0.0836560924329,0.0632486834097,0.0188883733197,0.0553190541027,0.0230518849851,0.0100414478813,0.010014893248,0.0100078374433,0.0100067855127,189.751222484,9.80847376332,1.89318191879,4.7833325491,237.719047351,12.2105452836,45.4562539911,1.43928140426,3.86511735766,5.82986662755,3.17460024897,2.63455325468,2.85350458569,1.8049587674,10.4321608728,2.22338718147,15.5596915304,14.9141037829,2.58627747913,0,5.10158798675,3.1722213779,11.1344257422,2.56533168768,0,15.1726106272,27.7763900678,4.06335345294,35.9253530456,0.935362540212,10.2936984404,3.45162694717,0.728713633716,1.69677672865,2.41821272339,1.39793855373,2.36048773033,1.72059302463,2.12713867444,1.82045574349,1.20695694067,8.5915373633,5.82152878892,0.889490922979,4.00082323976,1.07137134767,0.78407465321,0.377725220068,0.850762314588,0.884392617856
sobol__0003909,104.90713569,77.66069425,-33.70359792,19.89032362,66.26864769,16.39268512,0.64070712,1,usable,Converged with independently replayed constrained generalized-force equilibrium and small reserve torques,320.004728,0.143644593374,1.18255769621e-07,1.11468174253e-12,4.53140918092e-06,13,0,0.260085140826,0.114250917802,0.0100115185624,0.0355759605258,0.16920601657,0.0100029591253,0.0202909588333,0.0100071716737,0.0100052708802,0.0100015843551,0.0100019417017,0.0100051925632,0.0100046770544,0.010005371373,0.0100076416171,0.0100020142493,0.0100028349963,0.0100033746642,0.0100452368245,0.0100452368245,0.0165739523052,0.0100202866713,0.141290678165,0.051163235041,0.0561496294611,0.0428082177545,0.0232950805469,0.0100132828872,0.0100102010768,0.0100167005235,0.0167932901381,0.0100229397102,0.0100343801063,0.010026266853,0.0100090004177,0.0100125364494,0.0100126304944,0.0100150701526,0.0100127726075,0.010012160721,0.0100669105918,0.0146249404451,0.0117521596546,0.0101010306581,0.0102096882396,0.0101736061958,0.0100758115506,0.0100329036553,0.0100137095259,0.0100184387883,276.591110774,120.568689591,1.83523562316,12.981219651,171.345368386,8.75289194514,4.59346766981,1.43740834838,4.16046865615,6.13418838562,4.28809622871,2.70155283248,2.9547991625,1.8638713661,1.8819966351,3.94025384553,6.0263258333,5.00152667608,0,0,1.67194447722,1.31091846236,166.217240578,12.4592186083,15.2333804079,8.97713201716,4.49206059894,3.91323166199,4.55063845805,0.991953473646,9.35685339975,2.18142787912,0.755489286028,1.71629930132,2.5894877351,1.62684154736,2.37052654938,1.73095196601,2.06137899185,1.97530536999,0.329483972999,1.59695175653,1.09465549306,0.492526384059,0.729452085571,0.416562056742,0.568779255258,0.426725231741,1.69277798265,1.11567034351
sobol__0003917,93.65713569,102.03569425,69.42140208,44.26532362,-3.73135231,9.83018512,53.14070712,1,usable,Converged with independently replayed constrained generalized-force equilibrium and small reserve torques,286.420787,0.780173245983,3.91027015212e-08,1.37845290737e-12,3.24216891927e-05,30,0,0.712539899635,0.0100016251029,0.0100023578796,0.0100003051637,0.225971194372,0.010000159434,0.399554956397,0.0100019993213,0.010000461267,0.0100002085295,0.0100002861792,0.0100013362525,0.010000866811,0.0100009692973,0.0100034415309,0.010006414773,0.0106022926992,0.0104956526349,0.010045275855,0.0535266113197,0.0100005244865,0.0100018664258,0.0100227597553,0.0100175052492,0.0375981164612,0.0988990766422,0.163585984141,0.0100006996006,0.0100044597024,0.0100026888183,0.0100051511446,0.0100116431437,0.0100072102383,0.0100017577003,0.0100009747421,0.0100014488608,0.0100014452231,0.0100017933966,0.0100014212325,0.0100013613594,0.0194635030845,0.0873381383074,0.0702892684944,0.0347052229695,0.0522233198534,0.0179148238999,0.0100545765686,0.0100066310577,0.0100014224842,0.0100020248696,294.808785216,8.51079699481,1.98530185817,4.73918877353,242.540381062,12.138418986,107.492218592,1.43573138794,3.98914543049,6.28997913515,4.56675569611,2.69929304669,2.98784257521,1.87552310291,1.97951412842,1.2996546678,6.99630002235,6.73692630355,0.0105278701453,19.9224314283,5.25104922692,2.05197869645,11.7980262057,2.76065532829,10.8476721269,15.610491637,28.8393481754,3.72119383164,1.07498609888,0.764853660928,5.24964818937,2.84784705803,0.32220924984,1.48362209102,2.38488449348,1.55217984762,2.23298575341,1.62544039209,1.91229618715,1.86931498427,0.350423665194,5.73775020827,4.09983210611,1.15040556444,2.41472483835,0.34852524792,0.455127337962,0.459065576742,1.93271077947,1.15423508485
sobol__0003925,110.53213569,114.22319425,-10.26609792,72.70282362,21.26864769,-2.20106488,-55.60929288,0,solver_failed,The static optimization calculation failed,11.977957,,2.82781820182e-08,,,0,0,,,,,,,,,,,,,,,,,,,,,,,,,,,,,,,,,,,,,,,,,,,,,,,,,,,,,,,,,,,,,,,,,,,,,,,,,,,,,,,,,,,,,,,,,,,,,,,,,,,,
sobol__0003933,76.78213569,89.84819425,36.60890208,129.57782362,-48.73135231,4.36143512,-3.10929288,1,usable,Converged with independently replayed constrained generalized-force equilibrium and small reserve torques,252.488239,0.122567950893,7.03721724449e-07,3.12638803734e-13,1.42754003739e-05,24,0,0.148318042413,0.0439970555078,0.010036192996,0.0100030218858,0.246328880459,0.0100009923144,0.0911000055192,0.0100079477627,0.0100027865769,0.0100013523404,0.0100017617806,0.0100051580245,0.0100041757682,0.0100049596384,0.010011024771,0.0100452378155,0.0100067566748,0.0100067504753,0.0100178882949,0.0933209063751,0.0100466035901,0.0100215670596,0.0639739181126,0.0100245111576,0.0121862201906,0.0837005118488,0.0405822022777,0.0100019619455,0.0100085906191,0.0100055765396,0.0100032488983,0.010009398953,0.010018035046,0.0100053188284,0.0100033786535,0.010005293465,0.0100049568819,0.0100062418468,0.0100050557323,0.0100052391589,0.0106418083647,0.0455988721136,0.0349601959249,0.0184482847294,0.0206102712689,0.0162403404251,0.0142189871914,0.0100258547929,0.0100067815469,0.0100110723888,141.523080023,36.7933634695,1.83239615418,4.78944408996,264.817097634,12.4189505047,24.5395701017,1.4391162056,4.0670637196,6.19616679105,4.47158155244,2.68729452108,2.94482586098,1.85377250816,1.97570883288,0,7.17093650224,7.17865990456,2.70136207063,33.4050486193,0.0240564520274,2.84595579031,43.2815915032,0.218350763565,2.14987502413,20.9035876501,7.12876281044,3.74322980382,1.20172793473,0.897262117848,5.31644186012,2.63216269158,0.322284848994,1.55165889288,2.5866150941,1.58853740089,2.36747531109,1.72971963745,2.11109285712,1.96904889548,0.314747660389,4.91486508312,3.13547752457,0.899794737548,1.23784835748,0.70226336962,1.07075609828,0.460758995617,1.83369096694,1.16799541473
sobol__0003941,102.09463569,112.19194425,29.57765208,86.92157362,48.76864769,-3.84168988,-23.73429288,1,usable,Converged with independently replayed constrained generalized-force equilibrium and small reserve torques,263.693357,1.1758051504,3.67941956902e-08,1.05160324892e-12,4.49439530845e-05,20,0,0.82507796399,0.270964610622,0.0100008118409,0.0100001692817,0.166006479801,0.0100000774478,0.607068159039,0.0100008580717,0.0100002717058,0.0100000848603,0.0100001175382,0.0100004525765,0.0100003453138,0.0100004205439,0.0100005250685,0.0100452377723,0.093874841189,0.0919168254828,0.0188563671577,0.0100452377723,0.0100001597162,0.0100003811071,0.0100025560653,0.0100024385221,0.0100043263591,0.0100871610285,0.0362794852151,0.0100030988924,0.0100084602398,0.0100090799546,0.0271191761732,0.0289770371251,0.0100169664998,0.0100098618848,0.0100112746364,0.0100154700103,0.0100193599217,0.0100201983124,0.0100161663962,0.0100149887374,0.010134265597,0.028037102536,0.0190363864147,0.0102152054029,0.0123905421183,0.0100966112871,0.0100502377398,0.0100276631355,0.0100149175751,0.0100152401415,275.169588276,216.837106895,1.79615491657,4.54317659676,178.53273584,13.0617525312,161.127005431,1.33370810094,4.25638349568,6.57078031136,4.86749456405,2.70667340446,3.06737720054,1.88076866704,2.04472916919,0,66.1210736846,63.3913497448,4.89756989779,0,5.25100424945,2.25454008886,11.0525228511,2.55032090248,3.06964136879,2.54340698398,6.00509579921,4.0107594855,4.60648855314,1.00918933138,13.7580086614,7.32884699229,0.720969787113,1.67554239969,2.58847069892,1.60529040552,2.35877636561,1.73019911852,2.11583657407,1.97375320548,0.310981599923,3.06057040112,1.79611589062,0.497937546926,0.767400844831,0.477267774634,0.771900992107,0.461248987674,1.48410782475,1.16798763985
sobol__0003949,90.84463569,71.56694425,1.45265208,111.29657362,-21.23135231,7.09581012,-31.23429288,1,usable,Converged with independently replayed constrained generalized-force equilibrium and small reserve torques,306.102555,0.0557580261851,1.39836942026e-08,9.94759830064e-14,3.12315093445e-06,2,0,0.150278950355,0.116210854415,0.0100690854515,0.0122411234988,0.107800611808,0.0100209198566,0.0132836006536,0.0100324408008,0.010017601834,0.0100073043302,0.010009720656,0.0100247294394,0.0100218626289,0.0100247354065,0.0100325720727,0.0101018385132,0.0322569261752,0.0320502344189,0.0104725515409,0.0250360266227,0.0105710383172,0.0100172271284,0.0100202975618,0.0100265538127,0.0118718532427,0.0239500253544,0.0100254381038,0.0102051570481,0.010014536786,0.0101139698902,0.0100203140038,0.0100583033442,0.010078228326,0.0100546214871,0.0101021231956,0.0101381520846,0.0100573610431,0.0100759171271,0.0100856968019,0.0101626666153,0.0100932964657,0.0100586779031,0.0100910606293,0.0101343278472,0.0100712376859,0.0101226645234,0.0102505871251,0.0104523286762,0.0104592909921,0.0179919051612,163.657956322,118.545434534,1.89081821455,5.49419823968,115.905881623,13.0784614705,3.41298811486,1.44320288643,4.11183776107,6.02891526218,3.85064504358,2.67101894228,2.89392288553,1.83026831433,1.87153482154,0.368065148671,23.1398201183,22.8435994584,2.95487446975,9.49748655641,4.95730744836,2.93884934205,10.1487984728,1.34945116695,2.72959861696,6.02731751128,1.93242268423,4.05851537918,3.99552852779,1.00223100843,5.32296452343,2.86161055941,0.677193775954,1.63932352601,2.49072381637,1.45899985481,2.31516411994,1.71797192026,2.14204634534,1.89735447125,0.36580436059,1.09411619874,0.952550053576,0.488358064951,0.713356802689,0.478792778044,0.849847215055,0.473767848046,1.35212388625,2.00910392113
sobol__0003957,118.96963569,83.75444425,71.76515208,1.60907362,3.76864769,19.12706012,32.51570712,0,solver_failed,The static optimization solver did not converge,1072.363608,,1.74172003264e-07,,,0,0,,,,,,,,,,,,,,,,,,,,,,,,,,,,,,,,,,,,,,,,,,,,,,,,,,,,,,,,,,,,,,,,,,,,,,,,,,,,,,,,,,,,,,,,,,,,,,,,,,,,
sobol__0003965,85.21963569,124.37944425,-50.10984792,58.48407362,-66.23135231,8.18956012,25.01570712,0,solver_failed,The static optimization solver did not converge,773.049844,,4.67305625307e-08,,,0,0,,,,,,,,,,,,,,,,,,,,,,,,,,,,,,,,,,,,,,,,,,,,,,,,,,,,,,,,,,,,,,,,,,,,,,,,,,,,,,,,,,,,,,,,,,,,,,,,,,,,
sobol__0003973,108.42276069,87.30913175,46.56983958,97.58563612,26.89364769,-5.89247113,55.48445712,1,usable,Converged with independently replayed constrained generalized-force equilibrium and small reserve torques,360.475422,0.615756210997,6.28856131613e-08,3.88469552519e-13,7.11810889582e-05,24,0,0.476388511483,0.0100001777096,0.0100055224839,0.0100001439707,0.010000424547,0.0100000585843,0.521096417296,0.105839050599,0.010060694955,0.0100004556467,0.0100007506858,0.0678905723664,0.0100029679067,0.0100015534063,0.0653069437633,0.0734769121116,0.0598361414805,0.0586773873196,0.0127884634727,0.0100452376772,0.0100001375435,0.0100014164436,0.0100038367937,0.0100044235859,0.0242276469141,0.124328628482,0.197507536274,0.0100016835192,0.0100452376772,0.0100452376772,0.0301388460535,0.0280016613851,0.0100452376772,0.0100025584936,0.0100005612897,0.0100008331243,0.0100008153153,0.0100010210806,0.0100008218338,0.0100007642521,0.0215538961206,0.101634279278,0.0889584137724,0.0448015918768,0.0591603797571,0.0248128602152,0.0100340731245,0.0100041182685,0.0100024692266,0.0100014066972,272.984356497,9.94251431396,1.96159299628,4.63387150928,9.96481743991,13.0383419969,140.356742232,15.2256764411,3.99785913669,6.13922403803,4.40752383113,18.1637271895,2.94291610099,1.85707889354,12.3814631803,2.27056713325,42.7168991666,41.0781793057,3.4484841492,0,5.0731854301,3.16823359751,10.7722646417,2.27011315639,7.75100028255,20.8572253541,23.6634944479,1.09362471605,0,0,15.3465564084,7.49387663372,0,0.558152886156,2.31237670595,1.51282857694,2.21205278868,1.60645458496,1.85641948225,1.81827503879,0.280138513311,5.28205518741,4.38564273203,1.43061256023,1.94832586783,0.561575568913,0.536163588371,0.453899243838,1.86110258763,1.08352116939
sobol__0003981,97.17276069,127.93413175,-19.05516042,89.46063612,-43.10635231,0.67002887,2.98445712,0,solver_failed,The static optimization solver did not converge,926.077486,,1.61173830948e-08,,,0,0,,,,,,,,,,,,,,,,,,,,,,,,,,,,,,,,,,,,,,,,,,,,,,,,,,,,,,,,,,,,,,,,,,,,,,,,,,,,,,,,,,,,,,,,,,,,,,,,,,,,
sobol__0003989,114.04776069,107.62163175,60.63233958,52.89813612,61.89364769,21.45127887,-0.76554288,0,solver_failed,The static optimization solver did not converge,1095.798942,,8.07743525399e-08,,,0,0,,,,,,,,,,,,,,,,,,,,,,,,,,,,,,,,,,,,,,,,,,,,,,,,,,,,,,,,,,,,,,,,,,,,,,,,,,,,,,,,,,,,,,,,,,,,,,,,,,,,
sobol__0003997,80.29776069,66.99663175,-23.74266042,12.27313612,-8.10635231,14.88877887,-53.26554288,1,usable,Converged with independently replayed constrained generalized-force equilibrium and small reserve torques,380.626125,0.178390353843,1.95376514966e-08,4.54747350886e-13,1.75256825983e-05,18,0,0.194577588985,0.208363783532,0.0100218577824,0.0319162936406,0.15005336203,0.0100065304409,0.0172478318092,0.0100076893284,0.010004373476,0.0100015819176,0.010001933966,0.0100056828994,0.0100050143283,0.0100055095619,0.0100069916507,0.0100017144118,0.0100024586247,0.0100030827562,0.0100452389547,0.0100108613386,0.0751154045228,0.0100102798183,0.176902284167,0.046109248216,0.0100452389547,0.102716038808,0.0100018316997,0.0784239027566,0.0100010464904,0.0105905119424,0.0801144541335,0.0170414168442,0.0100165140262,0.0100107287778,0.010030471495,0.0107633151264,0.0100052097174,0.0100082590986,0.0100107053416,0.0131550584181,0.0100126925698,0.0100061295198,0.0100122761282,0.010124470849,0.0100069423699,0.0100275627889,0.0197530423936,0.0350841361046,0.0199413244777,0.0726627594771,223.158171727,213.753034417,1.99443100587,15.5457792368,154.858179076,12.5643678072,4.24665424422,1.43967525525,4.23829148675,6.12964132199,4.09554902783,2.67399423321,2.88887561324,1.82381969733,1.89548478306,4.68144463723,5.43838542188,4.27809818181,0,3.78364611505,22.3167011233,1.71335456348,207.430454881,11.1357597526,0,25.2844376764,1.8094056837,17.3691060084,4.7560570015,0.422081486816,30.9576452127,4.85131815567,0.577089609207,1.50009642395,2.23160982697,1.38615223491,2.2020891547,1.63967412399,2.12608413669,2.23450610435,0.3909733099,0.96262203319,0.878819291591,0.452939562638,0.700283023673,0.461750496666,1.71013245035,1.45661731313,1.65691554012,6.95441434927
sobol__0004005,99.98526069,121.84038175,-58.89891042,38.67938612,9.39364769,23.09190387,-32.64054288,0,solver_failed,The static optimization solver did not converge,1327.722631,,1.37000427003e-07,,,0,0,,,,,,,,,,,,,,,,,,,,,,,,,,,,,,,,,,,,,,,,,,,,,,,,,,,,,,,,,,,,,,,,,,,,,,,,,,,,,,,,,,,,,,,,,,,,,,,,,,,,
sobol__0004013,88.73526069,97.46538175,81.72608958,30.55438612,-60.60635231,12.15440387,-25.14054288,1,usable,Converged with independently replayed constrained generalized-force equilibrium and small reserve torques,317.264252,0.292038528604,1.1095886876e-08,5.58480361117e-13,6.51502426795e-06,14,0,0.469432992847,0.0303169529888,0.0100070765127,0.0100013909343,0.208711608351,0.0100009366305,0.123147665198,0.0100043611023,0.0100020676174,0.0100006005872,0.010000775678,0.0100028345539,0.0100020144787,0.0100022718576,0.0100063408403,0.0100083032049,0.0345474654175,0.0319708769617,0.0100452377945,0.0100105989582,0.0390929452425,0.0100030453586,0.0100106459647,0.0100654270276,0.0522849824979,0.0319608776417,0.0100206142435,0.0100513459768,0.0100050617322,0.0100387954757,0.021127590865,0.0116829585257,0.0100306928435,0.010023288005,0.0100272514051,0.0100360681583,0.0100187575229,0.0100240254206,0.0100250033649,0.0100339466832,0.0100485827575,0.0101003218342,0.0103186960059,0.0101088518429,0.0100451968241,0.0100697096855,0.0101443343764,0.0100903208448,0.0100367959718,0.0106857749805,257.798622402,26.6709913847,1.95018445406,4.48321022752,224.464205508,11.7986310766,33.1718572884,1.43910239811,3.79783952149,6.11177779672,4.38594416361,2.67969684075,2.95292214189,1.85786251069,1.96162924123,1.96396543355,22.1007473753,18.924981858,0,3.4972191482,20.4282485508,2.32418701653,11.7861703106,2.56744189719,17.5000287274,8.06946359234,1.91274153537,2.99516001866,4.79950703226,0.641513642085,5.50656736474,2.90811486518,0.704725853875,1.67657330295,2.4077440829,1.39665563842,2.3083851127,1.70539635375,2.12921570427,1.83250751435,0.385077475814,1.07646747709,0.972107219339,0.485129850223,0.727263483309,0.476251912409,0.822661680758,0.441895372113,1.35056631445,1.15816627158
sobol__0004021,116.86026069,77.15288175,11.41358958,115.86688612,44.39364769,-8.62684613,23.60945712,1,usable,Converged with independently replayed constrained generalized-force equilibrium and small reserve torques,381.90992,0.478042588764,2.0951435431e-07,1.09423581307e-12,3.86556812592e-05,18,0,0.238010390515,0.010001363384,0.0100398869478,0.0100014645337,0.0405115284478,0.0100003590542,0.0954741158722,0.0100319943278,0.207278726264,0.0100008059908,0.0100012279115,0.010011328362,0.0100050519252,0.0100037049376,0.0100056904542,0.0295646895719,0.145599564171,0.145270263163,0.0358896790733,0.0100452372058,0.0100003671187,0.0100009929792,0.0100018219816,0.0100036282533,0.365318318701,0.307071417744,0.0100014508522,0.123488290263,0.0100015830608,0.0100344692746,0.115740024831,0.0977219163976,0.0100316982639,0.0100049974653,0.0826842973017,0.0902123487271,0.010005414746,0.0100138805477,0.028529666667,0.124391760979,0.0100198664163,0.0100138918146,0.0297125342199,0.0455731063894,0.0100081246659,0.0273861169924,0.0473167073412,0.0668143756419,0.0100056696823,0.11347335894,221.066175686,10.4017959688,1.81969721811,2.64250773108,43.5687826917,11.5303354449,24.3302065255,1.44310434566,82.3332759892,6.0245201333,4.03837711815,2.67120167916,2.91209233408,1.84936502289,1.85287214868,1.53267350319,104.450996046,103.979147009,10.1634900193,0,5.18896160338,3.0520361259,9.50292850898,0.757143058857,85.3557588847,66.2019053359,1.19498717034,28.3325003026,1.25631386431,0.293470662329,39.6140192545,25.0630214686,0.048879709941,1.2663397481,20.6473085491,14.4840451864,2.34512176804,1.70324795727,5.70397727039,23.9710178065,0.198109668868,0.800577484395,2.09767565376,2.01293777853,0.420724201306,0.954928682107,3.04359041665,3.05580777956,2.01049681684,12.8951559968
sobol__0004029,83.11026069,101.52788175,20.78858958,75.24188612,-25.60635231,2.31065387,31.10945712,1,usable,Converged with independently replayed constrained generalized-force equilibrium and small reserve torques,301.250852,0.297846769917,1.54396531116e-08,8.95421583805e-13,2.30012728987e-05,28,0,0.325752719013,0.141667874094,0.0100102534546,0.0100015636421,0.334530292665,0.0100006402224,0.127463905914,0.0100039880039,0.010001315973,0.0100005645922,0.010000756463,0.0100022935167,0.0100018556394,0.0100021656382,0.0100034339987,0.0100224489697,0.047100977862,0.0460963943201,0.0103406381971,0.0472610642903,0.0100036156335,0.0100020379273,0.0100050516731,0.0100041277142,0.0198494193652,0.107378173389,0.10744577366,0.0100010268946,0.0100029513702,0.0100032505489,0.0100040114816,0.0100132444561,0.0100081149038,0.0100024944086,0.0100014614405,0.0100021927075,0.0100021437171,0.0100026962606,0.0100021674726,0.0100020865792,0.0138627240842,0.0675323529253,0.0536082441476,0.0278929880553,0.03499671816,0.0199149048972,0.011019718322,0.0100111971048,0.0100029050681,0.0100037287162,241.728026331,110.038517182,1.76988023437,4.99037689578,359.702311141,12.8913008677,33.9101416309,1.40384490889,4.19849543858,6.48022264795,4.70391437241,2.70483667378,3.01562132301,1.87982026012,2.0187342792,0.2687600959,32.6421952686,31.2641882252,2.46795404485,17.8192336095,4.99491800775,2.91480653385,11.3307237388,2.6680778865,6.69302434829,23.0976153655,17.0815470388,3.70950702118,2.20449887541,0.824932216408,5.55981850664,2.8417554158,0.414635317823,1.53823527968,2.50870086368,1.61747024907,2.33024720813,1.69476928463,2.00271308328,1.94480890095,0.262406250399,5.01874494339,3.523695952,1.09053849864,1.63040842473,0.59412548143,0.672350690469,0.460499385396,2.00320929209,1.15467532224
sobol__0004037,104.20401069,104.57475675,0.86671458,11.25751112,-71.85635231,4.77159137,-16.70304288,1,usable,Converged with independently replayed constrained generalized-force equilibrium and small reserve torques,297.704737,0.857996261887,2.7008365322e-08,9.86240251982e-13,2.63570693278e-05,17,0,0.725844593038,0.380860551361,0.010001426277,0.010000779925,0.316550849709,0.0100002487503,0.178717940447,0.0100014651376,0.0100005826233,0.0100001676877,0.0100002184398,0.0100008645457,0.0100006161985,0.0100008348772,0.0100008889849,0.0100008596178,0.0100021192667,0.0100026784709,0.010045237525,0.0610200890081,0.0100010645888,0.0100016621323,0.209716523217,0.0306836059615,0.0100377418723,0.0100411699005,0.0100080660613,0.0304565317422,0.0133403263474,0.0101099094741,0.0100281782237,0.010016484523,0.0100752027153,0.011044021007,0.0100447833368,0.0100497954685,0.0100509854109,0.0100484658059,0.0100507579873,0.0100691179495,0.0100261430016,0.0100128978206,0.0100150918639,0.0100233386797,0.0100189598055,0.0100336398318,0.0100393194147,0.010055971624,0.0121672273175,0.0101657006227,317.88661132,371.999106227,1.77549446764,3.25005739924,340.122459549,12.3292375808,45.6423817705,1.35405184332,4.26217827744,6.56847601697,4.80029570958,2.7349762703,3.02243402188,1.8805682818,2.01145150373,2.82951215132,5.34938557029,4.18222767016,0,20.7668564019,3.24499240016,1.36139641248,245.710095341,7.26800704722,3.32008736226,2.53402069727,1.93016314292,8.45842957536,6.38782823996,0.62204095957,1.50222986629,2.37984543131,0.61998023369,1.72557477045,2.49338485219,1.45993836463,2.33242284505,1.7206884011,2.13454088673,1.90879603929,0.372887404555,1.0758680776,0.944996711343,0.481799948807,0.724986056049,0.471705139808,0.816605782885,0.461271357406,1.92542578173,1.1809614849
sobol__0004045,92.95401069,80.19975675,28.99171458,51.88251112,18.14364769,-1.79090863,-39.20304288,1,usable,Converged with independently replayed constrained generalized-force equilibrium and small reserve torques,354.943428,0.127169624707,5.63669715348e-08,1.41035427513e-12,4.17536007593e-06,15,0,0.264845906074,0.0956556551191,0.0100147894516,0.0100041298836,0.178069029545,0.0100014362566,0.0536772062448,0.0100075663552,0.0100036411183,0.0100015029602,0.0100019218784,0.0100052094781,0.0100040919419,0.0100047514952,0.0100090183338,0.0100081446709,0.0100073119438,0.0100074595345,0.010036405785,0.0100452376017,0.0104738959312,0.0100098229632,0.059494412548,0.0512023888429,0.0340163412741,0.0291840192902,0.0230047151158,0.0100078135089,0.0100197552506,0.0100188496592,0.0100666847268,0.0100260787785,0.0100316906126,0.0100208017854,0.0100107282887,0.0100151780259,0.010015752597,0.01001772692,0.0100141543118,0.0100140412772,0.010100949952,0.0194622222947,0.0158946234857,0.0101561744523,0.0112289798701,0.0101341314946,0.0100775681428,0.0100326119264,0.0100158635858,0.0100179574522,235.669286359,94.7331565855,1.7966832876,4.97471314679,190.48174451,12.9958104412,14.4062278779,1.43965454116,4.01964887832,6.05640430281,4.17774679373,2.6647696637,2.91892364285,1.84047530329,1.89021296864,2.26184225098,6.69312457575,6.53553501121,0.566147686349,0,4.92808020596,2.38551179573,69.874177474,14.1318591581,11.1645077274,7.13150661403,4.42724916928,3.91331761371,4.80519018179,0.83192804638,5.60895206639,2.73696435479,0.752374754418,1.71483203328,2.5008876733,1.48504008388,2.25871939932,1.69558626908,2.12680872357,1.91471948865,0.368703596843,2.10133203405,1.49020783569,0.477607272969,0.807585159537,0.479153390352,0.835884346373,0.461113602816,1.18178812497,1.14934317732
sobol__0004053,109.82901069,92.38725675,-41.32078542,96.57001112,-36.85635231,10.24034137,39.54695712,1,usable,Converged with independently replayed constrained generalized-force equilibrium and small reserve torques,352.256472,0.3124776552,2.99766966805e-08,1.29674049276e-11,1.25436299525e-05,20,0,0.351826907335,0.197909338909,0.0100111883148,0.144145083209,0.230436900961,0.221605541357,0.0100345555529,0.010008265508,0.0100037839757,0.0100012415423,0.0100015490746,0.0100044437219,0.0100044067346,0.0100058175271,0.0100064206446,0.0100852635362,0.0537961176619,0.0527381902367,0.011765035469,0.010016760815,0.0100038464127,0.0100032737029,0.0100080130193,0.0100292688898,0.0100151886862,0.0289828687423,0.100473327291,0.0100035202308,0.0100852635362,0.0100176250937,0.0401081798344,0.0195637749673,0.0100836178349,0.0100105344187,0.0100045907109,0.0100066123074,0.0100074698855,0.0100089227624,0.0100069860666,0.0100061443872,0.0120204559594,0.0460527276767,0.0351578975918,0.0158299810039,0.0269610570153,0.0103920260591,0.0100497498565,0.0100177165046,0.0100050412336,0.0100062878601,259.146991413,206.026852521,1.65198978747,54.0195470032,231.66145212,163.73331618,2.32959226907,1.36912597592,4.22997591713,6.45621930227,4.65928293363,2.66795665335,3.00892285395,1.88115241292,1.95688343137,0,38.3629711963,36.8683826103,3.16147580169,3.67876108138,5.21764774672,3.1374928457,10.8057740071,2.48194399025,3.29531972158,5.42138076071,16.157700622,3.24072758242,0,0.409453850326,22.3453749914,5.38318721319,0.00344156716462,1.20847651371,2.48725494032,1.60939335397,2.30358104239,1.67750233831,1.98481450375,1.93478908244,0.228757116202,3.18461779584,2.14287290649,0.563591233258,1.22161222031,0.261500605935,0.531592556469,0.458512226521,2.00400726431,1.16721510772
sobol__0004061,76.07901069,116.76225675,80.55421458,104.69501112,53.14364769,16.80284137,17.04695712,1,usable,Converged with independently replayed constrained generalized-force equilibrium and small reserve torques,295.249821,2.22846797892,2.39822455228e-08,3.56692453352e-12,0.000142541569033,23,1,0.130419022095,0.584989366919,0.445918540321,0.0100004942064,0.0100452378963,0.0100001366785,0.999990363614,0.0100006626544,0.010000145332,0.0100000563687,0.0100000809977,0.0100003861665,0.0100002979052,0.0100003450989,0.0100004968048,0.0100452378963,0.406281884705,0.400565113783,0.0904465258417,0.0100452378963,0.289063832097,0.0100001859782,0.0100006034661,0.0100005043007,0.0100007243699,0.0100100261808,0.0666918723456,0.0100008531337,0.0100293195659,0.0100029073822,0.404625740755,0.259322280468,0.0100124821919,0.0100027569629,0.0100048746245,0.0100077314781,0.0100143591369,0.0100130242083,0.0100111848102,0.0100087849492,0.0267751696553,0.089601254745,0.0623239853119,0.028930908687,0.0283993041509,0.0101099137356,0.0100126458604,0.0100084552498,0.010002735326,0.0100031271092,77.3868967402,287.148452883,84.7834481158,2.25478499427,0,11.4554019294,208.611220535,1.41379813981,3.99392476816,6.40341207726,4.67227913137,2.72353738228,3.03109069289,1.88005668923,2.07902539726,0,291.286128885,283.146449083,24.9899974799,0,138.951504067,2.96436615104,10.5326510011,1.90212013728,3.15227244865,1.92254872328,11.9373005027,3.64874344662,0.16576834426,0.785228072577,167.616079283,64.314761899,0.21925728326,1.47248247497,2.5460585363,1.62573197065,2.34836947403,1.71066577928,2.0210820317,1.96790309778,0.69315450731,8.39143582028,4.71522870543,1.24946220328,1.560363348,0.341667960017,0.495465565,0.427449189432,1.92214848088,1.15247197169
sobol__0004069,101.39151069,70.04350675,64.14796458,78.28876112,-54.35635231,7.50596637,7.67195712,1,usable,Converged with independently replayed constrained generalized-force equilibrium and small reserve torques,398.922181,0.529108815989,1.70989125081e-08,6.93803639237e-13,4.44803338871e-05,21,0,0.265078843353,0.0100002049081,0.0279586015233,0.0100001937068,0.0100290606822,0.0100000934764,0.559854325282,0.0687723466766,0.0713281153768,0.0100008866834,0.0100014121321,0.0100064700894,0.010002597482,0.0100018808778,0.18479855455,0.285271659433,0.0101064796493,0.0101035422839,0.010050916085,0.0299070085942,0.0100002456066,0.0936475681777,0.0100226266294,0.0100072112732,0.0275896824228,0.0575298973849,0.0232428346535,0.0100030071276,0.0100036064203,0.010007620844,0.0100074942612,0.0100214892279,0.0100134677804,0.0100068913266,0.0100048914796,0.0100074463452,0.0100066125093,0.0100083175901,0.0100069973746,0.0100073688272,0.0100935429927,0.0276840884873,0.0219550584905,0.0126965964111,0.0118805250458,0.0109177083611,0.0105507759963,0.0100357948966,0.0100107159039,0.0100183369019,277.370071803,10.2137958691,5.23656028069,4.98860274661,8.64797877818,12.5405948951,150.14927622,9.7701190646,23.4015093921,5.52717433065,2.60179326709,2.61095424129,2.81979173492,1.79438869558,32.3605626441,40.5528135871,7.03403451228,6.88262492029,2.49674844293,10.5828543626,4.86508957883,28.5541467174,11.281333542,2.68908911514,9.28531590347,14.2994653809,4.20494126312,3.97985253469,3.90850198792,0.973814570803,4.99450629787,2.56617611797,0.686990209309,1.6341493887,2.58915817982,1.61989360815,2.36943738,1.73035235961,2.08889768505,1.9741006256,0.255458549736,2.68633807774,1.78877302992,0.591924105376,0.683187080928,0.423415608216,0.729073135519,0.46015916299,1.95733386685,1.1689192226
sobol__0004077,90.14151069,110.66850675,-38.97703542,118.91376112,35.64364769,18.44346637,45.17195712,1,usable,Converged with independently replayed constrained generalized-force equilibrium and small reserve torques,331.4328,0.983804213112,4.71906602684e-08,1.69109171111e-12,0.000246727471849,23,0,0.287609598122,0.411002651529,0.0100014351336,0.0100004632551,0.11038995339,0.0100000471361,0.832423834223,0.0100003684439,0.0100000890223,0.0100000324416,0.0100000438774,0.0100001146414,0.0100000997739,0.010000160722,0.010000192815,0.0100452377521,0.0709122584769,0.0708505348441,0.0179949094456,0.0100452377521,0.0100001091126,0.0100001422597,0.010003820899,0.010013065759,0.0100016070428,0.0100065384529,0.0767950275276,0.0100061798738,0.0100452377521,0.0100452371035,0.0545552989816,0.0471490621549,0.0100452377521,0.0100344388825,0.0100072934056,0.0100086560106,0.0144866730928,0.010056042504,0.010023567993,0.0100076918417,0.0126483235734,0.0268518691261,0.0197324969413,0.010052812338,0.020123776126,0.0100275483335,0.0100117808737,0.0100057603211,0.0100018437032,0.0100020933529,228.888705739,397.636325007,1.71242114316,3.7856875484,114.680087566,11.1366552303,203.610963434,1.24907215351,4.41969553977,6.55302870589,4.95179743421,2.75792325881,2.99926266257,1.88069257255,2.07451935031,0,50.8714556923,50.7829258848,5.09614833295,0,4.93212962672,3.16643253022,8.93924226471,0.386044350536,3.04630572522,1.37255490978,12.386011194,1.49990881635,0,2.16294659379e-06,19.6002057832,12.3651214923,0,0.519875353239,2.42495383201,1.57392763241,3.26613032838,1.6520036124,1.9421367006,1.89589950783,0.269310819804,1.94601974971,1.20495653321,0.3515880999,0.886991861125,0.217755672589,0.386610080749,0.422875981239,2.00998987718,1.16707588421
sobol__0004085,118.26651069,122.85600675,40.71046458,25.47626112,-19.35635231,6.41221637,-48.57804288,0,solver_failed,The static optimization solver did not converge,958.074641,,2.48760301247e-08,,,0,0,,,,,,,,,,,,,,,,,,,,,,,,,,,,,,,,,,,,,,,,,,,,,,,,,,,,,,,,,,,,,,,,,,,,,,,,,,,,,,,,,,,,,,,,,,,,,,,,,,,,
