sample_id,elv_angle,shoulder_elv,shoulder_rot,elbow_flexion,pro_sup,deviation,flexion,capacity_target,capacity_muscles,capacity_scale,usable,status,reason,duration_ms,objective,max_assembly_error_deg,max_equilibrium_residual,max_reserve_torque_nm,muscles_at_floor,muscles_at_capacity,activation__DELT1,activation__DELT2,activation__DELT3,activation__SUPSP,activation__INFSP,activation__SUBSC,activation__TMIN,activation__TMAJ,activation__PECM1,activation__PECM2,activation__PECM3,activation__LAT1,activation__LAT2,activation__LAT3,activation__CORB,activation__TRIlong,activation__TRIlat,activation__TRImed,activation__ANC,activation__SUP,activation__BIClong,activation__BICshort,activation__BRA,activation__BRD,activation__ECRL,activation__ECRB,activation__ECU,activation__FCR,activation__FCU,activation__PL,activation__PT,activation__PQ,activation__FDSL,activation__FDSR,activation__FDSM,activation__FDSI,activation__FDPL,activation__FDPR,activation__FDPM,activation__FDPI,activation__EDCL,activation__EDCR,activation__EDCM,activation__EDCI,activation__EDM,activation__EIP,activation__EPL,activation__EPB,activation__FPL,activation__APL,active_force_n__DELT1,active_force_n__DELT2,active_force_n__DELT3,active_force_n__SUPSP,active_force_n__INFSP,active_force_n__SUBSC,active_force_n__TMIN,active_force_n__TMAJ,active_force_n__PECM1,active_force_n__PECM2,active_force_n__PECM3,active_force_n__LAT1,active_force_n__LAT2,active_force_n__LAT3,active_force_n__CORB,active_force_n__TRIlong,active_force_n__TRIlat,active_force_n__TRImed,active_force_n__ANC,active_force_n__SUP,active_force_n__BIClong,active_force_n__BICshort,active_force_n__BRA,active_force_n__BRD,active_force_n__ECRL,active_force_n__ECRB,active_force_n__ECU,active_force_n__FCR,active_force_n__FCU,active_force_n__PL,active_force_n__PT,active_force_n__PQ,active_force_n__FDSL,active_force_n__FDSR,active_force_n__FDSM,active_force_n__FDSI,active_force_n__FDPL,active_force_n__FDPR,active_force_n__FDPM,active_force_n__FDPI,active_force_n__EDCL,active_force_n__EDCR,active_force_n__EDCM,active_force_n__EDCI,active_force_n__EDM,active_force_n__EIP,active_force_n__EPL,active_force_n__EPB,active_force_n__FPL,active_force_n__APL
moderate__side_45@@posterior_deltoid@@0.00,0,45,0,0,0,0,0,Posterior deltoid,DELT3,0,1,usable,Converged with independently replayed constrained generalized-force equilibrium and small reserve torques,479.24691,0.734288894156,0.000546006453053,1.90425453184e-12,1.95140522887e-05,25,0,0.2940297711,0.364901417354,0.000673897250815,0.122349801528,0.061591792472,0.123168709642,0.0100077089936,0.0100052363392,0.0366588609196,0.0100037800029,0.0100025086419,0.0100039236269,0.0100047551067,0.0100041575387,0.0100076372082,0.417837857709,0.428863758359,0.311914143375,0.0100452404896,0.0458256357023,0.0100071309529,0.010005786125,0.0100007828752,0.0100028674417,0.0408957044515,0.0484357814862,0.0563352860147,0.010001543362,0.010000997361,0.0100054591404,0.0100025585353,0.0100128222076,0.0100075257812,0.010003951204,0.0100038013206,0.0100060351319,0.0100044968628,0.0100060259199,0.0100053305657,0.0100060253467,0.0198575206769,0.0863157785679,0.0100452404896,0.0380126631987,0.0361357211223,0.0172886152576,0.0201704857045,0.0100743720591,0.010007948041,0.0100339262933,205.220068952,361.027734517,0,58.4165245077,66.2187601839,153.685092392,2.66796554166,1.35571079341,16.265074657,6.36740331709,4.4194024373,2.40858874992,1.80164800364,1.70193581005,2.07966811979,316.209338005,187.602692976,99.2359576038,0,16.5759599533,1.98036498876,0.955085526361,11.498555866,2.32060243737,12.59507829,11.5051784703,10.8669742318,3.90466963414,4.79267538552,0.994205343995,3.79973961755,2.83824091641,0.753445228928,1.71262205266,2.58882866767,1.62485148001,2.36893312969,1.72995519292,2.08090764938,1.97410495954,0.660166179518,9.42528782342,0,1.85465752125,2.55783424698,0.727784210968,1.45875894723,0.463404076829,1.92416884879,1.17089670823
moderate__elbow_90@@brachioradialis@@0.00,0,0,0,90,0,0,0,Brachioradialis,BRD,0,1,usable,Converged with independently replayed constrained generalized-force equilibrium and small reserve torques,548.394427,0.0330188683802,0.000555447382933,1.56382525499e-13,5.45286233508e-06,7,0,0.0294319506822,0.0100042503544,0.0100241166124,0.0100107057109,0.041307752073,0.0100038718962,0.017444725439,0.0100463092166,0.0349211042884,0.104009956173,0.0291895160159,0.010022926868,0.0100262852316,0.0100433087963,0.0185226310569,0.0100274251903,0.010009825897,0.0100099875868,0.0100261563368,0.0100182540376,0.019468649913,0.0515644344398,0.0649355743389,0.000673850010487,0.0470555558091,0.0319708475835,0.025413026426,0.0100056572066,0.010009378125,0.0100129089047,0.0418496933804,0.0102291420741,0.0100238214557,0.0100136744477,0.0100076566909,0.0100110646368,0.0100106496168,0.0100128952931,0.0100110106984,0.0100106843046,0.0100893569153,0.0240415241093,0.01004523837,0.0105745118391,0.0104630290956,0.0101630686574,0.0100757327484,0.0100300106311,0.0100108346861,0.0100155572317,24.5707064968,10.9451753436,1.97765357751,4.90957526236,44.3357639059,12.992778889,4.44799503286,1.31738342719,14.8701738277,59.4182355394,3.84132532576,2.21296835872,1.34186153763,1.62551723703,3.35378916487,4.5384943692,7.07973864354,6.93365952223,2.63354296026,3.62378339511,10.2229723056,15.668139262,71.2497926538,0,14.7859974555,8.05650328358,4.25721651625,3.8177600763,3.94692179103,0.937537458061,22.6385451627,2.89955908262,0.651565844438,1.60186916196,2.58982637773,1.62566820694,2.37039002082,1.73114284804,2.08208900281,1.97502413289,0.256361698433,2.41194564107,0,0.512087297993,0.580009829461,0.427826103676,0.728691688965,0.461363526163,1.92472384686,1.16875315315
moderate__forward_60@@infraspinatus@@0.00,90,60,0,0,0,0,0,Infraspinatus,INFSP,0,1,usable,Converged with independently replayed constrained generalized-force equilibrium and small reserve torques,509.786017,0.988786795226,0.000546006326206,2.13162820728e-12,5.14831490753e-05,24,0,0.19730656523,0.263120276048,0.0565836778513,0.0100087496425,0.0006738976952,0.0100001478341,0.619848868088,0.0100011762012,0.0100003522268,0.0100002184143,0.0100004507264,0.0100007309779,0.0100006858768,0.0100009037734,0.0100017160498,0.1906729999,0.537932176586,0.391239265813,0.0100452377971,0.0313529084739,0.0100014669482,0.0100008155865,0.0100006243598,0.0100023008901,0.0376468338957,0.0192195882744,0.0101128388033,0.0100021074554,0.0100009076823,0.0100089670212,0.0100023453093,0.0100165825995,0.0100085119531,0.0100048027695,0.0100072179511,0.0100122376965,0.0100061397227,0.0100087407486,0.0100087701838,0.0100131911998,0.0147385585974,0.0683414606304,0.0100452377971,0.0347875684924,0.0231821418903,0.0113633624294,0.019890234704,0.0162452523674,0.010026148898,0.0332349775638,224.61174551,273.061259833,11.1070167941,4.55237150367,0,13.0562392357,158.693644179,1.43623074869,4.08299580756,5.8582259572,2.89202059577,2.63524938895,2.82518892568,1.79549891674,1.79903628024,108.229750655,235.313716766,124.473365571,0,11.3409131661,2.53354541606,1.94705460351,11.4983736104,2.32047100095,11.5944896087,4.56531899442,1.95074821592,3.90488986002,4.79263240974,0.994553909095,3.79965861795,2.83930683949,0.753519475704,1.71276783606,2.58971283867,1.62585869676,2.36932213727,1.73042456328,2.08162302081,1.97551872231,0.489985536412,7.46257459993,0,1.69730348051,1.64092688905,0.47835385521,1.43849078612,0.747254134747,1.9276682197,3.8783148979
moderate__scaption_45_external_30@@brachialis@@0.00,45,45,30,90,0,0,0,Brachialis,BRA,0,1,usable,Converged with independently replayed constrained generalized-force equilibrium and small reserve torques,492.995235,0.0757388891588,2.12014507376e-08,4.16812253622e-13,1.08169963559e-05,19,0,0.0868863192554,0.122101729422,0.0101629663902,0.0297050203994,0.177585111256,0.0100034028016,0.0286568931316,0.010011047715,0.0100095708223,0.0100033983324,0.0100053203058,0.010007221665,0.0100079697391,0.0100080960088,0.0100128764721,0.0100190976514,0.0100122952255,0.0100124832058,0.0100293294507,0.0100386833133,0.0402529596267,0.0100141685453,0.000674021263176,0.0386532002403,0.048650345255,0.0629254259756,0.0601994864249,0.0100025742625,0.0100049623795,0.0100068187415,0.0177018867038,0.0100499247613,0.010014795396,0.0100072517943,0.0100039922586,0.010005962267,0.010005999987,0.0100073956488,0.0100060333696,0.010005719635,0.0106611241836,0.0475792899795,0.0100452381788,0.0183286109463,0.0205755909534,0.0144885181673,0.0101916571749,0.0100206825562,0.010006029464,0.0100086508658,105.723767835,122.919092394,2.04701468355,14.3504149799,180.421523015,12.2100904059,7.71927307693,1.39009492607,4.20537459956,5.9307729526,2.65854554592,2.52675762886,2.26049680358,1.7230449916,1.94009930633,2.14005397922,7.08148514751,6.93538817304,2.63437643338,3.63117303306,20.5253644585,3.16797725466,0,9.64877268929,15.2871189971,15.8569115089,10.0846803344,3.81658374762,3.94518056466,0.936967218556,9.57581595554,2.84875802976,0.650979134865,1.60084174186,2.58887807946,1.62483964769,2.36928904969,1.73019200718,2.08105381846,1.97404464519,0.270889802553,4.77335216124,0,0.887591692017,1.14059178177,0.609910892533,0.73707551263,0.460934450492,1.92379997535,1.16794722326
moderate__scaption_60_elbow_90@@infraspinatus@@0.00,45,60,0,90,0,0,0,Infraspinatus,INFSP,0,1,usable,Converged with independently replayed constrained generalized-force equilibrium and small reserve torques,363.85011,0.672142522881,1.74560402775e-08,1.26706266974e-12,5.48893137107e-05,25,0,0.114950903966,0.292671174304,0.126511245904,0.0100868477359,0.000673514668631,0.0100001238283,0.724887517486,0.0100013873863,0.0100005280609,0.0100002422126,0.0100003014555,0.0100007259928,0.0100006821341,0.0100008927796,0.0100024281236,0.0100101855443,0.0555335947418,0.054386912594,0.0115573403964,0.0100062721461,0.0687041779248,0.0100007108656,0.0100041379144,0.0100067470108,0.029472486774,0.0756227267218,0.0513487135871,0.0100022857674,0.0100029393681,0.0100059165077,0.0585357396547,0.034598118865,0.0100115999422,0.0100058075296,0.0100041333311,0.0100063077501,0.0100057659514,0.0100072653339,0.0100061724419,0.0100060663531,0.0109848528073,0.0517834029786,0.0100452381,0.0219741885566,0.0199088891294,0.0161332293542,0.0102995219036,0.010023379262,0.0100059008511,0.0100095796229,140.019525195,282.503247408,25.4806037804,4.7624938444,0,12.7366162836,190.841859789,1.43392171044,4.29056269722,6.18529063877,4.23818678284,2.6119730055,2.73859275589,1.77261678525,1.99997610833,1.84314163288,39.2777397684,37.6724077951,3.03573487365,3.6194493286,34.7323296117,3.16722696625,10.97692227,2.49792582935,9.26097050476,19.0565716021,8.60198969844,3.81647366936,3.94438284642,0.936882739811,31.6648433659,9.80720465798,0.650771424823,1.60061070548,2.58891458684,1.6248957497,2.36923363316,1.73016947687,2.08108274272,1.97411304975,0.279115462565,5.19512625404,0,1.06413449763,1.10363368789,0.679146908007,0.744876447165,0.4610584944,1.92377524773,1.16805560344
moderate__scaption_30_external_30@@brachialis@@0.00,45,30,30,90,0,0,0,Brachialis,BRA,0,1,usable,Converged with independently replayed constrained generalized-force equilibrium and small reserve torques,399.7593,0.0519450402147,3.22939152579e-08,1.63424829225e-13,9.02403709164e-06,16,0,0.0887413222008,0.0832406950092,0.0100521780052,0.0174857599755,0.131167511489,0.0100044742998,0.0199662270611,0.0100134084791,0.0100152124731,0.0100060150148,0.0100125890099,0.0100092329517,0.0100114800744,0.0100106559443,0.0100211481345,0.0100152364995,0.0100097608007,0.0100099217196,0.0100260625506,0.0100319579206,0.0479409838597,0.0102064187259,0.000674046944661,0.0530367800751,0.0512188688638,0.0521314525098,0.048935903926,0.0100031839256,0.0100061591659,0.0100081812765,0.0266445368395,0.0100587368707,0.0100172565673,0.0100087535598,0.0100047338208,0.0100070159139,0.0100070199034,0.0100086113064,0.0100070837479,0.0100067388507,0.0102381124254,0.0397092067735,0.0100452377258,0.0154514706405,0.0169643086302,0.0122292147885,0.0101270165029,0.0100229369371,0.0100070651589,0.0100100906635,102.421754995,86.3304012084,2.02452385626,8.69852620541,126.877340682,12.3245503149,5.37629815809,1.35876216321,4.20849280765,5.81637984414,1.96351668279,2.4111099164,1.83146522101,1.68731700244,1.89577088305,2.76427045957,7.07969260257,6.93361389799,2.6335183259,3.62874033705,24.6909207395,3.17792844305,0,13.2392617398,16.0942114405,13.1368809421,8.19779332591,3.81681637064,3.94565248202,0.937094796594,14.4133326154,2.85125591586,0.65113911512,1.60108197648,2.58906998427,1.6250107464,2.36953055248,1.73040218385,2.08127227604,1.9742457279,0.260141445308,3.98379269769,0,0.748261666421,0.940403172492,0.514802909469,0.732400604887,0.461038148205,1.92399910221,1.16811523869
moderate__elbow_45@@latissimus_dorsi@@0.00,0,0,0,45,0,0,0,Latissimus dorsi,LAT1;LAT2;LAT3,0,1,usable,Converged with independently replayed constrained generalized-force equilibrium and small reserve torques,462.180531,0.0349852094643,0.000546000135722,2.06194707392e-13,6.69836782107e-06,0,0,0.0282190653953,0.0100186311348,0.0101024904985,0.0100463931337,0.0385802645236,0.0100170852359,0.0166778266067,0.0101915236517,0.0334720957853,0.0992094083119,0.0278595882573,0.00137804177039,0.00137804177039,0.00137804177039,0.0178310456738,0.0100386962447,0.0100258475515,0.0100264581666,0.0101838730366,0.0101021223158,0.024043717493,0.0599212219809,0.0643943579735,0.0532218033316,0.0384811513127,0.0366763365827,0.0335832002985,0.0100204071209,0.0100390016763,0.0100473954867,0.036682904242,0.0103384919908,0.0100915572582,0.010053946129,0.0100288847287,0.0100416675565,0.0100420337904,0.0100504892114,0.0100422186355,0.0100400709538,0.0103886364921,0.0259161101313,0.0101866327417,0.0111031983327,0.0122093481221,0.0106831742956,0.0102992917435,0.0101126235542,0.0100410557912,0.0100560123105,23.558153602,10.9609088288,1.993115946,4.92707727082,41.4083413201,13.0099401475,4.25245382855,1.3364255487,14.2531539545,56.6758014957,3.66630602669,0,0,0,3.22856747701,6.39964404551,6.62491745567,6.44828108639,0.0302036686308,3.65412006585,7.88222105292,18.0146959132,75.7952689718,14.6743111667,12.9791405995,9.24061256204,6.28459252184,4.08626677442,4.60163053847,1.01455383386,19.7542563433,2.93055547916,0.743983179746,1.70303544745,2.59531986475,1.63063772771,2.37782137989,1.73764251081,2.08857962645,1.98082187255,0.282468192438,2.76327816515,0,0.541185877889,0.749293879167,0.449720550734,0.74485980157,0.46516358091,1.93053427961,1.1734740089
moderate__forward_75@@middle_deltoid@@0.00,90,75,0,0,0,0,0,Middle deltoid,DELT2,0,1,usable,Converged with independently replayed constrained generalized-force equilibrium and small reserve torques,507.737722,0.777052945524,0.000546005641673,1.58125735854e-12,2.18409750434e-05,21,0,0.370373416453,0.000673972526196,0.0100179336277,0.17899019043,0.382153192732,0.152877548631,0.0109498432093,0.0100035187251,0.010001453164,0.0100005869654,0.0100007604572,0.0100027195253,0.0100024420399,0.0100028102453,0.0100027748241,0.270208630636,0.480049123079,0.349140940637,0.0100452380174,0.0307528609233,0.0100124266951,0.0100018899007,0.010000699655,0.0100025654447,0.0408335297917,0.020696343758,0.0100478797399,0.0100023765931,0.0100009900443,0.0100098118886,0.0100025711555,0.0100167867638,0.0100091955927,0.0100052307091,0.0100078834156,0.010013302827,0.0100066059827,0.0100093900972,0.0100094731901,0.0100143967385,0.012859790335,0.0601821257862,0.0100452380174,0.0312883208982,0.0198416192095,0.0106943418667,0.0185633569196,0.0155477509088,0.0100294090553,0.032193361574,397.5847529,0,1.86291154283,80.8663612997,410.634433444,199.456624029,2.80927863863,1.43907563706,4.12755853971,6.08612580582,4.14788248404,2.67480833564,2.90571778297,1.83577254403,1.88539959146,134.718175541,209.993282234,111.079719589,0,11.1238651314,2.71863701954,1.58990264474,11.4984601822,2.32053237596,12.5759297083,4.91609965403,1.9382177307,3.90499493304,4.79267187919,0.994637860431,3.79974441163,2.83936471203,0.75357094547,1.71284109698,2.58988505057,1.62603166026,2.36943254151,1.73053683004,2.081769232,1.975756565,0.427525610743,6.5716125924,0,1.5265733784,1.40447102078,0.450190662535,1.34252904925,0.715170247276,1.92829503077,3.75676479896
moderate__rotation_side_external_40@@pectoralis_major@@0.00,0,15,40,90,0,0,0,Pectoralis major,PECM1;PECM2;PECM3,0,1,usable,Converged with independently replayed constrained generalized-force equilibrium and small reserve torques,431.07927,0.0226651661664,1.97683540648e-08,3.19744231092e-13,6.97120173874e-06,0,0,0.0625259814744,0.0167044582367,0.0100876506573,0.0119429213948,0.0579593823695,0.0100363042877,0.0102213473386,0.0100765355838,0.00131990375336,0.00131990375336,0.00131990375336,0.0100615838316,0.0100859738801,0.0100840427506,0.0105318131208,0.0100623682547,0.0100515270619,0.0100522848995,0.0101167065719,0.0100971207957,0.0279787587924,0.028201357363,0.0427273816862,0.0363702103741,0.0457010775761,0.0440849754146,0.0326120906932,0.0100159503833,0.0100245193297,0.0100386640982,0.0248585726326,0.0102938801279,0.0100741906484,0.0100397901163,0.0100231959789,0.0100341207007,0.0100327014824,0.0100401677166,0.0100338577985,0.010032951989,0.0104111824819,0.0301134916384,0.0101714655818,0.0128988611521,0.0128084263024,0.011093914646,0.0103770199856,0.0101063041376,0.0100345048684,0.0100512973897,49.4025942213,17.8525392482,1.99476455563,5.95985750558,48.0394317281,12.2648872873,2.74807927364,1.29812212451,0,0,0,1.99922536655,1.09569037708,1.59281044386,2.0090718103,3.74073880679,7.10923299761,6.96295777691,2.65732754193,3.6523109257,14.6513227166,8.79835246715,46.8821153391,9.07888325883,14.3603875271,11.1092065439,5.46321121943,3.82168754225,3.95289230846,0.939948990892,13.4472172617,2.91790977229,0.654839929691,1.60604683765,2.59384770451,1.62941221534,2.37561161224,1.73585801378,2.08684074041,1.97941736044,0.264539003407,3.02111066502,0,0.624647553962,0.710025087988,0.467011139814,0.750481221519,0.464872898436,1.92927477261,1.17292380701
moderate__side_60@@infraspinatus@@0.00,0,60,0,0,0,0,0,Infraspinatus,INFSP,0,1,usable,Converged with independently replayed constrained generalized-force equilibrium and small reserve torques,575.123432,0.867090186544,0.000546009783737,2.09104116627e-12,2.00053283352e-05,25,0,0.289125059696,0.494861454305,0.0100100505563,0.159494656158,0.000673969280971,0.0942836300706,0.0100071039081,0.010004290946,0.0212771695056,0.0100015933524,0.0100012411603,0.0100030392032,0.0100032459803,0.010002973185,0.0100035223456,0.426019290409,0.439648401465,0.319757408839,0.0100452375908,0.0509407753299,0.0100054941346,0.01000716451,0.0100007637576,0.0100028041284,0.0444872247652,0.0532106287658,0.0611268198073,0.0100014580348,0.0100009585087,0.0100051274959,0.0100024446574,0.010011870659,0.0100071950099,0.010003748553,0.0100035427958,0.0100056268593,0.0100042406923,0.0100056790299,0.010004996427,0.0100056079244,0.0209305385158,0.0909033421558,0.0100452375908,0.039829775406,0.0383521521037,0.0184483037384,0.0212368190501,0.0100694148518,0.0100073837199,0.0100294069837,209.818922779,426.949212453,1.87944264539,74.286336099,0,116.431516057,2.69441868705,1.37885209403,9.44423321909,6.50596532422,4.61078502915,2.5020643344,2.15249519009,1.73388329898,2.07120187321,311.409128036,192.320340609,101.731304411,0,18.4261983258,1.9060159338,0.530197237327,11.4985338853,2.32058774911,13.7011964046,12.639370351,11.7912523874,3.90463632176,4.79265676669,0.994172389716,3.79969635804,2.83797118985,0.753420325867,1.71258735992,2.58876176545,1.62478518179,2.36887247188,1.72989521865,2.08083815526,1.97402260563,0.695838814543,9.92622876308,0,1.94331536679,2.71472230391,0.776602635875,1.53587773007,0.463176053676,1.92406035008,1.17036933296
moderate__scaption_30@@brachialis@@0.00,45,30,0,0,0,0,0,Brachialis,BRA,0,1,usable,Converged with independently replayed constrained generalized-force equilibrium and small reserve torques,617.686854,0.535471860106,0.000546006302819,4.56203279369e-13,1.6338793801e-05,23,0,0.1989821168,0.282591504519,0.0100213616966,0.0968263400362,0.094823290694,0.06202746331,0.0100178129725,0.0100086756642,0.0100092898713,0.0100020765158,0.0100033089492,0.0100066919026,0.0100079367834,0.0100062966618,0.0100081888087,0.425325887848,0.359076193994,0.261157252078,0.0100452378531,0.0369369694552,0.0100060800438,0.0100034423548,0.000673812277367,0.0100033833607,0.0389600938104,0.0392000536824,0.036084552414,0.0100019777886,0.0100011797614,0.0100069027593,0.0100030541544,0.0100148969072,0.0100089691168,0.010004833732,0.0100048897675,0.0100077402338,0.0100055228883,0.0100074177704,0.0100066930714,0.0100077895099,0.0152938287323,0.0674046645297,0.0100452378531,0.030709500449,0.0271746783871,0.0136082907563,0.0170130546146,0.0100967801929,0.0100105540838,0.0100675104913,222.696869786,293.457444685,2.01450482874,48.2409131391,101.980198997,79.8787039857,2.60308916468,1.37754663102,4.2836018371,5.96068994864,2.37310462168,2.50044005216,2.04012737791,1.70512842985,1.90212926312,299.817216387,157.07473449,83.0875756856,0,13.3607688601,2.5284180095,1.83792979587,0,2.32072212733,11.9989480164,9.31137270587,6.96064454428,3.90483923739,4.7927627955,0.994348791066,3.79992789171,2.83882901209,0.753553894579,1.71277313667,2.58911034084,1.62512836664,2.36917607901,1.73019583182,2.08119102318,1.97445301416,0.508445573223,7.36028075485,0,1.49833242896,1.92353496391,0.572856703879,1.23040892546,0.464434813085,1.92466989728,1.17481577498
moderate__scaption_75@@teres_major@@0.00,45,75,0,0,0,0,0,Teres major,TMAJ,0,1,usable,Converged with independently replayed constrained generalized-force equilibrium and small reserve torques,617.454652,0.735589290177,0.000546010940974,1.61293201018e-12,1.98665459929e-05,23,0,0.196371759288,0.379882351426,0.0157007393011,0.161259785154,0.228740660332,0.0841471490682,0.0100335014814,0.000673786795838,0.010008202158,0.0100011540707,0.0100011331774,0.0100043072393,0.0100038377959,0.0100038559529,0.0100034441882,0.394190406512,0.436580998307,0.317526570561,0.010045237738,0.049559933049,0.0100040656087,0.0100043732421,0.0100007691009,0.010002821907,0.051700542918,0.0455241160842,0.0327741877581,0.0100017547911,0.0100009714957,0.010006294445,0.0100024749887,0.0100121133421,0.0100078693896,0.0100042052998,0.0100044602466,0.0100071856838,0.0100048579847,0.0100066278192,0.0100060459683,0.0100072946396,0.0169739250853,0.0763016300714,0.010045237738,0.0358063976853,0.0297684008922,0.015322542349,0.0207373331505,0.0102800591973,0.0100105667662,0.0109114145189,238.128163696,307.343038268,3.16241114131,73.9003099362,243.025056303,106.535593922,2.67814092813,0,4.29746196394,6.32245918041,4.52838067879,2.65012892019,2.84934580359,1.80860138241,2.05797106281,207.011460122,190.978531981,101.021559833,0,17.9267227375,3.50055948368,0.927629231812,11.4985400288,2.32059187364,15.9227575222,10.8135569237,6.32208122175,3.90475217748,4.79266299035,0.994288345117,3.79970788023,2.83803998096,0.75347109847,1.71266555248,2.5889991875,1.62503831484,2.36901863859,1.7300592561,2.08105643874,1.9743553804,0.564300622281,8.33178865731,0,1.7470126844,2.10712925924,0.645020102952,1.4997541813,0.472865337323,1.92467233553,1.27329411927
moderate__side_75@@pectoralis_major@@0.00,0,75,0,0,0,0,0,Pectoralis major,PECM1;PECM2;PECM3,0,1,usable,Converged with independently replayed constrained generalized-force equilibrium and small reserve torques,459.530125,1.18397537283,0.00054600081073,1.39266376209e-12,2.10125907866e-05,22,0,0.268504735441,0.733647192353,0.0372867639212,0.114455266091,0.0157590884468,0.128828154254,0.0100034427653,0.0100030526949,0.00067396331447,0.00067396331447,0.00067396331447,0.0100022604492,0.0100019586154,0.0100017807935,0.0100015665106,0.433023091714,0.461816248007,0.335880111627,0.0100452377538,0.0540211333221,0.0100026737155,0.0100116716718,0.0100007272184,0.010002677378,0.0468474831274,0.0555182586946,0.0633220756934,0.0100013971437,0.0100009137939,0.0100049377154,0.010002326653,0.0100113628431,0.0100069228954,0.010003595624,0.0100034079011,0.0100054261013,0.0100040733613,0.0100054658493,0.0100048089999,0.0100054102149,0.0218352846414,0.0949453473892,0.0100452377538,0.041666833249,0.0399957613142,0.0192442249217,0.0222779207405,0.0100731742625,0.0100071599308,0.0100298908998,214.759803735,450.00028828,7.00366027421,52.3106856175,16.9436348874,157.916570288,2.69339633837,1.40514606597,0,0,0,2.56231969088,2.54230880946,1.76738992845,1.80824331022,299.43565111,202.01747079,106.860766722,0,19.5404194367,1.79118839761,0.156941509255,11.4984918735,2.32055834374,14.4281098834,13.1875125158,12.214713256,3.90461254925,4.79263533847,0.99415353192,3.7996515307,2.83782724403,0.753399838944,1.7125611793,2.58872685681,1.62475258127,2.3688328501,1.72985836157,2.08079917417,1.97398359919,0.725917231896,10.3675972283,0,2.03294637022,2.83106369137,0.810107856588,1.61117172279,0.463348980211,1.92401732342,1.17042580294
moderate__side_30_elbow_90@@brachioradialis@@0.00,0,30,0,90,0,0,0,Brachioradialis,BRD,0,1,usable,Converged with independently replayed constrained generalized-force equilibrium and small reserve torques,409.778469,0.0566641247833,1.61006381833e-08,3.8369307731e-13,9.23729206538e-06,15,0,0.0563659804968,0.158086301012,0.0100302214513,0.0612928611323,0.0765267806099,0.0100309135701,0.0100292746056,0.0100125474757,0.0100125188541,0.0100040113748,0.0100046585345,0.0100102076763,0.0100134858477,0.0100100299553,0.0100125429338,0.0100065218401,0.0100130314142,0.0100132261418,0.0100301514988,0.0100179373757,0.0451700120832,0.010009707603,0.0445624458031,0.000674276499449,0.049404885109,0.054223931497,0.0478245759361,0.0100031022789,0.0100054433318,0.0100079342449,0.0360789346028,0.0102571322126,0.0100164190382,0.0100083538547,0.0100047495795,0.0100070687175,0.0100069472053,0.0100085583204,0.0100070947573,0.0100067912959,0.0102578199511,0.0407178768459,0.0100452367304,0.0161584695061,0.0169603581151,0.0125447726788,0.0101319663336,0.0100233197561,0.0100069952015,0.0100102140063,40.1713365007,162.682588642,1.91898682535,30.1512263614,82.2675050878,12.6720602539,2.61357671185,1.33756599472,4.41988932575,6.2041276132,3.62876327132,2.30249280203,1.53826652797,1.67072743736,2.00204372375,4.07468652606,7.08200583829,6.93590278561,2.63459235853,3.62366885279,23.7176111667,3.17107536141,48.895617786,0,15.5242137282,13.6641758095,8.01162250785,3.81678521758,3.94537021532,0.937071666349,19.5168596098,2.90749318496,0.651084674435,1.60101803645,2.58907406236,1.62501932102,2.36951333852,1.73039302304,2.08127456577,1.97425607489,0.26064219619,4.08498667222,0,0.782499193822,0.94018417867,0.528086683048,0.732758583952,0.461055757229,1.923985652,1.16812963203
moderate__forearm_pronation_45@@supraspinatus@@0.00,0,0,0,90,-45,0,0,Supraspinatus,SUPSP,0,1,usable,Converged with independently replayed constrained generalized-force equilibrium and small reserve torques,575.331975,0.0266908356802,0.000546006362534,1.7763568394e-13,1.39139912945e-06,2,0,0.0278441561741,0.0100044094896,0.0100248176742,0.000673968105778,0.0419304912402,0.0100039495982,0.017181912928,0.0100456906836,0.0329859963934,0.0991685832672,0.0280107257453,0.0100231106979,0.0100265374113,0.0100428981077,0.0177393874765,0.0100429903703,0.0100125847796,0.0100127754732,0.010029658796,0.0100558257995,0.030001005018,0.0544443668722,0.0467795300156,0.0321149204821,0.0300537105306,0.0101567788151,0.0100227458922,0.0134034853312,0.0100214707462,0.0100613585234,0.0119582861662,0.0100418352451,0.0100472392099,0.0100487789281,0.0100419255676,0.0100462135241,0.010033276961,0.0100377188166,0.0100398978757,0.010048468022,0.0100431451025,0.0100399330673,0.010045237786,0.0100484947367,0.0100391239479,0.0100475767502,0.01005452571,0.0100577088681,0.0100572741368,0.0100942799733,23.2451677212,10.9453496017,1.97779190835,0,45.004152108,12.9928799092,4.38098399369,1.31730231345,14.0461621512,56.6524791921,3.68619563548,2.21300895651,1.34189530111,1.62545076659,3.2119714412,4.54553942797,7.08168994304,6.93559061904,2.63446294162,3.62779765574,15.4855580383,15.9838787458,51.3282872752,8.24212521031,9.60096661284,2.56404197002,1.66186915304,5.23479783432,4.19283564911,0.966699167996,6.65470193566,2.68820704484,0.682432114274,1.63505638747,2.59840242779,1.61636774444,2.37486941592,1.73535609778,2.11119284224,1.98119225811,0.255366747074,1.00465407649,0,0.48709275385,0.562642159695,0.426294661683,0.766710502306,0.462637598222,1.93365248487,1.17793960681
moderate__rotation_side_internal_20@@supraspinatus@@0.00,0,15,-20,90,0,0,0,Supraspinatus,SUPSP,0,1,usable,Converged with independently replayed constrained generalized-force equilibrium and small reserve torques,514.318745,0.0425546705412,1.88924396127e-08,4.35150100618e-13,7.34421801728e-06,13,0,0.0646030752003,0.137321671448,0.0100211083607,0.000673961626116,0.0609187621413,0.0100288119356,0.010030374491,0.0100131336628,0.010012856728,0.0100045554971,0.010006791244,0.0100114250044,0.010014783371,0.010011443579,0.0100173152235,0.0100057879286,0.0100156109038,0.0100158252197,0.0100326802271,0.0100174195014,0.0452646674867,0.0100104399221,0.0342417064004,0.0324544436017,0.0462298313866,0.0461022547626,0.033632060507,0.0100039513538,0.0100058943353,0.0100096237444,0.0339192869263,0.0103214422562,0.0100185145177,0.0100098603856,0.0100058887509,0.010008705691,0.0100082704832,0.0100101926199,0.010008617644,0.0100084013047,0.0101269116054,0.0318820268428,0.010045237781,0.0132886069837,0.0128676787457,0.0106792611184,0.0101076771788,0.0100275084407,0.0100086449815,0.0100130217408,46.3366849477,146.155088734,1.92607614543,0,64.8800288907,13.0992670934,2.49992160304,1.33655371336,4.40887807406,6.10194518951,2.65235916942,2.33799685041,1.53471731075,1.65647175473,1.92448909904,4.4509400844,7.0838302568,6.9377030996,2.63525657261,3.62348152841,23.7679177651,3.15588482577,37.5713082695,8.10141326277,14.5265348051,11.6175514556,5.63407761976,3.81710919078,3.94554805612,0.937229859057,18.3486005977,2.92572255062,0.651220884272,1.60125903344,2.58936886227,1.62528514448,2.36982667331,1.73067557926,2.08159129561,1.97457371615,0.257315930099,3.1985374687,0,0.643521606288,0.713309700837,0.449555821042,0.73100195684,0.461248429637,1.92430284541,1.16845727715
moderate__scaption_60@@anterior_deltoid@@0.00,45,60,0,0,0,0,0,Anterior deltoid,DELT1,0,1,usable,Converged with independently replayed constrained generalized-force equilibrium and small reserve torques,564.874712,1.35411433533,0.000546004862416,3.16902060149e-12,3.116008886e-05,23,0,0.000673973720629,0.464887259907,0.0100012090527,0.0100031966901,0.260932353226,0.0100013983028,0.0100185566815,0.0100017323388,0.552823027325,0.0633853218508,0.0100013670698,0.0100010212115,0.0100008543852,0.0100010507225,0.0838202189108,0.0953685762106,0.684787686522,0.498047453764,0.0100452377954,0.0311926092982,0.0548941771638,0.0100043237794,0.0100004898144,0.0100018226171,0.0454989517738,0.0337644699269,0.0295562206335,0.0100014414713,0.0100007012555,0.0100059893851,0.0100019314636,0.0100166366578,0.010006468426,0.0100035084195,0.01000454335,0.0100076712916,0.0100043604418,0.010006154578,0.0100059079041,0.0100080001104,0.0221709595431,0.100041900815,0.0100452377954,0.0483223118107,0.036551190362,0.0171889199028,0.0259863976282,0.0166826248638,0.0100126852043,0.0295173677615,0,448.736234232,2.01434143958,4.72299809739,280.036471157,12.738239513,2.63759541082,1.43397116704,237.179661387,39.2047141979,4.23863839504,2.61205011016,2.73863992497,1.77264477992,16.75977404,55.4029735343,299.55437269,158.454552492,0,11.2829300596,17.4875362141,1.24086980291,11.4982189148,2.32036004461,14.012788566,8.02023298814,5.70134121498,3.90462985538,4.79253348596,0.994258032448,3.79950140753,2.83932216288,0.753365622917,1.71254625036,2.58902069338,1.62511717131,2.36890082699,1.72997743681,2.08102772418,1.97449456387,0.737076792993,10.9241175278,0,2.35767061559,2.58724286026,0.723587419969,1.87937418084,0.767372529892,1.92507963514,3.44449298685
moderate__side_45@@pectoralis_major@@0.00,0,45,0,0,0,0,0,Pectoralis major,PECM1;PECM2;PECM3,0,1,usable,Converged with independently replayed constrained generalized-force equilibrium and small reserve torques,515.552804,0.732451011017,0.000546004640407,7.74491581979e-13,1.97496823964e-05,24,0,0.317813262163,0.341855599211,0.0100053325774,0.117018367351,0.0558460999265,0.124158538791,0.0100076367471,0.0100051964105,0.000673880140849,0.000673880140849,0.000673880140849,0.0100038878191,0.0100046956917,0.0100042312329,0.0100092130075,0.413233181335,0.434029064154,0.315670524602,0.0100452389471,0.0458674499735,0.0100073797559,0.010006054802,0.0100007736026,0.0100028349631,0.0408915347282,0.0481937455601,0.0561204126943,0.0100015381096,0.0100009890568,0.010005457164,0.0100025370204,0.0100128137927,0.010007494623,0.0100039364375,0.0100038044672,0.0100060449255,0.0100044880009,0.0100060189812,0.0100053300669,0.010006038189,0.0199384026376,0.0867179460093,0.0100452389471,0.038245312395,0.0362342056673,0.017311748676,0.0202929876016,0.0100767944718,0.0100079835441,0.0100352075297,221.819917396,338.226563802,1.89122750425,55.8710046071,60.0414332784,154.920162431,2.6679462815,1.35570538299,0,0,0,2.4085801282,1.80163730327,1.70194834705,2.07999558367,312.724633044,189.862210726,100.431055982,0,16.5910849302,1.98041422453,0.955111172351,11.4985452046,2.32059490253,12.5937940975,11.4476865416,10.825525559,3.90466758363,4.79267140604,0.994205147611,3.7997314445,2.83823853113,0.753442883093,1.71261952471,2.58882948195,1.62485307036,2.3689310313,1.72995399329,2.08090754564,1.97410749322,0.662855112108,9.4692026667,0,1.86600859601,2.56480538612,0.728758038923,1.46761846318,0.463515503714,1.9241756748,1.17104622054
moderate__scaption_45_external_30@@triceps@@0.00,45,45,30,90,0,0,0,Triceps,TRIlong;TRIlat;TRImed,0,1,usable,Converged with independently replayed constrained generalized-force equilibrium and small reserve torques,552.197305,0.073362438118,1.77003685878e-08,5.0448534239e-13,1.08876906794e-05,19,0,0.0878807478337,0.12132796514,0.0101542704648,0.029443896058,0.177245450875,0.0100033937675,0.0286526552272,0.0100110603406,0.0100096651234,0.0100034229172,0.0100053513441,0.0100072267289,0.0100079716778,0.0100081046671,0.0100129754134,0.000673997533832,0.000673997533832,0.000673997533832,0.0100367565277,0.0101474293072,0.0299238249223,0.0100119033756,0.020600667998,0.013913299988,0.0440090745476,0.0683518731591,0.0573950664737,0.0100024928467,0.0100042302368,0.0100065964717,0.0100330499458,0.0100325711117,0.0100139619583,0.01000681365,0.0100039140759,0.01000586757,0.0100057942647,0.0100071906403,0.0100058874387,0.0100056442054,0.0105309317847,0.0468744544204,0.0100452377601,0.0184953787245,0.0202362102785,0.0147747932431,0.0103064462669,0.010021537223,0.0100060803129,0.0100090031026,106.93379419,122.140148445,2.04526315881,14.224266517,180.076437532,12.2100793788,7.71813151769,1.39009667921,4.2054142188,5.93078752831,2.65855379323,2.52675890747,2.26049724145,1.72304648225,1.94011847725,0,0,0,2.63632728331,3.6705084228,15.2584410741,3.16726066933,22.6038398571,3.47309583965,13.8287191187,17.2243506874,9.61488099818,3.81655268258,3.94489186483,0.936946406803,5.4273672271,2.84383895326,0.650924959981,1.60077165273,2.588857847,1.6248242701,2.36924033737,1.73015656299,2.08102346777,1.97402976356,0.26758172803,4.70264012784,0,0.895667682875,1.12177847963,0.621961972226,0.745377227218,0.460973763723,1.92380975178,1.1679883271
moderate__elbow_90@@brachialis@@0.00,0,0,0,90,0,0,0,Brachialis,BRA,0,1,usable,Converged with independently replayed constrained generalized-force equilibrium and small reserve torques,697.22585,0.0344002128706,0.000546005227179,1.02441805557e-13,5.41051319758e-06,6,0,0.0291772256471,0.0100042526698,0.0100242550416,0.0100107520676,0.0425490553609,0.0100038380246,0.0176708733537,0.0100459845789,0.0345924149034,0.103550091805,0.0291596874479,0.0100227850778,0.0100261870187,0.0100430390531,0.018480908513,0.0100223595819,0.0100086914164,0.0100088391068,0.0100244379,0.0100183623063,0.0291006712086,0.0571142716208,0.000673925130672,0.0647010480462,0.0485228987837,0.0303173204717,0.0263999745126,0.0100057935236,0.0100106159483,0.0100132120079,0.0450342886518,0.0102210473467,0.0100247034245,0.0100142729802,0.0100077020901,0.0100110951185,0.0100108281205,0.0100130522646,0.0100111039184,0.010010699502,0.0100902408998,0.0240670702408,0.0100452376944,0.0105102943373,0.0105003385719,0.0101565859595,0.0100726040127,0.0100294410269,0.0100108075165,0.0100152118001,24.3580555844,10.9451780326,1.97768090679,4.90959773539,45.6680592785,12.9927350004,4.50565741078,1.31734085227,14.7302104549,59.1555231316,3.83739834417,2.21293706272,1.34184840665,1.62547357872,3.34623449821,4.53620176493,7.07893624938,6.93286399982,2.63309158317,3.62382255785,15.280738889,17.3544877366,0,16.1509448502,15.2470722232,7.63982222536,4.42255108111,3.81781208937,3.94740989411,0.937565838484,24.3612484385,2.89726454605,0.651623173994,1.60196490812,2.58983812633,1.62567315679,2.37043228815,1.73116998705,2.08210839071,1.97502713121,0.256384159669,2.41450853503,0,0.508977464892,0.582078051002,0.427553207044,0.728465414322,0.461337325332,1.92471862323,1.16871284344
moderate__scaption_45@@supraspinatus@@0.00,45,45,0,0,0,0,0,Supraspinatus,SUPSP,0,1,usable,Converged with independently replayed constrained generalized-force equilibrium and small reserve torques,460.437416,0.601957292626,0.00054600497057,1.23865828876e-12,1.7497509936e-05,24,0,0.180489622851,0.354079985699,0.0100549313482,0.000674216480394,0.146154888686,0.0774637086415,0.0100201187914,0.010007570876,0.010006923759,0.010001530212,0.0100018401946,0.0100054951866,0.0100058118121,0.0100051596473,0.0100053399811,0.415650787557,0.384574053896,0.279701534332,0.010045236834,0.0430662334614,0.0100053967376,0.0100033529106,0.0100008724162,0.0100031774424,0.0445750447751,0.0424479822842,0.0351996424292,0.0100018824386,0.0100010945783,0.0100066118928,0.0100028007256,0.0100134015851,0.0100085083288,0.0100045623003,0.0100046707908,0.0100074395893,0.0100052217263,0.0100070525439,0.0100063790862,0.0100075074206,0.0159122891071,0.0707083152771,0.010045236834,0.032570158944,0.0282105568454,0.0143353203453,0.0184623625866,0.0101243719623,0.0100104323698,0.0100994336923,218.706117129,357.15515757,2.02468494637,0,157.171963167,99.2287289925,2.62290143319,1.40815773755,4.28918132574,6.0682460366,3.30984318465,2.56793056105,2.44099681702,1.73898188473,1.94783579513,266.693496557,168.228549863,88.9874671965,0,15.5778343334,2.86015017844,1.54872070998,11.4986588171,2.32067435557,13.7282432541,10.0828684275,6.78994701735,3.90480201197,4.79272197402,0.994319888729,3.79983161997,2.83840514712,0.753519202839,1.71272666903,2.58905367307,1.62507954584,2.36910476782,1.73013268732,2.08112572057,1.9743973603,0.529006378881,7.72102429072,0,1.58911492042,1.99685868119,0.603461853436,1.33522499191,0.465703987813,1.924646496,1.17854101372
moderate__rotation_side_internal_40@@infraspinatus@@0.00,0,15,-40,90,0,0,0,Infraspinatus,INFSP,0,1,usable,Converged with independently replayed constrained generalized-force equilibrium and small reserve torques,450.41482,0.123606077508,7.61299832565e-08,2.5253941893e-13,2.68108499462e-05,23,0,0.105171419594,0.111121592162,0.0100043898349,0.196860621096,0.000673897424639,0.0100003806464,0.182493209029,0.0100026460792,0.0100029023896,0.0100016896829,0.0100025081292,0.0100017433341,0.0100023036609,0.0100024542763,0.0165259820304,0.0100014425873,0.0242300975298,0.0237315671922,0.0100877611389,0.0100056779604,0.0892761811506,0.010002333442,0.0100085008259,0.010022228058,0.0400414274371,0.0496217357704,0.0265264854841,0.0100038165766,0.01000420832,0.0100089860456,0.0870860869959,0.0387874792738,0.0100159966111,0.0100087162437,0.0100065673692,0.0100098902161,0.0100085248298,0.0100106822234,0.0100094714353,0.0100095521211,0.010140144233,0.0342006314423,0.010045237785,0.0154157466865,0.0119553860663,0.011073920626,0.0101022491816,0.0100307027802,0.0100086970483,0.0100146205252,67.0086504698,118.512900814,1.90359993278,95.49744841,0,12.9988237829,42.7891571583,1.34850040405,4.43802980917,6.19653047107,3.13068738611,2.42392406544,1.68460482857,1.66962378598,3.18662927259,4.4429540668,17.1374367136,16.4382428468,2.64972452471,3.6192344009,46.8712682993,3.16628951726,10.9817094227,2.5017902725,12.5819881211,12.5044441225,4.44374433425,3.81705776526,3.94488321576,0.937170149459,47.1091220545,10.9947234094,0.651057215657,1.60107600705,2.58954447817,1.62547749612,2.36988689923,1.73076022746,2.08176886703,1.97480076257,0.257652159671,3.43114952146,0,0.746531677971,0.662737470431,0.46616946839,0.730609395852,0.461395363851,1.92431285564,1.16864384534
moderate__forward_30@@anterior_deltoid@@0.00,90,30,0,0,0,0,0,Anterior deltoid,DELT1,0,1,usable,Converged with independently replayed constrained generalized-force equilibrium and small reserve torques,568.050076,1.20290659903,0.000546006405109,6.54819232268e-13,2.76780903496e-05,22,0,0.000673953684466,0.373373364339,0.0100012337473,0.0100011686068,0.253337400794,0.0100003497542,0.0450106931703,0.0100016985566,0.666979580263,0.0100252687589,0.0100022500671,0.0100009410547,0.0100009305995,0.0100008128477,0.0903977413365,0.194292296031,0.566799819216,0.412234599115,0.010045237872,0.0287117794564,0.0100033070775,0.0100029695221,0.0100005924794,0.0100021869575,0.0312365767602,0.01910479762,0.0180376876616,0.0100018803709,0.0100008773579,0.01000797959,0.0100022807017,0.0100175204389,0.0100080552114,0.0100044938254,0.0100063118396,0.0100105762808,0.0100057274828,0.0100080762235,0.0100079216324,0.0100111827467,0.0168719456279,0.0765560022945,0.010045237872,0.0375160006578,0.027376323398,0.0124659489634,0.0203095433633,0.0148714891931,0.0100191974529,0.0286176375997,0,402.023560269,2.01445870339,4.71081339688,272.453228811,13.0635128278,11.4853630793,1.37184703482,274.122685464,5.19462713501,1.22386805076,2.52551403144,2.20425747295,1.71673118367,14.460951267,142.11004549,247.941614069,131.153062692,0,10.3855691069,2.20722196685,2.38793234354,11.4983369555,2.32044456929,9.62025560118,4.53805223155,3.47943715007,3.90480120468,4.79261787771,0.994455791726,3.799634075,2.83957268003,0.753485088595,1.71271494649,2.58947835107,1.62558890421,2.3692245243,1.73030967266,2.08144653917,1.97512247134,0.560910300298,8.35956493943,0,1.8304250987,1.93780822324,0.524768507779,1.46881579996,0.684063352053,1.92633170654,3.33950008038
moderate__scaption_15@@biceps@@0.00,45,15,0,0,0,0,0,Biceps,BIClong;BICshort,0,1,usable,Converged with independently replayed constrained generalized-force equilibrium and small reserve torques,508.24128,0.510500771885,0.000546005565353,1.18546699339e-12,1.59675046503e-05,19,0,0.215144138992,0.237368140433,0.0100129187263,0.0714780850849,0.0510693127347,0.0527016605868,0.0100153245648,0.0100093350067,0.0100165535106,0.0100029730901,0.0100063545144,0.0100080056211,0.0100102246826,0.0100073466695,0.010013890121,0.441309252087,0.35090550397,0.25521470384,0.0100452381959,0.0375152403428,0.000673847358498,0.000673847358498,0.0100009552833,0.0100034579216,0.032786798535,0.0342665930117,0.0363975388174,0.0100020535094,0.0100012422838,0.0100072320607,0.0100030899383,0.0100147417486,0.010009357957,0.0100050709539,0.0100051607905,0.0100081248775,0.0100058451837,0.0100078223751,0.0100070511167,0.010008173675,0.0147459561374,0.0646533729999,0.0100452381959,0.0292056001906,0.0263194464055,0.0127505937051,0.0159551235158,0.0100887059981,0.0100110960062,0.0100636521146,210.468358137,253.255698519,1.99823550771,35.6793760147,54.9108017896,68.1886494398,2.57960724412,1.34595113964,4.27687138127,5.84932665359,1.67418510156,2.37495568557,1.66181272045,1.6683281437,1.85969616907,334.7863724,153.500537736,81.1969449528,0,13.5699398825,0,0,11.4987540949,2.32073942498,10.0976936321,8.13950464027,7.02101905237,3.90486879906,4.79279275737,0.994381512504,3.79994148519,2.83878503073,0.753583169531,1.71281374776,2.58918047741,1.62519082782,2.36925239431,1.73026578447,2.08126548941,1.97452880672,0.490231468729,7.05985231656,0,1.4249563566,1.86299814387,0.536750956668,1.1538978051,0.464063413781,1.92477408939,1.17436552645
moderate__forearm_supination_45@@subscapularis@@0.00,0,0,0,90,45,0,0,Subscapularis,SUBSC,0,1,usable,Converged with independently replayed constrained generalized-force equilibrium and small reserve torques,617.093612,0.040023841136,0.000546101768448,2.59108863605e-13,1.17556746509e-05,13,0,0.0299571619023,0.0100044056592,0.0100236407442,0.0100107326221,0.03077207422,0.000673944180319,0.015117467575,0.0100486796943,0.0357388815644,0.10277538059,0.0281419810786,0.0100245266268,0.0100275108605,0.0100454019522,0.018025326727,0.010030044447,0.0100108792133,0.0100110528192,0.0100275953065,0.0100452371617,0.0100393202623,0.0394319979387,0.0569172043394,0.0307113565209,0.0477131569448,0.0642045289241,0.0607063470779,0.0100023032767,0.0100043541802,0.0100061593519,0.0455303978603,0.0115788877043,0.0100133284224,0.0100065519216,0.0100037291302,0.0100056064423,0.010005634265,0.0100069511668,0.0100057191901,0.0100053993991,0.011504168613,0.0527711868844,0.0100452371617,0.0204977620027,0.021743485018,0.0155313259145,0.0101599850473,0.0100196100445,0.0100055959057,0.0100080256239,25.0091706167,10.9453454095,1.97755971214,4.90958820132,33.0277816438,0,3.85459894669,1.31769426571,15.2184011556,58.7129504342,3.70346877811,2.21332158028,1.34202558199,1.62585601575,3.26374486024,4.53967999624,7.08048363196,6.93439738119,2.63392093046,0,5.02339164949,12.4563657153,62.4517307949,7.71141695178,15.0431275805,15.9744952596,9.70796935784,3.82361141717,4.14659853153,0.941502340051,23.0171331388,2.96447841049,0.6661406482,1.60400620524,2.58766754902,1.62582658855,2.36919733329,1.7300118377,2.06513236863,1.97391697384,0.289867957632,5.24422350247,0,0.988698654739,1.18021752895,0.64924988357,0.690695103467,0.46088511677,1.92371661745,1.16787426143
moderate__scaption_30_elbow_90@@teres_major@@0.00,45,30,0,90,0,0,0,Teres major,TMAJ,0,1,usable,Converged with independently replayed constrained generalized-force equilibrium and small reserve torques,448.815187,0.0561231932575,4.09175910931e-08,6.99008635364e-14,8.31968585118e-06,17,0,0.106096396441,0.129524615999,0.0100304339734,0.0457708867369,0.102345132668,0.0100104634188,0.0100876605813,0.000673999855526,0.0100123310516,0.0100036813824,0.0100059480146,0.0100095475977,0.0100111369569,0.0100097649849,0.0100147806124,0.010009175665,0.010017184295,0.0100174075223,0.0100339990998,0.0100212143238,0.0399178491061,0.0100093373796,0.0294681106153,0.027107533626,0.045309587222,0.0519383888365,0.0402399963819,0.0100034056097,0.0100053313307,0.0100085472711,0.025703131674,0.0101195950945,0.0100169897519,0.0100087902807,0.0100051910324,0.0100077123021,0.0100074284536,0.0100091742409,0.0100076731786,0.0100074322855,0.0101662525875,0.0360951172262,0.0100452377863,0.0147310334167,0.014867454292,0.0115741289618,0.0101294628551,0.0100255233245,0.0100077424399,0.0100115795234,118.740999228,134.504973523,2.0163285475,22.8040156272,110.069761548,12.8914323025,2.62123879027,0,4.28490334872,5.96164636163,2.37373069412,2.50115362402,2.04077973607,1.70571945132,1.90338208365,3.12207680698,7.08494308314,6.93879911961,2.63560299724,3.62485418382,20.7669100259,3.1427196044,32.3335366267,6.76669534494,14.2373717588,13.0882298042,6.74104588397,3.81690095661,3.94532605066,0.937129065769,13.9040805373,2.86850682644,0.651121771852,1.60108785072,2.58918830354,1.62512383088,2.36962729178,1.73049951035,2.08139486578,1.97438253678,0.258315549911,3.62121221012,0,0.713373365484,0.824165693226,0.487226315611,0.732577528691,0.46115711765,1.92412931906,1.16828897937
moderate__forward_75@@infraspinatus@@0.00,90,75,0,0,0,0,0,Infraspinatus,INFSP,0,1,usable,Converged with independently replayed constrained generalized-force equilibrium and small reserve torques,461.515005,1.32014805561,0.000546006137234,1.3073986338e-12,6.34760318211e-05,24,0,0.19885964054,0.31195763105,0.0320517731754,0.0100017401847,0.000674012354136,0.0100001199903,0.754439375801,0.0100009407911,0.0100002800752,0.0100001655992,0.0100002466379,0.010000589628,0.0100005283484,0.0100006691775,0.0100010577786,0.0777502928179,0.621520707389,0.452033300669,0.0100452378125,0.0318183384188,0.0100010531476,0.0100007576684,0.0100005400769,0.0100020022228,0.0398510923609,0.0148739132258,0.0100369141724,0.0100020280171,0.0100008053251,0.01000930422,0.0100020850038,0.0100164276452,0.010007996529,0.0100045443365,0.0100078793975,0.0100139198944,0.0100060089857,0.0100087487466,0.0100091229896,0.0100155981658,0.0154391290082,0.0727242070595,0.0100452378125,0.0380677059208,0.0234145938481,0.0113467751188,0.021945216005,0.0203064053965,0.0100433334677,0.0438532100801,213.469859124,316.324141853,5.96027288936,4.5187076066,0,13.0469790429,193.558061246,1.43870478336,4.12707441072,6.08586937209,4.1476693741,2.67423878384,2.90516185404,1.83537960313,1.88507594954,38.7640378894,271.878787081,143.815079929,0,11.5092675819,2.7155488013,1.58972266494,11.4982767048,2.320401712,12.2733581675,3.53307040721,1.93610249266,3.90485884677,4.79258335813,0.994587415288,3.79955973393,2.83926291606,0.753480670521,1.71272359373,2.58988401074,1.62613186408,2.36929118048,1.73042594607,2.08169639733,1.97599359654,0.513276102194,7.94115044361,0,1.85734308417,1.65738079007,0.477655593227,1.58711003125,0.934060305818,1.93097219505,5.11739650337
moderate__side_75@@anterior_deltoid@@0.00,0,75,0,0,0,0,0,Anterior deltoid,DELT1,0,1,usable,Converged with independently replayed constrained generalized-force equilibrium and small reserve torques,462.698628,1.4653246067,0.000546005721915,1.81898940355e-12,2.86068542383e-05,25,0,0.000674844533546,0.746055085936,0.0100028240567,0.244639789979,0.152619339401,0.261318792242,0.0100028401588,0.0100020198772,0.219919463712,0.0100012407687,0.0100007517941,0.0100014007805,0.010001260818,0.0100014031433,0.0100021997632,0.270168708436,0.62867325737,0.457235288699,0.0100452367148,0.0562197752856,0.0100036425942,0.0100122521971,0.0100005338935,0.0100019891818,0.0466278697237,0.0477584666013,0.056816691084,0.0100012672131,0.0100007313255,0.0100048732356,0.0100018553489,0.0100110261073,0.0100061554848,0.0100032336623,0.0100034805419,0.0100056737958,0.0100038446652,0.010005277171,0.0100047833139,0.0100057440414,0.0244994716023,0.108069516856,0.0100452367148,0.049199209818,0.0432664169558,0.0200238917429,0.0262549452651,0.0107296694043,0.0100081951107,0.0109081155219,0,457.61097006,1.87885389106,111.810278186,164.09111303,320.322585251,2.69323408842,1.4050009844,97.6180196219,6.56939013781,4.75572350871,2.56209946626,2.54213144383,1.76732319494,1.80835779911,186.821776131,275.007607391,145.470100305,0,20.335707938,1.79136189622,0.156950608802,11.4982695954,2.32039868657,14.3604732463,11.3442926872,10.9598363943,3.90456182373,4.79254789608,0.994147124817,3.79947249336,2.83773179271,0.753342062244,1.71249921342,2.58874565511,1.62479280367,2.36877869787,1.72982574074,2.080793832,1.97404946037,0.814488517031,11.8006964451,0,2.40045492345,3.06257408451,0.842928831221,1.89879593755,0.493546646461,1.92421635141,1.27290914686
moderate__forward_45_elbow_90@@biceps@@0.00,90,45,0,90,0,0,0,Biceps,BIClong;BICshort,0,1,usable,Converged with independently replayed constrained generalized-force equilibrium and small reserve torques,418.068377,0.0469550530763,1.63473717081e-08,3.09720587912e-13,5.94717979142e-06,11,0,0.151113525941,0.0634510738649,0.0100222589203,0.0100607790823,0.0699143503699,0.0100060188503,0.0102336063726,0.0100149820251,0.0100163842377,0.0100054611984,0.0100102757703,0.0100111291613,0.0100104549754,0.0100113456448,0.0100248266439,0.0100099548822,0.0100107783678,0.0100109508775,0.0100274636627,0.050720463283,0.000673830571346,0.000673830571346,0.0576174670148,0.0281712561341,0.0354812588251,0.0429860549637,0.0314910379735,0.0100043745558,0.0100075742784,0.0100109165379,0.0100069873038,0.010011908757,0.0100213041527,0.010011177094,0.0100058783617,0.0100085380809,0.0100085650314,0.0100104569922,0.0100085595355,0.0100082864511,0.0100851671738,0.023604311242,0.0100452383391,0.0103757055997,0.0115056612156,0.010224183993,0.0101269683515,0.0100284701984,0.0100100465389,0.0100142788795,180.935958776,67.193675746,2.01418578635,4.64364318111,75.1907886905,13.0705378531,2.61495749776,1.40796844638,4.08315961868,5.49713053995,1.8565889486,2.59203688544,2.64230185331,1.75764221745,1.66066346499,2.75768519706,7.08041230616,6.93432676889,2.63388635202,18.34650748,0,0,63.2200857507,7.03222618342,11.149072488,10.8322837567,5.27541130654,3.81727066775,3.94621049505,0.93735090701,5.4132686698,2.83798198915,0.651402215365,1.60146966486,2.58936617369,1.62525792675,2.36989641844,1.73072128693,2.0815792102,1.9745510565,0.25625524075,2.36808262856,0,0.502459794479,0.637807324974,0.430398824271,0.732397122592,0.461292668867,1.92457231455,1.16860397741
moderate__scaption_30@@brachioradialis@@0.00,45,30,0,0,0,0,0,Brachioradialis,BRD,0,1,usable,Converged with independently replayed constrained generalized-force equilibrium and small reserve torques,524.52134,0.542595633844,0.000546006503025,6.7404414105e-13,1.64557971497e-05,23,0,0.199975129284,0.283571976934,0.0100212771509,0.0971304663077,0.0950258573612,0.0623189499088,0.0100177556362,0.0100086498527,0.0100092829264,0.0100020707805,0.0100032991513,0.0100066707321,0.0100079117324,0.010006276348,0.0100081692422,0.428857404334,0.36164833671,0.263027999009,0.0100452371619,0.0392512440131,0.0100057771884,0.0100033632167,0.0100009272005,0.000673924175639,0.0390477496532,0.0390487041503,0.0361021988394,0.0100019701343,0.0100011743621,0.0100068893931,0.0100029920995,0.0100142946736,0.0100089427581,0.0100048163823,0.0100048796062,0.0100077233399,0.0100055111431,0.0100074035859,0.0100066769965,0.0100077750495,0.0152931812663,0.0674619925505,0.0100452371619,0.0307404201572,0.0272265913343,0.0135896645104,0.017109223287,0.0100984774787,0.010010608905,0.0100699349151,223.808229767,294.475617295,2.01448783327,48.3924352252,102.198054641,80.2540791893,2.60307426609,1.37754307841,4.28359886504,5.9606865308,2.37310229738,2.50043476203,2.04012227078,1.70512496822,1.90212554441,302.306623882,158.199895782,83.6827566584,0,14.1978837589,2.52834148125,1.83791525578,11.4987218062,0,12.025944302,9.27542194001,6.96404850767,3.90483624887,4.79276020797,0.994347462905,3.79990431852,2.83865830256,0.753551910091,1.7127701665,2.58910771128,1.62512562328,2.3691732979,1.73019337945,2.08118767993,1.97445016124,0.508424048178,7.36654071225,0,1.49984101753,1.92720957494,0.572072610534,1.23736398395,0.464512885359,1.92468043732,1.17509869014
moderate__scaption_30_internal_30@@teres_major@@0.00,45,30,-30,90,0,0,0,Teres major,TMAJ,0,1,usable,Converged with independently replayed constrained generalized-force equilibrium and small reserve torques,528.783616,0.0719594847313,7.59093161662e-08,8.66862137627e-13,6.93004160191e-06,15,0,0.12188631501,0.171978020257,0.0100213945915,0.047009655064,0.105930207157,0.0100111171154,0.0100662671629,0.000673971061188,0.0100106533455,0.0100027477721,0.0100033953237,0.0100076559829,0.0100081829021,0.0100073787142,0.0100119655687,0.0100065230775,0.010019569221,0.0100198015506,0.0100357433286,0.0100147079962,0.0450033688947,0.0100058283853,0.0236984943112,0.0257784103269,0.0424054302669,0.0435159389957,0.0309940896256,0.0100041635913,0.0100059831387,0.0100100277176,0.0375240867168,0.0118229785641,0.0100188918705,0.0100102130366,0.0100062940636,0.0100092817912,0.0100087459477,0.0100107639347,0.0100091635551,0.0100089605854,0.0101158633147,0.0302101895782,0.0100452377583,0.0127340344598,0.012073606771,0.0104556160958,0.010098240729,0.0100284353197,0.0100090937816,0.0100137416586,125.907416502,179.790467823,1.99407065,23.1966670654,108.501978864,13.068627908,2.46478396232,0,4.38725381572,6.1193283524,3.10826700408,2.55799862853,2.28604879906,1.72239900736,1.9138317243,3.2234289507,7.08662989143,6.94045740156,2.63606114946,3.6225007279,23.4524864929,3.16709146183,26.0028932201,6.43491405472,13.3248151703,10.9658120417,5.1921620022,3.81719017175,3.94558307331,0.93726768413,20.2986130394,3.35134898223,0.651245412685,1.60131544632,2.58947375091,1.62537869575,2.36993925703,1.73077435464,2.08170483415,1.97468405755,0.25703520269,3.03081180409,0,0.616665563242,0.669290942201,0.440141225752,0.730319499159,0.461291064504,1.9243891337,1.16854128707
moderate__side_60@@teres_major@@0.00,0,60,0,0,0,0,0,Teres major,TMAJ,0,1,usable,Converged with independently replayed constrained generalized-force equilibrium and small reserve torques,518.672379,0.856950221225,0.000546004513185,1.56319401867e-12,1.99074203536e-05,24,0,0.273564388445,0.482796865618,0.0100102390373,0.137021867281,0.0652324983653,0.150874168303,0.010006167068,0.000673948721536,0.0248762208702,0.0100016707001,0.0100012909137,0.010003313287,0.0100035102143,0.0100031649323,0.0100035391073,0.42802902416,0.437476406567,0.31817771866,0.010045238005,0.0519707503372,0.0100049496474,0.0100071141386,0.0100007675334,0.0100028181783,0.0445298903775,0.0532984186035,0.0612736818103,0.0100014591735,0.0100009618942,0.0100051252562,0.0100024389495,0.010011695887,0.0100072057903,0.0100037524186,0.0100035385911,0.0100056172856,0.0100042426428,0.0100056792275,0.0100049926155,0.0100055973264,0.0208775042637,0.0906688213906,0.010045238005,0.0396931563758,0.0383124920652,0.0184244392432,0.0212016276832,0.0100684948086,0.0100073761729,0.0100290151943,198.526496969,416.54030596,1.87947803372,63.8193951496,70.1346762661,186.315568641,2.6941664423,0,11.0417333211,6.50601563834,4.61080796649,2.50213289109,2.15255204771,1.73391653583,2.0712053437,312.878191671,191.370220455,101.228723572,0,18.7987588852,1.90591221074,0.5301945687,11.4985382264,2.32059100855,13.7143365815,12.6602234842,11.8195818008,3.90463676643,4.79265838918,0.994172167166,3.79969418965,2.83792164887,0.753421137496,1.71258802169,2.58876067734,1.62478362714,2.36887293372,1.72989525281,2.08083736254,1.97402051473,0.694075683032,9.90062016927,0,1.93664965356,2.71191500393,0.775598032438,1.53333263925,0.463133733242,1.92405889914,1.17032361356
moderate__rotation_side_internal_20@@posterior_deltoid@@0.00,0,15,-20,90,0,0,0,Posterior deltoid,DELT3,0,1,usable,Converged with independently replayed constrained generalized-force equilibrium and small reserve torques,433.148622,0.040280064882,2.01600300898e-08,2.34213501417e-13,7.33949410354e-06,13,0,0.0666147207963,0.125278683657,0.000673957604477,0.040223880616,0.0535313058283,0.0100315176914,0.0100299285014,0.0100135920284,0.0100149976068,0.0100052494408,0.0100076435122,0.01001180913,0.0100151412545,0.0100119641855,0.0100191578713,0.010005922606,0.0100155939511,0.0100158081674,0.0100326651993,0.0100180509607,0.0458746847142,0.0100121717998,0.0342984065748,0.0321889775989,0.0461539310255,0.0462141791944,0.0336103967941,0.010003948534,0.0100058861534,0.010009620883,0.0326235014117,0.0102463566702,0.0100185103851,0.0100098520398,0.0100058782876,0.010008689967,0.0100082575273,0.010010177707,0.0100086018026,0.0100083871352,0.0101263584928,0.0318194254735,0.010045237772,0.0132642912782,0.0128630915644,0.0106781488862,0.0101084858705,0.0100275259228,0.0100086505862,0.0100130334829,47.7795417759,133.337418146,0,20.0089721374,57.0122002912,13.1028012526,2.49981044676,1.33661489602,4.40982074947,6.10236843742,2.65258506827,2.33808655637,1.53477215466,1.65655789316,1.92484310165,4.45099999377,7.08381826654,6.93769128789,2.63525262531,3.62370993854,24.088230276,3.15643081642,37.6335218666,8.03514653441,14.5026850698,11.6457558862,5.63044849212,3.81710811485,3.94554482973,0.937229591132,17.6476468623,2.9044387429,0.651220615638,1.60125769838,2.58936615452,1.62528259109,2.36982360553,1.73067300096,2.08158800091,1.97457092063,0.257301875995,3.19225703909,0,0.642344080168,0.713055414031,0.449509000342,0.731060442595,0.461249233784,1.92430392299,1.16845864738
moderate__rotation_side_internal_20@@infraspinatus@@0.00,0,15,-20,90,0,0,0,Infraspinatus,INFSP,0,1,usable,Converged with independently replayed constrained generalized-force equilibrium and small reserve torques,442.02758,0.0921930071306,4.15303453849e-08,3.20979954581e-13,1.29297744127e-05,20,0,0.0896636173493,0.0888540018637,0.0100278340065,0.188902389307,0.000673968644856,0.0100005031788,0.148459371944,0.0100044496947,0.0100026637004,0.0100017219483,0.01000404985,0.0100028369835,0.0100041223834,0.0100042173933,0.0100334797484,0.010003804178,0.0100241569416,0.010024391788,0.0100384422629,0.0100102061292,0.0646737394179,0.0100042008402,0.0158312054486,0.0241781166238,0.0453734554943,0.0465119940321,0.032477474624,0.0100039043689,0.0100054090058,0.0100094222154,0.0546454204497,0.0191736317165,0.0100178029467,0.0100095593926,0.0100060606337,0.0100090003174,0.0100083616791,0.0100103384972,0.0100088505748,0.0100086791877,0.010135717764,0.0330823459447,0.0100452376133,0.0140289556489,0.012789540201,0.0108098272822,0.010102334284,0.0100279492447,0.0100085631444,0.0100131876416,64.3114089395,94.5696654373,1.92736882735,93.967627845,0,13.0622912314,37.0012895771,1.33539457676,4.40438986292,6.10021696115,2.65163254866,2.33599126524,1.53308356585,1.65527612574,1.92759456717,4.45005763939,7.08987468902,6.94363693991,2.63677007071,3.62087232132,33.9593816854,3.15391789696,17.3706033582,6.03544208275,14.2574407197,11.7208038251,5.44066019683,3.81709126325,3.94535667954,0.937210989318,29.5603795122,5.43496977435,0.651174630919,1.60121088415,2.58941334288,1.62533298801,2.3698482673,1.73070080019,2.08163974052,1.97462854014,0.257539686864,3.31895847086,0,0.679374149962,0.70897815179,0.455052154376,0.730615550864,0.461268705875,1.92428711105,1.16847663674
moderate__side_45_elbow_90@@anterior_deltoid@@0.00,0,45,0,90,0,0,0,Anterior deltoid,DELT1,0,1,usable,Converged with independently replayed constrained generalized-force equilibrium and small reserve torques,464.464406,0.108686611497,3.83408007565e-08,4.19220214098e-13,1.13863458007e-05,20,0,0.0006738205502,0.23106485736,0.0100042097038,0.108829957554,0.116618829964,0.0273596563811,0.0100112914829,0.010005171211,0.0786033441588,0.0297769502521,0.01000978282,0.0100037415932,0.0100045230194,0.0100046059774,0.0100465131545,0.01000261784,0.0141261427741,0.0138447669555,0.010062949658,0.0100103911525,0.0564460893028,0.0100059709044,0.0100129211669,0.0100247296413,0.0415768633032,0.0705851831232,0.0551707532702,0.0100024147998,0.0100036061933,0.010006300132,0.0406537487795,0.0187370334259,0.0100128914804,0.0100063907287,0.0100040383291,0.0100061047966,0.0100058199372,0.0100072678096,0.0100060621451,0.0100058660061,0.0108396103593,0.0500382340732,0.0100452380809,0.0204356034623,0.0202436977958,0.0154911400913,0.0102593311987,0.0100221155557,0.0100059380387,0.0100091380566,0,228.611942853,1.8910152565,51.9614073971,125.379600502,34.1383077812,2.66892060122,1.35570196858,34.875313334,18.9530209344,4.42261638369,2.40854492292,1.80160621018,1.70201209978,2.08774685656,3.77808975529,9.9911227141,9.58991201572,2.64320736101,3.62093924758,29.6388777628,3.12012071697,10.98655959,2.5024147283,13.0644593258,17.7871342991,9.24226174036,3.81652290281,3.94464579356,0.936918659631,21.9916002584,5.31121134671,0.650855377115,1.6007039988,2.58889000178,1.62486279266,2.36924641628,1.7301699049,2.08105980322,1.97407352297,0.275424979437,5.02004365398,0,0.989626104683,1.12219354394,0.652117419557,0.741969796969,0.461000366048,1.92378239779,1.1680040754
moderate__side_15@@posterior_deltoid@@0.00,0,15,0,0,0,0,0,Posterior deltoid,DELT3,0,1,usable,Converged with independently replayed constrained generalized-force equilibrium and small reserve torques,670.928231,0.58656046223,0.000545988621128,2.09610107049e-12,1.80087238234e-05,20,0,0.273307421918,0.239277160114,0.00067401001124,0.0692626503002,0.0232832847502,0.0564937029121,0.0100104740101,0.0100069628275,0.0234414947316,0.0100147839046,0.0100136399454,0.0100061797254,0.010008362495,0.0100066717088,0.0100328395955,0.435827844331,0.395758245137,0.287836095209,0.0100452372758,0.0322595631359,0.0100072729786,0.0100041736461,0.0100008479488,0.0100030828049,0.0311606399027,0.0351540395438,0.042502069161,0.0100018553288,0.0100011303661,0.0100066897824,0.010002943076,0.0100162834008,0.010008670498,0.0100046736548,0.0100047908126,0.0100075925712,0.0100054288903,0.0100072903322,0.0100065761534,0.010007631053,0.0167290274014,0.0729473687773,0.0100452372758,0.0327100102717,0.0297221000522,0.0139994789066,0.0171461178739,0.0100926933546,0.0100101594864,0.0100597554573,208.310085278,254.518838001,0,34.5746204594,25.0209802712,72.3538762596,2.57834468807,1.32217608052,10.1898284729,6.02358377259,2.36716272637,2.22646670053,1.3796819414,1.6374116805,1.92124675283,335.747928371,173.120976263,91.5754900338,0,11.6688665297,1.96704494993,1.86700183362,11.4986306848,2.32065240015,9.59686853492,8.35030398171,8.19857185513,3.90479142837,4.79273912442,0.994327628342,3.79988569519,2.83922202844,0.753531412206,1.71274573231,2.58908473286,1.62510438813,2.36915382153,1.73017379886,2.08116670661,1.97442175193,0.556158962872,7.96551868146,0,1.59593833911,2.10385189601,0.589324220549,1.24003225468,0.464246825435,1.92459403053,1.17391081082
moderate__rotation_side_external_20@@brachioradialis@@0.00,0,15,20,90,0,0,0,Brachioradialis,BRD,0,1,usable,Converged with independently replayed constrained generalized-force equilibrium and small reserve torques,418.216578,0.0280869824141,1.86621491594e-08,2.98427949019e-13,7.21052414378e-06,2,0,0.0538643736804,0.0615153121813,0.0100383532317,0.0251372101134,0.0582909637222,0.0100174347146,0.010085148943,0.0100273910005,0.0100455135213,0.0100293269838,0.0100620738747,0.0100242332133,0.0100314537891,0.0100278110239,0.0100580861826,0.0100143777214,0.010016364485,0.0100166275211,0.0100419695557,0.0100294483178,0.0435369052514,0.0127833838272,0.0588009539657,0.000836740285436,0.0491312769914,0.0423815929612,0.0358309223862,0.0100063377901,0.0100109352667,0.0100154654514,0.0383289108354,0.0102658229595,0.0100305104264,0.0100163428911,0.0100091665687,0.010013469894,0.0100131312574,0.0100160556382,0.0100134720593,0.0100129709614,0.0101955787088,0.0317406779216,0.0100695769643,0.01292073735,0.0131498051373,0.0106984149321,0.010145475279,0.0100407849281,0.0100133150643,0.0100192919823,42.4259292276,65.5207528753,1.96877256482,12.546366227,56.9580532561,12.4866587443,2.66717179734,1.31101050047,4.32147215641,5.97305244343,2.33196800323,2.11114367882,1.24966776413,1.61954615991,1.92132706674,4.06347128801,7.08436324886,6.938258833,2.63769657505,3.62783256842,22.8569224974,3.99036797068,64.5186528424,0,15.4382394186,10.6799621739,6.00243323977,3.81801975975,3.94753580814,0.937776834882,20.7339817546,2.90995666959,0.652000639211,1.60229602798,2.59021711069,1.6260587898,2.37097764064,1.73168924433,2.08260091641,1.97547527113,0.25906070089,3.18435675731,0,0.625706943104,0.728949156556,0.450362122934,0.733735570575,0.461859125604,1.92520073455,1.16918897529
moderate__forward_60_elbow_90@@pectoralis_major@@0.00,90,60,0,90,0,0,0,Pectoralis major,PECM1;PECM2;PECM3,0,1,usable,Converged with independently replayed constrained generalized-force equilibrium and small reserve torques,419.879967,0.0502535119373,1.82051376855e-08,1.23913644867e-13,6.94873684991e-06,14,0,0.160719829262,0.0851231844591,0.0100227172173,0.010075113884,0.0861031245084,0.0100060380214,0.010995916377,0.0100127355047,0.000673878169029,0.000673878169029,0.000673878169029,0.0100095835004,0.0100085862046,0.0100096234558,0.0100159943883,0.0100152160118,0.0100236944236,0.0100239300412,0.0100382022989,0.0100262238216,0.0161921521871,0.0100085638502,0.0164821448046,0.0155001930124,0.0314056451451,0.0422511716288,0.0358423173238,0.0100039010145,0.0100064269438,0.0100097166303,0.0157565635343,0.0100754077012,0.010018844035,0.0100100599212,0.0100060378119,0.010008847937,0.0100086779898,0.0100105914667,0.0100088629017,0.0100085251498,0.0101188095541,0.0303687969558,0.0100452380473,0.0122426258515,0.0128696055093,0.0104218777968,0.0100943314009,0.0100267212896,0.0100088766678,0.0100127621128,182.961785113,88.3392353419,1.96739577003,4.58255656182,92.5911074061,13.0639294916,2.81517339272,1.43789073616,0,0,0,2.6375820789,2.82742076448,1.7970643933,1.80160456454,1.7096091593,7.08954755982,6.94331709982,2.63670704006,3.62666620993,8.42171429261,3.11887311144,18.0848388848,3.86922267983,9.86841577374,10.6470966113,6.00434213154,3.81708998329,3.94575807547,0.93723855622,8.52349554719,2.85598144002,0.651242303462,1.60129095279,2.58940743694,1.62530824339,2.3699231655,1.73074453642,2.08164230428,1.97459814975,0.25711006409,3.04672395583,0,0.592868331709,0.71341650947,0.438720973086,0.730036770711,0.461212222017,1.92434739037,1.16842698018
moderate__forward_30_elbow_90@@teres_major@@0.00,90,30,0,90,0,0,0,Teres major,TMAJ,0,1,usable,Converged with independently replayed constrained generalized-force equilibrium and small reserve torques,435.468391,0.0356330190959,1.67910013432e-08,2.13162820728e-13,5.89667422949e-06,6,0,0.140364665494,0.0264310595271,0.0100211321759,0.0100265056098,0.0555506166226,0.0100050563288,0.0103558226313,0.000673983176129,0.0101112197333,0.0100125153874,0.0100201658545,0.010012927157,0.0100133827918,0.010012914515,0.0100474228937,0.0100120212937,0.0100143126644,0.0100145178909,0.010031470846,0.0100293357218,0.0287681900353,0.0101876506415,0.0389714339611,0.0325771110718,0.0408598860477,0.0380323201014,0.0266695691325,0.0100048749895,0.0100072106003,0.0100114980113,0.0201576983777,0.0100645831974,0.0100212436959,0.0100117570529,0.010006950774,0.010010131438,0.0100096560068,0.0100118033535,0.0100100250523,0.0100098045404,0.0100920633335,0.0252389252949,0.0100452378308,0.0109239425895,0.0107639235916,0.0102126021617,0.0100900796828,0.0100299865917,0.010010311872,0.0100152617821,170.942604117,28.4592037558,2.01846666518,4.72274779162,59.7422441924,13.0696610526,2.64249169539,0,4.15562153422,5.18801893225,1.22606021358,2.52854085356,2.20700200138,1.71880854578,1.60728897293,3.42242754441,7.08291203948,6.93679754675,2.63493890777,3.62779184043,15.0946617707,3.07269771299,42.7609460212,8.13203402714,12.839167676,9.58396586085,4.46771385128,3.81746161335,3.94606708911,0.937405352059,10.9042845536,2.85291311933,0.65139828562,1.60156243984,2.58964369738,1.62551666746,2.37015474706,1.73095406114,2.08188400824,1.9748505628,0.256430466111,2.53207390555,0,0.529009029376,0.596689680294,0.429911273718,0.729729280262,0.461362420394,1.92462332858,1.16871867602
moderate__scaption_30@@subscapularis@@0.00,45,30,0,0,0,0,0,Subscapularis,SUBSC,0,1,usable,Converged with independently replayed constrained generalized-force equilibrium and small reserve torques,453.528862,0.554698170669,0.000546006722783,1.66267000168e-12,1.67075018819e-05,24,0,0.189741290951,0.319840986209,0.0100217549205,0.109223363722,0.0317724349092,0.000674115687951,0.0100106101807,0.0100091456649,0.0100098068421,0.0100019983915,0.0100031432578,0.0100076420328,0.0100090994582,0.0100066517179,0.0100072283005,0.425734591866,0.367175481617,0.26704800946,0.0100452372963,0.03888003555,0.0100058823922,0.0100032274708,0.0100009133804,0.0100033151251,0.0390269067356,0.0387955237383,0.0358524673893,0.010001961583,0.0100011620358,0.0100068880353,0.0100029689138,0.0100143879869,0.0100088964627,0.0100047940419,0.0100048873596,0.0100077448547,0.0100054977733,0.0100073939075,0.010006678885,0.0100078023199,0.0153866062784,0.0679195170958,0.0100452372963,0.0310045351693,0.0273311045394,0.0136192599226,0.0172333624831,0.010103091191,0.0100106719907,0.0100759774565,212.35471927,332.139208072,2.01458387502,54.4173703156,34.1704997893,0,2.60121754767,1.37761131965,4.28382308136,5.96064339094,2.3730653145,2.50067746753,2.04036438974,1.70518893333,1.90194671158,300.10531668,160.617696888,84.9617290784,0,14.0636109545,2.52836806497,1.8378903152,11.4987059163,2.3207062971,12.0195250904,9.21528280865,6.91587576505,3.90483291038,4.79275430093,0.994347327986,3.79989551079,2.8386847532,0.753548424612,1.71276634193,2.58910971772,1.625129117,2.36917013212,1.73019170613,2.08118807271,1.97445554146,0.511529976371,7.41650029782,0,1.51272732574,1.93460744737,0.573318463566,1.24634191169,0.464725108326,1.92469256644,1.1758038171
moderate__scaption_75@@teres_minor@@0.00,45,75,0,0,0,0,0,Teres minor,TMIN,0,1,usable,Converged with independently replayed constrained generalized-force equilibrium and small reserve torques,619.999451,0.736963712144,0.000546010940974,1.30421117838e-12,1.98707154042e-05,24,0,0.196735018979,0.380431616238,0.0157670259685,0.161367598804,0.23047608757,0.0826747331971,0.000673957918687,0.0100062611476,0.0100081358856,0.0100011500849,0.0100011297821,0.0100042910333,0.0100038232735,0.0100038438155,0.0100034381994,0.394066992311,0.436687056811,0.317603625507,0.0100452377879,0.0514648194028,0.0100038447632,0.0100042951924,0.0100007689148,0.010002822666,0.0517748728013,0.0454936457259,0.0328732177577,0.0100017524379,0.0100009715544,0.010006286236,0.0100024486732,0.0100117810953,0.0100078659283,0.01000420095,0.0100044515249,0.0100071681619,0.0100048544912,0.0100066217,0.0100060353167,0.0100072767524,0.0169414377592,0.0761912301974,0.0100452377879,0.0357407264349,0.029773250013,0.0152977516933,0.0207695349148,0.0102788631322,0.010010587627,0.0109136444002,238.568666768,307.787419839,3.17576246773,73.949717556,244.868857496,104.671422633,0,1.43941750865,4.29743350694,6.32245666069,4.52837914142,2.65012462725,2.84934166724,1.80859918808,2.05796983076,206.946648413,191.024926344,101.046074981,0,18.6157545301,3.50048220682,0.927621994855,11.4985398149,2.32059204971,15.9456496746,10.8063191566,6.3411839286,3.90475125877,4.79266301847,0.994287529423,3.79969788359,2.83794580208,0.753470837879,1.71266480783,2.58899693045,1.62503546951,2.36901781137,1.73005819815,2.08105422344,1.9743518514,0.563220576374,8.31973349653,0,1.74380855009,2.10747249985,0.643976511691,1.50208305986,0.472810320351,1.92467634633,1.27355433252
moderate__scaption_60_internal_30@@latissimus_dorsi@@0.00,45,60,-30,90,0,0,0,Latissimus dorsi,LAT1;LAT2;LAT3,0,1,usable,Converged with independently replayed constrained generalized-force equilibrium and small reserve torques,485.260134,0.125415262514,1.69286802649e-08,4.30552124491e-13,8.70169984349e-06,19,0,0.131549760422,0.224427601422,0.0100224716776,0.0387871655687,0.206309326606,0.0100037508384,0.0247734679334,0.0100071511488,0.0100081399546,0.0100017251115,0.0100016824261,0.000673946144667,0.000673946144667,0.000673946144667,0.0100069432683,0.0100087821362,0.0139286616748,0.0136520924312,0.0100625949462,0.0100132513697,0.0309727176024,0.0100030409055,0.0100130564072,0.0100213394918,0.0311066435046,0.0550426824433,0.0413520142767,0.0100030956518,0.0100044567034,0.0100078600615,0.0271949217923,0.0135825691824,0.0100153257674,0.0100079118874,0.0100051308731,0.0100076589009,0.0100072730031,0.0100090137019,0.010007587754,0.0100073768529,0.0101894548778,0.0380278869491,0.010045237878,0.0156891667246,0.015395659297,0.0120431210713,0.0101327201985,0.0100254743958,0.0100075025986,0.0100114194574,159.902852451,220.388338894,2.01650676626,18.4577413119,207.748306446,13.068067579,6.17183123408,1.43937358955,4.40426378188,6.34849055537,4.48104532401,0,0,0,2.01294748397,1.89512129465,9.8514484994,9.45645135559,2.64311418977,3.62197383979,15.6156858851,3.15137746838,10.986707981,2.50156846515,9.77446220286,13.8704971987,6.9273322731,3.81678268897,3.94498116568,0.937064720343,14.7110627452,3.8501236519,0.651013609941,1.60094733575,2.58917273525,1.62511515922,2.36959048314,1.73047175454,2.08137709919,1.97437160039,0.258905099721,3.81511570331,0,0.759772471589,0.853446324254,0.506969079703,0.732813104556,0.46115486701,1.92408320623,1.16827030066
moderate__scaption_30_elbow_90@@posterior_deltoid@@0.00,45,30,0,90,0,0,0,Posterior deltoid,DELT3,0,1,usable,Converged with independently replayed constrained generalized-force equilibrium and small reserve torques,569.975428,0.0565288861312,2.58873895496e-08,2.13162820728e-13,8.32100076289e-06,17,0,0.105425779129,0.130532122334,0.000673962344319,0.0462715834456,0.103503849156,0.0100103738633,0.010089800466,0.0100129125569,0.010012120868,0.0100036404951,0.0100058977849,0.0100095116386,0.0100111039902,0.0100097296357,0.0100146471971,0.0100091627077,0.0100171914696,0.0100174147308,0.0100340048133,0.0100211924882,0.0399372228833,0.0100092343577,0.0294482024471,0.0270994230629,0.045308860358,0.0519385271913,0.0402387964817,0.0100034055818,0.0100053308952,0.0100085471098,0.025728856168,0.0101199708686,0.0100169891105,0.0100087900417,0.0100051911958,0.0100077125779,0.0100074285632,0.0100091744025,0.0100076734084,0.0100074325436,0.0101662674883,0.0360965653074,0.0100452378644,0.0147319000543,0.014867408896,0.0115743581357,0.0101294515288,0.0100255237097,0.0100077423524,0.0100115796429,117.990457537,135.551219542,0,23.0534732282,111.315933635,12.8913169738,2.62179483075,1.3781297768,4.2848133979,5.96162199474,2.37371877614,2.50114463866,2.0407730157,1.70571342761,1.90335672695,3.12207276539,7.08494815773,6.93880411287,2.6356044981,3.62484628575,20.7769890624,3.14268725743,32.311692623,6.76467075199,14.23714336,13.0882646689,6.74084487564,3.81690094592,3.94532587782,0.937129050642,13.9179961736,2.86861334365,0.651121730069,1.60108781246,2.58918834582,1.62512387567,2.36962731774,1.73049953829,2.08139491358,1.9743825877,0.258315928536,3.62135748769,0,0.71341533377,0.824163176746,0.48723596295,0.732576709547,0.461157135367,1.92412930221,1.16828899331
moderate__forearm_pronation_45@@anterior_deltoid@@0.00,0,0,0,90,-45,0,0,Anterior deltoid,DELT1,0,1,usable,Converged with independently replayed constrained generalized-force equilibrium and small reserve torques,550.586489,0.0282995860473,0.000546006336025,2.41584530158e-13,9.96745429729e-06,2,0,0.000673969652982,0.0100041345045,0.0100234448208,0.0100103575896,0.0392939205552,0.0100038565518,0.0173633596059,0.0100471994212,0.03679945479,0.108257111182,0.0301205755838,0.0100229642502,0.0100262163864,0.0100439652051,0.0191693922119,0.0100464892882,0.010012642958,0.010012834186,0.0100297240962,0.0100547026364,0.0289793320093,0.0566637098881,0.0464819805392,0.0321412122029,0.0300535938357,0.0101571816074,0.0100228001304,0.0134037491739,0.0100214542222,0.0100613270126,0.0121407071275,0.010042115638,0.0100472317915,0.0100487978522,0.0100419833346,0.0100462510161,0.0100332997576,0.0100377405389,0.0100399323204,0.0100484823648,0.0100431659918,0.0100400186809,0.0100452380467,0.0100485399352,0.0100391548117,0.010047598553,0.010054503392,0.0100576668719,0.0100570938909,0.0100939167335,0,10.9450487535,1.97752105869,4.90940427054,42.1743109913,12.9927590629,4.42724863226,1.31750015584,15.6700165395,61.8445230999,3.96385067865,2.21297662223,1.34185233696,1.62562347712,3.47089438185,4.54712306677,7.08173109139,6.93563128792,2.63448009383,3.62739245691,14.9582031493,16.6354376067,51.0018046235,8.248872842,9.60092933346,2.56414365347,1.66187814626,5.23490087937,4.1928287357,0.966696140427,6.75621791437,2.68828210622,0.682431610398,1.63505946664,2.59841737532,1.61637377665,2.37487481185,1.73535985319,2.11120008529,1.98119508599,0.255367278225,1.00466264348,0,0.487094944807,0.562643889458,0.426295586727,0.766708800444,0.462635666467,1.93361783004,1.17789721899
moderate__rotation_side_internal_40@@supraspinatus@@0.00,0,15,-40,90,0,0,0,Supraspinatus,SUPSP,0,1,usable,Converged with independently replayed constrained generalized-force equilibrium and small reserve torques,405.673284,0.0499856891466,1.98983667136e-08,3.97903932026e-13,7.13171302377e-06,15,0,0.0625612133398,0.158811789904,0.0100181062984,0.000673320426917,0.0711023691318,0.0100228606625,0.0100336931832,0.0100112454076,0.0100113415884,0.0100037388475,0.0100046586373,0.0100094490474,0.0100117969173,0.0100092539234,0.0100152554064,0.0100049475602,0.0100167432358,0.0100169642127,0.0100336441772,0.0100150355751,0.0482409529341,0.0100077277986,0.0307157884819,0.0310812214695,0.0456955477065,0.0447828960123,0.0318743578399,0.0100040906108,0.0100059331847,0.0100098704418,0.0387637114686,0.0115026377595,0.0100187519653,0.0100100784827,0.0100061169412,0.0100090368601,0.0100085209094,0.0100105005459,0.010008923117,0.0100087232485,0.010121111628,0.03105290751,0.0100452378707,0.0130607398637,0.0123903369753,0.0105558697746,0.0101025553214,0.0100281094509,0.0100088826919,0.0100134552837,39.8600921453,169.375236091,1.90620985298,0,71.8981559098,13.0280440463,2.35259863435,1.349659717,4.441774064,6.19780002721,3.13136047052,2.42579154612,1.68620369829,1.67075879259,1.93119573697,4.44451108775,7.08463113133,6.9384920506,2.63550977074,3.62261921917,25.3271882697,3.16799712824,33.7025364418,7.75862383974,14.3586499082,11.2850792533,5.33962544805,3.81716232571,3.9455633751,0.937252958036,20.9691866743,3.26054497512,0.651236318768,1.60129392203,2.58942791438,1.62533892207,2.36988597094,1.730728817,2.08165482785,1.97463723296,0.257168557771,3.11535677053,0,0.63248678411,0.686848633381,0.444361520022,0.730631536634,0.461276075088,1.92434854857,1.1685078689
moderate__side_45_elbow_90@@infraspinatus@@0.00,0,45,0,90,0,0,0,Infraspinatus,INFSP,0,1,usable,Converged with independently replayed constrained generalized-force equilibrium and small reserve torques,441.407292,0.190701852665,7.97624366555e-08,3.9209823841e-13,1.7347264702e-05,19,0,0.0549593402567,0.1804084043,0.0403313923418,0.310369189748,0.000827617102742,0.0100006491732,0.1829304668,0.0100066720428,0.0100040188208,0.010002135298,0.0100026437413,0.010003811643,0.0100051656904,0.0100051093554,0.0100200818224,0.0258736854088,0.0144613543593,0.0141763223967,0.0100952940346,0.0100143084462,0.0596774205315,0.0100049181975,0.0100192023738,0.0100394295547,0.041885541683,0.0701029726062,0.0552389832287,0.0100036540402,0.0100054599062,0.0100095136955,0.0465032133081,0.0210603922498,0.0100194510012,0.0100096640898,0.0100061303146,0.0100092667549,0.0100088263003,0.0100110181013,0.0100092024748,0.0100089010293,0.0110327683131,0.0503191280877,0.0100680744083,0.0205726533198,0.0202811086096,0.0155420224926,0.0103457496277,0.0100332775698,0.0100089438712,0.0100137523068,38.3592435279,178.493243418,7.6235185484,148.187321556,0,12.4784183974,48.767623257,1.35590533133,4.43865709156,6.36635646214,4.41946212678,2.40856178763,1.80172193953,1.70209773564,2.08225421137,9.77275223413,10.2282107953,9.81957189519,2.65170316968,3.62235620346,31.335594621,3.11979245742,10.9934515699,2.50608418174,13.1614535644,17.6656195151,9.2536917022,3.81699574774,3.94537674796,0.937219554833,25.1558615992,5.96979210856,0.651281757162,1.6012276323,2.5894313752,1.62537625404,2.36995828347,1.73081829783,2.08171292865,1.97467230763,0.280332953539,5.04822411031,0,0.996262958642,1.12426738366,0.654259372856,0.748219703478,0.461513799819,1.92436031103,1.16854252966
moderate__scaption_60_internal_30@@middle_deltoid@@0.00,45,60,-30,90,0,0,0,Middle deltoid,DELT2,0,1,usable,Converged with independently replayed constrained generalized-force equilibrium and small reserve torques,466.963978,0.373329070691,1.30286413637e-08,1.18660636872e-12,1.43061834118e-05,24,0,0.208156783004,0.000673926504141,0.0297755029198,0.294534505224,0.429359493856,0.160433580185,0.0100301792226,0.0100030691996,0.0100025618735,0.0100005009054,0.0100004906399,0.0100020931133,0.0100019236907,0.0100018590213,0.0100017536949,0.0100040136035,0.0631077613389,0.0618049457852,0.0129553996388,0.0100052407982,0.0761159954617,0.0100008377314,0.0100036803948,0.0100062046426,0.0237023065538,0.0617074868761,0.0347390024753,0.010002895261,0.0100032352559,0.0100071748213,0.0747407186177,0.0424760491447,0.0100130991036,0.0100068668783,0.010005441849,0.0100082842007,0.0100072005303,0.0100090829539,0.0100079584446,0.0100079892904,0.0102338571078,0.0412813001489,0.0100452379202,0.0183524713288,0.0147867365844,0.0130391399763,0.0101421982968,0.0100282035727,0.0100073797059,0.0100125196226,253.021086868,0,5.990788005,140.160839934,432.354218651,209.577077804,2.49882550058,1.43878646443,4.40180904597,6.3477135034,4.48051136908,2.64151347902,2.81102939355,1.78975410207,2.01190357492,1.89421839303,44.6347879829,42.8106875407,3.40295925673,3.61907627144,38.375821303,3.1506833761,10.9764202622,2.49779044118,7.44783986407,15.5499965819,5.8195136846,3.81670622784,3.94449952218,0.937000559343,40.4309087416,12.0402877581,0.650868872949,1.60078016757,2.58925321097,1.62521669987,2.36957332256,1.73048372762,2.08145419538,1.97449242918,0.26003332138,4.14151164012,0,0.888747168417,0.819691170207,0.548897644958,0.733498574469,0.461280404535,1.9240595784,1.16839868309
moderate__scaption_45_internal_30@@coracobrachialis@@0.00,45,45,-30,90,0,0,0,Coracobrachialis,CORB,0,1,usable,Converged with independently replayed constrained generalized-force equilibrium and small reserve torques,434.07456,0.0966073611118,1.88667626026e-08,1.39699769428e-12,7.7572706001e-06,21,0,0.125690294215,0.202107313541,0.0100250206211,0.0519725090581,0.152473915852,0.0100066476816,0.0117894019827,0.0100087875428,0.010008970492,0.0100021527752,0.0100021620672,0.0100060792164,0.0100058204244,0.0100058990379,0.000674016904228,0.0100073931294,0.0100276803596,0.0100279042069,0.0100400858807,0.0100133381878,0.0420344487626,0.0100041224928,0.0117191908225,0.0172680930322,0.0391654928857,0.0474706767726,0.0368039703915,0.0100036312674,0.0100054646039,0.0100089948553,0.0382531338922,0.0134632774553,0.010017414927,0.0100092098255,0.0100057108394,0.0100084609721,0.0100080699846,0.0100099408069,0.0100083985861,0.0100081496571,0.0101462325645,0.0341235236682,0.0100452374964,0.0140632178677,0.0137380227615,0.0109717582927,0.0101054820428,0.0100265162089,0.0100082263679,0.0100123086254,145.608330514,205.537218614,2.01012361138,25.1829454624,154.809061273,13.0698051925,2.91348716041,1.42734149412,4.39680963745,6.2264139382,4.07393450884,2.60443689367,2.64382270711,1.75585711668,0,2.53793057895,7.09236672821,6.94606990167,2.63720179533,3.62200524348,21.5609347103,3.1692926013,12.8587438345,4.31053323943,12.3067482293,11.9623873686,6.1654392498,3.81698705856,3.94537860326,0.937170974357,20.6929903013,3.81630914347,0.651149408953,1.60115496453,2.58932282153,1.62524540528,2.36977919787,1.73063204297,2.08154573596,1.97452406818,0.257806858702,3.42341374829,0,0.681033351569,0.761556540212,0.461868827143,0.730843201394,0.461202788651,1.92422236105,1.16837406102
moderate__scaption_30_external_30@@posterior_deltoid@@0.00,45,30,30,90,0,0,0,Posterior deltoid,DELT3,0,1,usable,Converged with independently replayed constrained generalized-force equilibrium and small reserve torques,488.208487,0.0493082388314,3.05814609192e-08,3.063375498e-13,9.10776611568e-06,14,0,0.0899194583402,0.0844943650419,0.000674002714256,0.0181659617256,0.12891964857,0.0100046294605,0.0192198415769,0.0100134291391,0.0100154068413,0.01000600203,0.0100125000651,0.0100092742874,0.0100115204112,0.0100106688576,0.0100209906893,0.0100184466373,0.010014336582,0.010014541994,0.0100314941901,0.0100488677542,0.0325155734181,0.0100377157023,0.0388764174805,0.030391866232,0.0470897416804,0.0568793319735,0.0463397858075,0.010003072796,0.0100051369153,0.0100078857827,0.0114501325853,0.0100434468258,0.0100161961943,0.010008173103,0.0100046541507,0.0100069289289,0.0100067856768,0.0100083855163,0.0100069313931,0.0100066731348,0.0102154629972,0.0392696600149,0.0100452376735,0.0157021771042,0.0166591328109,0.0124937298457,0.0101635122737,0.0100238924221,0.0100071178774,0.0100105212279,103.78151355,87.6306046331,0,9.03690170384,124.702999922,12.3247414582,5.17531923045,1.3587649667,4.20857448313,5.8163722964,1.96349924075,2.41111987393,1.83147260064,1.68731917907,1.89574109807,2.76515647907,7.08292895586,6.93681424236,2.63494503954,3.63485692923,16.7464115562,3.1254001127,42.6566903089,7.58654411681,14.7967394854,14.3333242455,7.76288892768,3.81677396812,3.94524938832,0.937067128697,6.19393650739,2.84692179008,0.651070189206,1.60098912193,2.58904936688,1.62499662114,2.36947509069,1.7303631467,2.0812405893,1.9742327627,0.259565943199,3.93969553944,0,0.760402519597,0.923485989703,0.525937976077,0.735040032333,0.461082098896,1.92400923815,1.16816548287
moderate__scaption_60_internal_30@@biceps@@0.00,45,60,-30,90,0,0,0,Biceps,BIClong;BICshort,0,1,usable,Converged with independently replayed constrained generalized-force equilibrium and small reserve torques,459.643075,0.137476874346,2.17214304837e-08,1.47285148585e-12,8.07945562815e-06,22,0,0.13822856114,0.231184430281,0.0100214814863,0.0388443486686,0.21735242664,0.0100034698675,0.0266660605059,0.0100068783701,0.0100078748705,0.0100016619136,0.0100016210442,0.0100045121123,0.0100040273521,0.0100043836139,0.0100067718737,0.0100071413041,0.010013872943,0.0100140747383,0.0100310331337,0.0495503596396,0.000674123687244,0.000674123687244,0.0407741610643,0.0153513835976,0.0333795270384,0.0547264177318,0.0452211074228,0.0100031825102,0.0100057736069,0.0100083506418,0.0100066188496,0.0100121150291,0.010017304493,0.0100086175415,0.0100046530627,0.0100068539625,0.0100069417714,0.0100085273559,0.0100069110224,0.0100066221769,0.0101356454827,0.0332029939703,0.0100452377647,0.0128311949856,0.015641364788,0.0113107449058,0.0101918501542,0.0100243584174,0.0100077696498,0.0100110720814,168.021143826,227.023557925,2.0163075412,18.4849531709,218.868430623,13.0677005419,6.64333413319,1.43933435457,4.40414712679,6.34845044099,4.48101782285,2.64215232709,2.81162062505,1.79020585803,2.012913007,1.8948106111,7.08260103376,6.93649058637,2.63482393509,17.9232598625,0,0,44.7389670618,3.83207625454,10.4886573618,13.7907999782,7.57548676603,3.81681583073,3.94550045002,0.937110654802,5.41306935502,2.83804045915,0.651142230561,1.60106021796,2.58904908532,1.62498444756,2.36951205185,1.73038766954,2.08123635261,1.97422270914,0.257537850257,3.33106238231,0,0.621370713862,0.867066815892,0.476138859821,0.737089469178,0.461103533893,1.92413455055,1.16822976405
moderate__scaption_60_internal_30@@brachialis@@0.00,45,60,-30,90,0,0,0,Brachialis,BRA,0,1,usable,Converged with independently replayed constrained generalized-force equilibrium and small reserve torques,530.371379,0.130726205986,2.36360619965e-08,4.61852778244e-13,8.68284325232e-06,22,0,0.13521196933,0.226171183037,0.0100217057586,0.0379455810051,0.213098901736,0.0100035255407,0.0261963614648,0.0100070003471,0.0100080059776,0.0100016960463,0.0100016545925,0.0100045965885,0.0100041036806,0.0100044667659,0.0100068980134,0.0100084314782,0.0106231705798,0.0105365307846,0.010056458264,0.0100125165727,0.0357458188164,0.0100030509291,0.000674049985178,0.0100301405972,0.032261307859,0.0536952279129,0.0420580222727,0.0100031262041,0.0100046380382,0.0100079374645,0.0322968498984,0.0146687451783,0.010015568513,0.0100080534597,0.0100051624552,0.0100076963131,0.0100073506108,0.0100090907959,0.0100076450735,0.0100074064876,0.0101948523224,0.0381927432963,0.010045237727,0.0156415980672,0.0154797533494,0.0119762971642,0.0101240944221,0.0100251660912,0.0100074837347,0.0100112739303,164.354382034,222.100539408,2.01635266446,18.0572544503,214.585237948,13.0677732688,6.52631768565,1.43935189906,4.40420482295,6.34847210668,4.48103285385,2.64217463693,2.81164207718,1.79022073744,2.0129383808,1.89505489952,7.5135443958,7.29838237795,2.64150228432,3.62170805046,18.0221666534,3.15138062619,0,2.50376543368,10.1372857612,13.5309449919,7.04560346378,3.81679434647,3.94505267007,0.937071967801,17.4709450887,4.15801178673,0.651029388815,1.60096998282,2.5891809082,1.62512123448,2.36960885964,1.73048508344,2.08138902048,1.97437744706,0.259042244043,3.83165477736,0,0.757468884849,0.858108012218,0.504156050222,0.732189275838,0.461140685522,1.92407957939,1.16825331855
moderate__forward_60_elbow_90@@infraspinatus@@0.00,90,60,0,90,0,0,0,Infraspinatus,INFSP,0,1,usable,Converged with independently replayed constrained generalized-force equilibrium and small reserve torques,386.641976,0.275938674711,1.8367765911e-08,2.21321708334e-13,3.81392782532e-05,22,0,0.151753904565,0.165286693402,0.0410322638884,0.0100080920083,0.000674211498713,0.0100001996623,0.462604779263,0.0100015900632,0.0100004832106,0.0100003018759,0.0100006180361,0.0100009883346,0.0100009263219,0.0100012168043,0.0100023436233,0.0100036649585,0.0100191427185,0.0100193738077,0.0100354513891,0.0124109072996,0.0100023785212,0.0100009553611,0.0246243510447,0.0153081890506,0.0307387772096,0.0435648185694,0.0360121256918,0.0100038839326,0.010006553847,0.0100097639935,0.0100228287484,0.0100270357767,0.0100191010336,0.0100100759754,0.0100058293416,0.010008526942,0.0100084555303,0.0100103233841,0.0100085559022,0.0100082314978,0.0101100347485,0.0290505368783,0.0100452378163,0.0116655928128,0.0128377321909,0.0103880740339,0.010105427288,0.0100267778584,0.0100089928143,0.0100128508317,172.755069515,171.531412976,8.05437294666,4.55207238647,0,13.0563069028,118.436028548,1.43629018184,4.08304928638,5.85827484997,2.89206898061,2.63531720391,2.82525685133,1.79555511634,1.79914916374,1.70763738079,7.08632823483,6.9401611147,2.63598446615,4.48924928655,5.20234575237,3.11650215068,27.0187785974,3.82129385189,9.65886968662,10.9781294643,6.03278860527,3.81708346553,3.94580811621,0.937242990976,5.42183808169,2.84226990372,0.651259008815,1.60129352095,2.58935348805,1.62525611793,2.36987049003,1.73069818726,2.08157845455,1.97454021468,0.256887103987,2.91447062475,0,0.56492460304,0.711649637009,0.437297964678,0.730839241455,0.461214824087,1.92436972116,1.16843733313
moderate__side_60_elbow_90@@anterior_deltoid@@0.00,0,60,0,90,0,0,0,Anterior deltoid,DELT1,0,1,usable,Converged with independently replayed constrained generalized-force equilibrium and small reserve torques,513.242364,0.153074849928,2.22832198994e-08,9.28146448587e-14,1.29093945275e-05,22,0,0.000674414216866,0.299932600415,0.0100058391245,0.129210723275,0.135159608958,0.0424331841771,0.0100103877494,0.010005059863,0.0630730253483,0.0100049055016,0.0100027157653,0.0100035241558,0.0100037835204,0.0100039240975,0.010008036443,0.010003217157,0.0144741540484,0.0141845497829,0.0100635810419,0.0100161386277,0.0371181808367,0.0100042988134,0.0100126899865,0.0100187997773,0.038518321721,0.0791435723187,0.0675281686918,0.0100020779151,0.0100033809751,0.0100055729176,0.01807528927,0.0107021345286,0.0100118510876,0.0100057158993,0.0100034820223,0.0100052663953,0.0100051513071,0.0100064240085,0.0100052766401,0.0100050539711,0.0119399562141,0.0565774087546,0.0100452377113,0.0224596339672,0.0238148602642,0.0174076630188,0.0105148295477,0.0100197484541,0.0100052462432,0.0100078837394,0,258.771392206,1.87865192567,60.1812715689,145.316761677,52.4010367576,2.69530286328,1.3789580709,27.996034015,6.50811985392,4.61146485371,2.502185636,2.15261085866,1.73404812716,2.0721365046,3.41404033231,10.2372637449,9.82527079256,2.64337320475,3.62301821315,19.4906476786,2.76652751072,10.9863059304,2.50093449118,12.1033913459,19.9438081396,11.3123887808,3.81639436127,3.94455698195,0.936850568508,9.77780765932,3.03363382294,0.650787749741,1.60059604757,2.58874603822,1.62472664706,2.36908809346,1.73002401899,2.08089643395,1.97391331528,0.303383801338,5.6760808426,0,1.08764295196,1.32015814095,0.732795663853,0.760447810013,0.460891483377,1.92364939012,1.16785770438
moderate__scaption_45_internal_30@@teres_minor@@0.00,45,45,-30,90,0,0,0,Teres minor,TMIN,0,1,usable,Converged with independently replayed constrained generalized-force equilibrium and small reserve torques,501.674299,0.0975506776593,2.31138169797e-08,5.56540081431e-13,7.76080142692e-06,22,0,0.125141459657,0.202741042421,0.0100250839462,0.0522652509746,0.155025582497,0.010006428395,0.000674002854406,0.0100087348975,0.0100088514605,0.0100021357825,0.0100021475847,0.0100060358534,0.010005779379,0.0100058628726,0.0100086757215,0.0100073787689,0.0100283778361,0.0100285977506,0.0100403765089,0.010013357149,0.0432860260599,0.0100041213051,0.0111316611854,0.0166861093412,0.0390611449056,0.0475886518948,0.0367359303019,0.010003627441,0.0100054393125,0.0100089850888,0.037955830933,0.0134375383132,0.0100173842259,0.0100091919542,0.0100057085808,0.0100084589075,0.0100080625045,0.0100099337996,0.0100083940911,0.0100081482899,0.010146021001,0.0341175828141,0.0100452370692,0.0140722496389,0.0137304964771,0.0109769985756,0.0101059476996,0.0100265478049,0.0100082278803,0.0100123242846,144.972522594,206.181702325,2.01013630874,25.3247916778,157.399806816,13.0695187795,0,1.42733398643,4.39675734847,6.22640336014,4.07392861004,2.60442560692,2.64381186166,1.75585077031,1.95975482304,2.5379269373,7.09286003865,6.94655030142,2.63727813382,3.62201210207,22.2029123547,3.16929222501,12.2140838736,4.16525604873,12.2739595621,11.9921165447,6.15404110393,3.81698559859,3.94536863002,0.937170059897,20.5321645957,3.80901310997,0.651147413328,1.60115210569,2.58932223704,1.62524507,2.36977742669,1.73063083146,2.08154480109,1.97452379844,0.257801483068,3.42281773715,0,0.681470729236,0.761139326553,0.462089422894,0.730876878355,0.461204242013,1.9242226518,1.16837588836
moderate__forward_75@@anterior_deltoid@@0.00,90,75,0,0,0,0,0,Anterior deltoid,DELT1,0,0,solver_failed,The static optimization solver did not converge,1513.001336,,0.000546005958816,,,0,0,,,,,,,,,,,,,,,,,,,,,,,,,,,,,,,,,,,,,,,,,,,,,,,,,,,,,,,,,,,,,,,,,,,,,,,,,,,,,,,,,,,,,,,,,,,,,,,,,,,,
moderate__forward_15@@supraspinatus@@0.00,90,15,0,0,0,0,0,Supraspinatus,SUPSP,0,1,usable,Converged with independently replayed constrained generalized-force equilibrium and small reserve torques,455.560673,0.468015182075,0.000546005596308,1.15107923193e-12,1.54216040489e-05,18,0,0.188109135076,0.22536722793,0.0100140487426,0.000673752870071,0.0579906681981,0.0397858517211,0.0100176475791,0.0100100078083,0.0100095865963,0.0100039194285,0.010013458739,0.0100093309758,0.0100115773595,0.0100100234936,0.0100174747309,0.435463105994,0.338943559984,0.246514843129,0.0100452382296,0.0261467785352,0.0100068308017,0.0100032151924,0.0100009886016,0.0100035587252,0.029857872113,0.0286963854633,0.0278620199574,0.0100023118926,0.0100013116997,0.0100082375365,0.0100034400008,0.0100185389898,0.0100100916225,0.0100055812295,0.0100060166984,0.0100094929479,0.010006512927,0.0100087560897,0.01000805427,0.0100096182846,0.0133231282463,0.0586118244077,0.0100452382296,0.0270929943131,0.0230414555798,0.0114306931494,0.0147322390728,0.0101116251219,0.0100131199898,0.0101385040214,202.94532175,245.436462375,2.01415151248,0,62.3406589724,51.9497738437,2.55438245806,1.34141451409,4.17816257023,5.33509093665,1.03613647173,2.40285432668,1.74495948745,1.6767376289,1.67969873982,333.511533117,148.267890162,78.4290710779,0,9.45776195492,2.04521042574,2.40727724683,11.498792403,2.32076281078,9.19564149551,6.8163871023,5.37453298531,3.90496967363,4.79282602287,0.994481422904,3.80007446577,2.83986139911,0.753638405637,1.71290110416,2.58940197309,1.62541298487,2.36941050714,1.73042721564,2.08147412512,1.97481381608,0.442929347357,6.40014287148,0,1.32188122188,1.63096853617,0.481188219567,1.0654570185,0.465117654714,1.92516322874,1.18310027781
moderate__forward_30@@middle_deltoid@@0.00,90,30,0,0,0,0,0,Middle deltoid,DELT2,0,1,usable,Converged with independently replayed constrained generalized-force equilibrium and small reserve torques,559.210461,0.56384110819,0.000545997740295,2.97006863548e-12,1.85909189511e-05,22,0,0.25421862876,0.00067399838259,0.0100164999819,0.196149633323,0.218702017668,0.171033239678,0.010012475111,0.0100051222052,0.0100021917377,0.0100012064544,0.0100045982273,0.0100048623977,0.0100057770826,0.0100062828024,0.0100063146483,0.34111021027,0.408486999094,0.297093600396,0.0100452378969,0.0293383466832,0.0100095304441,0.0100018218263,0.0100008217043,0.010002989504,0.0330218803451,0.0253690265461,0.0196985487804,0.0100022440127,0.0100011346038,0.0100085112662,0.0100029312151,0.0100172884963,0.010009486202,0.0100052876215,0.0100064138408,0.0100103437946,0.0100063878307,0.0100087694149,0.0100083127623,0.0100106773909,0.0137158741778,0.0616649286591,0.0100452378969,0.0296789271018,0.0229200527433,0.0113574847847,0.016568478181,0.0105400945612,0.0100161158133,0.0164949867056,309.599244668,0,2.01753364393,92.3916351144,235.204398066,223.421677784,2.55487982684,1.37231662726,4.11081199622,5.18215917109,1.22415537011,2.52650427886,2.20532566274,1.7176701515,1.60071287605,249.496189462,178.689058168,94.5207793648,0,10.6122097874,2.20859514787,2.38765836259,11.4986005101,2.32063075499,10.1700942368,6.02602392346,3.79981423978,3.9049431725,4.79274115495,0.994508622398,3.79988118972,2.83950693343,0.753592824818,1.71285084008,2.58950474739,1.62555115144,2.36938088599,1.73042951944,2.08152788633,1.97502276889,0.455986243366,6.73352787711,0,1.4480502217,1.62237514663,0.478106428944,1.19825650902,0.484826524288,1.92573921786,1.92486221957
moderate__scaption_30_external_30@@triceps@@0.00,45,30,30,90,0,0,0,Triceps,TRIlong;TRIlat;TRImed,0,1,usable,Converged with independently replayed constrained generalized-force equilibrium and small reserve torques,448.060064,0.0480135436267,1.56264427841e-08,1.83059996718e-13,9.12292364243e-06,14,0,0.0906822685035,0.0828577070714,0.010049736586,0.0175716388797,0.128856269071,0.0100045636212,0.0193971560747,0.0100134666011,0.0100157562025,0.0100061319247,0.0100127268667,0.0100092837253,0.0100115239272,0.0100106949739,0.0100214111567,0.000673966284622,0.000673966284622,0.000673966284622,0.0100330524662,0.0100615952922,0.030234907947,0.0100356986346,0.0328556110789,0.0249938942675,0.046079958389,0.0580619329678,0.0457282479364,0.0100030470229,0.0100049442673,0.0100078196405,0.0101239148945,0.0100394186108,0.0100159694852,0.0100080463267,0.0100046305976,0.0100069006079,0.0100067267914,0.0100083268092,0.0100068885506,0.0100066504353,0.0102095633821,0.0391139205961,0.0100452377557,0.0157372599524,0.016585283373,0.012552818617,0.010176607341,0.0100241336328,0.0100071333923,0.0100106316006,104.661919118,85.9331976265,2.02403215074,8.74124782008,124.641693374,12.3246603501,5.22306463597,1.35877005,4.20872128818,5.81644780242,1.9635437168,2.41112214703,1.83147324294,1.68732358094,1.89582064078,0,0,0,2.63535434781,3.63946070955,15.5718063251,3.12477206682,36.0504315334,6.23907989217,14.4794410716,14.6313341362,7.66044346928,3.81676413399,3.94517342221,0.93706093558,5.47652052001,2.8457799497,0.651055452626,1.60096884173,2.58904327171,1.62499202218,2.36946114741,1.73035299675,2.08123167893,1.97422828428,0.259416039155,3.92407111347,0,0.762101461471,0.919392203861,0.528425386103,0.735987086727,0.461093194181,1.92401222114,1.16817836268
moderate__scaption_60@@supraspinatus@@0.00,45,60,0,0,0,0,0,Supraspinatus,SUPSP,0,1,usable,Converged with independently replayed constrained generalized-force equilibrium and small reserve torques,553.546144,0.661113881404,0.000546007755878,1.30029320644e-12,1.85713687263e-05,6,0,0.180375458473,0.388122975949,0.0108136224559,0.00124739948665,0.182393761653,0.0821900651119,0.0100836153236,0.0100237990162,0.0100256818835,0.0100046476898,0.010004550099,0.0100166308734,0.0100159188068,0.0100154479655,0.0100146323888,0.404569453545,0.408116044969,0.296825615284,0.0101534189585,0.0492849818746,0.0100153236575,0.0100125669026,0.0100028434087,0.0100103370606,0.0489761172174,0.0447418767786,0.0344161755895,0.0100062241164,0.0100035561336,0.0100219560882,0.0100089129814,0.0100416979261,0.0100279736941,0.0100149605211,0.0100154986036,0.0100247862024,0.0100171699008,0.0100232826295,0.0100211061271,0.0100250741465,0.0165787839136,0.0734446302111,0.0101534189585,0.0341578981081,0.0291201707598,0.0150993628222,0.0198021637819,0.0105083487659,0.0100356932008,0.0105344648254,219.711939453,374.638880529,2.17796945449,0,195.747689939,104.681035917,2.65472346447,1.43713491689,4.30135453261,6.1880154883,4.23998738248,2.61612701578,2.74276517529,1.77519663158,2.00241633966,235.028681513,178.526787569,94.4355195192,0,17.8272679327,3.19056308383,1.24189222458,11.5009249965,2.32233534207,15.0836876133,10.6277479505,6.63881768863,3.90649703199,4.79390159984,0.995844584477,3.80215352401,2.84642604584,0.75498470859,1.71450678789,2.59185574314,1.62789641282,2.37193393823,1.73293872851,2.08418864907,1.97786312813,0.551164096244,8.01981735332,0,1.6665815364,2.06124487723,0.635625103212,1.4321213685,0.483366271393,1.92950324618,1.22930643763
moderate__forward_30@@brachialis@@0.00,90,30,0,0,0,0,0,Brachialis,BRA,0,1,usable,Converged with independently replayed constrained generalized-force equilibrium and small reserve torques,670.0958,0.437384290995,0.00054599823942,1.06581410364e-12,1.50048310321e-05,19,0,0.195325275045,0.211564382603,0.0100175763122,0.0617675697006,0.087882457468,0.0280715165904,0.0100248965118,0.0100099449628,0.0100070440864,0.0100031536845,0.0100095371361,0.0100085486927,0.0100094931889,0.0100095928435,0.0100150096131,0.406211962184,0.329747961768,0.239826940409,0.0100452377896,0.0286829193299,0.0100066328801,0.0100031121368,0.000673958010923,0.0100036542552,0.0337285900854,0.0285400500349,0.0207960948564,0.0100024776645,0.0100013275568,0.0100087842773,0.0100034404224,0.0100175312877,0.0100103974374,0.0100057923799,0.0100064522687,0.0100102112292,0.0100067682391,0.0100091477743,0.0100085096301,0.0100104176993,0.0122559042084,0.0544639419349,0.0100452377896,0.0258529702417,0.0207952248891,0.0109274860557,0.0147039244519,0.0101498377017,0.0100148120733,0.0107792612806,237.876185211,227.798430311,2.01775043949,29.0941495256,94.5137165613,36.6699791595,2.55804939153,1.37297812352,4.1128062682,5.18316813414,1.22475969179,2.52743517034,2.20614471284,1.71823835045,1.60210381179,297.113172254,144.245356284,76.3013046737,0,10.375129878,2.20795580327,2.38796638856,0,2.32078497311,10.3877470371,6.77925201435,4.01152888205,3.90503439203,4.79283362192,0.994535750507,3.80007462576,2.83957575524,0.753661429787,1.71293725197,2.58951469192,1.62552962452,2.36947096168,1.7304949345,2.08156883088,1.9749715339,0.407449328118,5.94721309651,0,1.26137980532,1.47197113391,0.46000513624,1.06340926384,0.466875368761,1.92548855561,1.25787265939
moderate__rotation_side_external_40@@middle_deltoid@@0.00,0,15,40,90,0,0,0,Middle deltoid,DELT2,0,1,usable,Converged with independently replayed constrained generalized-force equilibrium and small reserve torques,498.249769,0.027065080887,1.84402253467e-08,1.457140976e-13,6.91992163937e-06,0,0,0.0495308644423,0.00124705201163,0.0101697725853,0.0391507293774,0.080547487594,0.0381391185178,0.0101046170301,0.0100464170632,0.0100387428194,0.010017513303,0.0100483095646,0.0100431292292,0.0100656575961,0.0100472670345,0.010050557546,0.0100321599566,0.0100424263758,0.0100430717344,0.0101003938411,0.0101353581423,0.0344277456529,0.0100852562144,0.0478332147106,0.0381829101239,0.0458080251133,0.0441565728738,0.0328894708652,0.0100142657071,0.0100224200637,0.0100347027052,0.0172080897845,0.0101654742403,0.0100669716103,0.0100357847336,0.0100204791365,0.0100300900954,0.010029022216,0.010035625128,0.0100299086197,0.0100290703907,0.0103633549864,0.0296825828781,0.010153326886,0.0126395606486,0.0127671084239,0.0109958845704,0.0103473785725,0.0100946361912,0.0100309135275,0.0100456968317,39.1349826072,0,2.01100361035,19.5373276451,66.7615038868,46.607991991,2.7166955303,1.29424206896,4.29506397669,5.94952241637,2.53123612407,1.99555845789,1.09348331639,1.58700158862,1.91726643948,3.72950871202,7.10279627429,6.95657605566,2.65304272168,3.66614206444,18.0283913134,3.14643149103,52.484430373,9.53137691374,14.3939930382,11.1272487672,5.50967823177,3.82104473694,3.95206452288,0.93957807428,9.30869706052,2.88151175818,0.654370679729,1.60540610395,2.59314462783,1.62875769686,2.3747404104,1.73507263957,2.08601939061,1.97865155363,0.263323748711,2.97788010668,0,0.61209052096,0.707734663635,0.462884450673,0.748337511379,0.464336192635,1.92858428689,1.17227025677
moderate__forward_60_elbow_90@@teres_major@@0.00,90,60,0,90,0,0,0,Teres major,TMAJ,0,1,usable,Converged with independently replayed constrained generalized-force equilibrium and small reserve torques,610.427822,0.0548688827814,1.77173974094e-08,6.07214046753e-13,6.9570070553e-06,17,0,0.161812038318,0.0955571980662,0.0100230570858,0.0102338350559,0.0976906255294,0.0100060192997,0.0117997499302,0.000673825343893,0.0100080868619,0.0100031467149,0.0100049982068,0.0100090498574,0.0100081567407,0.0100092105658,0.0100147913122,0.0100145687612,0.010024353702,0.0100245882645,0.010038542672,0.0100247412977,0.0170844716612,0.0100076303727,0.0155622751175,0.0151257122829,0.0313727884362,0.0422577096018,0.0357877623361,0.0100038990108,0.0100063968099,0.0100097064274,0.0169474186205,0.0100832634991,0.0100188061529,0.0100100447947,0.0100060479744,0.0100088647145,0.0100086847196,0.0100106012259,0.0100088770073,0.0100085408434,0.0101192370121,0.0304372061182,0.010045238016,0.0122810585699,0.012866394067,0.0104253304072,0.01009403711,0.0100267395895,0.0100088714741,0.0100127684526,184.205144561,99.1674578695,1.96746248402,4.65474916967,105.051741765,13.0639050484,3.0209707773,0,4.08615374466,5.85994138456,2.89333567785,2.63744146093,2.82729944115,1.79699026564,1.80138816389,1.70949867281,7.09001385348,6.94377303413,2.63679644492,3.62612995423,8.88581934682,3.11858222078,17.0755227259,3.77574324183,9.85809139853,10.6487441497,5.99520302342,3.81708921878,3.94574619306,0.937237600893,9.16768728369,2.85820824948,0.651239841064,1.60128853303,2.58941006683,1.62531096785,2.36992475904,1.73074622369,2.08164523796,1.97460124597,0.257120925423,3.05358704737,0,0.594729496292,0.713238485673,0.438866314709,0.730015487165,0.461213063782,1.92434639181,1.16842772
moderate__scaption_75@@subscapularis@@0.00,45,75,0,0,0,0,0,Subscapularis,SUBSC,0,1,usable,Converged with independently replayed constrained generalized-force equilibrium and small reserve torques,577.749744,0.757542892382,0.000546006219803,8.22924328555e-13,2.00454142893e-05,24,0,0.192815939803,0.438624126721,0.0169098361911,0.200089990811,0.137577852894,0.000674005829139,0.010009985524,0.0100066029592,0.0100142071943,0.0100011851891,0.0100011222201,0.0100048088501,0.0100042996914,0.0100040299255,0.0100030799823,0.389120140288,0.440523708774,0.320394001533,0.0100452378656,0.0514969107867,0.0100036036314,0.0100041454412,0.0100007622464,0.0100027992153,0.0517465634732,0.0453331493012,0.0327972173708,0.0100017464221,0.0100009656781,0.0100062802978,0.0100024339807,0.0100117756565,0.0100078386969,0.0100041871871,0.0100044515085,0.0100071728323,0.0100048449263,0.0100066124651,0.0100060313395,0.0100072844716,0.0170126477184,0.0765309781092,0.0100452378656,0.0359242592607,0.0298703713886,0.0153233313745,0.0208610773479,0.0102989860844,0.0100106211753,0.0111332608778,233.816236336,354.867951379,3.4059449904,91.6949772837,146.16931418,0,2.67186405175,1.43946667882,4.30004049058,6.32247885243,4.52837571726,2.65026179623,2.84947736296,1.80863283492,2.05789613605,204.34877941,192.703236109,101.933837333,0,18.6273625632,3.5003978307,0.927608109828,11.4985321477,2.32058660927,15.9369309547,10.7681956878,6.32652359216,3.90474891015,4.79266020247,0.994286939358,3.79969230215,2.83794426037,0.753468787681,1.71266245169,2.58899692622,1.62503622793,2.36901554653,1.73005660151,2.08105339625,1.97435337433,0.565587961886,8.35683241297,0,1.7527632117,2.11434714833,0.6450533179,1.50870354219,0.473735942122,1.92468279648,1.29918220772
moderate__side_30_elbow_90@@anterior_deltoid@@0.00,0,30,0,90,0,0,0,Anterior deltoid,DELT1,0,1,usable,Converged with independently replayed constrained generalized-force equilibrium and small reserve torques,631.233823,0.0833096650654,3.0053710933e-08,5.36160798981e-13,9.52671312063e-06,19,0,0.000673942300123,0.199557653232,0.0100042547389,0.0825363428643,0.0879689816705,0.0100922678472,0.0100119572126,0.010005522832,0.0679791107656,0.0546388754473,0.0100899586024,0.0100042750197,0.0100055763301,0.0100052774055,0.0134810968883,0.0100024593072,0.0100487411901,0.0100486634027,0.0100459073125,0.0100094442918,0.0667080927127,0.0100089189122,0.0100400678892,0.0121384438009,0.0451607426617,0.0582605292937,0.0442641024675,0.0100029858994,0.0100043658211,0.0100075454212,0.0544506235347,0.0211537386542,0.0100149806692,0.010007682265,0.0100048488523,0.010007280294,0.0100068676388,0.0100085382696,0.0100072041836,0.0100070017071,0.0102828009438,0.0421054108175,0.0100452376544,0.017422943864,0.0166163467189,0.0130617628769,0.0101433590682,0.0100245200406,0.0100069568353,0.0100106904165,0,205.359701662,1.91401886134,40.601334493,94.5680530326,12.7495691558,2.60906388939,1.33662757969,30.0084474668,33.8850630221,3.65970223251,2.30112820477,1.53705147141,1.66993421137,2.6955934763,4.07303225017,7.10726260946,6.96044925995,2.63873089508,3.62059675098,35.0267031524,3.17082550416,11.0163460102,3.03004885219,14.190601185,14.6813794764,7.41516830503,3.81674081173,3.94494532602,0.93703525962,29.4550043352,5.99625213938,0.650991177761,1.60091060341,2.58909975262,1.62505367833,2.36949449823,1.73038955642,2.08129732424,1.97429758726,0.26127694131,4.22418984855,0,0.843733345059,0.921114176233,0.549849982042,0.733582523063,0.461110968288,1.92397827548,1.16818522613
moderate__scaption_60_external_30@@latissimus_dorsi@@0.00,45,60,30,90,0,0,0,Latissimus dorsi,LAT1;LAT2;LAT3,0,1,usable,Converged with independently replayed constrained generalized-force equilibrium and small reserve torques,411.611833,0.0987296079668,1.80993846905e-08,5.59080701765e-13,1.24882130937e-05,14,0,0.0836087950794,0.149535914332,0.0122242117913,0.0400260803462,0.213470067773,0.0100039819853,0.036883414437,0.0100140015051,0.0100113785786,0.01000358854,0.010004320795,0.000809291918486,0.000809291918486,0.000809291918486,0.0100136124215,0.0100414090333,0.0100520809024,0.0100522969949,0.010061955706,0.0107607307818,0.0292269215839,0.0100104086661,0.0101173200926,0.0100664305898,0.0399082835718,0.0773417568085,0.0684254807606,0.0100030740015,0.0100053908134,0.0100083039617,0.0100286458863,0.0100421769128,0.0100180049298,0.0100086028726,0.0100049600358,0.0100074612707,0.0100074454786,0.010009249699,0.0100075182221,0.0100071663957,0.0116011755626,0.0540274678509,0.0100650930043,0.0210221427935,0.0236440141818,0.0168459787494,0.0107279236521,0.0100281684616,0.0100077247523,0.0100113539579,101.830597771,143.429845083,2.46220487375,18.714902907,225.888384098,12.1097210372,9.93555144543,1.42099695959,4.20300869894,6.04281140804,3.57989242459,0,0,0,1.99210534685,1.56867997615,7.10962471731,6.96296615504,2.64294628229,3.89235064116,14.7700952178,3.17129613451,11.1011100794,2.51282429269,12.540151087,19.4897591021,11.4627074273,3.8167744281,3.94534950614,0.937106284005,5.42498485602,2.84656181973,0.651187760166,1.60105787139,2.58912852518,1.62508306662,2.36963132308,1.7305125564,2.08136263795,1.97433007896,0.294775682504,5.42026017077,0,1.01803019042,1.31068742202,0.709150916336,0.775859086493,0.461278789483,1.92412591841,1.16826265727
moderate__side_30@@infraspinatus@@0.00,0,30,0,0,0,0,0,Infraspinatus,INFSP,0,1,usable,Converged with independently replayed constrained generalized-force equilibrium and small reserve torques,503.727178,0.666412564422,0.000546002199544,2.59715859929e-13,1.90642593978e-05,18,0,0.299431063054,0.311607925159,0.0100094100061,0.113844280897,0.000869203378672,0.0505704415755,0.0100170740902,0.0100090501614,0.0217935215214,0.0100089971119,0.0100072463778,0.0100071823468,0.0100095447346,0.010007875571,0.0100234318075,0.41846765394,0.418973924264,0.304721285433,0.0100750387454,0.0404078862476,0.0100126828803,0.0100075792121,0.0100013395979,0.0100048766816,0.0363788038849,0.042032988664,0.0498450267094,0.0100027774317,0.0100017455965,0.0100099190266,0.0100044725404,0.0100233131155,0.010013274177,0.0100070518751,0.0100069962597,0.0100111026079,0.0100081104981,0.0100108837755,0.0100097140289,0.0100111207187,0.0185233452672,0.0805406501293,0.0100750387454,0.0357916147718,0.0333071265555,0.0158295002967,0.0189409709786,0.0101393706872,0.0100147817344,0.0100735493593,213.40081171,320.66778449,1.91500516952,56.0023568768,0,63.8856748402,2.61039732116,1.33709879209,9.62045161142,6.20721958811,3.62970190319,2.3017969325,1.53766109642,1.67036785916,2.00422099309,321.0856036,183.276471701,96.9475389343,0,14.6162621417,2.00398706632,1.40949483726,11.4991959664,2.32106856837,11.203961128,9.98429304406,9.61501501374,3.905151423,4.79303395473,0.994648506324,3.8004667035,2.8412146758,0.753878013365,1.71315287071,2.58965546838,1.62567437297,2.36978879094,1.73079507407,2.08181932161,1.97511023374,0.61581132292,8.7946702393,0,1.7462914184,2.35761474604,0.666361082797,1.36983864875,0.466393903792,1.92548272245,1.17552047328
moderate__neutral@@subscapularis@@0.00,0,0,0,0,0,0,0,Subscapularis,SUBSC,0,1,usable,Converged with independently replayed constrained generalized-force equilibrium and small reserve torques,551.619559,0.496683834434,0.000546019314198,6.46593889542e-13,5.22736490994e-05,21,0,0.0980934481877,0.145988214896,0.0100077748024,0.0100076254311,0.0100005334328,0.000674009694061,0.0100025168325,0.0415111970903,0.132981923085,0.0825142926379,0.0100096848615,0.092863021073,0.0527750280357,0.0407445142825,0.0100233746073,0.470900588386,0.354878290973,0.258104172644,0.0100452378481,0.023189990684,0.0100094757027,0.0100046874318,0.0100009447041,0.0100034060192,0.0256397626872,0.0285414314845,0.0351892230163,0.0100021459765,0.0100012791224,0.0100077218758,0.0100034015938,0.0100198711665,0.010009724574,0.0100053419568,0.010005623039,0.0100088591844,0.010006243042,0.0100083607523,0.0100076215806,0.0100089273476,0.0145981025964,0.0635376664837,0.0100452378481,0.0286988891445,0.0255636898058,0.0120823009759,0.0148922103813,0.0100913193101,0.0100117793028,0.0100730305678,81.8914619348,159.718777147,1.9744295276,4.90806433138,10.7336097065,0,2.55040671685,5.4434082915,56.6266252068,47.1383082502,1.31726885577,20.5032852133,7.06311254152,6.59453090776,1.81487624791,363.186887823,155.238398637,82.1162338619,0,8.38823839546,1.87142934811,2.29045211203,11.4987419316,2.32072738406,7.89654617093,6.77958015668,6.78793713154,3.90490489903,4.79281041115,0.994430183632,3.80005987618,2.84023901876,0.75361077134,1.71286014198,2.58930010015,1.62531006983,2.36934660192,1.73035886522,2.08138413443,1.97467750001,0.485316056098,6.93802227325,0,1.40023366228,1.80950259833,0.508618402996,1.07702637684,0.46418362171,1.92490546277,1.17545993354
moderate__scaption_30@@teres_major@@0.00,45,30,0,0,0,0,0,Teres major,TMAJ,0,1,usable,Converged with independently replayed constrained generalized-force equilibrium and small reserve torques,534.587041,0.544244778639,0.000545997680142,1.27897692437e-12,1.64911816085e-05,23,0,0.199749685946,0.283173603704,0.0100212707447,0.0969716050608,0.0945024787886,0.0626149113473,0.010017714879,0.000674006603232,0.0100093116254,0.0100020750649,0.0100033049576,0.010006684229,0.0100079269636,0.0100062872168,0.0100081802852,0.430289266753,0.362416928953,0.263587001444,0.0100452377581,0.0388414523577,0.0100057451035,0.0100033583543,0.0100009252538,0.0100033560329,0.0390308564047,0.0390182794187,0.0360481529667,0.0100019694645,0.010001172572,0.010006891043,0.010002996045,0.0100143977555,0.0100089369637,0.0100048142506,0.0100048826697,0.010007730206,0.0100055100736,0.010007403635,0.0100066797035,0.0100077827475,0.0153125023935,0.067547966787,0.0100452377581,0.0307904597221,0.0272406740946,0.013598551065,0.0171209626784,0.0100991450335,0.0100106139135,0.0100707302879,223.555918075,294.061926195,2.0144865455,48.3132872208,101.635173406,80.6352170743,2.60306367551,0,4.28361114703,5.96068908393,2.37310367448,2.50043813469,2.04012537609,1.70512682035,1.90212764317,303.315960516,158.536109698,83.8606041115,0,14.0496547171,2.5283333739,1.83791436248,11.4987195677,2.32071578739,12.0207415095,9.2681950096,6.95362315709,3.90483598707,4.79275935003,0.994347626833,3.79990581709,2.83868752222,0.753551473844,1.71276980155,2.58910850404,1.62512673825,2.36917304467,1.73019338793,2.08118824293,1.97445168,0.50906638194,7.37592870524,0,1.50228247382,1.92820641048,0.572446700288,1.23821299374,0.464543591754,1.92468140021,1.1751915052
moderate__forward_60_elbow_90@@supraspinatus@@0.00,90,60,0,90,0,0,0,Supraspinatus,SUPSP,0,1,usable,Converged with independently replayed constrained generalized-force equilibrium and small reserve torques,518.94011,0.0556222439688,8.8408981469e-08,9.90318937966e-14,6.96229885032e-06,17,0,0.160407112379,0.100762584624,0.010023283322,0.000673923624536,0.0985870398901,0.0100065190674,0.0112949174692,0.0100118893176,0.0100078182574,0.0100030745863,0.010004908678,0.0100090019087,0.0100081382516,0.0100092013059,0.0100144146253,0.01001440308,0.010024863155,0.010025096784,0.0100387973094,0.0100237557122,0.0177404021835,0.010007314176,0.0148870857891,0.0148490161258,0.031348330163,0.042262861721,0.035747430769,0.0100038975093,0.0100063747587,0.010009698885,0.0178231127097,0.0100901326922,0.0100187782895,0.0100100336288,0.0100060554287,0.0100088770336,0.0100086896213,0.0100106083517,0.0100088873488,0.0100085523664,0.0101195555646,0.0304876342684,0.0100452377452,0.0123090747278,0.0128639357898,0.0104279190738,0.01009382206,0.010026752941,0.0100088676565,0.0100127730982,182.605791478,104.56950985,1.96750689299,0,106.015702118,13.0645575477,2.89172362224,1.43776921846,4.08604407775,5.85989913142,2.89330978832,2.63742882614,2.82729421787,1.79698860312,1.8013204087,1.70947039138,7.09037417857,6.94412527211,2.63686332954,3.62577345017,9.22697593841,3.11848368785,16.3346792042,3.70667319629,9.85040601662,10.6500424596,5.98844663811,3.81708864609,3.94573749941,0.937236894744,9.6413930296,2.86015539528,0.651238030074,1.60128674691,2.5894119959,1.62531296831,2.36992591969,1.73074745569,2.08164738879,1.97460351935,0.257129019561,3.05864620906,0,0.596086222616,0.713102213043,0.438975287614,0.729999934426,0.461213677931,1.9243456578,1.16842826211
moderate__scaption_75@@supraspinatus@@0.00,45,75,0,0,0,0,0,Supraspinatus,SUPSP,0,1,usable,Converged with independently replayed constrained generalized-force equilibrium and small reserve torques,520.634234,0.767835118493,0.000546006219803,1.95399252334e-12,2.00720528194e-05,16,0,0.18335621559,0.435282011299,0.0219062007248,0.000952891284633,0.249560317297,0.114103558955,0.010052902161,0.0100116018341,0.0100139213176,0.0100020394102,0.0100020104208,0.010007997619,0.010007158773,0.010007087933,0.0100059914348,0.388336299298,0.441115049641,0.320824822125,0.0100898491159,0.0515142603586,0.0100077773462,0.0100079796764,0.0100015285169,0.0100055868354,0.051711735748,0.0453349790168,0.032904434584,0.0100034898015,0.0100019346527,0.0100125268578,0.0100048608669,0.010023491333,0.0100156329468,0.0100083556299,0.0100088828965,0.0100143065676,0.0100096678263,0.0100131907574,0.0100120321818,0.0100145287595,0.0170990759504,0.0766349775352,0.0100898491159,0.0359805005867,0.0299355843198,0.015417903563,0.0209154193687,0.0105209179043,0.0100211738001,0.0113813400111,222.345000533,352.164019742,4.41230262518,0,265.144859136,144.462296782,2.683319355,1.44018577539,4.29991773685,6.32301886794,4.52877788277,2.65110649726,2.85029170164,1.8091856934,2.05849509827,203.937140606,192.961912989,102.070903557,0,18.6336382167,3.50185827061,0.927963629211,11.4994131792,2.32123331962,15.9262046955,10.7686303087,6.34720559762,3.90542953717,4.7931245542,0.99490763685,3.80061421983,2.84126519345,0.7540556001,1.71337606644,2.59014370073,1.62619465483,2.37015754576,1.73119393127,2.08230145084,1.97578261164,0.568461281098,8.36818867412,0,1.75550725512,2.11896318652,0.649034443315,1.5126336364,0.483944430505,1.9267116871,1.32813149757
moderate__side_45_elbow_90@@teres_minor@@0.00,0,45,0,90,0,0,0,Teres minor,TMIN,0,1,usable,Converged with independently replayed constrained generalized-force equilibrium and small reserve torques,356.901272,0.084049969168,1.93566687479e-08,7.85715946121e-13,1.10530357128e-05,20,0,0.0490931696389,0.215960330068,0.0100839119606,0.0789771088581,0.0974099361674,0.0100223822149,0.000673984378955,0.0100106400898,0.0100107665971,0.0100027474562,0.0100026105955,0.0100079886725,0.010009844554,0.0100075311969,0.0100076688412,0.0100076272976,0.0100193988206,0.0100196306547,0.0100356276719,0.010030403883,0.0355375887514,0.0100061324116,0.024063574805,0.0206528082328,0.0457287303744,0.0668424003221,0.0588721293105,0.0100024897359,0.0100043459334,0.010006580233,0.0147317558287,0.0100619449313,0.0100140056695,0.0100068608276,0.0100039407625,0.0100059086889,0.0100058478419,0.0100072449138,0.0100059410369,0.0100056749462,0.0106882038194,0.0482572788912,0.0100452378476,0.0189579711836,0.0205925295665,0.0149088958423,0.0102419075105,0.0100211208889,0.0100059801574,0.0100087903772,34.2649100473,213.667760672,1.90608073281,37.7080155229,104.727674642,12.505536034,0,1.35644300229,4.44165099489,6.36674610127,4.41944748325,2.40956746812,1.80256450687,1.70250974638,2.07967469339,3.779981879,7.08650937042,6.94033902598,2.63603076979,3.62817821362,18.6601811037,3.12017107939,26.4034734864,5.15543993259,14.3690767079,16.8439706291,9.86232009522,3.81655149568,3.94493748675,0.936944886339,7.96912695697,2.85216527475,0.650927801311,1.60077919965,2.58886475306,1.6248309473,2.36925302374,1.73016594641,2.08103461513,1.97403582846,0.271577872312,4.84137082728,0,0.918069447234,1.14153076052,0.627607175897,0.740709690213,0.460954613056,1.92379049547,1.16796350338
moderate__side_45@@brachioradialis@@0.00,0,45,0,0,0,0,0,Brachioradialis,BRD,0,1,usable,Converged with independently replayed constrained generalized-force equilibrium and small reserve torques,525.419564,0.732762662527,0.000546006254107,8.38061568753e-13,1.94956779763e-05,25,0,0.295681546154,0.363864020352,0.0100059769332,0.12218936375,0.0614971748233,0.123137867579,0.0100077039413,0.010005229213,0.0374451375409,0.0100038394942,0.0100025308355,0.010003917559,0.0100047470182,0.0100041579114,0.0100077094675,0.416151151413,0.428498186188,0.31164740928,0.0100452379985,0.0475009455371,0.0100067968057,0.0100056840161,0.0100007835405,0.000673879891296,0.040961260524,0.0484305902204,0.0564404856161,0.0100015422223,0.0100009981602,0.0100054538631,0.0100025356228,0.0100124941583,0.0100075257593,0.0100039491309,0.0100037954476,0.0100060233503,0.0100044950071,0.0100060220677,0.0100053232992,0.010006013433,0.0198215971498,0.0861825495492,0.0100452379985,0.0379340867164,0.0361319884779,0.0172647771193,0.0201883832427,0.0100740661391,0.0100079552794,0.0100338233873,206.372936516,360.001350216,1.89134930172,58.3399226897,66.1170345621,153.646608874,2.66796419474,1.3557098278,16.6139356861,6.36744118322,4.41941224295,2.40858728889,1.80164654684,1.70193587342,2.07968313586,314.932880479,187.442776633,99.1510957467,0,17.1819497733,1.98029886247,0.955075779908,11.4985566309,0,12.6152682803,11.5039453647,10.8872670436,3.90466918921,4.79267576852,0.994204819619,3.79973091363,2.83814792737,0.753445227279,1.71262169775,2.58882714784,1.62484956683,2.36893269028,1.72995452692,2.08090613809,1.97410260907,0.658971896597,9.41073982456,0,1.85082373399,2.55757003513,0.726780717028,1.46005332331,0.463390005024,1.92417024048,1.17088469975
moderate__forearm_pronation_45@@teres_major@@0.00,0,0,0,90,-45,0,0,Teres major,TMAJ,0,1,usable,Converged with independently replayed constrained generalized-force equilibrium and small reserve torques,480.1383,0.0273183228155,0.000546103018789,1.20792265079e-13,1.41919277348e-06,2,0,0.0286614975997,0.0100043330862,0.0100244422232,0.0100109080297,0.0412554207574,0.0100039238377,0.0172348407659,0.000673982248879,0.0339895248992,0.101567470256,0.0285691602896,0.0100230698769,0.0100264502138,0.0100431727223,0.0181171643114,0.0100438762567,0.0100125998077,0.0100127906283,0.010029675547,0.010055528698,0.0297293521664,0.0550317107231,0.0467022374397,0.0321219559264,0.0300537098709,0.010156839354,0.0100227602138,0.0134035459869,0.0100214670162,0.0100613493738,0.0120054095559,0.0100419074962,0.0100472369845,0.0100487837736,0.010041940243,0.0100462227229,0.0100332829182,0.0100377243491,0.010039906612,0.0100484710661,0.0100431501476,0.0100399550136,0.0100452373357,0.0100485056827,0.0100391318617,0.0100475816523,0.0100545186525,0.0100576964605,0.010057225855,0.0100941785422,23.9275097519,10.9452660107,1.97771783555,4.90967422709,44.2795964514,12.9928464515,4.3944793485,0,14.4734866445,58.0229021085,3.75968532045,2.21299994369,1.34188363119,1.62549521321,3.28037337686,4.54594038697,7.08170057192,6.93560111647,2.6344673414,3.62769047149,15.3453395359,16.1563122527,51.2434789102,8.24393082068,9.60096640261,2.56405725282,1.66187152767,5.23482152393,4.19283408912,0.966698288954,6.6809257696,2.68822638618,0.68243196317,1.63505717594,2.59840622513,1.61636922444,2.37487082599,1.73535705424,2.11119467932,1.98119285831,0.255366875349,1.00465627255,0,0.487093284445,0.56264260323,0.426294869674,0.766709964158,0.462637027496,1.93364320201,1.17792777044
