1/7 Installing Debian build dependencies
Get:1 http://deb.debian.org/debian bullseye InRelease [75.1 kB]
Get:2 http://deb.debian.org/debian-security bullseye-security InRelease [27.2 kB]
Get:3 http://deb.debian.org/debian bullseye-updates InRelease [44.0 kB]
Get:4 http://deb.debian.org/debian bullseye/main amd64 Packages [8066 kB]
Get:5 http://deb.debian.org/debian-security bullseye-security/main amd64 Packages [469 kB]
Get:6 http://deb.debian.org/debian bullseye-updates/main amd64 Packages [18.8 kB]
Fetched 8701 kB in 8s (1026 kB/s)
Reading package lists...
Reading package lists...
Building dependency tree...
Reading state information...
The following additional packages will be installed:
  binutils binutils-common binutils-x86-64-linux-gnu bzip2 cmake-data cpp
  cpp-10 distro-info-data dpkg-dev file freeglut3 g++ g++-10 gcc gcc-10
  gfortran-10 git-man libarchive13 libasan6 libatomic1 libbinutils libblas-dev
  libblas3 libbrotli1 libbsd0 libc-dev-bin libc6-dev libcc1-0 libcrypt-dev
  libctf-nobfd0 libctf0 libcurl3-gnutls libcurl4 libdpkg-perl libdrm-amdgpu1
  libdrm-common libdrm-intel1 libdrm-nouveau2 libdrm-radeon1 libdrm2 libedit2
  libegl-dev libegl-mesa0 libegl1 libelf1 liberror-perl libexpat1 libgbm1
  libgcc-10-dev libgdbm-compat4 libgdbm6 libgfortran-10-dev libgfortran5
  libgl-dev libgl1 libgl1-mesa-dev libgl1-mesa-dri libglapi-mesa libgles-dev
  libgles1 libgles2 libglib2.0-0 libglu1-mesa libglu1-mesa-dev libglvnd-dev
  libglvnd0 libglx-dev libglx-mesa0 libglx0 libgomp1 libice-dev libice6
  libicu67 libisl23 libitm1 libjsoncpp24 liblapack3 libldap-2.4-2 libllvm11
  liblsan0 libmagic-mgc libmagic1 libmd0 libmpc3 libmpdec3 libmpfr6
  libncurses6 libncursesw6 libnghttp2-14 libnsl-dev libopenblas-pthread-dev
  libopenblas0 libopenblas0-pthread libopengl-dev libopengl0 libpciaccess0
  libpcre16-3 libpcre2-16-0 libpcre2-32-0 libpcre2-posix2 libpcre32-3
  libpcrecpp0v5 libperl5.32 libprocps8 libpsl5 libpthread-stubs0-dev
  libpython3-stdlib libpython3.9-minimal libpython3.9-stdlib libquadmath0
  libreadline8 librhash0 librtmp1 libsasl2-2 libsasl2-modules-db
  libsensors-config libsensors5 libsigsegv2 libsm-dev libsm6 libsqlite3-0
  libssh2-1 libstdc++-10-dev libtirpc-dev libtsan0 libubsan1 libuv1 libvulkan1
  libwayland-client0 libwayland-server0 libx11-6 libx11-data libx11-dev
  libx11-xcb1 libxau-dev libxau6 libxcb-dri2-0 libxcb-dri3-0 libxcb-glx0
  libxcb-present0 libxcb-shm0 libxcb-sync1 libxcb-xfixes0 libxcb1 libxcb1-dev
  libxdamage1 libxdmcp-dev libxdmcp6 libxext-dev libxext6 libxfixes-dev
  libxfixes3 libxi6 libxml2 libxmu-headers libxmu6 libxshmfence1 libxt-dev
  libxt6 libxxf86vm1 libz3-4 linux-libc-dev m4 make media-types openssl patch
  perl perl-modules-5.32 procps python3-minimal python3.9 python3.9-minimal
  readline-common x11-common x11proto-dev x11proto-input-dev x11proto-xext-dev
  xorg-sgml-doctools xtrans-dev xz-utils
Suggested packages:
  autoconf-archive gnu-standards autoconf-doc gettext binutils-doc bison-doc
  bzip2-doc cmake-doc cpp-doc gcc-10-locales debian-keyring g++-multilib
  g++-10-multilib gcc-10-doc gcc-multilib manpages-dev flex gdb gcc-doc
  gcc-10-multilib gfortran-multilib gfortran-doc gfortran-10-multilib
  gfortran-10-doc libcoarrays-dev gettext-base git-daemon-run
  | git-daemon-sysvinit git-doc git-el git-email git-gui gitk gitweb git-cvs
  git-mediawiki git-svn lrzip liblapack-doc glibc-doc gnupg sensible-utils bzr
  gdbm-l10n libice-doc pciutils lm-sensors libsm-doc libssl-doc
  libstdc++-10-doc libtool-doc gcj-jdk libx11-doc libxcb-doc libxext-doc
  libxt-doc m4-doc make-doc ed diffutils-doc perl-doc
  libterm-readline-gnu-perl | libterm-readline-perl-perl
  libtap-harness-archive-perl python3-doc python3-tk python3-venv
  python3.9-venv python3.9-doc binfmt-support readline-doc
Recommended packages:
  fakeroot gnupg libalgorithm-merge-perl less ssh-client manpages manpages-dev
  libc-devtools libfile-fcntllock-perl liblocale-gettext-perl libglib2.0-data
  shared-mime-info xdg-user-dirs libldap-common libgpm2 publicsuffix
  libsasl2-modules libltdl-dev mesa-vulkan-drivers | vulkan-icd netbase psmisc
The following NEW packages will be installed:
  autoconf automake autotools-dev binutils binutils-common
  binutils-x86-64-linux-gnu bison build-essential byacc bzip2 ca-certificates
  cmake cmake-data cpp cpp-10 curl distro-info-data dpkg-dev file freeglut3
  freeglut3-dev g++ g++-10 gcc gcc-10 gfortran gfortran-10 git git-man
  libarchive13 libasan6 libatomic1 libbinutils libblas-dev libblas3 libbrotli1
  libbsd0 libc-dev-bin libc6-dev libcc1-0 libcrypt-dev libctf-nobfd0 libctf0
  libcurl3-gnutls libcurl4 libdpkg-perl libdrm-amdgpu1 libdrm-common
  libdrm-intel1 libdrm-nouveau2 libdrm-radeon1 libdrm2 libedit2 libegl-dev
  libegl-mesa0 libegl1 libelf1 liberror-perl libexpat1 libgbm1 libgcc-10-dev
  libgdbm-compat4 libgdbm6 libgfortran-10-dev libgfortran5 libgl-dev libgl1
  libgl1-mesa-dev libgl1-mesa-dri libglapi-mesa libgles-dev libgles1 libgles2
  libglib2.0-0 libglu1-mesa libglu1-mesa-dev libglvnd-dev libglvnd0 libglx-dev
  libglx-mesa0 libglx0 libgomp1 libice-dev libice6 libicu67 libisl23 libitm1
  libjsoncpp24 liblapack-dev liblapack3 libldap-2.4-2 libllvm11 liblsan0
  libmagic-mgc libmagic1 libmd0 libmpc3 libmpdec3 libmpfr6 libncurses6
  libncursesw6 libnghttp2-14 libnsl-dev libopenblas-dev
  libopenblas-pthread-dev libopenblas0 libopenblas0-pthread libopengl-dev
  libopengl0 libpciaccess0 libpcre16-3 libpcre2-16-0 libpcre2-32-0
  libpcre2-dev libpcre2-posix2 libpcre3-dev libpcre32-3 libpcrecpp0v5
  libperl5.32 libprocps8 libpsl5 libpthread-stubs0-dev libpython3-stdlib
  libpython3.9-minimal libpython3.9-stdlib libquadmath0 libreadline8 librhash0
  librtmp1 libsasl2-2 libsasl2-modules-db libsensors-config libsensors5
  libsigsegv2 libsm-dev libsm6 libsqlite3-0 libssh2-1 libssl-dev
  libstdc++-10-dev libtirpc-dev libtool libtsan0 libubsan1 libuv1 libvulkan1
  libwayland-client0 libwayland-server0 libx11-6 libx11-data libx11-dev
  libx11-xcb1 libxau-dev libxau6 libxcb-dri2-0 libxcb-dri3-0 libxcb-glx0
  libxcb-present0 libxcb-shm0 libxcb-sync1 libxcb-xfixes0 libxcb1 libxcb1-dev
  libxdamage1 libxdmcp-dev libxdmcp6 libxext-dev libxext6 libxfixes-dev
  libxfixes3 libxi-dev libxi6 libxml2 libxmu-dev libxmu-headers libxmu6
  libxshmfence1 libxt-dev libxt6 libxxf86vm1 libz3-4 linux-libc-dev
  lsb-release m4 make media-types ninja-build openssl patch patchelf perl
  perl-modules-5.32 pkg-config procps python3 python3-minimal python3.9
  python3.9-minimal readline-common wget x11-common x11proto-dev
  x11proto-input-dev x11proto-xext-dev xorg-sgml-doctools xtrans-dev xz-utils
0 upgraded, 207 newly installed, 0 to remove and 1 not upgraded.
Need to get 186 MB of archives.
After this operation, 798 MB of additional disk space will be used.
Get:1 http://deb.debian.org/debian-security bullseye-security/main amd64 perl-modules-5.32 all 5.32.1-4+deb11u5 [2823 kB]
Get:2 http://deb.debian.org/debian bullseye/main amd64 libgdbm6 amd64 1.19-2 [64.9 kB]
Get:3 http://deb.debian.org/debian bullseye/main amd64 libgdbm-compat4 amd64 1.19-2 [44.7 kB]
Get:4 http://deb.debian.org/debian-security bullseye-security/main amd64 libperl5.32 amd64 5.32.1-4+deb11u5 [4102 kB]
Get:5 http://deb.debian.org/debian-security bullseye-security/main amd64 perl amd64 5.32.1-4+deb11u5 [294 kB]
Get:6 http://deb.debian.org/debian-security bullseye-security/main amd64 libpython3.9-minimal amd64 3.9.2-1+deb11u7 [807 kB]
Get:7 http://deb.debian.org/debian-security bullseye-security/main amd64 libexpat1 amd64 2.2.10-2+deb11u7 [99.2 kB]
Get:8 http://deb.debian.org/debian-security bullseye-security/main amd64 python3.9-minimal amd64 3.9.2-1+deb11u7 [1944 kB]
Get:9 http://deb.debian.org/debian bullseye/main amd64 python3-minimal amd64 3.9.2-3 [38.2 kB]
Get:10 http://deb.debian.org/debian bullseye/main amd64 media-types all 4.0.0 [30.3 kB]
Get:11 http://deb.debian.org/debian bullseye/main amd64 libmpdec3 amd64 2.5.1-1 [87.7 kB]
Get:12 http://deb.debian.org/debian bullseye/main amd64 libncursesw6 amd64 6.2+20201114-2+deb11u2 [132 kB]
Get:13 http://deb.debian.org/debian bullseye/main amd64 readline-common all 8.1-1 [73.7 kB]
Get:14 http://deb.debian.org/debian bullseye/main amd64 libreadline8 amd64 8.1-1 [169 kB]
Get:15 http://deb.debian.org/debian-security bullseye-security/main amd64 libsqlite3-0 amd64 3.34.1-3+deb11u1 [797 kB]
Get:16 http://deb.debian.org/debian-security bullseye-security/main amd64 libpython3.9-stdlib amd64 3.9.2-1+deb11u7 [1685 kB]
Err:16 http://deb.debian.org/debian-security bullseye-security/main amd64 libpython3.9-stdlib amd64 3.9.2-1+deb11u7
  Error reading from server. Remote end closed connection [IP: 199.232.18.132 80]
Get:17 http://deb.debian.org/debian-security bullseye-security/main amd64 python3.9 amd64 3.9.2-1+deb11u7 [468 kB]
Get:18 http://deb.debian.org/debian bullseye/main amd64 libpython3-stdlib amd64 3.9.2-3 [21.4 kB]
Get:19 http://deb.debian.org/debian bullseye/main amd64 python3 amd64 3.9.2-3 [37.9 kB]
Get:20 http://deb.debian.org/debian bullseye/main amd64 libncurses6 amd64 6.2+20201114-2+deb11u2 [102 kB]
Get:21 http://deb.debian.org/debian bullseye/main amd64 libprocps8 amd64 2:3.3.17-5 [63.9 kB]
Get:22 http://deb.debian.org/debian bullseye/main amd64 procps amd64 2:3.3.17-5 [502 kB]
Get:23 http://deb.debian.org/debian bullseye/main amd64 bzip2 amd64 1.0.8-4 [49.3 kB]
Get:24 http://deb.debian.org/debian-security bullseye-security/main amd64 openssl amd64 1.1.1w-0+deb11u8 [860 kB]
Get:25 http://deb.debian.org/debian-security bullseye-security/main amd64 ca-certificates all 20250419~deb12u1~deb11u1 [175 kB]
Get:26 http://deb.debian.org/debian bullseye/main amd64 libmagic-mgc amd64 1:5.39-3+deb11u1 [273 kB]
Get:27 http://deb.debian.org/debian bullseye/main amd64 libmagic1 amd64 1:5.39-3+deb11u1 [128 kB]
Get:28 http://deb.debian.org/debian bullseye/main amd64 file amd64 1:5.39-3+deb11u1 [69.2 kB]
Get:29 http://deb.debian.org/debian bullseye/main amd64 libpsl5 amd64 0.21.0-1.2 [57.3 kB]
Get:30 http://deb.debian.org/debian-security bullseye-security/main amd64 wget amd64 1.21-1+deb11u2 [964 kB]
Get:31 http://deb.debian.org/debian-security bullseye-security/main amd64 xz-utils amd64 5.2.5-2.1~deb11u2 [221 kB]
Get:32 http://deb.debian.org/debian bullseye/main amd64 libsigsegv2 amd64 2.13-1 [34.8 kB]
Get:33 http://deb.debian.org/debian bullseye/main amd64 m4 amd64 1.4.18-5 [204 kB]
Get:34 http://deb.debian.org/debian bullseye/main amd64 autoconf all 2.69-14 [313 kB]
Get:35 http://deb.debian.org/debian bullseye/main amd64 autotools-dev all 20180224.1+nmu1 [77.1 kB]
Get:36 http://deb.debian.org/debian bullseye/main amd64 automake all 1:1.16.3-2 [814 kB]
Get:37 http://deb.debian.org/debian bullseye/main amd64 binutils-common amd64 2.35.2-2 [2220 kB]
Get:38 http://deb.debian.org/debian bullseye/main amd64 libbinutils amd64 2.35.2-2 [570 kB]
Get:39 http://deb.debian.org/debian bullseye/main amd64 libctf-nobfd0 amd64 2.35.2-2 [110 kB]
Get:40 http://deb.debian.org/debian bullseye/main amd64 libctf0 amd64 2.35.2-2 [53.2 kB]
Get:41 http://deb.debian.org/debian bullseye/main amd64 binutils-x86-64-linux-gnu amd64 2.35.2-2 [1809 kB]
Get:42 http://deb.debian.org/debian bullseye/main amd64 binutils amd64 2.35.2-2 [61.2 kB]
Get:43 http://deb.debian.org/debian bullseye/main amd64 bison amd64 2:3.7.5+dfsg-1 [1104 kB]
Get:44 http://deb.debian.org/debian-security bullseye-security/main amd64 libc-dev-bin amd64 2.31-13+deb11u14 [277 kB]
Get:45 http://deb.debian.org/debian-security bullseye-security/main amd64 linux-libc-dev amd64 5.10.262-1 [1935 kB]
Get:46 http://deb.debian.org/debian bullseye/main amd64 libcrypt-dev amd64 1:4.4.18-4 [104 kB]
Get:47 http://deb.debian.org/debian bullseye/main amd64 libtirpc-dev amd64 1.3.1-1+deb11u1 [191 kB]
Get:48 http://deb.debian.org/debian bullseye/main amd64 libnsl-dev amd64 1.3.0-2 [66.4 kB]
Get:49 http://deb.debian.org/debian-security bullseye-security/main amd64 libc6-dev amd64 2.31-13+deb11u14 [2360 kB]
Get:50 http://deb.debian.org/debian bullseye/main amd64 libisl23 amd64 0.23-1 [676 kB]
Get:51 http://deb.debian.org/debian bullseye/main amd64 libmpfr6 amd64 4.1.0-3 [2012 kB]
Get:52 http://deb.debian.org/debian bullseye/main amd64 libmpc3 amd64 1.2.0-1 [45.0 kB]
Get:53 http://deb.debian.org/debian bullseye/main amd64 cpp-10 amd64 10.2.1-6 [8528 kB]
Get:54 http://deb.debian.org/debian bullseye/main amd64 cpp amd64 4:10.2.1-1 [19.7 kB]
Get:55 http://deb.debian.org/debian bullseye/main amd64 libcc1-0 amd64 10.2.1-6 [47.0 kB]
Get:56 http://deb.debian.org/debian bullseye/main amd64 libgomp1 amd64 10.2.1-6 [99.9 kB]
Get:57 http://deb.debian.org/debian bullseye/main amd64 libitm1 amd64 10.2.1-6 [25.8 kB]
Get:58 http://deb.debian.org/debian bullseye/main amd64 libatomic1 amd64 10.2.1-6 [9008 B]
Get:59 http://deb.debian.org/debian bullseye/main amd64 libasan6 amd64 10.2.1-6 [2065 kB]
Get:60 http://deb.debian.org/debian bullseye/main amd64 liblsan0 amd64 10.2.1-6 [828 kB]
Get:61 http://deb.debian.org/debian bullseye/main amd64 libtsan0 amd64 10.2.1-6 [2000 kB]
Get:62 http://deb.debian.org/debian bullseye/main amd64 libubsan1 amd64 10.2.1-6 [777 kB]
Get:63 http://deb.debian.org/debian bullseye/main amd64 libquadmath0 amd64 10.2.1-6 [145 kB]
Get:64 http://deb.debian.org/debian bullseye/main amd64 libgcc-10-dev amd64 10.2.1-6 [2328 kB]
Get:65 http://deb.debian.org/debian bullseye/main amd64 gcc-10 amd64 10.2.1-6 [17.0 MB]
Get:66 http://deb.debian.org/debian bullseye/main amd64 gcc amd64 4:10.2.1-1 [5192 B]
Get:67 http://deb.debian.org/debian bullseye/main amd64 libstdc++-10-dev amd64 10.2.1-6 [1741 kB]
Get:68 http://deb.debian.org/debian bullseye/main amd64 g++-10 amd64 10.2.1-6 [9380 kB]
Get:69 http://deb.debian.org/debian bullseye/main amd64 g++ amd64 4:10.2.1-1 [1644 B]
Get:70 http://deb.debian.org/debian bullseye/main amd64 make amd64 4.3-4.1 [396 kB]
Get:71 http://deb.debian.org/debian-security bullseye-security/main amd64 libdpkg-perl all 1.20.14 [1555 kB]
Get:72 http://deb.debian.org/debian bullseye/main amd64 patch amd64 2.7.6-7 [128 kB]
Get:73 http://deb.debian.org/debian-security bullseye-security/main amd64 dpkg-dev all 1.20.14 [2317 kB]
Get:74 http://deb.debian.org/debian bullseye/main amd64 build-essential amd64 12.9 [7704 B]
Get:75 http://deb.debian.org/debian bullseye/main amd64 byacc amd64 20140715-1+b1 [82.2 kB]
Get:76 http://deb.debian.org/debian bullseye/main amd64 cmake-data all 3.18.4-2+deb11u1 [1725 kB]
Get:77 http://deb.debian.org/debian-security bullseye-security/main amd64 libicu67 amd64 67.1-7+deb11u1 [8624 kB]
Get:78 http://deb.debian.org/debian-security bullseye-security/main amd64 libxml2 amd64 2.9.10+dfsg-6.7+deb11u10 [695 kB]
Get:79 http://deb.debian.org/debian-security bullseye-security/main amd64 libarchive13 amd64 3.4.3-2+deb11u4 [345 kB]
Get:80 http://deb.debian.org/debian bullseye/main amd64 libbrotli1 amd64 1.0.9-2+b2 [279 kB]
Get:81 http://deb.debian.org/debian bullseye/main amd64 libsasl2-modules-db amd64 2.1.27+dfsg-2.1+deb11u1 [69.1 kB]
Get:82 http://deb.debian.org/debian bullseye/main amd64 libsasl2-2 amd64 2.1.27+dfsg-2.1+deb11u1 [106 kB]
Get:83 http://deb.debian.org/debian bullseye/main amd64 libldap-2.4-2 amd64 2.4.57+dfsg-3+deb11u1 [232 kB]
Get:84 http://deb.debian.org/debian-security bullseye-security/main amd64 libnghttp2-14 amd64 1.43.0-1+deb11u3 [77.6 kB]
Get:85 http://deb.debian.org/debian bullseye/main amd64 librtmp1 amd64 2.4+20151223.gitfa8646d.1-2+b2 [60.8 kB]
Get:86 http://deb.debian.org/debian bullseye/main amd64 libssh2-1 amd64 1.9.0-2+deb11u1 [156 kB]
Get:87 http://deb.debian.org/debian-security bullseye-security/main amd64 libcurl4 amd64 7.74.0-1.3+deb11u16 [347 kB]
Get:88 http://deb.debian.org/debian bullseye/main amd64 libjsoncpp24 amd64 1.9.4-4 [78.9 kB]
Get:89 http://deb.debian.org/debian bullseye/main amd64 librhash0 amd64 1.4.1-2 [129 kB]
Get:90 http://deb.debian.org/debian bullseye/main amd64 libuv1 amd64 1.40.0-2+deb11u1 [132 kB]
Get:91 http://deb.debian.org/debian bullseye/main amd64 cmake amd64 3.18.4-2+deb11u1 [5593 kB]
Get:92 http://deb.debian.org/debian-security bullseye-security/main amd64 curl amd64 7.74.0-1.3+deb11u16 [272 kB]
Get:93 http://deb.debian.org/debian-security bullseye-security/main amd64 distro-info-data all 0.51+deb11u11 [8776 B]
Get:94 http://deb.debian.org/debian bullseye/main amd64 libglvnd0 amd64 1.3.2-1 [53.6 kB]
Get:95 http://deb.debian.org/debian bullseye/main amd64 libxau6 amd64 1:1.0.9-1 [19.7 kB]
Get:96 http://deb.debian.org/debian bullseye/main amd64 libmd0 amd64 1.0.3-3 [28.0 kB]
Get:97 http://deb.debian.org/debian bullseye/main amd64 libbsd0 amd64 0.11.3-1+deb11u1 [108 kB]
Get:98 http://deb.debian.org/debian bullseye/main amd64 libxdmcp6 amd64 1:1.1.2-3 [26.3 kB]
Get:99 http://deb.debian.org/debian bullseye/main amd64 libxcb1 amd64 1.14-3 [140 kB]
Get:100 http://deb.debian.org/debian bullseye/main amd64 libx11-data all 2:1.7.2-1+deb11u2 [311 kB]
Get:101 http://deb.debian.org/debian bullseye/main amd64 libx11-6 amd64 2:1.7.2-1+deb11u2 [772 kB]
Get:102 http://deb.debian.org/debian bullseye/main amd64 libdrm-common all 2.4.104-1 [14.9 kB]
Get:103 http://deb.debian.org/debian bullseye/main amd64 libdrm2 amd64 2.4.104-1 [41.5 kB]
Get:104 http://deb.debian.org/debian-security bullseye-security/main amd64 libglapi-mesa amd64 20.3.5-1+deb11u1 [72.0 kB]
Get:105 http://deb.debian.org/debian bullseye/main amd64 libx11-xcb1 amd64 2:1.7.2-1+deb11u2 [204 kB]
Get:106 http://deb.debian.org/debian bullseye/main amd64 libxcb-dri2-0 amd64 1.14-3 [103 kB]
Get:107 http://deb.debian.org/debian bullseye/main amd64 libxcb-dri3-0 amd64 1.14-3 [102 kB]
Get:108 http://deb.debian.org/debian bullseye/main amd64 libxcb-glx0 amd64 1.14-3 [118 kB]
Get:109 http://deb.debian.org/debian bullseye/main amd64 libxcb-present0 amd64 1.14-3 [101 kB]
Get:110 http://deb.debian.org/debian bullseye/main amd64 libxcb-shm0 amd64 1.14-3 [101 kB]
Get:111 http://deb.debian.org/debian bullseye/main amd64 libxcb-sync1 amd64 1.14-3 [105 kB]
Get:112 http://deb.debian.org/debian bullseye/main amd64 libxcb-xfixes0 amd64 1.14-3 [105 kB]
Get:113 http://deb.debian.org/debian bullseye/main amd64 libxdamage1 amd64 1:1.1.5-2 [15.7 kB]
Get:114 http://deb.debian.org/debian bullseye/main amd64 libxext6 amd64 2:1.3.3-1.1 [52.7 kB]
Get:115 http://deb.debian.org/debian bullseye/main amd64 libxfixes3 amd64 1:5.0.3-2 [22.1 kB]
Get:116 http://deb.debian.org/debian bullseye/main amd64 libxshmfence1 amd64 1.3-1 [8820 B]
Get:117 http://deb.debian.org/debian bullseye/main amd64 libxxf86vm1 amd64 1:1.1.4-1+b2 [20.8 kB]
Get:118 http://deb.debian.org/debian bullseye/main amd64 libdrm-amdgpu1 amd64 2.4.104-1 [28.5 kB]
Get:119 http://deb.debian.org/debian bullseye/main amd64 libpciaccess0 amd64 0.16-1 [53.6 kB]
Get:120 http://deb.debian.org/debian bullseye/main amd64 libdrm-intel1 amd64 2.4.104-1 [71.8 kB]
Get:121 http://deb.debian.org/debian bullseye/main amd64 libdrm-nouveau2 amd64 2.4.104-1 [26.8 kB]
Get:122 http://deb.debian.org/debian bullseye/main amd64 libdrm-radeon1 amd64 2.4.104-1 [30.2 kB]
Get:123 http://deb.debian.org/debian bullseye/main amd64 libelf1 amd64 0.183-1 [165 kB]
Get:124 http://deb.debian.org/debian bullseye/main amd64 libedit2 amd64 3.1-20191231-2+b1 [96.7 kB]
Get:125 http://deb.debian.org/debian bullseye/main amd64 libz3-4 amd64 4.8.10-1 [6949 kB]
Get:126 http://deb.debian.org/debian bullseye/main amd64 libllvm11 amd64 1:11.0.1-2 [17.9 MB]
Get:127 http://deb.debian.org/debian bullseye/main amd64 libsensors-config all 1:3.6.0-7 [32.3 kB]
Get:128 http://deb.debian.org/debian bullseye/main amd64 libsensors5 amd64 1:3.6.0-7 [52.3 kB]
Get:129 http://deb.debian.org/debian bullseye/main amd64 libvulkan1 amd64 1.2.162.0-1 [103 kB]
Get:130 http://deb.debian.org/debian-security bullseye-security/main amd64 libgl1-mesa-dri amd64 20.3.5-1+deb11u1 [9632 kB]
Get:131 http://deb.debian.org/debian-security bullseye-security/main amd64 libglx-mesa0 amd64 20.3.5-1+deb11u1 [186 kB]
Get:132 http://deb.debian.org/debian bullseye/main amd64 libglx0 amd64 1.3.2-1 [35.7 kB]
Get:133 http://deb.debian.org/debian bullseye/main amd64 libgl1 amd64 1.3.2-1 [89.5 kB]
Get:134 http://deb.debian.org/debian bullseye/main amd64 libxi6 amd64 2:1.7.10-1 [83.4 kB]
Get:135 http://deb.debian.org/debian bullseye/main amd64 freeglut3 amd64 2.8.1-6 [125 kB]
Get:136 http://deb.debian.org/debian bullseye/main amd64 xorg-sgml-doctools all 1:1.11-1.1 [22.1 kB]
Get:137 http://deb.debian.org/debian bullseye/main amd64 x11proto-dev all 2020.1-1 [594 kB]
Get:138 http://deb.debian.org/debian bullseye/main amd64 libxau-dev amd64 1:1.0.9-1 [22.9 kB]
Get:139 http://deb.debian.org/debian bullseye/main amd64 libxdmcp-dev amd64 1:1.1.2-3 [42.2 kB]
Get:140 http://deb.debian.org/debian bullseye/main amd64 xtrans-dev all 1.4.0-1 [98.7 kB]
Get:141 http://deb.debian.org/debian bullseye/main amd64 libpthread-stubs0-dev amd64 0.4-1 [5344 B]
Get:142 http://deb.debian.org/debian bullseye/main amd64 libxcb1-dev amd64 1.14-3 [176 kB]
Get:143 http://deb.debian.org/debian bullseye/main amd64 libx11-dev amd64 2:1.7.2-1+deb11u2 [845 kB]
Get:144 http://deb.debian.org/debian bullseye/main amd64 libglx-dev amd64 1.3.2-1 [16.3 kB]
Get:145 http://deb.debian.org/debian bullseye/main amd64 libgl-dev amd64 1.3.2-1 [100 kB]
Get:146 http://deb.debian.org/debian bullseye/main amd64 libwayland-server0 amd64 1.18.0-2~exp1.1 [34.4 kB]
Get:147 http://deb.debian.org/debian-security bullseye-security/main amd64 libgbm1 amd64 20.3.5-1+deb11u1 [73.7 kB]
Get:148 http://deb.debian.org/debian bullseye/main amd64 libwayland-client0 amd64 1.18.0-2~exp1.1 [26.9 kB]
Get:149 http://deb.debian.org/debian-security bullseye-security/main amd64 libegl-mesa0 amd64 20.3.5-1+deb11u1 [142 kB]
Get:150 http://deb.debian.org/debian bullseye/main amd64 libegl1 amd64 1.3.2-1 [34.8 kB]
Get:151 http://deb.debian.org/debian bullseye/main amd64 libegl-dev amd64 1.3.2-1 [19.6 kB]
Get:152 http://deb.debian.org/debian bullseye/main amd64 libgles1 amd64 1.3.2-1 [12.6 kB]
Get:153 http://deb.debian.org/debian bullseye/main amd64 libgles2 amd64 1.3.2-1 [17.7 kB]
Get:154 http://deb.debian.org/debian bullseye/main amd64 libgles-dev amd64 1.3.2-1 [50.3 kB]
Get:155 http://deb.debian.org/debian bullseye/main amd64 libopengl0 amd64 1.3.2-1 [31.5 kB]
Get:156 http://deb.debian.org/debian bullseye/main amd64 libopengl-dev amd64 1.3.2-1 [5876 B]
Get:157 http://deb.debian.org/debian bullseye/main amd64 libglvnd-dev amd64 1.3.2-1 [13.9 kB]
Get:158 http://deb.debian.org/debian-security bullseye-security/main amd64 libgl1-mesa-dev amd64 20.3.5-1+deb11u1 [51.3 kB]
Get:159 http://deb.debian.org/debian bullseye/main amd64 libglu1-mesa amd64 9.0.1-1 [168 kB]
Get:160 http://deb.debian.org/debian bullseye/main amd64 libglu1-mesa-dev amd64 9.0.1-1 [207 kB]
Get:161 http://deb.debian.org/debian bullseye/main amd64 x11proto-xext-dev all 2020.1-1 [3404 B]
Get:162 http://deb.debian.org/debian bullseye/main amd64 libxext-dev amd64 2:1.3.3-1.1 [107 kB]
Get:163 http://deb.debian.org/debian bullseye/main amd64 x11-common all 1:7.7+22 [252 kB]
Get:164 http://deb.debian.org/debian bullseye/main amd64 libice6 amd64 2:1.0.10-1 [58.5 kB]
Get:165 http://deb.debian.org/debian bullseye/main amd64 libsm6 amd64 2:1.2.3-1 [35.1 kB]
Get:166 http://deb.debian.org/debian bullseye/main amd64 libxt6 amd64 1:1.2.0-1 [189 kB]
Get:167 http://deb.debian.org/debian bullseye/main amd64 libice-dev amd64 2:1.0.10-1 [67.1 kB]
Get:168 http://deb.debian.org/debian bullseye/main amd64 libsm-dev amd64 2:1.2.3-1 [38.0 kB]
Get:169 http://deb.debian.org/debian bullseye/main amd64 libxt-dev amd64 1:1.2.0-1 [407 kB]
Get:170 http://deb.debian.org/debian bullseye/main amd64 freeglut3-dev amd64 2.8.1-6 [179 kB]
Get:171 http://deb.debian.org/debian bullseye/main amd64 libgfortran5 amd64 10.2.1-6 [727 kB]
Get:172 http://deb.debian.org/debian bullseye/main amd64 libgfortran-10-dev amd64 10.2.1-6 [769 kB]
Get:173 http://deb.debian.org/debian bullseye/main amd64 gfortran-10 amd64 10.2.1-6 [9447 kB]
Get:174 http://deb.debian.org/debian bullseye/main amd64 gfortran amd64 4:10.2.1-1 [1428 B]
Get:175 http://deb.debian.org/debian-security bullseye-security/main amd64 libcurl3-gnutls amd64 7.74.0-1.3+deb11u16 [344 kB]
Get:176 http://deb.debian.org/debian bullseye/main amd64 liberror-perl all 0.17029-1 [31.0 kB]
Get:177 http://deb.debian.org/debian-security bullseye-security/main amd64 git-man all 1:2.30.2-1+deb11u5 [1831 kB]
Get:178 http://deb.debian.org/debian-security bullseye-security/main amd64 git amd64 1:2.30.2-1+deb11u5 [5568 kB]
Get:179 http://deb.debian.org/debian bullseye/main amd64 libblas3 amd64 3.9.0-3+deb11u1 [153 kB]
Get:180 http://deb.debian.org/debian bullseye/main amd64 libblas-dev amd64 3.9.0-3+deb11u1 [161 kB]
Get:181 http://deb.debian.org/debian-security bullseye-security/main amd64 libglib2.0-0 amd64 2.66.8-1+deb11u8 [1377 kB]
Get:182 http://deb.debian.org/debian bullseye/main amd64 libopenblas0-pthread amd64 0.3.13+ds-3+deb11u1 [6016 kB]
Get:183 http://deb.debian.org/debian bullseye/main amd64 liblapack3 amd64 3.9.0-3+deb11u1 [2166 kB]
Get:184 http://deb.debian.org/debian bullseye/main amd64 libopenblas-pthread-dev amd64 0.3.13+ds-3+deb11u1 [4450 kB]
Get:185 http://deb.debian.org/debian bullseye/main amd64 liblapack-dev amd64 3.9.0-3+deb11u1 [4246 kB]
Get:186 http://deb.debian.org/debian bullseye/main amd64 libopenblas0 amd64 0.3.13+ds-3+deb11u1 [32.9 kB]
Get:187 http://deb.debian.org/debian bullseye/main amd64 libopenblas-dev amd64 0.3.13+ds-3+deb11u1 [44.2 kB]
Get:188 http://deb.debian.org/debian bullseye/main amd64 libpcre16-3 amd64 2:8.39-13 [259 kB]
Get:189 http://deb.debian.org/debian bullseye/main amd64 libpcre2-16-0 amd64 10.36-2+deb11u1 [232 kB]
Get:190 http://deb.debian.org/debian bullseye/main amd64 libpcre2-32-0 amd64 10.36-2+deb11u1 [220 kB]
Get:191 http://deb.debian.org/debian bullseye/main amd64 libpcre2-posix2 amd64 10.36-2+deb11u1 [49.1 kB]
Get:192 http://deb.debian.org/debian bullseye/main amd64 libpcre2-dev amd64 10.36-2+deb11u1 [733 kB]
Get:193 http://deb.debian.org/debian bullseye/main amd64 libpcre32-3 amd64 2:8.39-13 [250 kB]
Get:194 http://deb.debian.org/debian bullseye/main amd64 libpcrecpp0v5 amd64 2:8.39-13 [152 kB]
Get:195 http://deb.debian.org/debian bullseye/main amd64 libpcre3-dev amd64 2:8.39-13 [650 kB]
Get:196 http://deb.debian.org/debian-security bullseye-security/main amd64 libssl-dev amd64 1.1.1w-0+deb11u8 [1822 kB]
Get:197 http://deb.debian.org/debian bullseye/main amd64 libtool all 2.4.6-15 [513 kB]
Get:198 http://deb.debian.org/debian bullseye/main amd64 libxfixes-dev amd64 1:5.0.3-2 [24.1 kB]
Get:199 http://deb.debian.org/debian bullseye/main amd64 x11proto-input-dev all 2020.1-1 [3412 B]
Get:200 http://deb.debian.org/debian bullseye/main amd64 libxi-dev amd64 2:1.7.10-1 [242 kB]
Get:201 http://deb.debian.org/debian bullseye/main amd64 libxmu6 amd64 2:1.1.2-2+b3 [60.8 kB]
Get:202 http://deb.debian.org/debian bullseye/main amd64 libxmu-headers all 2:1.1.2-2 [51.9 kB]
Get:203 http://deb.debian.org/debian bullseye/main amd64 libxmu-dev amd64 2:1.1.2-2+b3 [66.3 kB]
Get:204 http://deb.debian.org/debian bullseye/main amd64 lsb-release all 11.1.0 [27.9 kB]
Get:205 http://deb.debian.org/debian bullseye/main amd64 ninja-build amd64 1.10.1-1 [112 kB]
Get:206 http://deb.debian.org/debian bullseye/main amd64 patchelf amd64 0.12-1 [61.9 kB]
Get:207 http://deb.debian.org/debian bullseye/main amd64 pkg-config amd64 0.29.2-1 [65.1 kB]
Fetched 184 MB in 3min 32s (868 kB/s)
E: Failed to fetch http://deb.debian.org/debian-security/pool/updates/main/p/python3.9/libpython3.9-stdlib_3.9.2-1%2bdeb11u7_amd64.deb  Error reading from server. Remote end closed connection [IP: 199.232.18.132 80]
E: Unable to fetch some archives, maybe run apt-get update or try with --fix-missing?
FAILED (exit 100) — inspect /workspace/runtime/setup.log
Setup failed; keeping the container alive for inspection.
1/7 Installing Debian build dependencies
Hit:1 http://deb.debian.org/debian bullseye InRelease
Hit:2 http://deb.debian.org/debian-security bullseye-security InRelease
Hit:3 http://deb.debian.org/debian bullseye-updates InRelease
Reading package lists...
Reading package lists...
Building dependency tree...
Reading state information...
The following additional packages will be installed:
  binutils binutils-common binutils-x86-64-linux-gnu bzip2 cmake-data cpp
  cpp-10 distro-info-data dpkg-dev file freeglut3 g++ g++-10 gcc gcc-10
  gfortran-10 git-man libarchive13 libasan6 libatomic1 libbinutils libblas-dev
  libblas3 libbrotli1 libbsd0 libc-dev-bin libc6-dev libcc1-0 libcrypt-dev
  libctf-nobfd0 libctf0 libcurl3-gnutls libcurl4 libdpkg-perl libdrm-amdgpu1
  libdrm-common libdrm-intel1 libdrm-nouveau2 libdrm-radeon1 libdrm2 libedit2
  libegl-dev libegl-mesa0 libegl1 libelf1 liberror-perl libexpat1 libgbm1
  libgcc-10-dev libgdbm-compat4 libgdbm6 libgfortran-10-dev libgfortran5
  libgl-dev libgl1 libgl1-mesa-dev libgl1-mesa-dri libglapi-mesa libgles-dev
  libgles1 libgles2 libglib2.0-0 libglu1-mesa libglu1-mesa-dev libglvnd-dev
  libglvnd0 libglx-dev libglx-mesa0 libglx0 libgomp1 libice-dev libice6
  libicu67 libisl23 libitm1 libjsoncpp24 liblapack3 libldap-2.4-2 libllvm11
  liblsan0 libmagic-mgc libmagic1 libmd0 libmpc3 libmpdec3 libmpfr6
  libncurses6 libncursesw6 libnghttp2-14 libnsl-dev libopenblas-pthread-dev
  libopenblas0 libopenblas0-pthread libopengl-dev libopengl0 libpciaccess0
  libpcre16-3 libpcre2-16-0 libpcre2-32-0 libpcre2-posix2 libpcre32-3
  libpcrecpp0v5 libperl5.32 libprocps8 libpsl5 libpthread-stubs0-dev
  libpython3-stdlib libpython3.9-minimal libpython3.9-stdlib libquadmath0
  libreadline8 librhash0 librtmp1 libsasl2-2 libsasl2-modules-db
  libsensors-config libsensors5 libsigsegv2 libsm-dev libsm6 libsqlite3-0
  libssh2-1 libstdc++-10-dev libtirpc-dev libtsan0 libubsan1 libuv1 libvulkan1
  libwayland-client0 libwayland-server0 libx11-6 libx11-data libx11-dev
  libx11-xcb1 libxau-dev libxau6 libxcb-dri2-0 libxcb-dri3-0 libxcb-glx0
  libxcb-present0 libxcb-shm0 libxcb-sync1 libxcb-xfixes0 libxcb1 libxcb1-dev
  libxdamage1 libxdmcp-dev libxdmcp6 libxext-dev libxext6 libxfixes-dev
  libxfixes3 libxi6 libxml2 libxmu-headers libxmu6 libxshmfence1 libxt-dev
  libxt6 libxxf86vm1 libz3-4 linux-libc-dev m4 make media-types openssl patch
  perl perl-modules-5.32 procps python3-minimal python3.9 python3.9-minimal
  readline-common x11-common x11proto-dev x11proto-input-dev x11proto-xext-dev
  xorg-sgml-doctools xtrans-dev xz-utils
Suggested packages:
  autoconf-archive gnu-standards autoconf-doc gettext binutils-doc bison-doc
  bzip2-doc cmake-doc cpp-doc gcc-10-locales debian-keyring g++-multilib
  g++-10-multilib gcc-10-doc gcc-multilib manpages-dev flex gdb gcc-doc
  gcc-10-multilib gfortran-multilib gfortran-doc gfortran-10-multilib
  gfortran-10-doc libcoarrays-dev gettext-base git-daemon-run
  | git-daemon-sysvinit git-doc git-el git-email git-gui gitk gitweb git-cvs
  git-mediawiki git-svn lrzip liblapack-doc glibc-doc gnupg sensible-utils bzr
  gdbm-l10n libice-doc pciutils lm-sensors libsm-doc libssl-doc
  libstdc++-10-doc libtool-doc gcj-jdk libx11-doc libxcb-doc libxext-doc
  libxt-doc m4-doc make-doc ed diffutils-doc perl-doc
  libterm-readline-gnu-perl | libterm-readline-perl-perl
  libtap-harness-archive-perl python3-doc python3-tk python3-venv
  python3.9-venv python3.9-doc binfmt-support readline-doc
Recommended packages:
  fakeroot gnupg libalgorithm-merge-perl less ssh-client manpages manpages-dev
  libc-devtools libfile-fcntllock-perl liblocale-gettext-perl libglib2.0-data
  shared-mime-info xdg-user-dirs libldap-common libgpm2 publicsuffix
  libsasl2-modules libltdl-dev mesa-vulkan-drivers | vulkan-icd netbase psmisc
The following NEW packages will be installed:
  autoconf automake autotools-dev binutils binutils-common
  binutils-x86-64-linux-gnu bison build-essential byacc bzip2 ca-certificates
  cmake cmake-data cpp cpp-10 curl distro-info-data dpkg-dev file freeglut3
  freeglut3-dev g++ g++-10 gcc gcc-10 gfortran gfortran-10 git git-man
  libarchive13 libasan6 libatomic1 libbinutils libblas-dev libblas3 libbrotli1
  libbsd0 libc-dev-bin libc6-dev libcc1-0 libcrypt-dev libctf-nobfd0 libctf0
  libcurl3-gnutls libcurl4 libdpkg-perl libdrm-amdgpu1 libdrm-common
  libdrm-intel1 libdrm-nouveau2 libdrm-radeon1 libdrm2 libedit2 libegl-dev
  libegl-mesa0 libegl1 libelf1 liberror-perl libexpat1 libgbm1 libgcc-10-dev
  libgdbm-compat4 libgdbm6 libgfortran-10-dev libgfortran5 libgl-dev libgl1
  libgl1-mesa-dev libgl1-mesa-dri libglapi-mesa libgles-dev libgles1 libgles2
  libglib2.0-0 libglu1-mesa libglu1-mesa-dev libglvnd-dev libglvnd0 libglx-dev
  libglx-mesa0 libglx0 libgomp1 libice-dev libice6 libicu67 libisl23 libitm1
  libjsoncpp24 liblapack-dev liblapack3 libldap-2.4-2 libllvm11 liblsan0
  libmagic-mgc libmagic1 libmd0 libmpc3 libmpdec3 libmpfr6 libncurses6
  libncursesw6 libnghttp2-14 libnsl-dev libopenblas-dev
  libopenblas-pthread-dev libopenblas0 libopenblas0-pthread libopengl-dev
  libopengl0 libpciaccess0 libpcre16-3 libpcre2-16-0 libpcre2-32-0
  libpcre2-dev libpcre2-posix2 libpcre3-dev libpcre32-3 libpcrecpp0v5
  libperl5.32 libprocps8 libpsl5 libpthread-stubs0-dev libpython3-stdlib
  libpython3.9-minimal libpython3.9-stdlib libquadmath0 libreadline8 librhash0
  librtmp1 libsasl2-2 libsasl2-modules-db libsensors-config libsensors5
  libsigsegv2 libsm-dev libsm6 libsqlite3-0 libssh2-1 libssl-dev
  libstdc++-10-dev libtirpc-dev libtool libtsan0 libubsan1 libuv1 libvulkan1
  libwayland-client0 libwayland-server0 libx11-6 libx11-data libx11-dev
  libx11-xcb1 libxau-dev libxau6 libxcb-dri2-0 libxcb-dri3-0 libxcb-glx0
  libxcb-present0 libxcb-shm0 libxcb-sync1 libxcb-xfixes0 libxcb1 libxcb1-dev
  libxdamage1 libxdmcp-dev libxdmcp6 libxext-dev libxext6 libxfixes-dev
  libxfixes3 libxi-dev libxi6 libxml2 libxmu-dev libxmu-headers libxmu6
  libxshmfence1 libxt-dev libxt6 libxxf86vm1 libz3-4 linux-libc-dev
  lsb-release m4 make media-types ninja-build openssl patch patchelf perl
  perl-modules-5.32 pkg-config procps python3 python3-minimal python3.9
  python3.9-minimal readline-common wget x11-common x11proto-dev
  x11proto-input-dev x11proto-xext-dev xorg-sgml-doctools xtrans-dev xz-utils
0 upgraded, 207 newly installed, 0 to remove and 1 not upgraded.
Need to get 186 MB of archives.
After this operation, 798 MB of additional disk space will be used.
Get:1 http://deb.debian.org/debian-security bullseye-security/main amd64 perl-modules-5.32 all 5.32.1-4+deb11u5 [2823 kB]
Get:2 http://deb.debian.org/debian bullseye/main amd64 libgdbm6 amd64 1.19-2 [64.9 kB]
Get:3 http://deb.debian.org/debian bullseye/main amd64 libgdbm-compat4 amd64 1.19-2 [44.7 kB]
Get:4 http://deb.debian.org/debian-security bullseye-security/main amd64 libperl5.32 amd64 5.32.1-4+deb11u5 [4102 kB]
Get:5 http://deb.debian.org/debian-security bullseye-security/main amd64 perl amd64 5.32.1-4+deb11u5 [294 kB]
Get:6 http://deb.debian.org/debian-security bullseye-security/main amd64 libpython3.9-minimal amd64 3.9.2-1+deb11u7 [807 kB]
Get:7 http://deb.debian.org/debian-security bullseye-security/main amd64 libexpat1 amd64 2.2.10-2+deb11u7 [99.2 kB]
Get:8 http://deb.debian.org/debian-security bullseye-security/main amd64 python3.9-minimal amd64 3.9.2-1+deb11u7 [1944 kB]
Ign:8 http://deb.debian.org/debian-security bullseye-security/main amd64 python3.9-minimal amd64 3.9.2-1+deb11u7
Get:9 http://deb.debian.org/debian bullseye/main amd64 python3-minimal amd64 3.9.2-3 [38.2 kB]
Get:10 http://deb.debian.org/debian bullseye/main amd64 media-types all 4.0.0 [30.3 kB]
Get:11 http://deb.debian.org/debian bullseye/main amd64 libmpdec3 amd64 2.5.1-1 [87.7 kB]
Get:12 http://deb.debian.org/debian bullseye/main amd64 libncursesw6 amd64 6.2+20201114-2+deb11u2 [132 kB]
Get:13 http://deb.debian.org/debian bullseye/main amd64 readline-common all 8.1-1 [73.7 kB]
Get:14 http://deb.debian.org/debian bullseye/main amd64 libreadline8 amd64 8.1-1 [169 kB]
Get:15 http://deb.debian.org/debian-security bullseye-security/main amd64 libsqlite3-0 amd64 3.34.1-3+deb11u1 [797 kB]
Get:16 http://deb.debian.org/debian-security bullseye-security/main amd64 libpython3.9-stdlib amd64 3.9.2-1+deb11u7 [1685 kB]
Get:17 http://deb.debian.org/debian-security bullseye-security/main amd64 python3.9 amd64 3.9.2-1+deb11u7 [468 kB]
Get:18 http://deb.debian.org/debian bullseye/main amd64 libpython3-stdlib amd64 3.9.2-3 [21.4 kB]
Get:19 http://deb.debian.org/debian bullseye/main amd64 python3 amd64 3.9.2-3 [37.9 kB]
Get:20 http://deb.debian.org/debian bullseye/main amd64 libncurses6 amd64 6.2+20201114-2+deb11u2 [102 kB]
Get:21 http://deb.debian.org/debian bullseye/main amd64 libprocps8 amd64 2:3.3.17-5 [63.9 kB]
Get:22 http://deb.debian.org/debian bullseye/main amd64 procps amd64 2:3.3.17-5 [502 kB]
Get:23 http://deb.debian.org/debian bullseye/main amd64 bzip2 amd64 1.0.8-4 [49.3 kB]
Get:24 http://deb.debian.org/debian-security bullseye-security/main amd64 openssl amd64 1.1.1w-0+deb11u8 [860 kB]
Get:25 http://deb.debian.org/debian-security bullseye-security/main amd64 ca-certificates all 20250419~deb12u1~deb11u1 [175 kB]
Get:26 http://deb.debian.org/debian bullseye/main amd64 libmagic-mgc amd64 1:5.39-3+deb11u1 [273 kB]
Get:27 http://deb.debian.org/debian bullseye/main amd64 libmagic1 amd64 1:5.39-3+deb11u1 [128 kB]
Get:28 http://deb.debian.org/debian bullseye/main amd64 file amd64 1:5.39-3+deb11u1 [69.2 kB]
Get:29 http://deb.debian.org/debian bullseye/main amd64 libpsl5 amd64 0.21.0-1.2 [57.3 kB]
Get:30 http://deb.debian.org/debian-security bullseye-security/main amd64 wget amd64 1.21-1+deb11u2 [964 kB]
Get:31 http://deb.debian.org/debian-security bullseye-security/main amd64 xz-utils amd64 5.2.5-2.1~deb11u2 [221 kB]
Get:32 http://deb.debian.org/debian bullseye/main amd64 libsigsegv2 amd64 2.13-1 [34.8 kB]
Get:33 http://deb.debian.org/debian bullseye/main amd64 m4 amd64 1.4.18-5 [204 kB]
Get:34 http://deb.debian.org/debian bullseye/main amd64 autoconf all 2.69-14 [313 kB]
Get:35 http://deb.debian.org/debian bullseye/main amd64 autotools-dev all 20180224.1+nmu1 [77.1 kB]
Get:36 http://deb.debian.org/debian bullseye/main amd64 automake all 1:1.16.3-2 [814 kB]
Get:37 http://deb.debian.org/debian bullseye/main amd64 binutils-common amd64 2.35.2-2 [2220 kB]
Get:38 http://deb.debian.org/debian bullseye/main amd64 libbinutils amd64 2.35.2-2 [570 kB]
Get:39 http://deb.debian.org/debian bullseye/main amd64 libctf-nobfd0 amd64 2.35.2-2 [110 kB]
Get:40 http://deb.debian.org/debian bullseye/main amd64 libctf0 amd64 2.35.2-2 [53.2 kB]
Get:41 http://deb.debian.org/debian bullseye/main amd64 binutils-x86-64-linux-gnu amd64 2.35.2-2 [1809 kB]
Get:42 http://deb.debian.org/debian bullseye/main amd64 binutils amd64 2.35.2-2 [61.2 kB]
Get:43 http://deb.debian.org/debian bullseye/main amd64 bison amd64 2:3.7.5+dfsg-1 [1104 kB]
Get:44 http://deb.debian.org/debian-security bullseye-security/main amd64 libc-dev-bin amd64 2.31-13+deb11u14 [277 kB]
Get:45 http://deb.debian.org/debian-security bullseye-security/main amd64 linux-libc-dev amd64 5.10.262-1 [1935 kB]
Get:46 http://deb.debian.org/debian bullseye/main amd64 libcrypt-dev amd64 1:4.4.18-4 [104 kB]
Get:47 http://deb.debian.org/debian bullseye/main amd64 libtirpc-dev amd64 1.3.1-1+deb11u1 [191 kB]
Get:48 http://deb.debian.org/debian bullseye/main amd64 libnsl-dev amd64 1.3.0-2 [66.4 kB]
Get:49 http://deb.debian.org/debian-security bullseye-security/main amd64 libc6-dev amd64 2.31-13+deb11u14 [2360 kB]
Get:50 http://deb.debian.org/debian bullseye/main amd64 libisl23 amd64 0.23-1 [676 kB]
Get:51 http://deb.debian.org/debian bullseye/main amd64 libmpfr6 amd64 4.1.0-3 [2012 kB]
Get:52 http://deb.debian.org/debian bullseye/main amd64 libmpc3 amd64 1.2.0-1 [45.0 kB]
Get:53 http://deb.debian.org/debian bullseye/main amd64 cpp-10 amd64 10.2.1-6 [8528 kB]
Get:54 http://deb.debian.org/debian bullseye/main amd64 cpp amd64 4:10.2.1-1 [19.7 kB]
Get:55 http://deb.debian.org/debian bullseye/main amd64 libcc1-0 amd64 10.2.1-6 [47.0 kB]
Get:56 http://deb.debian.org/debian bullseye/main amd64 libgomp1 amd64 10.2.1-6 [99.9 kB]
Get:57 http://deb.debian.org/debian bullseye/main amd64 libitm1 amd64 10.2.1-6 [25.8 kB]
Get:58 http://deb.debian.org/debian bullseye/main amd64 libatomic1 amd64 10.2.1-6 [9008 B]
Get:59 http://deb.debian.org/debian bullseye/main amd64 libasan6 amd64 10.2.1-6 [2065 kB]
Get:60 http://deb.debian.org/debian bullseye/main amd64 liblsan0 amd64 10.2.1-6 [828 kB]
Get:61 http://deb.debian.org/debian bullseye/main amd64 libtsan0 amd64 10.2.1-6 [2000 kB]
Get:62 http://deb.debian.org/debian bullseye/main amd64 libubsan1 amd64 10.2.1-6 [777 kB]
Get:63 http://deb.debian.org/debian bullseye/main amd64 libquadmath0 amd64 10.2.1-6 [145 kB]
Get:64 http://deb.debian.org/debian bullseye/main amd64 libgcc-10-dev amd64 10.2.1-6 [2328 kB]
Get:65 http://deb.debian.org/debian bullseye/main amd64 gcc-10 amd64 10.2.1-6 [17.0 MB]
Get:66 http://deb.debian.org/debian bullseye/main amd64 gcc amd64 4:10.2.1-1 [5192 B]
Get:67 http://deb.debian.org/debian bullseye/main amd64 libstdc++-10-dev amd64 10.2.1-6 [1741 kB]
Get:68 http://deb.debian.org/debian bullseye/main amd64 g++-10 amd64 10.2.1-6 [9380 kB]
Get:69 http://deb.debian.org/debian bullseye/main amd64 g++ amd64 4:10.2.1-1 [1644 B]
Get:70 http://deb.debian.org/debian bullseye/main amd64 make amd64 4.3-4.1 [396 kB]
Get:71 http://deb.debian.org/debian-security bullseye-security/main amd64 libdpkg-perl all 1.20.14 [1555 kB]
Get:72 http://deb.debian.org/debian bullseye/main amd64 patch amd64 2.7.6-7 [128 kB]
Get:73 http://deb.debian.org/debian-security bullseye-security/main amd64 dpkg-dev all 1.20.14 [2317 kB]
Get:74 http://deb.debian.org/debian bullseye/main amd64 build-essential amd64 12.9 [7704 B]
Get:75 http://deb.debian.org/debian bullseye/main amd64 byacc amd64 20140715-1+b1 [82.2 kB]
Get:76 http://deb.debian.org/debian bullseye/main amd64 cmake-data all 3.18.4-2+deb11u1 [1725 kB]
Get:77 http://deb.debian.org/debian-security bullseye-security/main amd64 libicu67 amd64 67.1-7+deb11u1 [8624 kB]
Get:78 http://deb.debian.org/debian-security bullseye-security/main amd64 libxml2 amd64 2.9.10+dfsg-6.7+deb11u10 [695 kB]
Get:79 http://deb.debian.org/debian-security bullseye-security/main amd64 libarchive13 amd64 3.4.3-2+deb11u4 [345 kB]
Get:80 http://deb.debian.org/debian bullseye/main amd64 libbrotli1 amd64 1.0.9-2+b2 [279 kB]
Get:81 http://deb.debian.org/debian bullseye/main amd64 libsasl2-modules-db amd64 2.1.27+dfsg-2.1+deb11u1 [69.1 kB]
Get:82 http://deb.debian.org/debian bullseye/main amd64 libsasl2-2 amd64 2.1.27+dfsg-2.1+deb11u1 [106 kB]
Get:83 http://deb.debian.org/debian bullseye/main amd64 libldap-2.4-2 amd64 2.4.57+dfsg-3+deb11u1 [232 kB]
Get:84 http://deb.debian.org/debian-security bullseye-security/main amd64 libnghttp2-14 amd64 1.43.0-1+deb11u3 [77.6 kB]
Get:85 http://deb.debian.org/debian bullseye/main amd64 librtmp1 amd64 2.4+20151223.gitfa8646d.1-2+b2 [60.8 kB]
Get:86 http://deb.debian.org/debian bullseye/main amd64 libssh2-1 amd64 1.9.0-2+deb11u1 [156 kB]
Get:87 http://deb.debian.org/debian-security bullseye-security/main amd64 libcurl4 amd64 7.74.0-1.3+deb11u16 [347 kB]
Get:88 http://deb.debian.org/debian bullseye/main amd64 libjsoncpp24 amd64 1.9.4-4 [78.9 kB]
Get:89 http://deb.debian.org/debian bullseye/main amd64 librhash0 amd64 1.4.1-2 [129 kB]
Get:90 http://deb.debian.org/debian bullseye/main amd64 libuv1 amd64 1.40.0-2+deb11u1 [132 kB]
Get:91 http://deb.debian.org/debian bullseye/main amd64 cmake amd64 3.18.4-2+deb11u1 [5593 kB]
Get:92 http://deb.debian.org/debian-security bullseye-security/main amd64 curl amd64 7.74.0-1.3+deb11u16 [272 kB]
Get:93 http://deb.debian.org/debian-security bullseye-security/main amd64 distro-info-data all 0.51+deb11u11 [8776 B]
Get:94 http://deb.debian.org/debian bullseye/main amd64 libglvnd0 amd64 1.3.2-1 [53.6 kB]
Get:95 http://deb.debian.org/debian bullseye/main amd64 libxau6 amd64 1:1.0.9-1 [19.7 kB]
Get:96 http://deb.debian.org/debian bullseye/main amd64 libmd0 amd64 1.0.3-3 [28.0 kB]
Get:97 http://deb.debian.org/debian bullseye/main amd64 libbsd0 amd64 0.11.3-1+deb11u1 [108 kB]
Get:98 http://deb.debian.org/debian bullseye/main amd64 libxdmcp6 amd64 1:1.1.2-3 [26.3 kB]
Get:99 http://deb.debian.org/debian bullseye/main amd64 libxcb1 amd64 1.14-3 [140 kB]
Get:100 http://deb.debian.org/debian bullseye/main amd64 libx11-data all 2:1.7.2-1+deb11u2 [311 kB]
Get:101 http://deb.debian.org/debian bullseye/main amd64 libx11-6 amd64 2:1.7.2-1+deb11u2 [772 kB]
Get:102 http://deb.debian.org/debian bullseye/main amd64 libdrm-common all 2.4.104-1 [14.9 kB]
Get:103 http://deb.debian.org/debian bullseye/main amd64 libdrm2 amd64 2.4.104-1 [41.5 kB]
Get:104 http://deb.debian.org/debian-security bullseye-security/main amd64 libglapi-mesa amd64 20.3.5-1+deb11u1 [72.0 kB]
Get:105 http://deb.debian.org/debian bullseye/main amd64 libx11-xcb1 amd64 2:1.7.2-1+deb11u2 [204 kB]
Get:106 http://deb.debian.org/debian bullseye/main amd64 libxcb-dri2-0 amd64 1.14-3 [103 kB]
Get:107 http://deb.debian.org/debian bullseye/main amd64 libxcb-dri3-0 amd64 1.14-3 [102 kB]
Get:108 http://deb.debian.org/debian bullseye/main amd64 libxcb-glx0 amd64 1.14-3 [118 kB]
Get:109 http://deb.debian.org/debian bullseye/main amd64 libxcb-present0 amd64 1.14-3 [101 kB]
Get:110 http://deb.debian.org/debian bullseye/main amd64 libxcb-shm0 amd64 1.14-3 [101 kB]
Get:111 http://deb.debian.org/debian bullseye/main amd64 libxcb-sync1 amd64 1.14-3 [105 kB]
Get:112 http://deb.debian.org/debian bullseye/main amd64 libxcb-xfixes0 amd64 1.14-3 [105 kB]
Get:113 http://deb.debian.org/debian bullseye/main amd64 libxdamage1 amd64 1:1.1.5-2 [15.7 kB]
Get:114 http://deb.debian.org/debian bullseye/main amd64 libxext6 amd64 2:1.3.3-1.1 [52.7 kB]
Get:115 http://deb.debian.org/debian bullseye/main amd64 libxfixes3 amd64 1:5.0.3-2 [22.1 kB]
Get:116 http://deb.debian.org/debian bullseye/main amd64 libxshmfence1 amd64 1.3-1 [8820 B]
Get:117 http://deb.debian.org/debian bullseye/main amd64 libxxf86vm1 amd64 1:1.1.4-1+b2 [20.8 kB]
Get:118 http://deb.debian.org/debian bullseye/main amd64 libdrm-amdgpu1 amd64 2.4.104-1 [28.5 kB]
Get:119 http://deb.debian.org/debian bullseye/main amd64 libpciaccess0 amd64 0.16-1 [53.6 kB]
Get:120 http://deb.debian.org/debian bullseye/main amd64 libdrm-intel1 amd64 2.4.104-1 [71.8 kB]
Get:121 http://deb.debian.org/debian bullseye/main amd64 libdrm-nouveau2 amd64 2.4.104-1 [26.8 kB]
Get:122 http://deb.debian.org/debian bullseye/main amd64 libdrm-radeon1 amd64 2.4.104-1 [30.2 kB]
Get:123 http://deb.debian.org/debian bullseye/main amd64 libelf1 amd64 0.183-1 [165 kB]
Get:124 http://deb.debian.org/debian bullseye/main amd64 libedit2 amd64 3.1-20191231-2+b1 [96.7 kB]
Get:125 http://deb.debian.org/debian bullseye/main amd64 libz3-4 amd64 4.8.10-1 [6949 kB]
Get:126 http://deb.debian.org/debian bullseye/main amd64 libllvm11 amd64 1:11.0.1-2 [17.9 MB]
Get:127 http://deb.debian.org/debian bullseye/main amd64 libsensors-config all 1:3.6.0-7 [32.3 kB]
Get:128 http://deb.debian.org/debian bullseye/main amd64 libsensors5 amd64 1:3.6.0-7 [52.3 kB]
Get:129 http://deb.debian.org/debian bullseye/main amd64 libvulkan1 amd64 1.2.162.0-1 [103 kB]
Get:130 http://deb.debian.org/debian-security bullseye-security/main amd64 libgl1-mesa-dri amd64 20.3.5-1+deb11u1 [9632 kB]
Get:131 http://deb.debian.org/debian-security bullseye-security/main amd64 libglx-mesa0 amd64 20.3.5-1+deb11u1 [186 kB]
Get:132 http://deb.debian.org/debian bullseye/main amd64 libglx0 amd64 1.3.2-1 [35.7 kB]
Get:133 http://deb.debian.org/debian bullseye/main amd64 libgl1 amd64 1.3.2-1 [89.5 kB]
Get:134 http://deb.debian.org/debian bullseye/main amd64 libxi6 amd64 2:1.7.10-1 [83.4 kB]
Get:135 http://deb.debian.org/debian bullseye/main amd64 freeglut3 amd64 2.8.1-6 [125 kB]
Get:136 http://deb.debian.org/debian bullseye/main amd64 xorg-sgml-doctools all 1:1.11-1.1 [22.1 kB]
Get:137 http://deb.debian.org/debian bullseye/main amd64 x11proto-dev all 2020.1-1 [594 kB]
Get:138 http://deb.debian.org/debian bullseye/main amd64 libxau-dev amd64 1:1.0.9-1 [22.9 kB]
Get:139 http://deb.debian.org/debian bullseye/main amd64 libxdmcp-dev amd64 1:1.1.2-3 [42.2 kB]
Get:140 http://deb.debian.org/debian bullseye/main amd64 xtrans-dev all 1.4.0-1 [98.7 kB]
Get:141 http://deb.debian.org/debian bullseye/main amd64 libpthread-stubs0-dev amd64 0.4-1 [5344 B]
Get:142 http://deb.debian.org/debian bullseye/main amd64 libxcb1-dev amd64 1.14-3 [176 kB]
Get:143 http://deb.debian.org/debian bullseye/main amd64 libx11-dev amd64 2:1.7.2-1+deb11u2 [845 kB]
Get:144 http://deb.debian.org/debian bullseye/main amd64 libglx-dev amd64 1.3.2-1 [16.3 kB]
Get:145 http://deb.debian.org/debian bullseye/main amd64 libgl-dev amd64 1.3.2-1 [100 kB]
Get:146 http://deb.debian.org/debian bullseye/main amd64 libwayland-server0 amd64 1.18.0-2~exp1.1 [34.4 kB]
Get:147 http://deb.debian.org/debian-security bullseye-security/main amd64 libgbm1 amd64 20.3.5-1+deb11u1 [73.7 kB]
Get:148 http://deb.debian.org/debian bullseye/main amd64 libwayland-client0 amd64 1.18.0-2~exp1.1 [26.9 kB]
Get:149 http://deb.debian.org/debian-security bullseye-security/main amd64 libegl-mesa0 amd64 20.3.5-1+deb11u1 [142 kB]
Get:150 http://deb.debian.org/debian bullseye/main amd64 libegl1 amd64 1.3.2-1 [34.8 kB]
Get:151 http://deb.debian.org/debian bullseye/main amd64 libegl-dev amd64 1.3.2-1 [19.6 kB]
Get:152 http://deb.debian.org/debian bullseye/main amd64 libgles1 amd64 1.3.2-1 [12.6 kB]
Get:153 http://deb.debian.org/debian bullseye/main amd64 libgles2 amd64 1.3.2-1 [17.7 kB]
Get:154 http://deb.debian.org/debian bullseye/main amd64 libgles-dev amd64 1.3.2-1 [50.3 kB]
Get:155 http://deb.debian.org/debian bullseye/main amd64 libopengl0 amd64 1.3.2-1 [31.5 kB]
Get:156 http://deb.debian.org/debian bullseye/main amd64 libopengl-dev amd64 1.3.2-1 [5876 B]
Get:157 http://deb.debian.org/debian bullseye/main amd64 libglvnd-dev amd64 1.3.2-1 [13.9 kB]
Get:158 http://deb.debian.org/debian-security bullseye-security/main amd64 libgl1-mesa-dev amd64 20.3.5-1+deb11u1 [51.3 kB]
Get:159 http://deb.debian.org/debian bullseye/main amd64 libglu1-mesa amd64 9.0.1-1 [168 kB]
Get:160 http://deb.debian.org/debian bullseye/main amd64 libglu1-mesa-dev amd64 9.0.1-1 [207 kB]
Get:161 http://deb.debian.org/debian bullseye/main amd64 x11proto-xext-dev all 2020.1-1 [3404 B]
Get:162 http://deb.debian.org/debian bullseye/main amd64 libxext-dev amd64 2:1.3.3-1.1 [107 kB]
Get:163 http://deb.debian.org/debian bullseye/main amd64 x11-common all 1:7.7+22 [252 kB]
Get:164 http://deb.debian.org/debian bullseye/main amd64 libice6 amd64 2:1.0.10-1 [58.5 kB]
Get:165 http://deb.debian.org/debian bullseye/main amd64 libsm6 amd64 2:1.2.3-1 [35.1 kB]
Get:166 http://deb.debian.org/debian bullseye/main amd64 libxt6 amd64 1:1.2.0-1 [189 kB]
Get:167 http://deb.debian.org/debian bullseye/main amd64 libice-dev amd64 2:1.0.10-1 [67.1 kB]
Get:168 http://deb.debian.org/debian bullseye/main amd64 libsm-dev amd64 2:1.2.3-1 [38.0 kB]
Get:169 http://deb.debian.org/debian bullseye/main amd64 libxt-dev amd64 1:1.2.0-1 [407 kB]
Get:170 http://deb.debian.org/debian bullseye/main amd64 freeglut3-dev amd64 2.8.1-6 [179 kB]
Get:171 http://deb.debian.org/debian bullseye/main amd64 libgfortran5 amd64 10.2.1-6 [727 kB]
Get:172 http://deb.debian.org/debian bullseye/main amd64 libgfortran-10-dev amd64 10.2.1-6 [769 kB]
Get:173 http://deb.debian.org/debian bullseye/main amd64 gfortran-10 amd64 10.2.1-6 [9447 kB]
Get:174 http://deb.debian.org/debian bullseye/main amd64 gfortran amd64 4:10.2.1-1 [1428 B]
Get:175 http://deb.debian.org/debian-security bullseye-security/main amd64 libcurl3-gnutls amd64 7.74.0-1.3+deb11u16 [344 kB]
Get:176 http://deb.debian.org/debian bullseye/main amd64 liberror-perl all 0.17029-1 [31.0 kB]
Get:177 http://deb.debian.org/debian-security bullseye-security/main amd64 git-man all 1:2.30.2-1+deb11u5 [1831 kB]
Get:178 http://deb.debian.org/debian-security bullseye-security/main amd64 git amd64 1:2.30.2-1+deb11u5 [5568 kB]
Get:179 http://deb.debian.org/debian bullseye/main amd64 libblas3 amd64 3.9.0-3+deb11u1 [153 kB]
Get:180 http://deb.debian.org/debian bullseye/main amd64 libblas-dev amd64 3.9.0-3+deb11u1 [161 kB]
Get:181 http://deb.debian.org/debian-security bullseye-security/main amd64 libglib2.0-0 amd64 2.66.8-1+deb11u8 [1377 kB]
Get:182 http://deb.debian.org/debian bullseye/main amd64 libopenblas0-pthread amd64 0.3.13+ds-3+deb11u1 [6016 kB]
Get:183 http://deb.debian.org/debian bullseye/main amd64 liblapack3 amd64 3.9.0-3+deb11u1 [2166 kB]
Get:184 http://deb.debian.org/debian bullseye/main amd64 libopenblas-pthread-dev amd64 0.3.13+ds-3+deb11u1 [4450 kB]
Get:185 http://deb.debian.org/debian bullseye/main amd64 liblapack-dev amd64 3.9.0-3+deb11u1 [4246 kB]
Get:186 http://deb.debian.org/debian bullseye/main amd64 libopenblas0 amd64 0.3.13+ds-3+deb11u1 [32.9 kB]
Get:187 http://deb.debian.org/debian bullseye/main amd64 libopenblas-dev amd64 0.3.13+ds-3+deb11u1 [44.2 kB]
Get:188 http://deb.debian.org/debian bullseye/main amd64 libpcre16-3 amd64 2:8.39-13 [259 kB]
Get:189 http://deb.debian.org/debian bullseye/main amd64 libpcre2-16-0 amd64 10.36-2+deb11u1 [232 kB]
Get:190 http://deb.debian.org/debian bullseye/main amd64 libpcre2-32-0 amd64 10.36-2+deb11u1 [220 kB]
Get:191 http://deb.debian.org/debian bullseye/main amd64 libpcre2-posix2 amd64 10.36-2+deb11u1 [49.1 kB]
Get:192 http://deb.debian.org/debian bullseye/main amd64 libpcre2-dev amd64 10.36-2+deb11u1 [733 kB]
Get:193 http://deb.debian.org/debian bullseye/main amd64 libpcre32-3 amd64 2:8.39-13 [250 kB]
Get:194 http://deb.debian.org/debian bullseye/main amd64 libpcrecpp0v5 amd64 2:8.39-13 [152 kB]
Get:195 http://deb.debian.org/debian bullseye/main amd64 libpcre3-dev amd64 2:8.39-13 [650 kB]
Get:196 http://deb.debian.org/debian-security bullseye-security/main amd64 libssl-dev amd64 1.1.1w-0+deb11u8 [1822 kB]
Get:197 http://deb.debian.org/debian bullseye/main amd64 libtool all 2.4.6-15 [513 kB]
Get:198 http://deb.debian.org/debian bullseye/main amd64 libxfixes-dev amd64 1:5.0.3-2 [24.1 kB]
Get:199 http://deb.debian.org/debian bullseye/main amd64 x11proto-input-dev all 2020.1-1 [3412 B]
Get:200 http://deb.debian.org/debian bullseye/main amd64 libxi-dev amd64 2:1.7.10-1 [242 kB]
Get:201 http://deb.debian.org/debian bullseye/main amd64 libxmu6 amd64 2:1.1.2-2+b3 [60.8 kB]
Get:202 http://deb.debian.org/debian bullseye/main amd64 libxmu-headers all 2:1.1.2-2 [51.9 kB]
Get:203 http://deb.debian.org/debian bullseye/main amd64 libxmu-dev amd64 2:1.1.2-2+b3 [66.3 kB]
Get:204 http://deb.debian.org/debian bullseye/main amd64 lsb-release all 11.1.0 [27.9 kB]
Get:205 http://deb.debian.org/debian bullseye/main amd64 ninja-build amd64 1.10.1-1 [112 kB]
Get:206 http://deb.debian.org/debian bullseye/main amd64 patchelf amd64 0.12-1 [61.9 kB]
Get:207 http://deb.debian.org/debian bullseye/main amd64 pkg-config amd64 0.29.2-1 [65.1 kB]
Get:8 http://deb.debian.org/debian-security bullseye-security/main amd64 python3.9-minimal amd64 3.9.2-1+deb11u7 [1944 kB]
debconf: delaying package configuration, since apt-utils is not installed
Fetched 184 MB in 2min 58s (1035 kB/s)
Selecting previously unselected package perl-modules-5.32.
(Reading database ... (Reading database ... 5%(Reading database ... 10%(Reading database ... 15%(Reading database ... 20%(Reading database ... 25%(Reading database ... 30%(Reading database ... 35%(Reading database ... 40%(Reading database ... 45%(Reading database ... 50%(Reading database ... 55%(Reading database ... 60%(Reading database ... 65%(Reading database ... 70%(Reading database ... 75%(Reading database ... 80%(Reading database ... 85%(Reading database ... 90%(Reading database ... 95%(Reading database ... 100%(Reading database ... 6673 files and directories currently installed.)
Preparing to unpack .../0-perl-modules-5.32_5.32.1-4+deb11u5_all.deb ...
Unpacking perl-modules-5.32 (5.32.1-4+deb11u5) ...
Selecting previously unselected package libgdbm6:amd64.
Preparing to unpack .../1-libgdbm6_1.19-2_amd64.deb ...
Unpacking libgdbm6:amd64 (1.19-2) ...
Selecting previously unselected package libgdbm-compat4:amd64.
Preparing to unpack .../2-libgdbm-compat4_1.19-2_amd64.deb ...
Unpacking libgdbm-compat4:amd64 (1.19-2) ...
Selecting previously unselected package libperl5.32:amd64.
Preparing to unpack .../3-libperl5.32_5.32.1-4+deb11u5_amd64.deb ...
Unpacking libperl5.32:amd64 (5.32.1-4+deb11u5) ...
Selecting previously unselected package perl.
Preparing to unpack .../4-perl_5.32.1-4+deb11u5_amd64.deb ...
Unpacking perl (5.32.1-4+deb11u5) ...
Selecting previously unselected package libpython3.9-minimal:amd64.
Preparing to unpack .../5-libpython3.9-minimal_3.9.2-1+deb11u7_amd64.deb ...
Unpacking libpython3.9-minimal:amd64 (3.9.2-1+deb11u7) ...
Selecting previously unselected package libexpat1:amd64.
Preparing to unpack .../6-libexpat1_2.2.10-2+deb11u7_amd64.deb ...
Unpacking libexpat1:amd64 (2.2.10-2+deb11u7) ...
Selecting previously unselected package python3.9-minimal.
Preparing to unpack .../7-python3.9-minimal_3.9.2-1+deb11u7_amd64.deb ...
Unpacking python3.9-minimal (3.9.2-1+deb11u7) ...
Setting up libpython3.9-minimal:amd64 (3.9.2-1+deb11u7) ...
Setting up libexpat1:amd64 (2.2.10-2+deb11u7) ...
Setting up python3.9-minimal (3.9.2-1+deb11u7) ...
Selecting previously unselected package python3-minimal.
(Reading database ... (Reading database ... 5%(Reading database ... 10%(Reading database ... 15%(Reading database ... 20%(Reading database ... 25%(Reading database ... 30%(Reading database ... 35%(Reading database ... 40%(Reading database ... 45%(Reading database ... 50%(Reading database ... 55%(Reading database ... 60%(Reading database ... 65%(Reading database ... 70%(Reading database ... 75%(Reading database ... 80%(Reading database ... 85%(Reading database ... 90%(Reading database ... 95%(Reading database ... 100%(Reading database ... 8938 files and directories currently installed.)
Preparing to unpack .../0-python3-minimal_3.9.2-3_amd64.deb ...
Unpacking python3-minimal (3.9.2-3) ...
Selecting previously unselected package media-types.
Preparing to unpack .../1-media-types_4.0.0_all.deb ...
Unpacking media-types (4.0.0) ...
Selecting previously unselected package libmpdec3:amd64.
Preparing to unpack .../2-libmpdec3_2.5.1-1_amd64.deb ...
Unpacking libmpdec3:amd64 (2.5.1-1) ...
Selecting previously unselected package libncursesw6:amd64.
Preparing to unpack .../3-libncursesw6_6.2+20201114-2+deb11u2_amd64.deb ...
Unpacking libncursesw6:amd64 (6.2+20201114-2+deb11u2) ...
Selecting previously unselected package readline-common.
Preparing to unpack .../4-readline-common_8.1-1_all.deb ...
Unpacking readline-common (8.1-1) ...
Selecting previously unselected package libreadline8:amd64.
Preparing to unpack .../5-libreadline8_8.1-1_amd64.deb ...
Unpacking libreadline8:amd64 (8.1-1) ...
Selecting previously unselected package libsqlite3-0:amd64.
Preparing to unpack .../6-libsqlite3-0_3.34.1-3+deb11u1_amd64.deb ...
Unpacking libsqlite3-0:amd64 (3.34.1-3+deb11u1) ...
Selecting previously unselected package libpython3.9-stdlib:amd64.
Preparing to unpack .../7-libpython3.9-stdlib_3.9.2-1+deb11u7_amd64.deb ...
Unpacking libpython3.9-stdlib:amd64 (3.9.2-1+deb11u7) ...
Selecting previously unselected package python3.9.
Preparing to unpack .../8-python3.9_3.9.2-1+deb11u7_amd64.deb ...
Unpacking python3.9 (3.9.2-1+deb11u7) ...
Selecting previously unselected package libpython3-stdlib:amd64.
Preparing to unpack .../9-libpython3-stdlib_3.9.2-3_amd64.deb ...
Unpacking libpython3-stdlib:amd64 (3.9.2-3) ...
Setting up python3-minimal (3.9.2-3) ...
Selecting previously unselected package python3.
(Reading database ... (Reading database ... 5%(Reading database ... 10%(Reading database ... 15%(Reading database ... 20%(Reading database ... 25%(Reading database ... 30%(Reading database ... 35%(Reading database ... 40%(Reading database ... 45%(Reading database ... 50%(Reading database ... 55%(Reading database ... 60%(Reading database ... 65%(Reading database ... 70%(Reading database ... 75%(Reading database ... 80%(Reading database ... 85%(Reading database ... 90%(Reading database ... 95%(Reading database ... 100%(Reading database ... 9377 files and directories currently installed.)
Preparing to unpack .../000-python3_3.9.2-3_amd64.deb ...
Unpacking python3 (3.9.2-3) ...
Selecting previously unselected package libncurses6:amd64.
Preparing to unpack .../001-libncurses6_6.2+20201114-2+deb11u2_amd64.deb ...
Unpacking libncurses6:amd64 (6.2+20201114-2+deb11u2) ...
Selecting previously unselected package libprocps8:amd64.
Preparing to unpack .../002-libprocps8_2%3a3.3.17-5_amd64.deb ...
Unpacking libprocps8:amd64 (2:3.3.17-5) ...
Selecting previously unselected package procps.
Preparing to unpack .../003-procps_2%3a3.3.17-5_amd64.deb ...
Unpacking procps (2:3.3.17-5) ...
Selecting previously unselected package bzip2.
Preparing to unpack .../004-bzip2_1.0.8-4_amd64.deb ...
Unpacking bzip2 (1.0.8-4) ...
Selecting previously unselected package openssl.
Preparing to unpack .../005-openssl_1.1.1w-0+deb11u8_amd64.deb ...
Unpacking openssl (1.1.1w-0+deb11u8) ...
Selecting previously unselected package ca-certificates.
Preparing to unpack .../006-ca-certificates_20250419~deb12u1~deb11u1_all.deb ...
Unpacking ca-certificates (20250419~deb12u1~deb11u1) ...
Selecting previously unselected package libmagic-mgc.
Preparing to unpack .../007-libmagic-mgc_1%3a5.39-3+deb11u1_amd64.deb ...
Unpacking libmagic-mgc (1:5.39-3+deb11u1) ...
Selecting previously unselected package libmagic1:amd64.
Preparing to unpack .../008-libmagic1_1%3a5.39-3+deb11u1_amd64.deb ...
Unpacking libmagic1:amd64 (1:5.39-3+deb11u1) ...
Selecting previously unselected package file.
Preparing to unpack .../009-file_1%3a5.39-3+deb11u1_amd64.deb ...
Unpacking file (1:5.39-3+deb11u1) ...
Selecting previously unselected package libpsl5:amd64.
Preparing to unpack .../010-libpsl5_0.21.0-1.2_amd64.deb ...
Unpacking libpsl5:amd64 (0.21.0-1.2) ...
Selecting previously unselected package wget.
Preparing to unpack .../011-wget_1.21-1+deb11u2_amd64.deb ...
Unpacking wget (1.21-1+deb11u2) ...
Selecting previously unselected package xz-utils.
Preparing to unpack .../012-xz-utils_5.2.5-2.1~deb11u2_amd64.deb ...
Unpacking xz-utils (5.2.5-2.1~deb11u2) ...
Selecting previously unselected package libsigsegv2:amd64.
Preparing to unpack .../013-libsigsegv2_2.13-1_amd64.deb ...
Unpacking libsigsegv2:amd64 (2.13-1) ...
Selecting previously unselected package m4.
Preparing to unpack .../014-m4_1.4.18-5_amd64.deb ...
Unpacking m4 (1.4.18-5) ...
Selecting previously unselected package autoconf.
Preparing to unpack .../015-autoconf_2.69-14_all.deb ...
Unpacking autoconf (2.69-14) ...
Selecting previously unselected package autotools-dev.
Preparing to unpack .../016-autotools-dev_20180224.1+nmu1_all.deb ...
Unpacking autotools-dev (20180224.1+nmu1) ...
Selecting previously unselected package automake.
Preparing to unpack .../017-automake_1%3a1.16.3-2_all.deb ...
Unpacking automake (1:1.16.3-2) ...
Selecting previously unselected package binutils-common:amd64.
Preparing to unpack .../018-binutils-common_2.35.2-2_amd64.deb ...
Unpacking binutils-common:amd64 (2.35.2-2) ...
Selecting previously unselected package libbinutils:amd64.
Preparing to unpack .../019-libbinutils_2.35.2-2_amd64.deb ...
Unpacking libbinutils:amd64 (2.35.2-2) ...
Selecting previously unselected package libctf-nobfd0:amd64.
Preparing to unpack .../020-libctf-nobfd0_2.35.2-2_amd64.deb ...
Unpacking libctf-nobfd0:amd64 (2.35.2-2) ...
Selecting previously unselected package libctf0:amd64.
Preparing to unpack .../021-libctf0_2.35.2-2_amd64.deb ...
Unpacking libctf0:amd64 (2.35.2-2) ...
Selecting previously unselected package binutils-x86-64-linux-gnu.
Preparing to unpack .../022-binutils-x86-64-linux-gnu_2.35.2-2_amd64.deb ...
Unpacking binutils-x86-64-linux-gnu (2.35.2-2) ...
Selecting previously unselected package binutils.
Preparing to unpack .../023-binutils_2.35.2-2_amd64.deb ...
Unpacking binutils (2.35.2-2) ...
Selecting previously unselected package bison.
Preparing to unpack .../024-bison_2%3a3.7.5+dfsg-1_amd64.deb ...
Unpacking bison (2:3.7.5+dfsg-1) ...
Selecting previously unselected package libc-dev-bin.
Preparing to unpack .../025-libc-dev-bin_2.31-13+deb11u14_amd64.deb ...
Unpacking libc-dev-bin (2.31-13+deb11u14) ...
Selecting previously unselected package linux-libc-dev:amd64.
Preparing to unpack .../026-linux-libc-dev_5.10.262-1_amd64.deb ...
Unpacking linux-libc-dev:amd64 (5.10.262-1) ...
Selecting previously unselected package libcrypt-dev:amd64.
Preparing to unpack .../027-libcrypt-dev_1%3a4.4.18-4_amd64.deb ...
Unpacking libcrypt-dev:amd64 (1:4.4.18-4) ...
Selecting previously unselected package libtirpc-dev:amd64.
Preparing to unpack .../028-libtirpc-dev_1.3.1-1+deb11u1_amd64.deb ...
Unpacking libtirpc-dev:amd64 (1.3.1-1+deb11u1) ...
Selecting previously unselected package libnsl-dev:amd64.
Preparing to unpack .../029-libnsl-dev_1.3.0-2_amd64.deb ...
Unpacking libnsl-dev:amd64 (1.3.0-2) ...
Selecting previously unselected package libc6-dev:amd64.
Preparing to unpack .../030-libc6-dev_2.31-13+deb11u14_amd64.deb ...
Unpacking libc6-dev:amd64 (2.31-13+deb11u14) ...
Selecting previously unselected package libisl23:amd64.
Preparing to unpack .../031-libisl23_0.23-1_amd64.deb ...
Unpacking libisl23:amd64 (0.23-1) ...
Selecting previously unselected package libmpfr6:amd64.
Preparing to unpack .../032-libmpfr6_4.1.0-3_amd64.deb ...
Unpacking libmpfr6:amd64 (4.1.0-3) ...
Selecting previously unselected package libmpc3:amd64.
Preparing to unpack .../033-libmpc3_1.2.0-1_amd64.deb ...
Unpacking libmpc3:amd64 (1.2.0-1) ...
Selecting previously unselected package cpp-10.
Preparing to unpack .../034-cpp-10_10.2.1-6_amd64.deb ...
Unpacking cpp-10 (10.2.1-6) ...
Selecting previously unselected package cpp.
Preparing to unpack .../035-cpp_4%3a10.2.1-1_amd64.deb ...
Unpacking cpp (4:10.2.1-1) ...
Selecting previously unselected package libcc1-0:amd64.
Preparing to unpack .../036-libcc1-0_10.2.1-6_amd64.deb ...
Unpacking libcc1-0:amd64 (10.2.1-6) ...
Selecting previously unselected package libgomp1:amd64.
Preparing to unpack .../037-libgomp1_10.2.1-6_amd64.deb ...
Unpacking libgomp1:amd64 (10.2.1-6) ...
Selecting previously unselected package libitm1:amd64.
Preparing to unpack .../038-libitm1_10.2.1-6_amd64.deb ...
Unpacking libitm1:amd64 (10.2.1-6) ...
Selecting previously unselected package libatomic1:amd64.
Preparing to unpack .../039-libatomic1_10.2.1-6_amd64.deb ...
Unpacking libatomic1:amd64 (10.2.1-6) ...
Selecting previously unselected package libasan6:amd64.
Preparing to unpack .../040-libasan6_10.2.1-6_amd64.deb ...
Unpacking libasan6:amd64 (10.2.1-6) ...
Selecting previously unselected package liblsan0:amd64.
Preparing to unpack .../041-liblsan0_10.2.1-6_amd64.deb ...
Unpacking liblsan0:amd64 (10.2.1-6) ...
Selecting previously unselected package libtsan0:amd64.
Preparing to unpack .../042-libtsan0_10.2.1-6_amd64.deb ...
Unpacking libtsan0:amd64 (10.2.1-6) ...
Selecting previously unselected package libubsan1:amd64.
Preparing to unpack .../043-libubsan1_10.2.1-6_amd64.deb ...
Unpacking libubsan1:amd64 (10.2.1-6) ...
Selecting previously unselected package libquadmath0:amd64.
Preparing to unpack .../044-libquadmath0_10.2.1-6_amd64.deb ...
Unpacking libquadmath0:amd64 (10.2.1-6) ...
Selecting previously unselected package libgcc-10-dev:amd64.
Preparing to unpack .../045-libgcc-10-dev_10.2.1-6_amd64.deb ...
Unpacking libgcc-10-dev:amd64 (10.2.1-6) ...
Selecting previously unselected package gcc-10.
Preparing to unpack .../046-gcc-10_10.2.1-6_amd64.deb ...
Unpacking gcc-10 (10.2.1-6) ...
Selecting previously unselected package gcc.
Preparing to unpack .../047-gcc_4%3a10.2.1-1_amd64.deb ...
Unpacking gcc (4:10.2.1-1) ...
Selecting previously unselected package libstdc++-10-dev:amd64.
Preparing to unpack .../048-libstdc++-10-dev_10.2.1-6_amd64.deb ...
Unpacking libstdc++-10-dev:amd64 (10.2.1-6) ...
Selecting previously unselected package g++-10.
Preparing to unpack .../049-g++-10_10.2.1-6_amd64.deb ...
Unpacking g++-10 (10.2.1-6) ...
Selecting previously unselected package g++.
Preparing to unpack .../050-g++_4%3a10.2.1-1_amd64.deb ...
Unpacking g++ (4:10.2.1-1) ...
Selecting previously unselected package make.
Preparing to unpack .../051-make_4.3-4.1_amd64.deb ...
Unpacking make (4.3-4.1) ...
Selecting previously unselected package libdpkg-perl.
Preparing to unpack .../052-libdpkg-perl_1.20.14_all.deb ...
Unpacking libdpkg-perl (1.20.14) ...
Selecting previously unselected package patch.
Preparing to unpack .../053-patch_2.7.6-7_amd64.deb ...
Unpacking patch (2.7.6-7) ...
Selecting previously unselected package dpkg-dev.
Preparing to unpack .../054-dpkg-dev_1.20.14_all.deb ...
Unpacking dpkg-dev (1.20.14) ...
Selecting previously unselected package build-essential.
Preparing to unpack .../055-build-essential_12.9_amd64.deb ...
Unpacking build-essential (12.9) ...
Selecting previously unselected package byacc.
Preparing to unpack .../056-byacc_20140715-1+b1_amd64.deb ...
Unpacking byacc (20140715-1+b1) ...
Selecting previously unselected package cmake-data.
Preparing to unpack .../057-cmake-data_3.18.4-2+deb11u1_all.deb ...
Unpacking cmake-data (3.18.4-2+deb11u1) ...
Selecting previously unselected package libicu67:amd64.
Preparing to unpack .../058-libicu67_67.1-7+deb11u1_amd64.deb ...
Unpacking libicu67:amd64 (67.1-7+deb11u1) ...
Selecting previously unselected package libxml2:amd64.
Preparing to unpack .../059-libxml2_2.9.10+dfsg-6.7+deb11u10_amd64.deb ...
Unpacking libxml2:amd64 (2.9.10+dfsg-6.7+deb11u10) ...
Selecting previously unselected package libarchive13:amd64.
Preparing to unpack .../060-libarchive13_3.4.3-2+deb11u4_amd64.deb ...
Unpacking libarchive13:amd64 (3.4.3-2+deb11u4) ...
Selecting previously unselected package libbrotli1:amd64.
Preparing to unpack .../061-libbrotli1_1.0.9-2+b2_amd64.deb ...
Unpacking libbrotli1:amd64 (1.0.9-2+b2) ...
Selecting previously unselected package libsasl2-modules-db:amd64.
Preparing to unpack .../062-libsasl2-modules-db_2.1.27+dfsg-2.1+deb11u1_amd64.deb ...
Unpacking libsasl2-modules-db:amd64 (2.1.27+dfsg-2.1+deb11u1) ...
Selecting previously unselected package libsasl2-2:amd64.
Preparing to unpack .../063-libsasl2-2_2.1.27+dfsg-2.1+deb11u1_amd64.deb ...
Unpacking libsasl2-2:amd64 (2.1.27+dfsg-2.1+deb11u1) ...
Selecting previously unselected package libldap-2.4-2:amd64.
Preparing to unpack .../064-libldap-2.4-2_2.4.57+dfsg-3+deb11u1_amd64.deb ...
Unpacking libldap-2.4-2:amd64 (2.4.57+dfsg-3+deb11u1) ...
Selecting previously unselected package libnghttp2-14:amd64.
Preparing to unpack .../065-libnghttp2-14_1.43.0-1+deb11u3_amd64.deb ...
Unpacking libnghttp2-14:amd64 (1.43.0-1+deb11u3) ...
Selecting previously unselected package librtmp1:amd64.
Preparing to unpack .../066-librtmp1_2.4+20151223.gitfa8646d.1-2+b2_amd64.deb ...
Unpacking librtmp1:amd64 (2.4+20151223.gitfa8646d.1-2+b2) ...
Selecting previously unselected package libssh2-1:amd64.
Preparing to unpack .../067-libssh2-1_1.9.0-2+deb11u1_amd64.deb ...
Unpacking libssh2-1:amd64 (1.9.0-2+deb11u1) ...
Selecting previously unselected package libcurl4:amd64.
Preparing to unpack .../068-libcurl4_7.74.0-1.3+deb11u16_amd64.deb ...
Unpacking libcurl4:amd64 (7.74.0-1.3+deb11u16) ...
Selecting previously unselected package libjsoncpp24:amd64.
Preparing to unpack .../069-libjsoncpp24_1.9.4-4_amd64.deb ...
Unpacking libjsoncpp24:amd64 (1.9.4-4) ...
Selecting previously unselected package librhash0:amd64.
Preparing to unpack .../070-librhash0_1.4.1-2_amd64.deb ...
Unpacking librhash0:amd64 (1.4.1-2) ...
Selecting previously unselected package libuv1:amd64.
Preparing to unpack .../071-libuv1_1.40.0-2+deb11u1_amd64.deb ...
Unpacking libuv1:amd64 (1.40.0-2+deb11u1) ...
Selecting previously unselected package cmake.
Preparing to unpack .../072-cmake_3.18.4-2+deb11u1_amd64.deb ...
Unpacking cmake (3.18.4-2+deb11u1) ...
Selecting previously unselected package curl.
Preparing to unpack .../073-curl_7.74.0-1.3+deb11u16_amd64.deb ...
Unpacking curl (7.74.0-1.3+deb11u16) ...
Selecting previously unselected package distro-info-data.
Preparing to unpack .../074-distro-info-data_0.51+deb11u11_all.deb ...
Unpacking distro-info-data (0.51+deb11u11) ...
Selecting previously unselected package libglvnd0:amd64.
Preparing to unpack .../075-libglvnd0_1.3.2-1_amd64.deb ...
Unpacking libglvnd0:amd64 (1.3.2-1) ...
Selecting previously unselected package libxau6:amd64.
Preparing to unpack .../076-libxau6_1%3a1.0.9-1_amd64.deb ...
Unpacking libxau6:amd64 (1:1.0.9-1) ...
Selecting previously unselected package libmd0:amd64.
Preparing to unpack .../077-libmd0_1.0.3-3_amd64.deb ...
Unpacking libmd0:amd64 (1.0.3-3) ...
Selecting previously unselected package libbsd0:amd64.
Preparing to unpack .../078-libbsd0_0.11.3-1+deb11u1_amd64.deb ...
Unpacking libbsd0:amd64 (0.11.3-1+deb11u1) ...
Selecting previously unselected package libxdmcp6:amd64.
Preparing to unpack .../079-libxdmcp6_1%3a1.1.2-3_amd64.deb ...
Unpacking libxdmcp6:amd64 (1:1.1.2-3) ...
Selecting previously unselected package libxcb1:amd64.
Preparing to unpack .../080-libxcb1_1.14-3_amd64.deb ...
Unpacking libxcb1:amd64 (1.14-3) ...
Selecting previously unselected package libx11-data.
Preparing to unpack .../081-libx11-data_2%3a1.7.2-1+deb11u2_all.deb ...
Unpacking libx11-data (2:1.7.2-1+deb11u2) ...
Selecting previously unselected package libx11-6:amd64.
Preparing to unpack .../082-libx11-6_2%3a1.7.2-1+deb11u2_amd64.deb ...
Unpacking libx11-6:amd64 (2:1.7.2-1+deb11u2) ...
Selecting previously unselected package libdrm-common.
Preparing to unpack .../083-libdrm-common_2.4.104-1_all.deb ...
Unpacking libdrm-common (2.4.104-1) ...
Selecting previously unselected package libdrm2:amd64.
Preparing to unpack .../084-libdrm2_2.4.104-1_amd64.deb ...
Unpacking libdrm2:amd64 (2.4.104-1) ...
Selecting previously unselected package libglapi-mesa:amd64.
Preparing to unpack .../085-libglapi-mesa_20.3.5-1+deb11u1_amd64.deb ...
Unpacking libglapi-mesa:amd64 (20.3.5-1+deb11u1) ...
Selecting previously unselected package libx11-xcb1:amd64.
Preparing to unpack .../086-libx11-xcb1_2%3a1.7.2-1+deb11u2_amd64.deb ...
Unpacking libx11-xcb1:amd64 (2:1.7.2-1+deb11u2) ...
Selecting previously unselected package libxcb-dri2-0:amd64.
Preparing to unpack .../087-libxcb-dri2-0_1.14-3_amd64.deb ...
Unpacking libxcb-dri2-0:amd64 (1.14-3) ...
Selecting previously unselected package libxcb-dri3-0:amd64.
Preparing to unpack .../088-libxcb-dri3-0_1.14-3_amd64.deb ...
Unpacking libxcb-dri3-0:amd64 (1.14-3) ...
Selecting previously unselected package libxcb-glx0:amd64.
Preparing to unpack .../089-libxcb-glx0_1.14-3_amd64.deb ...
Unpacking libxcb-glx0:amd64 (1.14-3) ...
Selecting previously unselected package libxcb-present0:amd64.
Preparing to unpack .../090-libxcb-present0_1.14-3_amd64.deb ...
Unpacking libxcb-present0:amd64 (1.14-3) ...
Selecting previously unselected package libxcb-shm0:amd64.
Preparing to unpack .../091-libxcb-shm0_1.14-3_amd64.deb ...
Unpacking libxcb-shm0:amd64 (1.14-3) ...
Selecting previously unselected package libxcb-sync1:amd64.
Preparing to unpack .../092-libxcb-sync1_1.14-3_amd64.deb ...
Unpacking libxcb-sync1:amd64 (1.14-3) ...
Selecting previously unselected package libxcb-xfixes0:amd64.
Preparing to unpack .../093-libxcb-xfixes0_1.14-3_amd64.deb ...
Unpacking libxcb-xfixes0:amd64 (1.14-3) ...
Selecting previously unselected package libxdamage1:amd64.
Preparing to unpack .../094-libxdamage1_1%3a1.1.5-2_amd64.deb ...
Unpacking libxdamage1:amd64 (1:1.1.5-2) ...
Selecting previously unselected package libxext6:amd64.
Preparing to unpack .../095-libxext6_2%3a1.3.3-1.1_amd64.deb ...
Unpacking libxext6:amd64 (2:1.3.3-1.1) ...
Selecting previously unselected package libxfixes3:amd64.
Preparing to unpack .../096-libxfixes3_1%3a5.0.3-2_amd64.deb ...
Unpacking libxfixes3:amd64 (1:5.0.3-2) ...
Selecting previously unselected package libxshmfence1:amd64.
Preparing to unpack .../097-libxshmfence1_1.3-1_amd64.deb ...
Unpacking libxshmfence1:amd64 (1.3-1) ...
Selecting previously unselected package libxxf86vm1:amd64.
Preparing to unpack .../098-libxxf86vm1_1%3a1.1.4-1+b2_amd64.deb ...
Unpacking libxxf86vm1:amd64 (1:1.1.4-1+b2) ...
Selecting previously unselected package libdrm-amdgpu1:amd64.
Preparing to unpack .../099-libdrm-amdgpu1_2.4.104-1_amd64.deb ...
Unpacking libdrm-amdgpu1:amd64 (2.4.104-1) ...
Selecting previously unselected package libpciaccess0:amd64.
Preparing to unpack .../100-libpciaccess0_0.16-1_amd64.deb ...
Unpacking libpciaccess0:amd64 (0.16-1) ...
Selecting previously unselected package libdrm-intel1:amd64.
Preparing to unpack .../101-libdrm-intel1_2.4.104-1_amd64.deb ...
Unpacking libdrm-intel1:amd64 (2.4.104-1) ...
Selecting previously unselected package libdrm-nouveau2:amd64.
Preparing to unpack .../102-libdrm-nouveau2_2.4.104-1_amd64.deb ...
Unpacking libdrm-nouveau2:amd64 (2.4.104-1) ...
Selecting previously unselected package libdrm-radeon1:amd64.
Preparing to unpack .../103-libdrm-radeon1_2.4.104-1_amd64.deb ...
Unpacking libdrm-radeon1:amd64 (2.4.104-1) ...
Selecting previously unselected package libelf1:amd64.
Preparing to unpack .../104-libelf1_0.183-1_amd64.deb ...
Unpacking libelf1:amd64 (0.183-1) ...
Selecting previously unselected package libedit2:amd64.
Preparing to unpack .../105-libedit2_3.1-20191231-2+b1_amd64.deb ...
Unpacking libedit2:amd64 (3.1-20191231-2+b1) ...
Selecting previously unselected package libz3-4:amd64.
Preparing to unpack .../106-libz3-4_4.8.10-1_amd64.deb ...
Unpacking libz3-4:amd64 (4.8.10-1) ...
Selecting previously unselected package libllvm11:amd64.
Preparing to unpack .../107-libllvm11_1%3a11.0.1-2_amd64.deb ...
Unpacking libllvm11:amd64 (1:11.0.1-2) ...
Selecting previously unselected package libsensors-config.
Preparing to unpack .../108-libsensors-config_1%3a3.6.0-7_all.deb ...
Unpacking libsensors-config (1:3.6.0-7) ...
Selecting previously unselected package libsensors5:amd64.
Preparing to unpack .../109-libsensors5_1%3a3.6.0-7_amd64.deb ...
Unpacking libsensors5:amd64 (1:3.6.0-7) ...
Selecting previously unselected package libvulkan1:amd64.
Preparing to unpack .../110-libvulkan1_1.2.162.0-1_amd64.deb ...
Unpacking libvulkan1:amd64 (1.2.162.0-1) ...
Selecting previously unselected package libgl1-mesa-dri:amd64.
Preparing to unpack .../111-libgl1-mesa-dri_20.3.5-1+deb11u1_amd64.deb ...
Unpacking libgl1-mesa-dri:amd64 (20.3.5-1+deb11u1) ...
Selecting previously unselected package libglx-mesa0:amd64.
Preparing to unpack .../112-libglx-mesa0_20.3.5-1+deb11u1_amd64.deb ...
Unpacking libglx-mesa0:amd64 (20.3.5-1+deb11u1) ...
Selecting previously unselected package libglx0:amd64.
Preparing to unpack .../113-libglx0_1.3.2-1_amd64.deb ...
Unpacking libglx0:amd64 (1.3.2-1) ...
Selecting previously unselected package libgl1:amd64.
Preparing to unpack .../114-libgl1_1.3.2-1_amd64.deb ...
Unpacking libgl1:amd64 (1.3.2-1) ...
Selecting previously unselected package libxi6:amd64.
Preparing to unpack .../115-libxi6_2%3a1.7.10-1_amd64.deb ...
Unpacking libxi6:amd64 (2:1.7.10-1) ...
Selecting previously unselected package freeglut3:amd64.
Preparing to unpack .../116-freeglut3_2.8.1-6_amd64.deb ...
Unpacking freeglut3:amd64 (2.8.1-6) ...
Selecting previously unselected package xorg-sgml-doctools.
Preparing to unpack .../117-xorg-sgml-doctools_1%3a1.11-1.1_all.deb ...
Unpacking xorg-sgml-doctools (1:1.11-1.1) ...
Selecting previously unselected package x11proto-dev.
Preparing to unpack .../118-x11proto-dev_2020.1-1_all.deb ...
Unpacking x11proto-dev (2020.1-1) ...
Selecting previously unselected package libxau-dev:amd64.
Preparing to unpack .../119-libxau-dev_1%3a1.0.9-1_amd64.deb ...
Unpacking libxau-dev:amd64 (1:1.0.9-1) ...
Selecting previously unselected package libxdmcp-dev:amd64.
Preparing to unpack .../120-libxdmcp-dev_1%3a1.1.2-3_amd64.deb ...
Unpacking libxdmcp-dev:amd64 (1:1.1.2-3) ...
Selecting previously unselected package xtrans-dev.
Preparing to unpack .../121-xtrans-dev_1.4.0-1_all.deb ...
Unpacking xtrans-dev (1.4.0-1) ...
Selecting previously unselected package libpthread-stubs0-dev:amd64.
Preparing to unpack .../122-libpthread-stubs0-dev_0.4-1_amd64.deb ...
Unpacking libpthread-stubs0-dev:amd64 (0.4-1) ...
Selecting previously unselected package libxcb1-dev:amd64.
Preparing to unpack .../123-libxcb1-dev_1.14-3_amd64.deb ...
Unpacking libxcb1-dev:amd64 (1.14-3) ...
Selecting previously unselected package libx11-dev:amd64.
Preparing to unpack .../124-libx11-dev_2%3a1.7.2-1+deb11u2_amd64.deb ...
Unpacking libx11-dev:amd64 (2:1.7.2-1+deb11u2) ...
Selecting previously unselected package libglx-dev:amd64.
Preparing to unpack .../125-libglx-dev_1.3.2-1_amd64.deb ...
Unpacking libglx-dev:amd64 (1.3.2-1) ...
Selecting previously unselected package libgl-dev:amd64.
Preparing to unpack .../126-libgl-dev_1.3.2-1_amd64.deb ...
Unpacking libgl-dev:amd64 (1.3.2-1) ...
Selecting previously unselected package libwayland-server0:amd64.
Preparing to unpack .../127-libwayland-server0_1.18.0-2~exp1.1_amd64.deb ...
Unpacking libwayland-server0:amd64 (1.18.0-2~exp1.1) ...
Selecting previously unselected package libgbm1:amd64.
Preparing to unpack .../128-libgbm1_20.3.5-1+deb11u1_amd64.deb ...
Unpacking libgbm1:amd64 (20.3.5-1+deb11u1) ...
Selecting previously unselected package libwayland-client0:amd64.
Preparing to unpack .../129-libwayland-client0_1.18.0-2~exp1.1_amd64.deb ...
Unpacking libwayland-client0:amd64 (1.18.0-2~exp1.1) ...
Selecting previously unselected package libegl-mesa0:amd64.
Preparing to unpack .../130-libegl-mesa0_20.3.5-1+deb11u1_amd64.deb ...
Unpacking libegl-mesa0:amd64 (20.3.5-1+deb11u1) ...
Selecting previously unselected package libegl1:amd64.
Preparing to unpack .../131-libegl1_1.3.2-1_amd64.deb ...
Unpacking libegl1:amd64 (1.3.2-1) ...
Selecting previously unselected package libegl-dev:amd64.
Preparing to unpack .../132-libegl-dev_1.3.2-1_amd64.deb ...
Unpacking libegl-dev:amd64 (1.3.2-1) ...
Selecting previously unselected package libgles1:amd64.
Preparing to unpack .../133-libgles1_1.3.2-1_amd64.deb ...
Unpacking libgles1:amd64 (1.3.2-1) ...
Selecting previously unselected package libgles2:amd64.
Preparing to unpack .../134-libgles2_1.3.2-1_amd64.deb ...
Unpacking libgles2:amd64 (1.3.2-1) ...
Selecting previously unselected package libgles-dev:amd64.
Preparing to unpack .../135-libgles-dev_1.3.2-1_amd64.deb ...
Unpacking libgles-dev:amd64 (1.3.2-1) ...
Selecting previously unselected package libopengl0:amd64.
Preparing to unpack .../136-libopengl0_1.3.2-1_amd64.deb ...
Unpacking libopengl0:amd64 (1.3.2-1) ...
Selecting previously unselected package libopengl-dev:amd64.
Preparing to unpack .../137-libopengl-dev_1.3.2-1_amd64.deb ...
Unpacking libopengl-dev:amd64 (1.3.2-1) ...
Selecting previously unselected package libglvnd-dev:amd64.
Preparing to unpack .../138-libglvnd-dev_1.3.2-1_amd64.deb ...
Unpacking libglvnd-dev:amd64 (1.3.2-1) ...
Selecting previously unselected package libgl1-mesa-dev:amd64.
Preparing to unpack .../139-libgl1-mesa-dev_20.3.5-1+deb11u1_amd64.deb ...
Unpacking libgl1-mesa-dev:amd64 (20.3.5-1+deb11u1) ...
Selecting previously unselected package libglu1-mesa:amd64.
Preparing to unpack .../140-libglu1-mesa_9.0.1-1_amd64.deb ...
Unpacking libglu1-mesa:amd64 (9.0.1-1) ...
Selecting previously unselected package libglu1-mesa-dev:amd64.
Preparing to unpack .../141-libglu1-mesa-dev_9.0.1-1_amd64.deb ...
Unpacking libglu1-mesa-dev:amd64 (9.0.1-1) ...
Selecting previously unselected package x11proto-xext-dev.
Preparing to unpack .../142-x11proto-xext-dev_2020.1-1_all.deb ...
Unpacking x11proto-xext-dev (2020.1-1) ...
Selecting previously unselected package libxext-dev:amd64.
Preparing to unpack .../143-libxext-dev_2%3a1.3.3-1.1_amd64.deb ...
Unpacking libxext-dev:amd64 (2:1.3.3-1.1) ...
Selecting previously unselected package x11-common.
Preparing to unpack .../144-x11-common_1%3a7.7+22_all.deb ...
Unpacking x11-common (1:7.7+22) ...
Selecting previously unselected package libice6:amd64.
Preparing to unpack .../145-libice6_2%3a1.0.10-1_amd64.deb ...
Unpacking libice6:amd64 (2:1.0.10-1) ...
Selecting previously unselected package libsm6:amd64.
Preparing to unpack .../146-libsm6_2%3a1.2.3-1_amd64.deb ...
Unpacking libsm6:amd64 (2:1.2.3-1) ...
Selecting previously unselected package libxt6:amd64.
Preparing to unpack .../147-libxt6_1%3a1.2.0-1_amd64.deb ...
Unpacking libxt6:amd64 (1:1.2.0-1) ...
Selecting previously unselected package libice-dev:amd64.
Preparing to unpack .../148-libice-dev_2%3a1.0.10-1_amd64.deb ...
Unpacking libice-dev:amd64 (2:1.0.10-1) ...
Selecting previously unselected package libsm-dev:amd64.
Preparing to unpack .../149-libsm-dev_2%3a1.2.3-1_amd64.deb ...
Unpacking libsm-dev:amd64 (2:1.2.3-1) ...
Selecting previously unselected package libxt-dev:amd64.
Preparing to unpack .../150-libxt-dev_1%3a1.2.0-1_amd64.deb ...
Unpacking libxt-dev:amd64 (1:1.2.0-1) ...
Selecting previously unselected package freeglut3-dev:amd64.
Preparing to unpack .../151-freeglut3-dev_2.8.1-6_amd64.deb ...
Unpacking freeglut3-dev:amd64 (2.8.1-6) ...
Selecting previously unselected package libgfortran5:amd64.
Preparing to unpack .../152-libgfortran5_10.2.1-6_amd64.deb ...
Unpacking libgfortran5:amd64 (10.2.1-6) ...
Selecting previously unselected package libgfortran-10-dev:amd64.
Preparing to unpack .../153-libgfortran-10-dev_10.2.1-6_amd64.deb ...
Unpacking libgfortran-10-dev:amd64 (10.2.1-6) ...
Selecting previously unselected package gfortran-10.
Preparing to unpack .../154-gfortran-10_10.2.1-6_amd64.deb ...
Unpacking gfortran-10 (10.2.1-6) ...
Selecting previously unselected package gfortran.
Preparing to unpack .../155-gfortran_4%3a10.2.1-1_amd64.deb ...
Unpacking gfortran (4:10.2.1-1) ...
Selecting previously unselected package libcurl3-gnutls:amd64.
Preparing to unpack .../156-libcurl3-gnutls_7.74.0-1.3+deb11u16_amd64.deb ...
Unpacking libcurl3-gnutls:amd64 (7.74.0-1.3+deb11u16) ...
Selecting previously unselected package liberror-perl.
Preparing to unpack .../157-liberror-perl_0.17029-1_all.deb ...
Unpacking liberror-perl (0.17029-1) ...
Selecting previously unselected package git-man.
Preparing to unpack .../158-git-man_1%3a2.30.2-1+deb11u5_all.deb ...
Unpacking git-man (1:2.30.2-1+deb11u5) ...
Selecting previously unselected package git.
Preparing to unpack .../159-git_1%3a2.30.2-1+deb11u5_amd64.deb ...
Unpacking git (1:2.30.2-1+deb11u5) ...
Selecting previously unselected package libblas3:amd64.
Preparing to unpack .../160-libblas3_3.9.0-3+deb11u1_amd64.deb ...
Unpacking libblas3:amd64 (3.9.0-3+deb11u1) ...
Selecting previously unselected package libblas-dev:amd64.
Preparing to unpack .../161-libblas-dev_3.9.0-3+deb11u1_amd64.deb ...
Unpacking libblas-dev:amd64 (3.9.0-3+deb11u1) ...
Selecting previously unselected package libglib2.0-0:amd64.
Preparing to unpack .../162-libglib2.0-0_2.66.8-1+deb11u8_amd64.deb ...
Unpacking libglib2.0-0:amd64 (2.66.8-1+deb11u8) ...
Selecting previously unselected package libopenblas0-pthread:amd64.
Preparing to unpack .../163-libopenblas0-pthread_0.3.13+ds-3+deb11u1_amd64.deb ...
Unpacking libopenblas0-pthread:amd64 (0.3.13+ds-3+deb11u1) ...
Selecting previously unselected package liblapack3:amd64.
Preparing to unpack .../164-liblapack3_3.9.0-3+deb11u1_amd64.deb ...
Unpacking liblapack3:amd64 (3.9.0-3+deb11u1) ...
Selecting previously unselected package libopenblas-pthread-dev:amd64.
Preparing to unpack .../165-libopenblas-pthread-dev_0.3.13+ds-3+deb11u1_amd64.deb ...
Unpacking libopenblas-pthread-dev:amd64 (0.3.13+ds-3+deb11u1) ...
Selecting previously unselected package liblapack-dev:amd64.
Preparing to unpack .../166-liblapack-dev_3.9.0-3+deb11u1_amd64.deb ...
Unpacking liblapack-dev:amd64 (3.9.0-3+deb11u1) ...
Selecting previously unselected package libopenblas0:amd64.
Preparing to unpack .../167-libopenblas0_0.3.13+ds-3+deb11u1_amd64.deb ...
Unpacking libopenblas0:amd64 (0.3.13+ds-3+deb11u1) ...
Selecting previously unselected package libopenblas-dev:amd64.
Preparing to unpack .../168-libopenblas-dev_0.3.13+ds-3+deb11u1_amd64.deb ...
Unpacking libopenblas-dev:amd64 (0.3.13+ds-3+deb11u1) ...
Selecting previously unselected package libpcre16-3:amd64.
Preparing to unpack .../169-libpcre16-3_2%3a8.39-13_amd64.deb ...
Unpacking libpcre16-3:amd64 (2:8.39-13) ...
Selecting previously unselected package libpcre2-16-0:amd64.
Preparing to unpack .../170-libpcre2-16-0_10.36-2+deb11u1_amd64.deb ...
Unpacking libpcre2-16-0:amd64 (10.36-2+deb11u1) ...
Selecting previously unselected package libpcre2-32-0:amd64.
Preparing to unpack .../171-libpcre2-32-0_10.36-2+deb11u1_amd64.deb ...
Unpacking libpcre2-32-0:amd64 (10.36-2+deb11u1) ...
Selecting previously unselected package libpcre2-posix2:amd64.
Preparing to unpack .../172-libpcre2-posix2_10.36-2+deb11u1_amd64.deb ...
Unpacking libpcre2-posix2:amd64 (10.36-2+deb11u1) ...
Selecting previously unselected package libpcre2-dev:amd64.
Preparing to unpack .../173-libpcre2-dev_10.36-2+deb11u1_amd64.deb ...
Unpacking libpcre2-dev:amd64 (10.36-2+deb11u1) ...
Selecting previously unselected package libpcre32-3:amd64.
Preparing to unpack .../174-libpcre32-3_2%3a8.39-13_amd64.deb ...
Unpacking libpcre32-3:amd64 (2:8.39-13) ...
Selecting previously unselected package libpcrecpp0v5:amd64.
Preparing to unpack .../175-libpcrecpp0v5_2%3a8.39-13_amd64.deb ...
Unpacking libpcrecpp0v5:amd64 (2:8.39-13) ...
Selecting previously unselected package libpcre3-dev:amd64.
Preparing to unpack .../176-libpcre3-dev_2%3a8.39-13_amd64.deb ...
Unpacking libpcre3-dev:amd64 (2:8.39-13) ...
Selecting previously unselected package libssl-dev:amd64.
Preparing to unpack .../177-libssl-dev_1.1.1w-0+deb11u8_amd64.deb ...
Unpacking libssl-dev:amd64 (1.1.1w-0+deb11u8) ...
Selecting previously unselected package libtool.
Preparing to unpack .../178-libtool_2.4.6-15_all.deb ...
Unpacking libtool (2.4.6-15) ...
Selecting previously unselected package libxfixes-dev:amd64.
Preparing to unpack .../179-libxfixes-dev_1%3a5.0.3-2_amd64.deb ...
Unpacking libxfixes-dev:amd64 (1:5.0.3-2) ...
Selecting previously unselected package x11proto-input-dev.
Preparing to unpack .../180-x11proto-input-dev_2020.1-1_all.deb ...
Unpacking x11proto-input-dev (2020.1-1) ...
Selecting previously unselected package libxi-dev:amd64.
Preparing to unpack .../181-libxi-dev_2%3a1.7.10-1_amd64.deb ...
Unpacking libxi-dev:amd64 (2:1.7.10-1) ...
Selecting previously unselected package libxmu6:amd64.
Preparing to unpack .../182-libxmu6_2%3a1.1.2-2+b3_amd64.deb ...
Unpacking libxmu6:amd64 (2:1.1.2-2+b3) ...
Selecting previously unselected package libxmu-headers.
Preparing to unpack .../183-libxmu-headers_2%3a1.1.2-2_all.deb ...
Unpacking libxmu-headers (2:1.1.2-2) ...
Selecting previously unselected package libxmu-dev:amd64.
Preparing to unpack .../184-libxmu-dev_2%3a1.1.2-2+b3_amd64.deb ...
Unpacking libxmu-dev:amd64 (2:1.1.2-2+b3) ...
Selecting previously unselected package lsb-release.
Preparing to unpack .../185-lsb-release_11.1.0_all.deb ...
Unpacking lsb-release (11.1.0) ...
Selecting previously unselected package ninja-build.
Preparing to unpack .../186-ninja-build_1.10.1-1_amd64.deb ...
Unpacking ninja-build (1.10.1-1) ...
Selecting previously unselected package patchelf.
Preparing to unpack .../187-patchelf_0.12-1_amd64.deb ...
Unpacking patchelf (0.12-1) ...
Selecting previously unselected package pkg-config.
Preparing to unpack .../188-pkg-config_0.29.2-1_amd64.deb ...
Unpacking pkg-config (0.29.2-1) ...
Setting up media-types (4.0.0) ...
Setting up libpcrecpp0v5:amd64 (2:8.39-13) ...
Setting up libwayland-server0:amd64 (1.18.0-2~exp1.1) ...
Setting up libpciaccess0:amd64 (0.16-1) ...
Setting up libxau6:amd64 (1:1.0.9-1) ...
Setting up libpsl5:amd64 (0.21.0-1.2) ...
Setting up wget (1.21-1+deb11u2) ...
Setting up libpcre16-3:amd64 (2:8.39-13) ...
Setting up libicu67:amd64 (67.1-7+deb11u1) ...
Setting up libmagic-mgc (1:5.39-3+deb11u1) ...
Setting up libglib2.0-0:amd64 (2.66.8-1+deb11u8) ...
No schema files found: doing nothing.
Setting up distro-info-data (0.51+deb11u11) ...
Setting up libglvnd0:amd64 (1.3.2-1) ...
Setting up perl-modules-5.32 (5.32.1-4+deb11u5) ...
Setting up libbrotli1:amd64 (1.0.9-2+b2) ...
Setting up libsqlite3-0:amd64 (3.34.1-3+deb11u1) ...
Setting up binutils-common:amd64 (2.35.2-2) ...
Setting up x11-common (1:7.7+22) ...
invoke-rc.d: could not determine current runlevel
invoke-rc.d: policy-rc.d denied execution of start.
Setting up libsensors-config (1:3.6.0-7) ...
Setting up libnghttp2-14:amd64 (1.43.0-1+deb11u3) ...
Setting up libmagic1:amd64 (1:5.39-3+deb11u1) ...
Setting up linux-libc-dev:amd64 (5.10.262-1) ...
Setting up libctf-nobfd0:amd64 (2.35.2-2) ...
Setting up file (1:5.39-3+deb11u1) ...
Setting up libgomp1:amd64 (10.2.1-6) ...
Setting up bzip2 (1.0.8-4) ...
Setting up libpthread-stubs0-dev:amd64 (0.4-1) ...
Setting up libpcre2-16-0:amd64 (10.36-2+deb11u1) ...
Setting up libopengl0:amd64 (1.3.2-1) ...
Setting up ninja-build (1.10.1-1) ...
Setting up libasan6:amd64 (10.2.1-6) ...
Setting up libsasl2-modules-db:amd64 (2.1.27+dfsg-2.1+deb11u1) ...
Setting up xtrans-dev (1.4.0-1) ...
Setting up autotools-dev (20180224.1+nmu1) ...
Setting up libz3-4:amd64 (4.8.10-1) ...
Setting up libpcre2-32-0:amd64 (10.36-2+deb11u1) ...
Setting up libblas3:amd64 (3.9.0-3+deb11u1) ...
update-alternatives: using /usr/lib/x86_64-linux-gnu/blas/libblas.so.3 to provide /usr/lib/x86_64-linux-gnu/libblas.so.3 (libblas.so.3-x86_64-linux-gnu) in auto mode
Setting up byacc (20140715-1+b1) ...
update-alternatives: using /usr/bin/byacc to provide /usr/bin/yacc (yacc) in auto mode
Setting up libtirpc-dev:amd64 (1.3.1-1+deb11u1) ...
Setting up libuv1:amd64 (1.40.0-2+deb11u1) ...
Setting up libgles2:amd64 (1.3.2-1) ...
Setting up libx11-data (2:1.7.2-1+deb11u2) ...
Setting up make (4.3-4.1) ...
Setting up libmpfr6:amd64 (4.1.0-3) ...
Setting up librtmp1:amd64 (2.4+20151223.gitfa8646d.1-2+b2) ...
Setting up libncurses6:amd64 (6.2+20201114-2+deb11u2) ...
Setting up libgles1:amd64 (1.3.2-1) ...
Setting up libsigsegv2:amd64 (2.13-1) ...
Setting up xz-utils (5.2.5-2.1~deb11u2) ...
update-alternatives: using /usr/bin/xz to provide /usr/bin/lzma (lzma) in auto mode
Setting up libquadmath0:amd64 (10.2.1-6) ...
Setting up libssl-dev:amd64 (1.1.1w-0+deb11u8) ...
Setting up libpcre32-3:amd64 (2:8.39-13) ...
Setting up libmpc3:amd64 (1.2.0-1) ...
Setting up libatomic1:amd64 (10.2.1-6) ...
Setting up patch (2.7.6-7) ...
Setting up libpcre2-posix2:amd64 (10.36-2+deb11u1) ...
Setting up libsensors5:amd64 (1:3.6.0-7) ...
Setting up libncursesw6:amd64 (6.2+20201114-2+deb11u2) ...
Setting up libglapi-mesa:amd64 (20.3.5-1+deb11u1) ...
Setting up libsasl2-2:amd64 (2.1.27+dfsg-2.1+deb11u1) ...
Setting up libgfortran5:amd64 (10.2.1-6) ...
Setting up libvulkan1:amd64 (1.2.162.0-1) ...
Setting up libjsoncpp24:amd64 (1.9.4-4) ...
Setting up libubsan1:amd64 (10.2.1-6) ...
Setting up libmd0:amd64 (1.0.3-3) ...
Setting up libnsl-dev:amd64 (1.3.0-2) ...
Setting up libxshmfence1:amd64 (1.3-1) ...
Setting up librhash0:amd64 (1.4.1-2) ...
Setting up libcrypt-dev:amd64 (1:4.4.18-4) ...
Setting up libmpdec3:amd64 (2.5.1-1) ...
Setting up git-man (1:2.30.2-1+deb11u5) ...
Setting up libssh2-1:amd64 (1.9.0-2+deb11u1) ...
Setting up xorg-sgml-doctools (1:1.11-1.1) ...
Setting up cmake-data (3.18.4-2+deb11u1) ...
Setting up libopengl-dev:amd64 (1.3.2-1) ...
Setting up libbinutils:amd64 (2.35.2-2) ...
Setting up patchelf (0.12-1) ...
Setting up libisl23:amd64 (0.23-1) ...
Setting up libc-dev-bin (2.31-13+deb11u14) ...
Setting up openssl (1.1.1w-0+deb11u8) ...
Setting up libbsd0:amd64 (0.11.3-1+deb11u1) ...
Setting up libdrm-common (2.4.104-1) ...
Setting up libelf1:amd64 (0.183-1) ...
Setting up readline-common (8.1-1) ...
Setting up libxml2:amd64 (2.9.10+dfsg-6.7+deb11u10) ...
Setting up libcc1-0:amd64 (10.2.1-6) ...
Setting up liblsan0:amd64 (10.2.1-6) ...
Setting up libprocps8:amd64 (2:3.3.17-5) ...
Setting up cpp-10 (10.2.1-6) ...
Setting up libblas-dev:amd64 (3.9.0-3+deb11u1) ...
update-alternatives: using /usr/lib/x86_64-linux-gnu/blas/libblas.so to provide /usr/lib/x86_64-linux-gnu/libblas.so (libblas.so-x86_64-linux-gnu) in auto mode
Setting up libitm1:amd64 (10.2.1-6) ...
Setting up libgdbm6:amd64 (1.19-2) ...
Setting up libtsan0:amd64 (10.2.1-6) ...
Setting up libwayland-client0:amd64 (1.18.0-2~exp1.1) ...
Setting up libctf0:amd64 (2.35.2-2) ...
Setting up x11proto-dev (2020.1-1) ...
Setting up libice6:amd64 (2:1.0.10-1) ...
Setting up libxdmcp6:amd64 (1:1.1.2-3) ...
Setting up liblapack3:amd64 (3.9.0-3+deb11u1) ...
update-alternatives: using /usr/lib/x86_64-linux-gnu/lapack/liblapack.so.3 to provide /usr/lib/x86_64-linux-gnu/liblapack.so.3 (liblapack.so.3-x86_64-linux-gnu) in auto mode
Setting up libxcb1:amd64 (1.14-3) ...
Setting up libopenblas0-pthread:amd64 (0.3.13+ds-3+deb11u1) ...
update-alternatives: using /usr/lib/x86_64-linux-gnu/openblas-pthread/libblas.so.3 to provide /usr/lib/x86_64-linux-gnu/libblas.so.3 (libblas.so.3-x86_64-linux-gnu) in auto mode
update-alternatives: using /usr/lib/x86_64-linux-gnu/openblas-pthread/liblapack.so.3 to provide /usr/lib/x86_64-linux-gnu/liblapack.so.3 (liblapack.so.3-x86_64-linux-gnu) in auto mode
update-alternatives: using /usr/lib/x86_64-linux-gnu/openblas-pthread/libopenblas.so.0 to provide /usr/lib/x86_64-linux-gnu/libopenblas.so.0 (libopenblas.so.0-x86_64-linux-gnu) in auto mode
Setting up libxcb-xfixes0:amd64 (1.14-3) ...
Setting up libxau-dev:amd64 (1:1.0.9-1) ...
Setting up libice-dev:amd64 (2:1.0.10-1) ...
Setting up libarchive13:amd64 (3.4.3-2+deb11u4) ...
Setting up libxcb-glx0:amd64 (1.14-3) ...
Setting up libgcc-10-dev:amd64 (10.2.1-6) ...
Setting up libedit2:amd64 (3.1-20191231-2+b1) ...
Setting up libreadline8:amd64 (8.1-1) ...
Setting up libldap-2.4-2:amd64 (2.4.57+dfsg-3+deb11u1) ...
Setting up m4 (1.4.18-5) ...
Setting up libcurl3-gnutls:amd64 (7.74.0-1.3+deb11u16) ...
Setting up libxcb-shm0:amd64 (1.14-3) ...
Setting up libxcb-present0:amd64 (1.14-3) ...
Setting up ca-certificates (20250419~deb12u1~deb11u1) ...
Updating certificates in /etc/ssl/certs...
150 added, 0 removed; done.
Setting up libxdmcp-dev:amd64 (1:1.1.2-3) ...
Setting up libllvm11:amd64 (1:11.0.1-2) ...
Setting up libxcb-sync1:amd64 (1.14-3) ...
Setting up liblapack-dev:amd64 (3.9.0-3+deb11u1) ...
update-alternatives: using /usr/lib/x86_64-linux-gnu/lapack/liblapack.so to provide /usr/lib/x86_64-linux-gnu/liblapack.so (liblapack.so-x86_64-linux-gnu) in auto mode
Setting up x11proto-input-dev (2020.1-1) ...
Setting up libgdbm-compat4:amd64 (1.19-2) ...
Setting up libperl5.32:amd64 (5.32.1-4+deb11u5) ...
Setting up libxcb-dri2-0:amd64 (1.14-3) ...
Setting up x11proto-xext-dev (2020.1-1) ...
Setting up libdrm2:amd64 (2.4.104-1) ...
Setting up libopenblas0:amd64 (0.3.13+ds-3+deb11u1) ...
Setting up cpp (4:10.2.1-1) ...
Setting up procps (2:3.3.17-5) ...
Setting up bison (2:3.7.5+dfsg-1) ...
update-alternatives: using /usr/bin/bison.yacc to provide /usr/bin/yacc (yacc) in auto mode
Setting up libcurl4:amd64 (7.74.0-1.3+deb11u16) ...
Setting up libc6-dev:amd64 (2.31-13+deb11u14) ...
Setting up libx11-6:amd64 (2:1.7.2-1+deb11u2) ...
Setting up libgfortran-10-dev:amd64 (10.2.1-6) ...
Setting up curl (7.74.0-1.3+deb11u16) ...
Setting up libsm6:amd64 (2:1.2.3-1) ...
Setting up libpython3.9-stdlib:amd64 (3.9.2-1+deb11u7) ...
Setting up libpython3-stdlib:amd64 (3.9.2-3) ...
Setting up binutils-x86-64-linux-gnu (2.35.2-2) ...
Setting up libdrm-amdgpu1:amd64 (2.4.104-1) ...
Setting up libopenblas-pthread-dev:amd64 (0.3.13+ds-3+deb11u1) ...
update-alternatives: using /usr/lib/x86_64-linux-gnu/openblas-pthread/libblas.so to provide /usr/lib/x86_64-linux-gnu/libblas.so (libblas.so-x86_64-linux-gnu) in auto mode
update-alternatives: using /usr/lib/x86_64-linux-gnu/openblas-pthread/liblapack.so to provide /usr/lib/x86_64-linux-gnu/liblapack.so (liblapack.so-x86_64-linux-gnu) in auto mode
update-alternatives: using /usr/lib/x86_64-linux-gnu/openblas-pthread/libopenblas.so to provide /usr/lib/x86_64-linux-gnu/libopenblas.so (libopenblas.so-x86_64-linux-gnu) in auto mode
Setting up libxcb-dri3-0:amd64 (1.14-3) ...
Setting up libx11-xcb1:amd64 (2:1.7.2-1+deb11u2) ...
Setting up libdrm-nouveau2:amd64 (2.4.104-1) ...
Setting up libstdc++-10-dev:amd64 (10.2.1-6) ...
Setting up libxdamage1:amd64 (1:1.1.5-2) ...
Setting up libxcb1-dev:amd64 (1.14-3) ...
Setting up libpcre2-dev:amd64 (10.36-2+deb11u1) ...
Setting up libgbm1:amd64 (20.3.5-1+deb11u1) ...
Setting up libsm-dev:amd64 (2:1.2.3-1) ...
Setting up libpcre3-dev:amd64 (2:8.39-13) ...
Setting up libdrm-radeon1:amd64 (2.4.104-1) ...
Setting up libdrm-intel1:amd64 (2.4.104-1) ...
Setting up libgl1-mesa-dri:amd64 (20.3.5-1+deb11u1) ...
Setting up libx11-dev:amd64 (2:1.7.2-1+deb11u2) ...
Setting up libxext6:amd64 (2:1.3.3-1.1) ...
Setting up binutils (2.35.2-2) ...
Setting up libxxf86vm1:amd64 (1:1.1.4-1+b2) ...
Setting up libopenblas-dev:amd64 (0.3.13+ds-3+deb11u1) ...
Setting up perl (5.32.1-4+deb11u5) ...
Setting up libegl-mesa0:amd64 (20.3.5-1+deb11u1) ...
Setting up libxfixes3:amd64 (1:5.0.3-2) ...
Setting up libxt6:amd64 (1:1.2.0-1) ...
Setting up gcc-10 (10.2.1-6) ...
Setting up libdpkg-perl (1.20.14) ...
Setting up autoconf (2.69-14) ...
Setting up libxext-dev:amd64 (2:1.3.3-1.1) ...
Setting up libegl1:amd64 (1.3.2-1) ...
Setting up cmake (3.18.4-2+deb11u1) ...
Setting up python3.9 (3.9.2-1+deb11u7) ...
Setting up automake (1:1.16.3-2) ...
update-alternatives: using /usr/bin/automake-1.16 to provide /usr/bin/automake (automake) in auto mode
Setting up libxmu-headers (2:1.1.2-2) ...
Setting up libxmu6:amd64 (2:1.1.2-2+b3) ...
Setting up libglx-mesa0:amd64 (20.3.5-1+deb11u1) ...
Setting up g++-10 (10.2.1-6) ...
Setting up libxi6:amd64 (2:1.7.10-1) ...
Setting up libglx0:amd64 (1.3.2-1) ...
Setting up libtool (2.4.6-15) ...
Setting up python3 (3.9.2-3) ...
Setting up gcc (4:10.2.1-1) ...
Setting up dpkg-dev (1.20.14) ...
Setting up liberror-perl (0.17029-1) ...
Setting up libxfixes-dev:amd64 (1:5.0.3-2) ...
Setting up libgl1:amd64 (1.3.2-1) ...
Setting up libxt-dev:amd64 (1:1.2.0-1) ...
Setting up gfortran-10 (10.2.1-6) ...
Setting up pkg-config (0.29.2-1) ...
Setting up git (1:2.30.2-1+deb11u5) ...
Setting up g++ (4:10.2.1-1) ...
update-alternatives: using /usr/bin/g++ to provide /usr/bin/c++ (c++) in auto mode
Setting up build-essential (12.9) ...
Setting up libglx-dev:amd64 (1.3.2-1) ...
Setting up libglu1-mesa:amd64 (9.0.1-1) ...
Setting up lsb-release (11.1.0) ...
Setting up libxi-dev:amd64 (2:1.7.10-1) ...
Setting up libgl-dev:amd64 (1.3.2-1) ...
Setting up freeglut3:amd64 (2.8.1-6) ...
Setting up libegl-dev:amd64 (1.3.2-1) ...
Setting up libxmu-dev:amd64 (2:1.1.2-2+b3) ...
Setting up gfortran (4:10.2.1-1) ...
update-alternatives: using /usr/bin/gfortran to provide /usr/bin/f95 (f95) in auto mode
update-alternatives: using /usr/bin/gfortran to provide /usr/bin/f77 (f77) in auto mode
Setting up libglu1-mesa-dev:amd64 (9.0.1-1) ...
Setting up libgles-dev:amd64 (1.3.2-1) ...
Setting up libglvnd-dev:amd64 (1.3.2-1) ...
Setting up libgl1-mesa-dev:amd64 (20.3.5-1+deb11u1) ...
Setting up freeglut3-dev:amd64 (2.8.1-6) ...
Processing triggers for libc-bin (2.31-13+deb11u14) ...
Processing triggers for ca-certificates (20250419~deb12u1~deb11u1) ...
Updating certificates in /etc/ssl/certs...
0 added, 0 removed; done.
Running hooks in /etc/ca-certificates/update.d...
done.
2/7 Fetching OpenSim 4.6 source
Cloning into '/opt/src/opensim-core'...
Note: switching to '52094cc61c3e795552c658e34a73d083f4662c6b'.

You are in 'detached HEAD' state. You can look around, make experimental
changes and commit them, and you can discard any commits you make in this
state without impacting any branches by switching back to a branch.

If you want to create a new branch to retain commits you create, you may
do so (now or later) by using -c with the switch command. Example:

  git switch -c <new-branch-name>

Or undo this operation with:

  git switch -

Turn off this advice by setting config variable advice.detachedHead to false

3/7 Building OpenSim dependencies (first run can take 20–60 minutes)
-- The C compiler identification is GNU 10.2.1
-- The CXX compiler identification is GNU 10.2.1
-- Detecting C compiler ABI info
-- Detecting C compiler ABI info - done
-- Check for working C compiler: /usr/bin/cc - skipped
-- Detecting C compile features
-- Detecting C compile features - done
-- Detecting CXX compiler ABI info
-- Detecting CXX compiler ABI info - done
-- Check for working CXX compiler: /usr/bin/c++ - skipped
-- Detecting CXX compile features
-- Detecting CXX compile features - done
-- Configuring done
-- Generating done
-- Build files have been written to: /opt/build/opensim-dependencies
[1/32] Creating directories for 'catch2'
[2/32] Creating directories for 'spdlog'
[3/32] Performing download step (git clone) for 'catch2'
Cloning into 'catch2'...
Note: switching to 'v3.5.0'.

You are in 'detached HEAD' state. You can look around, make experimental
changes and commit them, and you can discard any commits you make in this
state without impacting any branches by switching back to a branch.

If you want to create a new branch to retain commits you create, you may
do so (now or later) by using -c with the switch command. Example:

  git switch -c <new-branch-name>

Or undo this operation with:

  git switch -

Turn off this advice by setting config variable advice.detachedHead to false

HEAD is now at 53d0d913 v3.5.0
[4/32] Performing update step for 'catch2'
[5/32] No patch step for 'catch2'
[6/32] Performing configure step for 'catch2'
loading initial cache file /opt/build/opensim-dependencies/catch2/tmp/catch2-cache-Release.cmake
-- The CXX compiler identification is GNU 10.2.1
-- Detecting CXX compiler ABI info
-- Detecting CXX compiler ABI info - done
-- Check for working CXX compiler: /usr/bin/c++ - skipped
-- Detecting CXX compile features
-- Detecting CXX compile features - done
-- Performing Test HAVE_FLAG__ffile_prefix_map__opt_src_opensim_core_dependencies_catch2__
-- Performing Test HAVE_FLAG__ffile_prefix_map__opt_src_opensim_core_dependencies_catch2__ - Success
-- Configuring done
-- Generating done
-- Build files have been written to: /opt/build/opensim-dependencies/catch2/build
[7/32] Performing build step for 'catch2'
[1/109] Building CXX object src/CMakeFiles/Catch2.dir/catch2/benchmark/catch_chronometer.cpp.o
[2/109] Building CXX object src/CMakeFiles/Catch2.dir/catch2/generators/catch_generator_exception.cpp.o
[3/109] Building CXX object src/CMakeFiles/Catch2.dir/catch2/benchmark/detail/catch_benchmark_function.cpp.o
[4/109] Building CXX object src/CMakeFiles/Catch2.dir/catch2/reporters/catch_reporter_registrars.cpp.o
[5/109] Building CXX object src/CMakeFiles/Catch2.dir/catch2/interfaces/catch_interfaces_capture.cpp.o
[6/109] Building CXX object src/CMakeFiles/Catch2.dir/catch2/benchmark/detail/catch_run_for_at_least.cpp.o
[7/109] Building CXX object src/CMakeFiles/Catch2.dir/catch2/reporters/catch_reporter_event_listener.cpp.o
[8/109] Building CXX object src/CMakeFiles/Catch2.dir/catch2/interfaces/catch_interfaces_config.cpp.o
[9/109] Building CXX object src/CMakeFiles/Catch2.dir/catch2/interfaces/catch_interfaces_exception.cpp.o
[10/109] Building CXX object src/CMakeFiles/Catch2.dir/catch2/interfaces/catch_interfaces_generatortracker.cpp.o
[11/109] Building CXX object src/CMakeFiles/Catch2.dir/catch2/interfaces/catch_interfaces_testcase.cpp.o
[12/109] Building CXX object src/CMakeFiles/Catch2.dir/catch2/generators/catch_generators.cpp.o
[13/109] Building CXX object src/CMakeFiles/Catch2.dir/catch2/reporters/catch_reporter_streaming_base.cpp.o
[14/109] Building CXX object src/CMakeFiles/Catch2.dir/catch2/benchmark/detail/catch_analyse.cpp.o
[15/109] Building CXX object src/CMakeFiles/Catch2.dir/catch2/interfaces/catch_interfaces_registry_hub.cpp.o
[16/109] Building CXX object src/CMakeFiles/Catch2.dir/catch2/reporters/catch_reporter_automake.cpp.o
[17/109] Building CXX object src/CMakeFiles/Catch2.dir/catch2/interfaces/catch_interfaces_reporter_factory.cpp.o
[18/109] Building CXX object src/CMakeFiles/Catch2.dir/catch2/generators/catch_generators_random.cpp.o
[19/109] Building CXX object src/CMakeFiles/Catch2.dir/catch2/reporters/catch_reporter_common_base.cpp.o
[20/109] Building CXX object src/CMakeFiles/Catch2.dir/catch2/catch_tag_alias_autoregistrar.cpp.o
[21/109] Building CXX object src/CMakeFiles/Catch2.dir/catch2/catch_timer.cpp.o
[22/109] Building CXX object src/CMakeFiles/Catch2.dir/catch2/catch_approx.cpp.o
[23/109] Building CXX object src/CMakeFiles/Catch2.dir/catch2/catch_totals.cpp.o
[24/109] Building CXX object src/CMakeFiles/Catch2.dir/catch2/catch_get_random_seed.cpp.o
[25/109] Building CXX object src/CMakeFiles/Catch2.dir/catch2/reporters/catch_reporter_tap.cpp.o
[26/109] Building CXX object src/CMakeFiles/Catch2.dir/catch2/benchmark/detail/catch_stats.cpp.o
[27/109] Building CXX object src/CMakeFiles/Catch2WithMain.dir/catch2/internal/catch_main.cpp.o
[28/109] Building CXX object src/CMakeFiles/Catch2.dir/catch2/reporters/catch_reporter_compact.cpp.o
[29/109] Building CXX object src/CMakeFiles/Catch2.dir/catch2/reporters/catch_reporter_teamcity.cpp.o
[30/109] Building CXX object src/CMakeFiles/Catch2.dir/catch2/catch_assertion_result.cpp.o
[31/109] Building CXX object src/CMakeFiles/Catch2.dir/catch2/internal/catch_context.cpp.o
[32/109] Building CXX object src/CMakeFiles/Catch2.dir/catch2/interfaces/catch_interfaces_reporter.cpp.o
[33/109] Building CXX object src/CMakeFiles/Catch2.dir/catch2/reporters/catch_reporter_sonarqube.cpp.o
[34/109] Building CXX object src/CMakeFiles/Catch2.dir/catch2/reporters/catch_reporter_xml.cpp.o
[35/109] Building CXX object src/CMakeFiles/Catch2.dir/catch2/reporters/catch_reporter_console.cpp.o
[36/109] Building CXX object src/CMakeFiles/Catch2.dir/catch2/catch_translate_exception.cpp.o
[37/109] Building CXX object src/CMakeFiles/Catch2.dir/catch2/internal/catch_errno_guard.cpp.o
[38/109] Building CXX object src/CMakeFiles/Catch2.dir/catch2/catch_version.cpp.o
[39/109] Building CXX object src/CMakeFiles/Catch2.dir/catch2/catch_test_case_info.cpp.o
[40/109] Building CXX object src/CMakeFiles/Catch2.dir/catch2/internal/catch_case_insensitive_comparisons.cpp.o
[41/109] Building CXX object src/CMakeFiles/Catch2.dir/catch2/catch_test_spec.cpp.o
[42/109] Building CXX object src/CMakeFiles/Catch2.dir/catch2/reporters/catch_reporter_cumulative_base.cpp.o
[43/109] Building CXX object src/CMakeFiles/Catch2.dir/catch2/internal/catch_getenv.cpp.o
[44/109] Building CXX object src/CMakeFiles/Catch2.dir/catch2/reporters/catch_reporter_junit.cpp.o
[45/109] Building CXX object src/CMakeFiles/Catch2.dir/catch2/internal/catch_floating_point_helpers.cpp.o
[46/109] Building CXX object src/CMakeFiles/Catch2.dir/catch2/catch_message.cpp.o
[47/109] Building CXX object src/CMakeFiles/Catch2.dir/catch2/internal/catch_debug_console.cpp.o
[48/109] Building CXX object src/CMakeFiles/Catch2.dir/catch2/internal/catch_assertion_handler.cpp.o
[49/109] Building CXX object src/CMakeFiles/Catch2.dir/catch2/internal/catch_debugger.cpp.o
[50/109] Building CXX object src/CMakeFiles/Catch2.dir/catch2/reporters/catch_reporter_multi.cpp.o
[51/109] Building CXX object src/CMakeFiles/Catch2.dir/catch2/catch_registry_hub.cpp.o
[52/109] Building CXX object src/CMakeFiles/Catch2.dir/catch2/internal/catch_random_number_generator.cpp.o
[53/109] Building CXX object src/CMakeFiles/Catch2.dir/catch2/internal/catch_decomposer.cpp.o
[54/109] Building CXX object src/CMakeFiles/Catch2.dir/catch2/internal/catch_polyfills.cpp.o
[55/109] Building CXX object src/CMakeFiles/Catch2.dir/catch2/internal/catch_enforce.cpp.o
[56/109] Building CXX object src/CMakeFiles/Catch2.dir/catch2/internal/catch_result_type.cpp.o
[57/109] Building CXX object src/CMakeFiles/Catch2.dir/catch2/catch_tostring.cpp.o
[58/109] Building CXX object src/CMakeFiles/Catch2.dir/catch2/internal/catch_leak_detector.cpp.o
[59/109] Building CXX object src/CMakeFiles/Catch2.dir/catch2/internal/catch_console_colour.cpp.o
[60/109] Building CXX object src/CMakeFiles/Catch2.dir/catch2/internal/catch_exception_translator_registry.cpp.o
[61/109] Building CXX object src/CMakeFiles/Catch2.dir/catch2/reporters/catch_reporter_json.cpp.o
[62/109] Building CXX object src/CMakeFiles/Catch2.dir/catch2/internal/catch_parse_numbers.cpp.o
[63/109] Building CXX object src/CMakeFiles/Catch2.dir/catch2/internal/catch_message_info.cpp.o
[64/109] Building CXX object src/CMakeFiles/Catch2.dir/catch2/internal/catch_fatal_condition_handler.cpp.o
[65/109] Building CXX object src/CMakeFiles/Catch2.dir/catch2/internal/catch_singletons.cpp.o
[66/109] Building CXX object src/CMakeFiles/Catch2.dir/catch2/internal/catch_startup_exception_registry.cpp.o
[67/109] Building CXX object src/CMakeFiles/Catch2.dir/catch2/internal/catch_enum_values_registry.cpp.o
[68/109] Building CXX object src/CMakeFiles/Catch2.dir/catch2/reporters/catch_reporter_helpers.cpp.o
[69/109] Building CXX object src/CMakeFiles/Catch2.dir/catch2/internal/catch_output_redirect.cpp.o
[70/109] Building CXX object src/CMakeFiles/Catch2.dir/catch2/internal/catch_lazy_expr.cpp.o
[71/109] Building CXX object src/CMakeFiles/Catch2.dir/catch2/internal/catch_jsonwriter.cpp.o
[72/109] Building CXX object src/CMakeFiles/Catch2.dir/catch2/internal/catch_istream.cpp.o
[73/109] Building CXX object src/CMakeFiles/Catch2.dir/catch2/internal/catch_uncaught_exceptions.cpp.o
[74/109] Building CXX object src/CMakeFiles/Catch2.dir/catch2/internal/catch_stdstreams.cpp.o
[75/109] Building CXX object src/CMakeFiles/Catch2.dir/catch2/internal/catch_random_seed_generation.cpp.o
[76/109] Building CXX object src/CMakeFiles/Catch2.dir/catch2/internal/catch_test_case_info_hasher.cpp.o
[77/109] Building CXX object src/CMakeFiles/Catch2.dir/catch2/internal/catch_source_line_info.cpp.o
[78/109] Building CXX object src/CMakeFiles/Catch2.dir/catch2/internal/catch_stringref.cpp.o
[79/109] Building CXX object src/CMakeFiles/Catch2.dir/catch2/internal/catch_test_failure_exception.cpp.o
[80/109] Building CXX object src/CMakeFiles/Catch2.dir/catch2/internal/catch_reusable_string_stream.cpp.o
[81/109] Building CXX object src/CMakeFiles/Catch2.dir/catch2/catch_config.cpp.o
[82/109] Building CXX object src/CMakeFiles/Catch2.dir/catch2/internal/catch_section.cpp.o
[83/109] Building CXX object src/CMakeFiles/Catch2.dir/catch2/internal/catch_test_registry.cpp.o
[84/109] Building CXX object src/CMakeFiles/Catch2.dir/catch2/internal/catch_string_manip.cpp.o
[85/109] Building CXX object src/CMakeFiles/Catch2.dir/catch2/internal/catch_wildcard_pattern.cpp.o
[86/109] Building CXX object src/CMakeFiles/Catch2.dir/catch2/internal/catch_list.cpp.o
[87/109] Building CXX object src/CMakeFiles/Catch2.dir/catch2/matchers/catch_matchers_exception.cpp.o
[88/109] Building CXX object src/CMakeFiles/Catch2.dir/catch2/matchers/catch_matchers_container_properties.cpp.o
[89/109] Building CXX object src/CMakeFiles/Catch2.dir/catch2/matchers/catch_matchers_predicate.cpp.o
[90/109] Building CXX object src/CMakeFiles/Catch2.dir/catch2/internal/catch_reporter_spec_parser.cpp.o
[91/109] Building CXX object src/CMakeFiles/Catch2.dir/catch2/matchers/catch_matchers_quantifiers.cpp.o
[92/109] Building CXX object src/CMakeFiles/Catch2.dir/catch2/matchers/catch_matchers.cpp.o
[93/109] Building CXX object src/CMakeFiles/Catch2.dir/catch2/matchers/internal/catch_matchers_impl.cpp.o
[94/109] Building CXX object src/CMakeFiles/Catch2.dir/catch2/internal/catch_test_case_tracker.cpp.o
[95/109] Building CXX object src/CMakeFiles/Catch2.dir/catch2/matchers/catch_matchers_templated.cpp.o
[96/109] Building CXX object src/CMakeFiles/Catch2.dir/catch2/internal/catch_test_spec_parser.cpp.o
[97/109] Building CXX object src/CMakeFiles/Catch2.dir/catch2/internal/catch_tag_alias_registry.cpp.o
[98/109] Building CXX object src/CMakeFiles/Catch2.dir/catch2/internal/catch_xmlwriter.cpp.o
[99/109] Building CXX object src/CMakeFiles/Catch2.dir/catch2/internal/catch_textflow.cpp.o
[100/109] Building CXX object src/CMakeFiles/Catch2.dir/catch2/internal/catch_reporter_registry.cpp.o
[101/109] Building CXX object src/CMakeFiles/Catch2.dir/catch2/matchers/catch_matchers_floating_point.cpp.o
[102/109] Building CXX object src/CMakeFiles/Catch2.dir/catch2/catch_session.cpp.o
[103/109] Building CXX object src/CMakeFiles/Catch2.dir/catch2/internal/catch_run_context.cpp.o
[104/109] Building CXX object src/CMakeFiles/Catch2.dir/catch2/internal/catch_test_case_registry_impl.cpp.o
[105/109] Building CXX object src/CMakeFiles/Catch2.dir/catch2/internal/catch_clara.cpp.o
[106/109] Building CXX object src/CMakeFiles/Catch2.dir/catch2/internal/catch_commandline.cpp.o
[107/109] Building CXX object src/CMakeFiles/Catch2.dir/catch2/matchers/catch_matchers_string.cpp.o
[108/109] Linking CXX static library src/libCatch2.a
[109/109] Linking CXX static library src/libCatch2Main.a
[8/32] Performing install step for 'catch2'
[0/1] Install the project...
-- Install configuration: "Release"
-- Installing: /opt/opensim-dependencies/catch2/lib/cmake/Catch2/Catch2Config.cmake
-- Installing: /opt/opensim-dependencies/catch2/lib/cmake/Catch2/Catch2ConfigVersion.cmake
-- Installing: /opt/opensim-dependencies/catch2/share/doc/Catch2
-- Installing: /opt/opensim-dependencies/catch2/share/doc/Catch2/event-listeners.md
-- Installing: /opt/opensim-dependencies/catch2/share/doc/Catch2/assertions.md
-- Installing: /opt/opensim-dependencies/catch2/share/doc/Catch2/contributing.md
-- Installing: /opt/opensim-dependencies/catch2/share/doc/Catch2/comparing-floating-point-numbers.md
-- Installing: /opt/opensim-dependencies/catch2/share/doc/Catch2/limitations.md
-- Installing: /opt/opensim-dependencies/catch2/share/doc/Catch2/release-process.md
-- Installing: /opt/opensim-dependencies/catch2/share/doc/Catch2/reporter-events.md
-- Installing: /opt/opensim-dependencies/catch2/share/doc/Catch2/benchmarks.md
-- Installing: /opt/opensim-dependencies/catch2/share/doc/Catch2/matchers.md
-- Installing: /opt/opensim-dependencies/catch2/share/doc/Catch2/list-of-examples.md
-- Installing: /opt/opensim-dependencies/catch2/share/doc/Catch2/why-catch.md
-- Installing: /opt/opensim-dependencies/catch2/share/doc/Catch2/usage-tips.md
-- Installing: /opt/opensim-dependencies/catch2/share/doc/Catch2/release-notes.md
-- Installing: /opt/opensim-dependencies/catch2/share/doc/Catch2/deprecations.md
-- Installing: /opt/opensim-dependencies/catch2/share/doc/Catch2/reporters.md
-- Installing: /opt/opensim-dependencies/catch2/share/doc/Catch2/generators.md
-- Installing: /opt/opensim-dependencies/catch2/share/doc/Catch2/command-line.md
-- Installing: /opt/opensim-dependencies/catch2/share/doc/Catch2/faq.md
-- Installing: /opt/opensim-dependencies/catch2/share/doc/Catch2/cmake-integration.md
-- Installing: /opt/opensim-dependencies/catch2/share/doc/Catch2/opensource-users.md
-- Installing: /opt/opensim-dependencies/catch2/share/doc/Catch2/commercial-users.md
-- Installing: /opt/opensim-dependencies/catch2/share/doc/Catch2/test-fixtures.md
-- Installing: /opt/opensim-dependencies/catch2/share/doc/Catch2/other-macros.md
-- Installing: /opt/opensim-dependencies/catch2/share/doc/Catch2/skipping-passing-failing.md
-- Installing: /opt/opensim-dependencies/catch2/share/doc/Catch2/migrate-v2-to-v3.md
-- Installing: /opt/opensim-dependencies/catch2/share/doc/Catch2/configuration.md
-- Installing: /opt/opensim-dependencies/catch2/share/doc/Catch2/tutorial.md
-- Installing: /opt/opensim-dependencies/catch2/share/doc/Catch2/own-main.md
-- Installing: /opt/opensim-dependencies/catch2/share/doc/Catch2/Readme.md
-- Installing: /opt/opensim-dependencies/catch2/share/doc/Catch2/ci-and-misc.md
-- Installing: /opt/opensim-dependencies/catch2/share/doc/Catch2/test-cases-and-sections.md
-- Installing: /opt/opensim-dependencies/catch2/share/doc/Catch2/tostring.md
-- Installing: /opt/opensim-dependencies/catch2/share/doc/Catch2/logging.md
-- Installing: /opt/opensim-dependencies/catch2/lib/cmake/Catch2/ParseAndAddCatchTests.cmake
-- Installing: /opt/opensim-dependencies/catch2/lib/cmake/Catch2/Catch.cmake
-- Installing: /opt/opensim-dependencies/catch2/lib/cmake/Catch2/CatchAddTests.cmake
-- Installing: /opt/opensim-dependencies/catch2/lib/cmake/Catch2/CatchShardTests.cmake
-- Installing: /opt/opensim-dependencies/catch2/lib/cmake/Catch2/CatchShardTestsImpl.cmake
-- Installing: /opt/opensim-dependencies/catch2/share/Catch2/gdbinit
-- Installing: /opt/opensim-dependencies/catch2/share/Catch2/lldbinit
-- Installing: /opt/opensim-dependencies/catch2/share/pkgconfig/catch2.pc
-- Installing: /opt/opensim-dependencies/catch2/share/pkgconfig/catch2-with-main.pc
-- Installing: /opt/opensim-dependencies/catch2/lib/libCatch2.a
-- Installing: /opt/opensim-dependencies/catch2/lib/libCatch2Main.a
-- Installing: /opt/opensim-dependencies/catch2/lib/cmake/Catch2/Catch2Targets.cmake
-- Installing: /opt/opensim-dependencies/catch2/lib/cmake/Catch2/Catch2Targets-release.cmake
-- Installing: /opt/opensim-dependencies/catch2/include/catch2
-- Installing: /opt/opensim-dependencies/catch2/include/catch2/catch_assertion_info.hpp
-- Installing: /opt/opensim-dependencies/catch2/include/catch2/catch_section_info.hpp
-- Installing: /opt/opensim-dependencies/catch2/include/catch2/catch_version.hpp
-- Installing: /opt/opensim-dependencies/catch2/include/catch2/benchmark
-- Installing: /opt/opensim-dependencies/catch2/include/catch2/benchmark/catch_benchmark.hpp
-- Installing: /opt/opensim-dependencies/catch2/include/catch2/benchmark/catch_outlier_classification.hpp
-- Installing: /opt/opensim-dependencies/catch2/include/catch2/benchmark/catch_optimizer.hpp
-- Installing: /opt/opensim-dependencies/catch2/include/catch2/benchmark/catch_clock.hpp
-- Installing: /opt/opensim-dependencies/catch2/include/catch2/benchmark/catch_chronometer.hpp
-- Installing: /opt/opensim-dependencies/catch2/include/catch2/benchmark/catch_benchmark_all.hpp
-- Installing: /opt/opensim-dependencies/catch2/include/catch2/benchmark/detail
-- Installing: /opt/opensim-dependencies/catch2/include/catch2/benchmark/detail/catch_complete_invoke.hpp
-- Installing: /opt/opensim-dependencies/catch2/include/catch2/benchmark/detail/catch_run_for_at_least.hpp
-- Installing: /opt/opensim-dependencies/catch2/include/catch2/benchmark/detail/catch_benchmark_stats_fwd.hpp
-- Installing: /opt/opensim-dependencies/catch2/include/catch2/benchmark/detail/catch_measure.hpp
-- Installing: /opt/opensim-dependencies/catch2/include/catch2/benchmark/detail/catch_benchmark_function.hpp
-- Installing: /opt/opensim-dependencies/catch2/include/catch2/benchmark/detail/catch_analyse.hpp
-- Installing: /opt/opensim-dependencies/catch2/include/catch2/benchmark/detail/catch_benchmark_stats.hpp
-- Installing: /opt/opensim-dependencies/catch2/include/catch2/benchmark/detail/catch_timing.hpp
-- Installing: /opt/opensim-dependencies/catch2/include/catch2/benchmark/detail/catch_estimate_clock.hpp
-- Installing: /opt/opensim-dependencies/catch2/include/catch2/benchmark/detail/catch_stats.hpp
-- Installing: /opt/opensim-dependencies/catch2/include/catch2/benchmark/detail/catch_repeat.hpp
-- Installing: /opt/opensim-dependencies/catch2/include/catch2/benchmark/catch_estimate.hpp
-- Installing: /opt/opensim-dependencies/catch2/include/catch2/benchmark/catch_constructor.hpp
-- Installing: /opt/opensim-dependencies/catch2/include/catch2/benchmark/catch_execution_plan.hpp
-- Installing: /opt/opensim-dependencies/catch2/include/catch2/benchmark/catch_environment.hpp
-- Installing: /opt/opensim-dependencies/catch2/include/catch2/benchmark/catch_sample_analysis.hpp
-- Installing: /opt/opensim-dependencies/catch2/include/catch2/catch_test_case_info.hpp
-- Installing: /opt/opensim-dependencies/catch2/include/catch2/catch_template_test_macros.hpp
-- Installing: /opt/opensim-dependencies/catch2/include/catch2/catch_timer.hpp
-- Installing: /opt/opensim-dependencies/catch2/include/catch2/internal
-- Installing: /opt/opensim-dependencies/catch2/include/catch2/internal/catch_config_uncaught_exceptions.hpp
-- Installing: /opt/opensim-dependencies/catch2/include/catch2/internal/catch_random_integer_helpers.hpp
-- Installing: /opt/opensim-dependencies/catch2/include/catch2/internal/catch_string_manip.hpp
-- Installing: /opt/opensim-dependencies/catch2/include/catch2/internal/catch_decomposer.hpp
-- Installing: /opt/opensim-dependencies/catch2/include/catch2/internal/catch_fatal_condition_handler.hpp
-- Installing: /opt/opensim-dependencies/catch2/include/catch2/internal/catch_test_failure_exception.hpp
-- Installing: /opt/opensim-dependencies/catch2/include/catch2/internal/catch_wildcard_pattern.hpp
-- Installing: /opt/opensim-dependencies/catch2/include/catch2/internal/catch_enforce.hpp
-- Installing: /opt/opensim-dependencies/catch2/include/catch2/internal/catch_result_type.hpp
-- Installing: /opt/opensim-dependencies/catch2/include/catch2/internal/catch_unique_name.hpp
-- Installing: /opt/opensim-dependencies/catch2/include/catch2/internal/catch_jsonwriter.hpp
-- Installing: /opt/opensim-dependencies/catch2/include/catch2/internal/catch_sharding.hpp
-- Installing: /opt/opensim-dependencies/catch2/include/catch2/internal/catch_preprocessor_remove_parens.hpp
-- Installing: /opt/opensim-dependencies/catch2/include/catch2/internal/catch_test_case_tracker.hpp
-- Installing: /opt/opensim-dependencies/catch2/include/catch2/internal/catch_windows_h_proxy.hpp
-- Installing: /opt/opensim-dependencies/catch2/include/catch2/internal/catch_optional.hpp
-- Installing: /opt/opensim-dependencies/catch2/include/catch2/internal/catch_unique_ptr.hpp
-- Installing: /opt/opensim-dependencies/catch2/include/catch2/internal/catch_message_info.hpp
-- Installing: /opt/opensim-dependencies/catch2/include/catch2/internal/catch_uniform_floating_point_distribution.hpp
-- Installing: /opt/opensim-dependencies/catch2/include/catch2/internal/catch_output_redirect.hpp
-- Installing: /opt/opensim-dependencies/catch2/include/catch2/internal/catch_tag_alias_registry.hpp
-- Installing: /opt/opensim-dependencies/catch2/include/catch2/internal/catch_random_floating_point_helpers.hpp
-- Installing: /opt/opensim-dependencies/catch2/include/catch2/internal/catch_preprocessor.hpp
-- Installing: /opt/opensim-dependencies/catch2/include/catch2/internal/catch_platform.hpp
-- Installing: /opt/opensim-dependencies/catch2/include/catch2/internal/catch_textflow.hpp
-- Installing: /opt/opensim-dependencies/catch2/include/catch2/internal/catch_run_context.hpp
-- Installing: /opt/opensim-dependencies/catch2/include/catch2/internal/catch_context.hpp
-- Installing: /opt/opensim-dependencies/catch2/include/catch2/internal/catch_config_android_logwrite.hpp
-- Installing: /opt/opensim-dependencies/catch2/include/catch2/internal/catch_move_and_forward.hpp
-- Installing: /opt/opensim-dependencies/catch2/include/catch2/internal/catch_test_spec_parser.hpp
-- Installing: /opt/opensim-dependencies/catch2/include/catch2/internal/catch_reporter_spec_parser.hpp
-- Installing: /opt/opensim-dependencies/catch2/include/catch2/internal/catch_case_insensitive_comparisons.hpp
-- Installing: /opt/opensim-dependencies/catch2/include/catch2/internal/catch_is_permutation.hpp
-- Installing: /opt/opensim-dependencies/catch2/include/catch2/internal/catch_stdstreams.hpp
-- Installing: /opt/opensim-dependencies/catch2/include/catch2/internal/catch_stream_end_stop.hpp
-- Installing: /opt/opensim-dependencies/catch2/include/catch2/internal/catch_test_case_info_hasher.hpp
-- Installing: /opt/opensim-dependencies/catch2/include/catch2/internal/catch_stringref.hpp
-- Installing: /opt/opensim-dependencies/catch2/include/catch2/internal/catch_istream.hpp
-- Installing: /opt/opensim-dependencies/catch2/include/catch2/internal/catch_source_line_info.hpp
-- Installing: /opt/opensim-dependencies/catch2/include/catch2/internal/catch_list.hpp
-- Installing: /opt/opensim-dependencies/catch2/include/catch2/internal/catch_debugger.hpp
-- Installing: /opt/opensim-dependencies/catch2/include/catch2/internal/catch_container_nonmembers.hpp
-- Installing: /opt/opensim-dependencies/catch2/include/catch2/internal/catch_logical_traits.hpp
-- Installing: /opt/opensim-dependencies/catch2/include/catch2/internal/catch_clara.hpp
-- Installing: /opt/opensim-dependencies/catch2/include/catch2/internal/catch_reusable_string_stream.hpp
-- Installing: /opt/opensim-dependencies/catch2/include/catch2/internal/catch_enum_values_registry.hpp
-- Installing: /opt/opensim-dependencies/catch2/include/catch2/internal/catch_leak_detector.hpp
-- Installing: /opt/opensim-dependencies/catch2/include/catch2/internal/catch_test_registry.hpp
-- Installing: /opt/opensim-dependencies/catch2/include/catch2/internal/catch_template_test_registry.hpp
-- Installing: /opt/opensim-dependencies/catch2/include/catch2/internal/catch_console_colour.hpp
-- Installing: /opt/opensim-dependencies/catch2/include/catch2/internal/catch_to_string.hpp
-- Installing: /opt/opensim-dependencies/catch2/include/catch2/internal/catch_floating_point_helpers.hpp
-- Installing: /opt/opensim-dependencies/catch2/include/catch2/internal/catch_uncaught_exceptions.hpp
-- Installing: /opt/opensim-dependencies/catch2/include/catch2/internal/catch_test_macro_impl.hpp
-- Installing: /opt/opensim-dependencies/catch2/include/catch2/internal/catch_meta.hpp
-- Installing: /opt/opensim-dependencies/catch2/include/catch2/internal/catch_exception_translator_registry.hpp
-- Installing: /opt/opensim-dependencies/catch2/include/catch2/internal/catch_test_case_registry_impl.hpp
-- Installing: /opt/opensim-dependencies/catch2/include/catch2/internal/catch_config_prefix_messages.hpp
-- Installing: /opt/opensim-dependencies/catch2/include/catch2/internal/catch_parse_numbers.hpp
-- Installing: /opt/opensim-dependencies/catch2/include/catch2/internal/catch_noncopyable.hpp
-- Installing: /opt/opensim-dependencies/catch2/include/catch2/internal/catch_reporter_registry.hpp
-- Installing: /opt/opensim-dependencies/catch2/include/catch2/internal/catch_console_width.hpp
-- Installing: /opt/opensim-dependencies/catch2/include/catch2/internal/catch_random_seed_generation.hpp
-- Installing: /opt/opensim-dependencies/catch2/include/catch2/internal/catch_lazy_expr.hpp
-- Installing: /opt/opensim-dependencies/catch2/include/catch2/internal/catch_case_sensitive.hpp
-- Installing: /opt/opensim-dependencies/catch2/include/catch2/internal/catch_preprocessor_internal_stringify.hpp
-- Installing: /opt/opensim-dependencies/catch2/include/catch2/internal/catch_singletons.hpp
-- Installing: /opt/opensim-dependencies/catch2/include/catch2/internal/catch_void_type.hpp
-- Installing: /opt/opensim-dependencies/catch2/include/catch2/internal/catch_config_counter.hpp
-- Installing: /opt/opensim-dependencies/catch2/include/catch2/internal/catch_assertion_handler.hpp
-- Installing: /opt/opensim-dependencies/catch2/include/catch2/internal/catch_random_number_generator.hpp
-- Installing: /opt/opensim-dependencies/catch2/include/catch2/internal/catch_polyfills.hpp
-- Installing: /opt/opensim-dependencies/catch2/include/catch2/internal/catch_debug_console.hpp
-- Installing: /opt/opensim-dependencies/catch2/include/catch2/internal/catch_xmlwriter.hpp
-- Installing: /opt/opensim-dependencies/catch2/include/catch2/internal/catch_getenv.hpp
-- Installing: /opt/opensim-dependencies/catch2/include/catch2/internal/catch_section.hpp
-- Installing: /opt/opensim-dependencies/catch2/include/catch2/internal/catch_compare_traits.hpp
-- Installing: /opt/opensim-dependencies/catch2/include/catch2/internal/catch_uniform_integer_distribution.hpp
-- Installing: /opt/opensim-dependencies/catch2/include/catch2/internal/catch_commandline.hpp
-- Installing: /opt/opensim-dependencies/catch2/include/catch2/internal/catch_compiler_capabilities.hpp
-- Installing: /opt/opensim-dependencies/catch2/include/catch2/internal/catch_startup_exception_registry.hpp
-- Installing: /opt/opensim-dependencies/catch2/include/catch2/internal/catch_test_run_info.hpp
-- Installing: /opt/opensim-dependencies/catch2/include/catch2/internal/catch_errno_guard.hpp
-- Installing: /opt/opensim-dependencies/catch2/include/catch2/internal/catch_config_wchar.hpp
-- Installing: /opt/opensim-dependencies/catch2/include/catch2/internal/catch_config_static_analysis_support.hpp
-- Installing: /opt/opensim-dependencies/catch2/include/catch2/catch_all.hpp
-- Installing: /opt/opensim-dependencies/catch2/include/catch2/catch_get_random_seed.hpp
-- Installing: /opt/opensim-dependencies/catch2/include/catch2/catch_tostring.hpp
-- Installing: /opt/opensim-dependencies/catch2/include/catch2/catch_version_macros.hpp
-- Installing: /opt/opensim-dependencies/catch2/include/catch2/matchers
-- Installing: /opt/opensim-dependencies/catch2/include/catch2/matchers/catch_matchers_floating_point.hpp
-- Installing: /opt/opensim-dependencies/catch2/include/catch2/matchers/catch_matchers.hpp
-- Installing: /opt/opensim-dependencies/catch2/include/catch2/matchers/catch_matchers_quantifiers.hpp
-- Installing: /opt/opensim-dependencies/catch2/include/catch2/matchers/catch_matchers_all.hpp
-- Installing: /opt/opensim-dependencies/catch2/include/catch2/matchers/catch_matchers_templated.hpp
-- Installing: /opt/opensim-dependencies/catch2/include/catch2/matchers/catch_matchers_exception.hpp
-- Installing: /opt/opensim-dependencies/catch2/include/catch2/matchers/catch_matchers_range_equals.hpp
-- Installing: /opt/opensim-dependencies/catch2/include/catch2/matchers/internal
-- Installing: /opt/opensim-dependencies/catch2/include/catch2/matchers/internal/catch_matchers_impl.hpp
-- Installing: /opt/opensim-dependencies/catch2/include/catch2/matchers/catch_matchers_container_properties.hpp
-- Installing: /opt/opensim-dependencies/catch2/include/catch2/matchers/catch_matchers_string.hpp
-- Installing: /opt/opensim-dependencies/catch2/include/catch2/matchers/catch_matchers_contains.hpp
-- Installing: /opt/opensim-dependencies/catch2/include/catch2/matchers/catch_matchers_predicate.hpp
-- Installing: /opt/opensim-dependencies/catch2/include/catch2/matchers/catch_matchers_vector.hpp
-- Installing: /opt/opensim-dependencies/catch2/include/catch2/interfaces
-- Installing: /opt/opensim-dependencies/catch2/include/catch2/interfaces/catch_interfaces_generatortracker.hpp
-- Installing: /opt/opensim-dependencies/catch2/include/catch2/interfaces/catch_interfaces_testcase.hpp
-- Installing: /opt/opensim-dependencies/catch2/include/catch2/interfaces/catch_interfaces_capture.hpp
-- Installing: /opt/opensim-dependencies/catch2/include/catch2/interfaces/catch_interfaces_enum_values_registry.hpp
-- Installing: /opt/opensim-dependencies/catch2/include/catch2/interfaces/catch_interfaces_reporter_factory.hpp
-- Installing: /opt/opensim-dependencies/catch2/include/catch2/interfaces/catch_interfaces_all.hpp
-- Installing: /opt/opensim-dependencies/catch2/include/catch2/interfaces/catch_interfaces_reporter.hpp
-- Installing: /opt/opensim-dependencies/catch2/include/catch2/interfaces/catch_interfaces_exception.hpp
-- Installing: /opt/opensim-dependencies/catch2/include/catch2/interfaces/catch_interfaces_tag_alias_registry.hpp
-- Installing: /opt/opensim-dependencies/catch2/include/catch2/interfaces/catch_interfaces_config.hpp
-- Installing: /opt/opensim-dependencies/catch2/include/catch2/interfaces/catch_interfaces_test_invoker.hpp
-- Installing: /opt/opensim-dependencies/catch2/include/catch2/interfaces/catch_interfaces_registry_hub.hpp
-- Installing: /opt/opensim-dependencies/catch2/include/catch2/catch_session.hpp
-- Installing: /opt/opensim-dependencies/catch2/include/catch2/catch_tag_alias.hpp
-- Installing: /opt/opensim-dependencies/catch2/include/catch2/catch_approx.hpp
-- Installing: /opt/opensim-dependencies/catch2/include/catch2/catch_tag_alias_autoregistrar.hpp
-- Installing: /opt/opensim-dependencies/catch2/include/catch2/catch_totals.hpp
-- Installing: /opt/opensim-dependencies/catch2/include/catch2/catch_config.hpp
-- Installing: /opt/opensim-dependencies/catch2/include/catch2/catch_translate_exception.hpp
-- Installing: /opt/opensim-dependencies/catch2/include/catch2/catch_message.hpp
-- Installing: /opt/opensim-dependencies/catch2/include/catch2/generators
-- Installing: /opt/opensim-dependencies/catch2/include/catch2/generators/catch_generator_exception.hpp
-- Installing: /opt/opensim-dependencies/catch2/include/catch2/generators/catch_generators_adapters.hpp
-- Installing: /opt/opensim-dependencies/catch2/include/catch2/generators/catch_generators_random.hpp
-- Installing: /opt/opensim-dependencies/catch2/include/catch2/generators/catch_generators_all.hpp
-- Installing: /opt/opensim-dependencies/catch2/include/catch2/generators/catch_generators_range.hpp
-- Installing: /opt/opensim-dependencies/catch2/include/catch2/generators/catch_generators.hpp
-- Installing: /opt/opensim-dependencies/catch2/include/catch2/catch_test_spec.hpp
-- Installing: /opt/opensim-dependencies/catch2/include/catch2/reporters
-- Installing: /opt/opensim-dependencies/catch2/include/catch2/reporters/catch_reporter_helpers.hpp
-- Installing: /opt/opensim-dependencies/catch2/include/catch2/reporters/catch_reporter_automake.hpp
-- Installing: /opt/opensim-dependencies/catch2/include/catch2/reporters/catch_reporter_json.hpp
-- Installing: /opt/opensim-dependencies/catch2/include/catch2/reporters/catch_reporter_sonarqube.hpp
-- Installing: /opt/opensim-dependencies/catch2/include/catch2/reporters/catch_reporter_junit.hpp
-- Installing: /opt/opensim-dependencies/catch2/include/catch2/reporters/catch_reporter_event_listener.hpp
-- Installing: /opt/opensim-dependencies/catch2/include/catch2/reporters/catch_reporter_streaming_base.hpp
-- Installing: /opt/opensim-dependencies/catch2/include/catch2/reporters/catch_reporter_compact.hpp
-- Installing: /opt/opensim-dependencies/catch2/include/catch2/reporters/catch_reporter_tap.hpp
-- Installing: /opt/opensim-dependencies/catch2/include/catch2/reporters/catch_reporter_common_base.hpp
-- Installing: /opt/opensim-dependencies/catch2/include/catch2/reporters/catch_reporter_registrars.hpp
-- Installing: /opt/opensim-dependencies/catch2/include/catch2/reporters/catch_reporter_console.hpp
-- Installing: /opt/opensim-dependencies/catch2/include/catch2/reporters/catch_reporter_xml.hpp
-- Installing: /opt/opensim-dependencies/catch2/include/catch2/reporters/catch_reporter_teamcity.hpp
-- Installing: /opt/opensim-dependencies/catch2/include/catch2/reporters/catch_reporter_cumulative_base.hpp
-- Installing: /opt/opensim-dependencies/catch2/include/catch2/reporters/catch_reporter_multi.hpp
-- Installing: /opt/opensim-dependencies/catch2/include/catch2/reporters/catch_reporters_all.hpp
-- Installing: /opt/opensim-dependencies/catch2/include/catch2/catch_test_macros.hpp
-- Installing: /opt/opensim-dependencies/catch2/include/catch2/catch_assertion_result.hpp
-- Up-to-date: /opt/opensim-dependencies/catch2/include/catch2
-- Installing: /opt/opensim-dependencies/catch2/include/catch2/catch_user_config.hpp
[9/32] Completed 'catch2'
[10/32] Creating directories for 'simbody'
[11/32] Performing download step (git clone) for 'spdlog'
Cloning into 'spdlog'...
Note: switching to 'v1.15.3'.

You are in 'detached HEAD' state. You can look around, make experimental
changes and commit them, and you can discard any commits you make in this
state without impacting any branches by switching back to a branch.

If you want to create a new branch to retain commits you create, you may
do so (now or later) by using -c with the switch command. Example:

  git switch -c <new-branch-name>

Or undo this operation with:

  git switch -

Turn off this advice by setting config variable advice.detachedHead to false

HEAD is now at 6fa36017 Version 1.15.3
[12/32] Performing update step for 'spdlog'
[13/32] No patch step for 'spdlog'
[14/32] Performing configure step for 'spdlog'
loading initial cache file /opt/build/opensim-dependencies/spdlog/tmp/spdlog-cache-Release.cmake
-- The CXX compiler identification is GNU 10.2.1
-- Detecting CXX compiler ABI info
-- Detecting CXX compiler ABI info - done
-- Check for working CXX compiler: /usr/bin/c++ - skipped
-- Detecting CXX compile features
-- Detecting CXX compile features - done
-- Build spdlog: 1.15.3
-- Looking for C++ include pthread.h
-- Looking for C++ include pthread.h - found
-- Performing Test CMAKE_HAVE_LIBC_PTHREAD
-- Performing Test CMAKE_HAVE_LIBC_PTHREAD - Failed
-- Looking for pthread_create in pthreads
-- Looking for pthread_create in pthreads - not found
-- Looking for pthread_create in pthread
-- Looking for pthread_create in pthread - found
-- Found Threads: TRUE  
-- Build type: Release
-- Looking for fwrite_unlocked
-- Looking for fwrite_unlocked - found
-- Generating install
-- Configuring done
-- Generating done
-- Build files have been written to: /opt/build/opensim-dependencies/spdlog/build
[15/32] Performing build step for 'spdlog'
[1/8] Building CXX object CMakeFiles/spdlog.dir/src/cfg.cpp.o
[2/8] Building CXX object CMakeFiles/spdlog.dir/src/async.cpp.o
[3/8] Building CXX object CMakeFiles/spdlog.dir/src/file_sinks.cpp.o
[4/8] Building CXX object CMakeFiles/spdlog.dir/src/stdout_sinks.cpp.o
[5/8] Building CXX object CMakeFiles/spdlog.dir/src/color_sinks.cpp.o
[6/8] Building CXX object CMakeFiles/spdlog.dir/src/bundled_fmtlib_format.cpp.o
[7/8] Building CXX object CMakeFiles/spdlog.dir/src/spdlog.cpp.o
[8/8] Linking CXX static library libspdlog.a
[16/32] Performing install step for 'spdlog'
[0/1] Install the project...
-- Install configuration: "Release"
-- Installing: /opt/opensim-dependencies/spdlog/include
-- Installing: /opt/opensim-dependencies/spdlog/include/spdlog
-- Installing: /opt/opensim-dependencies/spdlog/include/spdlog/tweakme.h
-- Installing: /opt/opensim-dependencies/spdlog/include/spdlog/async_logger.h
-- Installing: /opt/opensim-dependencies/spdlog/include/spdlog/fmt
-- Installing: /opt/opensim-dependencies/spdlog/include/spdlog/fmt/ranges.h
-- Installing: /opt/opensim-dependencies/spdlog/include/spdlog/fmt/compile.h
-- Installing: /opt/opensim-dependencies/spdlog/include/spdlog/fmt/chrono.h
-- Installing: /opt/opensim-dependencies/spdlog/include/spdlog/fmt/fmt.h
-- Installing: /opt/opensim-dependencies/spdlog/include/spdlog/fmt/bin_to_hex.h
-- Installing: /opt/opensim-dependencies/spdlog/include/spdlog/fmt/ostr.h
-- Installing: /opt/opensim-dependencies/spdlog/include/spdlog/fmt/xchar.h
-- Installing: /opt/opensim-dependencies/spdlog/include/spdlog/fmt/std.h
-- Installing: /opt/opensim-dependencies/spdlog/include/spdlog/cfg
-- Installing: /opt/opensim-dependencies/spdlog/include/spdlog/cfg/helpers.h
-- Installing: /opt/opensim-dependencies/spdlog/include/spdlog/cfg/env.h
-- Installing: /opt/opensim-dependencies/spdlog/include/spdlog/cfg/helpers-inl.h
-- Installing: /opt/opensim-dependencies/spdlog/include/spdlog/cfg/argv.h
-- Installing: /opt/opensim-dependencies/spdlog/include/spdlog/formatter.h
-- Installing: /opt/opensim-dependencies/spdlog/include/spdlog/common-inl.h
-- Installing: /opt/opensim-dependencies/spdlog/include/spdlog/details
-- Installing: /opt/opensim-dependencies/spdlog/include/spdlog/details/fmt_helper.h
-- Installing: /opt/opensim-dependencies/spdlog/include/spdlog/details/periodic_worker.h
-- Installing: /opt/opensim-dependencies/spdlog/include/spdlog/details/synchronous_factory.h
-- Installing: /opt/opensim-dependencies/spdlog/include/spdlog/details/log_msg.h
-- Installing: /opt/opensim-dependencies/spdlog/include/spdlog/details/backtracer.h
-- Installing: /opt/opensim-dependencies/spdlog/include/spdlog/details/os.h
-- Installing: /opt/opensim-dependencies/spdlog/include/spdlog/details/file_helper.h
-- Installing: /opt/opensim-dependencies/spdlog/include/spdlog/details/os-inl.h
-- Installing: /opt/opensim-dependencies/spdlog/include/spdlog/details/mpmc_blocking_q.h
-- Installing: /opt/opensim-dependencies/spdlog/include/spdlog/details/file_helper-inl.h
-- Installing: /opt/opensim-dependencies/spdlog/include/spdlog/details/periodic_worker-inl.h
-- Installing: /opt/opensim-dependencies/spdlog/include/spdlog/details/thread_pool-inl.h
-- Installing: /opt/opensim-dependencies/spdlog/include/spdlog/details/tcp_client.h
-- Installing: /opt/opensim-dependencies/spdlog/include/spdlog/details/log_msg-inl.h
-- Installing: /opt/opensim-dependencies/spdlog/include/spdlog/details/backtracer-inl.h
-- Installing: /opt/opensim-dependencies/spdlog/include/spdlog/details/tcp_client-windows.h
-- Installing: /opt/opensim-dependencies/spdlog/include/spdlog/details/null_mutex.h
-- Installing: /opt/opensim-dependencies/spdlog/include/spdlog/details/circular_q.h
-- Installing: /opt/opensim-dependencies/spdlog/include/spdlog/details/thread_pool.h
-- Installing: /opt/opensim-dependencies/spdlog/include/spdlog/details/udp_client-windows.h
-- Installing: /opt/opensim-dependencies/spdlog/include/spdlog/details/log_msg_buffer-inl.h
-- Installing: /opt/opensim-dependencies/spdlog/include/spdlog/details/registry-inl.h
-- Installing: /opt/opensim-dependencies/spdlog/include/spdlog/details/windows_include.h
-- Installing: /opt/opensim-dependencies/spdlog/include/spdlog/details/udp_client.h
-- Installing: /opt/opensim-dependencies/spdlog/include/spdlog/details/registry.h
-- Installing: /opt/opensim-dependencies/spdlog/include/spdlog/details/log_msg_buffer.h
-- Installing: /opt/opensim-dependencies/spdlog/include/spdlog/details/console_globals.h
-- Installing: /opt/opensim-dependencies/spdlog/include/spdlog/spdlog-inl.h
-- Installing: /opt/opensim-dependencies/spdlog/include/spdlog/stopwatch.h
-- Installing: /opt/opensim-dependencies/spdlog/include/spdlog/logger-inl.h
-- Installing: /opt/opensim-dependencies/spdlog/include/spdlog/logger.h
-- Installing: /opt/opensim-dependencies/spdlog/include/spdlog/async.h
-- Installing: /opt/opensim-dependencies/spdlog/include/spdlog/fwd.h
-- Installing: /opt/opensim-dependencies/spdlog/include/spdlog/pattern_formatter-inl.h
-- Installing: /opt/opensim-dependencies/spdlog/include/spdlog/common.h
-- Installing: /opt/opensim-dependencies/spdlog/include/spdlog/async_logger-inl.h
-- Installing: /opt/opensim-dependencies/spdlog/include/spdlog/pattern_formatter.h
-- Installing: /opt/opensim-dependencies/spdlog/include/spdlog/sinks
-- Installing: /opt/opensim-dependencies/spdlog/include/spdlog/sinks/base_sink.h
-- Installing: /opt/opensim-dependencies/spdlog/include/spdlog/sinks/hourly_file_sink.h
-- Installing: /opt/opensim-dependencies/spdlog/include/spdlog/sinks/android_sink.h
-- Installing: /opt/opensim-dependencies/spdlog/include/spdlog/sinks/sink-inl.h
-- Installing: /opt/opensim-dependencies/spdlog/include/spdlog/sinks/ostream_sink.h
-- Installing: /opt/opensim-dependencies/spdlog/include/spdlog/sinks/ansicolor_sink.h
-- Installing: /opt/opensim-dependencies/spdlog/include/spdlog/sinks/qt_sinks.h
-- Installing: /opt/opensim-dependencies/spdlog/include/spdlog/sinks/sink.h
-- Installing: /opt/opensim-dependencies/spdlog/include/spdlog/sinks/wincolor_sink-inl.h
-- Installing: /opt/opensim-dependencies/spdlog/include/spdlog/sinks/systemd_sink.h
-- Installing: /opt/opensim-dependencies/spdlog/include/spdlog/sinks/basic_file_sink.h
-- Installing: /opt/opensim-dependencies/spdlog/include/spdlog/sinks/udp_sink.h
-- Installing: /opt/opensim-dependencies/spdlog/include/spdlog/sinks/dup_filter_sink.h
-- Installing: /opt/opensim-dependencies/spdlog/include/spdlog/sinks/null_sink.h
-- Installing: /opt/opensim-dependencies/spdlog/include/spdlog/sinks/daily_file_sink.h
-- Installing: /opt/opensim-dependencies/spdlog/include/spdlog/sinks/stdout_color_sinks-inl.h
-- Installing: /opt/opensim-dependencies/spdlog/include/spdlog/sinks/dist_sink.h
-- Installing: /opt/opensim-dependencies/spdlog/include/spdlog/sinks/stdout_sinks-inl.h
-- Installing: /opt/opensim-dependencies/spdlog/include/spdlog/sinks/ringbuffer_sink.h
-- Installing: /opt/opensim-dependencies/spdlog/include/spdlog/sinks/basic_file_sink-inl.h
-- Installing: /opt/opensim-dependencies/spdlog/include/spdlog/sinks/mongo_sink.h
-- Installing: /opt/opensim-dependencies/spdlog/include/spdlog/sinks/tcp_sink.h
-- Installing: /opt/opensim-dependencies/spdlog/include/spdlog/sinks/rotating_file_sink.h
-- Installing: /opt/opensim-dependencies/spdlog/include/spdlog/sinks/kafka_sink.h
-- Installing: /opt/opensim-dependencies/spdlog/include/spdlog/sinks/stdout_sinks.h
-- Installing: /opt/opensim-dependencies/spdlog/include/spdlog/sinks/win_eventlog_sink.h
-- Installing: /opt/opensim-dependencies/spdlog/include/spdlog/sinks/callback_sink.h
-- Installing: /opt/opensim-dependencies/spdlog/include/spdlog/sinks/wincolor_sink.h
-- Installing: /opt/opensim-dependencies/spdlog/include/spdlog/sinks/base_sink-inl.h
-- Installing: /opt/opensim-dependencies/spdlog/include/spdlog/sinks/ansicolor_sink-inl.h
-- Installing: /opt/opensim-dependencies/spdlog/include/spdlog/sinks/stdout_color_sinks.h
-- Installing: /opt/opensim-dependencies/spdlog/include/spdlog/sinks/syslog_sink.h
-- Installing: /opt/opensim-dependencies/spdlog/include/spdlog/sinks/msvc_sink.h
-- Installing: /opt/opensim-dependencies/spdlog/include/spdlog/sinks/rotating_file_sink-inl.h
-- Installing: /opt/opensim-dependencies/spdlog/include/spdlog/version.h
-- Installing: /opt/opensim-dependencies/spdlog/include/spdlog/spdlog.h
-- Installing: /opt/opensim-dependencies/spdlog/include/spdlog/mdc.h
-- Installing: /opt/opensim-dependencies/spdlog/lib/libspdlog.a
-- Installing: /opt/opensim-dependencies/spdlog/include/spdlog/fmt/bundled/
-- Installing: /opt/opensim-dependencies/spdlog/include/spdlog/fmt/bundled//ostream.h
-- Installing: /opt/opensim-dependencies/spdlog/include/spdlog/fmt/bundled//ranges.h
-- Installing: /opt/opensim-dependencies/spdlog/include/spdlog/fmt/bundled//base.h
-- Installing: /opt/opensim-dependencies/spdlog/include/spdlog/fmt/bundled//compile.h
-- Installing: /opt/opensim-dependencies/spdlog/include/spdlog/fmt/bundled//chrono.h
-- Installing: /opt/opensim-dependencies/spdlog/include/spdlog/fmt/bundled//os.h
-- Installing: /opt/opensim-dependencies/spdlog/include/spdlog/fmt/bundled//format.h
-- Installing: /opt/opensim-dependencies/spdlog/include/spdlog/fmt/bundled//format-inl.h
-- Installing: /opt/opensim-dependencies/spdlog/include/spdlog/fmt/bundled//xchar.h
-- Installing: /opt/opensim-dependencies/spdlog/include/spdlog/fmt/bundled//fmt.license.rst
-- Installing: /opt/opensim-dependencies/spdlog/include/spdlog/fmt/bundled//std.h
-- Installing: /opt/opensim-dependencies/spdlog/include/spdlog/fmt/bundled//printf.h
-- Installing: /opt/opensim-dependencies/spdlog/include/spdlog/fmt/bundled//color.h
-- Installing: /opt/opensim-dependencies/spdlog/include/spdlog/fmt/bundled//core.h
-- Installing: /opt/opensim-dependencies/spdlog/include/spdlog/fmt/bundled//args.h
-- Installing: /opt/opensim-dependencies/spdlog/lib/pkgconfig/spdlog.pc
-- Installing: /opt/opensim-dependencies/spdlog/lib/cmake/spdlog/spdlogConfigTargets.cmake
-- Installing: /opt/opensim-dependencies/spdlog/lib/cmake/spdlog/spdlogConfigTargets-release.cmake
-- Installing: /opt/opensim-dependencies/spdlog/lib/cmake/spdlog/spdlogConfig.cmake
-- Installing: /opt/opensim-dependencies/spdlog/lib/cmake/spdlog/spdlogConfigVersion.cmake
[17/32] Completed 'spdlog'
[18/32] Creating directories for 'ezc3d'
[19/32] Performing download step (git clone) for 'ezc3d'
Cloning into 'ezc3d'...
Note: switching to 'Release_1.5.19'.

You are in 'detached HEAD' state. You can look around, make experimental
changes and commit them, and you can discard any commits you make in this
state without impacting any branches by switching back to a branch.

If you want to create a new branch to retain commits you create, you may
do so (now or later) by using -c with the switch command. Example:

  git switch -c <new-branch-name>

Or undo this operation with:

  git switch -

Turn off this advice by setting config variable advice.detachedHead to false

HEAD is now at 4441d7e Update CMakeLists.txt
Submodule 'external/gtest' (https://github.com/google/googletest.git) registered for path 'external/gtest'
Cloning into '/opt/src/opensim-core/dependencies/ezc3d/external/gtest'...
Submodule path 'external/gtest': checked out 'c9461a9b55ba954df0489bab6420eb297bed846b'
[20/32] Performing update step for 'ezc3d'
[21/32] No patch step for 'ezc3d'
[22/32] Performing configure step for 'ezc3d'
loading initial cache file /opt/build/opensim-dependencies/ezc3d/tmp/ezc3d-cache-Release.cmake
-- The C compiler identification is GNU 10.2.1
-- The CXX compiler identification is GNU 10.2.1
-- Detecting C compiler ABI info
-- Detecting C compiler ABI info - done
-- Check for working C compiler: /usr/bin/cc - skipped
-- Detecting C compile features
-- Detecting C compile features - done
-- Detecting CXX compiler ABI info
-- Detecting CXX compiler ABI info - done
-- Check for working CXX compiler: /usr/bin/c++ - skipped
-- Detecting CXX compile features
-- Detecting CXX compile features - done
-- Configuring done
-- Generating done
-- Build files have been written to: /opt/build/opensim-dependencies/ezc3d/build
[23/32] Performing build step for 'ezc3d'
[1/27] Building CXX object CMakeFiles/ezc3d.dir/src/math/Matrix66.cpp.o
[2/27] Building CXX object CMakeFiles/ezc3d.dir/src/math/Matrix33.cpp.o
[3/27] Building CXX object CMakeFiles/ezc3d.dir/src/DataStartInfo.cpp.o
[4/27] Building CXX object CMakeFiles/ezc3d.dir/src/math/Matrix44.cpp.o
[5/27] Building CXX object CMakeFiles/ezc3d.dir/src/RotationsInfo.cpp.o
[6/27] Building CXX object CMakeFiles/ezc3d.dir/src/Rotation.cpp.o
[7/27] Building CXX object CMakeFiles/ezc3d.dir/src/Channel.cpp.o
[8/27] Building CXX object CMakeFiles/ezc3d.dir/src/math/Vector6d.cpp.o
[9/27] Building CXX object CMakeFiles/ezc3d.dir/src/AnalogsInfo.cpp.o
[10/27] Building CXX object CMakeFiles/ezc3d.dir/src/AnalogsSubframe.cpp.o
[11/27] Building CXX object CMakeFiles/ezc3d.dir/src/PointsInfo.cpp.o
[12/27] Building CXX object CMakeFiles/ezc3d.dir/src/math/Vector3d.cpp.o
[13/27] Building CXX object CMakeFiles/ezc3d.dir/src/Point.cpp.o
[14/27] Building CXX object CMakeFiles/ezc3d.dir/src/Analogs.cpp.o
[15/27] Building CXX object CMakeFiles/ezc3d.dir/src/Frame.cpp.o
[16/27] Building CXX object CMakeFiles/ezc3d.dir/src/Points.cpp.o
[17/27] Building CXX object CMakeFiles/ezc3d.dir/src/RotationsSubframe.cpp.o
[18/27] Building CXX object CMakeFiles/ezc3d.dir/src/math/Matrix.cpp.o
[19/27] Building CXX object CMakeFiles/ezc3d.dir/src/Rotations.cpp.o
[20/27] Building CXX object CMakeFiles/ezc3d.dir/src/Data.cpp.o
[21/27] Building CXX object CMakeFiles/ezc3d.dir/src/Header.cpp.o
[22/27] Building CXX object CMakeFiles/ezc3d.dir/src/Group.cpp.o
[23/27] Building CXX object CMakeFiles/ezc3d.dir/src/Parameter.cpp.o
[24/27] Building CXX object CMakeFiles/ezc3d.dir/src/modules/ForcePlatforms.cpp.o
[25/27] Building CXX object CMakeFiles/ezc3d.dir/src/Parameters.cpp.o
[26/27] Building CXX object CMakeFiles/ezc3d.dir/src/ezc3d.cpp.o
[27/27] Linking CXX shared library libezc3d.so
[24/32] Performing install step for 'ezc3d'
[0/1] Install the project...
-- Install configuration: "Release"
-- Installing: /opt/opensim-dependencies/ezc3d/lib/libezc3d.so
-- Installing: /opt/opensim-dependencies/ezc3d/include/ezc3d
-- Installing: /opt/opensim-dependencies/ezc3d/include/ezc3d/AnalogsSubframe.h
-- Installing: /opt/opensim-dependencies/ezc3d/include/ezc3d/ezc3d_all.h
-- Installing: /opt/opensim-dependencies/ezc3d/include/ezc3d/ezc3dNamespace.h
-- Installing: /opt/opensim-dependencies/ezc3d/include/ezc3d/ezc3d.h
-- Installing: /opt/opensim-dependencies/ezc3d/include/ezc3d/Rotation.h
-- Installing: /opt/opensim-dependencies/ezc3d/include/ezc3d/Rotations.h
-- Installing: /opt/opensim-dependencies/ezc3d/include/ezc3d/PointsInfo.h
-- Installing: /opt/opensim-dependencies/ezc3d/include/ezc3d/Points.h
-- Installing: /opt/opensim-dependencies/ezc3d/include/ezc3d/math
-- Installing: /opt/opensim-dependencies/ezc3d/include/ezc3d/math/Matrix44.h
-- Installing: /opt/opensim-dependencies/ezc3d/include/ezc3d/math/Vector6d.h
-- Installing: /opt/opensim-dependencies/ezc3d/include/ezc3d/math/Matrix66.h
-- Installing: /opt/opensim-dependencies/ezc3d/include/ezc3d/math/Vector3d.h
-- Installing: /opt/opensim-dependencies/ezc3d/include/ezc3d/math/Matrix.h
-- Installing: /opt/opensim-dependencies/ezc3d/include/ezc3d/math/Matrix33.h
-- Installing: /opt/opensim-dependencies/ezc3d/include/ezc3d/math/ezc3dMath.h
-- Installing: /opt/opensim-dependencies/ezc3d/include/ezc3d/RotationsInfo.h
-- Installing: /opt/opensim-dependencies/ezc3d/include/ezc3d/DataStartInfo.h
-- Installing: /opt/opensim-dependencies/ezc3d/include/ezc3d/Parameter.h
-- Installing: /opt/opensim-dependencies/ezc3d/include/ezc3d/Frame.h
-- Installing: /opt/opensim-dependencies/ezc3d/include/ezc3d/Data.h
-- Installing: /opt/opensim-dependencies/ezc3d/include/ezc3d/AnalogsInfo.h
-- Installing: /opt/opensim-dependencies/ezc3d/include/ezc3d/Channel.h
-- Installing: /opt/opensim-dependencies/ezc3d/include/ezc3d/Analogs.h
-- Installing: /opt/opensim-dependencies/ezc3d/include/ezc3d/RotationsSubframe.h
-- Installing: /opt/opensim-dependencies/ezc3d/include/ezc3d/Parameters.h
-- Installing: /opt/opensim-dependencies/ezc3d/include/ezc3d/modules
-- Installing: /opt/opensim-dependencies/ezc3d/include/ezc3d/modules/ForcePlatforms.h
-- Installing: /opt/opensim-dependencies/ezc3d/include/ezc3d/Group.h
-- Installing: /opt/opensim-dependencies/ezc3d/include/ezc3d/Point.h
-- Installing: /opt/opensim-dependencies/ezc3d/include/ezc3d/Header.h
-- Installing: /opt/opensim-dependencies/ezc3d/include/ezc3d/ezc3dConfig.h
-- Installing: /opt/opensim-dependencies/ezc3d/lib/cmake/ezc3d/ezc3dTargets.cmake
-- Installing: /opt/opensim-dependencies/ezc3d/lib/cmake/ezc3d/ezc3dTargets-release.cmake
-- Installing: /opt/opensim-dependencies/ezc3d/lib/cmake/ezc3d/ezc3dConfig.cmake
-- Installing: /opt/opensim-dependencies/ezc3d/lib/cmake/ezc3d/ezc3dConfigVersion.cmake
[25/32] Completed 'ezc3d'
[26/32] Performing download step (git clone) for 'simbody'
Cloning into 'simbody'...
Note: switching to '80a3f10a6daa26c8aaf18f2c672cf385b227e62c'.

You are in 'detached HEAD' state. You can look around, make experimental
changes and commit them, and you can discard any commits you make in this
state without impacting any branches by switching back to a branch.

If you want to create a new branch to retain commits you create, you may
do so (now or later) by using -c with the switch command. Example:

  git switch -c <new-branch-name>

Or undo this operation with:

  git switch -

Turn off this advice by setting config variable advice.detachedHead to false

HEAD is now at 80a3f10a Add `CableSpan` path tangent direction calculation methods (#857)
[27/32] Performing update step for 'simbody'
[28/32] No patch step for 'simbody'
[29/32] Performing configure step for 'simbody'
FAILED: simbody/stamp/simbody-configure 
cd /opt/build/opensim-dependencies/simbody/build && /usr/bin/cmake -GNinja -C/opt/build/opensim-dependencies/simbody/tmp/simbody-cache-Release.cmake /opt/src/opensim-core/dependencies/simbody && /usr/bin/cmake -E touch /opt/build/opensim-dependencies/simbody/stamp/simbody-configure
loading initial cache file /opt/build/opensim-dependencies/simbody/tmp/simbody-cache-Release.cmake
CMake Error at CMakeLists.txt:13 (cmake_minimum_required):
  CMake 3.21 or higher is required.  You are running version 3.18.4


-- Configuring incomplete, errors occurred!
ninja: build stopped: subcommand failed.
FAILED (exit 1) — inspect /workspace/runtime/setup.log
Setup failed; keeping the container alive for inspection.
1/7 Installing Debian build dependencies
Get:1 http://deb.debian.org/debian bullseye InRelease [75.1 kB]
Get:2 http://deb.debian.org/debian-security bullseye-security InRelease [27.2 kB]
Get:3 http://deb.debian.org/debian bullseye-updates InRelease [44.0 kB]
Get:4 http://deb.debian.org/debian bullseye/main amd64 Packages [8066 kB]
Get:5 http://deb.debian.org/debian-security bullseye-security/main amd64 Packages [469 kB]
Get:6 http://deb.debian.org/debian bullseye-updates/main amd64 Packages [18.8 kB]
Fetched 8701 kB in 13s (654 kB/s)
Reading package lists...
Reading package lists...
Building dependency tree...
Reading state information...
autoconf is already the newest version (2.69-14).
automake is already the newest version (1:1.16.3-2).
autotools-dev is already the newest version (20180224.1+nmu1).
bison is already the newest version (2:3.7.5+dfsg-1).
build-essential is already the newest version (12.9).
byacc is already the newest version (20140715-1+b1).
cmake is already the newest version (3.18.4-2+deb11u1).
freeglut3-dev is already the newest version (2.8.1-6).
gfortran is already the newest version (4:10.2.1-1).
liblapack-dev is already the newest version (3.9.0-3+deb11u1).
libtool is already the newest version (2.4.6-15).
libxi-dev is already the newest version (2:1.7.10-1).
libxmu-dev is already the newest version (2:1.1.2-2+b3).
lsb-release is already the newest version (11.1.0).
ninja-build is already the newest version (1.10.1-1).
libopenblas-dev is already the newest version (0.3.13+ds-3+deb11u1).
patchelf is already the newest version (0.12-1).
libpcre2-dev is already the newest version (10.36-2+deb11u1).
libpcre3-dev is already the newest version (2:8.39-13).
pkg-config is already the newest version (0.29.2-1).
python3 is already the newest version (3.9.2-3).
ca-certificates is already the newest version (20250419~deb12u1~deb11u1).
curl is already the newest version (7.74.0-1.3+deb11u16).
git is already the newest version (1:2.30.2-1+deb11u5).
libssl-dev is already the newest version (1.1.1w-0+deb11u8).
wget is already the newest version (1.21-1+deb11u2).
0 upgraded, 0 newly installed, 0 to remove and 1 not upgraded.
1/7 Installing CMake 3.23.3 for OpenSim 4.6
  % Total    % Received % Xferd  Average Speed   Time    Time     Time  Current
                                 Dload  Upload   Total   Spent    Left  Speed
  0     0    0     0    0     0      0      0 --:--:-- --:--:-- --:--:--     0  0     0    0     0    0     0      0      0 --:--:-- --:--:-- --:--:--     0
  0 43.8M    0  158k    0     0   186k      0  0:04:00 --:--:--  0:04:00  186k  4 43.8M    4 2206k    0     0  1186k      0  0:00:37  0:00:01  0:00:36 2029k  6 43.8M    6 2782k    0     0   976k      0  0:00:46  0:00:02  0:00:44 1311k  6 43.8M    6 2958k    0     0   763k      0  0:00:58  0:00:03  0:00:55  925k  9 43.8M    9 4190k    0     0   862k      0  0:00:52  0:00:04  0:00:48 1006k 12 43.8M   12 5630k    0     0   961k      0  0:00:46  0:00:05  0:00:41 1093k 13 43.8M   13 6190k    0     0   857k      0  0:00:52  0:00:07  0:00:45  743k 14 43.8M   14 6350k    0     0   806k      0  0:00:55  0:00:07  0:00:48  710k 14 43.8M   14 6558k    0     0   737k      0  0:01:00  0:00:08  0:00:52  717k 15 43.8M   15 6990k    0     0   700k      0  0:01:04  0:00:09  0:00:55  546k 15 43.8M   15 7070k    0     0   649k      0  0:01:09  0:00:10  0:00:59  286k 16 43.8M   16 7518k    0     0   633k      0  0:01:10  0:00:11  0:00:59  285k 19 43.8M   19 8830k    0     0   687k      0  0:01:05  0:00:12  0:00:53  498k 23 43.8M   23 10.1M    0     0   750k      0  0:00:59  0:00:13  0:00:46  773k 24 43.8M   24 10.6M    0     0   715k      0  0:01:02  0:00:15  0:00:47  742k 24 43.8M   24 10.8M    0     0   703k      0  0:01:03  0:00:15  0:00:48  822k 27 43.8M   27 11.9M    0     0   727k      0  0:01:01  0:00:16  0:00:45  948k 29 43.8M   29 13.0M    0     0   746k      0  0:01:00  0:00:17  0:00:43  899k 31 43.8M   31 13.6M    0     0   743k      0  0:01:00  0:00:18  0:00:42  724k 33 43.8M   33 14.8M    0     0   765k      0  0:00:58  0:00:19  0:00:39  931k 34 43.8M   34 15.2M    0     0   748k      0  0:01:00  0:00:20  0:00:40  892k 39 43.8M   39 17.1M    0     0   804k      0  0:00:55  0:00:21  0:00:34 1064k 41 43.8M   41 18.1M    0     0   808k      0  0:00:55  0:00:22  0:00:33 1022k 43 43.8M   43 19.2M    0     0   825k      0  0:00:54  0:00:23  0:00:31 1134k 49 43.8M   49 21.5M    0     0   889k      0  0:00:50  0:00:24  0:00:26 1385k 52 43.8M   52 23.1M    0     0   905k      0  0:00:49  0:00:26  0:00:23 1522k 54 43.8M   54 23.8M    0     0   908k      0  0:00:49  0:00:26  0:00:23 1366k 57 43.8M   57 25.0M    0     0   921k      0  0:00:48  0:00:27  0:00:21 1454k 57 43.8M   57 25.4M    0     0   901k      0  0:00:49  0:00:28  0:00:21 1262k 58 43.8M   58 25.7M    0     0   881k      0  0:00:50  0:00:29  0:00:21  844k 59 43.8M   59 26.3M    0     0   872k      0  0:00:51  0:00:30  0:00:21  691k 61 43.8M   61 26.8M    0     0   864k      0  0:00:52  0:00:31  0:00:21  625k 64 43.8M   64 28.3M    0     0   881k      0  0:00:50  0:00:32  0:00:18  660k 66 43.8M   66 29.2M    0     0   883k      0  0:00:50  0:00:33  0:00:17  780k 69 43.8M   69 30.6M    0     0   899k      0  0:00:49  0:00:34  0:00:15 1007k 73 43.8M   73 32.0M    0     0   916k      0  0:00:49  0:00:35  0:00:14 1185k 74 43.8M   74 32.8M    0     0   904k      0  0:00:49  0:00:37  0:00:12 1144k 75 43.8M   75 32.9M    0     0   890k      0  0:00:50  0:00:37  0:00:13  952k 75 43.8M   75 33.0M    0     0   870k      0  0:00:51  0:00:38  0:00:13  785k 76 43.8M   76 33.4M    0     0   858k      0  0:00:52  0:00:39  0:00:13  572k 79 43.8M   79 34.7M    0     0   868k      0  0:00:51  0:00:40  0:00:11  530k 80 43.8M   80 35.5M    0     0   869k      0  0:00:51  0:00:41  0:00:10  582k 87 43.8M   87 38.2M    0     0   912k      0  0:00:49  0:00:42  0:00:07 1079k 89 43.8M   89 39.4M    0     0   921k      0  0:00:48  0:00:43  0:00:05 1319k 93 43.8M   93 40.8M    0     0   932k      0  0:00:48  0:00:44  0:00:04 1539k 96 43.8M   96 42.5M    0     0   950k      0  0:00:47  0:00:45  0:00:02 1646k100 43.8M  100 43.8M    0     0   967k      0  0:00:46  0:00:46 --:--:-- 1857k
cmake version 3.23.3
2/7 Fetching OpenSim 4.6 source
HEAD is now at 52094cc Backport  post beta fixes to Opensim 46 (#4341)
3/7 Building OpenSim dependencies (first run can take 20–60 minutes)
-- The C compiler identification is GNU 10.2.1
-- The CXX compiler identification is GNU 10.2.1
-- Detecting C compiler ABI info
-- Detecting C compiler ABI info - done
-- Check for working C compiler: /usr/bin/cc - skipped
-- Detecting C compile features
-- Detecting C compile features - done
-- Detecting CXX compiler ABI info
-- Detecting CXX compiler ABI info - done
-- Check for working CXX compiler: /usr/bin/c++ - skipped
-- Detecting CXX compile features
-- Detecting CXX compile features - done
-- Configuring done
-- Generating done
-- Build files have been written to: /opt/build/opensim-dependencies
[1/32] Creating directories for 'ezc3d'
[2/32] Creating directories for 'simbody'
[3/32] Performing download step (git clone) for 'ezc3d'
Cloning into 'ezc3d'...
HEAD is now at 4441d7e Update CMakeLists.txt
Submodule 'external/gtest' (https://github.com/google/googletest.git) registered for path 'external/gtest'
Cloning into '/opt/src/opensim-core/dependencies/ezc3d/external/gtest'...
Submodule path 'external/gtest': checked out 'c9461a9b55ba954df0489bab6420eb297bed846b'
[4/32] Performing update step for 'ezc3d'
[5/32] No patch step for 'ezc3d'
[6/32] Performing configure step for 'ezc3d'
loading initial cache file /opt/build/opensim-dependencies/ezc3d/tmp/ezc3d-cache-Release.cmake
-- The C compiler identification is GNU 10.2.1
-- The CXX compiler identification is GNU 10.2.1
-- Detecting C compiler ABI info
-- Detecting C compiler ABI info - done
-- Check for working C compiler: /usr/bin/cc - skipped
-- Detecting C compile features
-- Detecting C compile features - done
-- Detecting CXX compiler ABI info
-- Detecting CXX compiler ABI info - done
-- Check for working CXX compiler: /usr/bin/c++ - skipped
-- Detecting CXX compile features
-- Detecting CXX compile features - done
-- Configuring done
-- Generating done
-- Build files have been written to: /opt/build/opensim-dependencies/ezc3d/build
[7/32] Performing build step for 'ezc3d'
[1/27] Building CXX object CMakeFiles/ezc3d.dir/src/math/Matrix33.cpp.o
[2/27] Building CXX object CMakeFiles/ezc3d.dir/src/DataStartInfo.cpp.o
[3/27] Building CXX object CMakeFiles/ezc3d.dir/src/math/Matrix44.cpp.o
[4/27] Building CXX object CMakeFiles/ezc3d.dir/src/Channel.cpp.o
[5/27] Building CXX object CMakeFiles/ezc3d.dir/src/math/Matrix66.cpp.o
[6/27] Building CXX object CMakeFiles/ezc3d.dir/src/math/Vector3d.cpp.o
[7/27] Building CXX object CMakeFiles/ezc3d.dir/src/RotationsInfo.cpp.o
[8/27] Building CXX object CMakeFiles/ezc3d.dir/src/Rotation.cpp.o
[9/27] Building CXX object CMakeFiles/ezc3d.dir/src/math/Vector6d.cpp.o
[10/27] Building CXX object CMakeFiles/ezc3d.dir/src/PointsInfo.cpp.o
[11/27] Building CXX object CMakeFiles/ezc3d.dir/src/AnalogsInfo.cpp.o
[12/27] Building CXX object CMakeFiles/ezc3d.dir/src/AnalogsSubframe.cpp.o
[13/27] Building CXX object CMakeFiles/ezc3d.dir/src/Point.cpp.o
[14/27] Building CXX object CMakeFiles/ezc3d.dir/src/RotationsSubframe.cpp.o
[15/27] Building CXX object CMakeFiles/ezc3d.dir/src/math/Matrix.cpp.o
[16/27] Building CXX object CMakeFiles/ezc3d.dir/src/Frame.cpp.o
[17/27] Building CXX object CMakeFiles/ezc3d.dir/src/Analogs.cpp.o
[18/27] Building CXX object CMakeFiles/ezc3d.dir/src/Points.cpp.o
[19/27] Building CXX object CMakeFiles/ezc3d.dir/src/Header.cpp.o
[20/27] Building CXX object CMakeFiles/ezc3d.dir/src/Rotations.cpp.o
[21/27] Building CXX object CMakeFiles/ezc3d.dir/src/Data.cpp.o
[22/27] Building CXX object CMakeFiles/ezc3d.dir/src/Group.cpp.o
[23/27] Building CXX object CMakeFiles/ezc3d.dir/src/Parameter.cpp.o
[24/27] Building CXX object CMakeFiles/ezc3d.dir/src/modules/ForcePlatforms.cpp.o
[25/27] Building CXX object CMakeFiles/ezc3d.dir/src/Parameters.cpp.o
[26/27] Building CXX object CMakeFiles/ezc3d.dir/src/ezc3d.cpp.o
[27/27] Linking CXX shared library libezc3d.so
[8/32] Performing install step for 'ezc3d'
[0/1] Install the project...
-- Install configuration: "Release"
-- Installing: /opt/opensim-dependencies/ezc3d/lib/libezc3d.so
-- Up-to-date: /opt/opensim-dependencies/ezc3d/include/ezc3d
-- Installing: /opt/opensim-dependencies/ezc3d/include/ezc3d/AnalogsSubframe.h
-- Installing: /opt/opensim-dependencies/ezc3d/include/ezc3d/ezc3d_all.h
-- Installing: /opt/opensim-dependencies/ezc3d/include/ezc3d/ezc3dNamespace.h
-- Installing: /opt/opensim-dependencies/ezc3d/include/ezc3d/ezc3d.h
-- Installing: /opt/opensim-dependencies/ezc3d/include/ezc3d/Rotation.h
-- Installing: /opt/opensim-dependencies/ezc3d/include/ezc3d/Rotations.h
-- Installing: /opt/opensim-dependencies/ezc3d/include/ezc3d/PointsInfo.h
-- Installing: /opt/opensim-dependencies/ezc3d/include/ezc3d/Points.h
-- Up-to-date: /opt/opensim-dependencies/ezc3d/include/ezc3d/math
-- Installing: /opt/opensim-dependencies/ezc3d/include/ezc3d/math/Matrix44.h
-- Installing: /opt/opensim-dependencies/ezc3d/include/ezc3d/math/Vector6d.h
-- Installing: /opt/opensim-dependencies/ezc3d/include/ezc3d/math/Matrix66.h
-- Installing: /opt/opensim-dependencies/ezc3d/include/ezc3d/math/Vector3d.h
-- Installing: /opt/opensim-dependencies/ezc3d/include/ezc3d/math/Matrix.h
-- Installing: /opt/opensim-dependencies/ezc3d/include/ezc3d/math/Matrix33.h
-- Installing: /opt/opensim-dependencies/ezc3d/include/ezc3d/math/ezc3dMath.h
-- Installing: /opt/opensim-dependencies/ezc3d/include/ezc3d/RotationsInfo.h
-- Installing: /opt/opensim-dependencies/ezc3d/include/ezc3d/DataStartInfo.h
-- Installing: /opt/opensim-dependencies/ezc3d/include/ezc3d/Parameter.h
-- Installing: /opt/opensim-dependencies/ezc3d/include/ezc3d/Frame.h
-- Installing: /opt/opensim-dependencies/ezc3d/include/ezc3d/Data.h
-- Installing: /opt/opensim-dependencies/ezc3d/include/ezc3d/AnalogsInfo.h
-- Installing: /opt/opensim-dependencies/ezc3d/include/ezc3d/Channel.h
-- Installing: /opt/opensim-dependencies/ezc3d/include/ezc3d/Analogs.h
-- Installing: /opt/opensim-dependencies/ezc3d/include/ezc3d/RotationsSubframe.h
-- Installing: /opt/opensim-dependencies/ezc3d/include/ezc3d/Parameters.h
-- Up-to-date: /opt/opensim-dependencies/ezc3d/include/ezc3d/modules
-- Installing: /opt/opensim-dependencies/ezc3d/include/ezc3d/modules/ForcePlatforms.h
-- Installing: /opt/opensim-dependencies/ezc3d/include/ezc3d/Group.h
-- Installing: /opt/opensim-dependencies/ezc3d/include/ezc3d/Point.h
-- Installing: /opt/opensim-dependencies/ezc3d/include/ezc3d/Header.h
-- Up-to-date: /opt/opensim-dependencies/ezc3d/include/ezc3d/ezc3dConfig.h
-- Old export file "/opt/opensim-dependencies/ezc3d/lib/cmake/ezc3d/ezc3dTargets.cmake" will be replaced.  Removing files [/opt/opensim-dependencies/ezc3d/lib/cmake/ezc3d/ezc3dTargets-release.cmake].
-- Installing: /opt/opensim-dependencies/ezc3d/lib/cmake/ezc3d/ezc3dTargets.cmake
-- Installing: /opt/opensim-dependencies/ezc3d/lib/cmake/ezc3d/ezc3dTargets-release.cmake
-- Up-to-date: /opt/opensim-dependencies/ezc3d/lib/cmake/ezc3d/ezc3dConfig.cmake
-- Installing: /opt/opensim-dependencies/ezc3d/lib/cmake/ezc3d/ezc3dConfigVersion.cmake
[9/32] Completed 'ezc3d'
[10/32] Creating directories for 'spdlog'
[11/32] Performing download step (git clone) for 'spdlog'
Cloning into 'spdlog'...
HEAD is now at 6fa36017 Version 1.15.3
[12/32] Performing update step for 'spdlog'
[13/32] No patch step for 'spdlog'
[14/32] Performing configure step for 'spdlog'
loading initial cache file /opt/build/opensim-dependencies/spdlog/tmp/spdlog-cache-Release.cmake
-- The CXX compiler identification is GNU 10.2.1
-- Detecting CXX compiler ABI info
-- Detecting CXX compiler ABI info - done
-- Check for working CXX compiler: /usr/bin/c++ - skipped
-- Detecting CXX compile features
-- Detecting CXX compile features - done
-- Build spdlog: 1.15.3
-- Build type: Release
-- Generating install
-- Configuring done
-- Generating done
-- Build files have been written to: /opt/build/opensim-dependencies/spdlog/build
[15/32] Performing build step for 'spdlog'
[1/8] Building CXX object CMakeFiles/spdlog.dir/src/cfg.cpp.o
[2/8] Building CXX object CMakeFiles/spdlog.dir/src/file_sinks.cpp.o
[3/8] Building CXX object CMakeFiles/spdlog.dir/src/async.cpp.o
[4/8] Building CXX object CMakeFiles/spdlog.dir/src/stdout_sinks.cpp.o
[5/8] Building CXX object CMakeFiles/spdlog.dir/src/color_sinks.cpp.o
[6/8] Building CXX object CMakeFiles/spdlog.dir/src/bundled_fmtlib_format.cpp.o
[7/8] Building CXX object CMakeFiles/spdlog.dir/src/spdlog.cpp.o
[8/8] Linking CXX static library libspdlog.a
[16/32] Performing install step for 'spdlog'
[0/1] Install the project...
-- Install configuration: "Release"
-- Up-to-date: /opt/opensim-dependencies/spdlog/include
-- Up-to-date: /opt/opensim-dependencies/spdlog/include/spdlog
-- Installing: /opt/opensim-dependencies/spdlog/include/spdlog/tweakme.h
-- Installing: /opt/opensim-dependencies/spdlog/include/spdlog/async_logger.h
-- Up-to-date: /opt/opensim-dependencies/spdlog/include/spdlog/fmt
-- Installing: /opt/opensim-dependencies/spdlog/include/spdlog/fmt/ranges.h
-- Installing: /opt/opensim-dependencies/spdlog/include/spdlog/fmt/compile.h
-- Installing: /opt/opensim-dependencies/spdlog/include/spdlog/fmt/chrono.h
-- Installing: /opt/opensim-dependencies/spdlog/include/spdlog/fmt/fmt.h
-- Installing: /opt/opensim-dependencies/spdlog/include/spdlog/fmt/bin_to_hex.h
-- Installing: /opt/opensim-dependencies/spdlog/include/spdlog/fmt/ostr.h
-- Installing: /opt/opensim-dependencies/spdlog/include/spdlog/fmt/xchar.h
-- Installing: /opt/opensim-dependencies/spdlog/include/spdlog/fmt/std.h
-- Up-to-date: /opt/opensim-dependencies/spdlog/include/spdlog/cfg
-- Installing: /opt/opensim-dependencies/spdlog/include/spdlog/cfg/helpers.h
-- Installing: /opt/opensim-dependencies/spdlog/include/spdlog/cfg/env.h
-- Installing: /opt/opensim-dependencies/spdlog/include/spdlog/cfg/helpers-inl.h
-- Installing: /opt/opensim-dependencies/spdlog/include/spdlog/cfg/argv.h
-- Installing: /opt/opensim-dependencies/spdlog/include/spdlog/formatter.h
-- Installing: /opt/opensim-dependencies/spdlog/include/spdlog/common-inl.h
-- Up-to-date: /opt/opensim-dependencies/spdlog/include/spdlog/details
-- Installing: /opt/opensim-dependencies/spdlog/include/spdlog/details/fmt_helper.h
-- Installing: /opt/opensim-dependencies/spdlog/include/spdlog/details/periodic_worker.h
-- Installing: /opt/opensim-dependencies/spdlog/include/spdlog/details/synchronous_factory.h
-- Installing: /opt/opensim-dependencies/spdlog/include/spdlog/details/log_msg.h
-- Installing: /opt/opensim-dependencies/spdlog/include/spdlog/details/backtracer.h
-- Installing: /opt/opensim-dependencies/spdlog/include/spdlog/details/os.h
-- Installing: /opt/opensim-dependencies/spdlog/include/spdlog/details/file_helper.h
-- Installing: /opt/opensim-dependencies/spdlog/include/spdlog/details/os-inl.h
-- Installing: /opt/opensim-dependencies/spdlog/include/spdlog/details/mpmc_blocking_q.h
-- Installing: /opt/opensim-dependencies/spdlog/include/spdlog/details/file_helper-inl.h
-- Installing: /opt/opensim-dependencies/spdlog/include/spdlog/details/periodic_worker-inl.h
-- Installing: /opt/opensim-dependencies/spdlog/include/spdlog/details/thread_pool-inl.h
-- Installing: /opt/opensim-dependencies/spdlog/include/spdlog/details/tcp_client.h
-- Installing: /opt/opensim-dependencies/spdlog/include/spdlog/details/log_msg-inl.h
-- Installing: /opt/opensim-dependencies/spdlog/include/spdlog/details/backtracer-inl.h
-- Installing: /opt/opensim-dependencies/spdlog/include/spdlog/details/tcp_client-windows.h
-- Installing: /opt/opensim-dependencies/spdlog/include/spdlog/details/null_mutex.h
-- Installing: /opt/opensim-dependencies/spdlog/include/spdlog/details/circular_q.h
-- Installing: /opt/opensim-dependencies/spdlog/include/spdlog/details/thread_pool.h
-- Installing: /opt/opensim-dependencies/spdlog/include/spdlog/details/udp_client-windows.h
-- Installing: /opt/opensim-dependencies/spdlog/include/spdlog/details/log_msg_buffer-inl.h
-- Installing: /opt/opensim-dependencies/spdlog/include/spdlog/details/registry-inl.h
-- Installing: /opt/opensim-dependencies/spdlog/include/spdlog/details/windows_include.h
-- Installing: /opt/opensim-dependencies/spdlog/include/spdlog/details/udp_client.h
-- Installing: /opt/opensim-dependencies/spdlog/include/spdlog/details/registry.h
-- Installing: /opt/opensim-dependencies/spdlog/include/spdlog/details/log_msg_buffer.h
-- Installing: /opt/opensim-dependencies/spdlog/include/spdlog/details/console_globals.h
-- Installing: /opt/opensim-dependencies/spdlog/include/spdlog/spdlog-inl.h
-- Installing: /opt/opensim-dependencies/spdlog/include/spdlog/stopwatch.h
-- Installing: /opt/opensim-dependencies/spdlog/include/spdlog/logger-inl.h
-- Installing: /opt/opensim-dependencies/spdlog/include/spdlog/logger.h
-- Installing: /opt/opensim-dependencies/spdlog/include/spdlog/async.h
-- Installing: /opt/opensim-dependencies/spdlog/include/spdlog/fwd.h
-- Installing: /opt/opensim-dependencies/spdlog/include/spdlog/pattern_formatter-inl.h
-- Installing: /opt/opensim-dependencies/spdlog/include/spdlog/common.h
-- Installing: /opt/opensim-dependencies/spdlog/include/spdlog/async_logger-inl.h
-- Installing: /opt/opensim-dependencies/spdlog/include/spdlog/pattern_formatter.h
-- Up-to-date: /opt/opensim-dependencies/spdlog/include/spdlog/sinks
-- Installing: /opt/opensim-dependencies/spdlog/include/spdlog/sinks/base_sink.h
-- Installing: /opt/opensim-dependencies/spdlog/include/spdlog/sinks/hourly_file_sink.h
-- Installing: /opt/opensim-dependencies/spdlog/include/spdlog/sinks/android_sink.h
-- Installing: /opt/opensim-dependencies/spdlog/include/spdlog/sinks/sink-inl.h
-- Installing: /opt/opensim-dependencies/spdlog/include/spdlog/sinks/ostream_sink.h
-- Installing: /opt/opensim-dependencies/spdlog/include/spdlog/sinks/ansicolor_sink.h
-- Installing: /opt/opensim-dependencies/spdlog/include/spdlog/sinks/qt_sinks.h
-- Installing: /opt/opensim-dependencies/spdlog/include/spdlog/sinks/sink.h
-- Installing: /opt/opensim-dependencies/spdlog/include/spdlog/sinks/wincolor_sink-inl.h
-- Installing: /opt/opensim-dependencies/spdlog/include/spdlog/sinks/systemd_sink.h
-- Installing: /opt/opensim-dependencies/spdlog/include/spdlog/sinks/basic_file_sink.h
-- Installing: /opt/opensim-dependencies/spdlog/include/spdlog/sinks/udp_sink.h
-- Installing: /opt/opensim-dependencies/spdlog/include/spdlog/sinks/dup_filter_sink.h
-- Installing: /opt/opensim-dependencies/spdlog/include/spdlog/sinks/null_sink.h
-- Installing: /opt/opensim-dependencies/spdlog/include/spdlog/sinks/daily_file_sink.h
-- Installing: /opt/opensim-dependencies/spdlog/include/spdlog/sinks/stdout_color_sinks-inl.h
-- Installing: /opt/opensim-dependencies/spdlog/include/spdlog/sinks/dist_sink.h
-- Installing: /opt/opensim-dependencies/spdlog/include/spdlog/sinks/stdout_sinks-inl.h
-- Installing: /opt/opensim-dependencies/spdlog/include/spdlog/sinks/ringbuffer_sink.h
-- Installing: /opt/opensim-dependencies/spdlog/include/spdlog/sinks/basic_file_sink-inl.h
-- Installing: /opt/opensim-dependencies/spdlog/include/spdlog/sinks/mongo_sink.h
-- Installing: /opt/opensim-dependencies/spdlog/include/spdlog/sinks/tcp_sink.h
-- Installing: /opt/opensim-dependencies/spdlog/include/spdlog/sinks/rotating_file_sink.h
-- Installing: /opt/opensim-dependencies/spdlog/include/spdlog/sinks/kafka_sink.h
-- Installing: /opt/opensim-dependencies/spdlog/include/spdlog/sinks/stdout_sinks.h
-- Installing: /opt/opensim-dependencies/spdlog/include/spdlog/sinks/win_eventlog_sink.h
-- Installing: /opt/opensim-dependencies/spdlog/include/spdlog/sinks/callback_sink.h
-- Installing: /opt/opensim-dependencies/spdlog/include/spdlog/sinks/wincolor_sink.h
-- Installing: /opt/opensim-dependencies/spdlog/include/spdlog/sinks/base_sink-inl.h
-- Installing: /opt/opensim-dependencies/spdlog/include/spdlog/sinks/ansicolor_sink-inl.h
-- Installing: /opt/opensim-dependencies/spdlog/include/spdlog/sinks/stdout_color_sinks.h
-- Installing: /opt/opensim-dependencies/spdlog/include/spdlog/sinks/syslog_sink.h
-- Installing: /opt/opensim-dependencies/spdlog/include/spdlog/sinks/msvc_sink.h
-- Installing: /opt/opensim-dependencies/spdlog/include/spdlog/sinks/rotating_file_sink-inl.h
-- Installing: /opt/opensim-dependencies/spdlog/include/spdlog/version.h
-- Installing: /opt/opensim-dependencies/spdlog/include/spdlog/spdlog.h
-- Installing: /opt/opensim-dependencies/spdlog/include/spdlog/mdc.h
-- Installing: /opt/opensim-dependencies/spdlog/lib/libspdlog.a
-- Up-to-date: /opt/opensim-dependencies/spdlog/include/spdlog/fmt/bundled/
-- Installing: /opt/opensim-dependencies/spdlog/include/spdlog/fmt/bundled//ostream.h
-- Installing: /opt/opensim-dependencies/spdlog/include/spdlog/fmt/bundled//ranges.h
-- Installing: /opt/opensim-dependencies/spdlog/include/spdlog/fmt/bundled//base.h
-- Installing: /opt/opensim-dependencies/spdlog/include/spdlog/fmt/bundled//compile.h
-- Installing: /opt/opensim-dependencies/spdlog/include/spdlog/fmt/bundled//chrono.h
-- Installing: /opt/opensim-dependencies/spdlog/include/spdlog/fmt/bundled//os.h
-- Installing: /opt/opensim-dependencies/spdlog/include/spdlog/fmt/bundled//format.h
-- Installing: /opt/opensim-dependencies/spdlog/include/spdlog/fmt/bundled//format-inl.h
-- Installing: /opt/opensim-dependencies/spdlog/include/spdlog/fmt/bundled//xchar.h
-- Installing: /opt/opensim-dependencies/spdlog/include/spdlog/fmt/bundled//fmt.license.rst
-- Installing: /opt/opensim-dependencies/spdlog/include/spdlog/fmt/bundled//std.h
-- Installing: /opt/opensim-dependencies/spdlog/include/spdlog/fmt/bundled//printf.h
-- Installing: /opt/opensim-dependencies/spdlog/include/spdlog/fmt/bundled//color.h
-- Installing: /opt/opensim-dependencies/spdlog/include/spdlog/fmt/bundled//core.h
-- Installing: /opt/opensim-dependencies/spdlog/include/spdlog/fmt/bundled//args.h
-- Up-to-date: /opt/opensim-dependencies/spdlog/lib/pkgconfig/spdlog.pc
-- Old export file "/opt/opensim-dependencies/spdlog/lib/cmake/spdlog/spdlogConfigTargets.cmake" will be replaced.  Removing files [/opt/opensim-dependencies/spdlog/lib/cmake/spdlog/spdlogConfigTargets-release.cmake].
-- Installing: /opt/opensim-dependencies/spdlog/lib/cmake/spdlog/spdlogConfigTargets.cmake
-- Installing: /opt/opensim-dependencies/spdlog/lib/cmake/spdlog/spdlogConfigTargets-release.cmake
-- Up-to-date: /opt/opensim-dependencies/spdlog/lib/cmake/spdlog/spdlogConfig.cmake
-- Installing: /opt/opensim-dependencies/spdlog/lib/cmake/spdlog/spdlogConfigVersion.cmake
[17/32] Completed 'spdlog'
[18/32] Creating directories for 'catch2'
[19/32] Performing download step (git clone) for 'catch2'
Cloning into 'catch2'...
error: RPC failed; curl 16 Error in the HTTP2 framing layer
fatal: error reading section header 'shallow-info'
Cloning into 'catch2'...
-- Had to git clone more than once: 2 times.
HEAD is now at 53d0d913 v3.5.0
[20/32] Performing update step for 'catch2'
[21/32] No patch step for 'catch2'
[22/32] Performing configure step for 'catch2'
loading initial cache file /opt/build/opensim-dependencies/catch2/tmp/catch2-cache-Release.cmake
-- The CXX compiler identification is GNU 10.2.1
-- Detecting CXX compiler ABI info
-- Detecting CXX compiler ABI info - done
-- Check for working CXX compiler: /usr/bin/c++ - skipped
-- Detecting CXX compile features
-- Detecting CXX compile features - done
-- Configuring done
-- Generating done
-- Build files have been written to: /opt/build/opensim-dependencies/catch2/build
[23/32] Performing build step for 'catch2'
[1/109] Building CXX object src/CMakeFiles/Catch2.dir/catch2/generators/catch_generator_exception.cpp.o
[2/109] Building CXX object src/CMakeFiles/Catch2.dir/catch2/benchmark/catch_chronometer.cpp.o
[3/109] Building CXX object src/CMakeFiles/Catch2.dir/catch2/benchmark/detail/catch_benchmark_function.cpp.o
[4/109] Building CXX object src/CMakeFiles/Catch2.dir/catch2/interfaces/catch_interfaces_capture.cpp.o
[5/109] Building CXX object src/CMakeFiles/Catch2.dir/catch2/reporters/catch_reporter_registrars.cpp.o
[6/109] Building CXX object src/CMakeFiles/Catch2.dir/catch2/interfaces/catch_interfaces_config.cpp.o
[7/109] Building CXX object src/CMakeFiles/Catch2.dir/catch2/benchmark/detail/catch_run_for_at_least.cpp.o
[8/109] Building CXX object src/CMakeFiles/Catch2.dir/catch2/interfaces/catch_interfaces_exception.cpp.o
[9/109] Building CXX object src/CMakeFiles/Catch2.dir/catch2/interfaces/catch_interfaces_generatortracker.cpp.o
[10/109] Building CXX object src/CMakeFiles/Catch2.dir/catch2/interfaces/catch_interfaces_registry_hub.cpp.o
[11/109] Building CXX object src/CMakeFiles/Catch2.dir/catch2/reporters/catch_reporter_event_listener.cpp.o
[12/109] Building CXX object src/CMakeFiles/Catch2.dir/catch2/generators/catch_generators.cpp.o
[13/109] Building CXX object src/CMakeFiles/Catch2.dir/catch2/benchmark/detail/catch_analyse.cpp.o
[14/109] Building CXX object src/CMakeFiles/Catch2.dir/catch2/interfaces/catch_interfaces_reporter_factory.cpp.o
[15/109] Building CXX object src/CMakeFiles/Catch2.dir/catch2/reporters/catch_reporter_streaming_base.cpp.o
[16/109] Building CXX object src/CMakeFiles/Catch2.dir/catch2/reporters/catch_reporter_automake.cpp.o
[17/109] Building CXX object src/CMakeFiles/Catch2.dir/catch2/interfaces/catch_interfaces_testcase.cpp.o
[18/109] Building CXX object src/CMakeFiles/Catch2.dir/catch2/catch_timer.cpp.o
[19/109] Building CXX object src/CMakeFiles/Catch2.dir/catch2/reporters/catch_reporter_common_base.cpp.o
[20/109] Building CXX object src/CMakeFiles/Catch2.dir/catch2/generators/catch_generators_random.cpp.o
[21/109] Building CXX object src/CMakeFiles/Catch2.dir/catch2/reporters/catch_reporter_teamcity.cpp.o
[22/109] Building CXX object src/CMakeFiles/Catch2.dir/catch2/catch_totals.cpp.o
[23/109] Building CXX object src/CMakeFiles/Catch2.dir/catch2/catch_get_random_seed.cpp.o
[24/109] Building CXX object src/CMakeFiles/Catch2.dir/catch2/benchmark/detail/catch_stats.cpp.o
[25/109] Building CXX object src/CMakeFiles/Catch2.dir/catch2/catch_tag_alias_autoregistrar.cpp.o
[26/109] Building CXX object src/CMakeFiles/Catch2.dir/catch2/reporters/catch_reporter_tap.cpp.o
[27/109] Building CXX object src/CMakeFiles/Catch2.dir/catch2/catch_approx.cpp.o
[28/109] Building CXX object src/CMakeFiles/Catch2.dir/catch2/reporters/catch_reporter_compact.cpp.o
[29/109] Building CXX object src/CMakeFiles/Catch2.dir/catch2/reporters/catch_reporter_sonarqube.cpp.o
[30/109] Building CXX object src/CMakeFiles/Catch2.dir/catch2/catch_assertion_result.cpp.o
[31/109] Building CXX object src/CMakeFiles/Catch2.dir/catch2/internal/catch_context.cpp.o
[32/109] Building CXX object src/CMakeFiles/Catch2.dir/catch2/catch_translate_exception.cpp.o
[33/109] Building CXX object src/CMakeFiles/Catch2.dir/catch2/reporters/catch_reporter_junit.cpp.o
[34/109] Building CXX object src/CMakeFiles/Catch2.dir/catch2/catch_version.cpp.o
[35/109] Building CXX object src/CMakeFiles/Catch2.dir/catch2/internal/catch_case_insensitive_comparisons.cpp.o
[36/109] Building CXX object src/CMakeFiles/Catch2.dir/catch2/internal/catch_errno_guard.cpp.o
[37/109] Building CXX object src/CMakeFiles/Catch2.dir/catch2/catch_test_spec.cpp.o
[38/109] Building CXX object src/CMakeFiles/Catch2.dir/catch2/internal/catch_debug_console.cpp.o
[39/109] Building CXX object src/CMakeFiles/Catch2.dir/catch2/reporters/catch_reporter_cumulative_base.cpp.o
[40/109] Building CXX object src/CMakeFiles/Catch2.dir/catch2/internal/catch_getenv.cpp.o
[41/109] Building CXX object src/CMakeFiles/Catch2.dir/catch2/interfaces/catch_interfaces_reporter.cpp.o
[42/109] Building CXX object src/CMakeFiles/Catch2.dir/catch2/catch_message.cpp.o
[43/109] Building CXX object src/CMakeFiles/Catch2.dir/catch2/reporters/catch_reporter_console.cpp.o
[44/109] Building CXX object src/CMakeFiles/Catch2.dir/catch2/internal/catch_console_colour.cpp.o
[45/109] Building CXX object src/CMakeFiles/Catch2.dir/catch2/internal/catch_decomposer.cpp.o
[46/109] Building CXX object src/CMakeFiles/Catch2.dir/catch2/internal/catch_assertion_handler.cpp.o
[47/109] Building CXX object src/CMakeFiles/Catch2.dir/catch2/reporters/catch_reporter_multi.cpp.o
[48/109] Building CXX object src/CMakeFiles/Catch2.dir/catch2/catch_test_case_info.cpp.o
[49/109] Building CXX object src/CMakeFiles/Catch2.dir/catch2/internal/catch_enforce.cpp.o
[50/109] Building CXX object src/CMakeFiles/Catch2.dir/catch2/catch_registry_hub.cpp.o
[51/109] Building CXX object src/CMakeFiles/Catch2.dir/catch2/reporters/catch_reporter_xml.cpp.o
[52/109] Building CXX object src/CMakeFiles/Catch2.dir/catch2/internal/catch_floating_point_helpers.cpp.o
[53/109] Building CXX object src/CMakeFiles/Catch2.dir/catch2/internal/catch_random_number_generator.cpp.o
[54/109] Building CXX object src/CMakeFiles/Catch2.dir/catch2/internal/catch_polyfills.cpp.o
[55/109] Building CXX object src/CMakeFiles/Catch2.dir/catch2/internal/catch_result_type.cpp.o
[56/109] Building CXX object src/CMakeFiles/Catch2.dir/catch2/internal/catch_debugger.cpp.o
[57/109] Building CXX object src/CMakeFiles/Catch2.dir/catch2/reporters/catch_reporter_helpers.cpp.o
[58/109] Building CXX object src/CMakeFiles/Catch2.dir/catch2/internal/catch_leak_detector.cpp.o
[59/109] Building CXX object src/CMakeFiles/Catch2.dir/catch2/internal/catch_enum_values_registry.cpp.o
[60/109] Building CXX object src/CMakeFiles/Catch2.dir/catch2/internal/catch_message_info.cpp.o
[61/109] Building CXX object src/CMakeFiles/Catch2.dir/catch2/internal/catch_fatal_condition_handler.cpp.o
[62/109] Building CXX object src/CMakeFiles/Catch2.dir/catch2/internal/catch_parse_numbers.cpp.o
[63/109] Building CXX object src/CMakeFiles/Catch2.dir/catch2/catch_tostring.cpp.o
[64/109] Building CXX object src/CMakeFiles/Catch2.dir/catch2/internal/catch_singletons.cpp.o
[65/109] Building CXX object src/CMakeFiles/Catch2.dir/catch2/reporters/catch_reporter_json.cpp.o
[66/109] Building CXX object src/CMakeFiles/Catch2.dir/catch2/internal/catch_startup_exception_registry.cpp.o
[67/109] Building CXX object src/CMakeFiles/Catch2.dir/catch2/internal/catch_lazy_expr.cpp.o
[68/109] Building CXX object src/CMakeFiles/Catch2.dir/catch2/internal/catch_source_line_info.cpp.o
[69/109] Building CXX object src/CMakeFiles/Catch2.dir/catch2/internal/catch_exception_translator_registry.cpp.o
[70/109] Building CXX object src/CMakeFiles/Catch2.dir/catch2/internal/catch_output_redirect.cpp.o
[71/109] Building CXX object src/CMakeFiles/Catch2.dir/catch2/internal/catch_random_seed_generation.cpp.o
[72/109] Building CXX object src/CMakeFiles/Catch2.dir/catch2/internal/catch_uncaught_exceptions.cpp.o
[73/109] Building CXX object src/CMakeFiles/Catch2.dir/catch2/internal/catch_test_case_info_hasher.cpp.o
[74/109] Building CXX object src/CMakeFiles/Catch2.dir/catch2/internal/catch_istream.cpp.o
[75/109] Building CXX object src/CMakeFiles/Catch2.dir/catch2/internal/catch_jsonwriter.cpp.o
[76/109] Building CXX object src/CMakeFiles/Catch2.dir/catch2/internal/catch_stdstreams.cpp.o
[77/109] Building CXX object src/CMakeFiles/Catch2.dir/catch2/internal/catch_stringref.cpp.o
[78/109] Building CXX object src/CMakeFiles/Catch2.dir/catch2/internal/catch_section.cpp.o
[79/109] Building CXX object src/CMakeFiles/Catch2.dir/catch2/internal/catch_reusable_string_stream.cpp.o
[80/109] Building CXX object src/CMakeFiles/Catch2.dir/catch2/internal/catch_reporter_spec_parser.cpp.o
[81/109] Building CXX object src/CMakeFiles/Catch2.dir/catch2/matchers/catch_matchers.cpp.o
[82/109] Building CXX object src/CMakeFiles/Catch2.dir/catch2/internal/catch_test_failure_exception.cpp.o
[83/109] Building CXX object src/CMakeFiles/Catch2.dir/catch2/internal/catch_tag_alias_registry.cpp.o
[84/109] Building CXX object src/CMakeFiles/Catch2.dir/catch2/matchers/catch_matchers_exception.cpp.o
[85/109] Building CXX object src/CMakeFiles/Catch2.dir/catch2/internal/catch_test_registry.cpp.o
[86/109] Building CXX object src/CMakeFiles/Catch2.dir/catch2/matchers/catch_matchers_predicate.cpp.o
[87/109] Building CXX object src/CMakeFiles/Catch2.dir/catch2/internal/catch_string_manip.cpp.o
[88/109] Building CXX object src/CMakeFiles/Catch2.dir/catch2/catch_config.cpp.o
[89/109] Building CXX object src/CMakeFiles/Catch2.dir/catch2/internal/catch_test_case_tracker.cpp.o
[90/109] Building CXX object src/CMakeFiles/Catch2.dir/catch2/internal/catch_wildcard_pattern.cpp.o
[91/109] Building CXX object src/CMakeFiles/Catch2.dir/catch2/matchers/catch_matchers_container_properties.cpp.o
[92/109] Building CXX object src/CMakeFiles/Catch2.dir/catch2/internal/catch_test_spec_parser.cpp.o
[93/109] Building CXX object src/CMakeFiles/Catch2.dir/catch2/internal/catch_textflow.cpp.o
[94/109] Building CXX object src/CMakeFiles/Catch2.dir/catch2/internal/catch_list.cpp.o
[95/109] Building CXX object src/CMakeFiles/Catch2.dir/catch2/matchers/catch_matchers_quantifiers.cpp.o
[96/109] Building CXX object src/CMakeFiles/Catch2.dir/catch2/internal/catch_xmlwriter.cpp.o
[97/109] Building CXX object src/CMakeFiles/Catch2.dir/catch2/internal/catch_reporter_registry.cpp.o
[98/109] Building CXX object src/CMakeFiles/Catch2.dir/catch2/matchers/internal/catch_matchers_impl.cpp.o
[99/109] Building CXX object src/CMakeFiles/Catch2.dir/catch2/matchers/catch_matchers_templated.cpp.o
[100/109] Building CXX object src/CMakeFiles/Catch2.dir/catch2/matchers/catch_matchers_floating_point.cpp.o
[101/109] Building CXX object src/CMakeFiles/Catch2.dir/catch2/internal/catch_run_context.cpp.o
[102/109] Building CXX object src/CMakeFiles/Catch2WithMain.dir/catch2/internal/catch_main.cpp.o
[103/109] Building CXX object src/CMakeFiles/Catch2.dir/catch2/catch_session.cpp.o
[104/109] Building CXX object src/CMakeFiles/Catch2.dir/catch2/internal/catch_test_case_registry_impl.cpp.o
[105/109] Building CXX object src/CMakeFiles/Catch2.dir/catch2/internal/catch_clara.cpp.o
[106/109] Building CXX object src/CMakeFiles/Catch2.dir/catch2/internal/catch_commandline.cpp.o
[107/109] Building CXX object src/CMakeFiles/Catch2.dir/catch2/matchers/catch_matchers_string.cpp.o
[108/109] Linking CXX static library src/libCatch2.a
[109/109] Linking CXX static library src/libCatch2Main.a
[24/32] Performing install step for 'catch2'
[0/1] Install the project...
-- Install configuration: "Release"
-- Up-to-date: /opt/opensim-dependencies/catch2/lib/cmake/Catch2/Catch2Config.cmake
-- Installing: /opt/opensim-dependencies/catch2/lib/cmake/Catch2/Catch2ConfigVersion.cmake
-- Up-to-date: /opt/opensim-dependencies/catch2/share/doc/Catch2
-- Installing: /opt/opensim-dependencies/catch2/share/doc/Catch2/event-listeners.md
-- Installing: /opt/opensim-dependencies/catch2/share/doc/Catch2/assertions.md
-- Installing: /opt/opensim-dependencies/catch2/share/doc/Catch2/contributing.md
-- Installing: /opt/opensim-dependencies/catch2/share/doc/Catch2/comparing-floating-point-numbers.md
-- Installing: /opt/opensim-dependencies/catch2/share/doc/Catch2/limitations.md
-- Installing: /opt/opensim-dependencies/catch2/share/doc/Catch2/release-process.md
-- Installing: /opt/opensim-dependencies/catch2/share/doc/Catch2/reporter-events.md
-- Installing: /opt/opensim-dependencies/catch2/share/doc/Catch2/benchmarks.md
-- Installing: /opt/opensim-dependencies/catch2/share/doc/Catch2/matchers.md
-- Installing: /opt/opensim-dependencies/catch2/share/doc/Catch2/list-of-examples.md
-- Installing: /opt/opensim-dependencies/catch2/share/doc/Catch2/why-catch.md
-- Installing: /opt/opensim-dependencies/catch2/share/doc/Catch2/usage-tips.md
-- Installing: /opt/opensim-dependencies/catch2/share/doc/Catch2/release-notes.md
-- Installing: /opt/opensim-dependencies/catch2/share/doc/Catch2/deprecations.md
-- Installing: /opt/opensim-dependencies/catch2/share/doc/Catch2/reporters.md
-- Installing: /opt/opensim-dependencies/catch2/share/doc/Catch2/generators.md
-- Installing: /opt/opensim-dependencies/catch2/share/doc/Catch2/command-line.md
-- Installing: /opt/opensim-dependencies/catch2/share/doc/Catch2/faq.md
-- Installing: /opt/opensim-dependencies/catch2/share/doc/Catch2/cmake-integration.md
-- Installing: /opt/opensim-dependencies/catch2/share/doc/Catch2/opensource-users.md
-- Installing: /opt/opensim-dependencies/catch2/share/doc/Catch2/commercial-users.md
-- Installing: /opt/opensim-dependencies/catch2/share/doc/Catch2/test-fixtures.md
-- Installing: /opt/opensim-dependencies/catch2/share/doc/Catch2/other-macros.md
-- Installing: /opt/opensim-dependencies/catch2/share/doc/Catch2/skipping-passing-failing.md
-- Installing: /opt/opensim-dependencies/catch2/share/doc/Catch2/migrate-v2-to-v3.md
-- Installing: /opt/opensim-dependencies/catch2/share/doc/Catch2/configuration.md
-- Installing: /opt/opensim-dependencies/catch2/share/doc/Catch2/tutorial.md
-- Installing: /opt/opensim-dependencies/catch2/share/doc/Catch2/own-main.md
-- Installing: /opt/opensim-dependencies/catch2/share/doc/Catch2/Readme.md
-- Installing: /opt/opensim-dependencies/catch2/share/doc/Catch2/ci-and-misc.md
-- Installing: /opt/opensim-dependencies/catch2/share/doc/Catch2/test-cases-and-sections.md
-- Installing: /opt/opensim-dependencies/catch2/share/doc/Catch2/tostring.md
-- Installing: /opt/opensim-dependencies/catch2/share/doc/Catch2/logging.md
-- Installing: /opt/opensim-dependencies/catch2/lib/cmake/Catch2/ParseAndAddCatchTests.cmake
-- Installing: /opt/opensim-dependencies/catch2/lib/cmake/Catch2/Catch.cmake
-- Installing: /opt/opensim-dependencies/catch2/lib/cmake/Catch2/CatchAddTests.cmake
-- Installing: /opt/opensim-dependencies/catch2/lib/cmake/Catch2/CatchShardTests.cmake
-- Installing: /opt/opensim-dependencies/catch2/lib/cmake/Catch2/CatchShardTestsImpl.cmake
-- Installing: /opt/opensim-dependencies/catch2/share/Catch2/gdbinit
-- Installing: /opt/opensim-dependencies/catch2/share/Catch2/lldbinit
-- Up-to-date: /opt/opensim-dependencies/catch2/share/pkgconfig/catch2.pc
-- Up-to-date: /opt/opensim-dependencies/catch2/share/pkgconfig/catch2-with-main.pc
-- Installing: /opt/opensim-dependencies/catch2/lib/libCatch2.a
-- Installing: /opt/opensim-dependencies/catch2/lib/libCatch2Main.a
-- Old export file "/opt/opensim-dependencies/catch2/lib/cmake/Catch2/Catch2Targets.cmake" will be replaced.  Removing files [/opt/opensim-dependencies/catch2/lib/cmake/Catch2/Catch2Targets-release.cmake].
-- Installing: /opt/opensim-dependencies/catch2/lib/cmake/Catch2/Catch2Targets.cmake
-- Installing: /opt/opensim-dependencies/catch2/lib/cmake/Catch2/Catch2Targets-release.cmake
-- Up-to-date: /opt/opensim-dependencies/catch2/include/catch2
-- Installing: /opt/opensim-dependencies/catch2/include/catch2/catch_assertion_info.hpp
-- Installing: /opt/opensim-dependencies/catch2/include/catch2/catch_section_info.hpp
-- Installing: /opt/opensim-dependencies/catch2/include/catch2/catch_version.hpp
-- Up-to-date: /opt/opensim-dependencies/catch2/include/catch2/benchmark
-- Installing: /opt/opensim-dependencies/catch2/include/catch2/benchmark/catch_benchmark.hpp
-- Installing: /opt/opensim-dependencies/catch2/include/catch2/benchmark/catch_outlier_classification.hpp
-- Installing: /opt/opensim-dependencies/catch2/include/catch2/benchmark/catch_optimizer.hpp
-- Installing: /opt/opensim-dependencies/catch2/include/catch2/benchmark/catch_clock.hpp
-- Installing: /opt/opensim-dependencies/catch2/include/catch2/benchmark/catch_chronometer.hpp
-- Installing: /opt/opensim-dependencies/catch2/include/catch2/benchmark/catch_benchmark_all.hpp
-- Up-to-date: /opt/opensim-dependencies/catch2/include/catch2/benchmark/detail
-- Installing: /opt/opensim-dependencies/catch2/include/catch2/benchmark/detail/catch_complete_invoke.hpp
-- Installing: /opt/opensim-dependencies/catch2/include/catch2/benchmark/detail/catch_run_for_at_least.hpp
-- Installing: /opt/opensim-dependencies/catch2/include/catch2/benchmark/detail/catch_benchmark_stats_fwd.hpp
-- Installing: /opt/opensim-dependencies/catch2/include/catch2/benchmark/detail/catch_measure.hpp
-- Installing: /opt/opensim-dependencies/catch2/include/catch2/benchmark/detail/catch_benchmark_function.hpp
-- Installing: /opt/opensim-dependencies/catch2/include/catch2/benchmark/detail/catch_analyse.hpp
-- Installing: /opt/opensim-dependencies/catch2/include/catch2/benchmark/detail/catch_benchmark_stats.hpp
-- Installing: /opt/opensim-dependencies/catch2/include/catch2/benchmark/detail/catch_timing.hpp
-- Installing: /opt/opensim-dependencies/catch2/include/catch2/benchmark/detail/catch_estimate_clock.hpp
-- Installing: /opt/opensim-dependencies/catch2/include/catch2/benchmark/detail/catch_stats.hpp
-- Installing: /opt/opensim-dependencies/catch2/include/catch2/benchmark/detail/catch_repeat.hpp
-- Installing: /opt/opensim-dependencies/catch2/include/catch2/benchmark/catch_estimate.hpp
-- Installing: /opt/opensim-dependencies/catch2/include/catch2/benchmark/catch_constructor.hpp
-- Installing: /opt/opensim-dependencies/catch2/include/catch2/benchmark/catch_execution_plan.hpp
-- Installing: /opt/opensim-dependencies/catch2/include/catch2/benchmark/catch_environment.hpp
-- Installing: /opt/opensim-dependencies/catch2/include/catch2/benchmark/catch_sample_analysis.hpp
-- Installing: /opt/opensim-dependencies/catch2/include/catch2/catch_test_case_info.hpp
-- Installing: /opt/opensim-dependencies/catch2/include/catch2/catch_template_test_macros.hpp
-- Installing: /opt/opensim-dependencies/catch2/include/catch2/catch_timer.hpp
-- Up-to-date: /opt/opensim-dependencies/catch2/include/catch2/internal
-- Installing: /opt/opensim-dependencies/catch2/include/catch2/internal/catch_config_uncaught_exceptions.hpp
-- Installing: /opt/opensim-dependencies/catch2/include/catch2/internal/catch_random_integer_helpers.hpp
-- Installing: /opt/opensim-dependencies/catch2/include/catch2/internal/catch_string_manip.hpp
-- Installing: /opt/opensim-dependencies/catch2/include/catch2/internal/catch_decomposer.hpp
-- Installing: /opt/opensim-dependencies/catch2/include/catch2/internal/catch_fatal_condition_handler.hpp
-- Installing: /opt/opensim-dependencies/catch2/include/catch2/internal/catch_test_failure_exception.hpp
-- Installing: /opt/opensim-dependencies/catch2/include/catch2/internal/catch_wildcard_pattern.hpp
-- Installing: /opt/opensim-dependencies/catch2/include/catch2/internal/catch_enforce.hpp
-- Installing: /opt/opensim-dependencies/catch2/include/catch2/internal/catch_result_type.hpp
-- Installing: /opt/opensim-dependencies/catch2/include/catch2/internal/catch_unique_name.hpp
-- Installing: /opt/opensim-dependencies/catch2/include/catch2/internal/catch_jsonwriter.hpp
-- Installing: /opt/opensim-dependencies/catch2/include/catch2/internal/catch_sharding.hpp
-- Installing: /opt/opensim-dependencies/catch2/include/catch2/internal/catch_preprocessor_remove_parens.hpp
-- Installing: /opt/opensim-dependencies/catch2/include/catch2/internal/catch_test_case_tracker.hpp
-- Installing: /opt/opensim-dependencies/catch2/include/catch2/internal/catch_windows_h_proxy.hpp
-- Installing: /opt/opensim-dependencies/catch2/include/catch2/internal/catch_optional.hpp
-- Installing: /opt/opensim-dependencies/catch2/include/catch2/internal/catch_unique_ptr.hpp
-- Installing: /opt/opensim-dependencies/catch2/include/catch2/internal/catch_message_info.hpp
-- Installing: /opt/opensim-dependencies/catch2/include/catch2/internal/catch_uniform_floating_point_distribution.hpp
-- Installing: /opt/opensim-dependencies/catch2/include/catch2/internal/catch_output_redirect.hpp
-- Installing: /opt/opensim-dependencies/catch2/include/catch2/internal/catch_tag_alias_registry.hpp
-- Installing: /opt/opensim-dependencies/catch2/include/catch2/internal/catch_random_floating_point_helpers.hpp
-- Installing: /opt/opensim-dependencies/catch2/include/catch2/internal/catch_preprocessor.hpp
-- Installing: /opt/opensim-dependencies/catch2/include/catch2/internal/catch_platform.hpp
-- Installing: /opt/opensim-dependencies/catch2/include/catch2/internal/catch_textflow.hpp
-- Installing: /opt/opensim-dependencies/catch2/include/catch2/internal/catch_run_context.hpp
-- Installing: /opt/opensim-dependencies/catch2/include/catch2/internal/catch_context.hpp
-- Installing: /opt/opensim-dependencies/catch2/include/catch2/internal/catch_config_android_logwrite.hpp
-- Installing: /opt/opensim-dependencies/catch2/include/catch2/internal/catch_move_and_forward.hpp
-- Installing: /opt/opensim-dependencies/catch2/include/catch2/internal/catch_test_spec_parser.hpp
-- Installing: /opt/opensim-dependencies/catch2/include/catch2/internal/catch_reporter_spec_parser.hpp
-- Installing: /opt/opensim-dependencies/catch2/include/catch2/internal/catch_case_insensitive_comparisons.hpp
-- Installing: /opt/opensim-dependencies/catch2/include/catch2/internal/catch_is_permutation.hpp
-- Installing: /opt/opensim-dependencies/catch2/include/catch2/internal/catch_stdstreams.hpp
-- Installing: /opt/opensim-dependencies/catch2/include/catch2/internal/catch_stream_end_stop.hpp
-- Installing: /opt/opensim-dependencies/catch2/include/catch2/internal/catch_test_case_info_hasher.hpp
-- Installing: /opt/opensim-dependencies/catch2/include/catch2/internal/catch_stringref.hpp
-- Installing: /opt/opensim-dependencies/catch2/include/catch2/internal/catch_istream.hpp
-- Installing: /opt/opensim-dependencies/catch2/include/catch2/internal/catch_source_line_info.hpp
-- Installing: /opt/opensim-dependencies/catch2/include/catch2/internal/catch_list.hpp
-- Installing: /opt/opensim-dependencies/catch2/include/catch2/internal/catch_debugger.hpp
-- Installing: /opt/opensim-dependencies/catch2/include/catch2/internal/catch_container_nonmembers.hpp
-- Installing: /opt/opensim-dependencies/catch2/include/catch2/internal/catch_logical_traits.hpp
-- Installing: /opt/opensim-dependencies/catch2/include/catch2/internal/catch_clara.hpp
-- Installing: /opt/opensim-dependencies/catch2/include/catch2/internal/catch_reusable_string_stream.hpp
-- Installing: /opt/opensim-dependencies/catch2/include/catch2/internal/catch_enum_values_registry.hpp
-- Installing: /opt/opensim-dependencies/catch2/include/catch2/internal/catch_leak_detector.hpp
-- Installing: /opt/opensim-dependencies/catch2/include/catch2/internal/catch_test_registry.hpp
-- Installing: /opt/opensim-dependencies/catch2/include/catch2/internal/catch_template_test_registry.hpp
-- Installing: /opt/opensim-dependencies/catch2/include/catch2/internal/catch_console_colour.hpp
-- Installing: /opt/opensim-dependencies/catch2/include/catch2/internal/catch_to_string.hpp
-- Installing: /opt/opensim-dependencies/catch2/include/catch2/internal/catch_floating_point_helpers.hpp
-- Installing: /opt/opensim-dependencies/catch2/include/catch2/internal/catch_uncaught_exceptions.hpp
-- Installing: /opt/opensim-dependencies/catch2/include/catch2/internal/catch_test_macro_impl.hpp
-- Installing: /opt/opensim-dependencies/catch2/include/catch2/internal/catch_meta.hpp
-- Installing: /opt/opensim-dependencies/catch2/include/catch2/internal/catch_exception_translator_registry.hpp
-- Installing: /opt/opensim-dependencies/catch2/include/catch2/internal/catch_test_case_registry_impl.hpp
-- Installing: /opt/opensim-dependencies/catch2/include/catch2/internal/catch_config_prefix_messages.hpp
-- Installing: /opt/opensim-dependencies/catch2/include/catch2/internal/catch_parse_numbers.hpp
-- Installing: /opt/opensim-dependencies/catch2/include/catch2/internal/catch_noncopyable.hpp
-- Installing: /opt/opensim-dependencies/catch2/include/catch2/internal/catch_reporter_registry.hpp
-- Installing: /opt/opensim-dependencies/catch2/include/catch2/internal/catch_console_width.hpp
-- Installing: /opt/opensim-dependencies/catch2/include/catch2/internal/catch_random_seed_generation.hpp
-- Installing: /opt/opensim-dependencies/catch2/include/catch2/internal/catch_lazy_expr.hpp
-- Installing: /opt/opensim-dependencies/catch2/include/catch2/internal/catch_case_sensitive.hpp
-- Installing: /opt/opensim-dependencies/catch2/include/catch2/internal/catch_preprocessor_internal_stringify.hpp
-- Installing: /opt/opensim-dependencies/catch2/include/catch2/internal/catch_singletons.hpp
-- Installing: /opt/opensim-dependencies/catch2/include/catch2/internal/catch_void_type.hpp
-- Installing: /opt/opensim-dependencies/catch2/include/catch2/internal/catch_config_counter.hpp
-- Installing: /opt/opensim-dependencies/catch2/include/catch2/internal/catch_assertion_handler.hpp
-- Installing: /opt/opensim-dependencies/catch2/include/catch2/internal/catch_random_number_generator.hpp
-- Installing: /opt/opensim-dependencies/catch2/include/catch2/internal/catch_polyfills.hpp
-- Installing: /opt/opensim-dependencies/catch2/include/catch2/internal/catch_debug_console.hpp
-- Installing: /opt/opensim-dependencies/catch2/include/catch2/internal/catch_xmlwriter.hpp
-- Installing: /opt/opensim-dependencies/catch2/include/catch2/internal/catch_getenv.hpp
-- Installing: /opt/opensim-dependencies/catch2/include/catch2/internal/catch_section.hpp
-- Installing: /opt/opensim-dependencies/catch2/include/catch2/internal/catch_compare_traits.hpp
-- Installing: /opt/opensim-dependencies/catch2/include/catch2/internal/catch_uniform_integer_distribution.hpp
-- Installing: /opt/opensim-dependencies/catch2/include/catch2/internal/catch_commandline.hpp
-- Installing: /opt/opensim-dependencies/catch2/include/catch2/internal/catch_compiler_capabilities.hpp
-- Installing: /opt/opensim-dependencies/catch2/include/catch2/internal/catch_startup_exception_registry.hpp
-- Installing: /opt/opensim-dependencies/catch2/include/catch2/internal/catch_test_run_info.hpp
-- Installing: /opt/opensim-dependencies/catch2/include/catch2/internal/catch_errno_guard.hpp
-- Installing: /opt/opensim-dependencies/catch2/include/catch2/internal/catch_config_wchar.hpp
-- Installing: /opt/opensim-dependencies/catch2/include/catch2/internal/catch_config_static_analysis_support.hpp
-- Installing: /opt/opensim-dependencies/catch2/include/catch2/catch_all.hpp
-- Installing: /opt/opensim-dependencies/catch2/include/catch2/catch_get_random_seed.hpp
-- Installing: /opt/opensim-dependencies/catch2/include/catch2/catch_tostring.hpp
-- Installing: /opt/opensim-dependencies/catch2/include/catch2/catch_version_macros.hpp
-- Up-to-date: /opt/opensim-dependencies/catch2/include/catch2/matchers
-- Installing: /opt/opensim-dependencies/catch2/include/catch2/matchers/catch_matchers_floating_point.hpp
-- Installing: /opt/opensim-dependencies/catch2/include/catch2/matchers/catch_matchers.hpp
-- Installing: /opt/opensim-dependencies/catch2/include/catch2/matchers/catch_matchers_quantifiers.hpp
-- Installing: /opt/opensim-dependencies/catch2/include/catch2/matchers/catch_matchers_all.hpp
-- Installing: /opt/opensim-dependencies/catch2/include/catch2/matchers/catch_matchers_templated.hpp
-- Installing: /opt/opensim-dependencies/catch2/include/catch2/matchers/catch_matchers_exception.hpp
-- Installing: /opt/opensim-dependencies/catch2/include/catch2/matchers/catch_matchers_range_equals.hpp
-- Up-to-date: /opt/opensim-dependencies/catch2/include/catch2/matchers/internal
-- Installing: /opt/opensim-dependencies/catch2/include/catch2/matchers/internal/catch_matchers_impl.hpp
-- Installing: /opt/opensim-dependencies/catch2/include/catch2/matchers/catch_matchers_container_properties.hpp
-- Installing: /opt/opensim-dependencies/catch2/include/catch2/matchers/catch_matchers_string.hpp
-- Installing: /opt/opensim-dependencies/catch2/include/catch2/matchers/catch_matchers_contains.hpp
-- Installing: /opt/opensim-dependencies/catch2/include/catch2/matchers/catch_matchers_predicate.hpp
-- Installing: /opt/opensim-dependencies/catch2/include/catch2/matchers/catch_matchers_vector.hpp
-- Up-to-date: /opt/opensim-dependencies/catch2/include/catch2/interfaces
-- Installing: /opt/opensim-dependencies/catch2/include/catch2/interfaces/catch_interfaces_generatortracker.hpp
-- Installing: /opt/opensim-dependencies/catch2/include/catch2/interfaces/catch_interfaces_testcase.hpp
-- Installing: /opt/opensim-dependencies/catch2/include/catch2/interfaces/catch_interfaces_capture.hpp
-- Installing: /opt/opensim-dependencies/catch2/include/catch2/interfaces/catch_interfaces_enum_values_registry.hpp
-- Installing: /opt/opensim-dependencies/catch2/include/catch2/interfaces/catch_interfaces_reporter_factory.hpp
-- Installing: /opt/opensim-dependencies/catch2/include/catch2/interfaces/catch_interfaces_all.hpp
-- Installing: /opt/opensim-dependencies/catch2/include/catch2/interfaces/catch_interfaces_reporter.hpp
-- Installing: /opt/opensim-dependencies/catch2/include/catch2/interfaces/catch_interfaces_exception.hpp
-- Installing: /opt/opensim-dependencies/catch2/include/catch2/interfaces/catch_interfaces_tag_alias_registry.hpp
-- Installing: /opt/opensim-dependencies/catch2/include/catch2/interfaces/catch_interfaces_config.hpp
-- Installing: /opt/opensim-dependencies/catch2/include/catch2/interfaces/catch_interfaces_test_invoker.hpp
-- Installing: /opt/opensim-dependencies/catch2/include/catch2/interfaces/catch_interfaces_registry_hub.hpp
-- Installing: /opt/opensim-dependencies/catch2/include/catch2/catch_session.hpp
-- Installing: /opt/opensim-dependencies/catch2/include/catch2/catch_tag_alias.hpp
-- Installing: /opt/opensim-dependencies/catch2/include/catch2/catch_approx.hpp
-- Installing: /opt/opensim-dependencies/catch2/include/catch2/catch_tag_alias_autoregistrar.hpp
-- Installing: /opt/opensim-dependencies/catch2/include/catch2/catch_totals.hpp
-- Installing: /opt/opensim-dependencies/catch2/include/catch2/catch_config.hpp
-- Installing: /opt/opensim-dependencies/catch2/include/catch2/catch_translate_exception.hpp
-- Installing: /opt/opensim-dependencies/catch2/include/catch2/catch_message.hpp
-- Up-to-date: /opt/opensim-dependencies/catch2/include/catch2/generators
-- Installing: /opt/opensim-dependencies/catch2/include/catch2/generators/catch_generator_exception.hpp
-- Installing: /opt/opensim-dependencies/catch2/include/catch2/generators/catch_generators_adapters.hpp
-- Installing: /opt/opensim-dependencies/catch2/include/catch2/generators/catch_generators_random.hpp
-- Installing: /opt/opensim-dependencies/catch2/include/catch2/generators/catch_generators_all.hpp
-- Installing: /opt/opensim-dependencies/catch2/include/catch2/generators/catch_generators_range.hpp
-- Installing: /opt/opensim-dependencies/catch2/include/catch2/generators/catch_generators.hpp
-- Installing: /opt/opensim-dependencies/catch2/include/catch2/catch_test_spec.hpp
-- Up-to-date: /opt/opensim-dependencies/catch2/include/catch2/reporters
-- Installing: /opt/opensim-dependencies/catch2/include/catch2/reporters/catch_reporter_helpers.hpp
-- Installing: /opt/opensim-dependencies/catch2/include/catch2/reporters/catch_reporter_automake.hpp
-- Installing: /opt/opensim-dependencies/catch2/include/catch2/reporters/catch_reporter_json.hpp
-- Installing: /opt/opensim-dependencies/catch2/include/catch2/reporters/catch_reporter_sonarqube.hpp
-- Installing: /opt/opensim-dependencies/catch2/include/catch2/reporters/catch_reporter_junit.hpp
-- Installing: /opt/opensim-dependencies/catch2/include/catch2/reporters/catch_reporter_event_listener.hpp
-- Installing: /opt/opensim-dependencies/catch2/include/catch2/reporters/catch_reporter_streaming_base.hpp
-- Installing: /opt/opensim-dependencies/catch2/include/catch2/reporters/catch_reporter_compact.hpp
-- Installing: /opt/opensim-dependencies/catch2/include/catch2/reporters/catch_reporter_tap.hpp
-- Installing: /opt/opensim-dependencies/catch2/include/catch2/reporters/catch_reporter_common_base.hpp
-- Installing: /opt/opensim-dependencies/catch2/include/catch2/reporters/catch_reporter_registrars.hpp
-- Installing: /opt/opensim-dependencies/catch2/include/catch2/reporters/catch_reporter_console.hpp
-- Installing: /opt/opensim-dependencies/catch2/include/catch2/reporters/catch_reporter_xml.hpp
-- Installing: /opt/opensim-dependencies/catch2/include/catch2/reporters/catch_reporter_teamcity.hpp
-- Installing: /opt/opensim-dependencies/catch2/include/catch2/reporters/catch_reporter_cumulative_base.hpp
-- Installing: /opt/opensim-dependencies/catch2/include/catch2/reporters/catch_reporter_multi.hpp
-- Installing: /opt/opensim-dependencies/catch2/include/catch2/reporters/catch_reporters_all.hpp
-- Installing: /opt/opensim-dependencies/catch2/include/catch2/catch_test_macros.hpp
-- Installing: /opt/opensim-dependencies/catch2/include/catch2/catch_assertion_result.hpp
-- Up-to-date: /opt/opensim-dependencies/catch2/include/catch2
-- Up-to-date: /opt/opensim-dependencies/catch2/include/catch2/catch_user_config.hpp
[25/32] Completed 'catch2'
[26/32] Performing download step (git clone) for 'simbody'
Cloning into 'simbody'...
error: RPC failed; curl 56 GnuTLS recv error (-9): Error decoding the received TLS packet.
error: 3437 bytes of body are still expected
fetch-pack: unexpected disconnect while reading sideband packet
fatal: early EOF
fatal: index-pack failed
Cloning into 'simbody'...
fatal: unable to access 'https://github.com/simbody/simbody.git/': Could not resolve host: github.com
Cloning into 'simbody'...
-- Had to git clone more than once: 3 times.
HEAD is now at 80a3f10a Add `CableSpan` path tangent direction calculation methods (#857)
[27/32] Performing update step for 'simbody'
[28/32] No patch step for 'simbody'
[29/32] Performing configure step for 'simbody'
loading initial cache file /opt/build/opensim-dependencies/simbody/tmp/simbody-cache-Release.cmake
-- The C compiler identification is GNU 10.2.1
-- The CXX compiler identification is GNU 10.2.1
-- Detecting C compiler ABI info
-- Detecting C compiler ABI info - done
-- Check for working C compiler: /usr/bin/cc - skipped
-- Detecting C compile features
-- Detecting C compile features - done
-- Detecting CXX compiler ABI info
-- Detecting CXX compiler ABI info - done
-- Check for working CXX compiler: /usr/bin/c++ - skipped
-- Detecting CXX compile features
-- Detecting CXX compile features - done
-- Could NOT find Doxygen (missing: DOXYGEN_EXECUTABLE) 
-- Looking for sgemm_
-- Looking for sgemm_ - not found
-- Looking for pthread.h
-- Looking for pthread.h - found
-- Performing Test CMAKE_HAVE_LIBC_PTHREAD
-- Performing Test CMAKE_HAVE_LIBC_PTHREAD - Failed
-- Looking for pthread_create in pthreads
-- Looking for pthread_create in pthreads - not found
-- Looking for pthread_create in pthread
-- Looking for pthread_create in pthread - found
-- Found Threads: TRUE  
-- Looking for sgemm_
-- Looking for sgemm_ - found
-- Found BLAS: /usr/lib/x86_64-linux-gnu/libopenblas.so  
-- Looking for cheev_
-- Looking for cheev_ - found
-- Found LAPACK: /usr/lib/x86_64-linux-gnu/libopenblas.so;-lpthread;-lm;-ldl  
-- Trying to compile with system BLAS/LAPACK libraries
-- Trying to compile with system BLAS/LAPACK libraries - success.
-- Using BLAS/LAPACK libraries BLAS::BLAS;LAPACK::LAPACK
-- Found OpenGL: /usr/lib/x86_64-linux-gnu/libOpenGL.so   
-- Found PkgConfig: /usr/bin/pkg-config (found version "0.29.2") 
-- Checking for module 'glut'
--   No package 'glut' found
-- Found GLUT: /usr/lib/x86_64-linux-gnu/libglut.so  
-- Configuring done
-- Generating done
-- Build files have been written to: /opt/build/opensim-dependencies/simbody/build
[30/32] Performing build step for 'simbody'
[1/271] Building CXX object SimTKcommon/CMakeFiles/SimTKcommon.dir/Mechanics/src/CoordinateAxis.cpp.o
[2/271] Building CXX object SimTKcommon/CMakeFiles/SimTKcommon.dir/src/Timing.cpp.o
[3/271] Building CXX object SimTKcommon/CMakeFiles/SimTKcommon.dir/BigMatrix/src/ElementFilter.cpp.o
[4/271] Building CXX object SimTKcommon/CMakeFiles/SimTKcommon.dir/src/About.cpp.o
[5/271] Building CXX object SimTKcommon/CMakeFiles/SimTKcommon.dir/src/String.cpp.o
[6/271] Building CXX object SimTKcommon/CMakeFiles/SimTKcommon.dir/src/tinyxmlparser.cpp.o
[7/271] Building CXX object SimTKcommon/CMakeFiles/SimTKcommon.dir/src/ParallelWorkQueue.cpp.o
[8/271] Building CXX object SimTKcommon/CMakeFiles/SimTKcommon.dir/src/Parallel2DExecutor.cpp.o
[9/271] Building CXX object SimTKcommon/CMakeFiles/SimTKcommon.dir/Mechanics/src/Quaternion.cpp.o
[10/271] Building CXX object SimTKcommon/CMakeFiles/SimTKcommon.dir/src/tinyxml.cpp.o
[11/271] Building CXX object SimTKcommon/CMakeFiles/SimTKcommon.dir/src/Plugin.cpp.o
[12/271] Building CXX object SimTKcommon/CMakeFiles/SimTKcommon.dir/BigMatrix/src/MatrixCharacteristics.cpp.o
[13/271] Building CXX object SimTKcommon/CMakeFiles/SimTKcommon.dir/Scalar/src/Scalar.cpp.o
[14/271] Building CXX object SimTKcommon/CMakeFiles/SimTKcommon.dir/src/Pathname.cpp.o
[15/271] Building CXX object SimTKcommon/CMakeFiles/SimTKcommon.dir/Mechanics/src/UnitVec.cpp.o
[16/271] Building CXX object SimTKcommon/CMakeFiles/SimTKcommon.dir/src/ParallelExecutor.cpp.o
[17/271] Building CXX object SimTKcommon/CMakeFiles/SimTKcommon.dir/src/PrivateInstantiations.cpp.o
[18/271] Building CXX object SimTKcommon/CMakeFiles/SimTKcommon.dir/Mechanics/src/Transform.cpp.o
[19/271] Building CXX object SimTKcommon/CMakeFiles/SimTKcommon.dir/Simulation/src/Event.cpp.o
[20/271] Building CXX object SimTKcommon/CMakeFiles/SimTKcommon.dir/Geometry/src/DecorativeGeometry.cpp.o
[21/271] Building CXX object SimTKcommon/CMakeFiles/SimTKcommon.dir/Polynomial/src/cpoly.cpp.o
[22/271] Building CXX object SimTKcommon/CMakeFiles/SimTKcommon.dir/src/Xml.cpp.o
[23/271] Building C object SimTKmath/CMakeFiles/SimTKmath.dir/Integrators/src/CPodes/sundials/src/cpodes/cpodes_band.c.o
[24/271] Building CXX object SimTKcommon/CMakeFiles/SimTKcommon.dir/Random/src/Random.cpp.o
[25/271] Building C object SimTKmath/CMakeFiles/SimTKmath.dir/Integrators/src/CPodes/sundials/src/cpodes/cpodes_bandpre.c.o
[26/271] Building C object SimTKmath/CMakeFiles/SimTKmath.dir/Integrators/src/CPodes/sundials/src/cpodes/cpodes_dense.c.o
[27/271] Building C object SimTKmath/CMakeFiles/SimTKmath.dir/Integrators/src/CPodes/sundials/src/cpodes/cpodes_bbdpre.c.o
[28/271] Building CXX object SimTKcommon/CMakeFiles/SimTKcommon.dir/Polynomial/src/rpoly.cpp.o
[29/271] Building C object SimTKmath/CMakeFiles/SimTKmath.dir/Integrators/src/CPodes/sundials/src/cpodes/cpodes.c.o
[30/271] Building C object SimTKmath/CMakeFiles/SimTKmath.dir/Integrators/src/CPodes/sundials/src/cpodes/cpodes_ic.c.o
[31/271] Building C object SimTKmath/CMakeFiles/SimTKmath.dir/Integrators/src/CPodes/sundials/src/cpodes/cpodes_direct.c.o
[32/271] Building CXX object SimTKcommon/CMakeFiles/SimTKcommon.dir/Random/src/SFMT.cpp.o
[33/271] Building C object SimTKmath/CMakeFiles/SimTKmath.dir/Integrators/src/CPodes/sundials/src/cpodes/cpodes_io.c.o
[34/271] Building C object SimTKmath/CMakeFiles/SimTKmath.dir/Integrators/src/CPodes/sundials/src/cpodes/cpodes_proj.c.o
[35/271] Building C object SimTKmath/CMakeFiles/SimTKmath.dir/Integrators/src/CPodes/sundials/src/cpodes/cpodes_nls.c.o
[36/271] Building C object SimTKmath/CMakeFiles/SimTKmath.dir/Integrators/src/CPodes/sundials/src/cpodes/cpodes_lapack.c.o
[37/271] Building C object SimTKmath/CMakeFiles/SimTKmath.dir/Integrators/src/CPodes/sundials/src/cpodes/cpodes_root.c.o
[38/271] Building C object SimTKmath/CMakeFiles/SimTKmath.dir/Integrators/src/CPodes/sundials/src/cpodes/cpodes_spbcgs.c.o
[39/271] Building C object SimTKmath/CMakeFiles/SimTKmath.dir/Integrators/src/CPodes/sundials/src/cpodes/cpodes_spgmr.c.o
[40/271] Building C object SimTKmath/CMakeFiles/SimTKmath.dir/Integrators/src/CPodes/sundials/src/cpodes/cpodes_spils.c.o
[41/271] Building C object SimTKmath/CMakeFiles/SimTKmath.dir/Integrators/src/CPodes/sundials/src/cpodes/cpodes_sptfqmr.c.o
[42/271] Building C object SimTKmath/CMakeFiles/SimTKmath.dir/Integrators/src/CPodes/sundials/src/nvec_ser/fnvector_serial.c.o
[43/271] Building CXX object SimTKcommon/CMakeFiles/SimTKcommon.dir/Mechanics/src/MassProperties.cpp.o
[44/271] Building C object SimTKmath/CMakeFiles/SimTKmath.dir/Integrators/src/CPodes/sundials/src/sundials/sundials_direct.c.o
[45/271] Building C object SimTKmath/CMakeFiles/SimTKmath.dir/Integrators/src/CPodes/sundials/src/sundials/sundials_band.c.o
[46/271] Building C object SimTKmath/CMakeFiles/SimTKmath.dir/Integrators/src/CPodes/sundials/src/sundials/sundials_lapack.c.o
[47/271] Building C object SimTKmath/CMakeFiles/SimTKmath.dir/Integrators/src/CPodes/sundials/src/sundials/sundials_iterative.c.o
[48/271] Building C object SimTKmath/CMakeFiles/SimTKmath.dir/Integrators/src/CPodes/sundials/src/nvec_ser/nvector_serial.c.o
[49/271] Building C object SimTKmath/CMakeFiles/SimTKmath.dir/Integrators/src/CPodes/sundials/src/sundials/sundials_math.c.o
[50/271] Building C object SimTKmath/CMakeFiles/SimTKmath.dir/Integrators/src/CPodes/sundials/src/sundials/sundials_dense.c.o
[51/271] Building C object SimTKmath/CMakeFiles/SimTKmath.dir/Integrators/src/CPodes/sundials/src/sundials/sundials_nvector.c.o
[52/271] Building C object SimTKmath/CMakeFiles/SimTKmath.dir/Integrators/src/CPodes/sundials/src/sundials/sundials_spbcgs.c.o
[53/271] Building C object SimTKmath/CMakeFiles/SimTKmath.dir/Integrators/src/CPodes/sundials/src/sundials/sundials_spgmr.c.o
[54/271] Building CXX object SimTKcommon/CMakeFiles/SimTKcommon.dir/Polynomial/src/PolynomialRootFinder.cpp.o
[55/271] Building C object SimTKmath/CMakeFiles/SimTKmath.dir/Integrators/src/CPodes/sundials/src/sundials/sundials_sptfqmr.c.o
[56/271] Building CXX object SimTKcommon/CMakeFiles/SimTKcommon.dir/Geometry/src/PolygonalMesh.cpp.o
[57/271] Building CXX object SimTKcommon/CMakeFiles/SimTKcommon.dir/Simulation/src/EventReporter.cpp.o
[58/271] Building CXX object SimTKcommon/CMakeFiles/SimTKcommon.dir/Simulation/src/EventHandler.cpp.o
[59/271] Building CXX object SimTKcommon/CMakeFiles/SimTKcommon.dir/Simulation/src/Subsystem.cpp.o
[60/271] Building CXX object SimTKcommon/CMakeFiles/SimTKcommon.dir/Simulation/src/Study.cpp.o
[61/271] Building CXX object SimTKcommon/CMakeFiles/SimTKcommon.dir/src/NiceTypeName.cpp.o
[62/271] Building CXX object SimTKcommon/CMakeFiles/SimTKcommon.dir/Mechanics/src/Rotation.cpp.o
[63/271] Building CXX object SimTKmath/CMakeFiles/SimTKmath.dir/LinearAlgebra/src/LapackConvert.cpp.o
[64/271] Building CXX object SimTKcommon/CMakeFiles/SimTKcommon.dir/Simulation/src/State.cpp.o
[65/271] Building CXX object SimTKmath/CMakeFiles/SimTKmath.dir/LinearAlgebra/src/LapackInterface.cpp.o
[66/271] Building CXX object SimTKcommon/CMakeFiles/SimTKcommon.dir/SmallMatrix/src/SmallMatrix.cpp.o
[67/271] Building CXX object SimTKcommon/CMakeFiles/SimTKcommon.dir/Simulation/src/System.cpp.o
[68/271] Building CXX object SimTKmath/CMakeFiles/SimTKmath.dir/LinearAlgebra/src/Eigen.cpp.o
[69/271] Building CXX object SimTKmath/CMakeFiles/SimTKmath.dir/Integrators/src/CPodes/SimTKcpodes.cpp.o
[70/271] Building CXX object SimTKmath/CMakeFiles/SimTKmath.dir/Integrators/src/RungeKuttaFeldbergIntegrator.cpp.o
[71/271] Building CXX object SimTKmath/CMakeFiles/SimTKmath.dir/LinearAlgebra/src/FactorSVD.cpp.o
[72/271] Building CXX object SimTKmath/CMakeFiles/SimTKmath.dir/LinearAlgebra/src/Factor.cpp.o
[73/271] Building CXX object SimTKmath/CMakeFiles/SimTKmath.dir/LinearAlgebra/src/FactorLLT.cpp.o
[74/271] Building CXX object SimTKmath/CMakeFiles/SimTKmath.dir/Integrators/src/RungeKutta2Integrator.cpp.o
[75/271] Building CXX object SimTKmath/CMakeFiles/SimTKmath.dir/LinearAlgebra/src/FactorQTZ.cpp.o
[76/271] Building CXX object SimTKmath/CMakeFiles/SimTKmath.dir/Integrators/src/ExplicitEulerIntegrator.cpp.o
[77/271] Building CXX object SimTKmath/CMakeFiles/SimTKmath.dir/Integrators/src/TimeStepper.cpp.o
[78/271] Building CXX object SimTKmath/CMakeFiles/SimTKmath.dir/Integrators/src/RungeKutta3Integrator.cpp.o
[79/271] Building CXX object SimTKmath/CMakeFiles/SimTKmath.dir/Integrators/src/CPodes/nvector_SimTK.cpp.o
[80/271] Building CXX object SimTKmath/CMakeFiles/SimTKmath.dir/Optimizers/src/IpOpt/IpAdaptiveMuUpdate.cpp.o
[81/271] Building CXX object SimTKmath/CMakeFiles/SimTKmath.dir/Integrators/src/CPodesIntegrator.cpp.o
[82/271] Building CXX object SimTKmath/CMakeFiles/SimTKmath.dir/Integrators/src/RungeKuttaMersonIntegrator.cpp.o
[83/271] Building CXX object SimTKmath/CMakeFiles/SimTKmath.dir/Integrators/src/Integrator.cpp.o
[84/271] Building CXX object SimTKmath/CMakeFiles/SimTKmath.dir/Integrators/src/AbstractIntegratorRep.cpp.o
[85/271] Building CXX object SimTKmath/CMakeFiles/SimTKmath.dir/Optimizers/src/IpOpt/IpAlgorithmRegOp.cpp.o
[86/271] Building CXX object SimTKcommon/CMakeFiles/SimTKcommon.dir/Simulation/src/Measure.cpp.o
[87/271] Building CXX object SimTKmath/CMakeFiles/SimTKmath.dir/Optimizers/src/IpOpt/IpBlas.cpp.o
[88/271] Building CXX object SimTKmath/CMakeFiles/SimTKmath.dir/Optimizers/src/IpOpt/IpDebug.cpp.o
[89/271] Building CXX object SimTKmath/CMakeFiles/SimTKmath.dir/Integrators/src/SemiExplicitEuler2Integrator.cpp.o
[90/271] Building CXX object SimTKmath/CMakeFiles/SimTKmath.dir/Integrators/src/VerletIntegrator.cpp.o
[91/271] Building CXX object SimTKmath/CMakeFiles/SimTKmath.dir/Optimizers/src/IpOpt/IpDenseSymMatrix.cpp.o
[92/271] Building CXX object SimTKmath/CMakeFiles/SimTKmath.dir/Optimizers/src/IpOpt/IpCompoundMatrix.cpp.o
[93/271] Building CXX object SimTKmath/CMakeFiles/SimTKmath.dir/Optimizers/src/IpOpt/IpDenseVector.cpp.o
[94/271] Building CXX object SimTKmath/CMakeFiles/SimTKmath.dir/Optimizers/src/IpOpt/IpCompoundVector.cpp.o
[95/271] Building CXX object SimTKmath/CMakeFiles/SimTKmath.dir/Optimizers/src/IpOpt/IpExactHessianUpdater.cpp.o
[96/271] Building CXX object SimTKmath/CMakeFiles/SimTKmath.dir/Optimizers/src/IpOpt/IpDenseGenMatrix.cpp.o
[97/271] Building CXX object SimTKmath/CMakeFiles/SimTKmath.dir/Optimizers/src/IpOpt/IpAlgBuilder.cpp.o
[98/271] Building CXX object SimTKmath/CMakeFiles/SimTKmath.dir/Optimizers/src/IpOpt/IpDiagMatrix.cpp.o
[99/271] Building CXX object SimTKmath/CMakeFiles/SimTKmath.dir/Integrators/src/SemiExplicitEulerIntegrator.cpp.o
[100/271] Building CXX object SimTKmath/CMakeFiles/SimTKmath.dir/Optimizers/src/IpOpt/IpIdentityMatrix.cpp.o
[101/271] Building CXX object SimTKmath/CMakeFiles/SimTKmath.dir/Optimizers/src/IpOpt/IpCompoundSymMatrix.cpp.o
[102/271] Building CXX object SimTKmath/CMakeFiles/SimTKmath.dir/Optimizers/src/IpOpt/IpAugRestoSystemSolver.cpp.o
[103/271] Building CXX object SimTKmath/CMakeFiles/SimTKmath.dir/Optimizers/src/IpOpt/IpGradientScaling.cpp.o
[104/271] Building CXX object SimTKmath/CMakeFiles/SimTKmath.dir/Optimizers/src/IpOpt/IpExpansionMatrix.cpp.o
[105/271] Building CXX object SimTKmath/CMakeFiles/SimTKmath.dir/Optimizers/src/IpOpt/IpFilter.cpp.o
[106/271] Building CXX object SimTKmath/CMakeFiles/SimTKmath.dir/Optimizers/src/IpOpt/IpGenTMatrix.cpp.o
[107/271] Building CXX object SimTKmath/CMakeFiles/SimTKmath.dir/Optimizers/src/IpOpt/IpDefaultIterateInitializer.cpp.o
[108/271] Building CXX object SimTKmath/CMakeFiles/SimTKmath.dir/Optimizers/src/IpOpt/IpInterfacesRegOp.cpp.o
[109/271] Building CXX object SimTKmath/CMakeFiles/SimTKmath.dir/Optimizers/src/IpOpt/IpBacktrackingLineSearch.cpp.o
[110/271] Building CXX object SimTKmath/CMakeFiles/SimTKmath.dir/Optimizers/src/IpOpt/IpLapack.cpp.o
[111/271] Building CXX object SimTKmath/CMakeFiles/SimTKmath.dir/Optimizers/src/IpOpt/IpIteratesVector.cpp.o
[112/271] Building CXX object SimTKmath/CMakeFiles/SimTKmath.dir/Optimizers/src/IpOpt/IpJournalist.cpp.o
[113/271] Building CXX object SimTKmath/CMakeFiles/SimTKmath.dir/Optimizers/src/IpOpt/IpIpoptData.cpp.o
[114/271] Building CXX object SimTKmath/CMakeFiles/SimTKmath.dir/Optimizers/src/IpOpt/IpMatrix.cpp.o
[115/271] Building CXX object SimTKmath/CMakeFiles/SimTKmath.dir/Optimizers/src/IpOpt/IpLeastSquareMults.cpp.o
[116/271] Building CXX object SimTKmath/CMakeFiles/SimTKmath.dir/Optimizers/src/IpOpt/IpLapackSolverInterface.cpp.o
[117/271] Building CXX object SimTKmath/CMakeFiles/SimTKmath.dir/Optimizers/src/IpOpt/IpFilterLSAcceptor.cpp.o
[118/271] Building CXX object SimTKmath/CMakeFiles/SimTKmath.dir/Optimizers/src/IpOpt/IpIpoptAlg.cpp.o
[119/271] Building CXX object SimTKmath/CMakeFiles/SimTKmath.dir/Optimizers/src/IpOpt/IpLowRankUpdateSymMatrix.cpp.o
[120/271] Building CXX object SimTKmath/CMakeFiles/SimTKmath.dir/Optimizers/src/IpOpt/IpLoqoMuOracle.cpp.o
[121/271] Building CXX object SimTKmath/CMakeFiles/SimTKmath.dir/Optimizers/src/IpOpt/IpMonotoneMuUpdate.cpp.o
[122/271] Building CXX object SimTKmath/CMakeFiles/SimTKmath.dir/Optimizers/src/IpOpt/IpLinearSolversRegOp.cpp.o
[123/271] Building CXX object SimTKmath/CMakeFiles/SimTKmath.dir/Optimizers/src/IpOpt/IpLowRankAugSystemSolver.cpp.o
[124/271] Building CXX object SimTKmath/CMakeFiles/SimTKmath.dir/Optimizers/src/IpOpt/IpObserver.cpp.o
[125/271] Building CXX object SimTKmath/CMakeFiles/SimTKmath.dir/Optimizers/src/IpOpt/IpOptErrorConvCheck.cpp.o
[126/271] Building CXX object SimTKmath/CMakeFiles/SimTKmath.dir/Optimizers/src/IpOpt/IpIpoptApplication.cpp.o
[127/271] Building CXX object SimTKmath/CMakeFiles/SimTKmath.dir/Optimizers/src/IpOpt/IpPDPerturbationHandler.cpp.o
[128/271] Building CXX object SimTKmath/CMakeFiles/SimTKmath.dir/Optimizers/src/IpOpt/IpOrigIterationOutput.cpp.o
[129/271] Building CXX object SimTKmath/CMakeFiles/SimTKmath.dir/Optimizers/src/IpOpt/IpMultiVectorMatrix.cpp.o
[130/271] Building CXX object SimTKmath/CMakeFiles/SimTKmath.dir/Optimizers/src/IpOpt/IpProbingMuOracle.cpp.o
[131/271] Building CXX object SimTKmath/CMakeFiles/SimTKmath.dir/Optimizers/src/IpOpt/IpNLPScaling.cpp.o
[132/271] Building CXX object SimTKmath/CMakeFiles/SimTKmath.dir/Optimizers/src/IpOpt/IpRestoIterateInitializer.cpp.o
[133/271] Building CXX object SimTKmath/CMakeFiles/SimTKmath.dir/Optimizers/src/IpOpt/IpSolveStatistics.cpp.o
[134/271] Building CXX object SimTKmath/CMakeFiles/SimTKmath.dir/Optimizers/src/IpOpt/IpLimMemQuasiNewtonUpdater.cpp.o
[135/271] Building CXX object SimTKmath/CMakeFiles/SimTKmath.dir/Optimizers/src/IpOpt/IpSymMatrix.cpp.o
[136/271] Building CXX object SimTKmath/CMakeFiles/SimTKmath.dir/Optimizers/src/IpOpt/IpStdCInterface.cpp.o
[137/271] Building CXX object SimTKmath/CMakeFiles/SimTKmath.dir/Optimizers/src/IpOpt/IpPDFullSpaceSolver.cpp.o
[138/271] Building CXX object SimTKmath/CMakeFiles/SimTKmath.dir/Optimizers/src/IpOpt/IpRestoIterationOutput.cpp.o
[139/271] Building CXX object SimTKmath/CMakeFiles/SimTKmath.dir/Optimizers/src/IpOpt/IpStdInterfaceTNLP.cpp.o
[140/271] Building CXX object SimTKmath/CMakeFiles/SimTKmath.dir/Optimizers/src/IpOpt/IpSumMatrix.cpp.o
[141/271] Building CXX object SimTKmath/CMakeFiles/SimTKmath.dir/Optimizers/src/IpOpt/IpOptionsList.cpp.o
[142/271] Building CXX object SimTKmath/CMakeFiles/SimTKmath.dir/Optimizers/src/IpOpt/IpScaledMatrix.cpp.o
[143/271] Building CXX object SimTKmath/CMakeFiles/SimTKmath.dir/Optimizers/src/IpOpt/IpOrigIpoptNLP.cpp.o
[144/271] Building CXX object SimTKmath/CMakeFiles/SimTKmath.dir/Optimizers/src/IpOpt/IpRestoFilterConvCheck.cpp.o
[145/271] Building CXX object SimTKmath/CMakeFiles/SimTKmath.dir/Optimizers/src/IpOpt/IpSymScaledMatrix.cpp.o
[146/271] Building CXX object SimTKmath/CMakeFiles/SimTKmath.dir/Optimizers/src/IpOpt/IpSumSymMatrix.cpp.o
[147/271] Building CXX object SimTKmath/CMakeFiles/SimTKmath.dir/Optimizers/src/IpOpt/IpStdAugSystemSolver.cpp.o
[148/271] Building CXX object SimTKmath/CMakeFiles/SimTKmath.dir/Optimizers/src/IpOpt/IpSymTMatrix.cpp.o
[149/271] Building CXX object SimTKmath/CMakeFiles/SimTKmath.dir/Optimizers/src/IpOpt/IpRestoIpoptNLP.cpp.o
[150/271] Building CXX object SimTKmath/CMakeFiles/SimTKmath.dir/Optimizers/src/IpOpt/IpRestoRestoPhase.cpp.o
[151/271] Building CXX object SimTKmath/CMakeFiles/SimTKmath.dir/Optimizers/src/IpOpt/IpRegOptions.cpp.o
[152/271] Building CXX object SimTKmath/CMakeFiles/SimTKmath.dir/Optimizers/src/IpOpt/IpQualityFunctionMuOracle.cpp.o
[153/271] Building CXX object SimTKmath/CMakeFiles/SimTKmath.dir/Optimizers/src/IpOpt/IpIpoptCalculatedQuantities.cpp.o
[154/271] Building CXX object SimTKmath/CMakeFiles/SimTKmath.dir/Optimizers/src/IpOpt/IpTimingStatistics.cpp.o
[155/271] Building CXX object SimTKmath/CMakeFiles/SimTKmath.dir/Optimizers/src/IpOpt/IpUtils.cpp.o
[156/271] Building CXX object SimTKmath/CMakeFiles/SimTKmath.dir/Optimizers/src/IpOpt/IpRestoMinC_1Nrm.cpp.o
[157/271] Building CXX object SimTKmath/CMakeFiles/SimTKmath.dir/Optimizers/src/IpOpt/IpTripletToCSRConverter.cpp.o
[158/271] Building CXX object SimTKmath/CMakeFiles/SimTKmath.dir/Optimizers/src/IpOpt/IpTaggedObject.cpp.o
[159/271] Building CXX object SimTKmath/CMakeFiles/SimTKmath.dir/Optimizers/src/IpOpt/IpVector.cpp.o
[160/271] Building CXX object SimTKmath/CMakeFiles/SimTKmath.dir/Optimizers/src/IpOpt/IpZeroMatrix.cpp.o
[161/271] Building CXX object SimTKmath/CMakeFiles/SimTKmath.dir/Optimizers/src/IpOpt/IpTripletHelper.cpp.o
[162/271] Building CXX object SimTKmath/CMakeFiles/SimTKmath.dir/Optimizers/src/IpOpt/IpTSymLinearSolver.cpp.o
[163/271] Building C object SimTKmath/CMakeFiles/SimTKmath.dir/Optimizers/src/c-cmaes/cmaes.c.o
[164/271] Building CXX object SimTKmath/CMakeFiles/SimTKmath.dir/Optimizers/src/IpOpt/IpTripletToDenseConverter.cpp.o
[165/271] Building CXX object SimTKmath/CMakeFiles/SimTKmath.dir/Optimizers/src/IpOpt/IpTNLPAdapter.cpp.o
[166/271] Building CXX object SimTKmath/CMakeFiles/SimTKmath.dir/Optimizers/src/IpOpt/IpUserScaling.cpp.o
[167/271] Building CXX object SimTKmath/CMakeFiles/SimTKmath.dir/Optimizers/src/IpOpt/IpWarmStartIterateInitializer.cpp.o
[168/271] Building CXX object SimTKmath/CMakeFiles/SimTKmath.dir/Optimizers/src/LBFGSBOptimizer.cpp.o
[169/271] Building CXX object SimTKmath/CMakeFiles/SimTKmath.dir/Optimizers/src/LBFGSOptimizer.cpp.o
[170/271] Building CXX object SimTKmath/CMakeFiles/SimTKmath.dir/Optimizers/src/Optimizer.cpp.o
[171/271] Building CXX object SimTKmath/CMakeFiles/SimTKmath.dir/Geometry/src/Contact.cpp.o
[172/271] Building CXX object SimTKmath/CMakeFiles/SimTKmath.dir/Optimizers/src/InteriorPointOptimizer.cpp.o
[173/271] Building CXX object SimTKmath/CMakeFiles/SimTKmath.dir/Optimizers/src/CFSQPOptimizer.cpp.o
[174/271] Building CXX object SimTKmath/CMakeFiles/SimTKmath.dir/Optimizers/src/lbfgsb.cpp.o
[175/271] Building CXX object SimTKmath/CMakeFiles/SimTKmath.dir/Optimizers/src/CMAESOptimizer.cpp.o
[176/271] Building CXX object SimTKmath/CMakeFiles/SimTKmath.dir/Geometry/src/ContactGeometry_Brick.cpp.o
[177/271] Building CXX object SimTKmath/CMakeFiles/SimTKmath.dir/Optimizers/src/lbfgs.cpp.o
[178/271] Building CXX object SimTKmath/CMakeFiles/SimTKmath.dir/Geometry/src/GCVSPLUtil.cpp.o
[179/271] Building CXX object SimTKmath/CMakeFiles/SimTKmath.dir/Optimizers/src/OptimizerRep.cpp.o
[180/271] Building CXX object SimTKmath/CMakeFiles/SimTKmath.dir/Geometry/src/ContactGeometry_Cylinder.cpp.o
[181/271] Building CXX object SimTKmath/CMakeFiles/SimTKmath.dir/Geometry/src/ContactGeometry_HalfSpace.cpp.o
[182/271] Building CXX object SimTKmath/CMakeFiles/SimTKmath.dir/Geometry/src/ContactGeometry_Torus.cpp.o
[183/271] Building CXX object SimTKmath/CMakeFiles/SimTKmath.dir/Geometry/src/BicubicSurface.cpp.o
[184/271] Building CXX object SimTKmath/CMakeFiles/SimTKmath.dir/Geometry/src/CollisionDetectionAlgorithm.cpp.o
[185/271] Building CXX object SimTKmath/CMakeFiles/SimTKmath.dir/Geometry/src/ContactGeometry_Sphere.cpp.o
[186/271] Building CXX object SimTKmath/CMakeFiles/SimTKmath.dir/Geometry/src/Geo_Box.cpp.o
[187/271] Building CXX object SimTKmath/CMakeFiles/SimTKmath.dir/Geometry/src/ContactGeometry_Ellipsoid.cpp.o
[188/271] Building CXX object SimTKmath/CMakeFiles/SimTKmath.dir/Geometry/src/Geo_Sphere.cpp.o
[189/271] Building CXX object SimTKmath/CMakeFiles/SimTKmath.dir/Geometry/src/ContactGeometry_SmoothHeightMap.cpp.o
[190/271] Building CXX object SimTKmath/CMakeFiles/SimTKmath.dir/Geometry/src/ContactGeometry_TriangleMesh.cpp.o
[191/271] Building CXX object SimTKmath/CMakeFiles/SimTKmath.dir/Geometry/src/OBBTree.cpp.o
[192/271] Building CXX object SimTKmath/CMakeFiles/SimTKmath.dir/src/About.cpp.o
[193/271] Building CXX object SimTKmath/CMakeFiles/SimTKmath.dir/Geometry/src/ContactTracker.cpp.o
[194/271] Building CXX object Simbody/CMakeFiles/SimTKsimbody.dir/src/About.cpp.o
[195/271] Building CXX object SimTKmath/CMakeFiles/SimTKmath.dir/Geometry/src/OrientedBoundingBox.cpp.o
[196/271] Building CXX object SimTKmath/CMakeFiles/SimTKmath.dir/src/Differentiator.cpp.o
[197/271] Building CXX object SimTKmath/CMakeFiles/SimTKmath.dir/Geometry/src/ContactGeometry.cpp.o
[198/271] Building CXX object SimTKmath/CMakeFiles/SimTKmath.dir/Geometry/src/Geodesic.cpp.o
[199/271] Building CXX object SimTKmath/CMakeFiles/SimTKmath.dir/Geometry/src/gcvspl.cpp.o
[200/271] Building CXX object Simbody/CMakeFiles/SimTKsimbody.dir/src/Body.cpp.o
[201/271] Building CXX object SimTKmath/CMakeFiles/SimTKmath.dir/Geometry/src/Geo_Point.cpp.o
[202/271] Building CXX object Simbody/CMakeFiles/SimTKsimbody.dir/src/AssemblyCondition_Markers.cpp.o
[203/271] Building CXX object Simbody/CMakeFiles/SimTKsimbody.dir/src/Assembler.cpp.o
[204/271] Building CXX object SimTKmath/CMakeFiles/SimTKmath.dir/Geometry/src/Geo.cpp.o
[205/271] Building CXX object SimTKmath/CMakeFiles/SimTKmath.dir/src/MultibodyGraphMaker.cpp.o
[206/271] Building CXX object Simbody/CMakeFiles/SimTKsimbody.dir/src/CableTrackerSubsystem.cpp.o
[207/271] Building CXX object Simbody/CMakeFiles/SimTKsimbody.dir/src/CableSpring.cpp.o
[208/271] Building CXX object Simbody/CMakeFiles/SimTKsimbody.dir/src/DecorationSubsystem.cpp.o
[209/271] Building CXX object Simbody/CMakeFiles/SimTKsimbody.dir/src/CableSpan_SubsystemTestHelper_Impl.cpp.o
[210/271] Building CXX object Simbody/CMakeFiles/SimTKsimbody.dir/src/ConditionalConstraint.cpp.o
[211/271] Building CXX object Simbody/CMakeFiles/SimTKsimbody.dir/src/AssemblyCondition_OrientationSensors.cpp.o
[212/271] Building CXX object Simbody/CMakeFiles/SimTKsimbody.dir/src/ForceSubsystem.cpp.o
[213/271] Building CXX object Simbody/CMakeFiles/SimTKsimbody.dir/src/CompliantContactSubsystem.cpp.o
[214/271] Building CXX object Simbody/CMakeFiles/SimTKsimbody.dir/src/Constraint_SphereOnPlaneContact.cpp.o
[215/271] Building CXX object Simbody/CMakeFiles/SimTKsimbody.dir/src/Constraint_Rod.cpp.o
[216/271] Building CXX object Simbody/CMakeFiles/SimTKsimbody.dir/src/ContactTrackerSubsystem.cpp.o
[217/271] Building CXX object Simbody/CMakeFiles/SimTKsimbody.dir/src/Constraint_SphereOnSphereContact.cpp.o
[218/271] Building CXX object SimTKcommon/CMakeFiles/SimTKcommon.dir/BigMatrix/src/MatrixHelper.cpp.o
[219/271] Building CXX object Simbody/CMakeFiles/SimTKsimbody.dir/src/OBSOLETE_LengthConstraints.cpp.o
[220/271] Building CXX object Simbody/CMakeFiles/SimTKsimbody.dir/src/ElasticFoundationForce.cpp.o
[221/271] Building CXX object Simbody/CMakeFiles/SimTKsimbody.dir/src/ExponentialSpringParameters.cpp.o
[222/271] Building CXX object Simbody/CMakeFiles/SimTKsimbody.dir/src/Constraint_PointOnPlaneContact.cpp.o
[223/271] Building CXX object Simbody/CMakeFiles/SimTKsimbody.dir/src/Force_Instantiations.cpp.o
[224/271] Linking CXX shared library libSimTKcommon.so.3.9
[225/271] Creating library symlink libSimTKcommon.so
[226/271] Building CXX object Simbody/CMakeFiles/SimTKsimbody.dir/src/ExponentialSpringForce.cpp.o
[227/271] Building CXX object Simbody/CMakeFiles/SimTKsimbody.dir/src/Constraint_LineOnLineContact.cpp.o
[228/271] Building CXX object Simbody/CMakeFiles/SimTKsimbody.dir/src/CablePath.cpp.o
[229/271] Building CXX object Simbody/CMakeFiles/SimTKsimbody.dir/src/Force.cpp.o
[230/271] Building CXX object Simbody/CMakeFiles/SimTKsimbody.dir/src/ImpulseSolver.cpp.o
[231/271] Building CXX object Simbody/CMakeFiles/SimTKsimbody.dir/src/GeneralContactSubsystem.cpp.o
[232/271] Building CXX object Simbody/CMakeFiles/SimTKsimbody.dir/src/CableSpan.cpp.o
[233/271] Building CXX object Simbody/CMakeFiles/SimTKsimbody.dir/src/Force_Gravity.cpp.o
[234/271] Building CXX object Simbody/CMakeFiles/SimTKsimbody.dir/src/Force_Thermostat.cpp.o
[235/271] Building CXX object Simbody/CMakeFiles/SimTKsimbody.dir/src/HuntCrossleyContact.cpp.o
[236/271] Building CXX object Simbody/CMakeFiles/SimTKsimbody.dir/src/Force_LinearBushing.cpp.o
[237/271] Building CXX object Simbody/CMakeFiles/SimTKsimbody.dir/src/LocalEnergyMinimizer.cpp.o
[238/271] Building CXX object Simbody/CMakeFiles/SimTKsimbody.dir/src/HuntCrossleyForce.cpp.o
[239/271] Building CXX object Simbody/CMakeFiles/SimTKsimbody.dir/src/PGSImpulseSolver.cpp.o
[240/271] Building CXX object Simbody/CMakeFiles/SimTKsimbody.dir/src/PLUSImpulseSolver.cpp.o
[241/271] Building CXX object Simbody/CMakeFiles/SimTKsimbody.dir/src/Constraint.cpp.o
[242/271] Building CXX object Simbody/CMakeFiles/SimTKsimbody.dir/src/GeneralForceSubsystem.cpp.o
[243/271] Building CXX object Simbody/CMakeFiles/SimTKsimbody.dir/src/ObservedPointFitter.cpp.o
[244/271] Building CXX object Simbody/CMakeFiles/SimTKsimbody.dir/src/MultibodySystem.cpp.o
[245/271] Building CXX object Simbody/CMakeFiles/SimTKsimbody.dir/src/RigidBodyNode.cpp.o
[246/271] Building CXX object Simbody/CMakeFiles/SimTKsimbody.dir/src/TextDataEventReporter.cpp.o
[247/271] Building CXX object Simbody/CMakeFiles/SimTKsimbody.dir/src/Motion.cpp.o
[248/271] Building CXX object Simbody/CMakeFiles/SimTKsimbody.dir/Visualizer/src/Visualizer_InputListener.cpp.o
[249/271] Building CXX object Simbody/Visualizer/simbody-visualizer/CMakeFiles/simbody-visualizer.dir/lodepng.cpp.o
[250/271] Building CXX object Simbody/CMakeFiles/SimTKsimbody.dir/src/SmoothSphereHalfSpaceForce.cpp.o
[251/271] Building CXX object Simbody/CMakeFiles/SimTKsimbody.dir/src/RigidBodyNode_Weld.cpp.o
[252/271] Building CXX object Simbody/CMakeFiles/SimTKsimbody.dir/Visualizer/src/VisualizerGeometry.cpp.o
[253/271] Building CXX object Simbody/CMakeFiles/SimTKsimbody.dir/Visualizer/src/Visualizer_Reporter.cpp.o
[254/271] Building CXX object Simbody/CMakeFiles/SimTKsimbody.dir/Visualizer/src/VisualizerProtocol.cpp.o
[255/271] Building CXX object Simbody/CMakeFiles/SimTKsimbody.dir/Visualizer/src/Visualizer.cpp.o
[256/271] Building CXX object Simbody/CMakeFiles/SimTKsimbody.dir/src/SemiExplicitEulerTimeStepper.cpp.o
[257/271] Building CXX object Simbody/CMakeFiles/SimTKsimbody.dir/src/RigidBodyNode_LoneParticle.cpp.o
[258/271] Building CXX object Simbody/CMakeFiles/SimTKsimbody.dir/src/SimbodyMatterSubtree.cpp.o
[259/271] Building CXX object Simbody/CMakeFiles/SimTKsimbody.dir/src/Matter_Instantiations.cpp.o
[260/271] Building CXX object Simbody/CMakeFiles/SimTKsimbody.dir/src/SimbodyMatterSubsystem.cpp.o
[261/271] Building CXX object Simbody/CMakeFiles/SimTKsimbody.dir/src/MobilizedBody.cpp.o
[262/271] Building CXX object Simbody/Visualizer/simbody-visualizer/CMakeFiles/simbody-visualizer.dir/simbody-visualizer.cpp.o
[263/271] Building CXX object Simbody/CMakeFiles/SimTKsimbody.dir/src/SimbodyMatterSubsystemRep.cpp.o
[264/271] Building CXX object Simbody/CMakeFiles/SimTKsimbody.dir/src/RigidBodyNodeSpec_Derived.cpp.o
[265/271] Building CXX object Simbody/CMakeFiles/SimTKsimbody.dir/src/RigidBodyNodeSpec.cpp.o
[266/271] Building CXX object SimTKmath/CMakeFiles/SimTKmath.dir/Geometry/src/Geo_Triangle.cpp.o
[267/271] Linking CXX shared library libSimTKmath.so.3.9
[268/271] Creating library symlink libSimTKmath.so
[269/271] Linking CXX shared library libSimTKsimbody.so.3.9
[270/271] Creating library symlink libSimTKsimbody.so
[271/271] Linking CXX executable simbody-visualizer
[31/32] Performing install step for 'simbody'
[0/1] Install the project...
-- Install configuration: "Release"
-- Installing: /opt/opensim-dependencies/simbody/share/doc/simbody/api
-- Installing: /opt/opensim-dependencies/simbody/share/doc/simbody/SimbodyAPI.html
-- Installing: /opt/opensim-dependencies/simbody/include/simbody/SimTKcommon.h
-- Installing: /opt/opensim-dependencies/simbody/include/simbody/SimTKlapack.h
-- Installing: /opt/opensim-dependencies/simbody/include/simbody/SimTKcommon/Mechanics.h
-- Installing: /opt/opensim-dependencies/simbody/include/simbody/SimTKcommon/Orientation.h
-- Installing: /opt/opensim-dependencies/simbody/include/simbody/SimTKcommon/Scalar.h
-- Installing: /opt/opensim-dependencies/simbody/include/simbody/SimTKcommon/SmallMatrix.h
-- Installing: /opt/opensim-dependencies/simbody/include/simbody/SimTKcommon/Constants.h
-- Installing: /opt/opensim-dependencies/simbody/include/simbody/SimTKcommon/Simmatrix.h
-- Installing: /opt/opensim-dependencies/simbody/include/simbody/SimTKcommon/TemplatizedLapack.h
-- Installing: /opt/opensim-dependencies/simbody/include/simbody/SimTKcommon/Testing.h
-- Installing: /opt/opensim-dependencies/simbody/include/simbody/SimTKcommon/basics.h
-- Installing: /opt/opensim-dependencies/simbody/include/simbody/SimTKcommon/internal/BigMatrix.h
-- Installing: /opt/opensim-dependencies/simbody/include/simbody/SimTKcommon/internal/MatrixBase.h
-- Installing: /opt/opensim-dependencies/simbody/include/simbody/SimTKcommon/internal/MatrixCharacteristics.h
-- Installing: /opt/opensim-dependencies/simbody/include/simbody/SimTKcommon/internal/MatrixHelper.h
-- Installing: /opt/opensim-dependencies/simbody/include/simbody/SimTKcommon/internal/MatrixView_.h
-- Installing: /opt/opensim-dependencies/simbody/include/simbody/SimTKcommon/internal/Matrix_.h
-- Installing: /opt/opensim-dependencies/simbody/include/simbody/SimTKcommon/internal/RowVectorBase.h
-- Installing: /opt/opensim-dependencies/simbody/include/simbody/SimTKcommon/internal/RowVectorView_.h
-- Installing: /opt/opensim-dependencies/simbody/include/simbody/SimTKcommon/internal/RowVector_.h
-- Installing: /opt/opensim-dependencies/simbody/include/simbody/SimTKcommon/internal/VectorBase.h
-- Installing: /opt/opensim-dependencies/simbody/include/simbody/SimTKcommon/internal/VectorIterator.h
-- Installing: /opt/opensim-dependencies/simbody/include/simbody/SimTKcommon/internal/VectorView_.h
-- Installing: /opt/opensim-dependencies/simbody/include/simbody/SimTKcommon/internal/Vector_.h
-- Installing: /opt/opensim-dependencies/simbody/include/simbody/SimTKcommon/internal/DecorationGenerator.h
-- Installing: /opt/opensim-dependencies/simbody/include/simbody/SimTKcommon/internal/DecorativeGeometry.h
-- Installing: /opt/opensim-dependencies/simbody/include/simbody/SimTKcommon/internal/PolygonalMesh.h
-- Installing: /opt/opensim-dependencies/simbody/include/simbody/SimTKcommon/internal/CoordinateAxis.h
-- Installing: /opt/opensim-dependencies/simbody/include/simbody/SimTKcommon/internal/MassProperties.h
-- Installing: /opt/opensim-dependencies/simbody/include/simbody/SimTKcommon/internal/Quaternion.h
-- Installing: /opt/opensim-dependencies/simbody/include/simbody/SimTKcommon/internal/Rotation.h
-- Installing: /opt/opensim-dependencies/simbody/include/simbody/SimTKcommon/internal/SpatialAlgebra.h
-- Installing: /opt/opensim-dependencies/simbody/include/simbody/SimTKcommon/internal/Transform.h
-- Installing: /opt/opensim-dependencies/simbody/include/simbody/SimTKcommon/internal/UnitVec.h
-- Installing: /opt/opensim-dependencies/simbody/include/simbody/SimTKcommon/internal/PolynomialRootFinder.h
-- Installing: /opt/opensim-dependencies/simbody/include/simbody/SimTKcommon/internal/Random.h
-- Installing: /opt/opensim-dependencies/simbody/include/simbody/SimTKcommon/internal/CompositeNumericalTypes.h
-- Installing: /opt/opensim-dependencies/simbody/include/simbody/SimTKcommon/internal/NTraits.h
-- Installing: /opt/opensim-dependencies/simbody/include/simbody/SimTKcommon/internal/conjugate.h
-- Installing: /opt/opensim-dependencies/simbody/include/simbody/SimTKcommon/internal/negator.h
-- Installing: /opt/opensim-dependencies/simbody/include/simbody/SimTKcommon/internal/Event.h
-- Installing: /opt/opensim-dependencies/simbody/include/simbody/SimTKcommon/internal/EventHandler.h
-- Installing: /opt/opensim-dependencies/simbody/include/simbody/SimTKcommon/internal/EventReporter.h
-- Installing: /opt/opensim-dependencies/simbody/include/simbody/SimTKcommon/internal/Measure.h
-- Installing: /opt/opensim-dependencies/simbody/include/simbody/SimTKcommon/internal/MeasureImplementation.h
-- Installing: /opt/opensim-dependencies/simbody/include/simbody/SimTKcommon/internal/Stage.h
-- Installing: /opt/opensim-dependencies/simbody/include/simbody/SimTKcommon/internal/State.h
-- Installing: /opt/opensim-dependencies/simbody/include/simbody/SimTKcommon/internal/StateImpl.h
-- Installing: /opt/opensim-dependencies/simbody/include/simbody/SimTKcommon/internal/Study.h
-- Installing: /opt/opensim-dependencies/simbody/include/simbody/SimTKcommon/internal/StudyGuts.h
-- Installing: /opt/opensim-dependencies/simbody/include/simbody/SimTKcommon/internal/Subsystem.h
-- Installing: /opt/opensim-dependencies/simbody/include/simbody/SimTKcommon/internal/SubsystemGuts.h
-- Installing: /opt/opensim-dependencies/simbody/include/simbody/SimTKcommon/internal/System.h
-- Installing: /opt/opensim-dependencies/simbody/include/simbody/SimTKcommon/internal/SystemGuts.h
-- Installing: /opt/opensim-dependencies/simbody/include/simbody/SimTKcommon/internal/Mat.h
-- Installing: /opt/opensim-dependencies/simbody/include/simbody/SimTKcommon/internal/ResultType.h
-- Installing: /opt/opensim-dependencies/simbody/include/simbody/SimTKcommon/internal/Row.h
-- Installing: /opt/opensim-dependencies/simbody/include/simbody/SimTKcommon/internal/SmallDefsThatNeedBig.h
-- Installing: /opt/opensim-dependencies/simbody/include/simbody/SimTKcommon/internal/SmallMatrixMixed.h
-- Installing: /opt/opensim-dependencies/simbody/include/simbody/SimTKcommon/internal/SymMat.h
-- Installing: /opt/opensim-dependencies/simbody/include/simbody/SimTKcommon/internal/Vec.h
-- Installing: /opt/opensim-dependencies/simbody/include/simbody/SimTKcommon/internal/Array.h
-- Installing: /opt/opensim-dependencies/simbody/include/simbody/SimTKcommon/internal/CloneOnWritePtr.h
-- Installing: /opt/opensim-dependencies/simbody/include/simbody/SimTKcommon/internal/ClonePtr.h
-- Installing: /opt/opensim-dependencies/simbody/include/simbody/SimTKcommon/internal/Exception.h
-- Installing: /opt/opensim-dependencies/simbody/include/simbody/SimTKcommon/internal/ExceptionMacros.h
-- Installing: /opt/opensim-dependencies/simbody/include/simbody/SimTKcommon/internal/Fortran.h
-- Installing: /opt/opensim-dependencies/simbody/include/simbody/SimTKcommon/internal/Function.h
-- Installing: /opt/opensim-dependencies/simbody/include/simbody/SimTKcommon/internal/IteratorRange.h
-- Installing: /opt/opensim-dependencies/simbody/include/simbody/SimTKcommon/internal/Parallel2DExecutor.h
-- Installing: /opt/opensim-dependencies/simbody/include/simbody/SimTKcommon/internal/ParallelExecutor.h
-- Installing: /opt/opensim-dependencies/simbody/include/simbody/SimTKcommon/internal/ParallelWorkQueue.h
-- Installing: /opt/opensim-dependencies/simbody/include/simbody/SimTKcommon/internal/Pathname.h
-- Installing: /opt/opensim-dependencies/simbody/include/simbody/SimTKcommon/internal/Plugin.h
-- Installing: /opt/opensim-dependencies/simbody/include/simbody/SimTKcommon/internal/PrivateImplementation.h
-- Installing: /opt/opensim-dependencies/simbody/include/simbody/SimTKcommon/internal/PrivateImplementation_Defs.h
-- Installing: /opt/opensim-dependencies/simbody/include/simbody/SimTKcommon/internal/ReferencePtr.h
-- Installing: /opt/opensim-dependencies/simbody/include/simbody/SimTKcommon/internal/ReinitOnCopy.h
-- Installing: /opt/opensim-dependencies/simbody/include/simbody/SimTKcommon/internal/ResetOnCopy.h
-- Installing: /opt/opensim-dependencies/simbody/include/simbody/SimTKcommon/internal/Serialize.h
-- Installing: /opt/opensim-dependencies/simbody/include/simbody/SimTKcommon/internal/StableArray.h
-- Installing: /opt/opensim-dependencies/simbody/include/simbody/SimTKcommon/internal/String.h
-- Installing: /opt/opensim-dependencies/simbody/include/simbody/SimTKcommon/internal/Timing.h
-- Installing: /opt/opensim-dependencies/simbody/include/simbody/SimTKcommon/internal/Value.h
-- Installing: /opt/opensim-dependencies/simbody/include/simbody/SimTKcommon/internal/VectorMath.h
-- Installing: /opt/opensim-dependencies/simbody/include/simbody/SimTKcommon/internal/Xml.h
-- Installing: /opt/opensim-dependencies/simbody/include/simbody/SimTKcommon/internal/common.h
-- Installing: /opt/opensim-dependencies/simbody/share/doc/simbody/Simmatrix.pdf
-- Installing: /opt/opensim-dependencies/simbody/lib/libSimTKcommon.so.3.9
-- Installing: /opt/opensim-dependencies/simbody/lib/libSimTKcommon.so
-- Installing: /opt/opensim-dependencies/simbody/include/simbody/SimTKmath.h
-- Installing: /opt/opensim-dependencies/simbody/include/simbody/simmath/CPodesIntegrator.h
-- Installing: /opt/opensim-dependencies/simbody/include/simbody/simmath/ExplicitEulerIntegrator.h
-- Installing: /opt/opensim-dependencies/simbody/include/simbody/simmath/Integrator.h
-- Installing: /opt/opensim-dependencies/simbody/include/simbody/simmath/RungeKutta2Integrator.h
-- Installing: /opt/opensim-dependencies/simbody/include/simbody/simmath/RungeKutta3Integrator.h
-- Installing: /opt/opensim-dependencies/simbody/include/simbody/simmath/RungeKuttaFeldbergIntegrator.h
-- Installing: /opt/opensim-dependencies/simbody/include/simbody/simmath/RungeKuttaMersonIntegrator.h
-- Installing: /opt/opensim-dependencies/simbody/include/simbody/simmath/SemiExplicitEuler2Integrator.h
-- Installing: /opt/opensim-dependencies/simbody/include/simbody/simmath/SemiExplicitEulerIntegrator.h
-- Installing: /opt/opensim-dependencies/simbody/include/simbody/simmath/TimeStepper.h
-- Installing: /opt/opensim-dependencies/simbody/include/simbody/simmath/VerletIntegrator.h
-- Installing: /opt/opensim-dependencies/simbody/include/simbody/simmath/Differentiator.h
-- Installing: /opt/opensim-dependencies/simbody/include/simbody/simmath/LinearAlgebra.h
-- Installing: /opt/opensim-dependencies/simbody/include/simbody/simmath/MultibodyGraphMaker.h
-- Installing: /opt/opensim-dependencies/simbody/include/simbody/simmath/Optimizer.h
-- Installing: /opt/opensim-dependencies/simbody/include/simbody/simmath/internal/BicubicSurface.h
-- Installing: /opt/opensim-dependencies/simbody/include/simbody/simmath/internal/CollisionDetectionAlgorithm.h
-- Installing: /opt/opensim-dependencies/simbody/include/simbody/simmath/internal/Contact.h
-- Installing: /opt/opensim-dependencies/simbody/include/simbody/simmath/internal/ContactGeometry.h
-- Installing: /opt/opensim-dependencies/simbody/include/simbody/simmath/internal/ContactTracker.h
-- Installing: /opt/opensim-dependencies/simbody/include/simbody/simmath/internal/GCVSPLUtil.h
-- Installing: /opt/opensim-dependencies/simbody/include/simbody/simmath/internal/Geo.h
-- Installing: /opt/opensim-dependencies/simbody/include/simbody/simmath/internal/Geo_BicubicBezierPatch.h
-- Installing: /opt/opensim-dependencies/simbody/include/simbody/simmath/internal/Geo_BicubicHermitePatch.h
-- Installing: /opt/opensim-dependencies/simbody/include/simbody/simmath/internal/Geo_Box.h
-- Installing: /opt/opensim-dependencies/simbody/include/simbody/simmath/internal/Geo_CubicBezierCurve.h
-- Installing: /opt/opensim-dependencies/simbody/include/simbody/simmath/internal/Geo_CubicHermiteCurve.h
-- Installing: /opt/opensim-dependencies/simbody/include/simbody/simmath/internal/Geo_LineSeg.h
-- Installing: /opt/opensim-dependencies/simbody/include/simbody/simmath/internal/Geo_Point.h
-- Installing: /opt/opensim-dependencies/simbody/include/simbody/simmath/internal/Geo_Sphere.h
-- Installing: /opt/opensim-dependencies/simbody/include/simbody/simmath/internal/Geo_Triangle.h
-- Installing: /opt/opensim-dependencies/simbody/include/simbody/simmath/internal/Geodesic.h
-- Installing: /opt/opensim-dependencies/simbody/include/simbody/simmath/internal/GeodesicIntegrator.h
-- Installing: /opt/opensim-dependencies/simbody/include/simbody/simmath/internal/OBBTree.h
-- Installing: /opt/opensim-dependencies/simbody/include/simbody/simmath/internal/OrientedBoundingBox.h
-- Installing: /opt/opensim-dependencies/simbody/include/simbody/simmath/internal/ParticleConSurfaceSystem.h
-- Installing: /opt/opensim-dependencies/simbody/include/simbody/simmath/internal/Spline.h
-- Installing: /opt/opensim-dependencies/simbody/include/simbody/simmath/internal/SplineFitter.h
-- Installing: /opt/opensim-dependencies/simbody/include/simbody/simmath/internal/SimTKcpodes.h
-- Installing: /opt/opensim-dependencies/simbody/include/simbody/simmath/internal/OptimizerRep.h
-- Installing: /opt/opensim-dependencies/simbody/include/simbody/simmath/internal/common.h
-- Installing: /opt/opensim-dependencies/simbody/share/doc/simbody/SimmathUserGuide.pdf
-- Installing: /opt/opensim-dependencies/simbody/lib/libSimTKmath.so.3.9
-- Set runtime path of "/opt/opensim-dependencies/simbody/lib/libSimTKmath.so.3.9" to ""
-- Installing: /opt/opensim-dependencies/simbody/lib/libSimTKmath.so
-- Installing: /opt/opensim-dependencies/simbody/include/simbody/SimTKsimbody.h
-- Installing: /opt/opensim-dependencies/simbody/include/simbody/SimTKsimbody_aux.h
-- Installing: /opt/opensim-dependencies/simbody/include/simbody/Simbody.h
-- Installing: /opt/opensim-dependencies/simbody/include/simbody/simbody/internal/Visualizer.h
-- Installing: /opt/opensim-dependencies/simbody/include/simbody/simbody/internal/Visualizer_InputListener.h
-- Installing: /opt/opensim-dependencies/simbody/include/simbody/simbody/internal/Visualizer_Reporter.h
-- Installing: /opt/opensim-dependencies/simbody/include/simbody/simbody/internal/Assembler.h
-- Installing: /opt/opensim-dependencies/simbody/include/simbody/simbody/internal/AssemblyCondition.h
-- Installing: /opt/opensim-dependencies/simbody/include/simbody/simbody/internal/AssemblyCondition_Markers.h
-- Installing: /opt/opensim-dependencies/simbody/include/simbody/simbody/internal/AssemblyCondition_OrientationSensors.h
-- Installing: /opt/opensim-dependencies/simbody/include/simbody/simbody/internal/AssemblyCondition_QValue.h
-- Installing: /opt/opensim-dependencies/simbody/include/simbody/simbody/internal/Body.h
-- Installing: /opt/opensim-dependencies/simbody/include/simbody/simbody/internal/CablePath.h
-- Installing: /opt/opensim-dependencies/simbody/include/simbody/simbody/internal/CableSpan.h
-- Installing: /opt/opensim-dependencies/simbody/include/simbody/simbody/internal/CableSpring.h
-- Installing: /opt/opensim-dependencies/simbody/include/simbody/simbody/internal/CableTrackerSubsystem.h
-- Installing: /opt/opensim-dependencies/simbody/include/simbody/simbody/internal/CompliantContactSubsystem.h
-- Installing: /opt/opensim-dependencies/simbody/include/simbody/simbody/internal/ConditionalConstraint.h
-- Installing: /opt/opensim-dependencies/simbody/include/simbody/simbody/internal/Constraint.h
-- Installing: /opt/opensim-dependencies/simbody/include/simbody/simbody/internal/Constraint_Ball.h
-- Installing: /opt/opensim-dependencies/simbody/include/simbody/simbody/internal/Constraint_BuiltIns.h
-- Installing: /opt/opensim-dependencies/simbody/include/simbody/simbody/internal/Constraint_LineOnLineContact.h
-- Installing: /opt/opensim-dependencies/simbody/include/simbody/simbody/internal/Constraint_PointInPlane.h
-- Installing: /opt/opensim-dependencies/simbody/include/simbody/simbody/internal/Constraint_PointOnPlaneContact.h
-- Installing: /opt/opensim-dependencies/simbody/include/simbody/simbody/internal/Constraint_Rod.h
-- Installing: /opt/opensim-dependencies/simbody/include/simbody/simbody/internal/Constraint_SphereOnPlaneContact.h
-- Installing: /opt/opensim-dependencies/simbody/include/simbody/simbody/internal/Constraint_SphereOnSphereContact.h
-- Installing: /opt/opensim-dependencies/simbody/include/simbody/simbody/internal/Constraint_Weld.h
-- Installing: /opt/opensim-dependencies/simbody/include/simbody/simbody/internal/ContactSurface.h
-- Installing: /opt/opensim-dependencies/simbody/include/simbody/simbody/internal/ContactTrackerSubsystem.h
-- Installing: /opt/opensim-dependencies/simbody/include/simbody/simbody/internal/DecorationSubsystem.h
-- Installing: /opt/opensim-dependencies/simbody/include/simbody/simbody/internal/ElasticFoundationForce.h
-- Installing: /opt/opensim-dependencies/simbody/include/simbody/simbody/internal/ExponentialSpringForce.h
-- Installing: /opt/opensim-dependencies/simbody/include/simbody/simbody/internal/ExponentialSpringParameters.h
-- Installing: /opt/opensim-dependencies/simbody/include/simbody/simbody/internal/Force.h
-- Installing: /opt/opensim-dependencies/simbody/include/simbody/simbody/internal/ForceSubsystem.h
-- Installing: /opt/opensim-dependencies/simbody/include/simbody/simbody/internal/ForceSubsystemGuts.h
-- Installing: /opt/opensim-dependencies/simbody/include/simbody/simbody/internal/Force_BuiltIns.h
-- Installing: /opt/opensim-dependencies/simbody/include/simbody/simbody/internal/Force_Custom.h
-- Installing: /opt/opensim-dependencies/simbody/include/simbody/simbody/internal/Force_DiscreteForces.h
-- Installing: /opt/opensim-dependencies/simbody/include/simbody/simbody/internal/Force_Gravity.h
-- Installing: /opt/opensim-dependencies/simbody/include/simbody/simbody/internal/Force_LinearBushing.h
-- Installing: /opt/opensim-dependencies/simbody/include/simbody/simbody/internal/Force_MobilityConstantForce.h
-- Installing: /opt/opensim-dependencies/simbody/include/simbody/simbody/internal/Force_MobilityDiscreteForce.h
-- Installing: /opt/opensim-dependencies/simbody/include/simbody/simbody/internal/Force_MobilityLinearDamper.h
-- Installing: /opt/opensim-dependencies/simbody/include/simbody/simbody/internal/Force_MobilityLinearSpring.h
-- Installing: /opt/opensim-dependencies/simbody/include/simbody/simbody/internal/Force_MobilityLinearStop.h
-- Installing: /opt/opensim-dependencies/simbody/include/simbody/simbody/internal/Force_Thermostat.h
-- Installing: /opt/opensim-dependencies/simbody/include/simbody/simbody/internal/GeneralContactSubsystem.h
-- Installing: /opt/opensim-dependencies/simbody/include/simbody/simbody/internal/GeneralForceSubsystem.h
-- Installing: /opt/opensim-dependencies/simbody/include/simbody/simbody/internal/HuntCrossleyContact.h
-- Installing: /opt/opensim-dependencies/simbody/include/simbody/simbody/internal/HuntCrossleyForce.h
-- Installing: /opt/opensim-dependencies/simbody/include/simbody/simbody/internal/ImpulseSolver.h
-- Installing: /opt/opensim-dependencies/simbody/include/simbody/simbody/internal/LocalEnergyMinimizer.h
-- Installing: /opt/opensim-dependencies/simbody/include/simbody/simbody/internal/MobilizedBody.h
-- Installing: /opt/opensim-dependencies/simbody/include/simbody/simbody/internal/MobilizedBody_Ball.h
-- Installing: /opt/opensim-dependencies/simbody/include/simbody/simbody/internal/MobilizedBody_BendStretch.h
-- Installing: /opt/opensim-dependencies/simbody/include/simbody/simbody/internal/MobilizedBody_BuiltIns.h
-- Installing: /opt/opensim-dependencies/simbody/include/simbody/simbody/internal/MobilizedBody_Bushing.h
-- Installing: /opt/opensim-dependencies/simbody/include/simbody/simbody/internal/MobilizedBody_CantileverFreeBeam.h
-- Installing: /opt/opensim-dependencies/simbody/include/simbody/simbody/internal/MobilizedBody_Custom.h
-- Installing: /opt/opensim-dependencies/simbody/include/simbody/simbody/internal/MobilizedBody_Cylinder.h
-- Installing: /opt/opensim-dependencies/simbody/include/simbody/simbody/internal/MobilizedBody_Ellipsoid.h
-- Installing: /opt/opensim-dependencies/simbody/include/simbody/simbody/internal/MobilizedBody_Free.h
-- Installing: /opt/opensim-dependencies/simbody/include/simbody/simbody/internal/MobilizedBody_FreeLine.h
-- Installing: /opt/opensim-dependencies/simbody/include/simbody/simbody/internal/MobilizedBody_FunctionBased.h
-- Installing: /opt/opensim-dependencies/simbody/include/simbody/simbody/internal/MobilizedBody_Gimbal.h
-- Installing: /opt/opensim-dependencies/simbody/include/simbody/simbody/internal/MobilizedBody_Ground.h
-- Installing: /opt/opensim-dependencies/simbody/include/simbody/simbody/internal/MobilizedBody_LineOrientation.h
-- Installing: /opt/opensim-dependencies/simbody/include/simbody/simbody/internal/MobilizedBody_Pin.h
-- Installing: /opt/opensim-dependencies/simbody/include/simbody/simbody/internal/MobilizedBody_Planar.h
-- Installing: /opt/opensim-dependencies/simbody/include/simbody/simbody/internal/MobilizedBody_Screw.h
-- Installing: /opt/opensim-dependencies/simbody/include/simbody/simbody/internal/MobilizedBody_Slider.h
-- Installing: /opt/opensim-dependencies/simbody/include/simbody/simbody/internal/MobilizedBody_SphericalCoords.h
-- Installing: /opt/opensim-dependencies/simbody/include/simbody/simbody/internal/MobilizedBody_Translation.h
-- Installing: /opt/opensim-dependencies/simbody/include/simbody/simbody/internal/MobilizedBody_Universal.h
-- Installing: /opt/opensim-dependencies/simbody/include/simbody/simbody/internal/MobilizedBody_Weld.h
-- Installing: /opt/opensim-dependencies/simbody/include/simbody/simbody/internal/Motion.h
-- Installing: /opt/opensim-dependencies/simbody/include/simbody/simbody/internal/MultibodySystem.h
-- Installing: /opt/opensim-dependencies/simbody/include/simbody/simbody/internal/ObservedPointFitter.h
-- Installing: /opt/opensim-dependencies/simbody/include/simbody/simbody/internal/PGSImpulseSolver.h
-- Installing: /opt/opensim-dependencies/simbody/include/simbody/simbody/internal/PLUSImpulseSolver.h
-- Installing: /opt/opensim-dependencies/simbody/include/simbody/simbody/internal/SemiExplicitEulerTimeStepper.h
-- Installing: /opt/opensim-dependencies/simbody/include/simbody/simbody/internal/SimbodyMatterSubsystem.h
-- Installing: /opt/opensim-dependencies/simbody/include/simbody/simbody/internal/SimbodyMatterSubtree.h
-- Installing: /opt/opensim-dependencies/simbody/include/simbody/simbody/internal/SmoothSphereHalfSpaceForce.h
-- Installing: /opt/opensim-dependencies/simbody/include/simbody/simbody/internal/TextDataEventReporter.h
-- Installing: /opt/opensim-dependencies/simbody/include/simbody/simbody/internal/common.h
-- Installing: /opt/opensim-dependencies/simbody/share/doc/simbody/SimbodyAdvancedProgrammingGuide.pdf
-- Installing: /opt/opensim-dependencies/simbody/share/doc/simbody/SimbodyAndMolmodelUserGuide.pdf
-- Installing: /opt/opensim-dependencies/simbody/share/doc/simbody/SimbodyTheoryManual.pdf
-- Installing: /opt/opensim-dependencies/simbody/lib/libSimTKsimbody.so.3.9
-- Set runtime path of "/opt/opensim-dependencies/simbody/lib/libSimTKsimbody.so.3.9" to ""
-- Installing: /opt/opensim-dependencies/simbody/lib/libSimTKsimbody.so
-- Installing: /opt/opensim-dependencies/simbody/libexec/simbody/simbody-visualizer
-- Set runtime path of "/opt/opensim-dependencies/simbody/libexec/simbody/simbody-visualizer" to ""
-- Installing: /opt/opensim-dependencies/simbody/share/doc/simbody/LICENSE.txt
-- Installing: /opt/opensim-dependencies/simbody/share/doc/simbody/README.md
-- Installing: /opt/opensim-dependencies/simbody/share/doc/simbody/CHANGELOG.md
-- Installing: /opt/opensim-dependencies/simbody/share/doc/simbody/CONTRIBUTING.md
-- Installing: /opt/opensim-dependencies/simbody/lib/cmake/simbody/SimbodyConfig.cmake
-- Installing: /opt/opensim-dependencies/simbody/lib/cmake/simbody/SimbodyConfigVersion.cmake
-- Installing: /opt/opensim-dependencies/simbody/lib/cmake/simbody/SimbodyTargets.cmake
-- Installing: /opt/opensim-dependencies/simbody/lib/cmake/simbody/SimbodyTargets-release.cmake
-- Installing: /opt/opensim-dependencies/simbody/lib/cmake/simbody/SampleCMakeLists.txt
-- Installing: /opt/opensim-dependencies/simbody/lib/pkgconfig/simbody.pc
[32/32] Completed 'simbody'
4/7 Building and installing OpenSim C++ libraries
-- The C compiler identification is GNU 10.2.1
-- The CXX compiler identification is GNU 10.2.1
-- Detecting C compiler ABI info
-- Detecting C compiler ABI info - done
-- Check for working C compiler: /usr/bin/cc - skipped
-- Detecting C compile features
-- Detecting C compile features - done
-- Detecting CXX compiler ABI info
-- Detecting CXX compiler ABI info - done
-- Check for working CXX compiler: /usr/bin/c++ - skipped
-- Detecting CXX compile features
-- Detecting CXX compile features - done
-- NOTICE: Make sure all OpenSim dependencies are built with the same CMAKE_BUILD_TYPE (Linux) or CONFIGURATION (Xcode/MSVC) as OpenSim to avoid mysterious runtime errors.
-- Found Git: /usr/bin/git (found version "2.30.2") 
-- Attempting to use dependencies from /opt/opensim-dependencies
-- Looking for pthread.h
-- Looking for pthread.h - found
-- Performing Test CMAKE_HAVE_LIBC_PTHREAD
-- Performing Test CMAKE_HAVE_LIBC_PTHREAD - Failed
-- Looking for pthread_create in pthreads
-- Looking for pthread_create in pthreads - not found
-- Looking for pthread_create in pthread
-- Looking for pthread_create in pthread - found
-- Found Threads: TRUE  
-- Found PkgConfig: /usr/bin/pkg-config (found version "0.29.2") 
-- Set rpath '$ORIGIN/' to 'osimdocopt'
-- Set rpath '$ORIGIN/../../sdk/Simbody/lib' to 'osimdocopt'
-- Set rpath '$ORIGIN/' to 'osimLepton'
-- Set rpath '$ORIGIN/../../sdk/Simbody/lib' to 'osimLepton'
-- Set rpath '$ORIGIN/' to 'osimCommon'
-- Set rpath '$ORIGIN/../../sdk/Simbody/lib' to 'osimCommon'
-- Set rpath '$ORIGIN/' to 'osimSimulation'
-- Set rpath '$ORIGIN/../../sdk/Simbody/lib' to 'osimSimulation'
-- Set rpath '$ORIGIN/' to 'osimActuators'
-- Set rpath '$ORIGIN/../../sdk/Simbody/lib' to 'osimActuators'
-- Set rpath '$ORIGIN/' to 'osimAnalyses'
-- Set rpath '$ORIGIN/../../sdk/Simbody/lib' to 'osimAnalyses'
-- Set rpath '$ORIGIN/' to 'osimExampleComponents'
-- Set rpath '$ORIGIN/../../sdk/Simbody/lib' to 'osimExampleComponents'
-- Set rpath '$ORIGIN/' to 'osimTools'
-- Set rpath '$ORIGIN/../../sdk/Simbody/lib' to 'osimTools'
-- Set rpath '$ORIGIN/' to 'osimMoco'
-- Set rpath '$ORIGIN/../../sdk/Simbody/lib' to 'osimMoco'
-- Set rpath '$ORIGIN/' to 'osimMoco'
-- Set rpath '$ORIGIN/../../sdk/Simbody/lib' to 'osimMoco'
-- Set rpath '$ORIGIN/../sdk/lib' to 'opensense'
-- Set rpath '$ORIGIN/../sdk/Simbody/lib' to 'opensense'
-- Set rpath '$ORIGIN/../sdk/lib' to 'opensim-cmd'
-- Set rpath '$ORIGIN/../sdk/Simbody/lib' to 'opensim-cmd'
-- Could NOT find Doxygen (missing: DOXYGEN_EXECUTABLE) 
-- Could NOT find LATEX (missing: LATEX_COMPILER PDFLATEX) 
-- The following OPTIONAL packages have been found:

 * Git
 * Simbody (required version >= 3.7)

-- The following REQUIRED packages have been found:

 * ezc3d
 * spdlog
 * BLAS
 * Threads
 * PkgConfig

-- The following features have been disabled:

 * WITH_CASADI, Build CasADi support for Moco (OPENSIM_WITH_CASADI)

-- The following OPTIONAL packages have not been found:

 * Doxygen
 * LATEX

-- Configuring done
-- Generating done
-- Build files have been written to: /opt/build/opensim-core
[1/383] Building CXX object Vendors/lepton/CMakeFiles/osimLepton.dir/src/CompiledExpression.cpp.o
[2/383] Building CXX object Vendors/lepton/CMakeFiles/osimLepton.dir/src/ExpressionProgram.cpp.o
[3/383] Building CXX object Vendors/lepton/CMakeFiles/osimLepton.dir/src/ExpressionTreeNode.cpp.o
[4/383] Building CXX object Vendors/lepton/CMakeFiles/osimLepton.dir/src/Operation.cpp.o
[5/383] Building CXX object Vendors/lepton/CMakeFiles/osimLepton.dir/src/ParsedExpression.cpp.o
[6/383] Building CXX object Vendors/docopt/CMakeFiles/osimdocopt.dir/docopt.cpp.o
[7/383] Linking CXX shared library libosimdocopt.so
[8/383] Building CXX object Vendors/lepton/CMakeFiles/osimLepton.dir/src/Parser.cpp.o
[9/383] Linking CXX shared library libosimLepton.so
[10/383] Building CXX object OpenSim/Common/CMakeFiles/osimCommon.dir/About.cpp.o
[11/383] Building CXX object OpenSim/Common/CMakeFiles/osimCommon.dir/AbstractDataTable.cpp.o
[12/383] Building CXX object OpenSim/Common/CMakeFiles/osimCommon.dir/APDMDataReader.cpp.o
[13/383] Building CXX object OpenSim/Common/CMakeFiles/osimCommon.dir/AbstractProperty.cpp.o
[14/383] Building CXX object OpenSim/Common/CMakeFiles/osimCommon.dir/Assertion.cpp.o
[15/383] Building CXX object OpenSim/Common/CMakeFiles/osimCommon.dir/C3DFileAdapter.cpp.o
[16/383] Building CXX object OpenSim/Common/CMakeFiles/osimCommon.dir/CSVFileAdapter.cpp.o
[17/383] Building CXX object OpenSim/Common/CMakeFiles/osimCommon.dir/CommonUtilities.cpp.o
[18/383] Building CXX object OpenSim/Common/CMakeFiles/osimCommon.dir/ComponentList.cpp.o
[19/383] Building CXX object OpenSim/Common/CMakeFiles/osimCommon.dir/Component.cpp.o
[20/383] Building CXX object OpenSim/Common/CMakeFiles/osimCommon.dir/ComponentPath.cpp.o
[21/383] Building CXX object OpenSim/Common/CMakeFiles/osimCommon.dir/ComponentOutput.cpp.o
[22/383] Building CXX object OpenSim/Common/CMakeFiles/osimCommon.dir/Constant.cpp.o
[23/383] Building CXX object OpenSim/Common/CMakeFiles/osimCommon.dir/ComponentSocket.cpp.o
[24/383] Building CXX object OpenSim/Common/CMakeFiles/osimCommon.dir/DebugUtilities.cpp.o
[25/383] Building CXX object OpenSim/Common/CMakeFiles/osimCommon.dir/Exception.cpp.o
[26/383] Building CXX object OpenSim/Common/CMakeFiles/osimCommon.dir/ExpressionBasedFunction.cpp.o
[27/383] Building CXX object OpenSim/Common/CMakeFiles/osimCommon.dir/DataAdapter.cpp.o
[28/383] Building CXX object OpenSim/Common/CMakeFiles/osimCommon.dir/Function.cpp.o
[29/383] Building CXX object OpenSim/Common/CMakeFiles/osimCommon.dir/FileAdapter.cpp.o
[30/383] Building CXX object OpenSim/Common/CMakeFiles/osimCommon.dir/FunctionAdapter.cpp.o
[31/383] Building CXX object OpenSim/Common/CMakeFiles/osimCommon.dir/FunctionSet.cpp.o
[32/383] Building CXX object OpenSim/Common/CMakeFiles/osimCommon.dir/GCVSpline.cpp.o
[33/383] Building CXX object OpenSim/Common/CMakeFiles/osimCommon.dir/GCVSplineSet.cpp.o
[34/383] Building CXX object OpenSim/Common/CMakeFiles/osimCommon.dir/IMUDataReader.cpp.o
[35/383] Building CXX object OpenSim/Common/CMakeFiles/osimCommon.dir/IO.cpp.o
[36/383] Building CXX object OpenSim/Common/CMakeFiles/osimCommon.dir/LatinHypercubeDesign.cpp.o
[37/383] Building CXX object OpenSim/Common/CMakeFiles/osimCommon.dir/Lmdif.cpp.o
[38/383] Building CXX object OpenSim/Common/CMakeFiles/osimCommon.dir/LinearFunction.cpp.o
[39/383] Building CXX object OpenSim/Common/CMakeFiles/osimCommon.dir/LoadOpenSimLibrary.cpp.o
[40/383] Building CXX object OpenSim/Common/CMakeFiles/osimCommon.dir/Logger.cpp.o
[41/383] Building CXX object OpenSim/Common/CMakeFiles/osimCommon.dir/MarkerFrame.cpp.o
[42/383] Building CXX object OpenSim/Common/CMakeFiles/osimCommon.dir/MultiplierFunction.cpp.o
[43/383] Building CXX object OpenSim/Common/CMakeFiles/osimCommon.dir/MarkerData.cpp.o
[44/383] Building CXX object OpenSim/Common/CMakeFiles/osimCommon.dir/MultivariatePolynomialFunction.cpp.o
[45/383] Building CXX object OpenSim/Common/CMakeFiles/osimCommon.dir/ObjectGroup.cpp.o
[46/383] Building CXX object OpenSim/Common/CMakeFiles/osimCommon.dir/Object.cpp.o
[47/383] Building CXX object OpenSim/Common/CMakeFiles/osimCommon.dir/OptimizationTarget.cpp.o
[48/383] Building CXX object OpenSim/Common/CMakeFiles/osimCommon.dir/PiecewiseConstantFunction.cpp.o
[49/383] Building CXX object OpenSim/Common/CMakeFiles/osimCommon.dir/PiecewiseLinearFunction.cpp.o
[50/383] Building CXX object OpenSim/Common/CMakeFiles/osimCommon.dir/PropertyBool.cpp.o
[51/383] Building CXX object OpenSim/Common/CMakeFiles/osimCommon.dir/Property.cpp.o
[52/383] Building CXX object OpenSim/Common/CMakeFiles/osimCommon.dir/PropertyBoolArray.cpp.o
[53/383] Building CXX object OpenSim/Common/CMakeFiles/osimCommon.dir/PropertyDbl.cpp.o
[54/383] Building CXX object OpenSim/Common/CMakeFiles/osimCommon.dir/PropertyDblArray.cpp.o
[55/383] Building CXX object OpenSim/Common/CMakeFiles/osimCommon.dir/PropertyGroup.cpp.o
[56/383] Building CXX object OpenSim/Common/CMakeFiles/osimCommon.dir/PropertyInt.cpp.o
[57/383] Building CXX object OpenSim/Common/CMakeFiles/osimCommon.dir/PropertyIntArray.cpp.o
[58/383] Building CXX object OpenSim/Common/CMakeFiles/osimCommon.dir/PropertyObj.cpp.o
[59/383] Building CXX object OpenSim/Common/CMakeFiles/osimCommon.dir/PropertySet.cpp.o
[60/383] Building CXX object OpenSim/Common/CMakeFiles/osimCommon.dir/PropertyStr.cpp.o
[61/383] Building CXX object OpenSim/Common/CMakeFiles/osimCommon.dir/PropertyStrArray.cpp.o
[62/383] Building CXX object OpenSim/Common/CMakeFiles/osimCommon.dir/PropertyTable.cpp.o
[63/383] Building CXX object OpenSim/Common/CMakeFiles/osimCommon.dir/PropertyTransform.cpp.o
[64/383] Building CXX object OpenSim/Common/CMakeFiles/osimCommon.dir/Property_Deprecated.cpp.o
[65/383] Building CXX object OpenSim/Common/CMakeFiles/osimCommon.dir/Reporter.cpp.o
[66/383] Building CXX object OpenSim/Common/CMakeFiles/osimCommon.dir/RootSolver.cpp.o
[67/383] Building CXX object OpenSim/Common/CMakeFiles/osimCommon.dir/RegisterTypes_osimCommon.cpp.o
[68/383] Building CXX object OpenSim/Common/CMakeFiles/osimCommon.dir/Scale.cpp.o
[69/383] Building CXX object OpenSim/Common/CMakeFiles/osimCommon.dir/ScaleSet.cpp.o
[70/383] Building CXX object OpenSim/Common/CMakeFiles/osimCommon.dir/SegmentedQuinticBezierToolkit.cpp.o
[71/383] Building CXX object OpenSim/Common/CMakeFiles/osimCommon.dir/Signal.cpp.o
[72/383] Building CXX object OpenSim/Common/CMakeFiles/osimCommon.dir/STOFileAdapter.cpp.o
[73/383] Building CXX object OpenSim/Common/CMakeFiles/osimCommon.dir/SimmIO.cpp.o
[74/383] Building CXX object OpenSim/Common/CMakeFiles/osimCommon.dir/SimmSpline.cpp.o
[75/383] Building CXX object OpenSim/Common/CMakeFiles/osimCommon.dir/SignalGenerator.cpp.o
[76/383] Building CXX object OpenSim/Common/CMakeFiles/osimCommon.dir/SmoothSegmentedFunctionFactory.cpp.o
[77/383] Building CXX object OpenSim/Common/CMakeFiles/osimCommon.dir/SmoothSegmentedFunction.cpp.o
[78/383] Building CXX object OpenSim/Common/CMakeFiles/osimCommon.dir/StateVector.cpp.o
[79/383] Building CXX object OpenSim/Common/CMakeFiles/osimCommon.dir/StepFunction.cpp.o
[80/383] Building CXX object OpenSim/Common/CMakeFiles/osimCommon.dir/TRCFileAdapter.cpp.o
[81/383] Building CXX object OpenSim/Common/CMakeFiles/osimCommon.dir/Storage.cpp.o
[82/383] Building CXX object OpenSim/Common/CMakeFiles/osimCommon.dir/Units.cpp.o
[83/383] Building CXX object OpenSim/Common/CMakeFiles/osimCommon.dir/TableUtilities.cpp.o
[84/383] Building CXX object OpenSim/Common/CMakeFiles/osimCommon.dir/VectorFunction.cpp.o
[85/383] Building CXX object OpenSim/Common/CMakeFiles/osimCommon.dir/VectorFunctionUncoupledNxN.cpp.o
[86/383] Building CXX object OpenSim/Common/CMakeFiles/osimCommon.dir/XMLDocument.cpp.o
[87/383] Building CXX object OpenSim/Common/CMakeFiles/osimCommon.dir/XYFunctionInterface.cpp.o
[88/383] Building C object OpenSim/Common/CMakeFiles/osimCommon.dir/gcvspl.c.o
[89/383] Building CXX object OpenSim/Common/CMakeFiles/osimCommon.dir/osimCommonDLL.cpp.o
[90/383] Building CXX object OpenSim/Common/CMakeFiles/osimCommon.dir/osimCommonTemplates.cpp.o
[91/383] Building CXX object OpenSim/Common/CMakeFiles/osimCommon.dir/XsensDataReader.cpp.o
[92/383] Linking CXX shared library libosimCommon.so
[93/383] Building CXX object OpenSim/Simulation/CMakeFiles/osimSimulation.dir/About.cpp.o
[94/383] Building CXX object OpenSim/Simulation/CMakeFiles/osimSimulation.dir/SimbodyEngine/SpatialTransform.cpp.o
[95/383] Building CXX object OpenSim/Simulation/CMakeFiles/osimSimulation.dir/BufferedOrientationsReference.cpp.o
[96/383] Building CXX object OpenSim/Simulation/CMakeFiles/osimSimulation.dir/AssemblySolver.cpp.o
[97/383] Building CXX object OpenSim/Simulation/CMakeFiles/osimSimulation.dir/CoordinateReference.cpp.o
[98/383] Building CXX object OpenSim/Simulation/CMakeFiles/osimSimulation.dir/InverseDynamicsSolver.cpp.o
[99/383] Building CXX object OpenSim/Simulation/CMakeFiles/osimSimulation.dir/InverseKinematicsSolver.cpp.o
[100/383] Building CXX object OpenSim/Simulation/CMakeFiles/osimSimulation.dir/MarkersReference.cpp.o
[101/383] Building CXX object OpenSim/Simulation/CMakeFiles/osimSimulation.dir/MomentArmSolver.cpp.o
[102/383] Building CXX object OpenSim/Simulation/CMakeFiles/osimSimulation.dir/OrientationsReference.cpp.o
[103/383] Building CXX object OpenSim/Simulation/CMakeFiles/osimSimulation.dir/PositionMotion.cpp.o
[104/383] Building CXX object OpenSim/Simulation/CMakeFiles/osimSimulation.dir/RegisterTypes_osimSimulation.cpp.o
[105/383] Building CXX object OpenSim/Simulation/CMakeFiles/osimSimulation.dir/SimulationUtilities.cpp.o
[106/383] Building CXX object OpenSim/Simulation/CMakeFiles/osimSimulation.dir/StatesTrajectory.cpp.o
[107/383] Building CXX object OpenSim/Simulation/CMakeFiles/osimSimulation.dir/StatesDocument.cpp.o
[108/383] Building CXX object OpenSim/Simulation/CMakeFiles/osimSimulation.dir/StatesTrajectoryReporter.cpp.o
[109/383] Building CXX object OpenSim/Simulation/CMakeFiles/osimSimulation.dir/osimSimulationDLL.cpp.o
[110/383] Building CXX object OpenSim/Simulation/CMakeFiles/osimSimulation.dir/Control/Control.cpp.o
[111/383] Building CXX object OpenSim/Simulation/CMakeFiles/osimSimulation.dir/Control/ControlConstant.cpp.o
[112/383] Building CXX object OpenSim/Simulation/CMakeFiles/osimSimulation.dir/VisualizerUtilities.cpp.o
[113/383] Building CXX object OpenSim/Simulation/CMakeFiles/osimSimulation.dir/Control/ControlLinearNode.cpp.o
[114/383] Building CXX object OpenSim/Simulation/CMakeFiles/osimSimulation.dir/Control/ControlLinear.cpp.o
[115/383] Building CXX object OpenSim/Simulation/CMakeFiles/osimSimulation.dir/Control/ControlSet.cpp.o
[116/383] Building CXX object OpenSim/Simulation/CMakeFiles/osimSimulation.dir/Control/ControlSetController.cpp.o
[117/383] Building CXX object OpenSim/Simulation/CMakeFiles/osimSimulation.dir/Control/Controller.cpp.o
[118/383] Building CXX object OpenSim/Simulation/CMakeFiles/osimSimulation.dir/Control/InputController.cpp.o
[119/383] Building CXX object OpenSim/Simulation/CMakeFiles/osimSimulation.dir/Control/SynergyController.cpp.o
[120/383] Building CXX object OpenSim/Simulation/CMakeFiles/osimSimulation.dir/Control/PrescribedController.cpp.o
[121/383] Building CXX object OpenSim/Simulation/CMakeFiles/osimSimulation.dir/Control/TrackingController.cpp.o
[122/383] Building CXX object OpenSim/Simulation/CMakeFiles/osimSimulation.dir/Manager/Manager.cpp.o
[123/383] Building CXX object OpenSim/Simulation/CMakeFiles/osimSimulation.dir/Model/AbstractPathPoint.cpp.o
[124/383] Building CXX object OpenSim/Simulation/CMakeFiles/osimSimulation.dir/Model/AbstractGeometryPath.cpp.o
[125/383] Building CXX object OpenSim/Simulation/CMakeFiles/osimSimulation.dir/Model/ActivationFiberLengthMuscle.cpp.o
[126/383] Building CXX object OpenSim/Simulation/CMakeFiles/osimSimulation.dir/Model/AbstractTool.cpp.o
[127/383] Building CXX object OpenSim/Simulation/CMakeFiles/osimSimulation.dir/Model/ActivationFiberLengthMuscle_Deprecated.cpp.o
[128/383] Building CXX object OpenSim/Simulation/CMakeFiles/osimSimulation.dir/Model/Actuator.cpp.o
[129/383] Building CXX object OpenSim/Simulation/CMakeFiles/osimSimulation.dir/Model/ActuatorForceProbe.cpp.o
[130/383] Building CXX object OpenSim/Simulation/CMakeFiles/osimSimulation.dir/Model/ActuatorPowerProbe.cpp.o
[131/383] Building CXX object OpenSim/Simulation/CMakeFiles/osimSimulation.dir/Model/Analysis.cpp.o
[132/383] Building CXX object OpenSim/Simulation/CMakeFiles/osimSimulation.dir/Model/AnalysisSet.cpp.o
[133/383] Building CXX object OpenSim/Simulation/CMakeFiles/osimSimulation.dir/Model/Bhargava2004MuscleMetabolicsProbe.cpp.o
[134/383] Building CXX object OpenSim/Simulation/CMakeFiles/osimSimulation.dir/Model/Bhargava2004SmoothedMuscleMetabolics.cpp.o
[135/383] Building CXX object OpenSim/Simulation/CMakeFiles/osimSimulation.dir/Model/BodyScale.cpp.o
[136/383] Building CXX object OpenSim/Simulation/CMakeFiles/osimSimulation.dir/Model/BodyScaleSet.cpp.o
[137/383] Building CXX object OpenSim/Simulation/CMakeFiles/osimSimulation.dir/Model/Blankevoort1991Ligament.cpp.o
[138/383] Building CXX object OpenSim/Simulation/CMakeFiles/osimSimulation.dir/Model/CMCActuatorSubsystem.cpp.o
[139/383] Building CXX object OpenSim/Simulation/CMakeFiles/osimSimulation.dir/Model/Condition.cpp.o
[140/383] Building CXX object OpenSim/Simulation/CMakeFiles/osimSimulation.dir/Model/BushingForce.cpp.o
[141/383] Building CXX object OpenSim/Simulation/CMakeFiles/osimSimulation.dir/Model/ConditionalPathPoint.cpp.o
[142/383] Building CXX object OpenSim/Simulation/CMakeFiles/osimSimulation.dir/Model/ContactGeometry.cpp.o
[143/383] Building CXX object OpenSim/Simulation/CMakeFiles/osimSimulation.dir/Model/ContactHalfSpace.cpp.o
[144/383] Building CXX object OpenSim/Simulation/CMakeFiles/osimSimulation.dir/Model/ContactMesh.cpp.o
[145/383] Building CXX object OpenSim/Simulation/CMakeFiles/osimSimulation.dir/Model/ControllerSet.cpp.o
[146/383] Building CXX object OpenSim/Simulation/CMakeFiles/osimSimulation.dir/Model/CoordinateLimitForce.cpp.o
[147/383] Building CXX object OpenSim/Simulation/CMakeFiles/osimSimulation.dir/Model/CoordinateSet.cpp.o
[148/383] Building CXX object OpenSim/Simulation/CMakeFiles/osimSimulation.dir/Model/ExponentialContactForce.cpp.o
[149/383] Building CXX object OpenSim/Simulation/CMakeFiles/osimSimulation.dir/Model/ElasticFoundationForce.cpp.o
[150/383] Building CXX object OpenSim/Simulation/CMakeFiles/osimSimulation.dir/Model/ExpressionBasedBushingForce.cpp.o
[151/383] Building CXX object OpenSim/Simulation/CMakeFiles/osimSimulation.dir/Model/ExpressionBasedCoordinateForce.cpp.o
[152/383] Building CXX object OpenSim/Simulation/CMakeFiles/osimSimulation.dir/Model/ExpressionBasedPathForce.cpp.o
[153/383] Building CXX object OpenSim/Simulation/CMakeFiles/osimSimulation.dir/Model/ExpressionBasedPointToPointForce.cpp.o
[154/383] Building CXX object OpenSim/Simulation/CMakeFiles/osimSimulation.dir/Model/ExternalForce.cpp.o
[155/383] Building CXX object OpenSim/Simulation/CMakeFiles/osimSimulation.dir/Model/ExternalLoads.cpp.o
[156/383] Building CXX object OpenSim/Simulation/CMakeFiles/osimSimulation.dir/Model/ForceAdapter.cpp.o
[157/383] Building CXX object OpenSim/Simulation/CMakeFiles/osimSimulation.dir/Model/Force.cpp.o
[158/383] Building CXX object OpenSim/Simulation/CMakeFiles/osimSimulation.dir/Model/ForceApplier.cpp.o
[159/383] Building CXX object OpenSim/Simulation/CMakeFiles/osimSimulation.dir/Model/ForceProducer.cpp.o
[160/383] Building CXX object OpenSim/Simulation/CMakeFiles/osimSimulation.dir/Model/ForceSet.cpp.o
[161/383] Building CXX object OpenSim/Simulation/CMakeFiles/osimSimulation.dir/Model/Frame.cpp.o
[162/383] Building CXX object OpenSim/Simulation/CMakeFiles/osimSimulation.dir/Model/FunctionBasedBushingForce.cpp.o
[163/383] Building CXX object OpenSim/Simulation/CMakeFiles/osimSimulation.dir/Model/FunctionThresholdCondition.cpp.o
[164/383] Building CXX object OpenSim/Simulation/CMakeFiles/osimSimulation.dir/Model/FunctionBasedPath.cpp.o
[165/383] Building CXX object OpenSim/Simulation/CMakeFiles/osimSimulation.dir/Model/Geometry.cpp.o
[166/383] Building CXX object OpenSim/Simulation/CMakeFiles/osimSimulation.dir/Model/GeometryPath.cpp.o
[167/383] Building CXX object OpenSim/Simulation/CMakeFiles/osimSimulation.dir/Model/Ground.cpp.o
[168/383] Building CXX object OpenSim/Simulation/CMakeFiles/osimSimulation.dir/Model/HuntCrossleyForce.cpp.o
[169/383] Building CXX object OpenSim/Simulation/CMakeFiles/osimSimulation.dir/Model/JointInternalPowerProbe.cpp.o
[170/383] Building CXX object OpenSim/Simulation/CMakeFiles/osimSimulation.dir/Model/Ligament.cpp.o
[171/383] Building CXX object OpenSim/Simulation/CMakeFiles/osimSimulation.dir/Model/MarkerSet.cpp.o
[172/383] Building CXX object OpenSim/Simulation/CMakeFiles/osimSimulation.dir/Model/Marker.cpp.o
[173/383] Building CXX object OpenSim/Simulation/CMakeFiles/osimSimulation.dir/Model/MeyerFregly2016Force.cpp.o
[174/383] Building CXX object OpenSim/Simulation/CMakeFiles/osimSimulation.dir/Model/Model.cpp.o
[175/383] Building CXX object OpenSim/Moco/CMakeFiles/osimMoco.dir/MocoTrajectory.cpp.o
[176/383] Building CXX object OpenSim/Simulation/CMakeFiles/osimSimulation.dir/Model/ModelComponent.cpp.o
[177/383] Building CXX object OpenSim/Simulation/CMakeFiles/osimSimulation.dir/Model/ModelVisualizer.cpp.o
[178/383] Building CXX object OpenSim/Simulation/CMakeFiles/osimSimulation.dir/Model/MovingPathPoint.cpp.o
[179/383] Building CXX object OpenSim/Simulation/CMakeFiles/osimSimulation.dir/Model/Muscle.cpp.o
[180/383] Building CXX object OpenSim/Simulation/CMakeFiles/osimSimulation.dir/Model/MuscleActiveFiberPowerProbe.cpp.o
[181/383] Building CXX object OpenSim/Simulation/CMakeFiles/osimSimulation.dir/Model/PathActuator.cpp.o
[182/383] Building CXX object OpenSim/Simulation/CMakeFiles/osimSimulation.dir/Model/PathPoint.cpp.o
[183/383] Building CXX object OpenSim/Simulation/CMakeFiles/osimSimulation.dir/Model/PathSpring.cpp.o
[184/383] Building CXX object OpenSim/Simulation/CMakeFiles/osimSimulation.dir/Model/PhysicalFrame.cpp.o
[185/383] Building CXX object OpenSim/Simulation/CMakeFiles/osimSimulation.dir/Model/PhysicalOffsetFrame.cpp.o
[186/383] Building CXX object OpenSim/Simulation/CMakeFiles/osimSimulation.dir/Model/Point.cpp.o
[187/383] Building CXX object OpenSim/Simulation/CMakeFiles/osimSimulation.dir/Model/PointToPointSpring.cpp.o
[188/383] Building CXX object OpenSim/Simulation/CMakeFiles/osimSimulation.dir/Model/Probe.cpp.o
[189/383] Building CXX object OpenSim/Simulation/CMakeFiles/osimSimulation.dir/Model/PrescribedForce.cpp.o
[190/383] Building CXX object OpenSim/Simulation/CMakeFiles/osimSimulation.dir/Model/Scholz2015GeometryPath.cpp.o
[191/383] Building CXX object OpenSim/Simulation/CMakeFiles/osimSimulation.dir/Model/SmoothSphereHalfSpaceForce.cpp.o
[192/383] Building CXX object OpenSim/Simulation/CMakeFiles/osimSimulation.dir/Model/Station.cpp.o
[193/383] Building CXX object OpenSim/Simulation/CMakeFiles/osimSimulation.dir/Model/StationDefinedFrame.cpp.o
[194/383] Building CXX object OpenSim/Simulation/CMakeFiles/osimSimulation.dir/Model/SystemEnergyProbe.cpp.o
[195/383] Building CXX object OpenSim/Simulation/CMakeFiles/osimSimulation.dir/Model/Umberger2010MuscleMetabolicsProbe.cpp.o
[196/383] Building CXX object OpenSim/Simulation/CMakeFiles/osimSimulation.dir/Wrap/PathWrap.cpp.o
[197/383] Building CXX object OpenSim/Simulation/CMakeFiles/osimSimulation.dir/Wrap/PathWrapPoint.cpp.o
[198/383] Building CXX object OpenSim/Simulation/CMakeFiles/osimSimulation.dir/Wrap/PathWrapSet.cpp.o
[199/383] Building CXX object OpenSim/Simulation/CMakeFiles/osimSimulation.dir/Wrap/WrapCylinder.cpp.o
[200/383] Building CXX object OpenSim/Simulation/CMakeFiles/osimSimulation.dir/Wrap/WrapMath.cpp.o
[201/383] Building CXX object OpenSim/Simulation/CMakeFiles/osimSimulation.dir/Wrap/WrapEllipsoid.cpp.o
[202/383] Building CXX object OpenSim/Simulation/CMakeFiles/osimSimulation.dir/Wrap/WrapResult.cpp.o
[203/383] Building CXX object OpenSim/Simulation/CMakeFiles/osimSimulation.dir/Wrap/WrapObject.cpp.o
[204/383] Building CXX object OpenSim/Simulation/CMakeFiles/osimSimulation.dir/Wrap/WrapSphere.cpp.o
[205/383] Building CXX object OpenSim/Simulation/CMakeFiles/osimSimulation.dir/Wrap/WrapTorus.cpp.o
[206/383] Building CXX object OpenSim/Simulation/CMakeFiles/osimSimulation.dir/SimbodyEngine/BallJoint.cpp.o
[207/383] Building CXX object OpenSim/Simulation/CMakeFiles/osimSimulation.dir/SimbodyEngine/Body.cpp.o
[208/383] Building CXX object OpenSim/Simulation/CMakeFiles/osimSimulation.dir/SimbodyEngine/ConstantCurvatureJoint.cpp.o
[209/383] Building CXX object OpenSim/Simulation/CMakeFiles/osimSimulation.dir/SimbodyEngine/ConstantDistanceConstraint.cpp.o
[210/383] Building CXX object OpenSim/Simulation/CMakeFiles/osimSimulation.dir/SimbodyEngine/Constraint.cpp.o
[211/383] Building CXX object OpenSim/Simulation/CMakeFiles/osimSimulation.dir/SimbodyEngine/Coordinate.cpp.o
[212/383] Building CXX object OpenSim/Simulation/CMakeFiles/osimSimulation.dir/SimbodyEngine/CoordinateCouplerConstraint.cpp.o
[213/383] Building CXX object OpenSim/Simulation/CMakeFiles/osimSimulation.dir/SimbodyEngine/CustomJoint.cpp.o
[214/383] Building CXX object OpenSim/Simulation/CMakeFiles/osimSimulation.dir/SimbodyEngine/EllipsoidJoint.cpp.o
[215/383] Building CXX object OpenSim/Simulation/CMakeFiles/osimSimulation.dir/SimbodyEngine/FreeJoint.cpp.o
[216/383] Building CXX object OpenSim/Simulation/CMakeFiles/osimSimulation.dir/SimbodyEngine/GimbalJoint.cpp.o
[217/383] Building CXX object OpenSim/Simulation/CMakeFiles/osimSimulation.dir/SimbodyEngine/Joint.cpp.o
[218/383] Building CXX object OpenSim/Simulation/CMakeFiles/osimSimulation.dir/SimbodyEngine/PinJoint.cpp.o
[219/383] Building CXX object OpenSim/Simulation/CMakeFiles/osimSimulation.dir/SimbodyEngine/PlanarJoint.cpp.o
[220/383] Building CXX object OpenSim/Simulation/CMakeFiles/osimSimulation.dir/SimbodyEngine/PointConstraint.cpp.o
[221/383] Building CXX object OpenSim/Simulation/CMakeFiles/osimSimulation.dir/SimbodyEngine/PointOnLineConstraint.cpp.o
[222/383] Building CXX object OpenSim/Simulation/CMakeFiles/osimSimulation.dir/SimbodyEngine/RollingOnSurfaceConstraint.cpp.o
[223/383] Building CXX object OpenSim/Simulation/CMakeFiles/osimSimulation.dir/SimbodyEngine/ScapulothoracicJoint.cpp.o
[224/383] Building CXX object OpenSim/Simulation/CMakeFiles/osimSimulation.dir/SimbodyEngine/SliderJoint.cpp.o
[225/383] Building CXX object OpenSim/Simulation/CMakeFiles/osimSimulation.dir/SimbodyEngine/SimbodyEngine.cpp.o
[226/383] Building CXX object OpenSim/Simulation/CMakeFiles/osimSimulation.dir/SimbodyEngine/UnilateralConstraint.cpp.o
[227/383] Building CXX object OpenSim/Simulation/CMakeFiles/osimSimulation.dir/SimbodyEngine/TransformAxis.cpp.o
[228/383] Building CXX object OpenSim/Simulation/CMakeFiles/osimSimulation.dir/SimbodyEngine/UniversalJoint.cpp.o
[229/383] Building CXX object OpenSim/Simulation/CMakeFiles/osimSimulation.dir/SimbodyEngine/WeldConstraint.cpp.o
[230/383] Building CXX object OpenSim/Simulation/CMakeFiles/osimSimulation.dir/SimbodyEngine/WeldJoint.cpp.o
[231/383] Building CXX object OpenSim/Simulation/CMakeFiles/osimSimulation.dir/OpenSense/IMUPlacer.cpp.o
[232/383] Building CXX object OpenSim/Simulation/CMakeFiles/osimSimulation.dir/OpenSense/OpenSenseUtilities.cpp.o
[233/383] Building CXX object OpenSim/Actuators/CMakeFiles/osimActuators.dir/CoordinateActuator.cpp.o
[234/383] Building CXX object OpenSim/Actuators/CMakeFiles/osimActuators.dir/ConstantMuscleActivation.cpp.o
[235/383] Building CXX object OpenSim/Actuators/CMakeFiles/osimActuators.dir/ClutchedPathSpring.cpp.o
[236/383] Building CXX object OpenSim/Actuators/CMakeFiles/osimActuators.dir/DeGrooteFregly2016Muscle.cpp.o
[237/383] Linking CXX shared library libosimSimulation.so
[238/383] Building CXX object OpenSim/Actuators/CMakeFiles/osimActuators.dir/About.cpp.o
[239/383] Building CXX object OpenSim/Actuators/CMakeFiles/osimActuators.dir/ActiveForceLengthCurve.cpp.o
[240/383] Building CXX object OpenSim/Actuators/CMakeFiles/osimActuators.dir/BodyActuator.cpp.o
[241/383] Building CXX object OpenSim/Actuators/CMakeFiles/osimActuators.dir/FiberCompressiveForceCosPennationCurve.cpp.o
[242/383] Building CXX object OpenSim/Actuators/CMakeFiles/osimActuators.dir/Delp1990Muscle_Deprecated.cpp.o
[243/383] Building CXX object OpenSim/Actuators/CMakeFiles/osimActuators.dir/FiberCompressiveForceLengthCurve.cpp.o
[244/383] Building CXX object OpenSim/Actuators/CMakeFiles/osimActuators.dir/FiberForceLengthCurve.cpp.o
[245/383] Building CXX object OpenSim/Actuators/CMakeFiles/osimActuators.dir/FirstOrderMuscleActivationDynamics.cpp.o
[246/383] Building CXX object OpenSim/Actuators/CMakeFiles/osimActuators.dir/ForceVelocityCurve.cpp.o
[247/383] Building CXX object OpenSim/Actuators/CMakeFiles/osimActuators.dir/ForceVelocityInverseCurve.cpp.o
[248/383] Building CXX object OpenSim/Actuators/CMakeFiles/osimActuators.dir/McKibbenActuator.cpp.o
[249/383] Building CXX object OpenSim/Actuators/CMakeFiles/osimActuators.dir/MeyerFregly2016Muscle.cpp.o
[250/383] Building CXX object OpenSim/Actuators/CMakeFiles/osimActuators.dir/Millard2012AccelerationMuscle.cpp.o
[251/383] Building CXX object OpenSim/Actuators/CMakeFiles/osimActuators.dir/Millard2012EquilibriumMuscle.cpp.o
[252/383] Building CXX object OpenSim/Actuators/CMakeFiles/osimActuators.dir/MuscleActivationDynamics.cpp.o
[253/383] Building CXX object OpenSim/Actuators/CMakeFiles/osimActuators.dir/ModelFactory.cpp.o
[254/383] Building CXX object OpenSim/Actuators/CMakeFiles/osimActuators.dir/MuscleFirstOrderActivationDynamicModel.cpp.o
[255/383] Building CXX object OpenSim/Actuators/CMakeFiles/osimActuators.dir/MuscleSecondOrderActivationDynamicModel.cpp.o
[256/383] Building CXX object OpenSim/Actuators/CMakeFiles/osimActuators.dir/MuscleFixedWidthPennationModel.cpp.o
[257/383] Building CXX object OpenSim/Actuators/CMakeFiles/osimActuators.dir/PointActuator.cpp.o
[258/383] Building CXX object OpenSim/Actuators/CMakeFiles/osimActuators.dir/PointToPointActuator.cpp.o
[259/383] Building CXX object OpenSim/Actuators/CMakeFiles/osimActuators.dir/RegisterTypes_osimActuators.cpp.o
[260/383] Building CXX object OpenSim/Actuators/CMakeFiles/osimActuators.dir/RigidTendonMuscle.cpp.o
[261/383] Building CXX object OpenSim/Actuators/CMakeFiles/osimActuators.dir/PolynomialPathFitter.cpp.o
[262/383] Building CXX object OpenSim/Actuators/CMakeFiles/osimActuators.dir/Schutte1993Muscle_Deprecated.cpp.o
[263/383] Building CXX object OpenSim/Actuators/CMakeFiles/osimActuators.dir/TendonForceLengthCurve.cpp.o
[264/383] Building CXX object OpenSim/Actuators/CMakeFiles/osimActuators.dir/SpringGeneralizedForce.cpp.o
[265/383] Building CXX object OpenSim/Actuators/CMakeFiles/osimActuators.dir/Thelen2003Muscle.cpp.o
[266/383] Building CXX object OpenSim/Actuators/CMakeFiles/osimActuators.dir/Thelen2003Muscle_Deprecated.cpp.o
[267/383] Building CXX object OpenSim/Actuators/CMakeFiles/osimActuators.dir/ZerothOrderMuscleActivationDynamics.cpp.o
[268/383] Building CXX object OpenSim/Actuators/CMakeFiles/osimActuators.dir/osimActuatorsDLL.cpp.o
[269/383] Building CXX object OpenSim/Analyses/CMakeFiles/osimAnalyses.dir/About.cpp.o
[270/383] Building CXX object OpenSim/Actuators/CMakeFiles/osimActuators.dir/TorqueActuator.cpp.o
[271/383] Linking CXX shared library libosimActuators.so
[272/383] Building CXX object OpenSim/Analyses/CMakeFiles/osimAnalyses.dir/Actuation.cpp.o
[273/383] Building CXX object OpenSim/Analyses/CMakeFiles/osimAnalyses.dir/BodyKinematics.cpp.o
[274/383] Building CXX object OpenSim/Analyses/CMakeFiles/osimAnalyses.dir/ForceReporter.cpp.o
[275/383] Building CXX object OpenSim/Analyses/CMakeFiles/osimAnalyses.dir/InducedAccelerations.cpp.o
[276/383] Building CXX object OpenSim/Analyses/CMakeFiles/osimAnalyses.dir/IMUDataReporter.cpp.o
[277/383] Building CXX object OpenSim/Analyses/CMakeFiles/osimAnalyses.dir/InducedAccelerationsSolver.cpp.o
[278/383] Building CXX object OpenSim/Analyses/CMakeFiles/osimAnalyses.dir/InverseDynamics.cpp.o
[279/383] Building CXX object OpenSim/Analyses/CMakeFiles/osimAnalyses.dir/JointReaction.cpp.o
[280/383] Building CXX object OpenSim/Analyses/CMakeFiles/osimAnalyses.dir/Kinematics.cpp.o
[281/383] Building CXX object OpenSim/Analyses/CMakeFiles/osimAnalyses.dir/MuscleAnalysis.cpp.o
[282/383] Building CXX object OpenSim/Analyses/CMakeFiles/osimAnalyses.dir/PointKinematics.cpp.o
[283/383] Building CXX object OpenSim/Analyses/CMakeFiles/osimAnalyses.dir/OutputReporter.cpp.o
[284/383] Building CXX object OpenSim/Analyses/CMakeFiles/osimAnalyses.dir/ProbeReporter.cpp.o
[285/383] Building CXX object OpenSim/Analyses/CMakeFiles/osimAnalyses.dir/StatesReporter.cpp.o
[286/383] Building CXX object OpenSim/Analyses/CMakeFiles/osimAnalyses.dir/RegisterTypes_osimAnalyses.cpp.o
[287/383] Building CXX object OpenSim/Analyses/CMakeFiles/osimAnalyses.dir/StaticOptimizationTarget.cpp.o
[288/383] Building CXX object OpenSim/Analyses/CMakeFiles/osimAnalyses.dir/osimAnalysesDLL.cpp.o
[289/383] Building CXX object OpenSim/Analyses/CMakeFiles/osimAnalyses.dir/StaticOptimization.cpp.o
[290/383] Linking CXX shared library libosimAnalyses.so
[291/383] Building CXX object OpenSim/ExampleComponents/CMakeFiles/osimExampleComponents.dir/ToyReflexController.cpp.o
[292/383] Building CXX object OpenSim/Tools/CMakeFiles/osimTools.dir/About.cpp.o
[293/383] Building CXX object OpenSim/ExampleComponents/CMakeFiles/osimExampleComponents.dir/RegisterTypes_osimExampleComponents.cpp.o
[294/383] Linking CXX shared library libosimExampleComponents.so
[295/383] Building CXX object OpenSim/Tools/CMakeFiles/osimTools.dir/ActuatorForceTarget.cpp.o
[296/383] Building CXX object OpenSim/Tools/CMakeFiles/osimTools.dir/ActuatorForceTargetFast.cpp.o
[297/383] Building CXX object OpenSim/Tools/CMakeFiles/osimTools.dir/AnalyzeTool.cpp.o
[298/383] Building CXX object OpenSim/Tools/CMakeFiles/osimTools.dir/CMC.cpp.o
[299/383] Building CXX object OpenSim/Tools/CMakeFiles/osimTools.dir/CMCTool.cpp.o
[300/383] Building CXX object OpenSim/Tools/CMakeFiles/osimTools.dir/CMC_Joint.cpp.o
[301/383] Building CXX object OpenSim/Tools/CMakeFiles/osimTools.dir/CMC_Orientation.cpp.o
[302/383] Building CXX object OpenSim/Tools/CMakeFiles/osimTools.dir/CMC_Task.cpp.o
[303/383] Building CXX object OpenSim/Tools/CMakeFiles/osimTools.dir/CMC_Point.cpp.o
[304/383] Building CXX object OpenSim/Tools/CMakeFiles/osimTools.dir/CorrectionController.cpp.o
[305/383] Building CXX object OpenSim/Tools/CMakeFiles/osimTools.dir/CMC_TaskSet.cpp.o
[306/383] Building CXX object OpenSim/Tools/CMakeFiles/osimTools.dir/ForwardTool.cpp.o
[307/383] Building CXX object OpenSim/Tools/CMakeFiles/osimTools.dir/DynamicsTool.cpp.o
[308/383] Building CXX object OpenSim/Tools/CMakeFiles/osimTools.dir/IKCoordinateTask.cpp.o
[309/383] Building CXX object OpenSim/Tools/CMakeFiles/osimTools.dir/GenericModelMaker.cpp.o
[310/383] Building CXX object OpenSim/Tools/CMakeFiles/osimTools.dir/InverseDynamicsTool.cpp.o
[311/383] Building CXX object OpenSim/Tools/CMakeFiles/osimTools.dir/IMUInverseKinematicsTool.cpp.o
[312/383] Building CXX object OpenSim/Tools/CMakeFiles/osimTools.dir/MarkerPair.cpp.o
[313/383] Building CXX object OpenSim/Tools/CMakeFiles/osimTools.dir/MarkerPairSet.cpp.o
[314/383] Building CXX object OpenSim/Tools/CMakeFiles/osimTools.dir/InverseKinematicsTool.cpp.o
[315/383] Building CXX object OpenSim/Tools/CMakeFiles/osimTools.dir/Measurement.cpp.o
[316/383] Building CXX object OpenSim/Tools/CMakeFiles/osimTools.dir/MeasurementSet.cpp.o
[317/383] Building CXX object OpenSim/Tools/CMakeFiles/osimTools.dir/MarkerPlacer.cpp.o
[318/383] Building CXX object OpenSim/Tools/CMakeFiles/osimTools.dir/MuscleStateTrackingTask.cpp.o
[319/383] Building CXX object OpenSim/Tools/CMakeFiles/osimTools.dir/ModelScaler.cpp.o
[320/383] Building CXX object OpenSim/Tools/CMakeFiles/osimTools.dir/RRATool.cpp.o
[321/383] Building CXX object OpenSim/Tools/CMakeFiles/osimTools.dir/RegisterTypes_osimTools.cpp.o
[322/383] Building CXX object OpenSim/Tools/CMakeFiles/osimTools.dir/SMC_Joint.cpp.o
[323/383] Building CXX object OpenSim/Tools/CMakeFiles/osimTools.dir/TrackingTask.cpp.o
[324/383] Building CXX object OpenSim/Tools/CMakeFiles/osimTools.dir/VectorFunctionForActuators.cpp.o
[325/383] Building CXX object OpenSim/Tools/CMakeFiles/osimTools.dir/ScaleTool.cpp.o
[326/383] Building CXX object OpenSim/Tools/CMakeFiles/osimTools.dir/osimToolsDLL.cpp.o
[327/383] Linking CXX shared library libosimTools.so
[328/383] Building CXX object OpenSim/Moco/CMakeFiles/osimMoco.dir/About.cpp.o
[329/383] Building CXX object OpenSim/Moco/CMakeFiles/osimMoco.dir/MocoUtilities.cpp.o
[330/383] Building CXX object OpenSim/Moco/CMakeFiles/osimMoco.dir/RegisterTypes_osimMoco.cpp.o
[331/383] Building CXX object OpenSim/Moco/CMakeFiles/osimMoco.dir/MocoBounds.cpp.o
[332/383] Building CXX object OpenSim/Moco/CMakeFiles/osimMoco.dir/MocoStudy.cpp.o
[333/383] Building CXX object OpenSim/Moco/CMakeFiles/osimMoco.dir/MocoVariableInfo.cpp.o
[334/383] Building CXX object OpenSim/Moco/CMakeFiles/osimMoco.dir/MocoProblem.cpp.o
[335/383] Building CXX object OpenSim/Moco/CMakeFiles/osimMoco.dir/MocoProblemRep.cpp.o
[336/383] Building CXX object OpenSim/Moco/CMakeFiles/osimMoco.dir/MocoGoal/MocoGoal.cpp.o
[337/383] Building CXX object OpenSim/Moco/CMakeFiles/osimMoco.dir/MocoGoal/MocoMarkerFinalGoal.cpp.o
[338/383] Building CXX object OpenSim/Moco/CMakeFiles/osimMoco.dir/MocoGoal/MocoMarkerTrackingGoal.cpp.o
[339/383] Building CXX object OpenSim/Moco/CMakeFiles/osimMoco.dir/MocoGoal/MocoStateTrackingGoal.cpp.o
[340/383] Building CXX object OpenSim/Moco/CMakeFiles/osimMoco.dir/MocoGoal/MocoSumSquaredStateGoal.cpp.o
[341/383] Building CXX object OpenSim/Moco/CMakeFiles/osimMoco.dir/MocoGoal/MocoContactTrackingGoal.cpp.o
[342/383] Building CXX object OpenSim/Moco/CMakeFiles/osimMoco.dir/MocoGoal/MocoContactImpulseTrackingGoal.cpp.o
[343/383] Building CXX object OpenSim/Moco/CMakeFiles/osimMoco.dir/MocoGoal/MocoControlGoal.cpp.o
[344/383] Building CXX object OpenSim/Moco/CMakeFiles/osimMoco.dir/MocoGoal/MocoExpressionBasedParameterGoal.cpp.o
[345/383] Building CXX object OpenSim/Moco/CMakeFiles/osimMoco.dir/MocoGoal/MocoControlTrackingGoal.cpp.o
[346/383] Building CXX object OpenSim/Moco/CMakeFiles/osimMoco.dir/MocoGoal/MocoJointReactionGoal.cpp.o
[347/383] Building CXX object OpenSim/Moco/CMakeFiles/osimMoco.dir/MocoGoal/MocoOrientationTrackingGoal.cpp.o
[348/383] Building CXX object OpenSim/Moco/CMakeFiles/osimMoco.dir/MocoGoal/MocoOutputGoal.cpp.o
[349/383] Building CXX object OpenSim/Moco/CMakeFiles/osimMoco.dir/MocoGoal/MocoTranslationTrackingGoal.cpp.o
[350/383] Building CXX object OpenSim/Moco/CMakeFiles/osimMoco.dir/MocoGoal/MocoAngularVelocityTrackingGoal.cpp.o
[351/383] Building CXX object OpenSim/Moco/CMakeFiles/osimMoco.dir/MocoGoal/MocoAccelerationTrackingGoal.cpp.o
[352/383] Building CXX object OpenSim/Moco/CMakeFiles/osimMoco.dir/MocoGoal/MocoInitialActivationGoal.cpp.o
[353/383] Building CXX object OpenSim/Moco/CMakeFiles/osimMoco.dir/MocoGoal/MocoInitialVelocityEquilibriumDGFGoal.cpp.o
[354/383] Building CXX object OpenSim/Moco/CMakeFiles/osimMoco.dir/MocoGoal/MocoInitialForceEquilibriumDGFGoal.cpp.o
[355/383] Building CXX object OpenSim/Moco/CMakeFiles/osimMoco.dir/MocoGoal/MocoPeriodicityGoal.cpp.o
[356/383] Building CXX object OpenSim/Moco/CMakeFiles/osimMoco.dir/MocoGoal/MocoStepTimeAsymmetryGoal.cpp.o
[357/383] Building CXX object OpenSim/Moco/CMakeFiles/osimMoco.dir/MocoGoal/MocoStepLengthAsymmetryGoal.cpp.o
[358/383] Building CXX object OpenSim/Moco/CMakeFiles/osimMoco.dir/MocoSolver.cpp.o
[359/383] Building CXX object OpenSim/Moco/CMakeFiles/osimMoco.dir/MocoGoal/MocoGeneralizedForceTrackingGoal.cpp.o
[360/383] Building CXX object OpenSim/Moco/CMakeFiles/osimMoco.dir/MocoDirectCollocationSolver.cpp.o
[361/383] Building CXX object OpenSim/Moco/CMakeFiles/osimMoco.dir/MocoParameter.cpp.o
[362/383] Building CXX object OpenSim/Moco/CMakeFiles/osimMoco.dir/MocoConstraint.cpp.o
[363/383] Building CXX object OpenSim/Moco/CMakeFiles/osimMoco.dir/MocoControlBoundConstraint.cpp.o
[364/383] Building CXX object OpenSim/Moco/CMakeFiles/osimMoco.dir/MocoOutputConstraint.cpp.o
[365/383] Building CXX object OpenSim/Moco/CMakeFiles/osimMoco.dir/MocoFrameDistanceConstraint.cpp.o
[366/383] Building CXX object OpenSim/Moco/CMakeFiles/osimMoco.dir/Components/AccelerationMotion.cpp.o
[367/383] Building CXX object OpenSim/Moco/CMakeFiles/osimMoco.dir/Components/DiscreteForces.cpp.o
[368/383] Building CXX object OpenSim/Moco/CMakeFiles/osimMoco.dir/Components/ControlDistributor.cpp.o
[369/383] Building CXX object OpenSim/Moco/CMakeFiles/osimMoco.dir/Components/ActuatorInputController.cpp.o
[370/383] Building CXX object OpenSim/Moco/CMakeFiles/osimMoco.dir/MocoCasADiSolver/MocoCasADiSolver.cpp.o
[371/383] Building CXX object OpenSim/Moco/CMakeFiles/osimMoco.dir/MocoInverse.cpp.o
[372/383] Building CXX object OpenSim/Moco/CMakeFiles/osimMoco.dir/MocoTool.cpp.o
[373/383] Building CXX object OpenSim/Moco/CMakeFiles/osimMoco.dir/MocoTrack.cpp.o
[374/383] Building CXX object OpenSim/Moco/CMakeFiles/osimMoco.dir/MocoConstraintInfo.cpp.o
[375/383] Building CXX object OpenSim/Moco/CMakeFiles/osimMoco.dir/MocoStudyFactory.cpp.o
[376/383] Building CXX object OpenSim/Moco/CMakeFiles/osimMoco.dir/MocoScaleFactor.cpp.o
[377/383] Building CXX object OpenSim/Moco/CMakeFiles/osimMoco.dir/MocoOutputBoundConstraint.cpp.o
[378/383] Building CXX object OpenSim/Moco/CMakeFiles/osimMoco.dir/MocoStateBoundConstraint.cpp.o
[379/383] Linking CXX shared library libosimMoco.so
[380/383] Building CXX object Applications/opensense/CMakeFiles/opensense.dir/opensense.cpp.o
[381/383] Linking CXX executable opensense
[382/383] Building CXX object Applications/opensim-cmd/CMakeFiles/opensim-cmd.dir/opensim-cmd.cpp.o
[383/383] Linking CXX executable opensim-cmd
-- Install configuration: "Release"
-- Installing: /opt/opensim/sdk/Simbody/include/simbody
-- Installing: /opt/opensim/sdk/Simbody/include/simbody/Simbody.h
-- Installing: /opt/opensim/sdk/Simbody/include/simbody/SimTKcommon
-- Installing: /opt/opensim/sdk/Simbody/include/simbody/SimTKcommon/SmallMatrix.h
-- Installing: /opt/opensim/sdk/Simbody/include/simbody/SimTKcommon/Simmatrix.h
-- Installing: /opt/opensim/sdk/Simbody/include/simbody/SimTKcommon/internal
-- Installing: /opt/opensim/sdk/Simbody/include/simbody/SimTKcommon/internal/EventHandler.h
-- Installing: /opt/opensim/sdk/Simbody/include/simbody/SimTKcommon/internal/VectorBase.h
-- Installing: /opt/opensim/sdk/Simbody/include/simbody/SimTKcommon/internal/Fortran.h
-- Installing: /opt/opensim/sdk/Simbody/include/simbody/SimTKcommon/internal/DecorationGenerator.h
-- Installing: /opt/opensim/sdk/Simbody/include/simbody/SimTKcommon/internal/StateImpl.h
-- Installing: /opt/opensim/sdk/Simbody/include/simbody/SimTKcommon/internal/ReferencePtr.h
-- Installing: /opt/opensim/sdk/Simbody/include/simbody/SimTKcommon/internal/conjugate.h
-- Installing: /opt/opensim/sdk/Simbody/include/simbody/SimTKcommon/internal/SymMat.h
-- Installing: /opt/opensim/sdk/Simbody/include/simbody/SimTKcommon/internal/ReinitOnCopy.h
-- Installing: /opt/opensim/sdk/Simbody/include/simbody/SimTKcommon/internal/ParallelExecutor.h
-- Installing: /opt/opensim/sdk/Simbody/include/simbody/SimTKcommon/internal/MatrixCharacteristics.h
-- Installing: /opt/opensim/sdk/Simbody/include/simbody/SimTKcommon/internal/StudyGuts.h
-- Installing: /opt/opensim/sdk/Simbody/include/simbody/SimTKcommon/internal/Vector_.h
-- Installing: /opt/opensim/sdk/Simbody/include/simbody/SimTKcommon/internal/SubsystemGuts.h
-- Installing: /opt/opensim/sdk/Simbody/include/simbody/SimTKcommon/internal/SmallMatrixMixed.h
-- Installing: /opt/opensim/sdk/Simbody/include/simbody/SimTKcommon/internal/Stage.h
-- Installing: /opt/opensim/sdk/Simbody/include/simbody/SimTKcommon/internal/Plugin.h
-- Installing: /opt/opensim/sdk/Simbody/include/simbody/SimTKcommon/internal/Rotation.h
-- Installing: /opt/opensim/sdk/Simbody/include/simbody/SimTKcommon/internal/CompositeNumericalTypes.h
-- Installing: /opt/opensim/sdk/Simbody/include/simbody/SimTKcommon/internal/StableArray.h
-- Installing: /opt/opensim/sdk/Simbody/include/simbody/SimTKcommon/internal/ClonePtr.h
-- Installing: /opt/opensim/sdk/Simbody/include/simbody/SimTKcommon/internal/State.h
-- Installing: /opt/opensim/sdk/Simbody/include/simbody/SimTKcommon/internal/RowVector_.h
-- Installing: /opt/opensim/sdk/Simbody/include/simbody/SimTKcommon/internal/negator.h
-- Installing: /opt/opensim/sdk/Simbody/include/simbody/SimTKcommon/internal/Study.h
-- Installing: /opt/opensim/sdk/Simbody/include/simbody/SimTKcommon/internal/SystemGuts.h
-- Installing: /opt/opensim/sdk/Simbody/include/simbody/SimTKcommon/internal/Array.h
-- Installing: /opt/opensim/sdk/Simbody/include/simbody/SimTKcommon/internal/Random.h
-- Installing: /opt/opensim/sdk/Simbody/include/simbody/SimTKcommon/internal/Serialize.h
-- Installing: /opt/opensim/sdk/Simbody/include/simbody/SimTKcommon/internal/Pathname.h
-- Installing: /opt/opensim/sdk/Simbody/include/simbody/SimTKcommon/internal/Event.h
-- Installing: /opt/opensim/sdk/Simbody/include/simbody/SimTKcommon/internal/Transform.h
-- Installing: /opt/opensim/sdk/Simbody/include/simbody/SimTKcommon/internal/PrivateImplementation.h
-- Installing: /opt/opensim/sdk/Simbody/include/simbody/SimTKcommon/internal/System.h
-- Installing: /opt/opensim/sdk/Simbody/include/simbody/SimTKcommon/internal/Measure.h
-- Installing: /opt/opensim/sdk/Simbody/include/simbody/SimTKcommon/internal/Subsystem.h
-- Installing: /opt/opensim/sdk/Simbody/include/simbody/SimTKcommon/internal/Row.h
-- Installing: /opt/opensim/sdk/Simbody/include/simbody/SimTKcommon/internal/NTraits.h
-- Installing: /opt/opensim/sdk/Simbody/include/simbody/SimTKcommon/internal/MassProperties.h
-- Installing: /opt/opensim/sdk/Simbody/include/simbody/SimTKcommon/internal/ExceptionMacros.h
-- Installing: /opt/opensim/sdk/Simbody/include/simbody/SimTKcommon/internal/ResetOnCopy.h
-- Installing: /opt/opensim/sdk/Simbody/include/simbody/SimTKcommon/internal/Xml.h
-- Installing: /opt/opensim/sdk/Simbody/include/simbody/SimTKcommon/internal/Function.h
-- Installing: /opt/opensim/sdk/Simbody/include/simbody/SimTKcommon/internal/RowVectorBase.h
-- Installing: /opt/opensim/sdk/Simbody/include/simbody/SimTKcommon/internal/Mat.h
-- Installing: /opt/opensim/sdk/Simbody/include/simbody/SimTKcommon/internal/ParallelWorkQueue.h
-- Installing: /opt/opensim/sdk/Simbody/include/simbody/SimTKcommon/internal/SpatialAlgebra.h
-- Installing: /opt/opensim/sdk/Simbody/include/simbody/SimTKcommon/internal/Matrix_.h
-- Installing: /opt/opensim/sdk/Simbody/include/simbody/SimTKcommon/internal/IteratorRange.h
-- Installing: /opt/opensim/sdk/Simbody/include/simbody/SimTKcommon/internal/Value.h
-- Installing: /opt/opensim/sdk/Simbody/include/simbody/SimTKcommon/internal/common.h
-- Installing: /opt/opensim/sdk/Simbody/include/simbody/SimTKcommon/internal/SmallDefsThatNeedBig.h
-- Installing: /opt/opensim/sdk/Simbody/include/simbody/SimTKcommon/internal/Parallel2DExecutor.h
-- Installing: /opt/opensim/sdk/Simbody/include/simbody/SimTKcommon/internal/CloneOnWritePtr.h
-- Installing: /opt/opensim/sdk/Simbody/include/simbody/SimTKcommon/internal/Vec.h
-- Installing: /opt/opensim/sdk/Simbody/include/simbody/SimTKcommon/internal/MeasureImplementation.h
-- Installing: /opt/opensim/sdk/Simbody/include/simbody/SimTKcommon/internal/DecorativeGeometry.h
-- Installing: /opt/opensim/sdk/Simbody/include/simbody/SimTKcommon/internal/PrivateImplementation_Defs.h
-- Installing: /opt/opensim/sdk/Simbody/include/simbody/SimTKcommon/internal/ResultType.h
-- Installing: /opt/opensim/sdk/Simbody/include/simbody/SimTKcommon/internal/MatrixView_.h
-- Installing: /opt/opensim/sdk/Simbody/include/simbody/SimTKcommon/internal/Timing.h
-- Installing: /opt/opensim/sdk/Simbody/include/simbody/SimTKcommon/internal/UnitVec.h
-- Installing: /opt/opensim/sdk/Simbody/include/simbody/SimTKcommon/internal/Quaternion.h
-- Installing: /opt/opensim/sdk/Simbody/include/simbody/SimTKcommon/internal/VectorIterator.h
-- Installing: /opt/opensim/sdk/Simbody/include/simbody/SimTKcommon/internal/CoordinateAxis.h
-- Installing: /opt/opensim/sdk/Simbody/include/simbody/SimTKcommon/internal/VectorMath.h
-- Installing: /opt/opensim/sdk/Simbody/include/simbody/SimTKcommon/internal/VectorView_.h
-- Installing: /opt/opensim/sdk/Simbody/include/simbody/SimTKcommon/internal/String.h
-- Installing: /opt/opensim/sdk/Simbody/include/simbody/SimTKcommon/internal/PolygonalMesh.h
-- Installing: /opt/opensim/sdk/Simbody/include/simbody/SimTKcommon/internal/Exception.h
-- Installing: /opt/opensim/sdk/Simbody/include/simbody/SimTKcommon/internal/MatrixBase.h
-- Installing: /opt/opensim/sdk/Simbody/include/simbody/SimTKcommon/internal/PolynomialRootFinder.h
-- Installing: /opt/opensim/sdk/Simbody/include/simbody/SimTKcommon/internal/MatrixHelper.h
-- Installing: /opt/opensim/sdk/Simbody/include/simbody/SimTKcommon/internal/BigMatrix.h
-- Installing: /opt/opensim/sdk/Simbody/include/simbody/SimTKcommon/internal/EventReporter.h
-- Installing: /opt/opensim/sdk/Simbody/include/simbody/SimTKcommon/internal/RowVectorView_.h
-- Installing: /opt/opensim/sdk/Simbody/include/simbody/SimTKcommon/Constants.h
-- Installing: /opt/opensim/sdk/Simbody/include/simbody/SimTKcommon/Testing.h
-- Installing: /opt/opensim/sdk/Simbody/include/simbody/SimTKcommon/Mechanics.h
-- Installing: /opt/opensim/sdk/Simbody/include/simbody/SimTKcommon/Scalar.h
-- Installing: /opt/opensim/sdk/Simbody/include/simbody/SimTKcommon/TemplatizedLapack.h
-- Installing: /opt/opensim/sdk/Simbody/include/simbody/SimTKcommon/Orientation.h
-- Installing: /opt/opensim/sdk/Simbody/include/simbody/SimTKcommon/basics.h
-- Installing: /opt/opensim/sdk/Simbody/include/simbody/SimTKmath.h
-- Installing: /opt/opensim/sdk/Simbody/include/simbody/SimTKsimbody.h
-- Installing: /opt/opensim/sdk/Simbody/include/simbody/SimTKcommon.h
-- Installing: /opt/opensim/sdk/Simbody/include/simbody/SimTKlapack.h
-- Installing: /opt/opensim/sdk/Simbody/include/simbody/SimTKsimbody_aux.h
-- Installing: /opt/opensim/sdk/Simbody/include/simbody/simbody
-- Installing: /opt/opensim/sdk/Simbody/include/simbody/simbody/internal
-- Installing: /opt/opensim/sdk/Simbody/include/simbody/simbody/internal/MobilizedBody_LineOrientation.h
-- Installing: /opt/opensim/sdk/Simbody/include/simbody/simbody/internal/CableSpan.h
-- Installing: /opt/opensim/sdk/Simbody/include/simbody/simbody/internal/Constraint.h
-- Installing: /opt/opensim/sdk/Simbody/include/simbody/simbody/internal/AssemblyCondition_OrientationSensors.h
-- Installing: /opt/opensim/sdk/Simbody/include/simbody/simbody/internal/ForceSubsystemGuts.h
-- Installing: /opt/opensim/sdk/Simbody/include/simbody/simbody/internal/SmoothSphereHalfSpaceForce.h
-- Installing: /opt/opensim/sdk/Simbody/include/simbody/simbody/internal/SimbodyMatterSubtree.h
-- Installing: /opt/opensim/sdk/Simbody/include/simbody/simbody/internal/MobilizedBody_Ground.h
-- Installing: /opt/opensim/sdk/Simbody/include/simbody/simbody/internal/Constraint_Ball.h
-- Installing: /opt/opensim/sdk/Simbody/include/simbody/simbody/internal/Assembler.h
-- Installing: /opt/opensim/sdk/Simbody/include/simbody/simbody/internal/GeneralForceSubsystem.h
-- Installing: /opt/opensim/sdk/Simbody/include/simbody/simbody/internal/AssemblyCondition_QValue.h
-- Installing: /opt/opensim/sdk/Simbody/include/simbody/simbody/internal/ExponentialSpringForce.h
-- Installing: /opt/opensim/sdk/Simbody/include/simbody/simbody/internal/Force_MobilityLinearSpring.h
-- Installing: /opt/opensim/sdk/Simbody/include/simbody/simbody/internal/ExponentialSpringParameters.h
-- Installing: /opt/opensim/sdk/Simbody/include/simbody/simbody/internal/LocalEnergyMinimizer.h
-- Installing: /opt/opensim/sdk/Simbody/include/simbody/simbody/internal/MobilizedBody_BuiltIns.h
-- Installing: /opt/opensim/sdk/Simbody/include/simbody/simbody/internal/Force_MobilityLinearStop.h
-- Installing: /opt/opensim/sdk/Simbody/include/simbody/simbody/internal/Force_MobilityLinearDamper.h
-- Installing: /opt/opensim/sdk/Simbody/include/simbody/simbody/internal/Constraint_LineOnLineContact.h
-- Installing: /opt/opensim/sdk/Simbody/include/simbody/simbody/internal/MobilizedBody_Universal.h
-- Installing: /opt/opensim/sdk/Simbody/include/simbody/simbody/internal/MobilizedBody_Planar.h
-- Installing: /opt/opensim/sdk/Simbody/include/simbody/simbody/internal/Force_MobilityConstantForce.h
-- Installing: /opt/opensim/sdk/Simbody/include/simbody/simbody/internal/Visualizer_InputListener.h
-- Installing: /opt/opensim/sdk/Simbody/include/simbody/simbody/internal/Constraint_PointOnPlaneContact.h
-- Installing: /opt/opensim/sdk/Simbody/include/simbody/simbody/internal/MobilizedBody_Cylinder.h
-- Installing: /opt/opensim/sdk/Simbody/include/simbody/simbody/internal/HuntCrossleyForce.h
-- Installing: /opt/opensim/sdk/Simbody/include/simbody/simbody/internal/ElasticFoundationForce.h
-- Installing: /opt/opensim/sdk/Simbody/include/simbody/simbody/internal/Force.h
-- Installing: /opt/opensim/sdk/Simbody/include/simbody/simbody/internal/MobilizedBody_FunctionBased.h
-- Installing: /opt/opensim/sdk/Simbody/include/simbody/simbody/internal/Force_Custom.h
-- Installing: /opt/opensim/sdk/Simbody/include/simbody/simbody/internal/CompliantContactSubsystem.h
-- Installing: /opt/opensim/sdk/Simbody/include/simbody/simbody/internal/PLUSImpulseSolver.h
-- Installing: /opt/opensim/sdk/Simbody/include/simbody/simbody/internal/Constraint_Rod.h
-- Installing: /opt/opensim/sdk/Simbody/include/simbody/simbody/internal/AssemblyCondition_Markers.h
-- Installing: /opt/opensim/sdk/Simbody/include/simbody/simbody/internal/Force_MobilityDiscreteForce.h
-- Installing: /opt/opensim/sdk/Simbody/include/simbody/simbody/internal/MobilizedBody_Translation.h
-- Installing: /opt/opensim/sdk/Simbody/include/simbody/simbody/internal/Constraint_SphereOnSphereContact.h
-- Installing: /opt/opensim/sdk/Simbody/include/simbody/simbody/internal/Constraint_SphereOnPlaneContact.h
-- Installing: /opt/opensim/sdk/Simbody/include/simbody/simbody/internal/Force_DiscreteForces.h
-- Installing: /opt/opensim/sdk/Simbody/include/simbody/simbody/internal/Force_Gravity.h
-- Installing: /opt/opensim/sdk/Simbody/include/simbody/simbody/internal/Motion.h
-- Installing: /opt/opensim/sdk/Simbody/include/simbody/simbody/internal/common.h
-- Installing: /opt/opensim/sdk/Simbody/include/simbody/simbody/internal/PGSImpulseSolver.h
-- Installing: /opt/opensim/sdk/Simbody/include/simbody/simbody/internal/ObservedPointFitter.h
-- Installing: /opt/opensim/sdk/Simbody/include/simbody/simbody/internal/MobilizedBody_Bushing.h
-- Installing: /opt/opensim/sdk/Simbody/include/simbody/simbody/internal/Constraint_PointInPlane.h
-- Installing: /opt/opensim/sdk/Simbody/include/simbody/simbody/internal/ContactSurface.h
-- Installing: /opt/opensim/sdk/Simbody/include/simbody/simbody/internal/MobilizedBody_Gimbal.h
-- Installing: /opt/opensim/sdk/Simbody/include/simbody/simbody/internal/Constraint_Weld.h
-- Installing: /opt/opensim/sdk/Simbody/include/simbody/simbody/internal/AssemblyCondition.h
-- Installing: /opt/opensim/sdk/Simbody/include/simbody/simbody/internal/MobilizedBody_Screw.h
-- Installing: /opt/opensim/sdk/Simbody/include/simbody/simbody/internal/MobilizedBody_Slider.h
-- Installing: /opt/opensim/sdk/Simbody/include/simbody/simbody/internal/ConditionalConstraint.h
-- Installing: /opt/opensim/sdk/Simbody/include/simbody/simbody/internal/Body.h
-- Installing: /opt/opensim/sdk/Simbody/include/simbody/simbody/internal/Constraint_BuiltIns.h
-- Installing: /opt/opensim/sdk/Simbody/include/simbody/simbody/internal/MobilizedBody_Free.h
-- Installing: /opt/opensim/sdk/Simbody/include/simbody/simbody/internal/ContactTrackerSubsystem.h
-- Installing: /opt/opensim/sdk/Simbody/include/simbody/simbody/internal/SemiExplicitEulerTimeStepper.h
-- Installing: /opt/opensim/sdk/Simbody/include/simbody/simbody/internal/DecorationSubsystem.h
-- Installing: /opt/opensim/sdk/Simbody/include/simbody/simbody/internal/MobilizedBody_CantileverFreeBeam.h
-- Installing: /opt/opensim/sdk/Simbody/include/simbody/simbody/internal/MobilizedBody_FreeLine.h
-- Installing: /opt/opensim/sdk/Simbody/include/simbody/simbody/internal/CablePath.h
-- Installing: /opt/opensim/sdk/Simbody/include/simbody/simbody/internal/MultibodySystem.h
-- Installing: /opt/opensim/sdk/Simbody/include/simbody/simbody/internal/Force_Thermostat.h
-- Installing: /opt/opensim/sdk/Simbody/include/simbody/simbody/internal/MobilizedBody_Ball.h
-- Installing: /opt/opensim/sdk/Simbody/include/simbody/simbody/internal/ForceSubsystem.h
-- Installing: /opt/opensim/sdk/Simbody/include/simbody/simbody/internal/Visualizer.h
-- Installing: /opt/opensim/sdk/Simbody/include/simbody/simbody/internal/MobilizedBody_BendStretch.h
-- Installing: /opt/opensim/sdk/Simbody/include/simbody/simbody/internal/Force_LinearBushing.h
-- Installing: /opt/opensim/sdk/Simbody/include/simbody/simbody/internal/MobilizedBody_SphericalCoords.h
-- Installing: /opt/opensim/sdk/Simbody/include/simbody/simbody/internal/SimbodyMatterSubsystem.h
-- Installing: /opt/opensim/sdk/Simbody/include/simbody/simbody/internal/MobilizedBody_Custom.h
-- Installing: /opt/opensim/sdk/Simbody/include/simbody/simbody/internal/Visualizer_Reporter.h
-- Installing: /opt/opensim/sdk/Simbody/include/simbody/simbody/internal/MobilizedBody.h
-- Installing: /opt/opensim/sdk/Simbody/include/simbody/simbody/internal/TextDataEventReporter.h
-- Installing: /opt/opensim/sdk/Simbody/include/simbody/simbody/internal/CableSpring.h
-- Installing: /opt/opensim/sdk/Simbody/include/simbody/simbody/internal/GeneralContactSubsystem.h
-- Installing: /opt/opensim/sdk/Simbody/include/simbody/simbody/internal/CableTrackerSubsystem.h
-- Installing: /opt/opensim/sdk/Simbody/include/simbody/simbody/internal/Force_BuiltIns.h
-- Installing: /opt/opensim/sdk/Simbody/include/simbody/simbody/internal/ImpulseSolver.h
-- Installing: /opt/opensim/sdk/Simbody/include/simbody/simbody/internal/MobilizedBody_Ellipsoid.h
-- Installing: /opt/opensim/sdk/Simbody/include/simbody/simbody/internal/MobilizedBody_Weld.h
-- Installing: /opt/opensim/sdk/Simbody/include/simbody/simbody/internal/HuntCrossleyContact.h
-- Installing: /opt/opensim/sdk/Simbody/include/simbody/simbody/internal/MobilizedBody_Pin.h
-- Installing: /opt/opensim/sdk/Simbody/include/simbody/simmath
-- Installing: /opt/opensim/sdk/Simbody/include/simbody/simmath/TimeStepper.h
-- Installing: /opt/opensim/sdk/Simbody/include/simbody/simmath/LinearAlgebra.h
-- Installing: /opt/opensim/sdk/Simbody/include/simbody/simmath/RungeKuttaFeldbergIntegrator.h
-- Installing: /opt/opensim/sdk/Simbody/include/simbody/simmath/VerletIntegrator.h
-- Installing: /opt/opensim/sdk/Simbody/include/simbody/simmath/CPodesIntegrator.h
-- Installing: /opt/opensim/sdk/Simbody/include/simbody/simmath/Differentiator.h
-- Installing: /opt/opensim/sdk/Simbody/include/simbody/simmath/SemiExplicitEuler2Integrator.h
-- Installing: /opt/opensim/sdk/Simbody/include/simbody/simmath/Optimizer.h
-- Installing: /opt/opensim/sdk/Simbody/include/simbody/simmath/internal
-- Installing: /opt/opensim/sdk/Simbody/include/simbody/simmath/internal/OptimizerRep.h
-- Installing: /opt/opensim/sdk/Simbody/include/simbody/simmath/internal/Contact.h
-- Installing: /opt/opensim/sdk/Simbody/include/simbody/simmath/internal/Geo_CubicBezierCurve.h
-- Installing: /opt/opensim/sdk/Simbody/include/simbody/simmath/internal/Geo_LineSeg.h
-- Installing: /opt/opensim/sdk/Simbody/include/simbody/simmath/internal/Geo_CubicHermiteCurve.h
-- Installing: /opt/opensim/sdk/Simbody/include/simbody/simmath/internal/CollisionDetectionAlgorithm.h
-- Installing: /opt/opensim/sdk/Simbody/include/simbody/simmath/internal/Geo_BicubicBezierPatch.h
-- Installing: /opt/opensim/sdk/Simbody/include/simbody/simmath/internal/ContactTracker.h
-- Installing: /opt/opensim/sdk/Simbody/include/simbody/simmath/internal/Geo_Sphere.h
-- Installing: /opt/opensim/sdk/Simbody/include/simbody/simmath/internal/OBBTree.h
-- Installing: /opt/opensim/sdk/Simbody/include/simbody/simmath/internal/BicubicSurface.h
-- Installing: /opt/opensim/sdk/Simbody/include/simbody/simmath/internal/Geo.h
-- Installing: /opt/opensim/sdk/Simbody/include/simbody/simmath/internal/GeodesicIntegrator.h
-- Installing: /opt/opensim/sdk/Simbody/include/simbody/simmath/internal/ParticleConSurfaceSystem.h
-- Installing: /opt/opensim/sdk/Simbody/include/simbody/simmath/internal/Geo_Triangle.h
-- Installing: /opt/opensim/sdk/Simbody/include/simbody/simmath/internal/common.h
-- Installing: /opt/opensim/sdk/Simbody/include/simbody/simmath/internal/Geo_Box.h
-- Installing: /opt/opensim/sdk/Simbody/include/simbody/simmath/internal/SimTKcpodes.h
-- Installing: /opt/opensim/sdk/Simbody/include/simbody/simmath/internal/Geo_BicubicHermitePatch.h
-- Installing: /opt/opensim/sdk/Simbody/include/simbody/simmath/internal/ContactGeometry.h
-- Installing: /opt/opensim/sdk/Simbody/include/simbody/simmath/internal/Geodesic.h
-- Installing: /opt/opensim/sdk/Simbody/include/simbody/simmath/internal/Spline.h
-- Installing: /opt/opensim/sdk/Simbody/include/simbody/simmath/internal/OrientedBoundingBox.h
-- Installing: /opt/opensim/sdk/Simbody/include/simbody/simmath/internal/GCVSPLUtil.h
-- Installing: /opt/opensim/sdk/Simbody/include/simbody/simmath/internal/Geo_Point.h
-- Installing: /opt/opensim/sdk/Simbody/include/simbody/simmath/internal/SplineFitter.h
-- Installing: /opt/opensim/sdk/Simbody/include/simbody/simmath/Integrator.h
-- Installing: /opt/opensim/sdk/Simbody/include/simbody/simmath/RungeKutta2Integrator.h
-- Installing: /opt/opensim/sdk/Simbody/include/simbody/simmath/RungeKuttaMersonIntegrator.h
-- Installing: /opt/opensim/sdk/Simbody/include/simbody/simmath/RungeKutta3Integrator.h
-- Installing: /opt/opensim/sdk/Simbody/include/simbody/simmath/MultibodyGraphMaker.h
-- Installing: /opt/opensim/sdk/Simbody/include/simbody/simmath/ExplicitEulerIntegrator.h
-- Installing: /opt/opensim/sdk/Simbody/include/simbody/simmath/SemiExplicitEulerIntegrator.h
-- Installing: /opt/opensim/sdk/Simbody/lib/cmake/simbody/SampleCMakeLists.txt
-- Installing: /opt/opensim/sdk/Simbody/lib/cmake/simbody/SimbodyConfig.cmake
-- Installing: /opt/opensim/sdk/Simbody/lib/cmake/simbody/SimbodyConfigVersion.cmake
-- Installing: /opt/opensim/sdk/Simbody/lib/cmake/simbody/SimbodyTargets-release.cmake
-- Installing: /opt/opensim/sdk/Simbody/lib/cmake/simbody/SimbodyTargets.cmake
-- Installing: /opt/opensim/sdk/Simbody/lib/libSimTKcommon.so
-- Installing: /opt/opensim/sdk/Simbody/lib/libSimTKcommon.so.3.9
-- Installing: /opt/opensim/sdk/Simbody/lib/libSimTKmath.so
-- Installing: /opt/opensim/sdk/Simbody/lib/libSimTKmath.so.3.9
-- Installing: /opt/opensim/sdk/Simbody/lib/libSimTKsimbody.so
-- Installing: /opt/opensim/sdk/Simbody/lib/libSimTKsimbody.so.3.9
-- Installing: /opt/opensim/sdk/Simbody/libexec/simbody
-- Installing: /opt/opensim/sdk/Simbody/libexec/simbody/simbody-visualizer
-- Installing: /opt/opensim/sdk/lib/libezc3d.so
-- Installing: /opt/opensim/sdk/spdlog
-- Installing: /opt/opensim/sdk/spdlog/lib
-- Installing: /opt/opensim/sdk/spdlog/lib/libspdlog.a
-- Installing: /opt/opensim/sdk/spdlog/lib/cmake
-- Installing: /opt/opensim/sdk/spdlog/lib/cmake/spdlog
-- Installing: /opt/opensim/sdk/spdlog/lib/cmake/spdlog/spdlogConfigTargets.cmake
-- Installing: /opt/opensim/sdk/spdlog/lib/cmake/spdlog/spdlogConfigVersion.cmake
-- Installing: /opt/opensim/sdk/spdlog/lib/cmake/spdlog/spdlogConfig.cmake
-- Installing: /opt/opensim/sdk/spdlog/lib/cmake/spdlog/spdlogConfigTargets-release.cmake
-- Installing: /opt/opensim/sdk/spdlog/lib/pkgconfig
-- Installing: /opt/opensim/sdk/spdlog/lib/pkgconfig/spdlog.pc
-- Installing: /opt/opensim/sdk/spdlog/include
-- Installing: /opt/opensim/sdk/spdlog/include/spdlog
-- Installing: /opt/opensim/sdk/spdlog/include/spdlog/tweakme.h
-- Installing: /opt/opensim/sdk/spdlog/include/spdlog/async_logger.h
-- Installing: /opt/opensim/sdk/spdlog/include/spdlog/fmt
-- Installing: /opt/opensim/sdk/spdlog/include/spdlog/fmt/ranges.h
-- Installing: /opt/opensim/sdk/spdlog/include/spdlog/fmt/compile.h
-- Installing: /opt/opensim/sdk/spdlog/include/spdlog/fmt/chrono.h
-- Installing: /opt/opensim/sdk/spdlog/include/spdlog/fmt/fmt.h
-- Installing: /opt/opensim/sdk/spdlog/include/spdlog/fmt/bin_to_hex.h
-- Installing: /opt/opensim/sdk/spdlog/include/spdlog/fmt/ostr.h
-- Installing: /opt/opensim/sdk/spdlog/include/spdlog/fmt/xchar.h
-- Installing: /opt/opensim/sdk/spdlog/include/spdlog/fmt/std.h
-- Installing: /opt/opensim/sdk/spdlog/include/spdlog/fmt/bundled
-- Installing: /opt/opensim/sdk/spdlog/include/spdlog/fmt/bundled/ostream.h
-- Installing: /opt/opensim/sdk/spdlog/include/spdlog/fmt/bundled/ranges.h
-- Installing: /opt/opensim/sdk/spdlog/include/spdlog/fmt/bundled/base.h
-- Installing: /opt/opensim/sdk/spdlog/include/spdlog/fmt/bundled/compile.h
-- Installing: /opt/opensim/sdk/spdlog/include/spdlog/fmt/bundled/chrono.h
-- Installing: /opt/opensim/sdk/spdlog/include/spdlog/fmt/bundled/os.h
-- Installing: /opt/opensim/sdk/spdlog/include/spdlog/fmt/bundled/format.h
-- Installing: /opt/opensim/sdk/spdlog/include/spdlog/fmt/bundled/format-inl.h
-- Installing: /opt/opensim/sdk/spdlog/include/spdlog/fmt/bundled/xchar.h
-- Installing: /opt/opensim/sdk/spdlog/include/spdlog/fmt/bundled/fmt.license.rst
-- Installing: /opt/opensim/sdk/spdlog/include/spdlog/fmt/bundled/std.h
-- Installing: /opt/opensim/sdk/spdlog/include/spdlog/fmt/bundled/printf.h
-- Installing: /opt/opensim/sdk/spdlog/include/spdlog/fmt/bundled/color.h
-- Installing: /opt/opensim/sdk/spdlog/include/spdlog/fmt/bundled/core.h
-- Installing: /opt/opensim/sdk/spdlog/include/spdlog/fmt/bundled/args.h
-- Installing: /opt/opensim/sdk/spdlog/include/spdlog/cfg
-- Installing: /opt/opensim/sdk/spdlog/include/spdlog/cfg/helpers.h
-- Installing: /opt/opensim/sdk/spdlog/include/spdlog/cfg/env.h
-- Installing: /opt/opensim/sdk/spdlog/include/spdlog/cfg/helpers-inl.h
-- Installing: /opt/opensim/sdk/spdlog/include/spdlog/cfg/argv.h
-- Installing: /opt/opensim/sdk/spdlog/include/spdlog/formatter.h
-- Installing: /opt/opensim/sdk/spdlog/include/spdlog/common-inl.h
-- Installing: /opt/opensim/sdk/spdlog/include/spdlog/details
-- Installing: /opt/opensim/sdk/spdlog/include/spdlog/details/fmt_helper.h
-- Installing: /opt/opensim/sdk/spdlog/include/spdlog/details/periodic_worker.h
-- Installing: /opt/opensim/sdk/spdlog/include/spdlog/details/synchronous_factory.h
-- Installing: /opt/opensim/sdk/spdlog/include/spdlog/details/log_msg.h
-- Installing: /opt/opensim/sdk/spdlog/include/spdlog/details/backtracer.h
-- Installing: /opt/opensim/sdk/spdlog/include/spdlog/details/os.h
-- Installing: /opt/opensim/sdk/spdlog/include/spdlog/details/file_helper.h
-- Installing: /opt/opensim/sdk/spdlog/include/spdlog/details/os-inl.h
-- Installing: /opt/opensim/sdk/spdlog/include/spdlog/details/mpmc_blocking_q.h
-- Installing: /opt/opensim/sdk/spdlog/include/spdlog/details/file_helper-inl.h
-- Installing: /opt/opensim/sdk/spdlog/include/spdlog/details/periodic_worker-inl.h
-- Installing: /opt/opensim/sdk/spdlog/include/spdlog/details/thread_pool-inl.h
-- Installing: /opt/opensim/sdk/spdlog/include/spdlog/details/tcp_client.h
-- Installing: /opt/opensim/sdk/spdlog/include/spdlog/details/log_msg-inl.h
-- Installing: /opt/opensim/sdk/spdlog/include/spdlog/details/backtracer-inl.h
-- Installing: /opt/opensim/sdk/spdlog/include/spdlog/details/tcp_client-windows.h
-- Installing: /opt/opensim/sdk/spdlog/include/spdlog/details/null_mutex.h
-- Installing: /opt/opensim/sdk/spdlog/include/spdlog/details/circular_q.h
-- Installing: /opt/opensim/sdk/spdlog/include/spdlog/details/thread_pool.h
-- Installing: /opt/opensim/sdk/spdlog/include/spdlog/details/udp_client-windows.h
-- Installing: /opt/opensim/sdk/spdlog/include/spdlog/details/log_msg_buffer-inl.h
-- Installing: /opt/opensim/sdk/spdlog/include/spdlog/details/registry-inl.h
-- Installing: /opt/opensim/sdk/spdlog/include/spdlog/details/windows_include.h
-- Installing: /opt/opensim/sdk/spdlog/include/spdlog/details/udp_client.h
-- Installing: /opt/opensim/sdk/spdlog/include/spdlog/details/registry.h
-- Installing: /opt/opensim/sdk/spdlog/include/spdlog/details/log_msg_buffer.h
-- Installing: /opt/opensim/sdk/spdlog/include/spdlog/details/console_globals.h
-- Installing: /opt/opensim/sdk/spdlog/include/spdlog/spdlog-inl.h
-- Installing: /opt/opensim/sdk/spdlog/include/spdlog/stopwatch.h
-- Installing: /opt/opensim/sdk/spdlog/include/spdlog/logger-inl.h
-- Installing: /opt/opensim/sdk/spdlog/include/spdlog/logger.h
-- Installing: /opt/opensim/sdk/spdlog/include/spdlog/async.h
-- Installing: /opt/opensim/sdk/spdlog/include/spdlog/fwd.h
-- Installing: /opt/opensim/sdk/spdlog/include/spdlog/pattern_formatter-inl.h
-- Installing: /opt/opensim/sdk/spdlog/include/spdlog/common.h
-- Installing: /opt/opensim/sdk/spdlog/include/spdlog/async_logger-inl.h
-- Installing: /opt/opensim/sdk/spdlog/include/spdlog/pattern_formatter.h
-- Installing: /opt/opensim/sdk/spdlog/include/spdlog/sinks
-- Installing: /opt/opensim/sdk/spdlog/include/spdlog/sinks/base_sink.h
-- Installing: /opt/opensim/sdk/spdlog/include/spdlog/sinks/hourly_file_sink.h
-- Installing: /opt/opensim/sdk/spdlog/include/spdlog/sinks/android_sink.h
-- Installing: /opt/opensim/sdk/spdlog/include/spdlog/sinks/sink-inl.h
-- Installing: /opt/opensim/sdk/spdlog/include/spdlog/sinks/ostream_sink.h
-- Installing: /opt/opensim/sdk/spdlog/include/spdlog/sinks/ansicolor_sink.h
-- Installing: /opt/opensim/sdk/spdlog/include/spdlog/sinks/qt_sinks.h
-- Installing: /opt/opensim/sdk/spdlog/include/spdlog/sinks/sink.h
-- Installing: /opt/opensim/sdk/spdlog/include/spdlog/sinks/wincolor_sink-inl.h
-- Installing: /opt/opensim/sdk/spdlog/include/spdlog/sinks/systemd_sink.h
-- Installing: /opt/opensim/sdk/spdlog/include/spdlog/sinks/basic_file_sink.h
-- Installing: /opt/opensim/sdk/spdlog/include/spdlog/sinks/udp_sink.h
-- Installing: /opt/opensim/sdk/spdlog/include/spdlog/sinks/dup_filter_sink.h
-- Installing: /opt/opensim/sdk/spdlog/include/spdlog/sinks/null_sink.h
-- Installing: /opt/opensim/sdk/spdlog/include/spdlog/sinks/daily_file_sink.h
-- Installing: /opt/opensim/sdk/spdlog/include/spdlog/sinks/stdout_color_sinks-inl.h
-- Installing: /opt/opensim/sdk/spdlog/include/spdlog/sinks/dist_sink.h
-- Installing: /opt/opensim/sdk/spdlog/include/spdlog/sinks/stdout_sinks-inl.h
-- Installing: /opt/opensim/sdk/spdlog/include/spdlog/sinks/ringbuffer_sink.h
-- Installing: /opt/opensim/sdk/spdlog/include/spdlog/sinks/basic_file_sink-inl.h
-- Installing: /opt/opensim/sdk/spdlog/include/spdlog/sinks/mongo_sink.h
-- Installing: /opt/opensim/sdk/spdlog/include/spdlog/sinks/tcp_sink.h
-- Installing: /opt/opensim/sdk/spdlog/include/spdlog/sinks/rotating_file_sink.h
-- Installing: /opt/opensim/sdk/spdlog/include/spdlog/sinks/kafka_sink.h
-- Installing: /opt/opensim/sdk/spdlog/include/spdlog/sinks/stdout_sinks.h
-- Installing: /opt/opensim/sdk/spdlog/include/spdlog/sinks/win_eventlog_sink.h
-- Installing: /opt/opensim/sdk/spdlog/include/spdlog/sinks/callback_sink.h
-- Installing: /opt/opensim/sdk/spdlog/include/spdlog/sinks/wincolor_sink.h
-- Installing: /opt/opensim/sdk/spdlog/include/spdlog/sinks/base_sink-inl.h
-- Installing: /opt/opensim/sdk/spdlog/include/spdlog/sinks/ansicolor_sink-inl.h
-- Installing: /opt/opensim/sdk/spdlog/include/spdlog/sinks/stdout_color_sinks.h
-- Installing: /opt/opensim/sdk/spdlog/include/spdlog/sinks/syslog_sink.h
-- Installing: /opt/opensim/sdk/spdlog/include/spdlog/sinks/msvc_sink.h
-- Installing: /opt/opensim/sdk/spdlog/include/spdlog/sinks/rotating_file_sink-inl.h
-- Installing: /opt/opensim/sdk/spdlog/include/spdlog/version.h
-- Installing: /opt/opensim/sdk/spdlog/include/spdlog/spdlog.h
-- Installing: /opt/opensim/sdk/spdlog/include/spdlog/mdc.h
-- Installing: /opt/opensim/sdk/OpenSim_buildinfo.txt
-- Installing: /opt/opensim/sdk/lib/libosimdocopt.so
-- Set runtime path of "/opt/opensim/sdk/lib/libosimdocopt.so" to "$ORIGIN/:$ORIGIN/../../sdk/Simbody/lib"
-- Installing: /opt/opensim/sdk/include/OpenSim/docopt/docopt.h
-- Installing: /opt/opensim/sdk/include/OpenSim/docopt/docopt_private.h
-- Installing: /opt/opensim/sdk/include/OpenSim/docopt/docopt_util.h
-- Installing: /opt/opensim/sdk/include/OpenSim/docopt/docopt_value.h
-- Installing: /opt/opensim/sdk/lib/libosimLepton.so
-- Set runtime path of "/opt/opensim/sdk/lib/libosimLepton.so" to "$ORIGIN/:$ORIGIN/../../sdk/Simbody/lib"
-- Installing: /opt/opensim/sdk/include/OpenSim/lepton/../Lepton.h
-- Installing: /opt/opensim/sdk/include/OpenSim/lepton/CompiledExpression.h
-- Installing: /opt/opensim/sdk/include/OpenSim/lepton/CustomFunction.h
-- Installing: /opt/opensim/sdk/include/OpenSim/lepton/Exception.h
-- Installing: /opt/opensim/sdk/include/OpenSim/lepton/ExpressionProgram.h
-- Installing: /opt/opensim/sdk/include/OpenSim/lepton/ExpressionTreeNode.h
-- Installing: /opt/opensim/sdk/include/OpenSim/lepton/Operation.h
-- Installing: /opt/opensim/sdk/include/OpenSim/lepton/ParsedExpression.h
-- Installing: /opt/opensim/sdk/include/OpenSim/lepton/Parser.h
-- Installing: /opt/opensim/sdk/include/OpenSim/lepton/windowsIncludes.h
-- Installing: /opt/opensim/sdk/lib/libosimCommon.so
-- Set runtime path of "/opt/opensim/sdk/lib/libosimCommon.so" to "$ORIGIN/:$ORIGIN/../../sdk/Simbody/lib"
-- Installing: /opt/opensim/sdk/include/OpenSim/Common/APDMDataReader.h
-- Installing: /opt/opensim/sdk/include/OpenSim/Common/APDMDataReaderSettings.h
-- Installing: /opt/opensim/sdk/include/OpenSim/Common/About.h
-- Installing: /opt/opensim/sdk/include/OpenSim/Common/AbstractDataTable.h
-- Installing: /opt/opensim/sdk/include/OpenSim/Common/AbstractProperty.h
-- Installing: /opt/opensim/sdk/include/OpenSim/Common/Adapters.h
-- Installing: /opt/opensim/sdk/include/OpenSim/Common/Array.h
-- Installing: /opt/opensim/sdk/include/OpenSim/Common/ArrayPtrs.h
-- Installing: /opt/opensim/sdk/include/OpenSim/Common/Assertion.h
-- Installing: /opt/opensim/sdk/include/OpenSim/Common/C3DFileAdapter.h
-- Installing: /opt/opensim/sdk/include/OpenSim/Common/CSVFileAdapter.h
-- Installing: /opt/opensim/sdk/include/OpenSim/Common/CommonUtilities.h
-- Installing: /opt/opensim/sdk/include/OpenSim/Common/Component.h
-- Installing: /opt/opensim/sdk/include/OpenSim/Common/ComponentList.h
-- Installing: /opt/opensim/sdk/include/OpenSim/Common/ComponentOutput.h
-- Installing: /opt/opensim/sdk/include/OpenSim/Common/ComponentPath.h
-- Installing: /opt/opensim/sdk/include/OpenSim/Common/ComponentSocket.h
-- Installing: /opt/opensim/sdk/include/OpenSim/Common/Constant.h
-- Installing: /opt/opensim/sdk/include/OpenSim/Common/DataAdapter.h
-- Installing: /opt/opensim/sdk/include/OpenSim/Common/DataQueue.h
-- Installing: /opt/opensim/sdk/include/OpenSim/Common/DataTable.h
-- Installing: /opt/opensim/sdk/include/OpenSim/Common/DebugUtilities.h
-- Installing: /opt/opensim/sdk/include/OpenSim/Common/DelimFileAdapter.h
-- Installing: /opt/opensim/sdk/include/OpenSim/Common/Event.h
-- Installing: /opt/opensim/sdk/include/OpenSim/Common/Exception.h
-- Installing: /opt/opensim/sdk/include/OpenSim/Common/ExperimentalSensor.h
-- Installing: /opt/opensim/sdk/include/OpenSim/Common/ExpressionBasedFunction.h
-- Installing: /opt/opensim/sdk/include/OpenSim/Common/FileAdapter.h
-- Installing: /opt/opensim/sdk/include/OpenSim/Common/Function.h
-- Installing: /opt/opensim/sdk/include/OpenSim/Common/FunctionAdapter.h
-- Installing: /opt/opensim/sdk/include/OpenSim/Common/FunctionSet.h
-- Installing: /opt/opensim/sdk/include/OpenSim/Common/GCVSpline.h
-- Installing: /opt/opensim/sdk/include/OpenSim/Common/GCVSplineSet.h
-- Installing: /opt/opensim/sdk/include/OpenSim/Common/IMUDataReader.h
-- Installing: /opt/opensim/sdk/include/OpenSim/Common/IO.h
-- Installing: /opt/opensim/sdk/include/OpenSim/Common/LatinHypercubeDesign.h
-- Installing: /opt/opensim/sdk/include/OpenSim/Common/LinearFunction.h
-- Installing: /opt/opensim/sdk/include/OpenSim/Common/Lmdif.h
-- Installing: /opt/opensim/sdk/include/OpenSim/Common/LoadOpenSimLibrary.h
-- Installing: /opt/opensim/sdk/include/OpenSim/Common/LogSink.h
-- Installing: /opt/opensim/sdk/include/OpenSim/Common/Logger.h
-- Installing: /opt/opensim/sdk/include/OpenSim/Common/MarkerData.h
-- Installing: /opt/opensim/sdk/include/OpenSim/Common/MarkerFrame.h
-- Installing: /opt/opensim/sdk/include/OpenSim/Common/ModelDisplayHints.h
-- Installing: /opt/opensim/sdk/include/OpenSim/Common/MultiplierFunction.h
-- Installing: /opt/opensim/sdk/include/OpenSim/Common/MultivariatePolynomialFunction.h
-- Installing: /opt/opensim/sdk/include/OpenSim/Common/Object.h
-- Installing: /opt/opensim/sdk/include/OpenSim/Common/ObjectGroup.h
-- Installing: /opt/opensim/sdk/include/OpenSim/Common/OptimizationTarget.h
-- Installing: /opt/opensim/sdk/include/OpenSim/Common/PiecewiseConstantFunction.h
-- Installing: /opt/opensim/sdk/include/OpenSim/Common/PiecewiseLinearFunction.h
-- Installing: /opt/opensim/sdk/include/OpenSim/Common/PolynomialFunction.h
-- Installing: /opt/opensim/sdk/include/OpenSim/Common/Property.h
-- Installing: /opt/opensim/sdk/include/OpenSim/Common/PropertyBool.h
-- Installing: /opt/opensim/sdk/include/OpenSim/Common/PropertyBoolArray.h
-- Installing: /opt/opensim/sdk/include/OpenSim/Common/PropertyDbl.h
-- Installing: /opt/opensim/sdk/include/OpenSim/Common/PropertyDblArray.h
-- Installing: /opt/opensim/sdk/include/OpenSim/Common/PropertyDblVec.h
-- Installing: /opt/opensim/sdk/include/OpenSim/Common/PropertyGroup.h
-- Installing: /opt/opensim/sdk/include/OpenSim/Common/PropertyInt.h
-- Installing: /opt/opensim/sdk/include/OpenSim/Common/PropertyIntArray.h
-- Installing: /opt/opensim/sdk/include/OpenSim/Common/PropertyObj.h
-- Installing: /opt/opensim/sdk/include/OpenSim/Common/PropertyObjArray.h
-- Installing: /opt/opensim/sdk/include/OpenSim/Common/PropertyObjPtr.h
-- Installing: /opt/opensim/sdk/include/OpenSim/Common/PropertySet.h
-- Installing: /opt/opensim/sdk/include/OpenSim/Common/PropertyStr.h
-- Installing: /opt/opensim/sdk/include/OpenSim/Common/PropertyStrArray.h
-- Installing: /opt/opensim/sdk/include/OpenSim/Common/PropertyTable.h
-- Installing: /opt/opensim/sdk/include/OpenSim/Common/PropertyTransform.h
-- Installing: /opt/opensim/sdk/include/OpenSim/Common/Property_Deprecated.h
-- Installing: /opt/opensim/sdk/include/OpenSim/Common/RegisterTypes_osimCommon.h
-- Installing: /opt/opensim/sdk/include/OpenSim/Common/Reporter.h
-- Installing: /opt/opensim/sdk/include/OpenSim/Common/RootSolver.h
-- Installing: /opt/opensim/sdk/include/OpenSim/Common/STOFileAdapter.h
-- Installing: /opt/opensim/sdk/include/OpenSim/Common/Scale.h
-- Installing: /opt/opensim/sdk/include/OpenSim/Common/ScaleSet.h
-- Installing: /opt/opensim/sdk/include/OpenSim/Common/ScopeExit.h
-- Installing: /opt/opensim/sdk/include/OpenSim/Common/SegmentedQuinticBezierToolkit.h
-- Installing: /opt/opensim/sdk/include/OpenSim/Common/Set.h
-- Installing: /opt/opensim/sdk/include/OpenSim/Common/Signal.h
-- Installing: /opt/opensim/sdk/include/OpenSim/Common/SignalGenerator.h
-- Installing: /opt/opensim/sdk/include/OpenSim/Common/SimmIO.h
-- Installing: /opt/opensim/sdk/include/OpenSim/Common/SimmMacros.h
-- Installing: /opt/opensim/sdk/include/OpenSim/Common/SimmSpline.h
-- Installing: /opt/opensim/sdk/include/OpenSim/Common/Sine.h
-- Installing: /opt/opensim/sdk/include/OpenSim/Common/SmoothSegmentedFunction.h
-- Installing: /opt/opensim/sdk/include/OpenSim/Common/SmoothSegmentedFunctionFactory.h
-- Installing: /opt/opensim/sdk/include/OpenSim/Common/StateVector.h
-- Installing: /opt/opensim/sdk/include/OpenSim/Common/StepFunction.h
-- Installing: /opt/opensim/sdk/include/OpenSim/Common/Stopwatch.h
-- Installing: /opt/opensim/sdk/include/OpenSim/Common/Storage.h
-- Installing: /opt/opensim/sdk/include/OpenSim/Common/StorageFactory.h
-- Installing: /opt/opensim/sdk/include/OpenSim/Common/StorageInterface.h
-- Installing: /opt/opensim/sdk/include/OpenSim/Common/TRCFileAdapter.h
-- Installing: /opt/opensim/sdk/include/OpenSim/Common/TableSource.h
-- Installing: /opt/opensim/sdk/include/OpenSim/Common/TableUtilities.h
-- Installing: /opt/opensim/sdk/include/OpenSim/Common/TimeSeriesTable.h
-- Installing: /opt/opensim/sdk/include/OpenSim/Common/Units.h
-- Installing: /opt/opensim/sdk/include/OpenSim/Common/ValueArray.h
-- Installing: /opt/opensim/sdk/include/OpenSim/Common/ValueArrayDictionary.h
-- Installing: /opt/opensim/sdk/include/OpenSim/Common/VectorFunction.h
-- Installing: /opt/opensim/sdk/include/OpenSim/Common/VectorFunctionUncoupledNxN.h
-- Installing: /opt/opensim/sdk/include/OpenSim/Common/XMLDocument.h
-- Installing: /opt/opensim/sdk/include/OpenSim/Common/XYFunctionInterface.h
-- Installing: /opt/opensim/sdk/include/OpenSim/Common/XsensDataReader.h
-- Installing: /opt/opensim/sdk/include/OpenSim/Common/XsensDataReaderSettings.h
-- Installing: /opt/opensim/sdk/include/OpenSim/Common/gcvspl.h
-- Installing: /opt/opensim/sdk/include/OpenSim/Common/osimCommon.h
-- Installing: /opt/opensim/sdk/include/OpenSim/Common/osimCommonDLL.h
-- Installing: /opt/opensim/sdk/include/OpenSim/Common/osimCommonTemplates.h
-- Installing: /opt/opensim/sdk/lib/libosimSimulation.so
-- Set runtime path of "/opt/opensim/sdk/lib/libosimSimulation.so" to "$ORIGIN/:$ORIGIN/../../sdk/Simbody/lib"
-- Installing: /opt/opensim/sdk/include/OpenSim/Simulation/./AssemblySolver.h
-- Installing: /opt/opensim/sdk/include/OpenSim/Simulation/./BufferedOrientationsReference.h
-- Installing: /opt/opensim/sdk/include/OpenSim/Simulation/./CoordinateReference.h
-- Installing: /opt/opensim/sdk/include/OpenSim/Simulation/./InverseDynamicsSolver.h
-- Installing: /opt/opensim/sdk/include/OpenSim/Simulation/./InverseKinematicsSolver.h
-- Installing: /opt/opensim/sdk/include/OpenSim/Simulation/./MarkersReference.h
-- Installing: /opt/opensim/sdk/include/OpenSim/Simulation/./MomentArmSolver.h
-- Installing: /opt/opensim/sdk/include/OpenSim/Simulation/./OrientationsReference.h
-- Installing: /opt/opensim/sdk/include/OpenSim/Simulation/./PositionMotion.h
-- Installing: /opt/opensim/sdk/include/OpenSim/Simulation/./Reference.h
-- Installing: /opt/opensim/sdk/include/OpenSim/Simulation/./RegisterTypes_osimSimulation.h
-- Installing: /opt/opensim/sdk/include/OpenSim/Simulation/./SimulationUtilities.h
-- Installing: /opt/opensim/sdk/include/OpenSim/Simulation/./Solver.h
-- Installing: /opt/opensim/sdk/include/OpenSim/Simulation/./StatesDocument.h
-- Installing: /opt/opensim/sdk/include/OpenSim/Simulation/./StatesTrajectory.h
-- Installing: /opt/opensim/sdk/include/OpenSim/Simulation/./StatesTrajectoryReporter.h
-- Installing: /opt/opensim/sdk/include/OpenSim/Simulation/./TableProcessor.h
-- Installing: /opt/opensim/sdk/include/OpenSim/Simulation/./VisualizerUtilities.h
-- Installing: /opt/opensim/sdk/include/OpenSim/Simulation/./osimSimulation.h
-- Installing: /opt/opensim/sdk/include/OpenSim/Simulation/./osimSimulationDLL.h
-- Installing: /opt/opensim/sdk/include/OpenSim/Simulation/Control/Control.h
-- Installing: /opt/opensim/sdk/include/OpenSim/Simulation/Control/ControlConstant.h
-- Installing: /opt/opensim/sdk/include/OpenSim/Simulation/Control/ControlLinear.h
-- Installing: /opt/opensim/sdk/include/OpenSim/Simulation/Control/ControlLinearNode.h
-- Installing: /opt/opensim/sdk/include/OpenSim/Simulation/Control/ControlSet.h
-- Installing: /opt/opensim/sdk/include/OpenSim/Simulation/Control/ControlSetController.h
-- Installing: /opt/opensim/sdk/include/OpenSim/Simulation/Control/Controller.h
-- Installing: /opt/opensim/sdk/include/OpenSim/Simulation/Control/InputController.h
-- Installing: /opt/opensim/sdk/include/OpenSim/Simulation/Control/PrescribedController.h
-- Installing: /opt/opensim/sdk/include/OpenSim/Simulation/Control/SynergyController.h
-- Installing: /opt/opensim/sdk/include/OpenSim/Simulation/Control/TrackingController.h
-- Installing: /opt/opensim/sdk/include/OpenSim/Simulation/Manager/Manager.h
-- Installing: /opt/opensim/sdk/include/OpenSim/Simulation/Model/AbstractGeometryPath.h
-- Installing: /opt/opensim/sdk/include/OpenSim/Simulation/Model/AbstractPathPoint.h
-- Installing: /opt/opensim/sdk/include/OpenSim/Simulation/Model/AbstractTool.h
-- Installing: /opt/opensim/sdk/include/OpenSim/Simulation/Model/ActivationFiberLengthMuscle.h
-- Installing: /opt/opensim/sdk/include/OpenSim/Simulation/Model/ActivationFiberLengthMuscle_Deprecated.h
-- Installing: /opt/opensim/sdk/include/OpenSim/Simulation/Model/Actuator.h
-- Installing: /opt/opensim/sdk/include/OpenSim/Simulation/Model/ActuatorForceProbe.h
-- Installing: /opt/opensim/sdk/include/OpenSim/Simulation/Model/ActuatorPowerProbe.h
-- Installing: /opt/opensim/sdk/include/OpenSim/Simulation/Model/Analysis.h
-- Installing: /opt/opensim/sdk/include/OpenSim/Simulation/Model/AnalysisSet.h
-- Installing: /opt/opensim/sdk/include/OpenSim/Simulation/Model/Appearance.h
-- Installing: /opt/opensim/sdk/include/OpenSim/Simulation/Model/Bhargava2004MuscleMetabolicsProbe.h
-- Installing: /opt/opensim/sdk/include/OpenSim/Simulation/Model/Bhargava2004SmoothedMuscleMetabolics.h
-- Installing: /opt/opensim/sdk/include/OpenSim/Simulation/Model/Blankevoort1991Ligament.h
-- Installing: /opt/opensim/sdk/include/OpenSim/Simulation/Model/BodyScale.h
-- Installing: /opt/opensim/sdk/include/OpenSim/Simulation/Model/BodyScaleSet.h
-- Installing: /opt/opensim/sdk/include/OpenSim/Simulation/Model/BodySet.h
-- Installing: /opt/opensim/sdk/include/OpenSim/Simulation/Model/BushingForce.h
-- Installing: /opt/opensim/sdk/include/OpenSim/Simulation/Model/CMCActuatorSubsystem.h
-- Installing: /opt/opensim/sdk/include/OpenSim/Simulation/Model/ComponentSet.h
-- Installing: /opt/opensim/sdk/include/OpenSim/Simulation/Model/Condition.h
-- Installing: /opt/opensim/sdk/include/OpenSim/Simulation/Model/ConditionalPathPoint.h
-- Installing: /opt/opensim/sdk/include/OpenSim/Simulation/Model/ConstraintSet.h
-- Installing: /opt/opensim/sdk/include/OpenSim/Simulation/Model/ContactGeometry.h
-- Installing: /opt/opensim/sdk/include/OpenSim/Simulation/Model/ContactGeometrySet.h
-- Installing: /opt/opensim/sdk/include/OpenSim/Simulation/Model/ContactHalfSpace.h
-- Installing: /opt/opensim/sdk/include/OpenSim/Simulation/Model/ContactMesh.h
-- Installing: /opt/opensim/sdk/include/OpenSim/Simulation/Model/ControllerSet.h
-- Installing: /opt/opensim/sdk/include/OpenSim/Simulation/Model/CoordinateLimitForce.h
-- Installing: /opt/opensim/sdk/include/OpenSim/Simulation/Model/CoordinateSet.h
-- Installing: /opt/opensim/sdk/include/OpenSim/Simulation/Model/ElasticFoundationForce.h
-- Installing: /opt/opensim/sdk/include/OpenSim/Simulation/Model/ExponentialContactForce.h
-- Installing: /opt/opensim/sdk/include/OpenSim/Simulation/Model/ExpressionBasedBushingForce.h
-- Installing: /opt/opensim/sdk/include/OpenSim/Simulation/Model/ExpressionBasedCoordinateForce.h
-- Installing: /opt/opensim/sdk/include/OpenSim/Simulation/Model/ExpressionBasedPathForce.h
-- Installing: /opt/opensim/sdk/include/OpenSim/Simulation/Model/ExpressionBasedPointToPointForce.h
-- Installing: /opt/opensim/sdk/include/OpenSim/Simulation/Model/ExternalForce.h
-- Installing: /opt/opensim/sdk/include/OpenSim/Simulation/Model/ExternalLoads.h
-- Installing: /opt/opensim/sdk/include/OpenSim/Simulation/Model/Force.h
-- Installing: /opt/opensim/sdk/include/OpenSim/Simulation/Model/ForceAdapter.h
-- Installing: /opt/opensim/sdk/include/OpenSim/Simulation/Model/ForceApplier.h
-- Installing: /opt/opensim/sdk/include/OpenSim/Simulation/Model/ForceConsumer.h
-- Installing: /opt/opensim/sdk/include/OpenSim/Simulation/Model/ForceProducer.h
-- Installing: /opt/opensim/sdk/include/OpenSim/Simulation/Model/ForceSet.h
-- Installing: /opt/opensim/sdk/include/OpenSim/Simulation/Model/Frame.h
-- Installing: /opt/opensim/sdk/include/OpenSim/Simulation/Model/FunctionBasedBushingForce.h
-- Installing: /opt/opensim/sdk/include/OpenSim/Simulation/Model/FunctionBasedPath.h
-- Installing: /opt/opensim/sdk/include/OpenSim/Simulation/Model/FunctionThresholdCondition.h
-- Installing: /opt/opensim/sdk/include/OpenSim/Simulation/Model/Geometry.h
-- Installing: /opt/opensim/sdk/include/OpenSim/Simulation/Model/GeometryPath.h
-- Installing: /opt/opensim/sdk/include/OpenSim/Simulation/Model/Ground.h
-- Installing: /opt/opensim/sdk/include/OpenSim/Simulation/Model/HuntCrossleyForce.h
-- Installing: /opt/opensim/sdk/include/OpenSim/Simulation/Model/JointInternalPowerProbe.h
-- Installing: /opt/opensim/sdk/include/OpenSim/Simulation/Model/JointSet.h
-- Installing: /opt/opensim/sdk/include/OpenSim/Simulation/Model/Ligament.h
-- Installing: /opt/opensim/sdk/include/OpenSim/Simulation/Model/Marker.h
-- Installing: /opt/opensim/sdk/include/OpenSim/Simulation/Model/MarkerSet.h
-- Installing: /opt/opensim/sdk/include/OpenSim/Simulation/Model/MeyerFregly2016Force.h
-- Installing: /opt/opensim/sdk/include/OpenSim/Simulation/Model/Model.h
-- Installing: /opt/opensim/sdk/include/OpenSim/Simulation/Model/ModelComponent.h
-- Installing: /opt/opensim/sdk/include/OpenSim/Simulation/Model/ModelComponentSet.h
-- Installing: /opt/opensim/sdk/include/OpenSim/Simulation/Model/ModelVisualPreferences.h
-- Installing: /opt/opensim/sdk/include/OpenSim/Simulation/Model/ModelVisualizer.h
-- Installing: /opt/opensim/sdk/include/OpenSim/Simulation/Model/MovingPathPoint.h
-- Installing: /opt/opensim/sdk/include/OpenSim/Simulation/Model/Muscle.h
-- Installing: /opt/opensim/sdk/include/OpenSim/Simulation/Model/MuscleActiveFiberPowerProbe.h
-- Installing: /opt/opensim/sdk/include/OpenSim/Simulation/Model/OffsetFrame.h
-- Installing: /opt/opensim/sdk/include/OpenSim/Simulation/Model/PathActuator.h
-- Installing: /opt/opensim/sdk/include/OpenSim/Simulation/Model/PathPoint.h
-- Installing: /opt/opensim/sdk/include/OpenSim/Simulation/Model/PathPointSet.h
-- Installing: /opt/opensim/sdk/include/OpenSim/Simulation/Model/PathSpring.h
-- Installing: /opt/opensim/sdk/include/OpenSim/Simulation/Model/PhysicalFrame.h
-- Installing: /opt/opensim/sdk/include/OpenSim/Simulation/Model/PhysicalOffsetFrame.h
-- Installing: /opt/opensim/sdk/include/OpenSim/Simulation/Model/Point.h
-- Installing: /opt/opensim/sdk/include/OpenSim/Simulation/Model/PointForceDirection.h
-- Installing: /opt/opensim/sdk/include/OpenSim/Simulation/Model/PointToPointSpring.h
-- Installing: /opt/opensim/sdk/include/OpenSim/Simulation/Model/PrescribedForce.h
-- Installing: /opt/opensim/sdk/include/OpenSim/Simulation/Model/Probe.h
-- Installing: /opt/opensim/sdk/include/OpenSim/Simulation/Model/ProbeSet.h
-- Installing: /opt/opensim/sdk/include/OpenSim/Simulation/Model/Scholz2015GeometryPath.h
-- Installing: /opt/opensim/sdk/include/OpenSim/Simulation/Model/SmoothSphereHalfSpaceForce.h
-- Installing: /opt/opensim/sdk/include/OpenSim/Simulation/Model/Station.h
-- Installing: /opt/opensim/sdk/include/OpenSim/Simulation/Model/StationDefinedFrame.h
-- Installing: /opt/opensim/sdk/include/OpenSim/Simulation/Model/SystemEnergyProbe.h
-- Installing: /opt/opensim/sdk/include/OpenSim/Simulation/Model/TwoFrameLinker.h
-- Installing: /opt/opensim/sdk/include/OpenSim/Simulation/Model/Umberger2010MuscleMetabolicsProbe.h
-- Installing: /opt/opensim/sdk/include/OpenSim/Simulation/Wrap/PathWrap.h
-- Installing: /opt/opensim/sdk/include/OpenSim/Simulation/Wrap/PathWrapPoint.h
-- Installing: /opt/opensim/sdk/include/OpenSim/Simulation/Wrap/PathWrapSet.h
-- Installing: /opt/opensim/sdk/include/OpenSim/Simulation/Wrap/WrapCylinder.h
-- Installing: /opt/opensim/sdk/include/OpenSim/Simulation/Wrap/WrapEllipsoid.h
-- Installing: /opt/opensim/sdk/include/OpenSim/Simulation/Wrap/WrapMath.h
-- Installing: /opt/opensim/sdk/include/OpenSim/Simulation/Wrap/WrapObject.h
-- Installing: /opt/opensim/sdk/include/OpenSim/Simulation/Wrap/WrapObjectSet.h
-- Installing: /opt/opensim/sdk/include/OpenSim/Simulation/Wrap/WrapResult.h
-- Installing: /opt/opensim/sdk/include/OpenSim/Simulation/Wrap/WrapSphere.h
-- Installing: /opt/opensim/sdk/include/OpenSim/Simulation/Wrap/WrapTorus.h
-- Installing: /opt/opensim/sdk/include/OpenSim/Simulation/SimbodyEngine/BallJoint.h
-- Installing: /opt/opensim/sdk/include/OpenSim/Simulation/SimbodyEngine/Body.h
-- Installing: /opt/opensim/sdk/include/OpenSim/Simulation/SimbodyEngine/ConstantCurvatureJoint.h
-- Installing: /opt/opensim/sdk/include/OpenSim/Simulation/SimbodyEngine/ConstantDistanceConstraint.h
-- Installing: /opt/opensim/sdk/include/OpenSim/Simulation/SimbodyEngine/Constraint.h
-- Installing: /opt/opensim/sdk/include/OpenSim/Simulation/SimbodyEngine/Coordinate.h
-- Installing: /opt/opensim/sdk/include/OpenSim/Simulation/SimbodyEngine/CoordinateCouplerConstraint.h
-- Installing: /opt/opensim/sdk/include/OpenSim/Simulation/SimbodyEngine/CustomJoint.h
-- Installing: /opt/opensim/sdk/include/OpenSim/Simulation/SimbodyEngine/EllipsoidJoint.h
-- Installing: /opt/opensim/sdk/include/OpenSim/Simulation/SimbodyEngine/FreeJoint.h
-- Installing: /opt/opensim/sdk/include/OpenSim/Simulation/SimbodyEngine/GimbalJoint.h
-- Installing: /opt/opensim/sdk/include/OpenSim/Simulation/SimbodyEngine/Joint.h
-- Installing: /opt/opensim/sdk/include/OpenSim/Simulation/SimbodyEngine/PinJoint.h
-- Installing: /opt/opensim/sdk/include/OpenSim/Simulation/SimbodyEngine/PlanarJoint.h
-- Installing: /opt/opensim/sdk/include/OpenSim/Simulation/SimbodyEngine/PointConstraint.h
-- Installing: /opt/opensim/sdk/include/OpenSim/Simulation/SimbodyEngine/PointOnLineConstraint.h
-- Installing: /opt/opensim/sdk/include/OpenSim/Simulation/SimbodyEngine/RollingOnSurfaceConstraint.h
-- Installing: /opt/opensim/sdk/include/OpenSim/Simulation/SimbodyEngine/ScapulothoracicJoint.h
-- Installing: /opt/opensim/sdk/include/OpenSim/Simulation/SimbodyEngine/SimbodyEngine.h
-- Installing: /opt/opensim/sdk/include/OpenSim/Simulation/SimbodyEngine/SliderJoint.h
-- Installing: /opt/opensim/sdk/include/OpenSim/Simulation/SimbodyEngine/SpatialTransform.h
-- Installing: /opt/opensim/sdk/include/OpenSim/Simulation/SimbodyEngine/TransformAxis.h
-- Installing: /opt/opensim/sdk/include/OpenSim/Simulation/SimbodyEngine/UnilateralConstraint.h
-- Installing: /opt/opensim/sdk/include/OpenSim/Simulation/SimbodyEngine/UniversalJoint.h
-- Installing: /opt/opensim/sdk/include/OpenSim/Simulation/SimbodyEngine/WeldConstraint.h
-- Installing: /opt/opensim/sdk/include/OpenSim/Simulation/SimbodyEngine/WeldJoint.h
-- Installing: /opt/opensim/sdk/include/OpenSim/Simulation/OpenSense/ExperimentalFrame.h
-- Installing: /opt/opensim/sdk/include/OpenSim/Simulation/OpenSense/ExperimentalMarker.h
-- Installing: /opt/opensim/sdk/include/OpenSim/Simulation/OpenSense/IMU.h
-- Installing: /opt/opensim/sdk/include/OpenSim/Simulation/OpenSense/IMUPlacer.h
-- Installing: /opt/opensim/sdk/include/OpenSim/Simulation/OpenSense/OpenSenseUtilities.h
-- Installing: /opt/opensim/sdk/lib/libosimActuators.so
-- Set runtime path of "/opt/opensim/sdk/lib/libosimActuators.so" to "$ORIGIN/:$ORIGIN/../../sdk/Simbody/lib"
-- Installing: /opt/opensim/sdk/include/OpenSim/Actuators/ActivationCoordinateActuator.h
-- Installing: /opt/opensim/sdk/include/OpenSim/Actuators/ActiveForceLengthCurve.h
-- Installing: /opt/opensim/sdk/include/OpenSim/Actuators/BodyActuator.h
-- Installing: /opt/opensim/sdk/include/OpenSim/Actuators/ClutchedPathSpring.h
-- Installing: /opt/opensim/sdk/include/OpenSim/Actuators/ConstantMuscleActivation.h
-- Installing: /opt/opensim/sdk/include/OpenSim/Actuators/CoordinateActuator.h
-- Installing: /opt/opensim/sdk/include/OpenSim/Actuators/DeGrooteFregly2016Muscle.h
-- Installing: /opt/opensim/sdk/include/OpenSim/Actuators/Delp1990Muscle_Deprecated.h
-- Installing: /opt/opensim/sdk/include/OpenSim/Actuators/FiberCompressiveForceCosPennationCurve.h
-- Installing: /opt/opensim/sdk/include/OpenSim/Actuators/FiberCompressiveForceLengthCurve.h
-- Installing: /opt/opensim/sdk/include/OpenSim/Actuators/FiberForceLengthCurve.h
-- Installing: /opt/opensim/sdk/include/OpenSim/Actuators/FirstOrderMuscleActivationDynamics.h
-- Installing: /opt/opensim/sdk/include/OpenSim/Actuators/ForceVelocityCurve.h
-- Installing: /opt/opensim/sdk/include/OpenSim/Actuators/ForceVelocityInverseCurve.h
-- Installing: /opt/opensim/sdk/include/OpenSim/Actuators/McKibbenActuator.h
-- Installing: /opt/opensim/sdk/include/OpenSim/Actuators/MeyerFregly2016Muscle.h
-- Installing: /opt/opensim/sdk/include/OpenSim/Actuators/Millard2012AccelerationMuscle.h
-- Installing: /opt/opensim/sdk/include/OpenSim/Actuators/Millard2012EquilibriumMuscle.h
-- Installing: /opt/opensim/sdk/include/OpenSim/Actuators/ModelFactory.h
-- Installing: /opt/opensim/sdk/include/OpenSim/Actuators/ModelOperators.h
-- Installing: /opt/opensim/sdk/include/OpenSim/Actuators/ModelProcessor.h
-- Installing: /opt/opensim/sdk/include/OpenSim/Actuators/MuscleActivationDynamics.h
-- Installing: /opt/opensim/sdk/include/OpenSim/Actuators/MuscleFirstOrderActivationDynamicModel.h
-- Installing: /opt/opensim/sdk/include/OpenSim/Actuators/MuscleFixedWidthPennationModel.h
-- Installing: /opt/opensim/sdk/include/OpenSim/Actuators/MuscleSecondOrderActivationDynamicModel.h
-- Installing: /opt/opensim/sdk/include/OpenSim/Actuators/PointActuator.h
-- Installing: /opt/opensim/sdk/include/OpenSim/Actuators/PointToPointActuator.h
-- Installing: /opt/opensim/sdk/include/OpenSim/Actuators/PolynomialPathFitter.h
-- Installing: /opt/opensim/sdk/include/OpenSim/Actuators/RegisterTypes_osimActuators.h
-- Installing: /opt/opensim/sdk/include/OpenSim/Actuators/RigidTendonMuscle.h
-- Installing: /opt/opensim/sdk/include/OpenSim/Actuators/Schutte1993Muscle_Deprecated.h
-- Installing: /opt/opensim/sdk/include/OpenSim/Actuators/SpringGeneralizedForce.h
-- Installing: /opt/opensim/sdk/include/OpenSim/Actuators/TendonForceLengthCurve.h
-- Installing: /opt/opensim/sdk/include/OpenSim/Actuators/Thelen2003Muscle.h
-- Installing: /opt/opensim/sdk/include/OpenSim/Actuators/Thelen2003Muscle_Deprecated.h
-- Installing: /opt/opensim/sdk/include/OpenSim/Actuators/TorqueActuator.h
-- Installing: /opt/opensim/sdk/include/OpenSim/Actuators/ZerothOrderMuscleActivationDynamics.h
-- Installing: /opt/opensim/sdk/include/OpenSim/Actuators/osimActuators.h
-- Installing: /opt/opensim/sdk/include/OpenSim/Actuators/osimActuatorsDLL.h
-- Installing: /opt/opensim/sdk/lib/libosimAnalyses.so
-- Set runtime path of "/opt/opensim/sdk/lib/libosimAnalyses.so" to "$ORIGIN/:$ORIGIN/../../sdk/Simbody/lib"
-- Installing: /opt/opensim/sdk/include/OpenSim/Analyses/Actuation.h
-- Installing: /opt/opensim/sdk/include/OpenSim/Analyses/BodyKinematics.h
-- Installing: /opt/opensim/sdk/include/OpenSim/Analyses/ForceReporter.h
-- Installing: /opt/opensim/sdk/include/OpenSim/Analyses/IMUDataReporter.h
-- Installing: /opt/opensim/sdk/include/OpenSim/Analyses/InducedAccelerations.h
-- Installing: /opt/opensim/sdk/include/OpenSim/Analyses/InducedAccelerationsSolver.h
-- Installing: /opt/opensim/sdk/include/OpenSim/Analyses/InverseDynamics.h
-- Installing: /opt/opensim/sdk/include/OpenSim/Analyses/JointReaction.h
-- Installing: /opt/opensim/sdk/include/OpenSim/Analyses/Kinematics.h
-- Installing: /opt/opensim/sdk/include/OpenSim/Analyses/MuscleAnalysis.h
-- Installing: /opt/opensim/sdk/include/OpenSim/Analyses/OutputReporter.h
-- Installing: /opt/opensim/sdk/include/OpenSim/Analyses/PointKinematics.h
-- Installing: /opt/opensim/sdk/include/OpenSim/Analyses/ProbeReporter.h
-- Installing: /opt/opensim/sdk/include/OpenSim/Analyses/RegisterTypes_osimAnalyses.h
-- Installing: /opt/opensim/sdk/include/OpenSim/Analyses/StatesReporter.h
-- Installing: /opt/opensim/sdk/include/OpenSim/Analyses/StaticOptimization.h
-- Installing: /opt/opensim/sdk/include/OpenSim/Analyses/StaticOptimizationTarget.h
-- Installing: /opt/opensim/sdk/include/OpenSim/Analyses/osimAnalyses.h
-- Installing: /opt/opensim/sdk/include/OpenSim/Analyses/osimAnalysesDLL.h
-- Installing: /opt/opensim/sdk/lib/libosimExampleComponents.so
-- Set runtime path of "/opt/opensim/sdk/lib/libosimExampleComponents.so" to "$ORIGIN/:$ORIGIN/../../sdk/Simbody/lib"
-- Installing: /opt/opensim/sdk/include/OpenSim/ExampleComponents/HopperDevice.h
-- Installing: /opt/opensim/sdk/include/OpenSim/ExampleComponents/RegisterTypes_osimExampleComponents.h
-- Installing: /opt/opensim/sdk/include/OpenSim/ExampleComponents/ToyPropMyoController.h
-- Installing: /opt/opensim/sdk/include/OpenSim/ExampleComponents/ToyReflexController.h
-- Installing: /opt/opensim/sdk/include/OpenSim/ExampleComponents/osimExampleComponentsDLL.h
-- Installing: /opt/opensim/sdk/lib/libosimTools.so
-- Set runtime path of "/opt/opensim/sdk/lib/libosimTools.so" to "$ORIGIN/:$ORIGIN/../../sdk/Simbody/lib"
-- Installing: /opt/opensim/sdk/include/OpenSim/Tools/ActuatorForceTarget.h
-- Installing: /opt/opensim/sdk/include/OpenSim/Tools/ActuatorForceTargetFast.h
-- Installing: /opt/opensim/sdk/include/OpenSim/Tools/AnalyzeTool.h
-- Installing: /opt/opensim/sdk/include/OpenSim/Tools/CMC.h
-- Installing: /opt/opensim/sdk/include/OpenSim/Tools/CMCTool.h
-- Installing: /opt/opensim/sdk/include/OpenSim/Tools/CMC_Joint.h
-- Installing: /opt/opensim/sdk/include/OpenSim/Tools/CMC_Orientation.h
-- Installing: /opt/opensim/sdk/include/OpenSim/Tools/CMC_Point.h
-- Installing: /opt/opensim/sdk/include/OpenSim/Tools/CMC_Task.h
-- Installing: /opt/opensim/sdk/include/OpenSim/Tools/CMC_TaskSet.h
-- Installing: /opt/opensim/sdk/include/OpenSim/Tools/CorrectionController.h
-- Installing: /opt/opensim/sdk/include/OpenSim/Tools/DynamicsTool.h
-- Installing: /opt/opensim/sdk/include/OpenSim/Tools/ForwardTool.h
-- Installing: /opt/opensim/sdk/include/OpenSim/Tools/GenericModelMaker.h
-- Installing: /opt/opensim/sdk/include/OpenSim/Tools/IKCoordinateTask.h
-- Installing: /opt/opensim/sdk/include/OpenSim/Tools/IKMarkerTask.h
-- Installing: /opt/opensim/sdk/include/OpenSim/Tools/IKTask.h
-- Installing: /opt/opensim/sdk/include/OpenSim/Tools/IKTaskSet.h
-- Installing: /opt/opensim/sdk/include/OpenSim/Tools/IMUInverseKinematicsTool.h
-- Installing: /opt/opensim/sdk/include/OpenSim/Tools/InverseDynamicsTool.h
-- Installing: /opt/opensim/sdk/include/OpenSim/Tools/InverseKinematicsTool.h
-- Installing: /opt/opensim/sdk/include/OpenSim/Tools/InverseKinematicsToolBase.h
-- Installing: /opt/opensim/sdk/include/OpenSim/Tools/MarkerPair.h
-- Installing: /opt/opensim/sdk/include/OpenSim/Tools/MarkerPairSet.h
-- Installing: /opt/opensim/sdk/include/OpenSim/Tools/MarkerPlacer.h
-- Installing: /opt/opensim/sdk/include/OpenSim/Tools/Measurement.h
-- Installing: /opt/opensim/sdk/include/OpenSim/Tools/MeasurementSet.h
-- Installing: /opt/opensim/sdk/include/OpenSim/Tools/ModelScaler.h
-- Installing: /opt/opensim/sdk/include/OpenSim/Tools/MuscleStateTrackingTask.h
-- Installing: /opt/opensim/sdk/include/OpenSim/Tools/RRATool.h
-- Installing: /opt/opensim/sdk/include/OpenSim/Tools/RegisterTypes_osimTools.h
-- Installing: /opt/opensim/sdk/include/OpenSim/Tools/SMC_Joint.h
-- Installing: /opt/opensim/sdk/include/OpenSim/Tools/ScaleTool.h
-- Installing: /opt/opensim/sdk/include/OpenSim/Tools/StateTrackingTask.h
-- Installing: /opt/opensim/sdk/include/OpenSim/Tools/Tool.h
-- Installing: /opt/opensim/sdk/include/OpenSim/Tools/TrackingTask.h
-- Installing: /opt/opensim/sdk/include/OpenSim/Tools/VectorFunctionForActuators.h
-- Installing: /opt/opensim/sdk/include/OpenSim/Tools/osimTools.h
-- Installing: /opt/opensim/sdk/include/OpenSim/Tools/osimToolsDLL.h
-- Installing: /opt/opensim/sdk/lib/libosimMoco.so
-- Set runtime path of "/opt/opensim/sdk/lib/libosimMoco.so" to "$ORIGIN/:$ORIGIN/../../sdk/Simbody/lib"
-- Installing: /opt/opensim/sdk/include/OpenSim/Moco
-- Installing: /opt/opensim/sdk/include/OpenSim/Moco/osimMoco.h
-- Installing: /opt/opensim/sdk/include/OpenSim/Moco/MocoGoal
-- Installing: /opt/opensim/sdk/include/OpenSim/Moco/MocoGoal/MocoAccelerationTrackingGoal.h
-- Installing: /opt/opensim/sdk/include/OpenSim/Moco/MocoGoal/MocoAngularVelocityTrackingGoal.h
-- Installing: /opt/opensim/sdk/include/OpenSim/Moco/MocoGoal/MocoTranslationTrackingGoal.h
-- Installing: /opt/opensim/sdk/include/OpenSim/Moco/MocoGoal/MocoControlGoal.h
-- Installing: /opt/opensim/sdk/include/OpenSim/Moco/MocoGoal/MocoGeneralizedForceTrackingGoal.h
-- Installing: /opt/opensim/sdk/include/OpenSim/Moco/MocoGoal/MocoOutputGoal.h
-- Installing: /opt/opensim/sdk/include/OpenSim/Moco/MocoGoal/MocoInitialActivationGoal.h
-- Installing: /opt/opensim/sdk/include/OpenSim/Moco/MocoGoal/MocoMarkerFinalGoal.h
-- Installing: /opt/opensim/sdk/include/OpenSim/Moco/MocoGoal/MocoExpressionBasedParameterGoal.h
-- Installing: /opt/opensim/sdk/include/OpenSim/Moco/MocoGoal/MocoStepTimeAsymmetryGoal.h
-- Installing: /opt/opensim/sdk/include/OpenSim/Moco/MocoGoal/MocoContactTrackingGoal.h
-- Installing: /opt/opensim/sdk/include/OpenSim/Moco/MocoGoal/MocoPeriodicityGoal.h
-- Installing: /opt/opensim/sdk/include/OpenSim/Moco/MocoGoal/MocoInitialForceEquilibriumDGFGoal.h
-- Installing: /opt/opensim/sdk/include/OpenSim/Moco/MocoGoal/MocoSumSquaredStateGoal.h
-- Installing: /opt/opensim/sdk/include/OpenSim/Moco/MocoGoal/MocoContactImpulseTrackingGoal.h
-- Installing: /opt/opensim/sdk/include/OpenSim/Moco/MocoGoal/MocoGoal.h
-- Installing: /opt/opensim/sdk/include/OpenSim/Moco/MocoGoal/MocoControlTrackingGoal.h
-- Installing: /opt/opensim/sdk/include/OpenSim/Moco/MocoGoal/MocoMarkerTrackingGoal.h
-- Installing: /opt/opensim/sdk/include/OpenSim/Moco/MocoGoal/MocoJointReactionGoal.h
-- Installing: /opt/opensim/sdk/include/OpenSim/Moco/MocoGoal/MocoOrientationTrackingGoal.h
-- Installing: /opt/opensim/sdk/include/OpenSim/Moco/MocoGoal/MocoStepLengthAsymmetryGoal.h
-- Installing: /opt/opensim/sdk/include/OpenSim/Moco/MocoGoal/MocoInitialVelocityEquilibriumDGFGoal.h
-- Installing: /opt/opensim/sdk/include/OpenSim/Moco/MocoGoal/MocoStateTrackingGoal.h
-- Installing: /opt/opensim/sdk/include/OpenSim/Moco/osimMocoDLL.h
-- Installing: /opt/opensim/sdk/include/OpenSim/Moco/MocoProblemRep.h
-- Installing: /opt/opensim/sdk/include/OpenSim/Moco/MocoFrameDistanceConstraint.h
-- Installing: /opt/opensim/sdk/include/OpenSim/Moco/About.h
-- Installing: /opt/opensim/sdk/include/OpenSim/Moco/MocoConstraint.h
-- Installing: /opt/opensim/sdk/include/OpenSim/Moco/MocoStudyFactory.h
-- Installing: /opt/opensim/sdk/include/OpenSim/Moco/MocoWeightSet.h
-- Installing: /opt/opensim/sdk/include/OpenSim/Moco/MocoBounds.h
-- Installing: /opt/opensim/sdk/include/OpenSim/Moco/MocoStateBoundConstraint.h
-- Installing: /opt/opensim/sdk/include/OpenSim/Moco/MocoInverse.h
-- Installing: /opt/opensim/sdk/include/OpenSim/Moco/MocoStudy.h
-- Installing: /opt/opensim/sdk/include/OpenSim/Moco/Components
-- Installing: /opt/opensim/sdk/include/OpenSim/Moco/Components/DiscreteForces.h
-- Installing: /opt/opensim/sdk/include/OpenSim/Moco/Components/ControlDistributor.h
-- Installing: /opt/opensim/sdk/include/OpenSim/Moco/Components/AccelerationMotion.h
-- Installing: /opt/opensim/sdk/include/OpenSim/Moco/Components/ActuatorInputController.h
-- Installing: /opt/opensim/sdk/include/OpenSim/Moco/MocoTrack.h
-- Installing: /opt/opensim/sdk/include/OpenSim/Moco/MocoParameter.h
-- Installing: /opt/opensim/sdk/include/OpenSim/Moco/MocoDirectCollocationSolver.h
-- Installing: /opt/opensim/sdk/include/OpenSim/Moco/RegisterTypes_osimMoco.h
-- Installing: /opt/opensim/sdk/include/OpenSim/Moco/MocoConstraintInfo.h
-- Installing: /opt/opensim/sdk/include/OpenSim/Moco/MocoTrajectory.h
-- Installing: /opt/opensim/sdk/include/OpenSim/Moco/MocoCasADiSolver
-- Installing: /opt/opensim/sdk/include/OpenSim/Moco/MocoCasADiSolver/CasOCLegendreGaussRadau.h
-- Installing: /opt/opensim/sdk/include/OpenSim/Moco/MocoCasADiSolver/MocoCasOCProblem.h
-- Installing: /opt/opensim/sdk/include/OpenSim/Moco/MocoCasADiSolver/CasOCTrapezoidal.h
-- Installing: /opt/opensim/sdk/include/OpenSim/Moco/MocoCasADiSolver/MocoCasADiSolver.h
-- Installing: /opt/opensim/sdk/include/OpenSim/Moco/MocoCasADiSolver/CasOCIterate.h
-- Installing: /opt/opensim/sdk/include/OpenSim/Moco/MocoCasADiSolver/CasOCSolver.h
-- Installing: /opt/opensim/sdk/include/OpenSim/Moco/MocoCasADiSolver/CasOCTranscription.h
-- Installing: /opt/opensim/sdk/include/OpenSim/Moco/MocoCasADiSolver/CasOCFunction.h
-- Installing: /opt/opensim/sdk/include/OpenSim/Moco/MocoCasADiSolver/CasOCHermiteSimpson.h
-- Installing: /opt/opensim/sdk/include/OpenSim/Moco/MocoCasADiSolver/CasOCLegendreGauss.h
-- Installing: /opt/opensim/sdk/include/OpenSim/Moco/MocoCasADiSolver/CasOCProblem.h
-- Installing: /opt/opensim/sdk/include/OpenSim/Moco/MocoControlBoundConstraint.h
-- Installing: /opt/opensim/sdk/include/OpenSim/Moco/MocoProblem.h
-- Installing: /opt/opensim/sdk/include/OpenSim/Moco/MocoProblemInfo.h
-- Installing: /opt/opensim/sdk/include/OpenSim/Moco/MocoOutputBoundConstraint.h
-- Installing: /opt/opensim/sdk/include/OpenSim/Moco/MocoOutputConstraint.h
-- Installing: /opt/opensim/sdk/include/OpenSim/Moco/ModelOperatorsDGF.h
-- Installing: /opt/opensim/sdk/include/OpenSim/Moco/MocoUtilities.h
-- Installing: /opt/opensim/sdk/include/OpenSim/Moco/MocoVariableInfo.h
-- Installing: /opt/opensim/sdk/include/OpenSim/Moco/MocoScaleFactor.h
-- Installing: /opt/opensim/sdk/include/OpenSim/Moco/MocoTool.h
-- Installing: /opt/opensim/sdk/include/OpenSim/Moco/MocoSolver.h
-- Installing: /opt/opensim/sdk/include/OpenSim/OpenSim.h
-- Installing: /opt/opensim/bin/opensense
-- Set runtime path of "/opt/opensim/bin/opensense" to "$ORIGIN/../sdk/lib:$ORIGIN/../sdk/Simbody/lib"
-- Installing: /opt/opensim/bin/opensim-cmd
-- Set runtime path of "/opt/opensim/bin/opensim-cmd" to "$ORIGIN/../sdk/lib:$ORIGIN/../sdk/Simbody/lib"
-- Installing: /opt/opensim/bin/opensim-install-command-line.sh
-- Installing: /opt/opensim/cmake/OpenSimConfig.cmake
-- Installing: /opt/opensim/cmake/SampleCMakeLists.txt
-- Installing: /opt/opensim/cmake/OpenSimConfigVersion.cmake
-- Installing: /opt/opensim/cmake/UseOpenSim.cmake
-- Installing: /opt/opensim/cmake/OpenSimTargets.cmake
-- Installing: /opt/opensim/cmake/OpenSimTargets-release.cmake
-- Installing: /opt/opensim/sdk/doc/BuildOpenSimPluginSteps.pdf
5/7 Configuring OpenSim shared libraries
6/7 Preparing browser assets and building the C++ service
  % Total    % Received % Xferd  Average Speed   Time    Time     Time  Current
                                 Dload  Upload   Total   Spent    Left  Speed
  0     0    0     0    0     0      0      0 --:--:-- --:--:-- --:--:--     0100 87124    0 87124    0     0   311k      0 --:--:-- --:--:-- --:--:--  310k100  330k    0  330k    0     0   825k      0 --:--:-- --:--:-- --:--:--  825k
-- The CXX compiler identification is GNU 10.2.1
-- Detecting CXX compiler ABI info
-- Detecting CXX compiler ABI info - done
-- Check for working CXX compiler: /usr/bin/c++ - skipped
-- Detecting CXX compile features
-- Detecting CXX compile features - done
-- Looking for C++ include pthread.h
-- Looking for C++ include pthread.h - found
-- Performing Test CMAKE_HAVE_LIBC_PTHREAD
-- Performing Test CMAKE_HAVE_LIBC_PTHREAD - Failed
-- Looking for pthread_create in pthreads
-- Looking for pthread_create in pthreads - not found
-- Looking for pthread_create in pthread
-- Looking for pthread_create in pthread - found
-- Found Threads: TRUE  
-- Configuring done
-- Generating done
-- Build files have been written to: /workspace/build
[1/2] Building CXX object CMakeFiles/muscle_web.dir/main.cpp.o
[2/2] Linking CXX executable muscle_web
[info] 'biceps' Parameter update for the damped-model: ActiveForceLengthCurve minimum value was 0.1 but is now 0.
{"status":"ok","engine":"OpenSim C++ 4.6","frames":12,"peakFiberForceN":895.619}
7/7 READY — serving http://0.0.0.0:8080
OpenSim Muscle Motion Lab listening on 0.0.0.0:8080
1/7 Reusing installed Debian build dependencies
cmake version 3.23.3
2/7 Fetching OpenSim 4.6 source
HEAD is now at 52094cc Backport  post beta fixes to Opensim 46 (#4341)
3–4/7 Reusing cached OpenSim 4.6 installation
5/7 Configuring OpenSim shared libraries
6/7 Preparing browser assets and building the C++ service
-- Configuring done
-- Generating done
-- Build files have been written to: /workspace/build
[1/1] Linking CXX executable muscle_web
[info] 'biceps' Parameter update for the damped-model: ActiveForceLengthCurve minimum value was 0.1 but is now 0.
{"status":"ok","engine":"OpenSim C++ 4.6","frames":12,"peakFiberForceN":895.619}
7/7 READY — serving http://0.0.0.0:8080
OpenSim Muscle Motion Lab listening on 0.0.0.0:8080
[info] 'biceps' Parameter update for the damped-model: ActiveForceLengthCurve minimum value was 0.1 but is now 0.
1/7 Reusing installed Debian build dependencies
cmake version 3.23.3
2/7 Fetching OpenSim 4.6 source
HEAD is now at 52094cc Backport  post beta fixes to Opensim 46 (#4341)
3–4/7 Reusing cached OpenSim 4.6 installation
5/7 Configuring OpenSim shared libraries
6/7 Preparing browser assets and building the C++ service
  % Total    % Received % Xferd  Average Speed   Time    Time     Time  Current
                                 Dload  Upload   Total   Spent    Left  Speed
  0     0    0     0    0     0      0      0 --:--:-- --:--:-- --:--:--     0100  126k    0  126k    0     0   188k      0 --:--:-- --:--:-- --:--:--  188k100  372k    0  372k    0     0   439k      0 --:--:-- --:--:-- --:--:--  439k
-- Configuring done
-- Generating done
-- Build files have been written to: /workspace/build
[1/2] Building CXX object CMakeFiles/muscle_web.dir/main.cpp.o
[2/2] Linking CXX executable muscle_web
[info] 'biceps' Parameter update for the damped-model: ActiveForceLengthCurve minimum value was 0.1 but is now 0.
{"status":"ok","engine":"OpenSim C++ 4.6","frames":12,"peakFiberForceN":895.619}
7/7 READY — serving http://0.0.0.0:8080
OpenSim Muscle Motion Lab listening on 0.0.0.0:8080
[info] 'biceps' Parameter update for the damped-model: ActiveForceLengthCurve minimum value was 0.1 but is now 0.
1/7 Reusing installed Debian build dependencies
cmake version 3.23.3
2/7 Fetching OpenSim 4.6 source
HEAD is now at 52094cc Backport  post beta fixes to Opensim 46 (#4341)
3–4/7 Reusing cached OpenSim 4.6 installation
5/7 Configuring OpenSim shared libraries
6/7 Preparing browser assets and building the C++ service
-- Configuring done
-- Generating done
-- Build files have been written to: /workspace/build
[1/2] Building CXX object CMakeFiles/muscle_web.dir/main.cpp.o
[2/2] Linking CXX executable muscle_web
[info] 'biceps' Parameter update for the damped-model: ActiveForceLengthCurve minimum value was 0.1 but is now 0.
{"status":"ok","engine":"OpenSim C++ 4.6","frames":12,"peakFiberForceN":895.619}
7/7 READY — serving http://0.0.0.0:8080
OpenSim Muscle Motion Lab listening on 0.0.0.0:8080
[info] 'biceps' Parameter update for the damped-model: ActiveForceLengthCurve minimum value was 0.1 but is now 0.
[info] 'biceps' Parameter update for the damped-model: ActiveForceLengthCurve minimum value was 0.1 but is now 0.
[info] 'biceps' Parameter update for the damped-model: ActiveForceLengthCurve minimum value was 0.1 but is now 0.
[info] 'biceps' Parameter update for the damped-model: ActiveForceLengthCurve minimum value was 0.1 but is now 0.
[info] 'biceps' Parameter update for the damped-model: ActiveForceLengthCurve minimum value was 0.1 but is now 0.
[info] 'biceps' Parameter update for the damped-model: ActiveForceLengthCurve minimum value was 0.1 but is now 0.
[info] 'biceps' Parameter update for the damped-model: ActiveForceLengthCurve minimum value was 0.1 but is now 0.
[info] 'biceps' Parameter update for the damped-model: ActiveForceLengthCurve minimum value was 0.1 but is now 0.
[info] 'biceps' Parameter update for the damped-model: ActiveForceLengthCurve minimum value was 0.1 but is now 0.
[info] 'biceps' Parameter update for the damped-model: ActiveForceLengthCurve minimum value was 0.1 but is now 0.
1/7 Reusing installed Debian build dependencies
cmake version 3.23.3
2/7 Fetching OpenSim 4.6 source
HEAD is now at 52094cc Backport  post beta fixes to Opensim 46 (#4341)
3–4/7 Reusing cached OpenSim 4.6 installation
5/7 Configuring OpenSim shared libraries
6/7 Preparing browser assets and building the C++ service
-- Configuring done
-- Generating done
-- Build files have been written to: /workspace/build
[1/2] Building CXX object CMakeFiles/muscle_web.dir/main.cpp.o
[2/2] Linking CXX executable muscle_web
[info] 'biceps' Parameter update for the damped-model: ActiveForceLengthCurve minimum value was 0.1 but is now 0.
[info] Updating Model file from 40000 to latest format...
[info] Loaded model Rajagopal_2015 from file /workspace/models/Rajagopal_2015.osim
[warning] Coordinate.setValue:  coordinate wrist_flex_r is locked. Unable to change its value.
{"status":"ok","engine":"OpenSim C++ 4.6","frames":12,"bodyModel":"Rajagopal_2015_OpenSense","bodyModelBodies":22,"peakFiberForceN":895.619}
7/7 READY — serving http://0.0.0.0:8080
OpenSim Muscle Motion Lab listening on 0.0.0.0:8080
[info] 'biceps' Parameter update for the damped-model: ActiveForceLengthCurve minimum value was 0.1 but is now 0.
[info] Updating Model file from 40000 to latest format...
[info] Loaded model Rajagopal_2015 from file /workspace/models/Rajagopal_2015.osim
[warning] Coordinate.setValue:  coordinate wrist_flex_r is locked. Unable to change its value.
[info] 'biceps' Parameter update for the damped-model: ActiveForceLengthCurve minimum value was 0.1 but is now 0.
[info] Updating Model file from 40000 to latest format...
[info] Loaded model Rajagopal_2015 from file /workspace/models/Rajagopal_2015.osim
[warning] Coordinate.setValue:  coordinate wrist_flex_r is locked. Unable to change its value.
[info] 'biceps' Parameter update for the damped-model: ActiveForceLengthCurve minimum value was 0.1 but is now 0.
[info] Updating Model file from 40000 to latest format...
[info] Loaded model Rajagopal_2015 from file /workspace/models/Rajagopal_2015.osim
[warning] Coordinate.setValue:  coordinate wrist_flex_r is locked. Unable to change its value.
1/7 Reusing installed Debian build dependencies
cmake version 3.23.3
2/7 Fetching OpenSim 4.6 source
HEAD is now at 52094cc Backport  post beta fixes to Opensim 46 (#4341)
3–4/7 Reusing cached OpenSim 4.6 installation
5/7 Configuring OpenSim shared libraries
6/7 Preparing browser assets and building the C++ service
-- Configuring done
-- Generating done
-- Build files have been written to: /workspace/build
[1/2] Building CXX object CMakeFiles/muscle_web.dir/main.cpp.o
[2/2] Linking CXX executable muscle_web
[info] 'biceps' Parameter update for the damped-model: ActiveForceLengthCurve minimum value was 0.1 but is now 0.
[info] Updating Model file from 40000 to latest format...
[info] Loaded model Rajagopal_2015 from file /workspace/models/Rajagopal_2015.osim
[warning] Coordinate.setValue:  coordinate wrist_flex_r is locked. Unable to change its value.
{"status":"ok","engine":"OpenSim C++ 4.6","frames":12,"bodyModel":"Rajagopal_2015_OpenSense","bodyModelBodies":22,"peakFiberForceN":895.619}
7/7 READY — serving http://0.0.0.0:8080
OpenSim Muscle Motion Lab listening on 0.0.0.0:8080
[info] 'biceps' Parameter update for the damped-model: ActiveForceLengthCurve minimum value was 0.1 but is now 0.
[info] Updating Model file from 40000 to latest format...
[info] Loaded model Rajagopal_2015 from file /workspace/models/Rajagopal_2015.osim
[warning] Coordinate.setValue:  coordinate wrist_flex_r is locked. Unable to change its value.
[info] 'biceps' Parameter update for the damped-model: ActiveForceLengthCurve minimum value was 0.1 but is now 0.
[info] Updating Model file from 40000 to latest format...
[info] Loaded model Rajagopal_2015 from file /workspace/models/Rajagopal_2015.osim
[warning] Coordinate.setValue:  coordinate wrist_flex_r is locked. Unable to change its value.
1/7 Reusing installed Debian build dependencies
cmake version 3.23.3
2/7 Fetching OpenSim 4.6 source
HEAD is now at 52094cc Backport  post beta fixes to Opensim 46 (#4341)
3–4/7 Reusing cached OpenSim 4.6 installation
5/7 Configuring OpenSim shared libraries
6/7 Preparing browser assets and building the C++ service
-- Configuring done
-- Generating done
-- Build files have been written to: /workspace/build
[1/2] Building CXX object CMakeFiles/muscle_web.dir/main.cpp.o
[2/2] Linking CXX executable muscle_web
[info] 'biceps' Parameter update for the damped-model: ActiveForceLengthCurve minimum value was 0.1 but is now 0.
[info] Updating Model file from 40000 to latest format...
[info] Loaded model Rajagopal_2015 from file /workspace/models/Rajagopal_2015.osim
{"status":"ok","engine":"OpenSim C++ 4.6","frames":12,"bodyModel":"Rajagopal_2015_OpenSense","bodyModelBodies":22,"peakFiberForceN":895.619}
7/7 READY — serving http://0.0.0.0:8080
OpenSim Muscle Motion Lab listening on 0.0.0.0:8080
[info] 'biceps' Parameter update for the damped-model: ActiveForceLengthCurve minimum value was 0.1 but is now 0.
[info] Updating Model file from 40000 to latest format...
[info] Loaded model Rajagopal_2015 from file /workspace/models/Rajagopal_2015.osim
[info] 'biceps' Parameter update for the damped-model: ActiveForceLengthCurve minimum value was 0.1 but is now 0.
[info] Updating Model file from 40000 to latest format...
[info] Loaded model Rajagopal_2015 from file /workspace/models/Rajagopal_2015.osim
[info] 'biceps' Parameter update for the damped-model: ActiveForceLengthCurve minimum value was 0.1 but is now 0.
[info] Updating Model file from 40000 to latest format...
[info] Loaded model Rajagopal_2015 from file /workspace/models/Rajagopal_2015.osim
1/7 Reusing installed Debian build dependencies
cmake version 3.23.3
2/7 Fetching OpenSim 4.6 source
HEAD is now at 52094cc Backport  post beta fixes to Opensim 46 (#4341)
3-4/7 Reusing cached OpenSim 4.6 installation
5/7 Configuring OpenSim shared libraries
6/7 Validating MoBL-ARMS assets and building the C++ service
-- Configuring done
-- Generating done
-- Build files have been written to: /workspace/build
[1/2] Building CXX object CMakeFiles/muscle_web.dir/main.cpp.o
[2/2] Linking CXX executable muscle_web
[info] Updating Model file from 40000 to latest format...
[info] Loaded model Right from file /workspace/models/mobl_arms/MOBL_ARMS_41.osim
[warning] Body 'thorax' is massless but nonzero inertia provided.
[warning]  Inertia reset to zero. Otherwise provide nonzero mass.
[warning] Body 'thorax' is massless but nonzero inertia provided.
[warning]  Inertia reset to zero. Otherwise provide nonzero mass.
{"status":"ok","engine":"OpenSim C++ 4.6","model":"MOBL_ARMS_41","modelSha256":"8BF1C3F0DB841DEFAACA2B906DED154A2B1700531B96B491AAB3DBC9A7343289","bodies":12,"coordinates":26,"muscles":50,"ligaments":4,"meshes":33,"checkedMusclePaths":50}
7/7 READY - MoBL-ARMS explorer at http://0.0.0.0:8080
[info] Updating Model file from 40000 to latest format...
[info] Loaded model Right from file /workspace/models/mobl_arms/MOBL_ARMS_41.osim
[warning] Body 'thorax' is massless but nonzero inertia provided.
[warning]  Inertia reset to zero. Otherwise provide nonzero mass.
[warning] Body 'thorax' is massless but nonzero inertia provided.
[warning]  Inertia reset to zero. Otherwise provide nonzero mass.
MoBL-ARMS upper-extremity explorer listening on 0.0.0.0:8080
1/7 Reusing installed Debian build dependencies
cmake version 3.23.3
2/7 Fetching OpenSim 4.6 source
HEAD is now at 52094cc Backport  post beta fixes to Opensim 46 (#4341)
3-4/7 Reusing cached OpenSim 4.6 installation
5/7 Configuring OpenSim shared libraries
6/7 Validating MoBL-ARMS assets and building the C++ service
-- Configuring done
-- Generating done
-- Build files have been written to: /workspace/build
[1/2] Building CXX object CMakeFiles/muscle_web.dir/main.cpp.o
[2/2] Linking CXX executable muscle_web
[info] Updating Model file from 40000 to latest format...
[info] Loaded model Right from file /workspace/models/mobl_arms/MOBL_ARMS_41.osim
[warning] Body 'thorax' is massless but nonzero inertia provided.
[warning]  Inertia reset to zero. Otherwise provide nonzero mass.
[warning] Body 'thorax' is massless but nonzero inertia provided.
[warning]  Inertia reset to zero. Otherwise provide nonzero mass.
{"status":"ok","engine":"OpenSim C++ 4.6","model":"MOBL_ARMS_41","modelSha256":"8BF1C3F0DB841DEFAACA2B906DED154A2B1700531B96B491AAB3DBC9A7343289","bodies":12,"coordinates":26,"muscles":50,"ligaments":4,"meshes":33,"checkedMusclePaths":50,"benchmark":{"id":"CMC_REACH8_STATES","sha256":"58AD4A51E10BE4956207799106E63B3CEC689D39D7702A2318C3AE0E50089004","frames":3997,"timeStart":0.62000000,"timeEnd":4.34000000,"muscleActivationsPerFrame":50}}
7/7 READY - MoBL-ARMS explorer at http://0.0.0.0:8080
[info] Updating Model file from 40000 to latest format...
[info] Loaded model Right from file /workspace/models/mobl_arms/MOBL_ARMS_41.osim
[warning] Body 'thorax' is massless but nonzero inertia provided.
[warning]  Inertia reset to zero. Otherwise provide nonzero mass.
[warning] Body 'thorax' is massless but nonzero inertia provided.
[warning]  Inertia reset to zero. Otherwise provide nonzero mass.
MoBL-ARMS upper-extremity explorer listening on 0.0.0.0:8080
1/7 Reusing installed Debian build dependencies
cmake version 3.23.3
2/7 Fetching OpenSim 4.6 source
HEAD is now at 52094cc Backport  post beta fixes to Opensim 46 (#4341)
3-4/7 Reusing cached OpenSim 4.6 installation
5/7 Configuring OpenSim shared libraries
6/7 Validating MoBL-ARMS assets and building the C++ service
-- Configuring done
-- Generating done
-- Build files have been written to: /workspace/build
ninja: no work to do.
[info] Updating Model file from 40000 to latest format...
[info] Loaded model Right from file /workspace/models/mobl_arms/MOBL_ARMS_41.osim
[warning] Body 'thorax' is massless but nonzero inertia provided.
[warning]  Inertia reset to zero. Otherwise provide nonzero mass.
[warning] Body 'thorax' is massless but nonzero inertia provided.
[warning]  Inertia reset to zero. Otherwise provide nonzero mass.
{"status":"ok","engine":"OpenSim C++ 4.6","model":"MOBL_ARMS_41","modelSha256":"8BF1C3F0DB841DEFAACA2B906DED154A2B1700531B96B491AAB3DBC9A7343289","bodies":12,"coordinates":26,"muscles":50,"ligaments":4,"meshes":33,"checkedMusclePaths":50,"benchmark":{"id":"CMC_REACH8_STATES","sha256":"58AD4A51E10BE4956207799106E63B3CEC689D39D7702A2318C3AE0E50089004","frames":3997,"timeStart":0.62000000,"timeEnd":4.34000000,"muscleActivationsPerFrame":50}}
7/7 READY - MoBL-ARMS explorer at http://0.0.0.0:8080
[info] Updating Model file from 40000 to latest format...
[info] Loaded model Right from file /workspace/models/mobl_arms/MOBL_ARMS_41.osim
[warning] Body 'thorax' is massless but nonzero inertia provided.
[warning]  Inertia reset to zero. Otherwise provide nonzero mass.
[warning] Body 'thorax' is massless but nonzero inertia provided.
[warning]  Inertia reset to zero. Otherwise provide nonzero mass.
MoBL-ARMS upper-extremity explorer listening on 0.0.0.0:8080
1/7 Reusing installed Debian build dependencies
cmake version 3.23.3
2/7 Fetching OpenSim 4.6 source
HEAD is now at 52094cc Backport  post beta fixes to Opensim 46 (#4341)
3-4/7 Reusing cached OpenSim 4.6 installation
5/7 Configuring OpenSim shared libraries
6/7 Validating MoBL-ARMS assets and building the C++ service
-- Configuring done
-- Generating done
-- Build files have been written to: /workspace/build
ninja: no work to do.
[info] Updating Model file from 40000 to latest format...
[info] Loaded model Right from file /workspace/models/mobl_arms/MOBL_ARMS_41.osim
[warning] Body 'thorax' is massless but nonzero inertia provided.
[warning]  Inertia reset to zero. Otherwise provide nonzero mass.
[warning] Body 'thorax' is massless but nonzero inertia provided.
[warning]  Inertia reset to zero. Otherwise provide nonzero mass.
{"status":"ok","engine":"OpenSim C++ 4.6","model":"MOBL_ARMS_41","modelSha256":"8BF1C3F0DB841DEFAACA2B906DED154A2B1700531B96B491AAB3DBC9A7343289","bodies":12,"coordinates":26,"muscles":50,"ligaments":4,"meshes":33,"checkedMusclePaths":50,"benchmark":{"id":"CMC_REACH8_STATES","sha256":"58AD4A51E10BE4956207799106E63B3CEC689D39D7702A2318C3AE0E50089004","frames":3997,"timeStart":0.62000000,"timeEnd":4.34000000,"muscleActivationsPerFrame":50}}
7/7 READY - MoBL-ARMS explorer at http://0.0.0.0:8080
[info] Updating Model file from 40000 to latest format...
[info] Loaded model Right from file /workspace/models/mobl_arms/MOBL_ARMS_41.osim
[warning] Body 'thorax' is massless but nonzero inertia provided.
[warning]  Inertia reset to zero. Otherwise provide nonzero mass.
[warning] Body 'thorax' is massless but nonzero inertia provided.
[warning]  Inertia reset to zero. Otherwise provide nonzero mass.
MoBL-ARMS upper-extremity explorer listening on 0.0.0.0:8080
1/7 Reusing installed Debian build dependencies
cmake version 3.23.3
2/7 Fetching OpenSim 4.6 source
HEAD is now at 52094cc Backport  post beta fixes to Opensim 46 (#4341)
3-4/7 Reusing cached OpenSim 4.6 installation
5/7 Configuring OpenSim shared libraries
6/7 Validating MoBL-ARMS assets and building the C++ service
-- Configuring done
-- Generating done
-- Build files have been written to: /workspace/build
ninja: no work to do.
[info] Updating Model file from 40000 to latest format...
[info] Loaded model Right from file /workspace/models/mobl_arms/MOBL_ARMS_41.osim
[warning] Body 'thorax' is massless but nonzero inertia provided.
[warning]  Inertia reset to zero. Otherwise provide nonzero mass.
[warning] Body 'thorax' is massless but nonzero inertia provided.
[warning]  Inertia reset to zero. Otherwise provide nonzero mass.
{"status":"ok","engine":"OpenSim C++ 4.6","model":"MOBL_ARMS_41","modelSha256":"8BF1C3F0DB841DEFAACA2B906DED154A2B1700531B96B491AAB3DBC9A7343289","bodies":12,"coordinates":26,"muscles":50,"ligaments":4,"meshes":33,"checkedMusclePaths":50,"benchmark":{"id":"CMC_REACH8_STATES","sha256":"58AD4A51E10BE4956207799106E63B3CEC689D39D7702A2318C3AE0E50089004","frames":3997,"timeStart":0.62000000,"timeEnd":4.34000000,"muscleActivationsPerFrame":50}}
7/7 READY - MoBL-ARMS explorer at http://0.0.0.0:8080
[info] Updating Model file from 40000 to latest format...
[info] Loaded model Right from file /workspace/models/mobl_arms/MOBL_ARMS_41.osim
[warning] Body 'thorax' is massless but nonzero inertia provided.
[warning]  Inertia reset to zero. Otherwise provide nonzero mass.
[warning] Body 'thorax' is massless but nonzero inertia provided.
[warning]  Inertia reset to zero. Otherwise provide nonzero mass.
MoBL-ARMS upper-extremity explorer listening on 0.0.0.0:8080
1/7 Reusing installed Debian build dependencies
cmake version 3.23.3
2/7 Fetching OpenSim 4.6 source
HEAD is now at 52094cc Backport  post beta fixes to Opensim 46 (#4341)
3-4/7 Reusing cached OpenSim 4.6 installation
5/7 Configuring OpenSim shared libraries
6/7 Validating MoBL-ARMS assets and building the C++ service
-- Configuring done
-- Generating done
-- Build files have been written to: /workspace/build
ninja: no work to do.
[info] Updating Model file from 40000 to latest format...
[info] Loaded model Right from file /workspace/models/mobl_arms/MOBL_ARMS_41.osim
[warning] Body 'thorax' is massless but nonzero inertia provided.
[warning]  Inertia reset to zero. Otherwise provide nonzero mass.
[warning] Body 'thorax' is massless but nonzero inertia provided.
[warning]  Inertia reset to zero. Otherwise provide nonzero mass.
{"status":"ok","engine":"OpenSim C++ 4.6","model":"MOBL_ARMS_41","modelSha256":"8BF1C3F0DB841DEFAACA2B906DED154A2B1700531B96B491AAB3DBC9A7343289","bodies":12,"coordinates":26,"muscles":50,"ligaments":4,"meshes":33,"checkedMusclePaths":50,"benchmark":{"id":"CMC_REACH8_STATES","sha256":"58AD4A51E10BE4956207799106E63B3CEC689D39D7702A2318C3AE0E50089004","frames":3997,"timeStart":0.62000000,"timeEnd":4.34000000,"muscleActivationsPerFrame":50}}
7/7 READY - MoBL-ARMS explorer at http://0.0.0.0:8080
[info] Updating Model file from 40000 to latest format...
[info] Loaded model Right from file /workspace/models/mobl_arms/MOBL_ARMS_41.osim
[warning] Body 'thorax' is massless but nonzero inertia provided.
[warning]  Inertia reset to zero. Otherwise provide nonzero mass.
[warning] Body 'thorax' is massless but nonzero inertia provided.
[warning]  Inertia reset to zero. Otherwise provide nonzero mass.
MoBL-ARMS upper-extremity explorer listening on 0.0.0.0:8080
1/7 Reusing installed Debian build dependencies
cmake version 3.23.3
2/7 Fetching OpenSim 4.6 source
HEAD is now at 52094cc Backport  post beta fixes to Opensim 46 (#4341)
3-4/7 Reusing cached OpenSim 4.6 installation
5/7 Configuring OpenSim shared libraries
6/7 Validating MoBL-ARMS assets and building the C++ service
-- Configuring done
-- Generating done
-- Build files have been written to: /workspace/build
ninja: no work to do.
[info] Updating Model file from 40000 to latest format...
[info] Loaded model Right from file /workspace/models/mobl_arms/MOBL_ARMS_41.osim
[warning] Body 'thorax' is massless but nonzero inertia provided.
[warning]  Inertia reset to zero. Otherwise provide nonzero mass.
[warning] Body 'thorax' is massless but nonzero inertia provided.
[warning]  Inertia reset to zero. Otherwise provide nonzero mass.
[warning] Body 'thorax' is massless but nonzero inertia provided.
[warning]  Inertia reset to zero. Otherwise provide nonzero mass.
[warning] Body 'thorax' is massless but nonzero inertia provided.
[warning]  Inertia reset to zero. Otherwise provide nonzero mass.
[warning] Body 'thorax' is massless but nonzero inertia provided.
[warning]  Inertia reset to zero. Otherwise provide nonzero mass.
[warning] Body 'thorax' is massless but nonzero inertia provided.
[warning]  Inertia reset to zero. Otherwise provide nonzero mass.
[warning] Body 'thorax' is massless but nonzero inertia provided.
[warning]  Inertia reset to zero. Otherwise provide nonzero mass.
[warning] Body 'thorax' is massless but nonzero inertia provided.
[warning]  Inertia reset to zero. Otherwise provide nonzero mass.
[warning] Body 'thorax' is massless but nonzero inertia provided.
[warning]  Inertia reset to zero. Otherwise provide nonzero mass.
[warning] Body 'thorax' is massless but nonzero inertia provided.
[warning]  Inertia reset to zero. Otherwise provide nonzero mass.
[warning] Body 'thorax' is massless but nonzero inertia provided.
[warning]  Inertia reset to zero. Otherwise provide nonzero mass.
{"status":"ok","engine":"OpenSim C++ 4.6","model":"MOBL_ARMS_41","modelSha256":"8BF1C3F0DB841DEFAACA2B906DED154A2B1700531B96B491AAB3DBC9A7343289","bodies":12,"coordinates":26,"muscles":50,"ligaments":4,"meshes":33,"checkedMusclePaths":50,"benchmark":{"id":"CMC_REACH8_STATES","sha256":"58AD4A51E10BE4956207799106E63B3CEC689D39D7702A2318C3AE0E50089004","frames":3997,"timeStart":0.62000000,"timeEnd":4.34000000,"muscleActivationsPerFrame":50}}
7/7 READY - MoBL-ARMS explorer at http://0.0.0.0:8080
[info] Updating Model file from 40000 to latest format...
[info] Loaded model Right from file /workspace/models/mobl_arms/MOBL_ARMS_41.osim
[warning] Body 'thorax' is massless but nonzero inertia provided.
[warning]  Inertia reset to zero. Otherwise provide nonzero mass.
[warning] Body 'thorax' is massless but nonzero inertia provided.
[warning]  Inertia reset to zero. Otherwise provide nonzero mass.
[warning] Body 'thorax' is massless but nonzero inertia provided.
[warning]  Inertia reset to zero. Otherwise provide nonzero mass.
[warning] Body 'thorax' is massless but nonzero inertia provided.
[warning]  Inertia reset to zero. Otherwise provide nonzero mass.
[warning] Body 'thorax' is massless but nonzero inertia provided.
[warning]  Inertia reset to zero. Otherwise provide nonzero mass.
[warning] Body 'thorax' is massless but nonzero inertia provided.
[warning]  Inertia reset to zero. Otherwise provide nonzero mass.
[warning] Body 'thorax' is massless but nonzero inertia provided.
[warning]  Inertia reset to zero. Otherwise provide nonzero mass.
[warning] Body 'thorax' is massless but nonzero inertia provided.
[warning]  Inertia reset to zero. Otherwise provide nonzero mass.
[warning] Body 'thorax' is massless but nonzero inertia provided.
[warning]  Inertia reset to zero. Otherwise provide nonzero mass.
[warning] Body 'thorax' is massless but nonzero inertia provided.
[warning]  Inertia reset to zero. Otherwise provide nonzero mass.
[warning] Body 'thorax' is massless but nonzero inertia provided.
[warning]  Inertia reset to zero. Otherwise provide nonzero mass.
MoBL-ARMS upper-extremity explorer listening on 0.0.0.0:8080
1/7 Reusing installed Debian build dependencies
cmake version 3.23.3
2/7 Fetching OpenSim 4.6 source
HEAD is now at 52094cc Backport  post beta fixes to Opensim 46 (#4341)
3-4/7 Reusing cached OpenSim 4.6 installation
5/7 Configuring OpenSim shared libraries
6/7 Validating MoBL-ARMS assets and building the C++ service
-- Configuring done
-- Generating done
-- Build files have been written to: /workspace/build
ninja: no work to do.
[info] Updating Model file from 40000 to latest format...
[info] Loaded model Right from file /workspace/models/mobl_arms/MOBL_ARMS_41.osim
[warning] Body 'thorax' is massless but nonzero inertia provided.
[warning]  Inertia reset to zero. Otherwise provide nonzero mass.
[warning] Body 'thorax' is massless but nonzero inertia provided.
[warning]  Inertia reset to zero. Otherwise provide nonzero mass.
[warning] Body 'thorax' is massless but nonzero inertia provided.
[warning]  Inertia reset to zero. Otherwise provide nonzero mass.
[warning] Body 'thorax' is massless but nonzero inertia provided.
[warning]  Inertia reset to zero. Otherwise provide nonzero mass.
[warning] Body 'thorax' is massless but nonzero inertia provided.
[warning]  Inertia reset to zero. Otherwise provide nonzero mass.
[warning] Body 'thorax' is massless but nonzero inertia provided.
[warning]  Inertia reset to zero. Otherwise provide nonzero mass.
[warning] Body 'thorax' is massless but nonzero inertia provided.
[warning]  Inertia reset to zero. Otherwise provide nonzero mass.
[warning] Body 'thorax' is massless but nonzero inertia provided.
[warning]  Inertia reset to zero. Otherwise provide nonzero mass.
[warning] Body 'thorax' is massless but nonzero inertia provided.
[warning]  Inertia reset to zero. Otherwise provide nonzero mass.
[warning] Body 'thorax' is massless but nonzero inertia provided.
[warning]  Inertia reset to zero. Otherwise provide nonzero mass.
[warning] Body 'thorax' is massless but nonzero inertia provided.
[warning]  Inertia reset to zero. Otherwise provide nonzero mass.
{"status":"ok","engine":"OpenSim C++ 4.6","model":"MOBL_ARMS_41","modelSha256":"8BF1C3F0DB841DEFAACA2B906DED154A2B1700531B96B491AAB3DBC9A7343289","bodies":12,"coordinates":26,"muscles":50,"ligaments":4,"meshes":33,"checkedMusclePaths":50,"benchmark":{"id":"CMC_REACH8_STATES","sha256":"58AD4A51E10BE4956207799106E63B3CEC689D39D7702A2318C3AE0E50089004","frames":3997,"timeStart":0.62000000,"timeEnd":4.34000000,"muscleActivationsPerFrame":50}}
7/7 READY - MoBL-ARMS explorer at http://0.0.0.0:8080
[info] Updating Model file from 40000 to latest format...
[info] Loaded model Right from file /workspace/models/mobl_arms/MOBL_ARMS_41.osim
[warning] Body 'thorax' is massless but nonzero inertia provided.
[warning]  Inertia reset to zero. Otherwise provide nonzero mass.
[warning] Body 'thorax' is massless but nonzero inertia provided.
[warning]  Inertia reset to zero. Otherwise provide nonzero mass.
[warning] Body 'thorax' is massless but nonzero inertia provided.
[warning]  Inertia reset to zero. Otherwise provide nonzero mass.
[warning] Body 'thorax' is massless but nonzero inertia provided.
[warning]  Inertia reset to zero. Otherwise provide nonzero mass.
[warning] Body 'thorax' is massless but nonzero inertia provided.
[warning]  Inertia reset to zero. Otherwise provide nonzero mass.
[warning] Body 'thorax' is massless but nonzero inertia provided.
[warning]  Inertia reset to zero. Otherwise provide nonzero mass.
[warning] Body 'thorax' is massless but nonzero inertia provided.
[warning]  Inertia reset to zero. Otherwise provide nonzero mass.
[warning] Body 'thorax' is massless but nonzero inertia provided.
[warning]  Inertia reset to zero. Otherwise provide nonzero mass.
[warning] Body 'thorax' is massless but nonzero inertia provided.
[warning]  Inertia reset to zero. Otherwise provide nonzero mass.
[warning] Body 'thorax' is massless but nonzero inertia provided.
[warning]  Inertia reset to zero. Otherwise provide nonzero mass.
[warning] Body 'thorax' is massless but nonzero inertia provided.
[warning]  Inertia reset to zero. Otherwise provide nonzero mass.
MoBL-ARMS upper-extremity explorer listening on 0.0.0.0:8080
1/7 Reusing installed Debian build dependencies
cmake version 3.23.3
2/7 Fetching OpenSim 4.6 source
HEAD is now at 52094cc Backport  post beta fixes to Opensim 46 (#4341)
3-4/7 Reusing cached OpenSim 4.6 installation
5/7 Configuring OpenSim shared libraries
6/7 Validating MoBL-ARMS assets and building the C++ service
-- Configuring done
-- Generating done
-- Build files have been written to: /workspace/build
ninja: no work to do.
[info] Updating Model file from 40000 to latest format...
[info] Loaded model Right from file /workspace/models/mobl_arms/MOBL_ARMS_41.osim
[warning] Body 'thorax' is massless but nonzero inertia provided.
[warning]  Inertia reset to zero. Otherwise provide nonzero mass.
[warning] Body 'thorax' is massless but nonzero inertia provided.
[warning]  Inertia reset to zero. Otherwise provide nonzero mass.
[warning] Body 'thorax' is massless but nonzero inertia provided.
[warning]  Inertia reset to zero. Otherwise provide nonzero mass.
[warning] Body 'thorax' is massless but nonzero inertia provided.
[warning]  Inertia reset to zero. Otherwise provide nonzero mass.
[warning] Body 'thorax' is massless but nonzero inertia provided.
[warning]  Inertia reset to zero. Otherwise provide nonzero mass.
[warning] Body 'thorax' is massless but nonzero inertia provided.
[warning]  Inertia reset to zero. Otherwise provide nonzero mass.
[warning] Body 'thorax' is massless but nonzero inertia provided.
[warning]  Inertia reset to zero. Otherwise provide nonzero mass.
[warning] Body 'thorax' is massless but nonzero inertia provided.
[warning]  Inertia reset to zero. Otherwise provide nonzero mass.
[warning] Body 'thorax' is massless but nonzero inertia provided.
[warning]  Inertia reset to zero. Otherwise provide nonzero mass.
[warning] Body 'thorax' is massless but nonzero inertia provided.
[warning]  Inertia reset to zero. Otherwise provide nonzero mass.
[warning] Body 'thorax' is massless but nonzero inertia provided.
[warning]  Inertia reset to zero. Otherwise provide nonzero mass.
{"status":"ok","engine":"OpenSim C++ 4.6","model":"MOBL_ARMS_41","modelSha256":"8BF1C3F0DB841DEFAACA2B906DED154A2B1700531B96B491AAB3DBC9A7343289","bodies":12,"coordinates":26,"muscles":50,"ligaments":4,"meshes":33,"checkedMusclePaths":50,"benchmark":{"id":"CMC_REACH8_STATES","sha256":"58AD4A51E10BE4956207799106E63B3CEC689D39D7702A2318C3AE0E50089004","frames":3997,"timeStart":0.62000000,"timeEnd":4.34000000,"muscleActivationsPerFrame":50}}
7/7 READY - MoBL-ARMS explorer at http://0.0.0.0:8080
[info] Updating Model file from 40000 to latest format...
[info] Loaded model Right from file /workspace/models/mobl_arms/MOBL_ARMS_41.osim
[warning] Body 'thorax' is massless but nonzero inertia provided.
[warning]  Inertia reset to zero. Otherwise provide nonzero mass.
[warning] Body 'thorax' is massless but nonzero inertia provided.
[warning]  Inertia reset to zero. Otherwise provide nonzero mass.
[warning] Body 'thorax' is massless but nonzero inertia provided.
[warning]  Inertia reset to zero. Otherwise provide nonzero mass.
[warning] Body 'thorax' is massless but nonzero inertia provided.
[warning]  Inertia reset to zero. Otherwise provide nonzero mass.
[warning] Body 'thorax' is massless but nonzero inertia provided.
[warning]  Inertia reset to zero. Otherwise provide nonzero mass.
[warning] Body 'thorax' is massless but nonzero inertia provided.
[warning]  Inertia reset to zero. Otherwise provide nonzero mass.
[warning] Body 'thorax' is massless but nonzero inertia provided.
[warning]  Inertia reset to zero. Otherwise provide nonzero mass.
[warning] Body 'thorax' is massless but nonzero inertia provided.
[warning]  Inertia reset to zero. Otherwise provide nonzero mass.
[warning] Body 'thorax' is massless but nonzero inertia provided.
[warning]  Inertia reset to zero. Otherwise provide nonzero mass.
[warning] Body 'thorax' is massless but nonzero inertia provided.
[warning]  Inertia reset to zero. Otherwise provide nonzero mass.
[warning] Body 'thorax' is massless but nonzero inertia provided.
[warning]  Inertia reset to zero. Otherwise provide nonzero mass.
MoBL-ARMS upper-extremity explorer listening on 0.0.0.0:8080
1/7 Reusing installed Debian build dependencies
cmake version 3.23.3
2/7 Fetching OpenSim 4.6 source
HEAD is now at 52094cc Backport  post beta fixes to Opensim 46 (#4341)
3-4/7 Reusing cached OpenSim 4.6 installation
5/7 Configuring OpenSim shared libraries
6/7 Validating MoBL-ARMS assets and building the C++ service
-- Configuring done
-- Generating done
-- Build files have been written to: /workspace/build
ninja: no work to do.
[info] Updating Model file from 40000 to latest format...
[info] Loaded model Right from file /workspace/models/mobl_arms/MOBL_ARMS_41.osim
[warning] Body 'thorax' is massless but nonzero inertia provided.
[warning]  Inertia reset to zero. Otherwise provide nonzero mass.
[warning] Body 'thorax' is massless but nonzero inertia provided.
[warning]  Inertia reset to zero. Otherwise provide nonzero mass.
[warning] Body 'thorax' is massless but nonzero inertia provided.
[warning]  Inertia reset to zero. Otherwise provide nonzero mass.
[warning] Body 'thorax' is massless but nonzero inertia provided.
[warning]  Inertia reset to zero. Otherwise provide nonzero mass.
[warning] Body 'thorax' is massless but nonzero inertia provided.
[warning]  Inertia reset to zero. Otherwise provide nonzero mass.
[warning] Body 'thorax' is massless but nonzero inertia provided.
[warning]  Inertia reset to zero. Otherwise provide nonzero mass.
[warning] Body 'thorax' is massless but nonzero inertia provided.
[warning]  Inertia reset to zero. Otherwise provide nonzero mass.
[warning] Body 'thorax' is massless but nonzero inertia provided.
[warning]  Inertia reset to zero. Otherwise provide nonzero mass.
[warning] Body 'thorax' is massless but nonzero inertia provided.
[warning]  Inertia reset to zero. Otherwise provide nonzero mass.
[warning] Body 'thorax' is massless but nonzero inertia provided.
[warning]  Inertia reset to zero. Otherwise provide nonzero mass.
[warning] Body 'thorax' is massless but nonzero inertia provided.
[warning]  Inertia reset to zero. Otherwise provide nonzero mass.
{"status":"ok","engine":"OpenSim C++ 4.6","model":"MOBL_ARMS_41","modelSha256":"8BF1C3F0DB841DEFAACA2B906DED154A2B1700531B96B491AAB3DBC9A7343289","bodies":12,"coordinates":26,"muscles":50,"ligaments":4,"meshes":33,"checkedMusclePaths":50,"benchmark":{"id":"CMC_REACH8_STATES","sha256":"58AD4A51E10BE4956207799106E63B3CEC689D39D7702A2318C3AE0E50089004","frames":3997,"timeStart":0.62000000,"timeEnd":4.34000000,"muscleActivationsPerFrame":50}}
7/7 READY - MoBL-ARMS explorer at http://0.0.0.0:8080
[info] Updating Model file from 40000 to latest format...
[info] Loaded model Right from file /workspace/models/mobl_arms/MOBL_ARMS_41.osim
[warning] Body 'thorax' is massless but nonzero inertia provided.
[warning]  Inertia reset to zero. Otherwise provide nonzero mass.
[warning] Body 'thorax' is massless but nonzero inertia provided.
[warning]  Inertia reset to zero. Otherwise provide nonzero mass.
[warning] Body 'thorax' is massless but nonzero inertia provided.
[warning]  Inertia reset to zero. Otherwise provide nonzero mass.
[warning] Body 'thorax' is massless but nonzero inertia provided.
[warning]  Inertia reset to zero. Otherwise provide nonzero mass.
[warning] Body 'thorax' is massless but nonzero inertia provided.
[warning]  Inertia reset to zero. Otherwise provide nonzero mass.
[warning] Body 'thorax' is massless but nonzero inertia provided.
[warning]  Inertia reset to zero. Otherwise provide nonzero mass.
[warning] Body 'thorax' is massless but nonzero inertia provided.
[warning]  Inertia reset to zero. Otherwise provide nonzero mass.
[warning] Body 'thorax' is massless but nonzero inertia provided.
[warning]  Inertia reset to zero. Otherwise provide nonzero mass.
[warning] Body 'thorax' is massless but nonzero inertia provided.
[warning]  Inertia reset to zero. Otherwise provide nonzero mass.
[warning] Body 'thorax' is massless but nonzero inertia provided.
[warning]  Inertia reset to zero. Otherwise provide nonzero mass.
[warning] Body 'thorax' is massless but nonzero inertia provided.
[warning]  Inertia reset to zero. Otherwise provide nonzero mass.
MoBL-ARMS upper-extremity explorer listening on 0.0.0.0:8080
1/7 Reusing installed Debian build dependencies
cmake version 3.23.3
2/7 Fetching OpenSim 4.6 source
HEAD is now at 52094cc Backport  post beta fixes to Opensim 46 (#4341)
3-4/7 Reusing cached OpenSim 4.6 installation
5/7 Configuring OpenSim shared libraries
6/7 Validating MoBL-ARMS assets and building the C++ service
-- Configuring done
-- Generating done
-- Build files have been written to: /workspace/build
ninja: no work to do.
[info] Updating Model file from 40000 to latest format...
[info] Loaded model Right from file /workspace/models/mobl_arms/MOBL_ARMS_41.osim
[warning] Body 'thorax' is massless but nonzero inertia provided.
[warning]  Inertia reset to zero. Otherwise provide nonzero mass.
[warning] Body 'thorax' is massless but nonzero inertia provided.
[warning]  Inertia reset to zero. Otherwise provide nonzero mass.
[warning] Body 'thorax' is massless but nonzero inertia provided.
[warning]  Inertia reset to zero. Otherwise provide nonzero mass.
[warning] Body 'thorax' is massless but nonzero inertia provided.
[warning]  Inertia reset to zero. Otherwise provide nonzero mass.
[warning] Body 'thorax' is massless but nonzero inertia provided.
[warning]  Inertia reset to zero. Otherwise provide nonzero mass.
[warning] Body 'thorax' is massless but nonzero inertia provided.
[warning]  Inertia reset to zero. Otherwise provide nonzero mass.
[warning] Body 'thorax' is massless but nonzero inertia provided.
[warning]  Inertia reset to zero. Otherwise provide nonzero mass.
[warning] Body 'thorax' is massless but nonzero inertia provided.
[warning]  Inertia reset to zero. Otherwise provide nonzero mass.
[warning] Body 'thorax' is massless but nonzero inertia provided.
[warning]  Inertia reset to zero. Otherwise provide nonzero mass.
[warning] Body 'thorax' is massless but nonzero inertia provided.
[warning]  Inertia reset to zero. Otherwise provide nonzero mass.
[warning] Body 'thorax' is massless but nonzero inertia provided.
[warning]  Inertia reset to zero. Otherwise provide nonzero mass.
{"status":"ok","engine":"OpenSim C++ 4.6","model":"MOBL_ARMS_41","modelSha256":"8BF1C3F0DB841DEFAACA2B906DED154A2B1700531B96B491AAB3DBC9A7343289","bodies":12,"coordinates":26,"muscles":50,"ligaments":4,"meshes":33,"checkedMusclePaths":50,"benchmark":{"id":"CMC_REACH8_STATES","sha256":"58AD4A51E10BE4956207799106E63B3CEC689D39D7702A2318C3AE0E50089004","frames":3997,"timeStart":0.62000000,"timeEnd":4.34000000,"muscleActivationsPerFrame":50}}
7/7 READY - MoBL-ARMS explorer at http://0.0.0.0:8080
[info] Updating Model file from 40000 to latest format...
[info] Loaded model Right from file /workspace/models/mobl_arms/MOBL_ARMS_41.osim
[warning] Body 'thorax' is massless but nonzero inertia provided.
[warning]  Inertia reset to zero. Otherwise provide nonzero mass.
[warning] Body 'thorax' is massless but nonzero inertia provided.
[warning]  Inertia reset to zero. Otherwise provide nonzero mass.
[warning] Body 'thorax' is massless but nonzero inertia provided.
[warning]  Inertia reset to zero. Otherwise provide nonzero mass.
[warning] Body 'thorax' is massless but nonzero inertia provided.
[warning]  Inertia reset to zero. Otherwise provide nonzero mass.
[warning] Body 'thorax' is massless but nonzero inertia provided.
[warning]  Inertia reset to zero. Otherwise provide nonzero mass.
[warning] Body 'thorax' is massless but nonzero inertia provided.
[warning]  Inertia reset to zero. Otherwise provide nonzero mass.
[warning] Body 'thorax' is massless but nonzero inertia provided.
[warning]  Inertia reset to zero. Otherwise provide nonzero mass.
[warning] Body 'thorax' is massless but nonzero inertia provided.
[warning]  Inertia reset to zero. Otherwise provide nonzero mass.
[warning] Body 'thorax' is massless but nonzero inertia provided.
[warning]  Inertia reset to zero. Otherwise provide nonzero mass.
[warning] Body 'thorax' is massless but nonzero inertia provided.
[warning]  Inertia reset to zero. Otherwise provide nonzero mass.
[warning] Body 'thorax' is massless but nonzero inertia provided.
[warning]  Inertia reset to zero. Otherwise provide nonzero mass.
MoBL-ARMS upper-extremity explorer listening on 0.0.0.0:8080
1/7 Reusing installed Debian build dependencies
cmake version 3.23.3
2/7 Fetching OpenSim 4.6 source
HEAD is now at 52094cc Backport  post beta fixes to Opensim 46 (#4341)
3-4/7 Reusing cached OpenSim 4.6 installation
5/7 Configuring OpenSim shared libraries
6/7 Validating MoBL-ARMS assets and building the C++ service
-- Configuring done
-- Generating done
-- Build files have been written to: /workspace/build
ninja: no work to do.
[info] Updating Model file from 40000 to latest format...
[info] Loaded model Right from file /workspace/models/mobl_arms/MOBL_ARMS_41.osim
[warning] Body 'thorax' is massless but nonzero inertia provided.
[warning]  Inertia reset to zero. Otherwise provide nonzero mass.
[warning] Body 'thorax' is massless but nonzero inertia provided.
[warning]  Inertia reset to zero. Otherwise provide nonzero mass.
[warning] Body 'thorax' is massless but nonzero inertia provided.
[warning]  Inertia reset to zero. Otherwise provide nonzero mass.
[warning] Body 'thorax' is massless but nonzero inertia provided.
[warning]  Inertia reset to zero. Otherwise provide nonzero mass.
[warning] Body 'thorax' is massless but nonzero inertia provided.
[warning]  Inertia reset to zero. Otherwise provide nonzero mass.
[warning] Body 'thorax' is massless but nonzero inertia provided.
[warning]  Inertia reset to zero. Otherwise provide nonzero mass.
[warning] Body 'thorax' is massless but nonzero inertia provided.
[warning]  Inertia reset to zero. Otherwise provide nonzero mass.
[warning] Body 'thorax' is massless but nonzero inertia provided.
[warning]  Inertia reset to zero. Otherwise provide nonzero mass.
[warning] Body 'thorax' is massless but nonzero inertia provided.
[warning]  Inertia reset to zero. Otherwise provide nonzero mass.
[warning] Body 'thorax' is massless but nonzero inertia provided.
[warning]  Inertia reset to zero. Otherwise provide nonzero mass.
[warning] Body 'thorax' is massless but nonzero inertia provided.
[warning]  Inertia reset to zero. Otherwise provide nonzero mass.
{"status":"ok","engine":"OpenSim C++ 4.6","model":"MOBL_ARMS_41","modelSha256":"8BF1C3F0DB841DEFAACA2B906DED154A2B1700531B96B491AAB3DBC9A7343289","bodies":12,"coordinates":26,"muscles":50,"ligaments":4,"meshes":33,"checkedMusclePaths":50,"benchmark":{"id":"CMC_REACH8_STATES","sha256":"58AD4A51E10BE4956207799106E63B3CEC689D39D7702A2318C3AE0E50089004","frames":3997,"timeStart":0.62000000,"timeEnd":4.34000000,"muscleActivationsPerFrame":50}}
7/7 READY - MoBL-ARMS explorer at http://0.0.0.0:8080
[info] Updating Model file from 40000 to latest format...
[info] Loaded model Right from file /workspace/models/mobl_arms/MOBL_ARMS_41.osim
[warning] Body 'thorax' is massless but nonzero inertia provided.
[warning]  Inertia reset to zero. Otherwise provide nonzero mass.
[warning] Body 'thorax' is massless but nonzero inertia provided.
[warning]  Inertia reset to zero. Otherwise provide nonzero mass.
[warning] Body 'thorax' is massless but nonzero inertia provided.
[warning]  Inertia reset to zero. Otherwise provide nonzero mass.
[warning] Body 'thorax' is massless but nonzero inertia provided.
[warning]  Inertia reset to zero. Otherwise provide nonzero mass.
[warning] Body 'thorax' is massless but nonzero inertia provided.
[warning]  Inertia reset to zero. Otherwise provide nonzero mass.
[warning] Body 'thorax' is massless but nonzero inertia provided.
[warning]  Inertia reset to zero. Otherwise provide nonzero mass.
[warning] Body 'thorax' is massless but nonzero inertia provided.
[warning]  Inertia reset to zero. Otherwise provide nonzero mass.
[warning] Body 'thorax' is massless but nonzero inertia provided.
[warning]  Inertia reset to zero. Otherwise provide nonzero mass.
[warning] Body 'thorax' is massless but nonzero inertia provided.
[warning]  Inertia reset to zero. Otherwise provide nonzero mass.
[warning] Body 'thorax' is massless but nonzero inertia provided.
[warning]  Inertia reset to zero. Otherwise provide nonzero mass.
[warning] Body 'thorax' is massless but nonzero inertia provided.
[warning]  Inertia reset to zero. Otherwise provide nonzero mass.
MoBL-ARMS upper-extremity explorer listening on 0.0.0.0:8080
1/7 Reusing installed Debian build dependencies
cmake version 3.23.3
2/7 Fetching OpenSim 4.6 source
HEAD is now at 52094cc Backport  post beta fixes to Opensim 46 (#4341)
3-4/7 Reusing cached OpenSim 4.6 installation
5/7 Configuring OpenSim shared libraries
6/7 Validating MoBL-ARMS assets and building the C++ service
-- Configuring done
-- Generating done
-- Build files have been written to: /workspace/build
ninja: no work to do.
[info] Updating Model file from 40000 to latest format...
[info] Loaded model Right from file /workspace/models/mobl_arms/MOBL_ARMS_41.osim
[warning] Body 'thorax' is massless but nonzero inertia provided.
[warning]  Inertia reset to zero. Otherwise provide nonzero mass.
[warning] Body 'thorax' is massless but nonzero inertia provided.
[warning]  Inertia reset to zero. Otherwise provide nonzero mass.
[warning] Body 'thorax' is massless but nonzero inertia provided.
[warning]  Inertia reset to zero. Otherwise provide nonzero mass.
[warning] Body 'thorax' is massless but nonzero inertia provided.
[warning]  Inertia reset to zero. Otherwise provide nonzero mass.
[warning] Body 'thorax' is massless but nonzero inertia provided.
[warning]  Inertia reset to zero. Otherwise provide nonzero mass.
[warning] Body 'thorax' is massless but nonzero inertia provided.
[warning]  Inertia reset to zero. Otherwise provide nonzero mass.
[warning] Body 'thorax' is massless but nonzero inertia provided.
[warning]  Inertia reset to zero. Otherwise provide nonzero mass.
[warning] Body 'thorax' is massless but nonzero inertia provided.
[warning]  Inertia reset to zero. Otherwise provide nonzero mass.
[warning] Body 'thorax' is massless but nonzero inertia provided.
[warning]  Inertia reset to zero. Otherwise provide nonzero mass.
[warning] Body 'thorax' is massless but nonzero inertia provided.
[warning]  Inertia reset to zero. Otherwise provide nonzero mass.
[warning] Body 'thorax' is massless but nonzero inertia provided.
[warning]  Inertia reset to zero. Otherwise provide nonzero mass.
{"status":"ok","engine":"OpenSim C++ 4.6","model":"MOBL_ARMS_41","modelSha256":"8BF1C3F0DB841DEFAACA2B906DED154A2B1700531B96B491AAB3DBC9A7343289","bodies":12,"coordinates":26,"muscles":50,"ligaments":4,"meshes":33,"checkedMusclePaths":50,"benchmark":{"id":"CMC_REACH8_STATES","sha256":"58AD4A51E10BE4956207799106E63B3CEC689D39D7702A2318C3AE0E50089004","frames":3997,"timeStart":0.62000000,"timeEnd":4.34000000,"muscleActivationsPerFrame":50}}
7/7 READY - MoBL-ARMS explorer at http://0.0.0.0:8080
[info] Updating Model file from 40000 to latest format...
[info] Loaded model Right from file /workspace/models/mobl_arms/MOBL_ARMS_41.osim
[warning] Body 'thorax' is massless but nonzero inertia provided.
[warning]  Inertia reset to zero. Otherwise provide nonzero mass.
[warning] Body 'thorax' is massless but nonzero inertia provided.
[warning]  Inertia reset to zero. Otherwise provide nonzero mass.
[warning] Body 'thorax' is massless but nonzero inertia provided.
[warning]  Inertia reset to zero. Otherwise provide nonzero mass.
[warning] Body 'thorax' is massless but nonzero inertia provided.
[warning]  Inertia reset to zero. Otherwise provide nonzero mass.
[warning] Body 'thorax' is massless but nonzero inertia provided.
[warning]  Inertia reset to zero. Otherwise provide nonzero mass.
[warning] Body 'thorax' is massless but nonzero inertia provided.
[warning]  Inertia reset to zero. Otherwise provide nonzero mass.
[warning] Body 'thorax' is massless but nonzero inertia provided.
[warning]  Inertia reset to zero. Otherwise provide nonzero mass.
[warning] Body 'thorax' is massless but nonzero inertia provided.
[warning]  Inertia reset to zero. Otherwise provide nonzero mass.
[warning] Body 'thorax' is massless but nonzero inertia provided.
[warning]  Inertia reset to zero. Otherwise provide nonzero mass.
[warning] Body 'thorax' is massless but nonzero inertia provided.
[warning]  Inertia reset to zero. Otherwise provide nonzero mass.
[warning] Body 'thorax' is massless but nonzero inertia provided.
[warning]  Inertia reset to zero. Otherwise provide nonzero mass.
MoBL-ARMS upper-extremity explorer listening on 0.0.0.0:8080
1/7 Reusing installed Debian build dependencies
cmake version 3.23.3
2/7 Fetching OpenSim 4.6 source
HEAD is now at 52094cc Backport  post beta fixes to Opensim 46 (#4341)
3-4/7 Reusing cached OpenSim 4.6 installation
5/7 Configuring OpenSim shared libraries
6/7 Validating MoBL-ARMS assets and building the C++ service
-- Configuring done
-- Generating done
-- Build files have been written to: /workspace/build
ninja: no work to do.
[info] Updating Model file from 40000 to latest format...
[info] Loaded model Right from file /workspace/models/mobl_arms/MOBL_ARMS_41.osim
[warning] Body 'thorax' is massless but nonzero inertia provided.
[warning]  Inertia reset to zero. Otherwise provide nonzero mass.
[warning] Body 'thorax' is massless but nonzero inertia provided.
[warning]  Inertia reset to zero. Otherwise provide nonzero mass.
[warning] Body 'thorax' is massless but nonzero inertia provided.
[warning]  Inertia reset to zero. Otherwise provide nonzero mass.
[warning] Body 'thorax' is massless but nonzero inertia provided.
[warning]  Inertia reset to zero. Otherwise provide nonzero mass.
[warning] Body 'thorax' is massless but nonzero inertia provided.
[warning]  Inertia reset to zero. Otherwise provide nonzero mass.
[warning] Body 'thorax' is massless but nonzero inertia provided.
[warning]  Inertia reset to zero. Otherwise provide nonzero mass.
[warning] Body 'thorax' is massless but nonzero inertia provided.
[warning]  Inertia reset to zero. Otherwise provide nonzero mass.
[warning] Body 'thorax' is massless but nonzero inertia provided.
[warning]  Inertia reset to zero. Otherwise provide nonzero mass.
[warning] Body 'thorax' is massless but nonzero inertia provided.
[warning]  Inertia reset to zero. Otherwise provide nonzero mass.
[warning] Body 'thorax' is massless but nonzero inertia provided.
[warning]  Inertia reset to zero. Otherwise provide nonzero mass.
[warning] Body 'thorax' is massless but nonzero inertia provided.
[warning]  Inertia reset to zero. Otherwise provide nonzero mass.
{"status":"ok","engine":"OpenSim C++ 4.6","model":"MOBL_ARMS_41","modelSha256":"8BF1C3F0DB841DEFAACA2B906DED154A2B1700531B96B491AAB3DBC9A7343289","bodies":12,"coordinates":26,"muscles":50,"ligaments":4,"meshes":33,"checkedMusclePaths":50,"benchmark":{"id":"CMC_REACH8_STATES","sha256":"58AD4A51E10BE4956207799106E63B3CEC689D39D7702A2318C3AE0E50089004","frames":3997,"timeStart":0.62000000,"timeEnd":4.34000000,"muscleActivationsPerFrame":50}}
7/7 READY - MoBL-ARMS explorer at http://0.0.0.0:8080
[info] Updating Model file from 40000 to latest format...
[info] Loaded model Right from file /workspace/models/mobl_arms/MOBL_ARMS_41.osim
[warning] Body 'thorax' is massless but nonzero inertia provided.
[warning]  Inertia reset to zero. Otherwise provide nonzero mass.
[warning] Body 'thorax' is massless but nonzero inertia provided.
[warning]  Inertia reset to zero. Otherwise provide nonzero mass.
[warning] Body 'thorax' is massless but nonzero inertia provided.
[warning]  Inertia reset to zero. Otherwise provide nonzero mass.
[warning] Body 'thorax' is massless but nonzero inertia provided.
[warning]  Inertia reset to zero. Otherwise provide nonzero mass.
[warning] Body 'thorax' is massless but nonzero inertia provided.
[warning]  Inertia reset to zero. Otherwise provide nonzero mass.
[warning] Body 'thorax' is massless but nonzero inertia provided.
[warning]  Inertia reset to zero. Otherwise provide nonzero mass.
[warning] Body 'thorax' is massless but nonzero inertia provided.
[warning]  Inertia reset to zero. Otherwise provide nonzero mass.
[warning] Body 'thorax' is massless but nonzero inertia provided.
[warning]  Inertia reset to zero. Otherwise provide nonzero mass.
[warning] Body 'thorax' is massless but nonzero inertia provided.
[warning]  Inertia reset to zero. Otherwise provide nonzero mass.
[warning] Body 'thorax' is massless but nonzero inertia provided.
[warning]  Inertia reset to zero. Otherwise provide nonzero mass.
[warning] Body 'thorax' is massless but nonzero inertia provided.
[warning]  Inertia reset to zero. Otherwise provide nonzero mass.
MoBL-ARMS upper-extremity explorer listening on 0.0.0.0:8080
1/7 Reusing installed Debian build dependencies
cmake version 3.23.3
2/7 Fetching OpenSim 4.6 source
HEAD is now at 52094cc Backport  post beta fixes to Opensim 46 (#4341)
3-4/7 Reusing cached OpenSim 4.6 installation
5/7 Configuring OpenSim shared libraries
6/7 Validating MoBL-ARMS assets and building the C++ service
-- Configuring done
-- Generating done
-- Build files have been written to: /workspace/build
ninja: no work to do.
[info] Updating Model file from 40000 to latest format...
[info] Loaded model Right from file /workspace/models/mobl_arms/MOBL_ARMS_41.osim
[warning] Body 'thorax' is massless but nonzero inertia provided.
[warning]  Inertia reset to zero. Otherwise provide nonzero mass.
[warning] Body 'thorax' is massless but nonzero inertia provided.
[warning]  Inertia reset to zero. Otherwise provide nonzero mass.
[warning] Body 'thorax' is massless but nonzero inertia provided.
[warning]  Inertia reset to zero. Otherwise provide nonzero mass.
[warning] Body 'thorax' is massless but nonzero inertia provided.
[warning]  Inertia reset to zero. Otherwise provide nonzero mass.
[warning] Body 'thorax' is massless but nonzero inertia provided.
[warning]  Inertia reset to zero. Otherwise provide nonzero mass.
[warning] Body 'thorax' is massless but nonzero inertia provided.
[warning]  Inertia reset to zero. Otherwise provide nonzero mass.
[warning] Body 'thorax' is massless but nonzero inertia provided.
[warning]  Inertia reset to zero. Otherwise provide nonzero mass.
[warning] Body 'thorax' is massless but nonzero inertia provided.
[warning]  Inertia reset to zero. Otherwise provide nonzero mass.
[warning] Body 'thorax' is massless but nonzero inertia provided.
[warning]  Inertia reset to zero. Otherwise provide nonzero mass.
[warning] Body 'thorax' is massless but nonzero inertia provided.
[warning]  Inertia reset to zero. Otherwise provide nonzero mass.
[warning] Body 'thorax' is massless but nonzero inertia provided.
[warning]  Inertia reset to zero. Otherwise provide nonzero mass.
{"status":"ok","engine":"OpenSim C++ 4.6","model":"MOBL_ARMS_41","modelSha256":"8BF1C3F0DB841DEFAACA2B906DED154A2B1700531B96B491AAB3DBC9A7343289","bodies":12,"coordinates":26,"muscles":50,"ligaments":4,"meshes":33,"checkedMusclePaths":50,"benchmark":{"id":"CMC_REACH8_STATES","sha256":"58AD4A51E10BE4956207799106E63B3CEC689D39D7702A2318C3AE0E50089004","frames":3997,"timeStart":0.62000000,"timeEnd":4.34000000,"muscleActivationsPerFrame":50}}
7/7 READY - MoBL-ARMS explorer at http://0.0.0.0:8080
[info] Updating Model file from 40000 to latest format...
[info] Loaded model Right from file /workspace/models/mobl_arms/MOBL_ARMS_41.osim
[warning] Body 'thorax' is massless but nonzero inertia provided.
[warning]  Inertia reset to zero. Otherwise provide nonzero mass.
[warning] Body 'thorax' is massless but nonzero inertia provided.
[warning]  Inertia reset to zero. Otherwise provide nonzero mass.
[warning] Body 'thorax' is massless but nonzero inertia provided.
[warning]  Inertia reset to zero. Otherwise provide nonzero mass.
[warning] Body 'thorax' is massless but nonzero inertia provided.
[warning]  Inertia reset to zero. Otherwise provide nonzero mass.
[warning] Body 'thorax' is massless but nonzero inertia provided.
[warning]  Inertia reset to zero. Otherwise provide nonzero mass.
[warning] Body 'thorax' is massless but nonzero inertia provided.
[warning]  Inertia reset to zero. Otherwise provide nonzero mass.
[warning] Body 'thorax' is massless but nonzero inertia provided.
[warning]  Inertia reset to zero. Otherwise provide nonzero mass.
[warning] Body 'thorax' is massless but nonzero inertia provided.
[warning]  Inertia reset to zero. Otherwise provide nonzero mass.
[warning] Body 'thorax' is massless but nonzero inertia provided.
[warning]  Inertia reset to zero. Otherwise provide nonzero mass.
[warning] Body 'thorax' is massless but nonzero inertia provided.
[warning]  Inertia reset to zero. Otherwise provide nonzero mass.
[warning] Body 'thorax' is massless but nonzero inertia provided.
[warning]  Inertia reset to zero. Otherwise provide nonzero mass.
MoBL-ARMS upper-extremity explorer listening on 0.0.0.0:8080
1/7 Reusing installed Debian build dependencies
cmake version 3.23.3
2/7 Fetching OpenSim 4.6 source
HEAD is now at 52094cc Backport  post beta fixes to Opensim 46 (#4341)
3-4/7 Reusing cached OpenSim 4.6 installation
5/7 Configuring OpenSim shared libraries
6/7 Validating MoBL-ARMS assets and building the C++ service
-- Configuring done
-- Generating done
-- Build files have been written to: /workspace/build
ninja: no work to do.
[info] Updating Model file from 40000 to latest format...
[info] Loaded model Right from file /workspace/models/mobl_arms/MOBL_ARMS_41.osim
[warning] Body 'thorax' is massless but nonzero inertia provided.
[warning]  Inertia reset to zero. Otherwise provide nonzero mass.
[warning] Body 'thorax' is massless but nonzero inertia provided.
[warning]  Inertia reset to zero. Otherwise provide nonzero mass.
[warning] Body 'thorax' is massless but nonzero inertia provided.
[warning]  Inertia reset to zero. Otherwise provide nonzero mass.
[warning] Body 'thorax' is massless but nonzero inertia provided.
[warning]  Inertia reset to zero. Otherwise provide nonzero mass.
[warning] Body 'thorax' is massless but nonzero inertia provided.
[warning]  Inertia reset to zero. Otherwise provide nonzero mass.
[warning] Body 'thorax' is massless but nonzero inertia provided.
[warning]  Inertia reset to zero. Otherwise provide nonzero mass.
[warning] Body 'thorax' is massless but nonzero inertia provided.
[warning]  Inertia reset to zero. Otherwise provide nonzero mass.
[warning] Body 'thorax' is massless but nonzero inertia provided.
[warning]  Inertia reset to zero. Otherwise provide nonzero mass.
[warning] Body 'thorax' is massless but nonzero inertia provided.
[warning]  Inertia reset to zero. Otherwise provide nonzero mass.
[warning] Body 'thorax' is massless but nonzero inertia provided.
[warning]  Inertia reset to zero. Otherwise provide nonzero mass.
[warning] Body 'thorax' is massless but nonzero inertia provided.
[warning]  Inertia reset to zero. Otherwise provide nonzero mass.
{"status":"ok","engine":"OpenSim C++ 4.6","model":"MOBL_ARMS_41","modelSha256":"8BF1C3F0DB841DEFAACA2B906DED154A2B1700531B96B491AAB3DBC9A7343289","bodies":12,"coordinates":26,"muscles":50,"ligaments":4,"meshes":33,"checkedMusclePaths":50,"benchmark":{"id":"CMC_REACH8_STATES","sha256":"58AD4A51E10BE4956207799106E63B3CEC689D39D7702A2318C3AE0E50089004","frames":3997,"timeStart":0.62000000,"timeEnd":4.34000000,"muscleActivationsPerFrame":50}}
7/7 READY - MoBL-ARMS explorer at http://0.0.0.0:8080
[info] Updating Model file from 40000 to latest format...
[info] Loaded model Right from file /workspace/models/mobl_arms/MOBL_ARMS_41.osim
[warning] Body 'thorax' is massless but nonzero inertia provided.
[warning]  Inertia reset to zero. Otherwise provide nonzero mass.
[warning] Body 'thorax' is massless but nonzero inertia provided.
[warning]  Inertia reset to zero. Otherwise provide nonzero mass.
[warning] Body 'thorax' is massless but nonzero inertia provided.
[warning]  Inertia reset to zero. Otherwise provide nonzero mass.
[warning] Body 'thorax' is massless but nonzero inertia provided.
[warning]  Inertia reset to zero. Otherwise provide nonzero mass.
[warning] Body 'thorax' is massless but nonzero inertia provided.
[warning]  Inertia reset to zero. Otherwise provide nonzero mass.
[warning] Body 'thorax' is massless but nonzero inertia provided.
[warning]  Inertia reset to zero. Otherwise provide nonzero mass.
[warning] Body 'thorax' is massless but nonzero inertia provided.
[warning]  Inertia reset to zero. Otherwise provide nonzero mass.
[warning] Body 'thorax' is massless but nonzero inertia provided.
[warning]  Inertia reset to zero. Otherwise provide nonzero mass.
[warning] Body 'thorax' is massless but nonzero inertia provided.
[warning]  Inertia reset to zero. Otherwise provide nonzero mass.
[warning] Body 'thorax' is massless but nonzero inertia provided.
[warning]  Inertia reset to zero. Otherwise provide nonzero mass.
[warning] Body 'thorax' is massless but nonzero inertia provided.
[warning]  Inertia reset to zero. Otherwise provide nonzero mass.
MoBL-ARMS upper-extremity explorer listening on 0.0.0.0:8080
1/7 Reusing installed Debian build dependencies
cmake version 3.23.3
2/7 Fetching OpenSim 4.6 source
HEAD is now at 52094cc Backport  post beta fixes to Opensim 46 (#4341)
3-4/7 Reusing cached OpenSim 4.6 installation
5/7 Configuring OpenSim shared libraries
6/7 Validating MoBL-ARMS assets and building the C++ service
-- Configuring done
-- Generating done
-- Build files have been written to: /workspace/build
ninja: no work to do.
[info] Updating Model file from 40000 to latest format...
[info] Loaded model Right from file /workspace/models/mobl_arms/MOBL_ARMS_41.osim
[warning] Body 'thorax' is massless but nonzero inertia provided.
[warning]  Inertia reset to zero. Otherwise provide nonzero mass.
[warning] Body 'thorax' is massless but nonzero inertia provided.
[warning]  Inertia reset to zero. Otherwise provide nonzero mass.
[warning] Body 'thorax' is massless but nonzero inertia provided.
[warning]  Inertia reset to zero. Otherwise provide nonzero mass.
[warning] Body 'thorax' is massless but nonzero inertia provided.
[warning]  Inertia reset to zero. Otherwise provide nonzero mass.
[warning] Body 'thorax' is massless but nonzero inertia provided.
[warning]  Inertia reset to zero. Otherwise provide nonzero mass.
[warning] Body 'thorax' is massless but nonzero inertia provided.
[warning]  Inertia reset to zero. Otherwise provide nonzero mass.
[warning] Body 'thorax' is massless but nonzero inertia provided.
[warning]  Inertia reset to zero. Otherwise provide nonzero mass.
[warning] Body 'thorax' is massless but nonzero inertia provided.
[warning]  Inertia reset to zero. Otherwise provide nonzero mass.
[warning] Body 'thorax' is massless but nonzero inertia provided.
[warning]  Inertia reset to zero. Otherwise provide nonzero mass.
[warning] Body 'thorax' is massless but nonzero inertia provided.
[warning]  Inertia reset to zero. Otherwise provide nonzero mass.
[warning] Body 'thorax' is massless but nonzero inertia provided.
[warning]  Inertia reset to zero. Otherwise provide nonzero mass.
{"status":"ok","engine":"OpenSim C++ 4.6","model":"MOBL_ARMS_41","modelSha256":"8BF1C3F0DB841DEFAACA2B906DED154A2B1700531B96B491AAB3DBC9A7343289","bodies":12,"coordinates":26,"muscles":50,"ligaments":4,"meshes":33,"checkedMusclePaths":50,"benchmark":{"id":"CMC_REACH8_STATES","sha256":"58AD4A51E10BE4956207799106E63B3CEC689D39D7702A2318C3AE0E50089004","frames":3997,"timeStart":0.62000000,"timeEnd":4.34000000,"muscleActivationsPerFrame":50}}
7/7 READY - MoBL-ARMS explorer at http://0.0.0.0:8080
[info] Updating Model file from 40000 to latest format...
[info] Loaded model Right from file /workspace/models/mobl_arms/MOBL_ARMS_41.osim
[warning] Body 'thorax' is massless but nonzero inertia provided.
[warning]  Inertia reset to zero. Otherwise provide nonzero mass.
[warning] Body 'thorax' is massless but nonzero inertia provided.
[warning]  Inertia reset to zero. Otherwise provide nonzero mass.
[warning] Body 'thorax' is massless but nonzero inertia provided.
[warning]  Inertia reset to zero. Otherwise provide nonzero mass.
[warning] Body 'thorax' is massless but nonzero inertia provided.
[warning]  Inertia reset to zero. Otherwise provide nonzero mass.
[warning] Body 'thorax' is massless but nonzero inertia provided.
[warning]  Inertia reset to zero. Otherwise provide nonzero mass.
[warning] Body 'thorax' is massless but nonzero inertia provided.
[warning]  Inertia reset to zero. Otherwise provide nonzero mass.
[warning] Body 'thorax' is massless but nonzero inertia provided.
[warning]  Inertia reset to zero. Otherwise provide nonzero mass.
[warning] Body 'thorax' is massless but nonzero inertia provided.
[warning]  Inertia reset to zero. Otherwise provide nonzero mass.
[warning] Body 'thorax' is massless but nonzero inertia provided.
[warning]  Inertia reset to zero. Otherwise provide nonzero mass.
[warning] Body 'thorax' is massless but nonzero inertia provided.
[warning]  Inertia reset to zero. Otherwise provide nonzero mass.
[warning] Body 'thorax' is massless but nonzero inertia provided.
[warning]  Inertia reset to zero. Otherwise provide nonzero mass.
MoBL-ARMS upper-extremity explorer listening on 0.0.0.0:8080
1/7 Reusing installed Debian build dependencies
cmake version 3.23.3
2/7 Fetching OpenSim 4.6 source
HEAD is now at 52094cc Backport  post beta fixes to Opensim 46 (#4341)
3-4/7 Reusing cached OpenSim 4.6 installation
5/7 Configuring OpenSim shared libraries
6/7 Validating MoBL-ARMS assets and building the C++ service
-- Configuring done
-- Generating done
-- Build files have been written to: /workspace/build
ninja: no work to do.
[info] Updating Model file from 40000 to latest format...
[info] Loaded model Right from file /workspace/models/mobl_arms/MOBL_ARMS_41.osim
[warning] Body 'thorax' is massless but nonzero inertia provided.
[warning]  Inertia reset to zero. Otherwise provide nonzero mass.
[warning] Body 'thorax' is massless but nonzero inertia provided.
[warning]  Inertia reset to zero. Otherwise provide nonzero mass.
[warning] Body 'thorax' is massless but nonzero inertia provided.
[warning]  Inertia reset to zero. Otherwise provide nonzero mass.
[warning] Body 'thorax' is massless but nonzero inertia provided.
[warning]  Inertia reset to zero. Otherwise provide nonzero mass.
[warning] Body 'thorax' is massless but nonzero inertia provided.
[warning]  Inertia reset to zero. Otherwise provide nonzero mass.
[warning] Body 'thorax' is massless but nonzero inertia provided.
[warning]  Inertia reset to zero. Otherwise provide nonzero mass.
[warning] Body 'thorax' is massless but nonzero inertia provided.
[warning]  Inertia reset to zero. Otherwise provide nonzero mass.
[warning] Body 'thorax' is massless but nonzero inertia provided.
[warning]  Inertia reset to zero. Otherwise provide nonzero mass.
[warning] Body 'thorax' is massless but nonzero inertia provided.
[warning]  Inertia reset to zero. Otherwise provide nonzero mass.
[warning] Body 'thorax' is massless but nonzero inertia provided.
[warning]  Inertia reset to zero. Otherwise provide nonzero mass.
[warning] Body 'thorax' is massless but nonzero inertia provided.
[warning]  Inertia reset to zero. Otherwise provide nonzero mass.
{"status":"ok","engine":"OpenSim C++ 4.6","model":"MOBL_ARMS_41","modelSha256":"8BF1C3F0DB841DEFAACA2B906DED154A2B1700531B96B491AAB3DBC9A7343289","bodies":12,"coordinates":26,"muscles":50,"ligaments":4,"meshes":33,"checkedMusclePaths":50,"benchmark":{"id":"CMC_REACH8_STATES","sha256":"58AD4A51E10BE4956207799106E63B3CEC689D39D7702A2318C3AE0E50089004","frames":3997,"timeStart":0.62000000,"timeEnd":4.34000000,"muscleActivationsPerFrame":50}}
7/7 READY - MoBL-ARMS explorer at http://0.0.0.0:8080
[info] Updating Model file from 40000 to latest format...
[info] Loaded model Right from file /workspace/models/mobl_arms/MOBL_ARMS_41.osim
[warning] Body 'thorax' is massless but nonzero inertia provided.
[warning]  Inertia reset to zero. Otherwise provide nonzero mass.
[warning] Body 'thorax' is massless but nonzero inertia provided.
[warning]  Inertia reset to zero. Otherwise provide nonzero mass.
[warning] Body 'thorax' is massless but nonzero inertia provided.
[warning]  Inertia reset to zero. Otherwise provide nonzero mass.
[warning] Body 'thorax' is massless but nonzero inertia provided.
[warning]  Inertia reset to zero. Otherwise provide nonzero mass.
[warning] Body 'thorax' is massless but nonzero inertia provided.
[warning]  Inertia reset to zero. Otherwise provide nonzero mass.
[warning] Body 'thorax' is massless but nonzero inertia provided.
[warning]  Inertia reset to zero. Otherwise provide nonzero mass.
[warning] Body 'thorax' is massless but nonzero inertia provided.
[warning]  Inertia reset to zero. Otherwise provide nonzero mass.
[warning] Body 'thorax' is massless but nonzero inertia provided.
[warning]  Inertia reset to zero. Otherwise provide nonzero mass.
[warning] Body 'thorax' is massless but nonzero inertia provided.
[warning]  Inertia reset to zero. Otherwise provide nonzero mass.
[warning] Body 'thorax' is massless but nonzero inertia provided.
[warning]  Inertia reset to zero. Otherwise provide nonzero mass.
[warning] Body 'thorax' is massless but nonzero inertia provided.
[warning]  Inertia reset to zero. Otherwise provide nonzero mass.
MoBL-ARMS upper-extremity explorer listening on 0.0.0.0:8080
1/7 Reusing installed Debian build dependencies
cmake version 3.23.3
2/7 Fetching OpenSim 4.6 source
HEAD is now at 52094cc Backport  post beta fixes to Opensim 46 (#4341)
3-4/7 Reusing cached OpenSim 4.6 installation
5/7 Configuring OpenSim shared libraries
6/7 Validating MoBL-ARMS assets and building the C++ service
-- Configuring done
-- Generating done
-- Build files have been written to: /workspace/build
ninja: no work to do.
[info] Updating Model file from 40000 to latest format...
[info] Loaded model Right from file /workspace/models/mobl_arms/MOBL_ARMS_41.osim
[warning] Body 'thorax' is massless but nonzero inertia provided.
[warning]  Inertia reset to zero. Otherwise provide nonzero mass.
[warning] Body 'thorax' is massless but nonzero inertia provided.
[warning]  Inertia reset to zero. Otherwise provide nonzero mass.
[warning] Body 'thorax' is massless but nonzero inertia provided.
[warning]  Inertia reset to zero. Otherwise provide nonzero mass.
[warning] Body 'thorax' is massless but nonzero inertia provided.
[warning]  Inertia reset to zero. Otherwise provide nonzero mass.
[warning] Body 'thorax' is massless but nonzero inertia provided.
[warning]  Inertia reset to zero. Otherwise provide nonzero mass.
[warning] Body 'thorax' is massless but nonzero inertia provided.
[warning]  Inertia reset to zero. Otherwise provide nonzero mass.
[warning] Body 'thorax' is massless but nonzero inertia provided.
[warning]  Inertia reset to zero. Otherwise provide nonzero mass.
[warning] Body 'thorax' is massless but nonzero inertia provided.
[warning]  Inertia reset to zero. Otherwise provide nonzero mass.
[warning] Body 'thorax' is massless but nonzero inertia provided.
[warning]  Inertia reset to zero. Otherwise provide nonzero mass.
[warning] Body 'thorax' is massless but nonzero inertia provided.
[warning]  Inertia reset to zero. Otherwise provide nonzero mass.
[warning] Body 'thorax' is massless but nonzero inertia provided.
[warning]  Inertia reset to zero. Otherwise provide nonzero mass.
{"status":"ok","engine":"OpenSim C++ 4.6","model":"MOBL_ARMS_41","modelSha256":"8BF1C3F0DB841DEFAACA2B906DED154A2B1700531B96B491AAB3DBC9A7343289","bodies":12,"coordinates":26,"muscles":50,"ligaments":4,"meshes":33,"checkedMusclePaths":50,"benchmark":{"id":"CMC_REACH8_STATES","sha256":"58AD4A51E10BE4956207799106E63B3CEC689D39D7702A2318C3AE0E50089004","frames":3997,"timeStart":0.62000000,"timeEnd":4.34000000,"muscleActivationsPerFrame":50}}
7/7 READY - MoBL-ARMS explorer at http://0.0.0.0:8080
[info] Updating Model file from 40000 to latest format...
[info] Loaded model Right from file /workspace/models/mobl_arms/MOBL_ARMS_41.osim
[warning] Body 'thorax' is massless but nonzero inertia provided.
[warning]  Inertia reset to zero. Otherwise provide nonzero mass.
[warning] Body 'thorax' is massless but nonzero inertia provided.
[warning]  Inertia reset to zero. Otherwise provide nonzero mass.
[warning] Body 'thorax' is massless but nonzero inertia provided.
[warning]  Inertia reset to zero. Otherwise provide nonzero mass.
[warning] Body 'thorax' is massless but nonzero inertia provided.
[warning]  Inertia reset to zero. Otherwise provide nonzero mass.
[warning] Body 'thorax' is massless but nonzero inertia provided.
[warning]  Inertia reset to zero. Otherwise provide nonzero mass.
[warning] Body 'thorax' is massless but nonzero inertia provided.
[warning]  Inertia reset to zero. Otherwise provide nonzero mass.
[warning] Body 'thorax' is massless but nonzero inertia provided.
[warning]  Inertia reset to zero. Otherwise provide nonzero mass.
[warning] Body 'thorax' is massless but nonzero inertia provided.
[warning]  Inertia reset to zero. Otherwise provide nonzero mass.
[warning] Body 'thorax' is massless but nonzero inertia provided.
[warning]  Inertia reset to zero. Otherwise provide nonzero mass.
[warning] Body 'thorax' is massless but nonzero inertia provided.
[warning]  Inertia reset to zero. Otherwise provide nonzero mass.
[warning] Body 'thorax' is massless but nonzero inertia provided.
[warning]  Inertia reset to zero. Otherwise provide nonzero mass.
MoBL-ARMS upper-extremity explorer listening on 0.0.0.0:8080
1/7 Reusing installed Debian build dependencies
cmake version 3.23.3
2/7 Fetching OpenSim 4.6 source
HEAD is now at 52094cc Backport  post beta fixes to Opensim 46 (#4341)
3-4/7 Reusing cached OpenSim 4.6 installation
5/7 Configuring OpenSim shared libraries
6/7 Validating MoBL-ARMS assets and building the C++ service
-- Configuring done
-- Generating done
-- Build files have been written to: /workspace/build
ninja: no work to do.
[info] Updating Model file from 40000 to latest format...
[info] Loaded model Right from file /workspace/models/mobl_arms/MOBL_ARMS_41.osim
[warning] Body 'thorax' is massless but nonzero inertia provided.
[warning]  Inertia reset to zero. Otherwise provide nonzero mass.
[warning] Body 'thorax' is massless but nonzero inertia provided.
[warning]  Inertia reset to zero. Otherwise provide nonzero mass.
[warning] Body 'thorax' is massless but nonzero inertia provided.
[warning]  Inertia reset to zero. Otherwise provide nonzero mass.
[warning] Body 'thorax' is massless but nonzero inertia provided.
[warning]  Inertia reset to zero. Otherwise provide nonzero mass.
[warning] Body 'thorax' is massless but nonzero inertia provided.
[warning]  Inertia reset to zero. Otherwise provide nonzero mass.
[warning] Body 'thorax' is massless but nonzero inertia provided.
[warning]  Inertia reset to zero. Otherwise provide nonzero mass.
[warning] Body 'thorax' is massless but nonzero inertia provided.
[warning]  Inertia reset to zero. Otherwise provide nonzero mass.
[warning] Body 'thorax' is massless but nonzero inertia provided.
[warning]  Inertia reset to zero. Otherwise provide nonzero mass.
[warning] Body 'thorax' is massless but nonzero inertia provided.
[warning]  Inertia reset to zero. Otherwise provide nonzero mass.
[warning] Body 'thorax' is massless but nonzero inertia provided.
[warning]  Inertia reset to zero. Otherwise provide nonzero mass.
[warning] Body 'thorax' is massless but nonzero inertia provided.
[warning]  Inertia reset to zero. Otherwise provide nonzero mass.
{"status":"ok","engine":"OpenSim C++ 4.6","model":"MOBL_ARMS_41","modelSha256":"8BF1C3F0DB841DEFAACA2B906DED154A2B1700531B96B491AAB3DBC9A7343289","bodies":12,"coordinates":26,"muscles":50,"ligaments":4,"meshes":33,"checkedMusclePaths":50,"benchmark":{"id":"CMC_REACH8_STATES","sha256":"58AD4A51E10BE4956207799106E63B3CEC689D39D7702A2318C3AE0E50089004","frames":3997,"timeStart":0.62000000,"timeEnd":4.34000000,"muscleActivationsPerFrame":50}}
7/7 READY - MoBL-ARMS explorer at http://0.0.0.0:8080
[info] Updating Model file from 40000 to latest format...
[info] Loaded model Right from file /workspace/models/mobl_arms/MOBL_ARMS_41.osim
[warning] Body 'thorax' is massless but nonzero inertia provided.
[warning]  Inertia reset to zero. Otherwise provide nonzero mass.
[warning] Body 'thorax' is massless but nonzero inertia provided.
[warning]  Inertia reset to zero. Otherwise provide nonzero mass.
[warning] Body 'thorax' is massless but nonzero inertia provided.
[warning]  Inertia reset to zero. Otherwise provide nonzero mass.
[warning] Body 'thorax' is massless but nonzero inertia provided.
[warning]  Inertia reset to zero. Otherwise provide nonzero mass.
[warning] Body 'thorax' is massless but nonzero inertia provided.
[warning]  Inertia reset to zero. Otherwise provide nonzero mass.
[warning] Body 'thorax' is massless but nonzero inertia provided.
[warning]  Inertia reset to zero. Otherwise provide nonzero mass.
[warning] Body 'thorax' is massless but nonzero inertia provided.
[warning]  Inertia reset to zero. Otherwise provide nonzero mass.
[warning] Body 'thorax' is massless but nonzero inertia provided.
[warning]  Inertia reset to zero. Otherwise provide nonzero mass.
[warning] Body 'thorax' is massless but nonzero inertia provided.
[warning]  Inertia reset to zero. Otherwise provide nonzero mass.
[warning] Body 'thorax' is massless but nonzero inertia provided.
[warning]  Inertia reset to zero. Otherwise provide nonzero mass.
[warning] Body 'thorax' is massless but nonzero inertia provided.
[warning]  Inertia reset to zero. Otherwise provide nonzero mass.
MoBL-ARMS upper-extremity explorer listening on 0.0.0.0:8080
1/7 Reusing installed Debian build dependencies
cmake version 3.23.3
2/7 Fetching OpenSim 4.6 source
HEAD is now at 52094cc Backport  post beta fixes to Opensim 46 (#4341)
3-4/7 Reusing cached OpenSim 4.6 installation
5/7 Configuring OpenSim shared libraries
6/7 Validating MoBL-ARMS assets and building the C++ service
-- Configuring done
-- Generating done
-- Build files have been written to: /workspace/build
ninja: no work to do.
[info] Updating Model file from 40000 to latest format...
[info] Loaded model Right from file /workspace/models/mobl_arms/MOBL_ARMS_41.osim
[warning] Body 'thorax' is massless but nonzero inertia provided.
[warning]  Inertia reset to zero. Otherwise provide nonzero mass.
[warning] Body 'thorax' is massless but nonzero inertia provided.
[warning]  Inertia reset to zero. Otherwise provide nonzero mass.
[warning] Body 'thorax' is massless but nonzero inertia provided.
[warning]  Inertia reset to zero. Otherwise provide nonzero mass.
[warning] Body 'thorax' is massless but nonzero inertia provided.
[warning]  Inertia reset to zero. Otherwise provide nonzero mass.
[warning] Body 'thorax' is massless but nonzero inertia provided.
[warning]  Inertia reset to zero. Otherwise provide nonzero mass.
[warning] Body 'thorax' is massless but nonzero inertia provided.
[warning]  Inertia reset to zero. Otherwise provide nonzero mass.
[warning] Body 'thorax' is massless but nonzero inertia provided.
[warning]  Inertia reset to zero. Otherwise provide nonzero mass.
[warning] Body 'thorax' is massless but nonzero inertia provided.
[warning]  Inertia reset to zero. Otherwise provide nonzero mass.
[warning] Body 'thorax' is massless but nonzero inertia provided.
[warning]  Inertia reset to zero. Otherwise provide nonzero mass.
[warning] Body 'thorax' is massless but nonzero inertia provided.
[warning]  Inertia reset to zero. Otherwise provide nonzero mass.
[warning] Body 'thorax' is massless but nonzero inertia provided.
[warning]  Inertia reset to zero. Otherwise provide nonzero mass.
{"status":"ok","engine":"OpenSim C++ 4.6","model":"MOBL_ARMS_41","modelSha256":"8BF1C3F0DB841DEFAACA2B906DED154A2B1700531B96B491AAB3DBC9A7343289","bodies":12,"coordinates":26,"muscles":50,"ligaments":4,"meshes":33,"checkedMusclePaths":50,"benchmark":{"id":"CMC_REACH8_STATES","sha256":"58AD4A51E10BE4956207799106E63B3CEC689D39D7702A2318C3AE0E50089004","frames":3997,"timeStart":0.62000000,"timeEnd":4.34000000,"muscleActivationsPerFrame":50}}
7/7 READY - MoBL-ARMS explorer at http://0.0.0.0:8080
[info] Updating Model file from 40000 to latest format...
[info] Loaded model Right from file /workspace/models/mobl_arms/MOBL_ARMS_41.osim
[warning] Body 'thorax' is massless but nonzero inertia provided.
[warning]  Inertia reset to zero. Otherwise provide nonzero mass.
[warning] Body 'thorax' is massless but nonzero inertia provided.
[warning]  Inertia reset to zero. Otherwise provide nonzero mass.
[warning] Body 'thorax' is massless but nonzero inertia provided.
[warning]  Inertia reset to zero. Otherwise provide nonzero mass.
[warning] Body 'thorax' is massless but nonzero inertia provided.
[warning]  Inertia reset to zero. Otherwise provide nonzero mass.
[warning] Body 'thorax' is massless but nonzero inertia provided.
[warning]  Inertia reset to zero. Otherwise provide nonzero mass.
[warning] Body 'thorax' is massless but nonzero inertia provided.
[warning]  Inertia reset to zero. Otherwise provide nonzero mass.
[warning] Body 'thorax' is massless but nonzero inertia provided.
[warning]  Inertia reset to zero. Otherwise provide nonzero mass.
[warning] Body 'thorax' is massless but nonzero inertia provided.
[warning]  Inertia reset to zero. Otherwise provide nonzero mass.
[warning] Body 'thorax' is massless but nonzero inertia provided.
[warning]  Inertia reset to zero. Otherwise provide nonzero mass.
[warning] Body 'thorax' is massless but nonzero inertia provided.
[warning]  Inertia reset to zero. Otherwise provide nonzero mass.
[warning] Body 'thorax' is massless but nonzero inertia provided.
[warning]  Inertia reset to zero. Otherwise provide nonzero mass.
MoBL-ARMS upper-extremity explorer listening on 0.0.0.0:8080
1/7 Reusing installed Debian build dependencies
cmake version 3.23.3
2/7 Fetching OpenSim 4.6 source
HEAD is now at 52094cc Backport  post beta fixes to Opensim 46 (#4341)
3-4/7 Reusing cached OpenSim 4.6 installation
5/7 Configuring OpenSim shared libraries
6/7 Validating MoBL-ARMS assets and building the C++ service
-- Configuring done
-- Generating done
-- Build files have been written to: /workspace/build
ninja: no work to do.
[info] Updating Model file from 40000 to latest format...
[info] Loaded model Right from file /workspace/models/mobl_arms/MOBL_ARMS_41.osim
[warning] Body 'thorax' is massless but nonzero inertia provided.
[warning]  Inertia reset to zero. Otherwise provide nonzero mass.
[warning] Body 'thorax' is massless but nonzero inertia provided.
[warning]  Inertia reset to zero. Otherwise provide nonzero mass.
[warning] Body 'thorax' is massless but nonzero inertia provided.
[warning]  Inertia reset to zero. Otherwise provide nonzero mass.
[warning] Body 'thorax' is massless but nonzero inertia provided.
[warning]  Inertia reset to zero. Otherwise provide nonzero mass.
[warning] Body 'thorax' is massless but nonzero inertia provided.
[warning]  Inertia reset to zero. Otherwise provide nonzero mass.
[warning] Body 'thorax' is massless but nonzero inertia provided.
[warning]  Inertia reset to zero. Otherwise provide nonzero mass.
[warning] Body 'thorax' is massless but nonzero inertia provided.
[warning]  Inertia reset to zero. Otherwise provide nonzero mass.
[warning] Body 'thorax' is massless but nonzero inertia provided.
[warning]  Inertia reset to zero. Otherwise provide nonzero mass.
[warning] Body 'thorax' is massless but nonzero inertia provided.
[warning]  Inertia reset to zero. Otherwise provide nonzero mass.
[warning] Body 'thorax' is massless but nonzero inertia provided.
[warning]  Inertia reset to zero. Otherwise provide nonzero mass.
[warning] Body 'thorax' is massless but nonzero inertia provided.
[warning]  Inertia reset to zero. Otherwise provide nonzero mass.
{"status":"ok","engine":"OpenSim C++ 4.6","model":"MOBL_ARMS_41","modelSha256":"8BF1C3F0DB841DEFAACA2B906DED154A2B1700531B96B491AAB3DBC9A7343289","bodies":12,"coordinates":26,"muscles":50,"ligaments":4,"meshes":33,"checkedMusclePaths":50,"benchmark":{"id":"CMC_REACH8_STATES","sha256":"58AD4A51E10BE4956207799106E63B3CEC689D39D7702A2318C3AE0E50089004","frames":3997,"timeStart":0.62000000,"timeEnd":4.34000000,"muscleActivationsPerFrame":50}}
7/7 READY - MoBL-ARMS explorer at http://0.0.0.0:8080
[info] Updating Model file from 40000 to latest format...
[info] Loaded model Right from file /workspace/models/mobl_arms/MOBL_ARMS_41.osim
[warning] Body 'thorax' is massless but nonzero inertia provided.
[warning]  Inertia reset to zero. Otherwise provide nonzero mass.
[warning] Body 'thorax' is massless but nonzero inertia provided.
[warning]  Inertia reset to zero. Otherwise provide nonzero mass.
[warning] Body 'thorax' is massless but nonzero inertia provided.
[warning]  Inertia reset to zero. Otherwise provide nonzero mass.
[warning] Body 'thorax' is massless but nonzero inertia provided.
[warning]  Inertia reset to zero. Otherwise provide nonzero mass.
[warning] Body 'thorax' is massless but nonzero inertia provided.
[warning]  Inertia reset to zero. Otherwise provide nonzero mass.
[warning] Body 'thorax' is massless but nonzero inertia provided.
[warning]  Inertia reset to zero. Otherwise provide nonzero mass.
[warning] Body 'thorax' is massless but nonzero inertia provided.
[warning]  Inertia reset to zero. Otherwise provide nonzero mass.
[warning] Body 'thorax' is massless but nonzero inertia provided.
[warning]  Inertia reset to zero. Otherwise provide nonzero mass.
[warning] Body 'thorax' is massless but nonzero inertia provided.
[warning]  Inertia reset to zero. Otherwise provide nonzero mass.
[warning] Body 'thorax' is massless but nonzero inertia provided.
[warning]  Inertia reset to zero. Otherwise provide nonzero mass.
[warning] Body 'thorax' is massless but nonzero inertia provided.
[warning]  Inertia reset to zero. Otherwise provide nonzero mass.
MoBL-ARMS upper-extremity explorer listening on 0.0.0.0:8080
1/7 Reusing installed Debian build dependencies
cmake version 3.23.3
2/7 Fetching OpenSim 4.6 source
HEAD is now at 52094cc Backport  post beta fixes to Opensim 46 (#4341)
3-4/7 Reusing cached OpenSim 4.6 installation
5/7 Configuring OpenSim shared libraries
6/7 Validating MoBL-ARMS assets and building the C++ service
-- Configuring done
-- Generating done
-- Build files have been written to: /workspace/build
ninja: no work to do.
[info] Updating Model file from 40000 to latest format...
[info] Loaded model Right from file /workspace/models/mobl_arms/MOBL_ARMS_41.osim
[warning] Body 'thorax' is massless but nonzero inertia provided.
[warning]  Inertia reset to zero. Otherwise provide nonzero mass.
[warning] Body 'thorax' is massless but nonzero inertia provided.
[warning]  Inertia reset to zero. Otherwise provide nonzero mass.
[warning] Body 'thorax' is massless but nonzero inertia provided.
[warning]  Inertia reset to zero. Otherwise provide nonzero mass.
[warning] Body 'thorax' is massless but nonzero inertia provided.
[warning]  Inertia reset to zero. Otherwise provide nonzero mass.
[warning] Body 'thorax' is massless but nonzero inertia provided.
[warning]  Inertia reset to zero. Otherwise provide nonzero mass.
[warning] Body 'thorax' is massless but nonzero inertia provided.
[warning]  Inertia reset to zero. Otherwise provide nonzero mass.
[warning] Body 'thorax' is massless but nonzero inertia provided.
[warning]  Inertia reset to zero. Otherwise provide nonzero mass.
[warning] Body 'thorax' is massless but nonzero inertia provided.
[warning]  Inertia reset to zero. Otherwise provide nonzero mass.
[warning] Body 'thorax' is massless but nonzero inertia provided.
[warning]  Inertia reset to zero. Otherwise provide nonzero mass.
[warning] Body 'thorax' is massless but nonzero inertia provided.
[warning]  Inertia reset to zero. Otherwise provide nonzero mass.
[warning] Body 'thorax' is massless but nonzero inertia provided.
[warning]  Inertia reset to zero. Otherwise provide nonzero mass.
{"status":"ok","engine":"OpenSim C++ 4.6","model":"MOBL_ARMS_41","modelSha256":"8BF1C3F0DB841DEFAACA2B906DED154A2B1700531B96B491AAB3DBC9A7343289","bodies":12,"coordinates":26,"muscles":50,"ligaments":4,"meshes":33,"checkedMusclePaths":50,"benchmark":{"id":"CMC_REACH8_STATES","sha256":"58AD4A51E10BE4956207799106E63B3CEC689D39D7702A2318C3AE0E50089004","frames":3997,"timeStart":0.62000000,"timeEnd":4.34000000,"muscleActivationsPerFrame":50}}
7/7 READY - MoBL-ARMS explorer at http://0.0.0.0:8080
[info] Updating Model file from 40000 to latest format...
[info] Loaded model Right from file /workspace/models/mobl_arms/MOBL_ARMS_41.osim
[warning] Body 'thorax' is massless but nonzero inertia provided.
[warning]  Inertia reset to zero. Otherwise provide nonzero mass.
[warning] Body 'thorax' is massless but nonzero inertia provided.
[warning]  Inertia reset to zero. Otherwise provide nonzero mass.
[warning] Body 'thorax' is massless but nonzero inertia provided.
[warning]  Inertia reset to zero. Otherwise provide nonzero mass.
[warning] Body 'thorax' is massless but nonzero inertia provided.
[warning]  Inertia reset to zero. Otherwise provide nonzero mass.
[warning] Body 'thorax' is massless but nonzero inertia provided.
[warning]  Inertia reset to zero. Otherwise provide nonzero mass.
[warning] Body 'thorax' is massless but nonzero inertia provided.
[warning]  Inertia reset to zero. Otherwise provide nonzero mass.
[warning] Body 'thorax' is massless but nonzero inertia provided.
[warning]  Inertia reset to zero. Otherwise provide nonzero mass.
[warning] Body 'thorax' is massless but nonzero inertia provided.
[warning]  Inertia reset to zero. Otherwise provide nonzero mass.
[warning] Body 'thorax' is massless but nonzero inertia provided.
[warning]  Inertia reset to zero. Otherwise provide nonzero mass.
[warning] Body 'thorax' is massless but nonzero inertia provided.
[warning]  Inertia reset to zero. Otherwise provide nonzero mass.
[warning] Body 'thorax' is massless but nonzero inertia provided.
[warning]  Inertia reset to zero. Otherwise provide nonzero mass.
MoBL-ARMS upper-extremity explorer listening on 0.0.0.0:8080
1/7 Reusing installed Debian build dependencies
cmake version 3.23.3
2/7 Fetching OpenSim 4.6 source
HEAD is now at 52094cc Backport  post beta fixes to Opensim 46 (#4341)
3-4/7 Reusing cached OpenSim 4.6 installation
5/7 Configuring OpenSim shared libraries
6/7 Validating MoBL-ARMS assets and building the C++ service
-- Configuring done
-- Generating done
-- Build files have been written to: /workspace/build
ninja: no work to do.
[info] Updating Model file from 40000 to latest format...
[info] Loaded model Right from file /workspace/models/mobl_arms/MOBL_ARMS_41.osim
[warning] Body 'thorax' is massless but nonzero inertia provided.
[warning]  Inertia reset to zero. Otherwise provide nonzero mass.
[warning] Body 'thorax' is massless but nonzero inertia provided.
[warning]  Inertia reset to zero. Otherwise provide nonzero mass.
[warning] Body 'thorax' is massless but nonzero inertia provided.
[warning]  Inertia reset to zero. Otherwise provide nonzero mass.
[warning] Body 'thorax' is massless but nonzero inertia provided.
[warning]  Inertia reset to zero. Otherwise provide nonzero mass.
[warning] Body 'thorax' is massless but nonzero inertia provided.
[warning]  Inertia reset to zero. Otherwise provide nonzero mass.
[warning] Body 'thorax' is massless but nonzero inertia provided.
[warning]  Inertia reset to zero. Otherwise provide nonzero mass.
[warning] Body 'thorax' is massless but nonzero inertia provided.
[warning]  Inertia reset to zero. Otherwise provide nonzero mass.
[warning] Body 'thorax' is massless but nonzero inertia provided.
[warning]  Inertia reset to zero. Otherwise provide nonzero mass.
[warning] Body 'thorax' is massless but nonzero inertia provided.
[warning]  Inertia reset to zero. Otherwise provide nonzero mass.
[warning] Body 'thorax' is massless but nonzero inertia provided.
[warning]  Inertia reset to zero. Otherwise provide nonzero mass.
[warning] Body 'thorax' is massless but nonzero inertia provided.
[warning]  Inertia reset to zero. Otherwise provide nonzero mass.
{"status":"ok","engine":"OpenSim C++ 4.6","model":"MOBL_ARMS_41","modelSha256":"8BF1C3F0DB841DEFAACA2B906DED154A2B1700531B96B491AAB3DBC9A7343289","bodies":12,"coordinates":26,"muscles":50,"ligaments":4,"meshes":33,"checkedMusclePaths":50,"benchmark":{"id":"CMC_REACH8_STATES","sha256":"58AD4A51E10BE4956207799106E63B3CEC689D39D7702A2318C3AE0E50089004","frames":3997,"timeStart":0.62000000,"timeEnd":4.34000000,"muscleActivationsPerFrame":50}}
7/7 READY - MoBL-ARMS explorer at http://0.0.0.0:8080
[info] Updating Model file from 40000 to latest format...
[info] Loaded model Right from file /workspace/models/mobl_arms/MOBL_ARMS_41.osim
[warning] Body 'thorax' is massless but nonzero inertia provided.
[warning]  Inertia reset to zero. Otherwise provide nonzero mass.
[warning] Body 'thorax' is massless but nonzero inertia provided.
[warning]  Inertia reset to zero. Otherwise provide nonzero mass.
[warning] Body 'thorax' is massless but nonzero inertia provided.
[warning]  Inertia reset to zero. Otherwise provide nonzero mass.
[warning] Body 'thorax' is massless but nonzero inertia provided.
[warning]  Inertia reset to zero. Otherwise provide nonzero mass.
[warning] Body 'thorax' is massless but nonzero inertia provided.
[warning]  Inertia reset to zero. Otherwise provide nonzero mass.
[warning] Body 'thorax' is massless but nonzero inertia provided.
[warning]  Inertia reset to zero. Otherwise provide nonzero mass.
[warning] Body 'thorax' is massless but nonzero inertia provided.
[warning]  Inertia reset to zero. Otherwise provide nonzero mass.
[warning] Body 'thorax' is massless but nonzero inertia provided.
[warning]  Inertia reset to zero. Otherwise provide nonzero mass.
[warning] Body 'thorax' is massless but nonzero inertia provided.
[warning]  Inertia reset to zero. Otherwise provide nonzero mass.
[warning] Body 'thorax' is massless but nonzero inertia provided.
[warning]  Inertia reset to zero. Otherwise provide nonzero mass.
[warning] Body 'thorax' is massless but nonzero inertia provided.
[warning]  Inertia reset to zero. Otherwise provide nonzero mass.
MoBL-ARMS upper-extremity explorer listening on 0.0.0.0:8080
1/7 Reusing installed Debian build dependencies
cmake version 3.23.3
2/7 Fetching OpenSim 4.6 source
HEAD is now at 52094cc Backport  post beta fixes to Opensim 46 (#4341)
3-4/7 Reusing cached OpenSim 4.6 installation
5/7 Configuring OpenSim shared libraries
6/7 Validating MoBL-ARMS assets and building the C++ service
-- Configuring done
-- Generating done
-- Build files have been written to: /workspace/build
ninja: no work to do.
[info] Updating Model file from 40000 to latest format...
[info] Loaded model Right from file /workspace/models/mobl_arms/MOBL_ARMS_41.osim
[warning] Body 'thorax' is massless but nonzero inertia provided.
[warning]  Inertia reset to zero. Otherwise provide nonzero mass.
[warning] Body 'thorax' is massless but nonzero inertia provided.
[warning]  Inertia reset to zero. Otherwise provide nonzero mass.
[warning] Body 'thorax' is massless but nonzero inertia provided.
[warning]  Inertia reset to zero. Otherwise provide nonzero mass.
[warning] Body 'thorax' is massless but nonzero inertia provided.
[warning]  Inertia reset to zero. Otherwise provide nonzero mass.
[warning] Body 'thorax' is massless but nonzero inertia provided.
[warning]  Inertia reset to zero. Otherwise provide nonzero mass.
[warning] Body 'thorax' is massless but nonzero inertia provided.
[warning]  Inertia reset to zero. Otherwise provide nonzero mass.
[warning] Body 'thorax' is massless but nonzero inertia provided.
[warning]  Inertia reset to zero. Otherwise provide nonzero mass.
[warning] Body 'thorax' is massless but nonzero inertia provided.
[warning]  Inertia reset to zero. Otherwise provide nonzero mass.
[warning] Body 'thorax' is massless but nonzero inertia provided.
[warning]  Inertia reset to zero. Otherwise provide nonzero mass.
[warning] Body 'thorax' is massless but nonzero inertia provided.
[warning]  Inertia reset to zero. Otherwise provide nonzero mass.
[warning] Body 'thorax' is massless but nonzero inertia provided.
[warning]  Inertia reset to zero. Otherwise provide nonzero mass.
{"status":"ok","engine":"OpenSim C++ 4.6","model":"MOBL_ARMS_41","modelSha256":"8BF1C3F0DB841DEFAACA2B906DED154A2B1700531B96B491AAB3DBC9A7343289","bodies":12,"coordinates":26,"muscles":50,"ligaments":4,"meshes":33,"checkedMusclePaths":50,"benchmark":{"id":"CMC_REACH8_STATES","sha256":"58AD4A51E10BE4956207799106E63B3CEC689D39D7702A2318C3AE0E50089004","frames":3997,"timeStart":0.62000000,"timeEnd":4.34000000,"muscleActivationsPerFrame":50}}
7/7 READY - MoBL-ARMS explorer at http://0.0.0.0:8080
[info] Updating Model file from 40000 to latest format...
[info] Loaded model Right from file /workspace/models/mobl_arms/MOBL_ARMS_41.osim
[warning] Body 'thorax' is massless but nonzero inertia provided.
[warning]  Inertia reset to zero. Otherwise provide nonzero mass.
[warning] Body 'thorax' is massless but nonzero inertia provided.
[warning]  Inertia reset to zero. Otherwise provide nonzero mass.
[warning] Body 'thorax' is massless but nonzero inertia provided.
[warning]  Inertia reset to zero. Otherwise provide nonzero mass.
[warning] Body 'thorax' is massless but nonzero inertia provided.
[warning]  Inertia reset to zero. Otherwise provide nonzero mass.
[warning] Body 'thorax' is massless but nonzero inertia provided.
[warning]  Inertia reset to zero. Otherwise provide nonzero mass.
[warning] Body 'thorax' is massless but nonzero inertia provided.
[warning]  Inertia reset to zero. Otherwise provide nonzero mass.
[warning] Body 'thorax' is massless but nonzero inertia provided.
[warning]  Inertia reset to zero. Otherwise provide nonzero mass.
[warning] Body 'thorax' is massless but nonzero inertia provided.
[warning]  Inertia reset to zero. Otherwise provide nonzero mass.
[warning] Body 'thorax' is massless but nonzero inertia provided.
[warning]  Inertia reset to zero. Otherwise provide nonzero mass.
[warning] Body 'thorax' is massless but nonzero inertia provided.
[warning]  Inertia reset to zero. Otherwise provide nonzero mass.
[warning] Body 'thorax' is massless but nonzero inertia provided.
[warning]  Inertia reset to zero. Otherwise provide nonzero mass.
MoBL-ARMS upper-extremity explorer listening on 0.0.0.0:8080
1/7 Reusing installed Debian build dependencies
cmake version 3.23.3
2/7 Fetching OpenSim 4.6 source
HEAD is now at 52094cc Backport  post beta fixes to Opensim 46 (#4341)
3-4/7 Reusing cached OpenSim 4.6 installation
5/7 Configuring OpenSim shared libraries
6/7 Validating MoBL-ARMS assets and building the C++ service
-- Configuring done
-- Generating done
-- Build files have been written to: /workspace/build
ninja: no work to do.
[info] Updating Model file from 40000 to latest format...
[info] Loaded model Right from file /workspace/models/mobl_arms/MOBL_ARMS_41.osim
[warning] Body 'thorax' is massless but nonzero inertia provided.
[warning]  Inertia reset to zero. Otherwise provide nonzero mass.
[warning] Body 'thorax' is massless but nonzero inertia provided.
[warning]  Inertia reset to zero. Otherwise provide nonzero mass.
[warning] Body 'thorax' is massless but nonzero inertia provided.
[warning]  Inertia reset to zero. Otherwise provide nonzero mass.
[warning] Body 'thorax' is massless but nonzero inertia provided.
[warning]  Inertia reset to zero. Otherwise provide nonzero mass.
[warning] Body 'thorax' is massless but nonzero inertia provided.
[warning]  Inertia reset to zero. Otherwise provide nonzero mass.
[warning] Body 'thorax' is massless but nonzero inertia provided.
[warning]  Inertia reset to zero. Otherwise provide nonzero mass.
[warning] Body 'thorax' is massless but nonzero inertia provided.
[warning]  Inertia reset to zero. Otherwise provide nonzero mass.
[warning] Body 'thorax' is massless but nonzero inertia provided.
[warning]  Inertia reset to zero. Otherwise provide nonzero mass.
[warning] Body 'thorax' is massless but nonzero inertia provided.
[warning]  Inertia reset to zero. Otherwise provide nonzero mass.
[warning] Body 'thorax' is massless but nonzero inertia provided.
[warning]  Inertia reset to zero. Otherwise provide nonzero mass.
[warning] Body 'thorax' is massless but nonzero inertia provided.
[warning]  Inertia reset to zero. Otherwise provide nonzero mass.
{"status":"ok","engine":"OpenSim C++ 4.6","model":"MOBL_ARMS_41","modelSha256":"8BF1C3F0DB841DEFAACA2B906DED154A2B1700531B96B491AAB3DBC9A7343289","bodies":12,"coordinates":26,"muscles":50,"ligaments":4,"meshes":33,"checkedMusclePaths":50,"benchmark":{"id":"CMC_REACH8_STATES","sha256":"58AD4A51E10BE4956207799106E63B3CEC689D39D7702A2318C3AE0E50089004","frames":3997,"timeStart":0.62000000,"timeEnd":4.34000000,"muscleActivationsPerFrame":50}}
7/7 READY - MoBL-ARMS explorer at http://0.0.0.0:8080
[info] Updating Model file from 40000 to latest format...
[info] Loaded model Right from file /workspace/models/mobl_arms/MOBL_ARMS_41.osim
[warning] Body 'thorax' is massless but nonzero inertia provided.
[warning]  Inertia reset to zero. Otherwise provide nonzero mass.
[warning] Body 'thorax' is massless but nonzero inertia provided.
[warning]  Inertia reset to zero. Otherwise provide nonzero mass.
[warning] Body 'thorax' is massless but nonzero inertia provided.
[warning]  Inertia reset to zero. Otherwise provide nonzero mass.
[warning] Body 'thorax' is massless but nonzero inertia provided.
[warning]  Inertia reset to zero. Otherwise provide nonzero mass.
[warning] Body 'thorax' is massless but nonzero inertia provided.
[warning]  Inertia reset to zero. Otherwise provide nonzero mass.
[warning] Body 'thorax' is massless but nonzero inertia provided.
[warning]  Inertia reset to zero. Otherwise provide nonzero mass.
[warning] Body 'thorax' is massless but nonzero inertia provided.
[warning]  Inertia reset to zero. Otherwise provide nonzero mass.
[warning] Body 'thorax' is massless but nonzero inertia provided.
[warning]  Inertia reset to zero. Otherwise provide nonzero mass.
[warning] Body 'thorax' is massless but nonzero inertia provided.
[warning]  Inertia reset to zero. Otherwise provide nonzero mass.
[warning] Body 'thorax' is massless but nonzero inertia provided.
[warning]  Inertia reset to zero. Otherwise provide nonzero mass.
[warning] Body 'thorax' is massless but nonzero inertia provided.
[warning]  Inertia reset to zero. Otherwise provide nonzero mass.
MoBL-ARMS upper-extremity explorer listening on 0.0.0.0:8080
1/7 Reusing installed Debian build dependencies
cmake version 3.23.3
2/7 Fetching OpenSim 4.6 source
HEAD is now at 52094cc Backport  post beta fixes to Opensim 46 (#4341)
3-4/7 Reusing cached OpenSim 4.6 installation
5/7 Configuring OpenSim shared libraries
6/7 Validating MoBL-ARMS assets and building the C++ service
-- Configuring done
-- Generating done
-- Build files have been written to: /workspace/build
ninja: no work to do.
[info] Updating Model file from 40000 to latest format...
[info] Loaded model Right from file /workspace/models/mobl_arms/MOBL_ARMS_41.osim
[warning] Body 'thorax' is massless but nonzero inertia provided.
[warning]  Inertia reset to zero. Otherwise provide nonzero mass.
[warning] Body 'thorax' is massless but nonzero inertia provided.
[warning]  Inertia reset to zero. Otherwise provide nonzero mass.
[warning] Body 'thorax' is massless but nonzero inertia provided.
[warning]  Inertia reset to zero. Otherwise provide nonzero mass.
[warning] Body 'thorax' is massless but nonzero inertia provided.
[warning]  Inertia reset to zero. Otherwise provide nonzero mass.
[warning] Body 'thorax' is massless but nonzero inertia provided.
[warning]  Inertia reset to zero. Otherwise provide nonzero mass.
[warning] Body 'thorax' is massless but nonzero inertia provided.
[warning]  Inertia reset to zero. Otherwise provide nonzero mass.
[warning] Body 'thorax' is massless but nonzero inertia provided.
[warning]  Inertia reset to zero. Otherwise provide nonzero mass.
[warning] Body 'thorax' is massless but nonzero inertia provided.
[warning]  Inertia reset to zero. Otherwise provide nonzero mass.
[warning] Body 'thorax' is massless but nonzero inertia provided.
[warning]  Inertia reset to zero. Otherwise provide nonzero mass.
[warning] Body 'thorax' is massless but nonzero inertia provided.
[warning]  Inertia reset to zero. Otherwise provide nonzero mass.
[warning] Body 'thorax' is massless but nonzero inertia provided.
[warning]  Inertia reset to zero. Otherwise provide nonzero mass.
{"status":"ok","engine":"OpenSim C++ 4.6","model":"MOBL_ARMS_41","modelSha256":"8BF1C3F0DB841DEFAACA2B906DED154A2B1700531B96B491AAB3DBC9A7343289","bodies":12,"coordinates":26,"muscles":50,"ligaments":4,"meshes":33,"checkedMusclePaths":50,"benchmark":{"id":"CMC_REACH8_STATES","sha256":"58AD4A51E10BE4956207799106E63B3CEC689D39D7702A2318C3AE0E50089004","frames":3997,"timeStart":0.62000000,"timeEnd":4.34000000,"muscleActivationsPerFrame":50}}
7/7 READY - MoBL-ARMS explorer at http://0.0.0.0:8080
[info] Updating Model file from 40000 to latest format...
[info] Loaded model Right from file /workspace/models/mobl_arms/MOBL_ARMS_41.osim
[warning] Body 'thorax' is massless but nonzero inertia provided.
[warning]  Inertia reset to zero. Otherwise provide nonzero mass.
[warning] Body 'thorax' is massless but nonzero inertia provided.
[warning]  Inertia reset to zero. Otherwise provide nonzero mass.
[warning] Body 'thorax' is massless but nonzero inertia provided.
[warning]  Inertia reset to zero. Otherwise provide nonzero mass.
[warning] Body 'thorax' is massless but nonzero inertia provided.
[warning]  Inertia reset to zero. Otherwise provide nonzero mass.
[warning] Body 'thorax' is massless but nonzero inertia provided.
[warning]  Inertia reset to zero. Otherwise provide nonzero mass.
[warning] Body 'thorax' is massless but nonzero inertia provided.
[warning]  Inertia reset to zero. Otherwise provide nonzero mass.
[warning] Body 'thorax' is massless but nonzero inertia provided.
[warning]  Inertia reset to zero. Otherwise provide nonzero mass.
[warning] Body 'thorax' is massless but nonzero inertia provided.
[warning]  Inertia reset to zero. Otherwise provide nonzero mass.
[warning] Body 'thorax' is massless but nonzero inertia provided.
[warning]  Inertia reset to zero. Otherwise provide nonzero mass.
[warning] Body 'thorax' is massless but nonzero inertia provided.
[warning]  Inertia reset to zero. Otherwise provide nonzero mass.
[warning] Body 'thorax' is massless but nonzero inertia provided.
[warning]  Inertia reset to zero. Otherwise provide nonzero mass.
MoBL-ARMS upper-extremity explorer listening on 0.0.0.0:8080
1/7 Reusing installed Debian build dependencies
cmake version 3.23.3
2/7 Fetching OpenSim 4.6 source
HEAD is now at 52094cc Backport  post beta fixes to Opensim 46 (#4341)
3-4/7 Reusing cached OpenSim 4.6 installation
5/7 Configuring OpenSim shared libraries
6/7 Validating MoBL-ARMS assets and building the C++ service
-- Configuring done
-- Generating done
-- Build files have been written to: /workspace/build
ninja: no work to do.
[info] Updating Model file from 40000 to latest format...
[info] Loaded model Right from file /workspace/models/mobl_arms/MOBL_ARMS_41.osim
[warning] Body 'thorax' is massless but nonzero inertia provided.
[warning]  Inertia reset to zero. Otherwise provide nonzero mass.
[warning] Body 'thorax' is massless but nonzero inertia provided.
[warning]  Inertia reset to zero. Otherwise provide nonzero mass.
[warning] Body 'thorax' is massless but nonzero inertia provided.
[warning]  Inertia reset to zero. Otherwise provide nonzero mass.
[warning] Body 'thorax' is massless but nonzero inertia provided.
[warning]  Inertia reset to zero. Otherwise provide nonzero mass.
[warning] Body 'thorax' is massless but nonzero inertia provided.
[warning]  Inertia reset to zero. Otherwise provide nonzero mass.
[warning] Body 'thorax' is massless but nonzero inertia provided.
[warning]  Inertia reset to zero. Otherwise provide nonzero mass.
[warning] Body 'thorax' is massless but nonzero inertia provided.
[warning]  Inertia reset to zero. Otherwise provide nonzero mass.
[warning] Body 'thorax' is massless but nonzero inertia provided.
[warning]  Inertia reset to zero. Otherwise provide nonzero mass.
[warning] Body 'thorax' is massless but nonzero inertia provided.
[warning]  Inertia reset to zero. Otherwise provide nonzero mass.
[warning] Body 'thorax' is massless but nonzero inertia provided.
[warning]  Inertia reset to zero. Otherwise provide nonzero mass.
[warning] Body 'thorax' is massless but nonzero inertia provided.
[warning]  Inertia reset to zero. Otherwise provide nonzero mass.
{"status":"ok","engine":"OpenSim C++ 4.6","model":"MOBL_ARMS_41","modelSha256":"8BF1C3F0DB841DEFAACA2B906DED154A2B1700531B96B491AAB3DBC9A7343289","bodies":12,"coordinates":26,"muscles":50,"ligaments":4,"meshes":33,"checkedMusclePaths":50,"benchmark":{"id":"CMC_REACH8_STATES","sha256":"58AD4A51E10BE4956207799106E63B3CEC689D39D7702A2318C3AE0E50089004","frames":3997,"timeStart":0.62000000,"timeEnd":4.34000000,"muscleActivationsPerFrame":50}}
7/7 READY - MoBL-ARMS explorer at http://0.0.0.0:8080
[info] Updating Model file from 40000 to latest format...
[info] Loaded model Right from file /workspace/models/mobl_arms/MOBL_ARMS_41.osim
[warning] Body 'thorax' is massless but nonzero inertia provided.
[warning]  Inertia reset to zero. Otherwise provide nonzero mass.
[warning] Body 'thorax' is massless but nonzero inertia provided.
[warning]  Inertia reset to zero. Otherwise provide nonzero mass.
[warning] Body 'thorax' is massless but nonzero inertia provided.
[warning]  Inertia reset to zero. Otherwise provide nonzero mass.
[warning] Body 'thorax' is massless but nonzero inertia provided.
[warning]  Inertia reset to zero. Otherwise provide nonzero mass.
[warning] Body 'thorax' is massless but nonzero inertia provided.
[warning]  Inertia reset to zero. Otherwise provide nonzero mass.
[warning] Body 'thorax' is massless but nonzero inertia provided.
[warning]  Inertia reset to zero. Otherwise provide nonzero mass.
[warning] Body 'thorax' is massless but nonzero inertia provided.
[warning]  Inertia reset to zero. Otherwise provide nonzero mass.
[warning] Body 'thorax' is massless but nonzero inertia provided.
[warning]  Inertia reset to zero. Otherwise provide nonzero mass.
[warning] Body 'thorax' is massless but nonzero inertia provided.
[warning]  Inertia reset to zero. Otherwise provide nonzero mass.
[warning] Body 'thorax' is massless but nonzero inertia provided.
[warning]  Inertia reset to zero. Otherwise provide nonzero mass.
[warning] Body 'thorax' is massless but nonzero inertia provided.
[warning]  Inertia reset to zero. Otherwise provide nonzero mass.
MoBL-ARMS upper-extremity explorer listening on 0.0.0.0:8080
1/7 Reusing installed Debian build dependencies
cmake version 3.23.3
2/7 Fetching OpenSim 4.6 source
HEAD is now at 52094cc Backport  post beta fixes to Opensim 46 (#4341)
3-4/7 Reusing cached OpenSim 4.6 installation
5/7 Configuring OpenSim shared libraries
6/7 Validating MoBL-ARMS assets and building the C++ service
-- Configuring done
-- Generating done
-- Build files have been written to: /workspace/build
ninja: no work to do.
[info] Updating Model file from 40000 to latest format...
[info] Loaded model Right from file /workspace/models/mobl_arms/MOBL_ARMS_41.osim
[warning] Body 'thorax' is massless but nonzero inertia provided.
[warning]  Inertia reset to zero. Otherwise provide nonzero mass.
[warning] Body 'thorax' is massless but nonzero inertia provided.
[warning]  Inertia reset to zero. Otherwise provide nonzero mass.
[warning] Body 'thorax' is massless but nonzero inertia provided.
[warning]  Inertia reset to zero. Otherwise provide nonzero mass.
[warning] Body 'thorax' is massless but nonzero inertia provided.
[warning]  Inertia reset to zero. Otherwise provide nonzero mass.
[warning] Body 'thorax' is massless but nonzero inertia provided.
[warning]  Inertia reset to zero. Otherwise provide nonzero mass.
[warning] Body 'thorax' is massless but nonzero inertia provided.
[warning]  Inertia reset to zero. Otherwise provide nonzero mass.
[warning] Body 'thorax' is massless but nonzero inertia provided.
[warning]  Inertia reset to zero. Otherwise provide nonzero mass.
[warning] Body 'thorax' is massless but nonzero inertia provided.
[warning]  Inertia reset to zero. Otherwise provide nonzero mass.
[warning] Body 'thorax' is massless but nonzero inertia provided.
[warning]  Inertia reset to zero. Otherwise provide nonzero mass.
[warning] Body 'thorax' is massless but nonzero inertia provided.
[warning]  Inertia reset to zero. Otherwise provide nonzero mass.
[warning] Body 'thorax' is massless but nonzero inertia provided.
[warning]  Inertia reset to zero. Otherwise provide nonzero mass.
{"status":"ok","engine":"OpenSim C++ 4.6","model":"MOBL_ARMS_41","modelSha256":"8BF1C3F0DB841DEFAACA2B906DED154A2B1700531B96B491AAB3DBC9A7343289","bodies":12,"coordinates":26,"muscles":50,"ligaments":4,"meshes":33,"checkedMusclePaths":50,"benchmark":{"id":"CMC_REACH8_STATES","sha256":"58AD4A51E10BE4956207799106E63B3CEC689D39D7702A2318C3AE0E50089004","frames":3997,"timeStart":0.62000000,"timeEnd":4.34000000,"muscleActivationsPerFrame":50}}
7/7 READY - MoBL-ARMS explorer at http://0.0.0.0:8080
[info] Updating Model file from 40000 to latest format...
[info] Loaded model Right from file /workspace/models/mobl_arms/MOBL_ARMS_41.osim
[warning] Body 'thorax' is massless but nonzero inertia provided.
[warning]  Inertia reset to zero. Otherwise provide nonzero mass.
[warning] Body 'thorax' is massless but nonzero inertia provided.
[warning]  Inertia reset to zero. Otherwise provide nonzero mass.
[warning] Body 'thorax' is massless but nonzero inertia provided.
[warning]  Inertia reset to zero. Otherwise provide nonzero mass.
[warning] Body 'thorax' is massless but nonzero inertia provided.
[warning]  Inertia reset to zero. Otherwise provide nonzero mass.
[warning] Body 'thorax' is massless but nonzero inertia provided.
[warning]  Inertia reset to zero. Otherwise provide nonzero mass.
[warning] Body 'thorax' is massless but nonzero inertia provided.
[warning]  Inertia reset to zero. Otherwise provide nonzero mass.
[warning] Body 'thorax' is massless but nonzero inertia provided.
[warning]  Inertia reset to zero. Otherwise provide nonzero mass.
[warning] Body 'thorax' is massless but nonzero inertia provided.
[warning]  Inertia reset to zero. Otherwise provide nonzero mass.
[warning] Body 'thorax' is massless but nonzero inertia provided.
[warning]  Inertia reset to zero. Otherwise provide nonzero mass.
[warning] Body 'thorax' is massless but nonzero inertia provided.
[warning]  Inertia reset to zero. Otherwise provide nonzero mass.
[warning] Body 'thorax' is massless but nonzero inertia provided.
[warning]  Inertia reset to zero. Otherwise provide nonzero mass.
MoBL-ARMS upper-extremity explorer listening on 0.0.0.0:8080
