sample_id,elv_angle,shoulder_elv,shoulder_rot,elbow_flexion,pro_sup,deviation,flexion,capacity_target,capacity_muscles,capacity_scale,usable,status,reason,duration_ms,objective,max_assembly_error_deg,max_equilibrium_residual,max_reserve_torque_nm,muscles_at_floor,muscles_at_capacity,activation__DELT1,activation__DELT2,activation__DELT3,activation__SUPSP,activation__INFSP,activation__SUBSC,activation__TMIN,activation__TMAJ,activation__PECM1,activation__PECM2,activation__PECM3,activation__LAT1,activation__LAT2,activation__LAT3,activation__CORB,activation__TRIlong,activation__TRIlat,activation__TRImed,activation__ANC,activation__SUP,activation__BIClong,activation__BICshort,activation__BRA,activation__BRD,activation__ECRL,activation__ECRB,activation__ECU,activation__FCR,activation__FCU,activation__PL,activation__PT,activation__PQ,activation__FDSL,activation__FDSR,activation__FDSM,activation__FDSI,activation__FDPL,activation__FDPR,activation__FDPM,activation__FDPI,activation__EDCL,activation__EDCR,activation__EDCM,activation__EDCI,activation__EDM,activation__EIP,activation__EPL,activation__EPB,activation__FPL,activation__APL,active_force_n__DELT1,active_force_n__DELT2,active_force_n__DELT3,active_force_n__SUPSP,active_force_n__INFSP,active_force_n__SUBSC,active_force_n__TMIN,active_force_n__TMAJ,active_force_n__PECM1,active_force_n__PECM2,active_force_n__PECM3,active_force_n__LAT1,active_force_n__LAT2,active_force_n__LAT3,active_force_n__CORB,active_force_n__TRIlong,active_force_n__TRIlat,active_force_n__TRImed,active_force_n__ANC,active_force_n__SUP,active_force_n__BIClong,active_force_n__BICshort,active_force_n__BRA,active_force_n__BRD,active_force_n__ECRL,active_force_n__ECRB,active_force_n__ECU,active_force_n__FCR,active_force_n__FCU,active_force_n__PL,active_force_n__PT,active_force_n__PQ,active_force_n__FDSL,active_force_n__FDSR,active_force_n__FDSM,active_force_n__FDSI,active_force_n__FDPL,active_force_n__FDPR,active_force_n__FDPM,active_force_n__FDPI,active_force_n__EDCL,active_force_n__EDCR,active_force_n__EDCM,active_force_n__EDCI,active_force_n__EDM,active_force_n__EIP,active_force_n__EPL,active_force_n__EPB,active_force_n__FPL,active_force_n__APL
refine__sobol__0002761__pro_sup__m5@@middle_deltoid@@0.00,69.66299507,114.79448331,76.3794099,89.90497205,27.59677269,20.57969684,-39.26163663,Middle deltoid,DELT2,0,0,reserve_too_high,The posture requires more reserve torque than the quality limit permits,256.577123,233.478310219,5.97774061362e-08,2.03514477892e-06,0.244700764428,17,3,,,,,,,,,,,,,,,,,,,,,,,,,,,,,,,,,,,,,,,,,,,,,,,,,,,,,,,,,,,,,,,,,,,,,,,,,,,,,,,,,,,,,,,,,,,,,,,,,,,,
refine__sobol__0001387__pro_sup__p5@@middle_deltoid@@0.00,23.30069038,95.97368253,56.78712474,29.38006971,61.62021019,14.28208941,-8.82218351,Middle deltoid,DELT2,0,0,solver_failed,The static optimization solver did not converge,653.04659,,1.81269328436e-08,,,0,0,,,,,,,,,,,,,,,,,,,,,,,,,,,,,,,,,,,,,,,,,,,,,,,,,,,,,,,,,,,,,,,,,,,,,,,,,,,,,,,,,,,,,,,,,,,,,,,,,,,,
refine__sobol__0003073__shoulder_elv__m5@@brachioradialis@@0.00,39.69229194,76.85014738,-55.82273854,85.01727674,19.23739769,-6.67860394,5.44539462,Brachioradialis,BRD,0,1,usable,Converged with independently replayed constrained generalized-force equilibrium and small reserve torques,252.023003,3.34135508904,7.59348495194e-08,1.20081722343e-12,0.000185879964014,22,2,0.0100001446288,0.466867530726,0.0100001185582,0.010000054198,0.190544727327,0.0100000363316,0.999999076036,0.0100001628549,0.999992341362,0.0100001401739,0.0100001248676,0.0100000933367,0.0100000702634,0.0100000921903,0.429490687398,0.0100001894835,0.458460411023,0.448849279708,0.0911853450553,0.0100452377705,0.426587440447,0.0100003436353,0.0100005431975,0.000673967180476,0.0100019231409,0.0391348986488,0.0182489386964,0.0100012455891,0.0100012018679,0.0100034300952,0.446992518198,0.291768316404,0.0100054820813,0.010002930681,0.0100072724077,0.0100133158016,0.0100078401789,0.0100100756656,0.0100114183864,0.0100132648173,0.0151223060024,0.0711573026261,0.0612905867443,0.0343550364446,0.0155452359189,0.0149430070769,0.0100283290702,0.0100250093568,0.0100057307423,0.0100100400965,10.7444832088,401.079120586,1.9975900787,4.66401047399,176.697037409,12.9201848598,233.786078317,1.43657530026,443.891724745,6.57009545314,4.77057216114,2.69312833757,2.91127617035,1.83886579162,89.336425726,1.40434047661,322.078560807,308.716018823,23.5082399511,0,216.990959605,2.2764014903,11.0970452133,0,3.1543023075,9.8614980455,2.64959556338,3.77164097748,4.28472197645,0.927373863681,237.648174049,79.4523084021,0.663858975651,1.60109762572,2.58556879264,1.62710179974,2.36971669732,1.73046670042,2.06169981724,1.97517299199,0.344406652774,6.63975932179,5.0086536111,1.65156306045,0.783196948005,0.6129565782,0.718108494176,0.460985282666,1.99470123679,1.16514860916
refine__sobol__0002303__shoulder_rot__m2@@teres_minor@@0.00,-51.09872368,96.64018644,-33.57957448,101.96551893,-71.62197731,15.62364215,40.07430087,Teres minor,TMIN,0,1,usable,Converged with independently replayed constrained generalized-force equilibrium and small reserve torques,272.335362,2.28192691166,1.93029379147e-08,1.56319401867e-12,0.000262741089812,31,1,0.863569728589,0.999999516786,0.0100004860245,0.0100000673101,0.0100000394355,0.0100000867325,0.000674174197835,0.0100008070427,0.010000056993,0.01000003117,0.0100000429736,0.316239335693,0.0100002587398,0.0100002017495,0.010000191436,0.582572308658,0.0100044989217,0.0100045681557,0.0100152550741,0.236771889674,0.0100000477016,0.0100001854181,0.163944710507,0.0100012210037,0.0100018132216,0.016711019186,0.0728179596837,0.0100009389402,0.0100452377565,0.0100040752756,0.0100012742994,0.0100056950477,0.0100293835091,0.0100031129309,0.0100017066318,0.0100025501585,0.0100030497675,0.0100036239734,0.0100027949902,0.0100025381388,0.0131997571441,0.0439153601206,0.0324887802799,0.0127247444666,0.0307707739661,0.0101546966378,0.01002044173,0.0100074681072,0.0100020641547,0.0100025931121,360.429952978,265.525950376,1.31670328925,4.99146857556,8.5540871098,12.4466421118,0,1.37906702542,4.05217555843,5.44101937303,4.93081037952,78.7671686837,2.62763920654,1.79805585921,1.79324550699,237.588580174,7.16632666471,7.04605493993,2.74149100211,80.6326458319,5.24874128546,2.35625822021,174.310035755,2.50884869095,3.32775313713,3.07302271591,11.7417580456,3.61396843066,0,0.614411265443,5.5345724996,2.37944698163,0.0569605857888,1.3582812021,2.52414464891,1.62353182849,2.31973819147,1.69045918988,2.00354032248,1.95591690608,0.265511342658,3.08419415569,2.00282494353,0.450368367769,1.44548514016,0.250641548653,0.510107707713,0.438643166397,2.01026394004,1.16723552953
refine__sobol__0001711__elv_angle__p2@@infraspinatus@@0.00,-45.18759087,105.74907316,38.18360911,69.37030409,-34.16103981,17.0506441,27.62312899,Infraspinatus,INFSP,0,1,usable,Converged with independently replayed constrained generalized-force equilibrium and small reserve torques,317.13209,3.06869576552,2.6279796117e-08,1.86872739505e-12,0.000271227365001,19,1,0.694395840916,0.999999538636,0.0100002683724,0.0100002835448,0.000673760403771,0.756774596077,0.010045237122,0.010000311752,0.010000095632,0.010000029145,0.010000041425,0.0100003403967,0.0100001129899,0.0100001321203,0.0100004336255,0.0578114999062,0.48806724271,0.477552585981,0.0816619581613,0.0100011501746,0.586088541328,0.0100004477276,0.0100005659205,0.0100019047332,0.0100062195232,0.0289980201911,0.0889097949465,0.0100042214723,0.0100053230492,0.0100096500078,0.377487638164,0.18570097284,0.0100132123112,0.0100079828465,0.0105313465806,0.0101664574944,0.0100244588236,0.0100293641445,0.0100462691887,0.0100407451083,0.010709097453,0.0488550590947,0.0373551992385,0.021114055998,0.0191767960629,0.0105240055215,0.0100426707074,0.0100400654596,0.0100112321129,0.0100186965419,320.286339317,245.255375938,1.82190061718,1.94336273965,0,876.693101777,0,1.39831425498,4.17468288666,5.24940384628,4.92781526678,2.50796201887,2.79817895584,1.82117645725,0.562500577754,18.9823725778,335.446716565,321.148952398,16.3948486987,3.69581333525,216.037062853,0.817895198539,11.4525685033,2.7255253862,3.37055644325,5.97922654531,16.7249896799,3.86908853384,1.66779131985,0.928031407343,197.792942188,51.6820569662,0.554101917674,1.57380837724,2.68900422487,1.65191684269,2.34905985907,1.71266060449,2.03388749206,1.97884345577,0.250830877958,4.18698242762,2.69355475997,0.852555203953,1.05530236194,0.313375887803,0.532619052643,0.429593328361,2.00523209069,1.16555215153
refine__sobol__0001387__shoulder_elv__p5@@teres_major@@0.00,23.30069038,100.97368253,56.78712474,29.38006971,56.62021019,14.28208941,-8.82218351,Teres major,TMAJ,0,0,solver_failed,The static optimization solver did not converge,1129.278016,,7.94076271404e-08,,,0,0,,,,,,,,,,,,,,,,,,,,,,,,,,,,,,,,,,,,,,,,,,,,,,,,,,,,,,,,,,,,,,,,,,,,,,,,,,,,,,,,,,,,,,,,,,,,,,,,,,,,
refine__sobol__0001262__flexion__p2@@anterior_deltoid@@0.00,44.74600288,60.17290128,-58.93553151,17.95428846,-63.69228981,12.84654254,-51.58780851,Anterior deltoid,DELT1,0,1,usable,Converged with independently replayed constrained generalized-force equilibrium and small reserve torques,293.161592,3.67985213539,1.5391343311e-08,1.2036488075e-12,0.000313026630138,13,2,0.000673883222693,0.693171230429,0.0100000709589,0.0100000415728,0.262747399381,0.0100000241599,0.999999038089,0.0100001049601,0.999999827907,0.0100002672309,0.0100001011793,0.0100000584952,0.0100000447503,0.0100000575701,0.963819982043,0.0100000306982,0.0414724736026,0.0338838410383,0.0100452376721,0.0100011390745,0.265218057161,0.0100012008394,0.0100091517793,0.101700788629,0.0100452376721,0.125113666113,0.0164902887485,0.121714481076,0.0120303682401,0.0188976388399,0.237091591091,0.127501653867,0.0224456714231,0.0670751789648,0.0491750117089,0.0282992201018,0.0130148577426,0.0153570571059,0.0299146918189,0.0219410125206,0.0101210663524,0.0185470342222,0.0274052045026,0.0181096024521,0.0102442015274,0.0106967877762,0.0101386704462,0.0101428768777,0.0100164674028,0.0100719760187,0,689.941813633,2.00250417331,4.77391448829,240.625513636,12.025004203,208.048720902,1.43858278593,443.873432072,6.48468415367,4.58401183391,2.66501488808,2.85229537929,1.80501175676,195.271828912,4.86432635792,24.453983644,16.3201523002,0,3.4711318081,119.473881089,1.47842804678,11.7692667346,24.7381311272,0,30.68151436,3.04542855916,22.3681046465,5.29217331475,0.525372081768,47.6986881079,31.3164650351,1.09459888031,9.06482024465,10.0133647438,3.34671481904,2.70704779073,2.3878403963,6.34126091579,3.5021841271,0.397962591738,1.82076579981,2.42030949825,0.813651725398,0.724274960274,0.494041883556,0.891389341093,0.430754266554,0.880312336243,0.991252105299
refine__sobol__0000625__pro_sup__m5@@biceps@@0.00,52.04092476,70.77348722,-38.79392995,54.4533119,74.35458519,9.0013277,-41.22452726,Biceps,BIClong;BICshort,0,1,usable,Converged with independently replayed constrained generalized-force equilibrium and small reserve torques,312.447726,2.20531380053,3.84692668831e-08,2.07328158456e-12,9.16885919758e-05,15,1,0.377206044531,0.293980029403,0.0100002812677,0.0100001357572,0.999998985578,0.0100000656606,0.80719286953,0.0100003353109,0.538299672121,0.0100001929121,0.0100001626582,0.0100001942384,0.0100001500062,0.0100001830835,0.0785378353094,0.0100002311087,0.0100049175888,0.0100050205242,0.0100294958064,0.010045237898,0.000673897561549,0.000673897561549,0.0994169020945,0.015908916867,0.0354771672086,0.0331170684402,0.0110378610126,0.0100051402585,0.0100089690287,0.010014032331,0.106106485569,0.0150971992089,0.0100209322827,0.0100119875198,0.0100087193569,0.0100132416042,0.0100131530866,0.0100151591542,0.0100124940503,0.0100130097425,0.0105771111443,0.0294058392261,0.0259795993618,0.0120078751597,0.0122614684064,0.0103831044923,0.0100745227697,0.0100321956899,0.0100138622232,0.0100173214756,459.389114511,284.43368689,2.01418599451,4.84386515237,986.560959341,13.0247546064,196.988963512,1.43840816339,237.503189144,6.44189306678,4.59053052973,2.67898122978,2.88935014577,1.82460722673,15.9114922522,2.73325074912,6.72021618606,6.5660356328,0.786212363356,0,0,0,116.493838986,4.39029763036,11.9467124935,8.31720944759,2.12917615132,3.46115918873,4.80202938071,0.714618233263,56.5031836405,2.99409602598,0.743718004376,1.71127458293,2.49984069022,1.48301312758,2.31699095431,1.71275639366,2.12620517191,1.91647578601,0.403697784656,3.1372398548,2.44077280594,0.571376319561,0.8875730793,0.490521030792,0.787604384502,0.445741024083,1.09628886387,1.06364262941
refine__sobol__0001369__shoulder_rot__m2@@middle_deltoid@@0.00,54.23819038,98.00493253,-17.86912526,47.66131971,-5.87978981,3.89146441,-10.69718351,Middle deltoid,DELT2,0,1,usable,Converged with independently replayed constrained generalized-force equilibrium and small reserve torques,393.195195,0.494635947959,1.34094104709e-08,1.81188397619e-12,1.73005434473e-05,15,0,0.270312839748,0.000674686491593,0.0563796192775,0.209316609221,0.539630061676,0.130799653662,0.0460794175101,0.0100030117656,0.0100018828957,0.0100003986499,0.0100004650913,0.0100018523128,0.0100015327583,0.0100016234408,0.0100014110334,0.0100036910343,0.0776532331377,0.0757022205254,0.010052129082,0.0100035087483,0.147293564293,0.0100017089796,0.0100050300031,0.0100085057334,0.0333889609914,0.0395243556863,0.01735182118,0.0100052360806,0.0100038804013,0.0100115111708,0.137972931467,0.0639991461002,0.0100179336923,0.0100110499849,0.0100137288999,0.0100206650332,0.0100133025096,0.0100170078279,0.0100170390288,0.0100197455884,0.0101520171537,0.0315356236763,0.0100452381622,0.0154729903836,0.0108782946167,0.010464553848,0.0100824951273,0.0100427065615,0.0100119827534,0.0100244735504,311.817820257,0,11.3541001445,98.2760678557,546.878271217,170.43481507,11.8335820688,1.41279091552,4.36793207554,6.56993283427,4.82136168522,2.71933361222,2.98048600838,1.87535788608,2.08039463591,2.06419633233,51.5590546714,49.0007294156,0.208369699207,3.75981083071,77.336955549,1.37078515219,11.771718364,2.76160956734,11.2620965424,9.97932368857,3.34280144023,4.08077406274,4.62419524036,1.01011704718,73.1434292262,18.2154233301,0.749727292248,1.71091047081,2.5907615663,1.60722717024,2.36970239567,1.73168845685,2.10832014497,1.97418292844,0.310408777763,3.44261896063,0,0.755076864605,0.727517636345,0.47747825063,0.756841626748,0.461406062468,1.70370100015,1.16861620309
refine__sobol__0001369__elv_angle__m5@@coracobrachialis@@0.00,49.23819038,98.00493253,-15.86912526,47.66131971,-5.87978981,3.89146441,-10.69718351,Coracobrachialis,CORB,0,1,usable,Converged with independently replayed constrained generalized-force equilibrium and small reserve torques,344.193529,0.332655497077,1.89783264659e-08,1.10963270459e-12,1.1060094562e-05,13,0,0.20175981879,0.311793020047,0.0100579337845,0.0101416056796,0.39773702097,0.0100048117497,0.0653373036801,0.010007455156,0.0100063080245,0.0100012627785,0.0100014784022,0.010004329262,0.0100036242729,0.0100040846186,0.000928248452459,0.0100087244111,0.0442739013075,0.0431628538741,0.0100923826982,0.010009994291,0.0999122155714,0.0100058504116,0.0100154674928,0.0100260308457,0.0363872571537,0.0436969045703,0.0241139156969,0.0100088941142,0.0100080315164,0.0100203521832,0.0902816101529,0.040931051723,0.0100345226717,0.0100205585534,0.0100192168335,0.0100286304872,0.0100218168369,0.0100274924947,0.0100252696689,0.0100274981621,0.0102794873862,0.0316943273757,0.0100854790571,0.0148303408362,0.0122892499888,0.010942928487,0.0101848616291,0.010070074508,0.0100208363967,0.010037420257,236.738583005,173.330319238,2.02588492705,4.63035269872,403.13524306,12.9334183838,16.9108494521,1.42271751985,4.36738505707,6.57062460517,4.82971940211,2.67435000386,2.97154380189,1.87277194913,0,2.18526660318,29.3963355533,27.9385638745,0.209204114607,3.76224841645,52.4589398861,1.31323853344,11.7839989058,2.76644520604,12.2734218379,11.0328314611,4.64550846189,4.08226604238,4.62611405228,1.0110090661,47.8608847003,11.6497872223,0.750968786823,1.71253550607,2.59218140977,1.60850475952,2.37171735745,1.73350099176,2.11005247568,1.9757104122,0.314306316394,3.45994401404,0,0.723715777107,0.821879386351,0.499305601244,0.764525759336,0.462663466169,1.70520759084,1.17012548245
refine__sobol__0000673__elbow_flexion__m5@@teres_major@@0.00,31.65029976,97.68754972,55.54200755,13.3986244,74.97958519,13.78648395,40.80672274,Teres major,TMAJ,0,1,usable,Converged with independently replayed constrained generalized-force equilibrium and small reserve torques,304.889665,1.14711485059,2.4761163786e-08,6.6021272872e-13,6.49479210683e-05,27,1,0.0609097490048,0.999999496008,0.201901804011,0.0100007383484,0.0820504615151,0.0100003352704,0.0100011155994,0.000673972558695,0.0100013142813,0.0100001545506,0.0100001519255,0.0100007287172,0.010000514695,0.0100005099856,0.0100003516317,0.0100011486719,0.108680363548,0.0860828737191,0.0100452377702,0.0100452377702,0.0100006376322,0.0100296753539,0.0100038165516,0.0100067905694,0.021194441291,0.0700608790342,0.079869320963,0.0100006893609,0.0100009511732,0.0100023054868,0.196924285569,0.0462665201092,0.0100037287948,0.0100016848938,0.0100013176207,0.010002048511,0.0100018050716,0.0100022905951,0.0100019043641,0.0100020324052,0.0207771224579,0.100495784295,0.0765988468732,0.0430950419188,0.0440970957253,0.0231686936468,0.0131461036069,0.0100204218908,0.0100032005945,0.0100055969848,73.9289472033,407.981089846,40.6673125239,4.45405737024,85.8971786985,11.5076447647,2.58059207466,0,4.23665912816,6.38133955874,4.6196066774,2.64685884017,2.88571595923,1.82716612697,2.02906827318,3.8336949885,60.1444467838,37.7325043983,0,0,1.7112871704,0.00854466186597,11.7391459151,2.3759047469,4.57499216872,9.16373191558,15.2294599566,4.0508678067,3.84388325036,0.958841136892,109.722208306,9.1173651575,0.692540449732,1.62519232117,2.43145190941,1.57390646771,2.26608750734,1.65063602847,1.94409434124,1.89266438349,0.482762819219,8.48969855456,5.33934828999,1.66552665439,2.52620094742,0.546732848598,0.530612894481,0.448663338015,2.00948473089,1.16759196921
refine__sobol__0000673__shoulder_rot__p5@@coracobrachialis@@0.00,31.65029976,97.68754972,60.54200755,18.3986244,74.97958519,13.78648395,40.80672274,Coracobrachialis,CORB,0,1,usable,Converged with independently replayed constrained generalized-force equilibrium and small reserve torques,320.788525,1.07736411971,1.81887855888e-08,6.11066752754e-13,3.31031203322e-05,27,0,0.0415191724531,0.976099334999,0.111878996028,0.0100012993093,0.123807105367,0.0100005406282,0.0100027152276,0.0100018458231,0.0100021957051,0.0100003008984,0.0100002956714,0.0100013063157,0.0100009477094,0.0100009538023,0.000673953537,0.0100032429335,0.110873779769,0.09088159002,0.0100452377768,0.0100452377768,0.0100010867335,0.010023926327,0.0100039232407,0.0100057701322,0.0146909676439,0.067335316873,0.0782384441657,0.0100007073302,0.0100011085255,0.0100023348958,0.198869430918,0.0464725191379,0.0100038090536,0.010001724281,0.0100013592259,0.0100021099987,0.010001875495,0.0100023746092,0.0100019718834,0.0100020933232,0.0198731981136,0.0950039912067,0.0728292400167,0.0407441065237,0.0421013889207,0.0220314386858,0.011775537399,0.0100189137186,0.0100031559454,0.0100053534805,50.4357957687,407.083671418,22.5348349001,4.51019695567,127.617819576,11.5035549727,2.54719651683,1.43872996649,4.23902134324,6.37450811241,4.60988968362,2.64347616473,2.88193806577,1.82516325164,0,3.53201626912,65.7218334271,44.1565373051,0,0,1.75548373651,0.0260741909861,11.7646125158,2.41195948368,3.30076076018,9.0664684462,14.7843008927,4.03082575988,3.62313558988,0.955722588536,110.802954619,9.15795970263,0.68928901862,1.61979810932,2.43146202421,1.57391614333,2.26610346303,1.65064989297,1.94410746514,1.8926759109,0.448172312788,7.80469981544,4.97059339813,1.54582181699,2.35978240245,0.519896003426,0.475293073129,0.448595809745,2.0094757616,1.16756355375
refine__sobol__0001369__flexion__m5@@pectoralis_major@@0.00,54.23819038,98.00493253,-15.86912526,47.66131971,-5.87978981,3.89146441,-15.69718351,Pectoralis major,PECM1;PECM2;PECM3,0,1,usable,Converged with independently replayed constrained generalized-force equilibrium and small reserve torques,278.165622,3.12864530279,7.83415643468e-09,2.29445206439e-12,0.000157044404415,17,1,0.464124329747,0.010000313016,0.0100001988335,0.0100000564457,0.912121223129,0.0100000364264,0.999998837857,0.0100002807235,0.000673927172406,0.000673927172406,0.000673927172406,0.0100001515752,0.0100001089325,0.0100001395457,0.553894874334,0.0100002524315,0.347807417319,0.339068479988,0.0101099819437,0.0100010218481,0.499867153188,0.0100009491532,0.0100012212822,0.0100020134495,0.0283299804571,0.0464466905829,0.0100435643073,0.0100043045877,0.0100017789231,0.0100092654857,0.472422362462,0.231167459338,0.0100111633813,0.0100070839881,0.0210775112674,0.0209614247939,0.0100192726072,0.0100309277898,0.0106369445436,0.0204569895039,0.013939282859,0.0571890119842,0.0100452376568,0.032166787344,0.0124107154079,0.0141299530299,0.0100564017394,0.0101195748338,0.0100102013793,0.0100817598732,540.705040031,6.1669156637,2.01382950127,4.68071027589,927.018584072,13.0045696368,257.777170599,1.41485866716,0,0,0,2.71742838411,2.97820587046,1.87451272028,115.215412483,2.06907715859,230.932067092,219.473124119,0.209568926532,3.75887613109,262.457777853,1.38277280393,11.7672370991,2.75981817571,9.55564131666,11.7272268209,1.93654966865,4.07586235706,4.67483657922,0.999541886838,250.444716006,65.7948330338,0.753208155789,1.71269700791,5.44713247137,3.31646265583,2.36788318023,1.73336089531,2.24831323621,4.02073771872,0.444577500846,6.2450049152,0,1.56961716152,0.852662606806,0.660857146435,0.774551776652,0.464704990057,1.61074564754,1.1734130152
refine__sobol__0003073__shoulder_elv__m5@@latissimus_dorsi@@0.00,39.69229194,76.85014738,-55.82273854,85.01727674,19.23739769,-6.67860394,5.44539462,Latissimus dorsi,LAT1;LAT2;LAT3,0,1,usable,Converged with independently replayed constrained generalized-force equilibrium and small reserve torques,285.326303,3.07964544039,9.93558275653e-08,5.03133476874e-13,0.000169072649884,21,1,0.0100001620904,0.461621515877,0.0100001312138,0.0100000606012,0.169959941996,0.0100000410652,0.999998706953,0.0100001795026,0.965624290259,0.0100001534377,0.0100001367661,0.000674005063894,0.000674005063894,0.000674005063894,0.381076178401,0.0100002088619,0.422992103818,0.414124554959,0.0841317927372,0.0100452379488,0.388134519634,0.0100003733182,0.0100005889725,0.0100006931716,0.0100021070732,0.041256287367,0.0203014908136,0.0100012995604,0.0100012696218,0.0100035737905,0.407016247681,0.266938945025,0.0100057511012,0.0100030651584,0.0100067783532,0.0100120207323,0.010007584602,0.0100097147066,0.0100105564125,0.0100118767566,0.0145009570376,0.0683951250859,0.0586805315605,0.0327673057015,0.0155999668521,0.0147205365227,0.0100305313203,0.0100248896672,0.0100058211238,0.0100100685421,10.7445019707,396.572344411,1.99759260649,4.6640134589,157.608235305,12.9201909784,233.785992086,1.43657769176,428.635914426,6.57010416753,4.77057783887,0,0,0,79.2659415133,1.40434319826,297.161291892,284.832547749,21.6897832604,0,197.431227188,2.27640824166,11.0970960085,2.5474259343,3.15436031476,10.3960610933,2.9476092242,3.77166133173,4.2847510042,0.927387185258,216.394378301,72.6909475496,0.663876825265,1.60111915074,2.58544114433,1.62689135901,2.36965618027,1.73040430054,2.06152230687,1.97489918917,0.330255589138,6.38201776586,4.79536046193,1.57523546152,0.785954391299,0.603830919111,0.71826619286,0.460979778919,1.99471925471,1.16515192022
refine__sobol__0004077__elv_angle__p5@@teres_minor@@0.00,95.14151069,110.66850675,-38.97703542,118.91376112,35.64364769,18.44346637,45.17195712,Teres minor,TMIN,0,1,usable,Converged with independently replayed constrained generalized-force equilibrium and small reserve torques,296.957366,2.5325046634,3.36239196486e-08,4.59554568574e-12,0.000559761357566,22,1,0.848783049983,0.782324040931,0.0100005343233,0.416728173384,0.999999480487,0.0100000176126,0.000673961235796,0.0100001567499,0.0100000332495,0.0100000086475,0.0100000135448,0.0100000444216,0.0100000372873,0.0100000657349,0.0100000796682,0.0100452377712,0.0672291617911,0.0671706467282,0.0170704358855,0.0100452377712,0.0100000465903,0.0100000641432,0.0100040122324,0.0100135287071,0.0100015791861,0.0100061885933,0.0768880361044,0.0100065164318,0.0100452377712,0.0100452371506,0.0528917226083,0.0453817267763,0.0100452377712,0.010040129188,0.010008063911,0.0100092849259,0.0201410682118,0.0101156916509,0.0100314500063,0.0100081787427,0.0125168114599,0.0254406476512,0.0186421726662,0.010047814138,0.019878363497,0.0100264246599,0.0100114899939,0.010005654201,0.0100018243209,0.0100020597152,580.748296038,769.065206631,1.63698713604,148.390035189,1040.3773331,10.5434131336,0,1.24701367067,4.4118594605,6.55341399365,4.95221698477,2.75840193778,3.01152427472,1.8806763954,2.06933438831,0,48.2292539928,48.1453242652,4.83433793562,0,4.99823806437,3.16741667228,8.93941323717,0.386062199163,3.04629724064,1.372506921,12.4010122354,1.49995926662,0,2.1629468215e-06,19.0025289348,11.901627296,0,0.520170163084,2.42514053987,1.57402653354,4.54095659589,1.66180275618,1.94366389606,1.89599174845,0.26651063571,1.84374512437,1.1383763452,0.351413292356,0.87617485527,0.217731271189,0.38659884821,0.422871496174,2.0099859821,1.16707195925
refine__sobol__0001387__shoulder_rot__m5@@triceps@@0.00,23.30069038,95.97368253,51.78712474,29.38006971,56.62021019,14.28208941,-8.82218351,Triceps,TRIlong;TRIlat;TRImed,0,1,usable,Converged with independently replayed constrained generalized-force equilibrium and small reserve torques,299.143336,4.06560748496,1.93137790205e-08,3.73050992388e-12,0.000614638753111,25,1,0.0672279752972,0.999999659338,0.345862244449,0.0100004907529,0.112037577842,0.0100002172284,0.0100011446735,0.0100007348488,0.0100008565089,0.0100001094473,0.0100001057828,0.0100005237605,0.0100003723026,0.0100003696989,0.0100002868201,0.00067395143333,0.00067395143333,0.00067395143333,0.0100452377651,0.0100452377651,0.0100000697305,0.0100012996381,0.010000010442,0.0100000299535,0.0100000740119,0.010000333806,0.697117567452,0.0100000849617,0.0100000647855,0.0100004842711,0.0100000439612,0.069850932662,0.0100004319735,0.0100001911148,0.304269591946,0.258241122194,0.0100045265414,0.0100285432676,0.101524398688,0.293881222895,0.141093148537,0.687264917293,0.557325798355,0.3140416346,0.354062931994,0.0100062246817,0.128077344227,0.277764862814,0.674422776896,0.776585024838,81.88309432,398.07368932,69.6389975935,4.61585597175,112.859855776,11.5459547856,2.59146748967,1.43818438451,4.30585589775,6.45607829312,4.66730399652,2.63052587801,2.8592810885,1.81713716298,1.89795000424,0,0,0,0,0,1.94439620059,0.104413538866,11.7735266263,2.56822428463,3.07735081068,2.38155729345,134.425827026,3.9097330971,4.61055125587,0.957205380977,5.57143782927,16.9142685938,0.753007582177,1.71194742577,78.7416410436,41.8912323729,2.36894268625,1.73384366064,21.1110332978,57.9783634392,4.76133045649,75.0486352373,52.4957570355,15.3251046571,25.4112531258,0.447736148251,8.03101637175,12.041909476,106.835850718,86.2418514883
refine__sobol__0004077__deviation__p5@@brachioradialis@@0.00,90.14151069,110.66850675,-38.97703542,118.91376112,35.64364769,23.44346637,45.17195712,Brachioradialis,BRD,0,1,usable,Converged with independently replayed constrained generalized-force equilibrium and small reserve torques,357.543784,1.94629276407,1.74152688714e-07,3.41060513165e-12,0.000329313593241,25,0,0.28644058539,0.410075083157,0.0100014427585,0.010000465758,0.109012354149,0.0100000474545,0.827735738117,0.0100003704487,0.0100000895531,0.0100000326668,0.0100000441624,0.0100001153068,0.0100001003593,0.0100001616285,0.0100001938777,0.0100452375935,0.0797264435889,0.0796569467741,0.0202127441721,0.0100452375935,0.0100001083416,0.0100001415587,0.0100034293757,0.000673973948824,0.01000014942,0.0100005642814,0.770384504902,0.0100007785326,0.0100452375935,0.0100295677074,0.0681499478701,0.0569740168908,0.0100452375935,0.0760962500145,0.0100010001885,0.010001099325,0.353713847492,0.163882409506,0.0467673915387,0.0100009597984,0.148145300144,0.279597217707,0.216221072834,0.0100582407457,0.272227421927,0.0100047358962,0.0100013009361,0.010000542682,0.0100001477844,0.0100001703814,227.958368862,396.738922301,1.71242244872,3.78568849578,113.248950072,11.1366555864,202.464254605,1.2490724039,4.41969577444,6.55302885328,4.9517975755,2.75792344234,2.99926283812,1.88069274304,2.07451957081,0,57.1946279761,57.0950216984,5.72423789229,0,4.93212924606,3.16643230826,8.93889240113,0,3.06300497155,1.35465966467,128.578468819,1.74438146658,0,0.00820139816766,24.484386039,14.9417742053,0,4.29671378346,2.43782154139,1.58153447054,79.946955924,27.0029096609,9.09857135074,1.90527745438,3.35125219914,21.2223300474,13.6916539615,0.358894865753,12.4173913563,0.219011859538,0.360545474575,0.392474826187,2.00997399693,1.16073615366
refine__sobol__0001387__elbow_flexion__p5@@supraspinatus@@0.00,23.30069038,95.97368253,56.78712474,34.38006971,56.62021019,14.28208941,-8.82218351,Supraspinatus,SUPSP,0,1,usable,Converged with independently replayed constrained generalized-force equilibrium and small reserve torques,343.682923,1.06731545449,4.21541130891e-08,1.072919531e-12,3.54393259997e-05,21,1,0.03426372444,0.995413653893,0.16561913588,0.000674014911416,0.165626438011,0.0100004795459,0.0100055072514,0.0100016156699,0.0100018442896,0.0100002625264,0.010000252595,0.010001131057,0.010000831614,0.0100008361709,0.0100006754345,0.0100047668151,0.0687722807222,0.0653615997168,0.0100452378315,0.0100452378315,0.0100010958795,0.0100070994498,0.0100059688217,0.0100073692981,0.0100183684825,0.0312434938567,0.0540234896136,0.0100030508547,0.0100057885135,0.0100082913173,0.0206894942572,0.0146632379154,0.0100163161952,0.0100088144328,0.0100072981106,0.0100105103908,0.010010980222,0.0100130188444,0.0100107405861,0.0100102814127,0.0110269193506,0.0404374975518,0.0322674870915,0.0148484255231,0.0207316773883,0.0114700542049,0.0100677113377,0.010025882832,0.0100097056572,0.01001260784,41.7297817497,406.028351168,33.351497414,0,163.079791687,11.5397888589,2.43062208249,1.43809321578,4.30977504006,6.45282401969,4.66008829558,2.6269158477,2.85525060015,1.81527085294,1.89861252435,3.06856099053,44.4527685046,40.1524351448,0,0,2.04883552728,0.165370803771,11.780726666,2.64466671756,3.17539549843,7.51612438869,10.4200472541,3.98906712758,4.58862643819,0.976650432566,11.5187159928,3.55067477419,0.754024214453,1.71315670762,2.58977925004,1.62388009077,2.37047083448,1.73115962947,2.08163831142,1.97487858583,0.366073380848,4.415751037,3.0343489452,0.72458388076,1.47913679688,0.513236315807,0.631290062105,0.434650993133,1.58564546716,1.11192697605
refine__sobol__0000447__elv_angle__p5@@triceps@@0.00,-47.19735649,125.74419034,83.52052318,119.07245252,-41.73916481,5.13902301,37.40828524,Triceps,TRIlong;TRIlat;TRImed,0,1,usable,Converged with independently replayed constrained generalized-force equilibrium and small reserve torques,342.997165,0.358887814629,2.46429010531e-08,6.32383034826e-13,0.000249291688261,21,0,0.202063852491,0.0100002649939,0.0100003655463,0.0100007171173,0.0100000955235,0.010000062333,0.0100011122421,0.0100014187353,0.0100000994103,0.0100001894655,0.0100006936854,0.0100006260653,0.0100035530119,0.197604306743,0.443282607719,0.000673969199137,0.000673969199137,0.000673969199137,0.2155550443,0.0100015248267,0.0570421798919,0.0100007181775,0.0100003373047,0.0100013378329,0.0100008753409,0.0100191149255,0.105899147389,0.0100045992119,0.0100452377522,0.0100278898849,0.0131613311735,0.127492150214,0.0100452377522,0.0100125997562,0.0100694776643,0.0100287038368,0.025667149555,0.0136066241089,0.0106329512181,0.0100146459022,0.0100955599015,0.0169932637386,0.012174996877,0.0100395868949,0.0135777820169,0.0100357266407,0.0100124840539,0.0100086650794,0.0100034571337,0.0100034365705,149.148826432,2.06445070944,1.73534960959,3.17412329737,10.2677445219,12.339725729,2.40322381993,1.43860539155,3.94882100531,3.67949218031,3.13021628351,2.64559623667,2.99265747539,37.1517375247,62.0308608636,0,0,0,61.0449540401,3.63355728157,25.3094281931,2.38576379761,8.90507008368,1.00788649502,3.03260079795,1.86676652972,15.9149422454,2.32965663438,0,0.107355372104,7.08850457407,34.6541505705,0,0.923023777798,2.51077377787,1.61557316829,5.93660340279,2.28992869884,2.11639774987,1.93827420466,0.198027860949,1.21676149617,0.761353036934,0.377574070495,0.602076532144,0.269782705951,0.57826639514,0.460357305317,1.98852438223,1.15668661473
refine__sobol__0002303__pro_sup__m5@@brachialis@@0.00,-51.09872368,96.64018644,-31.57957448,101.96551893,-76.62197731,15.62364215,40.07430087,Brachialis,BRA,0,1,usable,Converged with independently replayed constrained generalized-force equilibrium and small reserve torques,281.841754,2.9525430366,2.08380050992e-08,1.39964095474e-12,0.00036720239156,34,1,0.868653984261,0.999999707877,0.0100004625954,0.0100000588451,0.0100000340125,0.010000048236,0.0100005199626,0.0100006525113,0.0100000407642,0.0100000215105,0.0100000303024,0.353288745363,0.0100002018486,0.0100001550085,0.0100001322655,0.564206163046,0.0100003006996,0.0100003059684,0.0100013834625,0.831255045162,0.0100000496145,0.0100002214365,0.000673916981003,0.223008685831,0.0100018141575,0.010002665347,0.0638564937469,0.01000063516,0.0100452377944,0.0100028083337,0.0100008714251,0.0100020019987,0.0100320063322,0.0100034615394,0.0100010700265,0.0100016042081,0.0100027363952,0.0100029524761,0.0100021038166,0.010001674427,0.0234660433477,0.0443626498713,0.0251672332529,0.0100359424875,0.0483693982161,0.0100256547262,0.0100061994509,0.0100029646906,0.0100008997358,0.0100010361561,360.06176935,270.541506312,1.32780074979,4.98969690844,8.37508581218,12.4056796064,2.69391075761,1.37778758538,4.05745716897,5.45719544463,4.93558676461,87.8031589727,2.61913183558,1.79717330008,2.00403106244,228.006234294,7.16331943464,7.0430531507,2.73769390495,278.482042329,5.24837214008,2.36448945205,0,56.2504945333,3.33758052771,1.84097751854,10.2177378571,3.64015328504,0,0.650288025625,5.47484992727,2.33653173965,0.0809036605986,1.39006730511,2.52732915967,1.62379967842,2.32162832685,1.69181721818,2.00521411015,1.95707344833,0.469784574867,3.09766659252,1.5454449171,0.354033161922,2.26983890774,0.247626623091,0.510160734179,0.438445774527,2.01002990941,1.16705384322
refine__sobol__0000603__flexion__p5@@teres_minor@@0.00,9.85342476,113.42973722,-41.13767995,109.2970619,6.85458519,23.7669527,44.40047274,Teres minor,TMIN,0,1,usable,Converged with independently replayed constrained generalized-force equilibrium and small reserve torques,292.264166,5.9419583035,2.35345890331e-07,3.33955085807e-12,0.00098987692259,28,3,0.0100000343786,0.535977817308,0.999999920931,0.771397593458,0.42668785868,0.17829949482,0.000673994890581,0.0100001993452,0.99999963075,0.0100000085047,0.0100000064765,0.0100002872922,0.0100001004011,0.0100000655086,0.0100000387582,0.915936036371,0.0614716118576,0.0609355613233,0.0143862988933,0.0100452378219,0.0100000341475,0.0100000639471,0.0100038154457,0.0100003279187,0.0100000405847,0.0100002468919,0.99999967626,0.010000192202,0.0100452378219,0.0100018301004,0.0100000264049,0.0100000769475,0.0100452378219,0.27271512332,0.0100001987291,0.010000236,0.454827302113,0.0545746834554,0.0100008217533,0.0100002175495,0.242177954118,0.222982053012,0.181970606436,0.0100018873771,0.749721568468,0.0100016658338,0.0100005335096,0.0100002011802,0.0100000511949,0.010000059241,12.1373980877,4.88710455116,192.923239773,22.4624266816,419.891988439,228.793173956,0,1.42662538287,443.744361188,6.22214144527,4.97023184764,2.71283304298,2.98096270699,1.8787386741,1.27756074839,60.4679941037,44.0945433282,43.3287437994,4.03627604895,0,4.78160096251,2.42281300153,10.2970669923,1.25446085052,3.167744892,1.51982525575,172.94407613,2.27647706195,0,0.138198667264,5.09230720008,2.79810704923,0,20.3975601242,2.45818928143,1.59450447856,103.364277836,9.04198860595,1.96009737615,1.92083812914,5.35379645874,16.7011699398,11.5393662352,0.355276660013,35.1965507394,0.224571060908,0.390443347093,0.390480665927,2.00989047026,1.15855073587
refine__sobol__0000673__shoulder_rot__m2@@triceps@@0.00,31.65029976,97.68754972,53.54200755,18.3986244,74.97958519,13.78648395,40.80672274,Triceps,TRIlong;TRIlat;TRImed,0,1,usable,Converged with independently replayed constrained generalized-force equilibrium and small reserve torques,330.912761,4.03509914619,1.69607403677e-08,3.24331671173e-12,0.000908056516248,24,1,0.0487650718765,0.993009868611,0.11461716259,0.0100016936046,0.112733009559,0.010000691389,0.0100021285169,0.0100018655578,0.010002586228,0.0100002972586,0.0100002916119,0.0100013388042,0.0100009612817,0.0100009532767,0.0100006647626,0.000673944767557,0.000673944767557,0.000673944767557,0.0100452380852,0.0100452380852,0.0100000673464,0.0100040887439,0.01000001417,0.0100000629001,0.0100000734282,0.0100002505492,0.454994986194,0.0100000452419,0.0100002046313,0.0100002719798,0.0310267235373,0.999998936809,0.0100004003047,0.0100001646179,0.0100162444545,0.125747753842,0.0599159526114,0.0356225255118,0.135937867873,0.325281144394,0.232767837547,0.903151418567,0.685376201843,0.355271837422,0.365926443345,0.0100089397896,0.010004645699,0.0201301761619,0.219654359971,0.118104760363,59.1695798845,401.677390348,23.0862828726,4.42778505875,118.660475183,11.5186676826,2.59531826256,1.43877632821,4.23696359297,6.38498903768,4.62406474169,2.64847565737,2.887487029,1.82812930908,2.02866407999,0,0,0,0,0,1.82266255929,0.0302605288014,11.7600154492,2.41058371623,2.24681251575,1.34649928553,85.9779722399,4.03055890251,3.62280813355,0.955525477022,17.2869838476,197.061621271,0.689054146775,1.61954551894,2.43508081914,19.787466823,13.5750287805,5.87863584609,26.4225721496,61.5522937422,5.24928597305,74.1950482339,46.7769047626,13.4789299391,20.5101732686,0.236190104042,0.403815014043,0.901326523959,44.1250855931,13.7821031502
refine__sobol__0000447__deviation__p2@@teres_minor@@0.00,-52.19735649,125.74419034,83.52052318,119.07245252,-41.73916481,7.13902301,37.40828524,Teres minor,TMIN,0,1,usable,Converged with independently replayed constrained generalized-force equilibrium and small reserve torques,301.636422,0.532569638841,5.48468932493e-08,5.18696197105e-13,0.0003136209686,17,0,0.295690684826,0.0100004268875,0.0100003310589,0.0100002431015,0.0100000405647,0.0100001951171,0.000880585985761,0.0100017545021,0.010000083827,0.0100001882565,0.0100005519609,0.0100012904788,0.138003765929,0.470136588582,0.0100012488342,0.0100107918085,0.196353564068,0.196191519548,0.0497653990875,0.0100048352369,0.286799785323,0.0100019706162,0.0100024965081,0.0100294193456,0.0100038829089,0.0100108943024,0.107775633831,0.0100169899776,0.010077027918,0.0100636584464,0.146639364451,0.066644798957,0.010077027918,0.0108128045165,0.0100359470116,0.010028750518,0.0278554436067,0.013671238204,0.0101795800602,0.0100197353282,0.0103884464491,0.0211890800615,0.0127669447902,0.0100665733717,0.0172009131024,0.0100490026332,0.0100194214645,0.0100126685534,0.0100050339231,0.0100050254037,222.218201129,1.95155076592,1.68723755929,3.53263421209,10.7204553885,12.3695096141,0,1.43850863565,4.11628630416,3.34150331051,3.17214356657,2.6492942831,41.3699952978,88.3971591358,1.57756147068,0.0560750985877,140.861212321,140.62884368,14.093506881,3.63475995425,122.95389181,2.38156507871,8.90699280981,1.01071641763,3.04602604322,1.83783947636,16.5980239598,2.39752682742,0,0.122885156647,78.9778626568,18.1149889885,0,0.993549923838,2.50525610965,1.61743475947,6.44146920395,2.3009887274,2.02706996119,1.94208545,0.208309491289,1.53386873875,0.802592421494,0.377281085132,0.776265637195,0.266540732012,0.563887414465,0.460295791413,1.99830788894,1.16367997677
refine__sobol__0002303__elv_angle__m2@@latissimus_dorsi@@0.00,-53.09872368,96.64018644,-31.57957448,101.96551893,-71.62197731,15.62364215,40.07430087,Latissimus dorsi,LAT1;LAT2;LAT3,0,0,reserve_too_high,The posture requires more reserve torque than the quality limit permits,259.06178,128.299810307,3.88915530891e-08,8.92301569272e-07,0.174098171808,29,2,,,,,,,,,,,,,,,,,,,,,,,,,,,,,,,,,,,,,,,,,,,,,,,,,,,,,,,,,,,,,,,,,,,,,,,,,,,,,,,,,,,,,,,,,,,,,,,,,,,,
refine__sobol__0001262__elbow_flexion__p2@@brachioradialis@@0.00,44.74600288,60.17290128,-58.93553151,19.95428846,-63.69228981,12.84654254,-53.58780851,Brachioradialis,BRD,0,1,usable,Converged with independently replayed constrained generalized-force equilibrium and small reserve torques,370.192213,3.64739026778,3.67624011233e-08,3.2486989518e-12,0.000307055420122,12,2,0.0197797824207,0.683929797166,0.0100000725578,0.0100000425707,0.313753883263,0.0100000246075,0.999999013592,0.0100001069451,0.999999821071,0.0100002650256,0.0100001024133,0.0100000596747,0.0100000457061,0.010000058753,0.939268592646,0.0100000322198,0.0298672543779,0.0248119221144,0.01004523789,0.0100010939028,0.252258165873,0.010001149291,0.0100119021873,0.000673985954239,0.01004523789,0.131000903286,0.0140065280692,0.12740607399,0.0135255377724,0.018978632218,0.258174042454,0.132894007529,0.023503577623,0.0703630402124,0.0504202904641,0.0290302876697,0.0134970449815,0.0158807189956,0.0310988117561,0.0225251872184,0.010127135293,0.018778436557,0.028280874333,0.0187172982784,0.0102680810536,0.0109462089797,0.0101259513742,0.0101456705491,0.0100162148052,0.0100636393827,18.9021539755,680.743435266,2.00250449356,4.77391496487,287.337532187,12.0250047425,208.048715871,1.43858307149,443.873429037,6.48468272371,4.58401239975,2.66501520248,2.85229565206,1.80501197033,190.297669012,4.76798216065,18.0054490886,12.4205265193,0,3.47111613006,115.433231527,1.51725918431,11.778361461,0,0,31.9420825473,2.59043829314,23.3064781509,5.90953099125,0.508998073761,53.8784147361,32.640914166,1.14301032542,9.49091799205,10.1347880898,3.39044011422,2.78467509251,2.45045479826,6.58749030579,3.55842577922,0.397770162908,1.83677020653,2.4903893631,0.838492311466,0.72487439829,0.503538032497,0.891369137901,0.430084914139,0.845972736311,0.983297095607
refine__sobol__0000463__elbow_flexion__p5@@pectoralis_major@@0.00,-42.35360649,88.16606534,77.66114818,17.43182752,74.51083519,-8.80628949,-44.15421476,Pectoralis major,PECM1;PECM2;PECM3,0,1,usable,Converged with independently replayed constrained generalized-force equilibrium and small reserve torques,330.938438,3.05925347613,2.44699316809e-07,6.31404029438e-13,0.000176752671181,22,1,0.0100006021878,0.747341666962,0.0100012079344,0.999999399315,0.0100001369528,0.0100000243489,0.0100452377623,0.0100003134004,0.000674003677364,0.000674003677364,0.000674003677364,0.0100002007275,0.0100002726849,0.0100001465099,0.0100003509955,0.170881725688,0.192841565731,0.156907184671,0.0100452377623,0.0100452377623,0.73294182942,0.0100452377623,0.0100023211567,0.0100032849582,0.0100452377623,0.633787630941,0.0100004629269,0.308879859367,0.0100003092801,0.010012231895,0.462157226807,0.105272149072,0.0100046795043,0.0100022496824,0.164451455198,0.179238164941,0.0100023210715,0.0100069597123,0.0881806173577,0.265473184621,0.0100051266163,0.0100014491095,0.010021217077,0.0275892065996,0.0100029785602,0.054396737877,0.0100029852035,0.0486475830109,0.0100045357465,0.064809887197,2.13666117185,522.296596705,1.65934016482,183.56695218,1.63693802068,12.1245688403,0,1.35197325208,0,0,0,2.32956723507,0.569386204294,1.78008557595,1.15831726168,107.251176035,112.977403155,74.7951097501,0,0,45.0895198823,0,11.7593211797,2.40428177028,0,156.047743189,1.89783817775,89.3429228785,3.2892586586,0.536526600735,257.501635829,20.8441782041,0.511842348873,1.46262178105,41.2091072072,27.1700302415,2.19923375203,1.67530400624,18.7273646279,51.7320161919,0.378859779294,1.06835561725,0.922719722242,1.26597515809,0.724026513655,2.55866562854,0.774732102231,2.23746453655,1.05853201816,7.45145796153
refine__sobol__0000603__shoulder_rot__m5@@middle_deltoid@@0.00,9.85342476,113.42973722,-46.13767995,109.2970619,6.85458519,23.7669527,39.40047274,Middle deltoid,DELT2,0,1,usable,Converged with independently replayed constrained generalized-force equilibrium and small reserve torques,360.149989,3.31540463914,2.31178162835e-07,5.39301936442e-12,0.000327734327906,27,1,0.010000130088,0.000673928152344,0.999999424227,0.248499209929,0.535930418312,0.425252189781,0.0100004830718,0.0100008188824,0.61897739157,0.0100000602295,0.0100000515753,0.0100012270749,0.0100004311013,0.010000281312,0.0100001716798,0.273764581651,0.0892068214722,0.0884288119393,0.0207708314609,0.0100452381164,0.0100000922286,0.0100001695891,0.0100026967611,0.0100016251776,0.0100001328104,0.010000539289,0.969960920812,0.0100005184201,0.0100452381164,0.0100031996283,0.0100002209874,0.010000550622,0.0100452381164,0.153803288873,0.0100008902556,0.010000958436,0.364874065167,0.165036122608,0.010225225003,0.0100008637811,0.131231417913,0.227381238741,0.160360926506,0.0100104639953,0.296589010396,0.0100043937737,0.0100012169096,0.0100005584008,0.0100001511722,0.0100001772786,12.1161544664,0,192.419399113,6.51276063587,520.482915457,548.577003199,2.5700027652,1.42271888158,274.725225327,6.12608192059,4.96691981599,2.7169626624,2.98599514012,1.87918008109,1.2703206214,17.6977130271,63.9894405841,62.8780510721,5.82754537241,0,4.73963426291,2.40426743716,10.2959155148,1.25462358145,3.156970522,1.60340710775,171.944619579,2.6056889291,0,0.238200024442,5.09240628723,2.79823958742,0,13.4446098167,2.48096730414,1.60683598171,83.523213251,27.5429779812,2.01975819163,1.93543018604,3.0419718497,18.0613873059,10.6424692787,0.3723346925,14.8632468579,0.246629126598,0.408608176807,0.390006931076,2.00723125445,1.14912448115
refine__sobol__0000603__flexion__m5@@brachioradialis@@0.00,9.85342476,113.42973722,-41.13767995,109.2970619,6.85458519,23.7669527,34.40047274,Brachioradialis,BRD,0,1,usable,Converged with independently replayed constrained generalized-force equilibrium and small reserve torques,325.421897,4.98030195216,2.35086421441e-07,5.29354338141e-12,0.000749493701291,26,2,0.0100000336786,0.54337620461,0.999999922429,0.782076377809,0.42534094554,0.180405493738,0.0100001089935,0.0100001966591,0.999999639386,0.0100000082522,0.0100000062515,0.010000283872,0.0100000990033,0.0100000645111,0.010000038089,0.928801543631,0.0549645950145,0.0544853325772,0.0129256661253,0.0100452376739,0.0100000093907,0.0100000254635,0.0100042262311,0.000673947374723,0.010000175366,0.0100007067055,0.85142892239,0.0100006114752,0.0100452376739,0.0100033089631,0.0100002459363,0.0100006058205,0.0100452376739,0.151981980152,0.0100012542598,0.0100013023873,0.307994204358,0.144877340298,0.0199485931905,0.010001185079,0.103793532265,0.188533058827,0.119500211438,0.0100118489808,0.244381479189,0.0100056739737,0.0100015453365,0.0100007535053,0.0100002068012,0.0100002446999,12.1373972385,4.95456385516,192.923240069,22.7733835828,418.566527592,231.495583058,2.59217513512,1.42662499961,443.74436502,6.22214128779,4.97023173581,2.71283211524,2.98096229041,1.8787384867,1.27756066316,61.3173452084,39.4269589351,38.7422543555,3.62647523079,0,4.78158912421,2.42280367821,10.297489819,0,3.14585401262,1.6886290787,154.613154893,2.92597762876,0,0.343825465702,5.09241899181,2.79825503242,0,15.1769722516,2.50336102585,1.61768547983,71.0021565224,24.3503316053,3.96970723902,1.9493875199,2.52046499555,15.8425066603,8.29058499201,0.389354109448,12.7950341729,0.268977224514,0.4277217898,0.38951170112,1.99141150644,1.13482802344
refine__sobol__0001369__flexion__m2@@infraspinatus@@0.00,54.23819038,98.00493253,-15.86912526,47.66131971,-5.87978981,3.89146441,-12.69718351,Infraspinatus,INFSP,0,0,solver_failed,The static optimization solver did not converge,951.49456,,7.52983764229e-09,,,0,0,,,,,,,,,,,,,,,,,,,,,,,,,,,,,,,,,,,,,,,,,,,,,,,,,,,,,,,,,,,,,,,,,,,,,,,,,,,,,,,,,,,,,,,,,,,,,,,,,,,,
refine__sobol__0001369__shoulder_rot__p2@@coracobrachialis@@0.00,54.23819038,98.00493253,-13.86912526,47.66131971,-5.87978981,3.89146441,-10.69718351,Coracobrachialis,CORB,0,1,usable,Converged with independently replayed constrained generalized-force equilibrium and small reserve torques,344.263864,1.05045615723,7.65335812503e-08,4.63984406451e-12,3.23263213525e-05,18,0,0.386699325277,0.0107891680017,0.010001063421,0.0100003106153,0.782206621894,0.0100001792979,0.402193726521,0.0100010405742,0.0100011574218,0.0100002431657,0.0100003136696,0.0100005800897,0.0100004381205,0.0100005409248,0.000673223870818,0.0100010547354,0.124619754394,0.121488292037,0.0100574117424,0.0100024982039,0.206625351821,0.0100016884314,0.010003267444,0.010005429661,0.0324822702008,0.0422462903994,0.0168093333674,0.0100047531118,0.010003171721,0.0100105364352,0.19318328254,0.091942305347,0.0100158864902,0.0100097409825,0.010016067182,0.0100251712054,0.0100133534625,0.0100174906835,0.0100190111312,0.0100237717949,0.010256341141,0.0372697028606,0.0100452381963,0.0186744051835,0.011609607942,0.0110880674179,0.0100817334202,0.010046771979,0.0100112755837,0.0100264790702,448.62115317,6.58255790564,2.01391340587,4.66634974553,797.295252159,12.9721485601,104.069554085,1.4172598087,4.35108059586,6.5686175544,4.80842529905,2.71612492228,2.97643844909,1.87397652438,0,2.0736176448,82.743196521,78.6372563982,0.208479203592,3.75943101822,108.4898545,1.39499562984,11.7696445722,2.76076079818,10.9562697387,10.6665725277,3.23829200445,4.08057707721,4.62386766016,1.01001870067,102.412028256,26.1685993624,0.749574082711,1.71068675946,2.59136652889,1.60794992081,2.36971445393,1.73177193042,2.1087352201,1.97497620886,0.313598595276,4.06858564278,0,0.911304858647,0.77642634509,0.505928022502,0.756784449392,0.46159284561,1.70358066322,1.16884999919
refine__sobol__0000625__elbow_flexion__p5@@subscapularis@@0.00,52.04092476,70.77348722,-38.79392995,59.4533119,79.35458519,9.0013277,-41.22452726,Subscapularis,SUBSC,0,1,usable,Converged with independently replayed constrained generalized-force equilibrium and small reserve torques,345.718526,2.11997479563,2.88342363319e-08,9.85559052726e-13,8.29598694293e-05,22,1,0.38149585486,0.27743448495,0.0100003119544,0.0100001514602,0.999998444975,0.000674196264475,0.72444055616,0.0100003718998,0.491602974462,0.0100002146109,0.0100001808492,0.0100002160148,0.0100001670683,0.0100002035862,0.0695578979107,0.0100002855865,0.0135648970477,0.0132776882865,0.0100522476882,0.0100452378391,0.0100024204526,0.0100012820816,0.010016229288,0.0100011452876,0.0233241753126,0.0404796512548,0.010002855494,0.010001829353,0.0100011252069,0.0100059673315,0.337163896411,0.0578509608681,0.0100060957585,0.0100030698015,0.0100055002982,0.0100113410552,0.0100052723899,0.01000720718,0.010007320765,0.0100154738335,0.0102224798509,0.0225378746484,0.0364719990745,0.0257008100824,0.0100194142592,0.0101263018311,0.0102168358637,0.0143672855327,0.0100236529665,0.0246025998027,464.613559339,268.425421927,2.0141921752,4.84387275872,986.560426012,0,176.793923324,1.4384134262,216.900139966,6.44190704446,4.59053888003,2.67898706351,2.88935507547,1.82461096757,14.09218817,2.51624266966,9.18489298323,8.79082027268,1.21328772501,0,4.04106123984,1.2056186657,11.660842241,2.76031609279,7.82123221516,10.16572856,1.92953221623,3.53826484594,4.79820208304,0.731891218469,177.297304008,10.956504001,0.748392281382,1.71116440035,2.49411209081,1.48044057703,2.31283308583,1.71031610908,2.12513887752,1.91644455075,0.386884932921,2.41267085105,3.43312565833,1.22607370594,0.725093625656,0.4783913064,0.796974556527,0.638353633099,1.09736072683,2.61231248392
refine__sobol__0001369__elbow_flexion__p2@@supraspinatus@@0.00,54.23819038,98.00493253,-15.86912526,49.66131971,-5.87978981,3.89146441,-10.69718351,Supraspinatus,SUPSP,0,1,usable,Converged with independently replayed constrained generalized-force equilibrium and small reserve torques,352.600431,3.1992211412,7.62963603407e-09,4.55457893622e-12,0.000157929295218,19,1,0.471356240461,0.0100003217218,0.0100001976392,0.000673984469233,0.94619646728,0.0100000362072,0.99999886694,0.0100002771101,0.0100006502836,0.0100000811685,0.0100001093935,0.0100001496313,0.0100001075674,0.0100001376916,0.537882908914,0.0100002616222,0.362176158817,0.353385413536,0.0115603249041,0.0100010203779,0.498346883155,0.0100008693039,0.0100011183575,0.0100018521454,0.0252318792292,0.0495192601826,0.0100594352068,0.0100037728991,0.0100016821831,0.0100082159882,0.471413756477,0.231505079155,0.0100104305182,0.0100065346038,0.0165021590751,0.0185554482254,0.0100167287192,0.010026268256,0.010133557544,0.0177455953264,0.01336272115,0.0587029024489,0.0100452381765,0.0322921440239,0.0125012731362,0.0146643731864,0.0100692626542,0.0101391698519,0.0100103493139,0.0101158100862,549.130219064,6.16692103228,2.01382926075,0,961.650367419,13.0045693518,257.777178096,1.41485815593,4.3591953845,6.5692281477,4.81485369398,2.71742785589,2.97820546393,1.87451237273,111.884771081,1.97829263851,241.315283609,229.743007287,0.432921913955,3.75887557851,261.68047544,1.43845140693,11.7601075107,2.76037457108,8.51069968843,12.5029599333,1.93701731436,4.08044550955,4.60936024986,1.01033666528,253.144860047,65.8909263143,0.746905726395,1.70832070898,4.26945445799,2.97613186801,2.37051322678,1.73328935171,2.13284419164,3.49640128479,0.406278291044,6.40746411004,0,1.57584591745,0.831654529567,0.669108244586,0.755848332265,0.465838009841,1.70342304396,1.17926388
refine__sobol__0001711__flexion__p5@@latissimus_dorsi@@0.00,-47.18759087,105.74907316,38.18360911,69.37030409,-34.16103981,17.0506441,32.62312899,Latissimus dorsi,LAT1;LAT2;LAT3,0,1,usable,Converged with independently replayed constrained generalized-force equilibrium and small reserve torques,341.633988,2.02068813826,2.99040259222e-08,2.78368616448e-12,0.000137809270946,18,1,0.492560244555,0.999971286971,0.010000441264,0.010000922,0.0100002433347,0.478662735235,0.0100452377795,0.0100005927808,0.0100002404212,0.0100000716927,0.0100000961436,0.000673965918907,0.000673965918907,0.000673965918907,0.0100009292815,0.0444461345544,0.368397720031,0.360461105232,0.0616429102857,0.0100015706921,0.412424136509,0.0100008480853,0.0100007498743,0.0100023605024,0.0100049347592,0.0202456563521,0.0974261887884,0.0100029837477,0.0100102360555,0.0100077963812,0.267775952137,0.135005573742,0.0100148853922,0.0100072821494,0.0100104304272,0.0100139362556,0.0100128503854,0.0100147364787,0.0100135410631,0.0100110934796,0.011284833798,0.0477789384723,0.0359436731844,0.0184998071587,0.0226235974902,0.0102129687865,0.0100305911513,0.0100191751322,0.0100054189493,0.0100073648995,219.659065958,247.508504129,1.81956883232,1.84548586535,2.49848207072,554.127274398,0,1.39722632565,4.147126224,5.18973375651,4.91621788349,0,0,0,0.546800360374,14.7934962093,253.198319333,242.406197192,12.375728069,3.69596873286,154.637672393,0.809256616893,11.4527791655,2.72564958355,3.36545565507,3.99846843512,18.0258774679,3.82773161319,1.22926278461,0.911323610834,140.307093722,37.5731243969,0.473964417226,1.5558792412,2.53340578381,1.62633087902,2.3301101889,1.69825155621,2.01233953929,1.96522450592,0.251770149868,3.87575848358,2.48040203775,0.715140736671,1.1998368299,0.28198497082,0.511504621622,0.429648937118,2.01032721013,1.16647644828
refine__sobol__0003073__shoulder_rot__p2@@supraspinatus@@0.00,39.69229194,81.85014738,-53.82273854,85.01727674,19.23739769,-6.67860394,5.44539462,Supraspinatus,SUPSP,0,1,usable,Converged with independently replayed constrained generalized-force equilibrium and small reserve torques,308.055411,3.70878881595,8.06698086109e-08,1.92160789995e-12,0.000212676500278,19,1,0.0100001840415,0.429255613413,0.0100002167201,0.000955222352197,0.0663371033535,0.0100000685954,0.999998932584,0.0100002918049,0.806316513055,0.0100002038268,0.0100002057402,0.0100001675303,0.0100001280499,0.0100001659931,0.432574637746,0.0100003773157,0.638397459098,0.625014246203,0.12697374709,0.010090486539,0.576639032728,0.0100005369244,0.0100007909199,0.0100009318288,0.0100026249558,0.0287077357926,0.0147362806956,0.0100020578948,0.0100019548408,0.0100057391167,0.599569535115,0.396718604576,0.0100090106011,0.01000485734,0.0100201304201,0.0100450334545,0.0100183280821,0.0100237363229,0.0100336053375,0.0100472313938,0.0180878961152,0.0838765209073,0.0726236138164,0.0409602181147,0.0163660577893,0.0159303822532,0.010042974802,0.010049073107,0.0100107303948,0.0100191655827,11.3084469586,336.909946427,2.00078443589,0,62.1439804638,13.0145297268,238.058852002,1.43348950396,357.916807421,6.57081960281,4.81468723446,2.70061381981,2.92886517611,1.84933628487,89.9820289427,1.24007133489,448.488309778,429.881295369,32.7347482412,0,291.694632172,2.19022488417,11.0973200978,2.54748672605,3.15452363891,7.23398527107,2.13958655979,3.77194731228,4.28504456615,0.927587922997,318.767315882,108.031637251,0.664093091431,1.60140601237,2.58889090425,1.6322557219,2.37220008622,1.73282825227,2.06626888343,1.98187309088,0.411947209452,7.82660234608,5.93478615485,1.96909653398,0.824551430517,0.653458339801,0.719157245599,0.462091818757,1.99569794682,1.1662107975
refine__sobol__0001387__pro_sup__m2@@supraspinatus@@0.00,23.30069038,95.97368253,56.78712474,29.38006971,54.62021019,14.28208941,-8.82218351,Supraspinatus,SUPSP,0,1,usable,Converged with independently replayed constrained generalized-force equilibrium and small reserve torques,287.753328,1.11305678866,2.55325716125e-08,1.3437715122e-12,6.23259800148e-05,21,1,0.0522309895037,0.999999403935,0.267572662368,0.000673972675734,0.134092222189,0.010000268392,0.0100035956912,0.0100009468895,0.0100010526823,0.0100001472309,0.0100001420763,0.0100006686317,0.010000481615,0.0100004828171,0.0100003846529,0.0100019434215,0.0712493208324,0.0652217959566,0.0100452377988,0.0100452377988,0.0100006852201,0.0100062487824,0.0100058855375,0.0100084729693,0.0100227589961,0.0327855364633,0.0532408404126,0.0100031090405,0.0100054685495,0.0100084078884,0.018012828168,0.0143764636831,0.0100161661852,0.0100087236424,0.0100071952581,0.0100103992615,0.0100106365887,0.0100127044523,0.0100105235653,0.0100101650249,0.0111593435926,0.0407751435911,0.0327677384566,0.0151976544512,0.0208515018315,0.0116880468018,0.0100740246615,0.0100266675195,0.0100098171355,0.0100130617576,63.6121095466,407.898874792,53.8823542919,0,132.030441028,11.5395452033,2.43015770999,1.43799705445,4.30943393824,6.45274962351,4.6600367942,2.62679438611,2.85515067481,1.81520671495,1.89855731987,3.30841790505,45.410296375,38.0512681828,0,0,1.93938792255,0.112107162028,11.7804436783,2.57411613475,3.09083761175,7.82701985151,10.2657751526,3.9215758554,4.6086039041,0.961115546097,10.0360792378,3.53356681584,0.754182946688,1.71339041705,2.58975268959,1.62379973096,2.37038948235,1.73110537422,2.08174929984,1.97484889072,0.377271371733,4.45259768453,3.0869667197,0.741639918813,1.49684075524,0.52306113045,0.633054806164,0.434685011591,1.58566312628,1.11197738476
refine__sobol__0000447__shoulder_rot__m2@@brachialis@@0.00,-52.19735649,125.74419034,81.52052318,119.07245252,-41.73916481,5.13902301,37.40828524,Brachialis,BRA,0,1,usable,Converged with independently replayed constrained generalized-force equilibrium and small reserve torques,337.728301,0.710342410988,4.86714384351e-08,2.25242047236e-12,0.000399313626355,20,0,0.339429872771,0.0100002192005,0.0100001458081,0.010000109663,0.0100000133546,0.0100000750215,0.0100001519119,0.0100007991926,0.0100000336452,0.0100000917744,0.0100002414506,0.0100005644411,0.173669326127,0.599392627153,0.0100004476559,0.0100056107299,0.193401920627,0.193242391922,0.0490103348151,0.0100028046577,0.290542454464,0.0100010414615,0.000674041012977,0.0100192078378,0.010002362395,0.0100063318099,0.105919059039,0.0100106718283,0.0100452379383,0.0100390218899,0.150435453025,0.0670683642367,0.0100452379383,0.0105718907526,0.0100212586267,0.0100169819331,0.0265847132549,0.0127499199435,0.0100871026572,0.0100115329038,0.0101961878259,0.0201711703975,0.0117090125025,0.0100376374901,0.0163831170539,0.0100287665221,0.010011592651,0.0100077551132,0.0100032922637,0.0100031199137,253.950490421,1.76366006611,1.69551974334,3.43542493915,10.6741104774,12.3420216903,2.35503851909,1.43844750005,4.09754060207,3.35498667085,3.16784550149,2.64737510494,52.0284953602,112.698547416,1.58632531117,0.0511834854625,138.743745925,138.5149276,13.8796735005,3.63402224457,126.588477425,2.38267861266,0,1.00968734998,3.03305172294,1.86438477371,15.9179346494,2.33107069795,0,0.107474548706,81.0223816177,18.2301199631,0,0.974582704779,2.49875060271,1.6136848293,6.14882844078,2.14574955213,2.00775127521,1.93767170272,0.200001712149,1.44430780666,0.732213101995,0.37750075631,0.72647287247,0.26959560253,0.578214912625,0.460315450627,1.98849160891,1.15665000009
refine__sobol__0004077__deviation__p5@@posterior_deltoid@@0.00,90.14151069,110.66850675,-38.97703542,118.91376112,35.64364769,23.44346637,45.17195712,Posterior deltoid,DELT3,0,1,usable,Converged with independently replayed constrained generalized-force equilibrium and small reserve torques,359.503891,1.94081967218,1.78639702142e-07,2.10495051411e-12,0.000329330182219,24,0,0.284440011198,0.410020791083,0.000673996086956,0.0100004675119,0.108568852045,0.0100000476606,0.824854411676,0.0100003717252,0.0100000898851,0.0100000328096,0.0100000443436,0.0100001157296,0.0100001007339,0.0100001622092,0.0100001945464,0.010045237496,0.0810490152487,0.0809785075219,0.0205460533634,0.010045237496,0.0100001086149,0.010000141892,0.0100033774238,0.0100116995975,0.010000149351,0.0100005642661,0.770343896431,0.0100007781002,0.010045237496,0.0100295634818,0.0686311805668,0.0575411315542,0.010045237496,0.0760000947824,0.0100010001856,0.0100010993589,0.353732787275,0.163890953255,0.0467910090284,0.0100009598423,0.148164963469,0.279654550024,0.216269995774,0.0100584069243,0.272233101859,0.0100047359017,0.0100013008252,0.0100005426547,0.0100001477753,0.0100001703718,226.366249371,396.68639586,0,3.78568915936,112.788211949,11.1366558158,201.759481835,1.24907256332,4.41969592128,6.55302894673,4.95179766539,2.75792355895,2.99926295053,1.88069285225,2.07451970958,0,58.1434222613,58.0422653802,5.81863086964,0,4.93212938122,3.16643241376,8.93884598264,0.385991679329,3.06300495084,1.35465966202,128.571691164,1.74438138841,0,0.0082013944349,24.6572796289,15.0905033941,0,4.29128444761,2.43782154044,1.58153447579,79.9512367174,27.0043174128,9.10316612011,1.90527746259,3.35169700869,21.2266817394,13.6947518757,0.358900795088,12.4176504299,0.219011859432,0.360545470443,0.392474825147,2.00997399509,1.16073615262
refine__sobol__0000603__elbow_flexion__p5@@middle_deltoid@@0.00,9.85342476,113.42973722,-41.13767995,114.2970619,6.85458519,23.7669527,39.40047274,Middle deltoid,DELT2,0,0,capacity_limited,At least one muscle reached the conservative capacity threshold while nontrivial reserve torque was still required,265.222023,7.26334095253,2.33079781253e-07,1.15159736325e-06,0.0175596862704,28,4,,,,,,,,,,,,,,,,,,,,,,,,,,,,,,,,,,,,,,,,,,,,,,,,,,,,,,,,,,,,,,,,,,,,,,,,,,,,,,,,,,,,,,,,,,,,,,,,,,,,
refine__sobol__0000673__shoulder_rot__p5@@infraspinatus@@0.00,31.65029976,97.68754972,60.54200755,18.3986244,74.97958519,13.78648395,40.80672274,Infraspinatus,INFSP,0,1,usable,Converged with independently replayed constrained generalized-force equilibrium and small reserve torques,316.521959,1.37955938312,1.68864175976e-08,2.48689957516e-12,6.98624030018e-05,26,1,0.0939511302391,0.999999571055,0.513821086913,0.118034348566,0.000673929403217,0.0100002748167,0.0100042932964,0.0100007173557,0.0100009965183,0.0100001132788,0.0100001086482,0.0100004422683,0.010000360253,0.0100003737138,0.0100003030544,0.0730987833107,0.0886695107593,0.0726820232454,0.01004523791,0.01004523791,0.0100006832978,0.0100165177127,0.0100048038813,0.0100063230029,0.015909689125,0.0668197835315,0.0797324554884,0.0100007188142,0.010001148203,0.0100023601117,0.199639260877,0.0450276360983,0.0100038816106,0.0100017576796,0.0100013658217,0.0100021161009,0.0100018948429,0.0100023956553,0.0100019856652,0.0100020958593,0.0197584755504,0.0938428596053,0.0718615938469,0.0399504116562,0.041944236123,0.0216713530152,0.0111647443475,0.0100176903572,0.0100030588524,0.0100050840412,114.12799767,417.05130026,103.494612687,53.2288998757,0,11.5032492114,2.54759837286,1.43856764046,4.23851311699,6.37438851773,4.60980347049,2.64324778568,2.88176878051,1.82505738611,2.02990133396,25.8102391033,52.5599725033,35.3139339875,0,0,1.75541292174,0.0260549197515,11.7656481491,2.41209275693,3.57458261729,8.99705365842,15.0666162325,4.0308303886,3.62314996474,0.955724997938,111.231876417,8.87322840546,0.689294018006,1.61980351829,2.43146362775,1.57391710358,2.26610784668,1.65065336614,1.94411014396,1.89267639083,0.445585136044,7.70931136464,4.90455157701,1.51570922052,2.35097398991,0.511398732669,0.450639785875,0.448541033873,2.00945625716,1.16753211183
refine__sobol__0001387__shoulder_elv__p2@@triceps@@0.00,23.30069038,97.97368253,56.78712474,29.38006971,56.62021019,14.28208941,-8.82218351,Triceps,TRIlong;TRIlat;TRImed,0,1,usable,Converged with independently replayed constrained generalized-force equilibrium and small reserve torques,294.000659,5.46574551512,2.91852018108e-08,4.31175356018e-12,0.000698457708324,25,1,0.13244548793,0.99999990274,0.815795881904,0.0100001560775,0.0427443472224,0.0100000696385,0.0100006935616,0.0100002963109,0.0100003255488,0.0100000392167,0.0100000378182,0.010000209081,0.0100001446315,0.0100001453249,0.0100001161345,0.000673956726058,0.000673956726058,0.000673956726058,0.0100452377358,0.0100452377358,0.0100000520357,0.0100014536519,0.0100000079898,0.0100000251613,0.01000006389,0.010000291766,0.789555610746,0.0100000737107,0.0100000559184,0.0100004267932,0.0100000375021,0.0799959688932,0.0100003798496,0.0100001672922,0.350742059272,0.296558202199,0.0100041706517,0.0100326194686,0.11879191296,0.337189365957,0.159735865428,0.778327329718,0.630995900893,0.355673001504,0.401095591053,0.0100054960055,0.144676670438,0.3156879569,0.768559448559,0.883163337039,161.325060043,377.20325814,164.287061488,4.65797089367,42.3353381712,11.5721032687,2.56797475804,1.43823673066,4.30677488109,6.46701171023,4.67679982275,2.63200478637,2.86614880356,1.82045930853,1.86532908292,0,0,0,0,0,1.88036910683,0.0654609286151,11.7735237392,2.56822305409,3.07734769642,2.38154728224,152.25074064,3.90972869773,4.61054716795,0.957199879176,5.57143423063,19.3708695447,0.753003657384,1.71194334755,90.7682070807,48.1069337629,2.36885841616,1.73454839862,24.7016486922,66.5224113834,5.39044772239,84.9925587549,59.4349079157,17.3566985113,28.7868078561,0.447703543186,9.07186759812,13.685985193,121.748116025,98.0776591248
refine__sobol__0002761__pro_sup__p2@@infraspinatus@@0.00,69.66299507,114.79448331,76.3794099,89.90497205,34.59677269,20.57969684,-39.26163663,Infraspinatus,INFSP,0,1,usable,Converged with independently replayed constrained generalized-force equilibrium and small reserve torques,307.181069,1.1295865451,5.78636658588e-08,7.32143453943e-13,6.53593864995e-05,14,0,0.124975396507,0.449555107974,0.233899536722,0.0100101127139,0.00121727563825,0.0100012285419,0.870249830156,0.0100042808959,0.0100012819727,0.010000462997,0.010000615715,0.0100025148208,0.0100019833089,0.0100022774512,0.0100029759143,0.0101460234005,0.183347120282,0.179560071018,0.0372338456525,0.0101460234005,0.0979032165305,0.0100016806955,0.0100043644743,0.0100044830422,0.0101460234005,0.0451381337434,0.0212759731448,0.0100076900138,0.010009145377,0.0100211358368,0.0875695974457,0.0759850789066,0.0100361553768,0.0100202308913,0.0100362945724,0.0100563564079,0.010051887328,0.0100597313452,0.010054228298,0.0100573256263,0.0139280312708,0.0406787283511,0.036896051783,0.016684114283,0.0168499257312,0.0121847543857,0.0102406533551,0.0101192549132,0.0100455229605,0.0100675435349,95.8259809007,201.268438742,44.2713234997,1.99112137188,0,11.4363169639,232.041169185,1.42392653377,3.99997380937,6.36636284953,4.6467547835,2.71785311244,3.01698465613,1.87978577719,2.08041862041,0,129.661161584,124.359920184,9.7768093031,0,49.3489869987,2.57169400059,10.979594695,2.5011420904,0,11.3682027428,4.04226021234,4.08211322162,4.30901741456,1.00870651635,44.9832682477,19.9768795351,0.714343746584,1.67585384587,2.50497433157,1.46222542476,2.36257347251,1.73196132588,2.13479494926,1.88805592501,0.547609889368,4.2706013505,3.45346528509,0.795919763322,1.2199269324,0.574361803454,0.77791613597,0.397936058722,0.996321136593,0.943699925263
refine__sobol__0000603__elv_angle__m2@@pectoralis_major@@0.00,7.85342476,113.42973722,-41.13767995,109.2970619,6.85458519,23.7669527,39.40047274,Pectoralis major,PECM1;PECM2;PECM3,0,0,solver_failed,The static optimization solver did not converge,820.272181,,2.32502436859e-07,,,0,0,,,,,,,,,,,,,,,,,,,,,,,,,,,,,,,,,,,,,,,,,,,,,,,,,,,,,,,,,,,,,,,,,,,,,,,,,,,,,,,,,,,,,,,,,,,,,,,,,,,,
refine__sobol__0002303__flexion__m5@@brachioradialis@@0.00,-51.09872368,96.64018644,-31.57957448,101.96551893,-71.62197731,15.62364215,35.07430087,Brachioradialis,BRD,0,1,usable,Converged with independently replayed constrained generalized-force equilibrium and small reserve torques,452.902519,2.28717136766,2.14335411641e-08,6.7569012287e-13,0.000284929406331,31,1,0.871605825306,0.999999611023,0.0100004465364,0.0100000611587,0.0100000358941,0.0100000845443,0.0100005028947,0.0100007494494,0.0100000516452,0.0100000278945,0.0100000387553,0.353846729364,0.0100002371402,0.0100001852466,0.0100001561474,0.565921994616,0.010004460613,0.0100045293242,0.0100151593586,0.206711896006,0.0100000428695,0.0100001694037,0.165504453596,0.000673961994723,0.0100023666603,0.0235987753836,0.0616434980083,0.0100010989609,0.0100452377626,0.0100041092558,0.010001490245,0.0100063913183,0.0100212184509,0.0100034039009,0.0100020172402,0.010003043569,0.0100035176294,0.0100042006141,0.010003273689,0.0100030425986,0.0116620082037,0.0401290943919,0.0289728209396,0.0122246519271,0.0271362487619,0.0102139254027,0.010026185196,0.0100095384293,0.0100026973794,0.0100033959884,361.285323398,270.541480095,1.32779861749,4.98969806282,8.3750873882,12.4057246493,2.69390615991,1.37780094051,4.05746158372,5.45719892827,4.93559093659,87.9418352215,2.61914107874,1.79717873431,2.0040358476,228.69963386,7.16629922384,7.04602759162,2.74146480188,70.395717679,5.24806574395,2.35940755191,175.968392842,0,3.31650219694,4.5407014298,10.1795610242,3.67856495034,0,0.723736104602,5.53469200117,2.37961256121,0.140297922571,1.45399461684,2.54788860334,1.62525658195,2.33707963696,1.70319851706,2.01934695009,1.96804829508,0.246917723812,2.99753839446,1.87354409914,0.453412199724,1.33275881306,0.273761778872,0.529676876914,0.437825441065,2.010492759,1.16717016267
refine__sobol__0001387__shoulder_rot__p5@@posterior_deltoid@@0.00,23.30069038,95.97368253,61.78712474,29.38006971,56.62021019,14.28208941,-8.82218351,Posterior deltoid,DELT3,0,0,reserve_too_high,The posture requires more reserve torque than the quality limit permits,298.287444,342.444542964,2.73852265309e-08,1.81270795885e-06,0.300927898749,22,1,,,,,,,,,,,,,,,,,,,,,,,,,,,,,,,,,,,,,,,,,,,,,,,,,,,,,,,,,,,,,,,,,,,,,,,,,,,,,,,,,,,,,,,,,,,,,,,,,,,,
refine__sobol__0001387__flexion__m2@@infraspinatus@@0.00,23.30069038,95.97368253,56.78712474,29.38006971,56.62021019,14.28208941,-10.82218351,Infraspinatus,INFSP,0,1,usable,Converged with independently replayed constrained generalized-force equilibrium and small reserve torques,362.039633,1.50047069399,4.82356270481e-08,1.40882017944e-12,8.40225432296e-05,17,1,0.129857459793,0.999999649763,0.662866491855,0.070761833843,0.000674179791444,0.0100002171472,0.010001473474,0.0100006152687,0.0100008943387,0.010000098473,0.0100000914032,0.0100003812584,0.0100003110768,0.0100003200802,0.0100002787799,0.164817932852,0.0277989786567,0.0254526990753,0.0100452376693,0.0100452376693,0.010000600059,0.0100056960835,0.0100125570741,0.0100153262702,0.0100303544659,0.0313066792343,0.0536114364991,0.0100036638433,0.0100082973645,0.0100096253601,0.0192370609506,0.0103929638896,0.0100191917212,0.010010703316,0.0100077510748,0.0100109802753,0.0100120409042,0.0100140480835,0.0100114231385,0.0100106625751,0.0107241811685,0.0370129003782,0.0295039559739,0.0132254035231,0.019786836257,0.0110926309673,0.0100627343363,0.0100252532039,0.0100098903681,0.0100123835841,158.15336903,407.898975006,133.48451537,32.9831768691,0,11.5394860708,2.42964216288,1.43794937199,4.30936570836,6.45271816186,4.66001318073,2.62671890409,2.85510198593,1.81517717627,1.89853721977,54.5180648234,17.7175002533,14.8494451096,0,0,1.90863610373,0.0977344809142,11.7882984215,2.57215271081,3.11055789787,7.56090347303,10.3348581915,3.8568574721,4.6343672736,0.936869261074,10.7177617938,2.51663615654,0.754436184983,1.71379396666,2.58989825561,1.62235464948,2.37072238282,1.73134519579,2.08596888943,1.97483172672,0.367475422597,4.04161762399,2.78235409903,0.645395221147,1.42451042471,0.504264508903,0.640473802589,0.433986296095,1.55351780772,1.10568427745
refine__sobol__0001387__deviation__m2@@latissimus_dorsi@@0.00,23.30069038,95.97368253,56.78712474,29.38006971,56.62021019,12.28208941,-8.82218351,Latissimus dorsi,LAT1;LAT2;LAT3,0,1,usable,Converged with independently replayed constrained generalized-force equilibrium and small reserve torques,298.352801,1.08300055864,1.13729523576e-08,3.94652801224e-13,4.67106764796e-05,19,1,0.0400363979183,0.999998551888,0.205921142045,0.0100008164014,0.135311314245,0.0100003611861,0.0100045602678,0.0100012508409,0.0100014000185,0.0100001987747,0.0100001917139,0.000674012773667,0.000674012773667,0.000674012773667,0.0100005140777,0.0100028429136,0.0715150793558,0.0654651097158,0.0100452378688,0.0100452378688,0.01000091434,0.0100088442393,0.0100058664666,0.0100083761931,0.0100187588396,0.0303514739759,0.0546419942676,0.0100030336803,0.0100057697206,0.0100083080201,0.0199706811738,0.0146030728171,0.0100161810285,0.010008717178,0.0100071784309,0.0100103574615,0.0100107420885,0.0100127660938,0.0100105327461,0.0100101214426,0.0111165195165,0.0408314536601,0.0326770348532,0.0150117053069,0.0209602738353,0.0114010124228,0.0100684907897,0.0100253422379,0.010009379563,0.0100121745351,48.7603193894,407.898527615,41.4673002603,4.66153402575,133.230788508,11.5396522802,2.43039203336,1.43804075843,4.30958360471,6.45278288277,4.66005992492,0,0,0,1.89858189139,3.30871543706,45.5796758616,38.1932206877,0,0,1.90869608497,0.0977652320251,11.7804212251,2.57036777997,3.12336391826,7.27766464409,10.5398150348,3.93793154368,4.63855296081,0.964911361895,11.1264919434,3.53610591146,0.754202990856,1.71342493078,2.58974754373,1.62418628505,2.37041495324,1.7311186772,2.08181667506,1.97486912092,0.368860904473,4.45877036233,3.07562544998,0.732564505129,1.49571671004,0.509156440956,0.642720707403,0.444081398917,1.62079110163,1.13422486879
refine__sobol__0001387__deviation__m2@@supraspinatus@@0.00,23.30069038,95.97368253,56.78712474,29.38006971,56.62021019,12.28208941,-8.82218351,Supraspinatus,SUPSP,0,1,usable,Converged with independently replayed constrained generalized-force equilibrium and small reserve torques,291.190221,1.11420661024,4.89990092944e-08,1.90397325907e-12,6.28361659492e-05,11,1,0.0525779342678,0.999997654795,0.269528674341,0.00134020797877,0.133608741796,0.0100010835464,0.0100141739431,0.0100037500716,0.0100041645895,0.0100006077042,0.010000587477,0.0100026569474,0.0100019216312,0.0100019262941,0.010001540421,0.0100076481885,0.0715222196849,0.0654753361508,0.0101768406858,0.0101768406858,0.0100027626397,0.0100276457687,0.0100232601318,0.0100332145308,0.0100737537603,0.0302767743384,0.0546466167848,0.0100120673495,0.010022986986,0.0100329816847,0.0199152858165,0.0148148310702,0.0100641320666,0.0100346200055,0.0100285148666,0.0100410992128,0.0100426596059,0.0100506564726,0.0100418089826,0.0100401620619,0.0117297617816,0.0407904185853,0.0326584652236,0.0152229631401,0.0210511999749,0.0119614595489,0.0102625153322,0.0100999425556,0.0100371971907,0.0100482030414,64.0346534918,407.898161695,54.276245541,0,131.554394597,11.5404858286,2.43272746845,1.43840011306,4.31077485248,6.45304675036,4.66024434908,2.62731664091,2.85556180139,1.81546872322,1.89877674192,3.3103049122,45.5842267042,38.1991869258,0,0,1.90904883899,0.097948884039,11.8008996818,2.57674680304,3.14050867174,7.25975319396,10.5407066654,3.9414878619,4.64653467531,0.967290175511,11.0956289001,3.58738276409,0.757813630104,1.71785932028,2.59526917826,1.62917415198,2.37797261079,1.7376695885,2.08832096334,1.98079575146,0.389209098555,4.45428935666,3.07387764068,0.742873792907,1.5022051628,0.534185381677,0.655106237044,0.447385885947,1.625295533,1.13830634254
refine__sobol__0000625__deviation__m2@@pectoralis_major@@0.00,52.04092476,70.77348722,-38.79392995,54.4533119,79.35458519,7.0013277,-41.22452726,Pectoralis major,PECM1;PECM2;PECM3,0,1,usable,Converged with independently replayed constrained generalized-force equilibrium and small reserve torques,290.074438,2.77260836375,2.2888912099e-08,2.50111042988e-12,0.000327204625504,22,2,0.48449664392,0.256497258379,0.0100000726167,0.0100000304927,0.999999903649,0.0100000106872,0.999999780192,0.0100000894226,0.000673991323295,0.000673991323295,0.000673991323295,0.0100000484652,0.0100000357345,0.0100000454796,0.447709544401,0.0100000611139,0.0758675921799,0.0741265964209,0.0100885855075,0.0100452378216,0.142301884017,0.0100005250829,0.0100044591652,0.0100008008097,0.0100452378216,0.0709101446881,0.0100017020846,0.0100014037887,0.0100006771596,0.0100045989082,0.466090053262,0.0830459163086,0.010004302855,0.0100020794027,0.0100042766914,0.010009969256,0.0100035657765,0.0100051044847,0.0100055005012,0.0100163529881,0.0101435845764,0.0174531359709,0.0478348141849,0.0376664285535,0.010011934229,0.0101927954061,0.0114109289832,0.0270361770128,0.0100260781544,0.049578336006,590.055454998,248.168084874,2.0141439695,4.84381416461,986.561865076,13.0246830051,244.041947893,1.43837279581,0,0,0,2.67894217815,2.8893171291,1.82458211984,90.7043964025,2.73320428699,50.9596022595,48.6473638174,0.79084440628,0,54.0958474677,1.07872189565,11.7229347382,2.75948375532,0,17.7881620659,1.92926345859,3.44149579133,4.79766371905,0.70432545481,247.49919649,15.7282247451,0.732008279809,1.7069505304,2.4959208603,1.48459556612,2.30353441596,1.70735378836,2.12478091547,1.92107299911,0.381329327247,1.87097023626,4.50079214387,1.79311262537,0.724436600576,0.481636710355,0.895893424015,1.21800052896,1.11329352297,5.36179619376
refine__sobol__0002303__shoulder_elv__m2@@teres_minor@@0.00,-51.09872368,94.64018644,-31.57957448,101.96551893,-71.62197731,15.62364215,40.07430087,Teres minor,TMIN,0,1,usable,Converged with independently replayed constrained generalized-force equilibrium and small reserve torques,298.078038,1.81133799038,2.26855512153e-08,1.072919531e-12,0.000221613314308,31,1,0.673747287928,0.999999591185,0.0100006654929,0.0100000848231,0.0100000489597,0.010000101798,0.000673968072775,0.0100008361485,0.0100000687023,0.0100000369701,0.0100000488993,0.170806022505,0.0100002873274,0.0100002232443,0.0100003246733,0.489151055607,0.0100050417894,0.0100051183132,0.0100165668546,0.234623591702,0.01000005801,0.0100002012906,0.144385876999,0.0100011879954,0.0100017481854,0.0133547170928,0.0711666619179,0.0100009581411,0.0100452377691,0.0100041533402,0.0100012643652,0.0100057537543,0.0100296741529,0.0100031973493,0.0100017655426,0.0100026334317,0.0100031870323,0.0100037736936,0.0100029043991,0.0100026222266,0.0128367600765,0.0420621865845,0.0310456607898,0.0119024476802,0.0299171513114,0.0101273967799,0.010019906036,0.0100074838827,0.0100020906616,0.0100026124641,259.754278296,306.007374408,1.22327841478,4.99121391853,8.5493946359,12.4141338765,0,1.37124962383,4.05604327537,5.53396696733,4.95086975618,42.1159238593,2.54972380329,1.79105904062,1.22906219077,205.207573826,7.16671552652,7.04644240695,2.74185007788,79.9010431493,5.24906703506,2.39954394347,153.514604427,2.50884041057,3.3277314985,2.45582561644,11.4754894093,3.61397536919,0,0.6144160599,5.53456700227,2.37946094259,0.056962236501,1.358292665,2.52415951636,1.62354534472,2.31977002364,1.69048449032,2.00356223689,1.95593334881,0.258209705402,2.95404500147,1.91386144038,0.421264721563,1.40538543836,0.249967724659,0.510080437352,0.438643857882,2.01026926754,1.16723778778
refine__sobol__0002303__deviation__m5@@teres_major@@0.00,-51.09872368,96.64018644,-31.57957448,101.96551893,-71.62197731,10.62364215,40.07430087,Teres major,TMAJ,0,1,usable,Converged with independently replayed constrained generalized-force equilibrium and small reserve torques,289.942669,2.27438205967,1.14082823188e-08,3.3679725675e-12,0.000281868567444,31,1,0.859929609003,0.999999602272,0.0100004516997,0.01000006188,0.0100000363614,0.0100000857879,0.0100005085253,0.000673967206867,0.0100000523197,0.0100000283148,0.0100000393008,0.352327014996,0.0100002401218,0.0100001875024,0.0100001579877,0.561636438498,0.0100046615396,0.0100047329809,0.0100156566942,0.236887797106,0.0100000435242,0.0100001718703,0.157608984602,0.010001204736,0.0100020887613,0.0317228051129,0.0717748099381,0.0100009043441,0.0100452377657,0.0100043280619,0.0100012661663,0.0100056892123,0.0100291392658,0.0100028235972,0.0100015562115,0.0100023355442,0.0100026188133,0.0100031658679,0.0100024707888,0.0100023103582,0.0121193473677,0.0433986530591,0.0326727211415,0.0136298029228,0.029864420747,0.0103258010941,0.0100258196434,0.0100079485821,0.0100022424293,0.0100027807144,356.44546864,270.541477761,1.32779930297,4.98969842274,8.37508777964,12.4057261919,2.69390767667,0,4.05746185742,5.45719915771,4.93559120586,87.5641392881,2.61914185959,1.79717913971,2.00403621605,226.967760712,7.16644314966,7.04617102371,2.74160093826,80.6721180945,5.24806608756,2.35940813376,167.573736632,2.50884461006,3.30991111035,5.96999447329,11.0341882864,3.55824468507,0,0.551898051838,5.53456799885,2.37944559379,0.0514655693032,1.3427893437,2.51358359625,1.6205586017,2.31758246333,1.68791307065,1.99897035977,1.94760547561,0.229115540358,2.93163172048,1.9635638734,0.479994309688,1.34806431689,0.259132153449,0.543068185143,0.457537126535,2.00329425042,1.16689862703
refine__sobol__0000625__deviation__p5@@subscapularis@@0.00,52.04092476,70.77348722,-38.79392995,54.4533119,79.35458519,14.0013277,-41.22452726,Subscapularis,SUBSC,0,1,usable,Converged with independently replayed constrained generalized-force equilibrium and small reserve torques,355.19413,2.17873507387,2.95347319934e-08,2.50821585723e-12,8.57562064004e-05,22,1,0.381939973327,0.287432574562,0.0100003017176,0.0100001462687,0.999998668252,0.000673954047756,0.749944583768,0.010000359503,0.505744431207,0.0100002069641,0.0100001744829,0.0100002086502,0.0100001613041,0.0100001966401,0.071177544256,0.0100002516794,0.0100182497228,0.0100185034481,0.0100412598965,0.0100452377015,0.0100037953002,0.0100014616744,0.0180366939989,0.0100014085462,0.0341480683336,0.0330688885019,0.0100030752734,0.0100020106056,0.0100012250535,0.010006702793,0.339022212785,0.0556235022803,0.0100065008759,0.0100032360377,0.0100053382283,0.0100106724311,0.01000536024,0.0100072235924,0.0100071094869,0.0100135584177,0.0102104777382,0.0231428393021,0.0338799129226,0.0234072507646,0.0100207399315,0.0101306674617,0.0114016283333,0.0134289636598,0.0100268461125,0.0237358116957,465.154439296,278.098845991,2.01419011338,4.84387024406,986.560646287,0,183.017977268,1.43841164309,223.139491855,6.44190211857,4.59053595764,2.67898509058,2.88935341001,1.8246097002,14.4203228858,2.73325637228,6.72917126447,6.57488412625,0.787134550119,0,3.8029277575,1.07882292218,21.1348742748,2.7596514458,11.5171395285,8.33570337288,1.92650509321,3.32758009613,4.7969182918,0.682458894434,180.024706965,10.5346413636,0.745478825774,1.71012483689,2.48872593244,1.46975223979,2.33131009667,1.71579732793,2.12500092125,1.90534096849,0.397051014772,2.45027034724,3.17789183637,1.11632990723,0.725497045562,0.478073716192,0.871381306007,0.568764636316,1.04757071437,2.39174756021
refine__sobol__0000625__shoulder_rot__p2@@teres_minor@@0.00,52.04092476,70.77348722,-36.79392995,54.4533119,79.35458519,9.0013277,-41.22452726,Teres minor,TMIN,0,1,usable,Converged with independently replayed constrained generalized-force equilibrium and small reserve torques,460.861111,1.81072315263,4.61858888912e-08,5.36782246524e-12,0.000221257311643,24,1,0.302328356985,0.234495763989,0.0100001154844,0.0100000494636,0.999999914638,0.0100000165331,0.000673967875465,0.010000128195,0.594322612628,0.0100000611302,0.0100000550763,0.0100000708431,0.0100000537939,0.0100000676927,0.158195586526,0.0100000918633,0.081252305573,0.0793876402779,0.0100949836242,0.0100452377673,0.150405652845,0.0100005764158,0.0100041903395,0.0100007773269,0.0100452377673,0.0698378082186,0.0100016423239,0.0100013639968,0.0100006532792,0.0100045375584,0.476168886024,0.085097352608,0.0100041393927,0.0100020061882,0.0100040625571,0.010009402592,0.0100034034125,0.0100048618209,0.0100051754032,0.0100147329914,0.0101330557375,0.0179415152043,0.0475796772831,0.0381174631854,0.0100113975301,0.0101734416357,0.0150837187367,0.0292303056098,0.0100293453192,0.0551540481032,368.258759376,226.456199597,2.01416357724,4.83871520708,990.516888434,13.0430861008,0,1.43843994757,261.854254328,6.43272186299,4.5846735559,2.67738830923,2.88715174061,1.82352428128,32.0358266443,2.74302931976,54.5764674442,52.1000505308,0.791345954839,0,57.2083718782,1.09074901334,11.7226197361,2.7594772758,0,17.5541311262,1.92929747309,3.40810080776,4.79804473675,0.698710011076,252.851172987,16.1167501859,0.736808030365,1.70803412239,2.49375369925,1.48015392419,2.31240105038,1.70991526744,2.12468329188,1.91630279185,0.385280909455,1.91673529096,4.47400415327,1.81601801911,0.724682341085,0.480618306259,1.17662064957,1.29873327427,1.0979839093,5.85627574128
refine__sobol__0002303__elbow_flexion__p5@@latissimus_dorsi@@0.00,-51.09872368,96.64018644,-31.57957448,106.96551893,-71.62197731,15.62364215,40.07430087,Latissimus dorsi,LAT1;LAT2;LAT3,0,0,reserve_too_high,The posture requires more reserve torque than the quality limit permits,276.936473,148.854760435,1.99861283079e-08,8.8797065334e-07,0.187598519763,30,2,,,,,,,,,,,,,,,,,,,,,,,,,,,,,,,,,,,,,,,,,,,,,,,,,,,,,,,,,,,,,,,,,,,,,,,,,,,,,,,,,,,,,,,,,,,,,,,,,,,,
refine__sobol__0001711__deviation__m5@@biceps@@0.00,-47.18759087,105.74907316,38.18360911,69.37030409,-34.16103981,12.0506441,27.62312899,Biceps,BIClong;BICshort,0,0,solver_failed,The static optimization solver did not converge,1417.667188,,9.30807964039e-09,,,0,0,,,,,,,,,,,,,,,,,,,,,,,,,,,,,,,,,,,,,,,,,,,,,,,,,,,,,,,,,,,,,,,,,,,,,,,,,,,,,,,,,,,,,,,,,,,,,,,,,,,,
refine__sobol__0000673__deviation__m5@@pectoralis_major@@0.00,31.65029976,97.68754972,55.54200755,18.3986244,74.97958519,8.78648395,40.80672274,Pectoralis major,PECM1;PECM2;PECM3,0,1,usable,Converged with independently replayed constrained generalized-force equilibrium and small reserve torques,342.629977,1.04948480065,5.03644201899e-08,8.68121836394e-13,3.32112329641e-05,25,0,0.0549738354344,0.962222423892,0.108891577922,0.0100015848167,0.106615920575,0.0100006506202,0.0100022927218,0.0100019066084,0.000673960487984,0.000673960487984,0.000673960487984,0.0100013635997,0.0100009815789,0.0100009784863,0.0100006917885,0.0100028841811,0.101497128456,0.0831960843132,0.0100452377664,0.0100452377664,0.0100010623607,0.0100226517629,0.010004252534,0.0100059709447,0.0184690867159,0.0741536615709,0.089182164693,0.0100006500876,0.010000983058,0.0100021148611,0.200721576992,0.0461579203365,0.0100035027562,0.010001573345,0.0100011908139,0.0100018406132,0.0100016606122,0.0100021030052,0.0100017374152,0.0100018051766,0.0206915462554,0.099597282064,0.0778532101766,0.042989635975,0.0456187841099,0.0233233683192,0.0116382314294,0.0100135541588,0.0100025294491,0.0100039184237,66.7242575113,392.568751823,21.9330770831,4.45443436464,111.614323811,11.5080076451,2.58089580806,1.43877172825,0,0,0,2.64702687221,2.88585068147,1.82725172534,2.02913729154,3.59484159481,60.1637048977,40.422389146,0,0,1.80245461991,0.0293630255396,11.7649997647,2.41200789064,4.30705231693,10.3521096805,16.3474945176,4.00838673392,3.97938770331,0.948613865782,111.834904358,9.09596428838,0.688941359639,1.6181783847,2.42134971634,1.56717381386,2.2645535222,1.64849711269,1.93948816272,1.8839365582,0.442393849783,7.93770586178,5.20701236963,1.62899199218,2.47021423297,0.563489602653,0.50928873992,0.459744585239,1.99142707189,1.16483033469
refine__sobol__0002303__deviation__p2@@subscapularis@@0.00,-51.09872368,96.64018644,-31.57957448,101.96551893,-71.62197731,17.62364215,40.07430087,Subscapularis,SUBSC,0,1,usable,Converged with independently replayed constrained generalized-force equilibrium and small reserve torques,288.475951,2.19951703726,2.88460419995e-08,1.34410328234e-12,0.000277289791477,31,1,0.836409399112,0.999999586123,0.0100004559221,0.0100000620625,0.0100000365144,0.000673978197006,0.0100005120073,0.0100007843832,0.0100000534275,0.0100000290176,0.0100000402632,0.367996809863,0.0100002463284,0.0100001917301,0.0100001607986,0.524185376663,0.0100050119764,0.0100050881058,0.0100164969202,0.235045667172,0.0100000441436,0.0100001748329,0.145350289625,0.0100011875514,0.0100013081617,0.0100113139777,0.0775338708176,0.0100010573945,0.0100452378067,0.0100043241757,0.0100012629578,0.0100057278707,0.0100320615857,0.0100041379016,0.0100021389227,0.0100031084332,0.0100047669252,0.0100052701354,0.0100038569178,0.0100030917903,0.0135448654629,0.0366228672563,0.0261821141083,0.0101149052879,0.0304464533387,0.0100486744855,0.0100128699721,0.0100060015505,0.0100017629314,0.0100021110273,346.696214549,270.541473392,1.32779986357,4.98969851377,8.3750879069,0,2.69390861463,1.37780575332,4.05746230672,5.45719954101,4.93559168079,91.4585670258,2.61914348512,1.79717989949,2.00403677967,211.833088068,7.16669417123,7.04642113239,2.74183093465,80.0447809118,5.24806641261,2.35940883282,154.539991575,2.50884029916,3.33386010168,1.82849510086,12.7129916071,3.63291146941,0,0.643070475344,5.53456622343,2.37945478717,0.0619682926461,1.36801134803,2.52896245586,1.62430509766,2.32146074106,1.69206025923,2.00591258649,1.95934478879,0.279365362216,2.61685973301,1.63369736757,0.359693968359,1.45281056315,0.247477648132,0.497794397716,0.42701062452,2.01030643155,1.16689695674
refine__sobol__0000625__flexion__p2@@infraspinatus@@0.00,52.04092476,70.77348722,-38.79392995,54.4533119,79.35458519,9.0013277,-39.22452726,Infraspinatus,INFSP,0,0,solver_failed,The static optimization solver did not converge,1129.43194,,2.70600395424e-08,,,0,0,,,,,,,,,,,,,,,,,,,,,,,,,,,,,,,,,,,,,,,,,,,,,,,,,,,,,,,,,,,,,,,,,,,,,,,,,,,,,,,,,,,,,,,,,,,,,,,,,,,,
refine__sobol__0004077__shoulder_rot__p2@@middle_deltoid@@0.00,90.14151069,110.66850675,-36.97703542,118.91376112,35.64364769,18.44346637,45.17195712,Middle deltoid,DELT2,0,0,solver_failed,The static optimization solver did not converge,667.136929,,3.54023903526e-08,,,0,0,,,,,,,,,,,,,,,,,,,,,,,,,,,,,,,,,,,,,,,,,,,,,,,,,,,,,,,,,,,,,,,,,,,,,,,,,,,,,,,,,,,,,,,,,,,,,,,,,,,,
refine__sobol__0001262__shoulder_elv__p2@@supraspinatus@@0.00,44.74600288,62.17290128,-58.93553151,17.95428846,-63.69228981,12.84654254,-53.58780851,Supraspinatus,SUPSP,0,1,usable,Converged with independently replayed constrained generalized-force equilibrium and small reserve torques,337.422551,5.73592380075,1.37843585435e-08,8.39690983412e-08,0.00160045711011,14,3,0.0100000236796,0.50508406802,0.0100000057607,0.000674104929693,0.195205243895,0.01,0.999999947433,0.0100000125811,0.999999981687,0.0100000440165,0.0100000131114,0.0100000034252,0.0100000006712,0.0100000032449,0.99999990361,0.01,0.428932655503,0.350373694799,0.0100452378127,0.0100003379467,0.933453961546,0.0100002870065,0.0100010729151,0.272122767106,0.0100452378127,0.390625085261,0.0859452284461,0.356524484376,0.0102300259296,0.0532125782904,0.758243930989,0.429868304894,0.0658737426375,0.200127443188,0.163133925427,0.0932641896774,0.0470779871574,0.0533227128454,0.10211687188,0.0720512441472,0.0285931927243,0.0816742756945,0.105736522341,0.0660605038173,0.0410694814802,0.0340576093293,0.0201196389861,0.0208990294622,0.0100065827529,0.0101044216338,9.66060555885,500.224975179,2.00389977811,0,178.988599961,12.0907602551,210.238672927,1.4385653959,443.875930235,6.50053581241,4.60349590468,2.66939780474,2.86164962535,1.80970607987,203.366697428,4.78063781499,252.91744695,168.757492836,0,3.4708537577,424.965767744,1.4375259695,11.7597671976,66.1922959118,0,95.3836087405,15.866191294,63.5222135518,4.42910695168,1.37040823575,152.54543869,105.582597021,3.14159316065,26.6991205567,32.7909210604,10.8923016364,9.71300743472,8.22789557521,21.6308555082,11.3823251324,1.12179135621,7.95928117713,9.29569275479,2.95424036132,2.89470447308,1.56668867046,1.77109533663,0.885930333191,0.845159209843,0.987281843613
refine__sobol__0000463__elbow_flexion__m2@@pectoralis_major@@0.00,-42.35360649,88.16606534,77.66114818,10.43182752,74.51083519,-8.80628949,-44.15421476,Pectoralis major,PECM1;PECM2;PECM3,0,1,usable,Converged with independently replayed constrained generalized-force equilibrium and small reserve torques,349.251134,3.07362041961,2.43951054912e-07,1.60582658282e-12,0.000222778913685,22,1,0.0100004934118,0.750745931381,0.0100009401791,0.999999623231,0.0100001105451,0.0100000177129,0.010045237647,0.0100002571829,0.000673944707562,0.000673944707562,0.000673944707562,0.0100001633626,0.010000223624,0.0100001197032,0.0100002931445,0.155536634542,0.225196238995,0.175177181877,0.010045237647,0.010045237647,0.737415672954,0.010045237647,0.0100018451696,0.0100034660045,0.010045237647,0.627880201251,0.010000454355,0.308986154406,0.0100003219693,0.0100158939898,0.443704094576,0.105097287497,0.0100050451935,0.0100024537958,0.174712263044,0.186175461821,0.0100023631952,0.0100073949038,0.0949802338688,0.273661459289,0.0100049591791,0.0100014347368,0.0100193317451,0.0266361106774,0.010002937909,0.0532165973685,0.0100029435933,0.0498993527265,0.010004689717,0.0690120496003,2.13663793229,524.675743636,1.6592957398,183.566993184,1.63693370002,12.124560794,0,1.35196565184,0,0,0,2.32955853077,0.569383411128,1.78008080418,1.15831056097,102.666599951,118.801849704,71.887516585,0,0,36.1654571627,0,11.7097830244,2.35497271057,0,155.364103876,1.91615446163,85.327502109,3.06931851726,0.52038041229,247.219547962,20.8095551213,0.496710010752,1.43332639394,43.7803141918,28.2216286322,2.19924301377,1.67537686328,20.1714336484,53.3276423495,0.385534419313,1.0607876893,0.917825247072,1.21599036261,0.724189357954,2.50315522339,0.774728879504,2.29503759924,1.05854830882,7.93459776995
refine__sobol__0000673__elv_angle__p2@@brachialis@@0.00,33.65029976,97.68754972,55.54200755,18.3986244,74.97958519,13.78648395,40.80672274,Brachialis,BRA,0,1,usable,Converged with independently replayed constrained generalized-force equilibrium and small reserve torques,342.308408,1.02845123199,2.24014655714e-08,6.76791955811e-13,3.20377191433e-05,27,0,0.0491716540804,0.953992333656,0.101261792609,0.0100020084949,0.122608300205,0.0100007696776,0.0100022361742,0.0100020075678,0.0100027970103,0.0100003238524,0.0100003188328,0.0100014371991,0.0100010383805,0.0100010324622,0.0100007088279,0.0100027428185,0.0908782634098,0.0744923099129,0.0100452378196,0.0100452378196,0.0100010385476,0.0100149159407,0.000674146841632,0.0100062921911,0.0196779531668,0.0713162524643,0.0851708935007,0.010000693868,0.0100011017579,0.010002278732,0.197603364586,0.0447922197078,0.0100037526952,0.0100016958631,0.0100013079805,0.0100020262877,0.0100018143796,0.010002295504,0.010001900765,0.0100020041039,0.0205583122351,0.097914519467,0.0749056902763,0.0416508439144,0.0440049787157,0.0227271084106,0.0117045312473,0.0100172436411,0.010002931955,0.0100048881935,59.3210226929,397.403625835,20.3961623826,4.38735452855,129.326859657,11.4960892291,2.58882576602,1.43880819591,4.22115597088,6.36303160305,4.60744406857,2.65024907585,2.89040630532,1.82896913476,2.05265378016,3.54468526369,53.869238536,36.193495962,0,0,1.90143094831,0.0619667611999,0,2.41208532954,4.42123468161,9.60248770902,16.0942888144,4.03082033383,3.62313313822,0.955717222075,110.09754761,8.82683682103,0.689285135365,1.61979350696,2.43144956574,1.57390297069,2.26608961623,1.65063683857,1.94409364167,1.89265902809,0.463622728872,8.04380344734,5.11231106451,1.58022322027,2.46647859021,0.536312357996,0.472427069601,0.448521032222,2.00943076547,1.1675092576
refine__sobol__0001262__elv_angle__p2@@subscapularis@@0.00,46.74600288,60.17290128,-58.93553151,17.95428846,-63.69228981,12.84654254,-53.58780851,Subscapularis,SUBSC,0,0,reserve_too_high,The posture requires more reserve torque than the quality limit permits,279.610335,261.829140631,4.91192579943e-08,1.73131011749e-06,0.234680226556,14,4,,,,,,,,,,,,,,,,,,,,,,,,,,,,,,,,,,,,,,,,,,,,,,,,,,,,,,,,,,,,,,,,,,,,,,,,,,,,,,,,,,,,,,,,,,,,,,,,,,,,
refine__sobol__0001262__pro_sup__p2@@biceps@@0.00,44.74600288,60.17290128,-58.93553151,17.95428846,-61.69228981,12.84654254,-53.58780851,Biceps,BIClong;BICshort,0,1,usable,Converged with independently replayed constrained generalized-force equilibrium and small reserve torques,308.827768,3.97086122635,3.93248544839e-08,6.06092953603e-12,0.000700594924174,17,3,0.10241586389,0.741922691266,0.010000026366,0.0100000130306,0.585104940763,0.0100000051456,0.999999814021,0.0100000422433,0.999999943658,0.0100001389213,0.0100000436665,0.0100000210624,0.0100000148031,0.0100000207098,0.999999668881,0.0100000082616,0.0100018711271,0.0100022717247,0.0100452390319,0.0247286897949,0.000674197616674,0.000674197616674,0.221270594459,0.0493608115413,0.0100452390319,0.0453878093229,0.0100025969086,0.063268665423,0.0100023570905,0.0102296312105,0.0160747552056,0.0100264704311,0.0100339425726,0.0100358842066,0.010206485808,0.0123067849865,0.0100097213194,0.0100152976175,0.0100222533581,0.0160703853952,0.0100136523778,0.0100063748985,0.0100101390866,0.0100313857431,0.0100082161623,0.0100237446717,0.0101457544262,0.0224439741701,0.0205221581047,0.0506917557181,97.8716745533,738.4661462,2.00249524363,4.77390086258,535.842323201,12.0249813379,208.048882318,1.43857376369,443.873483451,6.48460095119,4.58398547023,2.66500491222,2.85228683751,1.80500510347,202.601904807,4.86431544265,5.89754050791,4.8175942568,0,8.61937211472,0,0,260.181152626,12.0215500889,0,11.0801893142,1.8455651443,11.4296105021,4.35171733043,0.270696898304,3.34392191504,2.48395499107,0.483514000318,1.34700832384,2.05856983086,1.44181774913,2.06913436122,1.54829570922,2.12338019575,2.54409943522,0.39288180564,0.975221112816,0.880090934741,0.448638238509,0.705389799943,0.461125404508,0.893017481927,0.951422053199,1.73330809985,4.95298512597
refine__sobol__0002303__shoulder_elv__p5@@infraspinatus@@0.00,-51.09872368,101.64018644,-31.57957448,101.96551893,-71.62197731,15.62364215,40.07430087,Infraspinatus,INFSP,0,1,usable,Converged with independently replayed constrained generalized-force equilibrium and small reserve torques,288.265458,2.8499714208,3.31284439881e-08,9.80548975349e-13,0.000314476984827,14,1,0.977467855872,0.999985850519,0.0100029898523,0.0100005742947,0.00199940915556,0.010000707198,0.0100060439991,0.0100078626285,0.0100004908765,0.0100003137354,0.0100004326852,0.55550426052,0.0100022504507,0.0100018002322,0.0100050979434,0.697617331199,0.0100388178836,0.0100394151533,0.0101317506368,0.237023266906,0.0100004365302,0.010001801627,0.168143226503,0.0100109151535,0.0100159066288,0.0168819112232,0.0760449296234,0.0100082368803,0.0103855318572,0.0100354970061,0.0100113379563,0.0100501101942,0.0102544390138,0.0100272409539,0.0100148531253,0.0100221410991,0.0100265666942,0.0100315294306,0.0100243044192,0.0100220071143,0.0143765798786,0.0453221485801,0.0335998596464,0.013917882106,0.0318080641809,0.0110668469291,0.0101744616374,0.0100640852811,0.0100177510625,0.0100222656298,481.1328038,187.248809867,1.58373638857,4.97515155404,0,12.3917414006,2.69527677712,1.39534657174,4.08661319556,5.27489913613,4.86663820636,140.255088533,2.74402139488,1.81293991266,0.653546143341,254.292534017,7.19090969424,7.07059711477,2.77337950985,80.7182523295,5.24479756399,2.26701363159,178.774000889,2.51128050924,3.33244222465,3.10444839469,12.2621008372,3.61660563571,0,0.616341065761,5.54014159422,2.39000931511,0.058238759518,1.36155744646,2.52746244795,1.62671166916,2.32519183963,1.69517478468,2.00784861922,1.95972390973,0.289182974072,3.18299350043,2.07131928129,0.492597227797,1.4942127934,0.273155541042,0.517948354323,0.4411247867,2.01341677176,1.16953118041
refine__sobol__0000447__shoulder_elv__m2@@teres_major@@0.00,-52.19735649,123.74419034,83.52052318,119.07245252,-41.73916481,5.13902301,37.40828524,Teres major,TMAJ,0,1,usable,Converged with independently replayed constrained generalized-force equilibrium and small reserve torques,313.256343,0.412405711338,1.73189889097e-08,1.01607611214e-12,0.000252851661613,19,0,0.293112854092,0.0100004908344,0.0100003728761,0.0100002933413,0.0100000476179,0.0100002595466,0.0100003769915,0.00085023383198,0.0100000967525,0.010000224206,0.0100006952989,0.0100014154728,0.101182708165,0.386566266565,0.0100010236767,0.0100050680566,0.174335574457,0.174191825654,0.044188487042,0.0100049209166,0.2557741866,0.0100020951764,0.0100026100402,0.010032568307,0.0100037447765,0.0100097732615,0.105746186493,0.0100163488272,0.0100718164834,0.0100619640033,0.135884146787,0.0606918003265,0.0100718164834,0.0109868531422,0.0100319643463,0.0100260986725,0.0269902125731,0.0129534827575,0.01013048355,0.010018056736,0.0102948474363,0.019490124457,0.011283553864,0.010057184739,0.0164594310595,0.0100447027837,0.0100182969315,0.0100122099014,0.0100052239503,0.0100049244003,208.03227528,2.15749558214,1.61400984718,3.46060310986,10.6911732553,12.3666182337,2.31383573608,0,4.12718775723,3.47290222668,3.19121729114,2.64177021539,30.2056494492,72.6745447679,1.58728802863,0.141604654848,125.065824424,124.859601868,12.5141314569,3.634791082,111.519504972,2.39137223668,8.90709390049,1.0110337508,3.03347090708,1.86502598567,15.8919546763,2.33239263122,0,0.107720158068,73.1852563657,16.4968806567,0,1.01283651914,2.50142001996,1.61515348951,6.24261714194,2.18000818408,2.01638586971,1.93893435085,0.201936954073,1.39554316068,0.705607408895,0.378235899397,0.729856846957,0.270024004576,0.578602115092,0.460520352505,1.98887559649,1.15685865086
refine__sobol__0002761__elbow_flexion__p5@@biceps@@0.00,69.66299507,114.79448331,76.3794099,94.90497205,32.59677269,20.57969684,-39.26163663,Biceps,BIClong;BICshort,0,1,usable,Converged with independently replayed constrained generalized-force equilibrium and small reserve torques,309.562484,1.22215788036,5.93708975316e-08,7.61168905683e-13,7.60891164137e-05,21,0,0.15309639046,0.340821636262,0.244459096918,0.0100020060097,0.0100003158916,0.0100003249719,0.980330721281,0.0100012639739,0.0100003458373,0.0100001258056,0.0100001712575,0.0100007332331,0.0100005794793,0.0100006682823,0.0100009638333,0.0100452380004,0.125747447777,0.123226317646,0.0261540790227,0.0100452380004,0.000674004760186,0.000674004760186,0.0100019075716,0.0744808026348,0.0100452380004,0.114641339168,0.0687284968155,0.0418190593619,0.0100106453004,0.0197842032443,0.0100004533866,0.0100011646287,0.0142391931234,0.015068552903,0.0100051184448,0.0100068364131,0.0100074200788,0.010009287303,0.0100061257206,0.0100058154198,0.0100161609016,0.0100088911114,0.0100106075029,0.0100160922864,0.0113840475534,0.0100717946493,0.026766753641,0.010053330787,0.0100374792215,0.0100590814285,117.387999547,152.587830525,46.269983745,1.98950885969,9.98333353249,11.4352837395,261.392853945,1.42349713007,3.99959940565,6.36614819113,4.6465482677,2.71736902482,3.01656120685,1.87948335677,2.08000014787,0,89.4989053445,85.9459221715,6.98806042679,0,0,0,10.8453662381,17.9306389368,0,28.8897413025,13.0712326949,17.057458747,4.21406760899,1.99755392458,5.08198895522,2.64167690972,1.00016389769,2.50224553865,2.49462948607,1.45264761542,2.35158479306,1.72303284505,2.12462771763,1.87572654771,0.393943716049,1.05005833945,0.936740369451,0.477506330723,0.824199890143,0.474743999284,2.03810482254,0.395343616185,0.995523353742,0.94290671401
refine__sobol__0003073__elv_angle__m5@@middle_deltoid@@0.00,34.69229194,81.85014738,-55.82273854,85.01727674,19.23739769,-6.67860394,5.44539462,Middle deltoid,DELT2,0,1,usable,Converged with independently replayed constrained generalized-force equilibrium and small reserve torques,344.098878,2.0724876353,7.67842021077e-08,1.86227274819e-12,8.2158123818e-05,25,0,0.384961875815,0.000673919149366,0.010000466723,0.0100002343992,0.869065597024,0.0100002027191,0.48847530771,0.0100004055465,0.0578941877922,0.0100001495857,0.0100001472078,0.0100002437491,0.0100001894925,0.0100002319867,0.0100009041146,0.0100005316176,0.472283437497,0.462382498525,0.0939343621882,0.0100452381747,0.427009287371,0.010000314917,0.0100005271976,0.0100006214021,0.0100018124411,0.0393204491612,0.0257661672804,0.0100011785922,0.0100011913043,0.0100032868752,0.442886565996,0.293209123575,0.0100053359749,0.0100028331394,0.0100064704385,0.0100115344677,0.0100073831138,0.0100094056549,0.0100102351804,0.0100113330141,0.0158806491052,0.0745108190592,0.0632265608136,0.0350708263128,0.0173901331613,0.0155129923536,0.0100282196885,0.0100231571388,0.0100054781998,0.0100092136157,417.939318932,0,1.980579805,4.55496685495,795.253171991,13.0325186978,116.115217689,1.43538202023,25.6994132719,6.57108085806,4.84759313313,2.69772900533,2.92177122201,1.84649469667,2.07877606977,1.39625131645,331.789542079,318.024090857,24.2169564016,0,215.497246725,2.09762169434,11.0970274598,2.54740765266,3.15426739651,9.90825442095,3.74103522742,3.77161571209,4.28471745115,0.92736058647,235.465202308,79.8446589384,0.663849281691,1.60108201301,2.58536158869,1.62681234402,2.36960847069,1.73035087401,2.06145615391,1.9747919329,0.361677723071,6.95267930604,5.1668609971,1.68597350582,0.876146189743,0.636337161699,0.718100661543,0.460900111149,1.99465089094,1.16505240846
refine__sobol__0000447__deviation__p5@@coracobrachialis@@0.00,-52.19735649,125.74419034,83.52052318,119.07245252,-41.73916481,10.13902301,37.40828524,Coracobrachialis,CORB,0,1,usable,Converged with independently replayed constrained generalized-force equilibrium and small reserve torques,306.264831,0.565059449459,3.78872755391e-08,8.73967564985e-13,0.000325423622696,21,0,0.306378794426,0.0100002377217,0.0100001818476,0.0100001317622,0.0100000183539,0.010000107465,0.0100001862494,0.0100009919715,0.0100000428463,0.0100001019197,0.0100003067636,0.010000732935,0.14988127935,0.492379364056,0.000673212251565,0.0100061028901,0.196782125773,0.196619754422,0.0498665503424,0.0100028354507,0.287623160684,0.0100011305688,0.0100014543966,0.0100168391394,0.0100021698683,0.0100063449279,0.109368356749,0.0100094285926,0.0100452383934,0.0100347818301,0.145566136103,0.0664045410406,0.0100452383934,0.0111902804629,0.0100221207477,0.0100171838035,0.0306929173648,0.0156058901319,0.0102335369559,0.0100118764697,0.010384229907,0.0227801749161,0.0142130762415,0.0100415533907,0.0183379857213,0.0100286113966,0.0100110639003,0.0100069988878,0.0100025871999,0.010002737623,230.250555939,1.95151385344,1.68721238453,3.53259488236,10.7204315781,12.3694011953,2.32781937493,1.43839896421,4.11626943573,3.34147446133,3.1720657908,2.64914659241,44.930569686,92.5793440815,0,0.0560488331701,141.168656301,140.935799738,14.1221528063,3.63403343165,123.30688084,2.38136505618,8.90606482693,1.00944864128,3.0617325589,1.80140002459,17.4154407502,2.50071708555,0,0.150178419359,78.3998372192,18.0496835285,0,1.02876557965,2.50672891464,1.61847971601,7.09740560282,2.62755846936,2.03962492283,1.94506251154,0.215328086786,1.67962586478,0.902813176958,0.375478503611,0.849731986805,0.261662035006,0.542014419836,0.458024726742,2.00802143099,1.16701146813
refine__sobol__0001387__shoulder_rot__p2@@teres_major@@0.00,23.30069038,95.97368253,58.78712474,29.38006971,56.62021019,14.28208941,-8.82218351,Teres major,TMAJ,0,1,usable,Converged with independently replayed constrained generalized-force equilibrium and small reserve torques,369.446187,1.1076803776,2.67058766212e-08,8.83475189069e-13,6.03335332956e-05,21,1,0.0481516969212,0.999999365924,0.260196094011,0.010000582263,0.128442497593,0.0100002721575,0.0100046906184,0.000673860004521,0.0100010570485,0.0100001519131,0.0100001464979,0.0100006825587,0.0100004927405,0.010000495311,0.0100003974962,0.0100020804723,0.0743238567099,0.0680361629798,0.0100452377903,0.0100452377903,0.0100007195182,0.010007409942,0.0100056721328,0.0100081430765,0.0100184164527,0.0291349800298,0.052443537619,0.0100031529471,0.0100058398234,0.0100085825999,0.0198866704849,0.0148940806201,0.0100164120884,0.0100088854388,0.0100074689988,0.0100107531076,0.0100111592025,0.0100132352716,0.0100109582378,0.0100105315751,0.0110177630676,0.0397856912911,0.0318190504115,0.0146771297657,0.0204180417681,0.0112284725055,0.0100675639078,0.0100264349989,0.0100099869118,0.0100130202022,58.6412890861,412.024583161,52.3988616011,4.67931101048,125.29768182,11.5450789935,2.01323072007,0,4.31131237706,6.45216717331,4.65763436407,2.62534238057,2.85359150942,1.81448679081,1.89860527253,3.28073400643,47.3698320438,39.6932075558,0,0,1.89629047601,0.0945240537059,11.7801924261,2.57030791068,3.08299538218,6.93843081106,10.1127359943,3.91093258719,4.61321384963,0.9579805197,11.0796861162,3.60657288996,0.75421084497,1.71343581988,2.58982347405,1.62391946369,2.37051321474,1.73119704775,2.08168357004,1.97492793913,0.371805515747,4.34455732897,2.99710715788,0.716237991856,1.46541188254,0.502426558592,0.631280817639,0.434674931178,1.58569002091,1.11197277
refine__sobol__0001369__pro_sup__p2@@teres_major@@0.00,54.23819038,98.00493253,-15.86912526,47.66131971,-3.87978981,3.89146441,-10.69718351,Teres major,TMAJ,0,1,usable,Converged with independently replayed constrained generalized-force equilibrium and small reserve torques,361.226888,3.31379873539,1.02519663869e-08,2.84001656953e-12,0.000164063844809,19,1,0.472681757112,0.0100002977539,0.0100001899711,0.0100000535808,0.953424179064,0.0100000344035,0.99999900239,0.000674158575405,0.0100006352191,0.0100000792061,0.0100001071176,0.0100001447833,0.0100001039227,0.0100001332716,0.581119828301,0.0100002415028,0.363976006665,0.354830810843,0.0101176762293,0.0100009871335,0.522678398854,0.0100009279687,0.0100011680018,0.0100018288719,0.0264567932424,0.0489856959769,0.0100392553379,0.0100036812171,0.0100016314255,0.0100080829101,0.491254443637,0.241373908494,0.0100102260741,0.010006284171,0.0161745810521,0.0189123792511,0.0100160163487,0.010025222622,0.0101267174437,0.0184562845115,0.0138135809704,0.0601552991519,0.0100452376987,0.0333151474738,0.0123747810365,0.0149542032749,0.0100696715591,0.0101627696508,0.0100103015148,0.010154967118,550.674446522,6.16690625091,2.01382771656,4.68070893503,968.996126913,13.0045670062,257.77721301,0,4.35918881809,6.56922685853,4.81485259834,2.71742653853,2.97820437851,1.87451154423,120.878462362,2.06907489692,241.667449874,229.675806469,0.209728420656,3.72546090876,274.412943212,1.36135680734,11.7671744106,2.75981851995,8.92387636067,12.3681096859,1.93398286765,4.08021905173,4.62175965911,1.0099226829,263.387029494,68.6639146502,0.748834026209,1.70976851864,4.18490564981,3.03670029867,2.37047878411,1.73313526396,2.13046407783,3.63697803603,0.422176610554,6.56684017816,0,1.6257682939,0.82713661778,0.682152303135,0.753861641507,0.466922288291,1.70341491017,1.18382866254
refine__sobol__0000603__shoulder_rot__m2@@biceps@@0.00,9.85342476,113.42973722,-43.13767995,109.2970619,6.85458519,23.7669527,39.40047274,Biceps,BIClong;BICshort,0,1,usable,Converged with independently replayed constrained generalized-force equilibrium and small reserve torques,343.67726,4.08500398711,2.32227481689e-07,3.21165316564e-12,0.00103179480077,27,2,0.0100000689373,0.254337363717,0.999999782811,0.373571888756,0.438315429794,0.207579914927,0.0100002617553,0.0100004755313,0.923740075718,0.0100000302415,0.0100000256632,0.0100007464535,0.0100002498997,0.0100001599616,0.0100000952165,0.465879209039,0.0706503571235,0.0700342370774,0.0164860686643,0.0100452377493,0.000673962629616,0.000673962629616,0.0100033551577,0.0100003130889,0.0100000540265,0.0100003715349,0.999999570636,0.0100002278815,0.0100452377493,0.0100017051463,0.0100000249174,0.0100000734214,0.0100452377493,0.294440889873,0.0100002554194,0.010000298236,0.342795632707,0.0336932293421,0.0100009232646,0.0100002791752,0.143633263422,0.0310088051689,0.0100518607063,0.0100017171711,0.574670981683,0.0100020359615,0.0100007386993,0.0100002837007,0.0100000750951,0.0100000875042,12.1299186387,2.38752483685,192.721011032,10.0001414067,429.145821946,266.938377167,2.58331931878,1.42517635786,409.946862957,6.18425724345,4.96915836326,2.71451338731,2.9829830767,1.87893013566,1.27469713575,30.5350298288,50.6786000755,49.7984337816,4.625395634,0,0,0,10.2965932116,1.25445899045,3.15694565049,1.60338021133,177.269560101,2.6056132274,0,0.238164437168,5.09230644264,2.79810606261,0,25.7383499857,2.48080981734,1.60672990856,78.4692458721,5.62308335421,1.97545253835,1.9353170494,3.32944923509,2.4630969693,0.667099031463,0.372009358304,28.7990328808,0.246571001603,0.408588639112,0.389996218183,2.00721598425,1.14911416515
refine__sobol__0000447__shoulder_rot__p2@@teres_major@@0.00,-52.19735649,125.74419034,85.52052318,119.07245252,-41.73916481,5.13902301,37.40828524,Teres major,TMAJ,0,1,usable,Converged with independently replayed constrained generalized-force equilibrium and small reserve torques,344.327906,0.458069509756,2.3359689294e-08,6.53699316899e-13,0.000267689654686,20,0,0.274294816063,0.0100002563646,0.0100002247011,0.0100001569902,0.010000024294,0.0100001524952,0.0100002277355,0.000674099421561,0.0100000534956,0.0100001136152,0.0100003858844,0.0100009381313,0.126996538716,0.406294149059,0.0100011429667,0.0100065484843,0.193803170022,0.193643311398,0.0491118952938,0.0100028484291,0.285608837786,0.0100012277648,0.0100014761695,0.0100177192085,0.0100023113356,0.0100062830283,0.107309769215,0.0100100909413,0.0100452380618,0.0100386105403,0.145992038327,0.0661711755172,0.0100452380618,0.0104097914234,0.0100196167575,0.0100161952585,0.0260216032606,0.0122174895715,0.0100739779489,0.0100111386105,0.0102051082526,0.0204069928461,0.0118085120931,0.010037424313,0.0166766297944,0.0100286429648,0.0100114962747,0.0100076535106,0.0100032429931,0.0100030736309,207.06820991,2.14980536055,1.67882253526,3.63037682622,10.7421790264,12.3970988444,2.29329770878,0,4.13480573937,3.32954362754,3.17651240547,2.65094200596,38.0945083385,76.3944409437,1.56927783502,0.061742904558,139.031596449,138.802304153,13.9084353176,3.6340381467,120.324564824,2.38008044254,8.90608421634,1.00953733087,3.03303623972,1.8643756841,16.1269360662,2.33093543042,0,0.107470143929,78.6292220614,17.9862515135,0,0.959639378246,2.49834121071,1.61355809996,6.01858566847,2.05614410845,2.00513891447,1.93759538954,0.200176689323,1.46119330158,0.738435223787,0.377492738963,0.739488041692,0.269592280933,0.57820934639,0.460310777327,1.98848181455,1.15664464841
refine__sobol__0000447__shoulder_elv__m5@@latissimus_dorsi@@0.00,-52.19735649,120.74419034,83.52052318,119.07245252,-41.73916481,5.13902301,37.40828524,Latissimus dorsi,LAT1;LAT2;LAT3,0,1,usable,Converged with independently replayed constrained generalized-force equilibrium and small reserve torques,299.146187,0.294089575548,3.37220882329e-08,3.62165991872e-13,0.000257181074477,19,0,0.203874777618,0.0100003081013,0.0100002229078,0.0100001783682,0.0100000236418,0.0100002362237,0.0100002072457,0.0100010987495,0.010000054442,0.0100001437087,0.0100004926567,0.000673962158916,0.000673962158916,0.000673962158916,0.340100632973,0.0100013728672,0.153886768336,0.15375980982,0.0390027394512,0.01000336723,0.229687792603,0.0100013851898,0.0100018459323,0.0100252064732,0.0100023948701,0.010005980636,0.10426346035,0.0100105238132,0.0100452377963,0.0100394729892,0.126610309237,0.0552512212813,0.0100452377963,0.0116392268461,0.0100207362369,0.0100166653121,0.0280852865862,0.0136427062137,0.010096132089,0.0100115794141,0.0101832103673,0.0185266664696,0.0106165999665,0.0100346250907,0.0161682480031,0.0100275667197,0.0100114786493,0.0100076766228,0.0100033128015,0.0100031045755,132.191699824,2.49949060625,1.48083359664,3.3539043305,10.6083620618,12.3631990566,2.29150478776,1.43871248264,4.14609129676,3.67086967739,3.21940853737,0,0,0,69.9681922543,0.31237406748,110.396146109,110.214061797,11.0455333809,3.63422662722,102.256413331,2.40939667158,8.90641348355,1.01029186221,3.03306157038,1.864319342,15.6691247333,2.33103622743,0,0.107479376726,68.1905002124,15.0180551368,0,1.07297638877,2.49862034718,1.61363382315,6.49589887465,2.2960011416,2.00954850599,1.93768070434,0.19974715476,1.32655708475,0.663900016245,0.377387464266,0.716944982206,0.269563348993,0.57820832839,0.460311840393,1.98849569123,1.15664822646
refine__sobol__0001262__deviation__p5@@teres_major@@0.00,44.74600288,60.17290128,-58.93553151,17.95428846,-63.69228981,17.84654254,-53.58780851,Teres major,TMAJ,0,1,usable,Converged with independently replayed constrained generalized-force equilibrium and small reserve torques,370.924607,3.62214892305,3.42121637686e-08,3.06954461848e-12,0.00030471216788,12,2,0.0190156766359,0.677993569599,0.0100000731922,0.0100000429743,0.311492261652,0.0100000248722,0.99999898888,0.000674086221404,0.999999819005,0.0100002672006,0.0100001032901,0.0100000602112,0.0100000461351,0.0100000592828,0.93224544549,0.0100000317394,0.0404302827287,0.0330328969207,0.010045238145,0.0100011535422,0.262707013565,0.0100012054719,0.0100093394867,0.100527228083,0.010045238145,0.121479410579,0.0100134991036,0.122021914371,0.0100103524151,0.0181951136773,0.23413630387,0.125873798708,0.0210307021801,0.0638375483474,0.051435049487,0.0308349140492,0.0101185788161,0.0119056320031,0.0279056396141,0.0250601877391,0.0100489380957,0.0100830239281,0.0175649213315,0.0159118520183,0.0100364918165,0.0101218677429,0.0115000765315,0.0128300965004,0.0100263566639,0.0185679268151,18.1719515376,674.834864041,2.00250462056,4.77391515747,285.266326638,12.0250050592,208.048710658,0,443.873428121,6.48468413402,4.5840128015,2.66501534541,2.85229577431,1.80501206591,188.874765543,4.86432686383,23.8394623411,15.9102950611,0,3.47113682944,118.342720841,1.47842873176,11.7694874505,24.4526692835,0,29.7720268574,1.81361007374,20.8059866148,4.61115083609,0.438923490608,47.1041359285,30.9166375224,1.04384200501,8.66399328462,10.3056534733,3.56591623351,2.12544166081,1.85968134237,5.91435791024,3.92696354561,0.390918014119,0.959755538153,1.53694706205,0.712344760214,0.699552103702,0.463739026432,1.01000067727,0.515673592755,0.796382820207,1.71701797402
refine__sobol__0003073__shoulder_elv__p2@@pectoralis_major@@0.00,39.69229194,83.85014738,-55.82273854,85.01727674,19.23739769,-6.67860394,5.44539462,Pectoralis major,PECM1;PECM2;PECM3,0,0,solver_failed,The static optimization solver did not converge,1067.677949,,7.12553189786e-08,,,0,0,,,,,,,,,,,,,,,,,,,,,,,,,,,,,,,,,,,,,,,,,,,,,,,,,,,,,,,,,,,,,,,,,,,,,,,,,,,,,,,,,,,,,,,,,,,,,,,,,,,,
refine__sobol__0000447__pro_sup__p2@@infraspinatus@@0.00,-52.19735649,125.74419034,83.52052318,119.07245252,-39.73916481,5.13902301,37.40828524,Infraspinatus,INFSP,0,1,usable,Converged with independently replayed constrained generalized-force equilibrium and small reserve torques,336.685101,0.317482588007,2.47488856076e-08,6.11066752754e-13,0.000216928773161,20,0,0.233035408038,0.0100003435094,0.0100002861162,0.0100002210162,0.0006730758347,0.0100001418803,0.0100003088593,0.0100013747076,0.0100000707895,0.01000015647,0.0100004703769,0.0100009581126,0.0435537283742,0.29016786399,0.0100010697337,0.0100087518306,0.181887975368,0.181737907217,0.0460948758832,0.0100029401838,0.26038155501,0.0100013711764,0.0100015701436,0.0100184025227,0.0100023169963,0.0100061616177,0.105636784634,0.010010233499,0.010045237586,0.0100393762811,0.142404515969,0.0654877839341,0.010045237586,0.0104681132605,0.0100206732363,0.0100167329814,0.0270929148856,0.0129836144806,0.0100885832497,0.0100114969458,0.0101973733514,0.0197625433901,0.0113256551867,0.0100364871463,0.0163889086428,0.0100282646874,0.0100114775732,0.010007675355,0.0100032737151,0.0100030906406,175.131351224,1.95153449549,1.68722997673,3.53262641065,0,12.3694437641,2.32784791616,1.43845401148,4.11628093754,3.34149268895,3.17211768833,2.64920624088,13.0562925289,54.5586441732,1.57753321986,0.0560636710904,130.483807811,130.268585533,13.0540187028,3.65004572588,112.327278233,2.3713438079,8.90616789836,0.969063232545,3.02740740296,1.85956402755,15.9026615846,2.28529170491,0,0.0950956970893,76.45968082,17.7852213093,0,0.950278234322,2.49677993285,1.61272054211,6.26349353569,2.18405271473,2.00697467616,1.93666518926,0.200154524654,1.41672091341,0.708576206711,0.377590967325,0.726534301987,0.26944287305,0.576784914111,0.460311782079,1.9884879216,1.15664661522
refine__sobol__0000625__elv_angle__m2@@brachialis@@0.00,50.04092476,70.77348722,-38.79392995,54.4533119,79.35458519,9.0013277,-41.22452726,Brachialis,BRA,0,1,usable,Converged with independently replayed constrained generalized-force equilibrium and small reserve torques,353.94212,1.16629636427,2.55986947195e-08,5.708431407e-13,4.09907905987e-05,24,0,0.367695552503,0.200010701677,0.0100007765631,0.0100003899884,0.837825963571,0.0100001770375,0.357286712914,0.0100008498526,0.113450960779,0.0100004340017,0.0100003911523,0.0100004995804,0.0100003941365,0.0100004809531,0.0100529272954,0.0100005392206,0.010002121933,0.0100021696138,0.0100194967951,0.0100452377377,0.0401953927159,0.0100030363598,0.000673965106959,0.010004498929,0.0100452377377,0.0817967517821,0.0100022718557,0.010003398788,0.0100011330075,0.0100087669661,0.362178889038,0.0466245052891,0.0100076104982,0.0100038914722,0.0100055764794,0.0100118661365,0.0100046188213,0.0100065427954,0.0100068304419,0.0100158855066,0.0100611474947,0.0101201365106,0.0289618695059,0.0250008366487,0.0100135981208,0.0101686464668,0.013652924671,0.0205355261826,0.0100241939771,0.036925759133,447.719587691,192.009182222,2.01417089655,4.80965404441,825.51923959,13.0398924531,87.3390046071,1.43854159939,50.1208921675,6.45576216707,4.6026917141,2.67744615071,2.8863072038,1.82330663406,2.04552918948,2.76604655077,6.71833836834,6.56416465423,0.785428540759,0,15.4282608722,1.04491389148,0,2.76050416362,0,20.560079749,1.92941890855,3.40879419033,4.79827489749,0.699005389923,192.321169258,8.8303041309,0.737063678359,1.70835607074,2.49413108081,1.48051822413,2.31268200598,1.71020256015,2.12503475328,1.91652332372,0.382546801027,1.08115856315,2.7233376066,1.19110680649,0.724841632455,0.480391770731,1.06501011957,0.912415063796,1.09741995508,3.92078976743
refine__sobol__0000673__flexion__m5@@coracobrachialis@@0.00,31.65029976,97.68754972,55.54200755,18.3986244,74.97958519,13.78648395,35.80672274,Coracobrachialis,CORB,0,1,usable,Converged with independently replayed constrained generalized-force equilibrium and small reserve torques,373.717125,1.08515436396,2.52711913618e-08,1.71240799318e-12,3.39870238903e-05,27,0,0.0480211122471,0.985034345928,0.113499104555,0.0100015604349,0.115886386476,0.0100006337371,0.0100022659332,0.0100018622358,0.0100024586441,0.0100002989604,0.0100002934708,0.0100013301077,0.0100009584262,0.0100009551077,0.000673965772972,0.010002825231,0.0998549026315,0.081850025921,0.0100452378089,0.0100452378089,0.0100010529405,0.010022485325,0.0100043159654,0.010006140819,0.0153275501373,0.0669769560879,0.0735507046848,0.0100007712733,0.0100011033359,0.010002452817,0.191388475157,0.0442338198942,0.0100041022389,0.0100018763608,0.0100014974055,0.0100023297942,0.0100020666673,0.0100026226122,0.0100021879092,0.0100023241924,0.0193391345123,0.0926402135289,0.0704898077474,0.0394485935815,0.0402376814212,0.0222940775507,0.0121757993044,0.010020705798,0.0100036697952,0.0100061039129,58.2854194927,401.875588684,22.861130829,4.45442350521,121.31941081,11.5079882179,2.58088889577,1.43876534527,4.2371438919,6.38143171,4.61967206463,2.64701800813,2.88584400084,1.82724745402,0,3.59482040667,59.1902548246,39.7683812797,0,0,1.80245292231,0.0293625376304,11.7650743601,2.41204884032,3.52465707339,9.59288979837,14.0266503667,4.0657575821,4.00662284886,0.969482666167,106.634832862,8.71679753171,0.700578955534,1.63650176096,2.45606461471,1.5876205196,2.28421835839,1.66385748341,1.96134197159,1.90864599447,0.456300661361,8.01739211309,5.02262191621,1.5630951641,2.33513830722,0.572888806642,0.514768021303,0.447844186196,2.01067826192,1.16765394594
refine__sobol__0002303__deviation__m5@@subscapularis@@0.00,-51.09872368,96.64018644,-31.57957448,101.96551893,-71.62197731,10.62364215,40.07430087,Subscapularis,SUBSC,0,1,usable,Converged with independently replayed constrained generalized-force equilibrium and small reserve torques,301.015768,2.1937527258,7.04248748207e-08,7.31859017833e-13,0.000276116044679,31,1,0.833409052383,0.999999582818,0.0100004580873,0.0100000624276,0.0100000367481,0.000674157369627,0.0100005145029,0.0100007869534,0.0100000536917,0.010000029179,0.0100000404676,0.365186357946,0.0100002472876,0.0100001925256,0.0100001615192,0.523561529713,0.0100050007239,0.0100050767041,0.0100164704462,0.236891154766,0.0100000444029,0.0100001756895,0.145717168402,0.0100011766794,0.0100020456815,0.0317739992213,0.0718394677925,0.0100009015533,0.0100452377829,0.01000431547,0.0100012524321,0.010005689694,0.0100290878207,0.010002813915,0.0100015578766,0.0100023379064,0.0100026224878,0.0100031699583,0.010002473796,0.0100023127321,0.0120957839413,0.0433093939567,0.0326138142607,0.0135803286035,0.0298445530832,0.0103208586602,0.0100257733564,0.0100079472834,0.0100022431581,0.0100027808839,345.452554796,270.541472379,1.32780015148,4.989698696,8.37508810555,0,2.69390928691,1.37780610747,4.0574624146,5.45719962975,4.93559178174,90.7600829743,2.61914373664,1.79718004248,2.00403692473,211.580979839,7.16668611091,7.04641310233,2.74182368783,80.6732615603,5.24806654869,2.35940903469,154.930066089,2.50883757177,3.30989685407,5.97962882152,11.0441283577,3.55824369087,0,0.551897356085,5.53456039904,2.37944570898,0.0514653047953,1.34278804314,2.51358401454,1.62055898435,2.31758331462,1.68791376079,1.99897096066,1.94760593773,0.228670075079,2.92560215879,1.96002368963,0.478251995992,1.34716750045,0.259008120095,0.54306567807,0.457537067211,2.00329439621,1.16689864679
refine__sobol__0000447__elbow_flexion__m5@@latissimus_dorsi@@0.00,-52.19735649,125.74419034,83.52052318,114.07245252,-41.73916481,5.13902301,37.40828524,Latissimus dorsi,LAT1;LAT2;LAT3,0,0,reserve_too_high,The posture requires more reserve torque than the quality limit permits,257.116522,385.537611606,1.45870160395e-08,8.71112616541e-07,0.320768173369,23,0,,,,,,,,,,,,,,,,,,,,,,,,,,,,,,,,,,,,,,,,,,,,,,,,,,,,,,,,,,,,,,,,,,,,,,,,,,,,,,,,,,,,,,,,,,,,,,,,,,,,
refine__sobol__0000673__elv_angle__m2@@posterior_deltoid@@0.00,29.65029976,97.68754972,55.54200755,18.3986244,74.97958519,13.78648395,40.80672274,Posterior deltoid,DELT3,0,0,reserve_too_high,The posture requires more reserve torque than the quality limit permits,302.173406,543.996330318,2.92672837077e-08,1.85316327439e-06,0.425189179285,29,1,,,,,,,,,,,,,,,,,,,,,,,,,,,,,,,,,,,,,,,,,,,,,,,,,,,,,,,,,,,,,,,,,,,,,,,,,,,,,,,,,,,,,,,,,,,,,,,,,,,,
refine__sobol__0000603__shoulder_elv__p5@@supraspinatus@@0.00,9.85342476,118.42973722,-41.13767995,109.2970619,6.85458519,23.7669527,39.40047274,Supraspinatus,SUPSP,0,0,reserve_too_high,The posture requires more reserve torque than the quality limit permits,297.223468,60.526622693,2.33323515175e-07,1.49395971505e-06,0.095319826516,27,3,,,,,,,,,,,,,,,,,,,,,,,,,,,,,,,,,,,,,,,,,,,,,,,,,,,,,,,,,,,,,,,,,,,,,,,,,,,,,,,,,,,,,,,,,,,,,,,,,,,,
refine__sobol__0001387__elbow_flexion__m2@@brachioradialis@@0.00,23.30069038,95.97368253,56.78712474,27.38006971,56.62021019,14.28208941,-8.82218351,Brachioradialis,BRD,0,1,usable,Converged with independently replayed constrained generalized-force equilibrium and small reserve torques,335.417583,1.15972977644,4.07492990462e-08,8.95283847058e-13,8.43679363868e-05,21,1,0.0650841670359,0.999999677881,0.351599818547,0.0100004217223,0.10914002623,0.0100001956591,0.0100027975373,0.0100007055465,0.0100007765218,0.0100001067089,0.0100001030381,0.0100004993633,0.0100003566248,0.0100003571128,0.0100002827623,0.0100012854844,0.0702719193674,0.0630320847898,0.0100452377017,0.0100452377017,0.0100005336908,0.0100068125199,0.0100059845471,0.000674131732848,0.0100220581197,0.0310048332331,0.0523386796891,0.0100031946498,0.0100057072298,0.0100086351662,0.0176069437226,0.013699989886,0.0100164206988,0.010008886127,0.0100073284235,0.0100105707082,0.0100108613178,0.0100129412702,0.0100107192513,0.0100103408776,0.0110600201416,0.0399744157075,0.0320828326316,0.0148544137395,0.0205146263876,0.0114291105936,0.0100716813031,0.0100267352118,0.0100099656046,0.0100131668313,79.2659913697,407.898986272,70.8032944184,4.66135005985,107.461906157,11.5394612753,2.42996381567,1.43796235269,4.30931494122,6.45272347626,4.66001860266,2.6267499258,2.85511499003,1.81518389817,1.89853797571,3.40501746196,44.4632867975,35.7724948918,0,0,1.85916359939,0.075514945511,11.7800855262,0,3.0471941764,7.35045202943,10.0904273323,3.87518088221,4.62189935352,0.950275805785,9.81005981285,3.31742612131,0.754224868546,1.71347173054,2.58978709469,1.62388987527,2.3704426795,1.73114621759,2.08163387513,1.97489031736,0.375795733245,4.36513001404,3.02342947217,0.724890421953,1.47498526952,0.511404262892,0.631538996579,0.434687946163,1.5856866447,1.11198905321
refine__sobol__0001262__shoulder_elv__p5@@brachialis@@0.00,44.74600288,65.17290128,-58.93553151,17.95428846,-63.69228981,12.84654254,-53.58780851,Brachialis,BRA,0,0,reserve_too_high,The posture requires more reserve torque than the quality limit permits,318.64632,1352.77827878,6.704205191e-08,1.75480411713e-06,0.499999999364,14,5,,,,,,,,,,,,,,,,,,,,,,,,,,,,,,,,,,,,,,,,,,,,,,,,,,,,,,,,,,,,,,,,,,,,,,,,,,,,,,,,,,,,,,,,,,,,,,,,,,,,
refine__sobol__0000625__elbow_flexion__m2@@brachioradialis@@0.00,52.04092476,70.77348722,-38.79392995,52.4533119,79.35458519,9.0013277,-41.22452726,Brachioradialis,BRD,0,1,usable,Converged with independently replayed constrained generalized-force equilibrium and small reserve torques,333.46628,2.33650633967,3.73220743199e-08,2.09870285787e-12,9.35070170525e-05,23,1,0.376873289067,0.297610483291,0.0100002756004,0.0100001328678,0.999999053907,0.0100000641159,0.824346764264,0.0100003285598,0.548086102854,0.0100001889125,0.0100001592967,0.010000190224,0.0100001468609,0.0100001793012,0.0803810021327,0.0100002210657,0.0100087327645,0.0100089011649,0.0100373067206,0.0100452377936,0.0100122237758,0.0100015285207,0.0485910841779,0.000673968033016,0.0100452377936,0.0815335667605,0.0100022191651,0.010002488457,0.0100009310747,0.0100072713977,0.316555034027,0.0498702712735,0.0100063212968,0.0100031374485,0.0100053059844,0.0100114896207,0.0100043230391,0.0100061594506,0.0100064683329,0.0100156547763,0.0100668516168,0.0103924677281,0.033519206333,0.0278741033128,0.0100141615683,0.0101849180872,0.0147247949297,0.0226110026966,0.0100245453233,0.0410934496823,458.983860565,287.946249947,2.01418485304,4.84386375286,986.561026781,13.0247525945,201.175234321,1.43840719235,241.821060078,6.44189049011,4.59052898641,2.67898015432,2.88934923688,1.82460653656,16.2849114387,2.82185093905,6.70050197028,6.54377191019,0.615231637337,0,3.71646926136,1.03134567451,57.0442817732,0,0,20.5022356862,1.92940473184,3.35789748722,4.79813115552,0.686367133772,168.734620618,9.44502595149,0.730130804345,1.70614899692,2.49406365332,1.4804625463,2.31261363244,1.71013704325,2.12495785638,1.91647917383,0.383572377296,1.10921939084,3.15021749119,1.32718499873,0.724927519651,0.48116048194,1.14862243717,1.00463067206,1.0974584194,4.36331657956
refine__sobol__0001369__deviation__p2@@latissimus_dorsi@@0.00,54.23819038,98.00493253,-15.86912526,47.66131971,-5.87978981,5.89146441,-10.69718351,Latissimus dorsi,LAT1;LAT2;LAT3,0,1,usable,Converged with independently replayed constrained generalized-force equilibrium and small reserve torques,435.874021,3.14907120116,5.95974558593e-09,2.40163444687e-12,0.000156009768075,17,1,0.464933946608,0.0100003230164,0.0100002001916,0.0100000569426,0.927214308475,0.0100000367669,0.999998814041,0.0100002811389,0.0100006611025,0.0100000826405,0.0100001113833,0.000673928846971,0.000673928846971,0.000673928846971,0.536158470496,0.0100002531191,0.350707140249,0.341895320763,0.0101112902492,0.0100010154606,0.503985008234,0.0100009304344,0.0100012113738,0.010001995978,0.0290793197917,0.047712006653,0.0100501320215,0.0100041105421,0.0100017195947,0.0100087839629,0.475168850836,0.232640864594,0.0100108507735,0.0100067785461,0.0178464958128,0.0192741516608,0.0100170537423,0.0100267768796,0.0101487871002,0.0183247158306,0.013217785873,0.0573446905803,0.0100452376758,0.0318247780879,0.0120118384821,0.0145635506855,0.0100837757453,0.0102266780233,0.0100118887266,0.0109906919668,541.64824401,6.16692183019,2.01382977475,4.6807105085,942.358179572,13.0045700796,257.777164461,1.41485872592,4.35920010037,6.56922911467,4.81485465209,0,0,0,111.526071457,2.06907730067,232.857382588,221.30288894,0.209596046356,3.75887373026,264.61987848,1.38277021571,11.7672254412,2.75981335487,9.80837013086,12.0458572625,1.93818262542,4.07995487382,4.59260254378,1.0095457797,251.900708694,66.2141933238,0.747838535345,1.7093253921,4.61721053442,3.08869205118,2.37092792102,1.73342142237,2.13558485794,3.60986830718,0.410575890717,6.26111299287,0,1.55303870752,0.814561784399,0.663820634764,0.746520554303,0.468804956628,1.68224548049,1.27888772351
refine__sobol__0003073__elbow_flexion__p2@@anterior_deltoid@@0.00,39.69229194,81.85014738,-55.82273854,87.01727674,19.23739769,-6.67860394,5.44539462,Anterior deltoid,DELT1,0,1,usable,Converged with independently replayed constrained generalized-force equilibrium and small reserve torques,308.045179,4.15594373205,7.60427818491e-08,4.391154107e-12,0.000267934323636,22,1,0.000673981530989,0.41945965005,0.0100000792052,0.0100000299128,0.010000904925,0.010000019495,0.999999696608,0.0100001076243,0.784696945274,0.0100000722415,0.0100000753518,0.0100000585438,0.0100000438387,0.0100000586005,0.496772593598,0.0100001511854,0.718518991295,0.703534017323,0.144001883813,0.0100452378523,0.64502476972,0.0100002068978,0.0100003424567,0.010000405967,0.0100011197668,0.0227090804514,0.0109142819879,0.0100009622881,0.0100009027221,0.0100026924135,0.670282383162,0.446998561716,0.0100042194475,0.0100022670766,0.0100137249825,0.0100408237641,0.0100106002188,0.0100137638553,0.0100246517121,0.0100474099712,0.0189866326299,0.0876144863201,0.0760300021576,0.0430086896999,0.0155731046826,0.0157571946991,0.0100188350566,0.010024441255,0.0100052998483,0.0100095025798,0,331.573444359,1.99999907341,4.65598473326,9.29495643368,12.9837818398,235.972561079,1.43267337481,348.324206664,6.57080707646,4.81934719803,2.70125234169,2.93072916506,1.85030778715,103.336049336,1.13873587594,506.15725625,485.265162163,37.4151613664,0,324.004923333,2.2545917849,11.0477070527,2.52594238788,3.13491284196,5.7211385115,1.57750300984,3.75695957019,4.25121007973,0.922823424402,354.659884028,121.72352371,0.654921581558,1.59636166744,2.58723593781,1.63157167328,2.37037023619,1.73110428696,2.06442501996,1.98190831627,0.432804404963,8.17329906973,6.20917850748,2.0676520359,0.782389231339,0.646354250749,0.717428646846,0.460959159341,1.99461533564,1.16508604329
refine__sobol__0000463__deviation__p5@@brachioradialis@@0.00,-42.35360649,88.16606534,77.66114818,12.43182752,74.51083519,-3.80628949,-44.15421476,Brachioradialis,BRD,0,1,usable,Converged with independently replayed constrained generalized-force equilibrium and small reserve torques,404.092176,1.26098597199,7.62455982795e-08,3.97036807458e-13,6.78515570936e-05,15,0,0.0100015584177,0.368398664261,0.0100028170802,0.674331900824,0.0100003607989,0.0100000783572,0.0100452378941,0.0100007815543,0.737876662793,0.0100001221366,0.010000160314,0.0100005113404,0.010000688266,0.0100003779662,0.0100008705179,0.096681668211,0.108757055462,0.0856333363434,0.0100452378941,0.0100452378941,0.240660662608,0.0100452378941,0.0100037699832,0.000673928634015,0.0100452378941,0.035081137586,0.0100026052393,0.010016791248,0.0100017256482,0.0100227159273,0.173303943545,0.0425272338831,0.0100143381436,0.0100071870158,0.0141795793604,0.0218494662222,0.0100107897289,0.0100192873044,0.0101023655275,0.0362385920944,0.0100240857034,0.0100105747212,0.0100594543183,0.0101920211745,0.010012412103,0.0100474134288,0.0100188763056,0.0147908649751,0.0100551909632,0.0305769413536,2.13686546602,257.463724011,1.65960714324,123.785126114,1.63697466076,12.124634323,0,1.35203654308,287.549832664,5.92180053254,4.97254531439,2.32963959219,0.569409867538,1.78012677649,1.15837743681,62.9363813026,59.2816087774,36.7518435748,0,0,12.651404953,0,11.7314823102,0,0,8.76687588357,1.9292221598,2.68199610632,3.53160552759,0.517871113189,96.5613896583,8.42051054238,0.517163936582,1.45897530696,3.52908864135,3.26748823021,2.22628273238,1.68294181941,2.14554158799,7.00440118337,0.391423994917,1.05189108465,0.921804741559,0.467349003681,0.724894098903,0.4737506277,0.796714092245,0.679938041995,1.08723953808,3.48660889558
refine__sobol__0002303__shoulder_rot__m5@@teres_minor@@0.00,-51.09872368,96.64018644,-36.57957448,101.96551893,-71.62197731,15.62364215,40.07430087,Teres minor,TMIN,0,1,usable,Converged with independently replayed constrained generalized-force equilibrium and small reserve torques,292.765544,2.33525175083,2.07643147121e-08,1.39976918945e-12,0.000244103477743,31,1,0.879303847445,0.99999935397,0.0100005318887,0.0100000745686,0.0100000434387,0.0100000869647,0.00067394593915,0.0100008656593,0.0100000633971,0.0100000349761,0.0100000478876,0.270706795635,0.0100002828634,0.0100002202476,0.0100002437607,0.621609851319,0.0100042020416,0.0100042671942,0.01001450183,0.238538626976,0.0100000534471,0.0100002035966,0.176773561445,0.0100012411544,0.0100018759407,0.020222910909,0.073388868965,0.0100009244222,0.0100452377778,0.0100040164764,0.0100012787056,0.0100056623058,0.0100291157754,0.0100030405392,0.0100016634287,0.0100024901898,0.0100029420407,0.0100035079775,0.0100027118993,0.0100024784724,0.0134135689929,0.0452548581465,0.0335579188209,0.0134378968917,0.0312961770409,0.0101917537386,0.0100211895086,0.0100075249571,0.0100020599289,0.0100026017125,370.674535347,258.585900005,1.29983972117,4.9918648787,8.82163268817,12.5080563679,0,1.38101308219,4.04476613669,5.41580327573,4.92255560891,67.6393453548,2.64057473205,1.79942974594,1.55057807637,256.910508653,7.16611400643,7.04584297764,2.74128481555,81.2343080611,5.24959149815,2.35122264571,187.949984601,2.50885374575,3.32777400461,3.71883150388,11.833816086,3.61396318449,0,0.614407654358,5.53457493799,2.37943919526,0.0569590653245,1.35827137249,2.52413374574,1.62352209487,2.31971320932,1.69043958838,2.00352367957,1.95590523882,0.269812139319,3.17826766416,2.06873376886,0.475609054933,1.47016642839,0.251556204203,0.510145774715,0.438645658226,2.01026309073,1.16723653314
refine__sobol__0001262__pro_sup__m2@@triceps@@0.00,44.74600288,60.17290128,-58.93553151,17.95428846,-65.69228981,12.84654254,-53.58780851,Triceps,TRIlong;TRIlat;TRImed,0,1,usable,Converged with independently replayed constrained generalized-force equilibrium and small reserve torques,365.366585,3.47260475341,1.97651104372e-08,4.5758952183e-12,0.000293141305401,12,2,0.0151136116556,0.688606834384,0.0100000764335,0.0100000450693,0.305720131583,0.010000026254,0.99999884592,0.0100001122567,0.999999807787,0.010000272429,0.0100001067483,0.0100000628536,0.0100000482552,0.0100000618761,0.888406667557,0.000673989608451,0.000673989608451,0.000673989608451,0.0100452377584,0.0100012827465,0.191582920782,0.0100011472471,0.010002453952,0.0611599377446,0.0100452377584,0.0958482997022,0.0107256455079,0.0954708405757,0.0100105896986,0.0145192544677,0.182593634317,0.109444144901,0.0154052075203,0.0480662169876,0.0482419653076,0.0284486997658,0.0107769018627,0.0137609367085,0.0286241672227,0.0234440323989,0.0100848279546,0.0148468086084,0.0236369979663,0.0171768514132,0.0101109898652,0.010119147513,0.0101054886166,0.010324229907,0.0100224419696,0.0109171167869,14.4430210846,685.398682635,2.00250526959,4.77391615742,279.980178175,12.0250067222,208.048680958,1.43858383559,443.873423141,6.48468752451,4.58401438687,2.6650160496,2.85229637904,1.805012534,179.992942696,0,0,0,0,3.45593185757,86.5944367076,1.48668644546,11.7613910906,14.8574249713,0,23.410629066,1.98114201089,16.7728883463,4.3127352601,0.363619252978,35.4964397745,26.6557600196,0.727005905966,6.37364197867,9.66454671154,3.31238003855,2.2192935018,2.11946254586,6.06205376858,3.69603219065,0.395639161591,1.4467371801,2.07788960358,0.768103780241,0.712678781567,0.465471356643,0.889650858085,0.437654220186,0.846498684541,1.06668858245
refine__sobol__0001369__shoulder_elv__p5@@pectoralis_major@@0.00,54.23819038,103.00493253,-15.86912526,47.66131971,-5.87978981,3.89146441,-10.69718351,Pectoralis major,PECM1;PECM2;PECM3,0,1,usable,Converged with independently replayed constrained generalized-force equilibrium and small reserve torques,393.318612,0.260009607414,4.42664429556e-08,1.27917974973e-12,9.63376081802e-06,11,0,0.196330861703,0.314364814513,0.0249094925672,0.0668201892493,0.302473032411,0.0100591579513,0.038614898592,0.010005153743,0.000673957580545,0.000673957580545,0.000673957580545,0.0100029704399,0.0100025388205,0.0100027638398,0.0100026436822,0.0100063124748,0.038183699591,0.0372252490741,0.0100483828707,0.0100060516846,0.0840356166713,0.0100033397095,0.0100091868708,0.0100151054656,0.0338352601996,0.0409570259672,0.0229033854067,0.0100049462759,0.0100045568207,0.0100112674795,0.0768448791249,0.0349090907175,0.0100190339904,0.0100114157939,0.0100104126617,0.0100153805001,0.010011962527,0.0100149856949,0.0100136874021,0.0100147976952,0.0101301585753,0.0292614960829,0.0100452377943,0.0135888802149,0.0114780543366,0.0104177739194,0.0100938907461,0.0100371222787,0.0100115573959,0.0100202617639,224.707079057,171.185148265,5.01613335454,31.1339625036,306.484076965,13.055563228,9.95850190616,1.39648817363,0,0,0,2.72646746521,2.99813569199,1.87916122177,2.0806400672,1.90399645233,25.3526527515,24.0952556563,0.208292044328,3.7607665909,44.1270679132,1.28083769889,11.7766092516,2.76343060675,11.4126332653,10.3410520513,4.4123016788,4.08065586187,4.62450790858,1.01009245981,40.7376861457,9.9358179637,0.749809636918,1.71097298838,2.58990358598,1.60637957732,2.36938528152,1.73133888097,2.1076147167,1.97320804879,0.309740428338,3.19436147086,0,0.663132905261,0.76762831441,0.475343768936,0.757697037863,0.461149495984,1.70362861881,1.16812520853
refine__sobol__0000463__flexion__p2@@latissimus_dorsi@@0.00,-42.35360649,88.16606534,77.66114818,12.43182752,74.51083519,-8.80628949,-42.15421476,Latissimus dorsi,LAT1;LAT2;LAT3,0,1,usable,Converged with independently replayed constrained generalized-force equilibrium and small reserve torques,412.152443,2.07575299286,2.45130067356e-07,1.82254211722e-12,6.96721481184e-05,21,0,0.0100017626453,0.36596709314,0.0100021676046,0.676757351909,0.0100003710096,0.0100000790455,0.0100452383814,0.0100007680684,0.723441119315,0.0100001251984,0.0100001653151,0.0006739541529,0.0006739541529,0.0006739541529,0.0100009020138,0.0983478076057,0.234059511394,0.184290157774,0.0100452383814,0.0100452383814,0.206813866058,0.0100452383814,0.0100018282214,0.0100035419107,0.0100452383814,0.633164459027,0.0100004634583,0.317118973843,0.010000312736,0.0100153607505,0.401147549483,0.0970536260936,0.0100049389745,0.0100023867673,0.163919711447,0.177624396839,0.0100023483928,0.0100070903292,0.0866208314773,0.259859090766,0.0100053124012,0.0100015075745,0.0100365243772,0.0338683702224,0.010002995537,0.0523097957223,0.01000316956,0.0501881260552,0.0100044632026,0.0690205481797,2.13690911063,255.76436551,1.65949938433,124.230358959,1.6369763426,12.1246351563,0,1.35203471999,281.924315117,5.92180234753,4.97254780118,0,0,0,1.15838108487,64.0209796371,127.581832136,79.0930652226,0,0,10.8720965947,0,11.7292051945,2.36884962782,0,157.070853514,1.9095748165,90.4820204318,3.21337736337,0.545548059645,223.511156433,19.2168878035,0.511369568554,1.45847565441,41.3436130484,27.1279775127,2.21729692138,1.68450672861,18.3950272472,50.7716104128,0.380574556943,1.06653762144,0.924034511264,1.5545712839,0.724088634749,2.4672031453,0.773481783494,2.30840382496,1.09693339611,7.96526752439
refine__sobol__0002303__shoulder_rot__p2@@teres_minor@@0.00,-51.09872368,96.64018644,-29.57957448,101.96551893,-71.62197731,15.62364215,40.07430087,Teres minor,TMIN,0,1,usable,Converged with independently replayed constrained generalized-force equilibrium and small reserve torques,312.155962,2.26888527176,2.34467663063e-08,1.68398628375e-12,0.000301464141424,31,1,0.857938296703,0.999999666375,0.0100004216689,0.0100000574859,0.0100000338766,0.0100000838589,0.000673967112137,0.010000708996,0.0100000481988,0.0100000257427,0.0100000359723,0.3763498932,0.0100002221045,0.0100001741485,0.0100001411609,0.547512896266,0.0100048006682,0.010004873982,0.010015994329,0.233972304439,0.0100000399379,0.0100001597426,0.152528308942,0.0100012117472,0.0100017523629,0.0120676982554,0.0721536432315,0.0100009612712,0.010045237772,0.0100041653557,0.0100012778765,0.0100057474437,0.0100297892515,0.0100032244267,0.0100017675504,0.0100026341676,0.0100032057577,0.0100037904344,0.0100029134154,0.0100026213782,0.0129374580407,0.0421986697303,0.0311097233464,0.011837210898,0.0300940752258,0.0101226700529,0.010019515457,0.0100073897021,0.0100020684213,0.0100025801035,353.11032288,275.827747601,1.33879938535,4.98465684569,8.19344025015,12.3648959142,0,1.37656634104,4.0629993536,5.47286142662,4.93984783919,93.3246323803,2.61079726839,1.79633576352,2.08012704481,219.206706793,7.16654280896,7.04627032847,2.74169335958,79.6792473293,5.24731591806,2.3623881228,162.171837702,2.50884636879,3.32773288837,2.21915315039,11.6346382765,3.61397650038,0,0.614416797983,5.53457447922,2.37945944182,0.0569628902946,1.35829634189,2.5241600231,1.62354546416,2.31977436614,1.69048731927,2.00356404286,1.95593318293,0.260235231447,2.96363027027,1.91781068344,0.418955788533,1.4136966005,0.249851058065,0.510060554295,0.438639729797,2.01026479757,1.16723401151
refine__sobol__0000447__flexion__p5@@coracobrachialis@@0.00,-52.19735649,125.74419034,83.52052318,119.07245252,-41.73916481,5.13902301,42.40828524,Coracobrachialis,CORB,0,1,usable,Converged with independently replayed constrained generalized-force equilibrium and small reserve torques,338.135773,0.568626773757,4.94897989256e-08,1.54898316396e-12,0.000326573738779,21,0,0.306780982036,0.0100002369116,0.0100001811569,0.0100001312054,0.0100000182443,0.0100001071483,0.0100001854872,0.0100009890845,0.0100000426559,0.0100001015356,0.0100003056319,0.0100007310505,0.150996399461,0.494507056204,0.000673965375885,0.0100060834043,0.196405706387,0.19624368363,0.0497711427446,0.010002791367,0.286790831407,0.0100011260658,0.0100014571124,0.0100181876316,0.0100020801932,0.0100056051173,0.112696535486,0.0100112731393,0.0100452377737,0.0100444075981,0.150064754592,0.0675251940684,0.0100452377737,0.0103417144751,0.0100164676004,0.0100141407926,0.0277553656624,0.0127495879967,0.0100676436615,0.0100097589078,0.0102201012035,0.0189916609569,0.0113175357793,0.0100338572977,0.0171161114709,0.0100261598742,0.0100105006821,0.0100067211262,0.0100028589067,0.0100026700416,230.552808988,1.95151369496,1.68721226877,3.53259468243,10.7204314595,12.369400803,2.32781919866,1.43839854899,4.1162693558,3.34147433183,3.17206543133,2.64914609321,45.2648541414,92.9794021625,0,0.0560487231084,140.898618468,140.666234566,14.0951334784,3.63401741609,122.950053126,2.38136398384,8.90606724574,1.00958453591,3.05059764314,1.77786190469,16.6132260861,1.98159369946,0,0.0103347273362,80.8227287425,18.3542927045,0,0.801828658499,2.47115190881,1.59926139582,6.36558255715,2.12765498042,1.98632509379,1.92028751425,0.190394669738,1.27940614843,0.673511998228,0.360416532533,0.728773322681,0.249537193361,0.559355496727,0.460279102137,1.96379535655,1.14954983835
refine__sobol__0000625__shoulder_rot__m2@@triceps@@0.00,52.04092476,70.77348722,-40.79392995,54.4533119,79.35458519,9.0013277,-41.22452726,Triceps,TRIlong;TRIlat;TRImed,0,0,reserve_too_high,The posture requires more reserve torque than the quality limit permits,326.212801,104.059869394,2.57901859868e-08,1.7322145105e-06,0.131948069018,23,12,,,,,,,,,,,,,,,,,,,,,,,,,,,,,,,,,,,,,,,,,,,,,,,,,,,,,,,,,,,,,,,,,,,,,,,,,,,,,,,,,,,,,,,,,,,,,,,,,,,,
refine__sobol__0002303__pro_sup__p2@@biceps@@0.00,-51.09872368,96.64018644,-31.57957448,101.96551893,-69.62197731,15.62364215,40.07430087,Biceps,BIClong;BICshort,0,1,usable,Converged with independently replayed constrained generalized-force equilibrium and small reserve torques,308.256044,2.07104148649,4.81147992559e-08,1.69109171111e-12,0.000249959707095,30,1,0.787238127475,0.999999501663,0.0100005148434,0.0100000732833,0.0100000436388,0.0100000902776,0.010000582706,0.0100008239431,0.0100000600813,0.01000003302,0.010000045219,0.269895030981,0.0100002663332,0.0100002099936,0.0100001790203,0.539168035995,0.0100045363239,0.0100046060674,0.0100153481324,0.218276504798,0.000673958266013,0.000673958266013,0.162447457594,0.0100013729343,0.010001961521,0.0160445813146,0.074158117723,0.0100009985715,0.0100452377607,0.0100043921301,0.0100013786155,0.0100059527411,0.0100318607169,0.0100033459788,0.0100017763557,0.0100026430888,0.0100031834358,0.0100037758197,0.0100029055133,0.0100026219924,0.0129795103616,0.0431152167497,0.0319143926855,0.0124866496475,0.0300834497745,0.0101389944074,0.0100206793204,0.0100075985584,0.0100021124136,0.0100026486606,326.314456343,270.541451181,1.32780768507,4.98970411256,8.37509387255,12.4057317614,2.69392765924,1.37781120335,4.05746500603,5.45720172603,4.93559412702,67.0772466365,2.61914872333,1.7971831816,2.00404042264,217.8878604,7.16635345618,7.0460816402,2.7415164748,74.7267549881,0,0,172.718119766,2.50309157374,3.32379604786,2.9488421935,11.9931627162,3.60199583293,0,0.599975946395,5.54819083513,2.39831042697,0.0477341848878,1.34495338702,2.52274892845,1.62333499492,2.31894004416,1.68986406057,2.00278886246,1.95534620979,0.261514953073,3.0343678925,1.97010588819,0.442451875965,1.41368898894,0.250176006599,0.509678027719,0.43864888425,2.01027363934,1.16724201167
refine__sobol__0000447__shoulder_elv__m5@@middle_deltoid@@0.00,-52.19735649,120.74419034,83.52052318,119.07245252,-41.73916481,5.13902301,37.40828524,Middle deltoid,DELT2,0,1,usable,Converged with independently replayed constrained generalized-force equilibrium and small reserve torques,426.034225,0.211615319954,2.11201296452e-08,1.7137660028e-13,0.000121854729875,19,0,0.24905281193,0.000673209199488,0.0100004858277,0.0100004668179,0.0100000717818,0.010000318478,0.010000514599,0.0100017781577,0.0100001298182,0.0100002929322,0.0100010750214,0.0100013515046,0.0100111081692,0.143426240653,0.113543023533,0.0100028548651,0.139202959381,0.139088029313,0.0352847501474,0.0100036499468,0.20928083199,0.0100018536228,0.0100020329112,0.010028019325,0.0100023973199,0.0100058630028,0.104313808939,0.0100101893195,0.0100452379141,0.0100394117801,0.117074068763,0.0508212147428,0.0100452379141,0.0118560627299,0.0100194999451,0.0100160715265,0.0280130383745,0.0134628792228,0.0100863762893,0.0100113415795,0.0101836000634,0.0181659183234,0.0104610214514,0.0100337719494,0.0162553989965,0.0100271910917,0.0100114140217,0.010007609317,0.0100032962162,0.0100030794572,161.484980809,0,1.4808725297,3.35400107158,10.60841313,12.3633007468,2.29157521659,1.43881021921,4.14612254828,3.67092445492,3.21959601514,2.6300531505,2.96964364239,26.953710442,23.3589688717,0.312420354422,99.8621935388,99.6974220772,9.99260285491,3.63432933826,93.1712870363,2.40950952077,8.9065799801,1.01057532621,3.03306231306,1.86429742422,15.6766913183,2.33095833676,0,0.107478721091,63.0544175958,13.813917365,0,1.09296566986,2.49831208398,1.61353816729,6.47918844953,2.26573713312,2.00760669772,1.93763467287,0.199754798792,1.30072658739,0.654171046591,0.377355378865,0.720809499093,0.269553251239,0.578204595801,0.460308744603,1.98849239432,1.15664532206
refine__sobol__0002761__elbow_flexion__m5@@biceps@@0.00,69.66299507,114.79448331,76.3794099,84.90497205,32.59677269,20.57969684,-39.26163663,Biceps,BIClong;BICshort,0,1,usable,Converged with independently replayed constrained generalized-force equilibrium and small reserve torques,308.035078,1.29127576234,5.71476341804e-08,3.318234576e-12,7.76548251052e-05,22,1,0.161745784075,0.371520663219,0.252601724966,0.010002030583,0.0100003042191,0.0100003169698,0.999920825116,0.0100012177458,0.0100003367014,0.0100001214289,0.0100001652136,0.0100007067952,0.0100005578421,0.0100006432856,0.0100009169274,0.0100452375631,0.128596277836,0.125899763063,0.0255928228189,0.0100452375631,0.000673872675726,0.000673872675726,0.0100019032016,0.0723655609298,0.0100452375631,0.116097677055,0.0686424676949,0.0453412241701,0.0100088665845,0.0195445066199,0.0100004368265,0.0100011516368,0.014070166779,0.0145544152313,0.0100050812233,0.0100067976763,0.0100072901781,0.0100091556664,0.0100060573872,0.0100057797238,0.0100165486404,0.010009343439,0.0100110555895,0.0100166763219,0.0115374118562,0.0100704165764,0.0272892798378,0.0100558504461,0.0100391749489,0.0100672183784,124.019997921,166.331963598,47.811179275,1.9895137475,9.98332187983,11.4352745892,266.616308689,1.42349055036,3.99959575178,6.36614540489,4.64654545942,2.71736184119,3.01655468025,1.879478659,2.07999039239,0,90.3277897773,86.5793001382,6.59500614455,0,0,0,11.1012880166,18.4832428044,0,29.2055914619,13.0108903966,18.4916920154,4.36730333677,1.94467179598,5.21741656467,2.64167347808,1.01307925482,2.44974949475,2.49462020552,1.45264199224,2.35155426848,1.72301018469,2.12461320821,1.87571985607,0.393755047187,1.05077924078,0.936740483636,0.477871656434,0.835302940304,0.474679042463,2.07789161074,0.395442700864,0.995691537141,0.943669446144
refine__sobol__0002303__elv_angle__p5@@coracobrachialis@@0.00,-46.09872368,96.64018644,-31.57957448,101.96551893,-71.62197731,15.62364215,40.07430087,Coracobrachialis,CORB,0,1,usable,Converged with independently replayed constrained generalized-force equilibrium and small reserve torques,295.691768,2.80059499033,2.12992610216e-08,1.91135995919e-12,0.000382426574615,31,1,0.980889418861,0.999999796825,0.0100005358186,0.0100000350993,0.0100000204369,0.010000064763,0.0100002229017,0.0100004880152,0.0100000368971,0.0100000162564,0.0100000229802,0.459881187824,0.0100001697459,0.0100001277994,0.000674015466669,0.718936717102,0.0100038193418,0.0100038791339,0.0100134906162,0.238513232976,0.0100000264937,0.010000099126,0.196245462703,0.0100012932638,0.0100019383226,0.0202181956785,0.0731900103628,0.0100009296309,0.0100452378726,0.0100040379411,0.0100013024373,0.0100056075461,0.0100292095905,0.0100030595464,0.0100016608844,0.0100024867719,0.0100029346408,0.0100035002268,0.0100027065488,0.0100024750899,0.0134462096063,0.0453822772918,0.0336379643463,0.0135193183007,0.0313063455366,0.0101956023454,0.0100212751534,0.0100075364774,0.0100020614178,0.0100026048978,443.282850586,251.638233503,1.38399456392,4.99176555057,9.0948349554,12.463429498,2.69383674782,1.38653563233,4.17766087568,5.58252895432,4.94814443627,115.692352831,2.66694644378,1.80031363484,0,281.836915263,7.16583987464,7.04556967313,2.74100801448,81.2256601362,5.25092706788,2.37686641306,208.652987422,2.50886681757,3.32779476001,3.71796441054,11.8017505127,3.6139650666,0,0.614408972477,5.53458807084,2.37942617289,0.0569595980195,1.35827395324,2.52413310362,1.6235215401,2.31971149325,1.69043827862,2.00352260785,1.95590457739,0.270468700861,3.18721636394,2.07366830842,0.478490812353,1.47064410266,0.251651196754,0.510150134596,0.438646163182,2.01026338996,1.16723690485
refine__sobol__0000463__shoulder_elv__p5@@biceps@@0.00,-42.35360649,93.16606534,77.66114818,12.43182752,74.51083519,-8.80628949,-44.15421476,Biceps,BIClong;BICshort,0,0,reserve_too_high,The posture requires more reserve torque than the quality limit permits,369.274549,797.620253042,2.41139273882e-07,1.63514022589e-06,0.47971315709,25,1,,,,,,,,,,,,,,,,,,,,,,,,,,,,,,,,,,,,,,,,,,,,,,,,,,,,,,,,,,,,,,,,,,,,,,,,,,,,,,,,,,,,,,,,,,,,,,,,,,,,
refine__sobol__0003073__flexion__p2@@pectoralis_major@@0.00,39.69229194,81.85014738,-55.82273854,85.01727674,19.23739769,-6.67860394,7.44539462,Pectoralis major,PECM1;PECM2;PECM3,0,0,reserve_too_high,The posture requires more reserve torque than the quality limit permits,250.391952,1024.89800726,8.25826562689e-08,1.00613208964e-06,0.475087945621,21,6,,,,,,,,,,,,,,,,,,,,,,,,,,,,,,,,,,,,,,,,,,,,,,,,,,,,,,,,,,,,,,,,,,,,,,,,,,,,,,,,,,,,,,,,,,,,,,,,,,,,
refine__sobol__0000603__flexion__m2@@latissimus_dorsi@@0.00,9.85342476,113.42973722,-41.13767995,109.2970619,6.85458519,23.7669527,37.40047274,Latissimus dorsi,LAT1;LAT2;LAT3,0,1,usable,Converged with independently replayed constrained generalized-force equilibrium and small reserve torques,283.476969,4.94703032629,2.3473812405e-07,4.71089833809e-12,0.000705501899166,25,2,0.0100000363257,0.511397209063,0.999999915872,0.736126199857,0.406728740378,0.161117654268,0.0100001164784,0.0100002095566,0.999999593435,0.0100000093887,0.0100000072646,0.000673963502073,0.000673963502073,0.000673963502073,0.0100000410879,0.875463077075,0.0606876371289,0.060158426998,0.0142085822804,0.0100452376902,0.0100000111396,0.0100000285838,0.0100038606665,0.0100016327417,0.0100001463983,0.0100006035045,0.928399547485,0.0100005519808,0.0100452376902,0.0100032194643,0.0100002006188,0.0100004967043,0.0100452376902,0.158440438033,0.0100009868886,0.0100010501936,0.339148147776,0.154552755437,0.0101035833724,0.0100009526517,0.116569966934,0.198416143567,0.133032344703,0.0100095038751,0.274863524725,0.0100047535124,0.010001340885,0.0100006259745,0.0100001704986,0.0100002006924,12.1374004516,4.66297585835,192.923238807,21.4353544175,400.250759613,206.745507254,2.59217707548,1.42662683959,443.744344628,6.22214199551,4.97023223933,0,0,0,1.27756104627,57.7960620568,43.5321860612,42.7761558975,3.98641518426,0,4.78158996022,2.42280443532,10.2971135367,1.25462452731,3.15256360171,1.63729881991,166.191048555,2.73529509806,0,0.279892776736,5.09239591463,2.79822450085,0,14.6431426367,2.48995888466,1.61145795049,77.8556365072,25.8671956309,2.00174049512,1.94109879837,2.75313539152,16.1241094719,8.98810243113,0.379060909368,14.0265947136,0.255733838584,0.416140712124,0.389810627463,2.00349628629,1.14393978785
refine__sobol__0004077__deviation__m2@@teres_minor@@0.00,90.14151069,110.66850675,-38.97703542,118.91376112,35.64364769,16.44346637,45.17195712,Teres minor,TMIN,0,0,reserve_too_high,The posture requires more reserve torque than the quality limit permits,342.351615,720.87876137,7.80359812325e-08,2.00447879006e-06,0.499668788085,23,1,,,,,,,,,,,,,,,,,,,,,,,,,,,,,,,,,,,,,,,,,,,,,,,,,,,,,,,,,,,,,,,,,,,,,,,,,,,,,,,,,,,,,,,,,,,,,,,,,,,,
refine__sobol__0002303__shoulder_rot__p5@@teres_minor@@0.00,-51.09872368,96.64018644,-26.57957448,101.96551893,-71.62197731,15.62364215,40.07430087,Teres minor,TMIN,0,1,usable,Converged with independently replayed constrained generalized-force equilibrium and small reserve torques,302.248885,2.25479148617,2.0051505345e-08,3.285234443e-12,0.00033391172933,31,1,0.849680167789,0.999999737611,0.0100003795639,0.0100000514327,0.0100000303239,0.0100000817491,0.000673952761174,0.0100006384774,0.0100000425875,0.0100000221887,0.0100000313878,0.413836358974,0.0100001970262,0.0100001555182,0.0100001334132,0.523266000691,0.0100050274011,0.0100051037346,0.0100165331328,0.231692413777,0.0100000350067,0.010000143089,0.144849908127,0.0100012082268,0.0100015620076,0.010028772357,0.073859889402,0.0100010155429,0.0100452378006,0.010004383847,0.0100012827373,0.0100057916169,0.0100310974345,0.0100035980887,0.0100019330812,0.0100028509333,0.0100037478338,0.010004336073,0.0100032787872,0.0100028326764,0.0126697442554,0.0382614209641,0.0277653709093,0.0102899140321,0.0291708599514,0.010072487864,0.010016290095,0.0100068275928,0.0100019844158,0.010002416285,345.896645275,284.187989299,1.35488579766,4.96270130426,7.93438510618,12.3038829284,0,1.3747714496,4.07172961894,5.49536007859,4.94535059799,102.263979847,2.59865948856,1.79513594977,1.97599936427,206.519248776,7.16670522005,7.04643213949,2.74184084715,78.9028307689,5.24608199947,2.36653079373,154.0079737,2.50884548571,3.32766955435,1.84421099191,11.9097672393,3.61399611217,0,0.61443021686,5.53457716912,2.37946994664,0.0569703199201,1.35834707985,2.52420179833,1.6235806478,2.31990007525,1.69057952383,2.00363722611,1.95597450062,0.254850204603,2.68711563838,1.71164251016,0.364192129741,1.37032772189,0.248612444824,0.509896361698,0.438615091639,2.01024791373,1.167214895
refine__sobol__0000463__elv_angle__m2@@coracobrachialis@@0.00,-44.35360649,88.16606534,77.66114818,12.43182752,74.51083519,-8.80628949,-44.15421476,Coracobrachialis,CORB,0,1,usable,Converged with independently replayed constrained generalized-force equilibrium and small reserve torques,478.379124,2.19466838454,2.06550531345e-07,1.17023473628e-12,6.68253647518e-05,23,0,0.0100018975676,0.484385147821,0.0100019162366,0.810717728607,0.0100003895781,0.0100000759035,0.0100452377389,0.0100007041051,0.588603498785,0.0100001208165,0.010000155797,0.010000354804,0.010000641588,0.0100003513941,0.000673951350324,0.18510840255,0.166612191473,0.131185268816,0.0100452377389,0.0100452377389,0.230647686845,0.0100452377389,0.0100025307671,0.0100041442162,0.0100452377389,0.630421748743,0.0100004708261,0.321146779237,0.0100003289002,0.0100162075266,0.406059377604,0.0928361049669,0.0100052205689,0.0100025404361,0.167470606059,0.178732417003,0.0100024029322,0.0100073938991,0.0897555146832,0.262312182514,0.0100050622771,0.0100014626096,0.0100184583659,0.0252553456909,0.0100030236128,0.0530784421193,0.0100030485918,0.0479837163737,0.0100046539474,0.0645168149248,1.97734132411,342.22059109,1.73335503425,152.314597664,1.46051126256,12.1505869074,0,1.3506354727,229.032864511,5.89226797657,4.97259005289,1.47938969681,0.566101885746,1.78102446433,0,122.268372967,90.8174528746,56.3016774692,0,0,12.8151204826,0,11.7300290743,2.36899225449,0,155.767069944,1.91215974272,89.8270175009,3.13071065705,0.523970940695,226.247925945,18.3818069016,0.499769173593,1.44064585008,41.9656618449,27.0933658388,2.19925175046,1.67537669494,19.0618335549,51.1160405621,0.383771004439,1.06301091128,0.919122359305,1.15469455975,0.724171776064,2.49665679883,0.774737011468,2.20693109653,1.05854452346,7.41776224265
refine__sobol__0000463__shoulder_elv__m2@@triceps@@0.00,-42.35360649,86.16606534,77.66114818,12.43182752,74.51083519,-8.80628949,-44.15421476,Triceps,TRIlong;TRIlat;TRImed,0,0,solver_failed,The static optimization solver did not converge,945.924785,,2.40538312823e-07,,,0,0,,,,,,,,,,,,,,,,,,,,,,,,,,,,,,,,,,,,,,,,,,,,,,,,,,,,,,,,,,,,,,,,,,,,,,,,,,,,,,,,,,,,,,,,,,,,,,,,,,,,
refine__sobol__0000463__shoulder_elv__m5@@middle_deltoid@@0.00,-42.35360649,83.16606534,77.66114818,12.43182752,74.51083519,-8.80628949,-44.15421476,Middle deltoid,DELT2,0,0,solver_failed,The static optimization solver did not converge,871.768327,,2.4388864972e-07,,,0,0,,,,,,,,,,,,,,,,,,,,,,,,,,,,,,,,,,,,,,,,,,,,,,,,,,,,,,,,,,,,,,,,,,,,,,,,,,,,,,,,,,,,,,,,,,,,,,,,,,,,
refine__sobol__0001711__shoulder_elv__m5@@posterior_deltoid@@0.00,-47.18759087,100.74907316,38.18360911,69.37030409,-34.16103981,17.0506441,27.62312899,Posterior deltoid,DELT3,0,1,usable,Converged with independently replayed constrained generalized-force equilibrium and small reserve torques,316.12341,2.30006932446,4.8253781415e-08,1.43610447791e-12,0.000252625648428,19,1,0.456027296475,0.999999739732,0.000674335010203,0.0100003290474,0.0100001050414,0.569634467805,0.0100452370984,0.0100003214788,0.0100001101184,0.0100000319003,0.0100000430459,0.01000033431,0.0100001166047,0.0100001342102,0.0100004100597,0.136307462643,0.404850601261,0.39612884073,0.0677407185836,0.0100013343686,0.522236667463,0.0100004190589,0.0100006824954,0.010002410957,0.0100067270607,0.0235008389566,0.0856821175954,0.0100043661723,0.0100067683149,0.0100100335757,0.331567459664,0.1595917589,0.0100147271928,0.0100089233876,0.0100459030884,0.0100479518904,0.010022746937,0.0100262119104,0.0100325216198,0.0100262635459,0.0105621961027,0.0455061788744,0.0344246494248,0.0188917045051,0.0188747099409,0.0102660127836,0.0100373805004,0.0100303221793,0.010009005519,0.0100132791491,172.105029944,330.809409369,0,1.95715472768,2.93300982893,654.691140611,0,1.37916036732,4.2333231398,5.46959765818,4.96150116655,2.44698782275,2.7169173091,1.80537188217,0.656525944716,50.2440624054,278.252242763,266.392363815,13.5999535057,3.69588140188,190.10141008,0.897572246188,11.4527020028,2.72566333213,3.37072740541,4.8457390963,16.1178251884,3.86914449578,1.66803223022,0.928066969296,173.732055757,44.4156551684,0.554185746505,1.57395628228,2.56505430163,1.63266122654,2.3486587079,1.71212231448,2.03110426903,1.97598941013,0.247390121667,3.89997627358,2.48224290637,0.762819848099,1.03867851107,0.305693575005,0.532338483458,0.429176433851,2.00478610781,1.16492190448
refine__sobol__0000673__shoulder_elv__m5@@coracobrachialis@@0.00,31.65029976,92.68754972,55.54200755,18.3986244,74.97958519,13.78648395,40.80672274,Coracobrachialis,CORB,0,1,usable,Converged with independently replayed constrained generalized-force equilibrium and small reserve torques,396.438063,0.821519347136,1.84636945733e-08,9.17810364687e-13,2.87713055726e-05,27,0,0.0462893273547,0.840784701537,0.0839742471116,0.010003035901,0.121134589545,0.0100012514982,0.0100030456125,0.0100024584487,0.010003080318,0.0100004053732,0.0100003955676,0.0100017538505,0.0100013129199,0.0100012959744,0.000674544165252,0.0100035441771,0.0970576994506,0.0795572547132,0.0100452363124,0.0100452363124,0.0100013298014,0.0100117642651,0.0100044284596,0.010006135023,0.0162756685626,0.0686217182924,0.0827155478844,0.0100007039784,0.0100011223064,0.0100023153621,0.1969997765,0.0451189004992,0.0100038078467,0.0100017221818,0.0100013371728,0.0100020719165,0.0100018546062,0.0100023457054,0.0100019435519,0.0100020510236,0.0202134522758,0.0961242498021,0.0735631014703,0.0409023732914,0.0430894435848,0.0221892200775,0.0114317555886,0.0100175236199,0.0100030010498,0.010004999653,56.3497816993,407.345692879,16.9141294005,4.48861605363,124.961682816,11.4416128091,2.59504637048,1.43857433654,4.24309123618,6.34166954738,4.57434566294,2.63425286294,2.8599452142,1.81413056245,0,3.71069345629,57.5321773045,38.654395074,0,0,1.86128162952,0.1052967603,11.7652066533,2.41204744311,3.65681073171,9.23967796645,15.6303152685,4.03082440896,3.62314058304,0.955720722102,109.761249854,8.89121313551,0.689288935476,1.61979776936,2.43145666281,1.57391015079,2.26609873032,1.65064512311,1.9441019583,1.89266790664,0.455845586819,7.89673049726,5.02067942003,1.551826421,2.41516285595,0.523619315252,0.461417093881,0.448533568233,2.00944464553,1.16752226424
refine__sobol__0004077__flexion__m2@@anterior_deltoid@@0.00,90.14151069,110.66850675,-38.97703542,118.91376112,35.64364769,18.44346637,43.17195712,Anterior deltoid,DELT1,0,0,solver_failed,The static optimization solver did not converge,1527.238137,,3.5180168112e-08,,,0,0,,,,,,,,,,,,,,,,,,,,,,,,,,,,,,,,,,,,,,,,,,,,,,,,,,,,,,,,,,,,,,,,,,,,,,,,,,,,,,,,,,,,,,,,,,,,,,,,,,,,
refine__sobol__0001369__pro_sup__m2@@infraspinatus@@0.00,54.23819038,98.00493253,-15.86912526,47.66131971,-7.87978981,3.89146441,-10.69718351,Infraspinatus,INFSP,0,0,solver_failed,The static optimization solver did not converge,1425.008946,,4.49547030712e-08,,,0,0,,,,,,,,,,,,,,,,,,,,,,,,,,,,,,,,,,,,,,,,,,,,,,,,,,,,,,,,,,,,,,,,,,,,,,,,,,,,,,,,,,,,,,,,,,,,,,,,,,,,
refine__sobol__0001387__flexion__p5@@biceps@@0.00,23.30069038,95.97368253,56.78712474,29.38006971,56.62021019,14.28208941,-3.82218351,Biceps,BIClong;BICshort,0,1,usable,Converged with independently replayed constrained generalized-force equilibrium and small reserve torques,323.72141,1.1217082048,5.52458132574e-08,1.70438727093e-12,6.72995492132e-05,24,1,0.0550091178448,0.999999498999,0.28593870555,0.0100005423094,0.12463647545,0.0100002477981,0.0100033852862,0.0100008796178,0.0100009745056,0.0100001358517,0.0100001311372,0.0100006218054,0.0100004467059,0.0100004476485,0.0100003559774,0.010001750071,0.0707656377714,0.0647790598745,0.0100452378599,0.0100452378599,0.000673902148961,0.000673902148961,0.0100059205794,0.0100083811603,0.0100257314952,0.0347572910546,0.0547505997294,0.0100027918324,0.0100048070483,0.0100074896637,0.0217625996573,0.0150737049276,0.0100146434971,0.0100078682998,0.0100063863953,0.0100094275182,0.0100094927053,0.0100114902166,0.0100095771454,0.010009340968,0.0112688533104,0.0434582657888,0.0340996864486,0.0162377190002,0.0216345383465,0.0120527895529,0.0100781211004,0.0100260399393,0.0100091332838,0.0100123431688,66.9955913847,407.898914066,57.5808100196,4.66140626634,122.720084423,11.5395214386,2.43010659838,1.43798738172,4.30940025182,6.45274228043,4.66003169617,2.62678208663,2.85514070814,1.81520033138,1.89855187695,3.30835395242,45.1020240796,37.7929700059,0,0,0,0,11.780484935,2.57036905484,3.02541094739,7.96251303757,10.5607104913,4.01747594692,4.56209206466,0.99802639638,12.1248437972,3.65006856925,0.753604891362,1.71268166595,2.58942735748,1.62577797385,2.37008012413,1.73078749599,2.07070837966,1.97476082826,0.365721323466,4.74539219093,3.18634828785,0.792157764996,1.53212187797,0.515324230877,0.608201246727,0.436203451578,1.66503918275,1.12680692395
refine__sobol__0002761__pro_sup__p2@@middle_deltoid@@0.00,69.66299507,114.79448331,76.3794099,89.90497205,34.59677269,20.57969684,-39.26163663,Middle deltoid,DELT2,0,0,reserve_too_high,The posture requires more reserve torque than the quality limit permits,311.052058,228.480005292,5.80283874285e-08,2.03496533979e-06,0.24203191626,17,3,,,,,,,,,,,,,,,,,,,,,,,,,,,,,,,,,,,,,,,,,,,,,,,,,,,,,,,,,,,,,,,,,,,,,,,,,,,,,,,,,,,,,,,,,,,,,,,,,,,,
refine__sobol__0000463__flexion__m2@@infraspinatus@@0.00,-42.35360649,88.16606534,77.66114818,12.43182752,74.51083519,-8.80628949,-46.15421476,Infraspinatus,INFSP,0,1,usable,Converged with independently replayed constrained generalized-force equilibrium and small reserve torques,424.433825,2.09780297703,2.41087356301e-07,2.13777464975e-12,7.05399491852e-05,23,0,0.0100017343723,0.369145150091,0.0100021563533,0.685468474045,0.000674019357516,0.0100000778976,0.0100452377409,0.0100007592828,0.732316261534,0.0100001234937,0.0100001630797,0.010000499227,0.010000684015,0.0100003795128,0.0100008905755,0.0962738611283,0.230657780118,0.181611903664,0.0100452377409,0.0100452377409,0.211178850257,0.0100452377409,0.0100018542187,0.0100035912722,0.0100452377409,0.625005367577,0.0100004688989,0.309080602164,0.010000331334,0.0100157134285,0.395007938685,0.0955822536345,0.0100052459902,0.010002522869,0.177748524245,0.186546477735,0.0100024127075,0.01000768523,0.0973610639698,0.274658633253,0.0100048292725,0.0100014119322,0.0100139179866,0.0193773094529,0.0100030510905,0.0544677001311,0.01000285435,0.0475094950657,0.010004845526,0.0636016069416,2.13690306722,257.985422492,1.65949751525,125.829434004,0,12.1246337642,0,1.35203353213,285.382949538,5.92180133969,4.97254668963,2.32963677012,0.5694096269,1.78012705165,1.15837976005,62.6709131218,125.727606606,77.9436205731,0,0,11.1015614847,0,11.7292356815,2.36886131646,0,153.803632602,1.91431339456,84.7308984793,3.04883622628,0.502418084225,220.090291688,18.9255519562,0.488263406905,1.42290883472,44.2258716724,28.0630861553,2.18107527091,1.66554647911,20.6778158822,53.358082064,0.386498843535,1.05950478569,0.915484384557,0.882503257413,0.724207431047,2.55333607103,0.775759290157,2.18501592156,1.02036775256,7.27963045419
refine__sobol__0004077__shoulder_elv__m2@@pectoralis_major@@0.00,90.14151069,108.66850675,-38.97703542,118.91376112,35.64364769,18.44346637,45.17195712,Pectoralis major,PECM1;PECM2;PECM3,0,1,usable,Converged with independently replayed constrained generalized-force equilibrium and small reserve torques,388.555195,0.381608891163,3.10568530892e-08,7.50784747631e-13,0.000100275429909,20,0,0.261279924104,0.357763258084,0.0100031515341,0.0100012886307,0.18416042246,0.010000132175,0.3551814092,0.0100008678104,0.000683215902466,0.000683215902466,0.000683215902466,0.0100002949202,0.0100002591939,0.0100004008439,0.0100004625093,0.0100452374953,0.0679802317883,0.0679210927869,0.0172588052776,0.0100452374953,0.0100002747485,0.0100003159212,0.0100039716712,0.010013430419,0.0100016502871,0.0100067059094,0.0758274756446,0.0100062252095,0.0100452374953,0.0100452368542,0.0532675241476,0.0457634822388,0.0100452374953,0.010033912907,0.0100072145197,0.0100086092816,0.0129912117492,0.0100498082213,0.0100223609673,0.0100076654246,0.0124913650981,0.0267204715777,0.0196364306229,0.0100537410655,0.0199101883766,0.0100279704175,0.010011988082,0.0100058598471,0.0100018747552,0.0100021310723,211.164997837,348.652023375,1.71491304268,3.81535349775,190.862932821,11.0391436589,86.6768701981,1.25698549834,0,0,0,2.75544867844,2.99440235612,1.88069397171,2.06642056235,0,48.7680610327,48.6832150048,4.88768404253,0,4.93534701783,3.1675925918,8.93937699163,0.386058409314,3.04631889659,1.37257787937,12.2299580143,1.49991561409,0,2.16294702842e-06,19.1375440048,12.0017449329,0,0.519848103523,2.42493471663,1.57392028405,2.9289672257,1.6509794464,1.94190283099,1.89589450337,0.265968826373,1.9364970531,1.19909028471,0.351620581402,0.87757759463,0.217764838544,0.386618082197,0.42288018743,2.00999611746,1.16708028542
refine__sobol__0004077__flexion__p2@@brachialis@@0.00,90.14151069,110.66850675,-38.97703542,118.91376112,35.64364769,18.44346637,47.17195712,Brachialis,BRA,0,1,usable,Converged with independently replayed constrained generalized-force equilibrium and small reserve torques,392.349859,0.994776847976,3.11347001514e-08,1.95399252334e-12,0.00024844468201,22,0,0.289147492138,0.412344432983,0.0100014255077,0.0100004600891,0.112057521075,0.0100000467352,0.838393820257,0.0100003659075,0.0100000883511,0.0100000321566,0.0100000435165,0.0100001137998,0.0100000990333,0.0100001595749,0.0100001914682,0.010045237903,0.0636150912383,0.0635597652851,0.0161656596014,0.010045237903,0.0100001087842,0.0100001417709,0.000673928444081,0.0100138378275,0.0100015443457,0.0100061767041,0.0800581743537,0.010006381686,0.010045237903,0.010045237903,0.0563088563098,0.0465863978198,0.010045237903,0.0100350527472,0.0100064634972,0.0100077670103,0.0129499611125,0.0100458310257,0.0100202817102,0.0100068856022,0.0132341423193,0.027559045765,0.0207561070034,0.0100519415846,0.0213312933404,0.0100266959893,0.0100112643646,0.0100053172814,0.0100016941427,0.0100019181428,230.112609927,398.934469935,1.71241949533,3.78568635048,116.412462685,11.1366547885,205.0712227,1.24907183667,4.41969524335,6.55302851872,4.9517972559,2.75792302673,2.99926244042,1.88069235682,2.07451907107,0,45.6365706691,45.5571839624,4.57810579587,0,4.93212946452,3.16643237541,0,0.386074117551,3.05192256967,1.33946715363,12.788636839,1.36281390141,0,0,20.2302103004,12.2175594298,0,0.466648920805,2.41509231472,1.56842518259,2.91058102763,1.64514887497,1.93417045096,1.88951184082,0.276389851328,1.94899566611,1.24333149374,0.344910383835,0.943131725896,0.209317175733,0.379555760213,0.423156566653,2.00892095253,1.16712756328
refine__sobol__0000447__shoulder_elv__p2@@pectoralis_major@@0.00,-52.19735649,127.74419034,83.52052318,119.07245252,-41.73916481,5.13902301,37.40828524,Pectoralis major,PECM1;PECM2;PECM3,0,1,usable,Converged with independently replayed constrained generalized-force equilibrium and small reserve torques,325.308983,0.477251067006,2.45478162242e-08,2.99844111988e-13,0.000317044869406,18,0,0.263871413836,0.0100002456554,0.0100001962755,0.010000133439,0.0100000201179,0.0100000942386,0.0100002053404,0.0100010955902,0.000673804882192,0.000673804882192,0.000673804882192,0.010000753474,0.125841311922,0.448825454738,0.0100010522257,0.0100204563893,0.188918724602,0.18876273898,0.0478748898463,0.0100029424694,0.276003882166,0.0100011931825,0.0100015133082,0.0100173626468,0.0100022964173,0.0100062547594,0.107607981216,0.010009706508,0.010045237248,0.0100383561712,0.140079122846,0.0638424291376,0.010045237248,0.0103341003779,0.0100183795915,0.0100156002742,0.0253824184734,0.0117119007927,0.0100649775975,0.0100108686815,0.0102078754958,0.0203837047018,0.0117491069437,0.0100371280451,0.016804219091,0.0100285432364,0.0100114725841,0.010007609704,0.0100032246229,0.0100030547173,209.503287345,1.76423922176,1.73916855977,3.60521243058,10.7372016475,12.3729410563,2.34099790953,1.4376275674,0,0,0,2.65654141264,37.8801204705,84.3976674504,1.55054401367,0.0115304784945,135.527565817,135.30394063,13.5581167206,3.63407231157,116.08045266,2.37348077238,8.9061172877,1.00950139843,3.033031716,1.86437041707,16.1717525441,2.33084591201,0,0.107467420788,75.4446104233,17.3532656587,0,0.952661706523,2.49803272956,1.61346225101,5.87074741419,1.97105597453,2.00334747173,1.93754314641,0.200230969747,1.45952581042,0.734720373483,0.377481596767,0.745145705162,0.269589600016,0.578207978148,0.460308762401,1.98847816287,1.15664246144
refine__sobol__0002303__deviation__m2@@triceps@@0.00,-51.09872368,96.64018644,-31.57957448,101.96551893,-71.62197731,13.62364215,40.07430087,Triceps,TRIlong;TRIlat;TRImed,0,0,solver_failed,The static optimization solver did not converge,1250.216429,,1.31113075952e-08,,,0,0,,,,,,,,,,,,,,,,,,,,,,,,,,,,,,,,,,,,,,,,,,,,,,,,,,,,,,,,,,,,,,,,,,,,,,,,,,,,,,,,,,,,,,,,,,,,,,,,,,,,
refine__sobol__0000673__deviation__m5@@biceps@@0.00,31.65029976,97.68754972,55.54200755,18.3986244,74.97958519,8.78648395,40.80672274,Biceps,BIClong;BICshort,0,1,usable,Converged with independently replayed constrained generalized-force equilibrium and small reserve torques,364.833886,1.10277371232,2.54160426039e-08,1.28808132098e-12,3.41362540334e-05,27,0,0.0479448467832,0.98936171778,0.11383885604,0.0100015503317,0.114962215527,0.0100006311885,0.0100022528424,0.0100018551998,0.010002448482,0.010000297708,0.0100002922508,0.0100013253821,0.0100009547373,0.0100009513313,0.0100006717526,0.0100028048886,0.0999179970139,0.0819017369647,0.0100452377389,0.0100452377389,0.00067396778603,0.00067396778603,0.0100043134931,0.0100060553575,0.0188239862577,0.0740686217619,0.0896417868039,0.0100006538263,0.0100009901401,0.0100021256165,0.197415802396,0.0454047895165,0.0100035228555,0.010001582562,0.0100011949265,0.0100018461701,0.0100016670538,0.0100021108113,0.0100017433619,0.0100018098411,0.0206159788451,0.0991985992193,0.0775090126365,0.0427646124946,0.0455407354587,0.0232232181459,0.0115600961846,0.0100135055776,0.0100025293839,0.0100039114578,58.1928526137,403.641075671,22.9295639959,4.45441900553,120.351912568,11.5079852851,2.58088551809,1.43876433313,4.23713958721,6.38143091074,4.61967150098,2.64701675736,2.88584293628,1.82724676399,2.02913322591,3.59481309664,59.227654817,39.7935060674,0,0,0,0,11.7650714526,2.41202823924,4.38981606934,10.3402378305,16.4317453303,4.00838823251,3.97939052194,0.94861488589,109.993044647,8.94755094851,0.688942743904,1.61817987597,2.42135071216,1.56717468463,2.26455498077,1.64849839932,1.93948931596,1.88393743689,0.440778187153,7.90593162953,5.18399159955,1.6204652522,2.46598797191,0.561069987409,0.505869543435,0.459742354764,1.99142705902,1.16482952362
refine__sobol__0003073__elv_angle__p2@@supraspinatus@@0.00,41.69229194,81.85014738,-55.82273854,85.01727674,19.23739769,-6.67860394,5.44539462,Supraspinatus,SUPSP,0,0,reserve_too_high,The posture requires more reserve torque than the quality limit permits,273.705298,44.998309735,9.21380118868e-08,1.86851517014e-06,0.0720632537329,23,6,,,,,,,,,,,,,,,,,,,,,,,,,,,,,,,,,,,,,,,,,,,,,,,,,,,,,,,,,,,,,,,,,,,,,,,,,,,,,,,,,,,,,,,,,,,,,,,,,,,,
refine__sobol__0000463__pro_sup__p2@@subscapularis@@0.00,-42.35360649,88.16606534,77.66114818,12.43182752,76.51083519,-8.80628949,-44.15421476,Subscapularis,SUBSC,0,1,usable,Converged with independently replayed constrained generalized-force equilibrium and small reserve torques,438.972966,2.12813062376,2.22415062368e-07,1.81135848492e-12,7.36563353381e-05,23,0,0.0100018501066,0.380271697878,0.010002131177,0.658077138396,0.0100003807407,0.000673980822966,0.0100452378215,0.0100007776925,0.714964303154,0.0100001278118,0.0100001688165,0.0100005130564,0.0100007047162,0.0100003917206,0.0100009180021,0.0968777929092,0.248716022636,0.195830075953,0.0100452378215,0.0100452378215,0.178691052547,0.0100452378215,0.0100017240296,0.01000305086,0.0100452378215,0.632383524181,0.0100004372578,0.298328639655,0.0100003080432,0.0100132044598,0.47552505249,0.104205424393,0.0100046932881,0.0100022116364,0.177171035083,0.19079530698,0.0100022895454,0.0100071249785,0.097054693317,0.282618527525,0.0100048249342,0.0100013796578,0.0100176703786,0.0266407520636,0.010002810436,0.0533664957477,0.0100028545085,0.0519818305426,0.0100047384398,0.0739833314539,2.13692779381,265.761461421,1.65949334296,120.801287095,1.63697792838,0,0,1.35203602113,278.620907972,5.92180389302,4.97254954221,2.32963999262,0.569410803191,1.7801292249,1.15838293677,63.0640515681,135.570845386,84.0457306242,0,0,8.91430157128,0,11.7290830079,2.36676863008,0,156.342896506,1.91032951878,82.8381150079,3.09924753393,0.518376117125,264.952906335,20.2308926364,0.49552249503,1.43426706051,44.3654890798,28.9071013616,2.19792118276,1.67454998952,20.6120580371,55.0711399395,0.383054420533,1.06374803247,0.919589855383,1.21881960462,0.724153677754,2.51022236637,0.773987888306,2.39081769711,1.05855346364,8.5061663893
refine__sobol__0000447__shoulder_rot__m5@@infraspinatus@@0.00,-52.19735649,125.74419034,78.52052318,119.07245252,-41.73916481,5.13902301,37.40828524,Infraspinatus,INFSP,0,1,usable,Converged with independently replayed constrained generalized-force equilibrium and small reserve torques,387.732134,0.552315691348,2.55195260479e-08,1.00186525742e-12,0.000379690351165,20,0,0.306680027651,0.0100002775688,0.0100001561272,0.0100001290451,0.000673980169769,0.0100000620203,0.0100001737252,0.0100007895268,0.0100000374109,0.0100001189453,0.0100002457487,0.0100005102632,0.0885059256628,0.522096311274,0.0100003530162,0.0100067444734,0.182908714438,0.182757821617,0.0463526110915,0.0100030016559,0.262845164699,0.0100011252834,0.0100015616302,0.0100184977872,0.0100023426,0.0100062504665,0.104964705171,0.0100104073409,0.0100452377001,0.0100389932274,0.13827394733,0.0623713840678,0.0100452377001,0.0106257047112,0.0100208353776,0.0100167901247,0.0268440331339,0.0128870953983,0.0100867206565,0.0100115273223,0.0101878366573,0.0194538680858,0.011193339734,0.0100364431236,0.0162473933639,0.0100283816614,0.0100115867769,0.0100077475971,0.0100033085406,0.0100031234803,227.923919103,1.50153327815,1.70769290192,3.29110131463,0,12.3016391398,2.38621953499,1.43853379767,4.06912205245,3.37807568914,3.16196810677,2.64480191966,26.4896257861,98.1625167293,1.59916132579,0.0452935733795,131.216071285,130.999653741,13.1270090334,3.63409381405,116.969942531,2.38474793506,8.90616031751,1.00961579249,3.03304572018,1.86436961721,15.7745105769,2.33100910689,0,0.107474240889,74.4723687302,16.9534150227,0,0.979543609306,2.49864506753,1.61365392987,6.20880702413,2.16883551429,2.00767524113,1.93767062236,0.199837901069,1.39294711135,0.699965945425,0.377455837875,0.720454507251,0.269585256517,0.578214573308,0.460315104916,1.98849484432,1.15665041244
refine__sobol__0002761__elv_angle__m2@@teres_minor@@0.00,67.66299507,114.79448331,76.3794099,89.90497205,32.59677269,20.57969684,-39.26163663,Teres minor,TMIN,0,1,usable,Converged with independently replayed constrained generalized-force equilibrium and small reserve torques,385.157417,4.65796221185,5.77966936532e-08,4.1508889273e-12,0.000666930219787,19,2,0.015587887465,0.999999932271,0.999999768157,0.0172837943787,0.0100000205441,0.0100000319533,0.000673975546328,0.0100001090492,0.0100000303173,0.0100000033761,0.0100000073171,0.0100000594369,0.0100000450032,0.0100000526547,0.0100000609508,0.0100452379173,0.841794823593,0.824406165031,0.170717460963,0.0100452379173,0.688572080943,0.010000041091,0.0100002891541,0.0100002858092,0.0100452379173,0.0358508803649,0.0100035933432,0.0100007886712,0.0100006431807,0.0100023168524,0.715300389966,0.480288504568,0.010003275914,0.0100017987287,0.0150829443393,0.0275693983527,0.0100141331187,0.0100209368274,0.0126891577702,0.0396741380369,0.025916492726,0.0754285262983,0.0796574910081,0.0446076864234,0.0100374024375,0.0129523164771,0.0100368139923,0.0133015280772,0.0100163372693,0.0204272665649,12.7679027172,427.791026808,189.120427963,3.21128319857,10.0287779931,11.4236666548,0,1.42502391437,4.0017724063,6.35996288575,4.64306115321,2.71584605103,3.0136393653,1.87918017975,2.08001153461,0,595.308475399,570.96816849,44.8267438225,0,348.330194966,2.56692196394,10.9751221105,2.49828282905,0,9.02653874034,1.89963611496,4.0792991139,4.30086397236,1.00712752426,368.524308394,126.861930547,0.711511806398,1.67226185838,3.76071086955,4.00212605901,2.35316225083,1.72503823392,2.6943231641,7.43745820329,1.01899103622,7.91772030641,7.45479086521,2.12770344884,0.726703332845,0.610520243757,0.764234590194,0.523077805971,0.993426482013,1.9147878392
refine__sobol__0003073__shoulder_elv__m5@@pectoralis_major@@0.00,39.69229194,76.85014738,-55.82273854,85.01727674,19.23739769,-6.67860394,5.44539462,Pectoralis major,PECM1;PECM2;PECM3,0,0,capacity_limited,At least one muscle reached the conservative capacity threshold while nontrivial reserve torque was still required,259.488273,18.5305372173,5.90115991628e-08,9.75225992406e-07,0.0485470420964,21,6,,,,,,,,,,,,,,,,,,,,,,,,,,,,,,,,,,,,,,,,,,,,,,,,,,,,,,,,,,,,,,,,,,,,,,,,,,,,,,,,,,,,,,,,,,,,,,,,,,,,
refine__sobol__0000603__flexion__p5@@triceps@@0.00,9.85342476,113.42973722,-41.13767995,109.2970619,6.85458519,23.7669527,44.40047274,Triceps,TRIlong;TRIlat;TRImed,0,0,reserve_too_high,The posture requires more reserve torque than the quality limit permits,313.095955,89.8953529387,2.30111275812e-07,1.52481243632e-06,0.120935033291,29,5,,,,,,,,,,,,,,,,,,,,,,,,,,,,,,,,,,,,,,,,,,,,,,,,,,,,,,,,,,,,,,,,,,,,,,,,,,,,,,,,,,,,,,,,,,,,,,,,,,,,
refine__sobol__0001711__pro_sup__m2@@biceps@@0.00,-47.18759087,105.74907316,38.18360911,69.37030409,-36.16103981,17.0506441,27.62312899,Biceps,BIClong;BICshort,0,0,solver_failed,The static optimization solver did not converge,1472.632242,,9.93595676846e-08,,,0,0,,,,,,,,,,,,,,,,,,,,,,,,,,,,,,,,,,,,,,,,,,,,,,,,,,,,,,,,,,,,,,,,,,,,,,,,,,,,,,,,,,,,,,,,,,,,,,,,,,,,
refine__sobol__0002761__elv_angle__p5@@brachioradialis@@0.00,74.66299507,114.79448331,76.3794099,89.90497205,32.59677269,20.57969684,-39.26163663,Brachioradialis,BRD,0,1,usable,Converged with independently replayed constrained generalized-force equilibrium and small reserve torques,312.495276,1.13301849927,6.15220159261e-08,1.02806050003e-12,6.30106194405e-05,17,0,0.148013422339,0.414759420044,0.202000921233,0.0100011086684,0.0100002936994,0.0100002663887,0.870397310366,0.0100012913748,0.0100003275487,0.010000129013,0.0100001782076,0.0100007724571,0.010000594141,0.0100006882389,0.0100009598501,0.0100452378007,0.21254085348,0.208150468726,0.0431157856761,0.0100452378007,0.132285655596,0.0100004586928,0.0100011522002,0.000673943244676,0.0100452378007,0.042982408255,0.0174914708489,0.0100021928095,0.0100025260112,0.0100060679214,0.118884953076,0.0958732355611,0.0100102064427,0.0100057206854,0.0100122678722,0.0100194056941,0.0100168856955,0.01001942808,0.0100185143176,0.0100202090677,0.014363024068,0.0425216511564,0.0387731123394,0.0176316407862,0.0162351102039,0.0117710642073,0.0100667803041,0.0100377760426,0.0100139752732,0.0100213666102,95.2318714472,207.008182912,38.395246115,2.51989739111,9.89433466963,11.5009777815,234.111460502,1.41894726956,4.00082235062,6.38673614082,4.65864460375,2.72031862296,3.02310937585,1.87983836609,2.07815077371,0,150.306663689,144.161090661,11.3212806019,0,65.5702426041,2.6591420964,10.9760692868,0,0,10.8221156446,3.3215494262,4.07987185874,4.3016737,1.00750521725,61.249785021,25.3236619979,0.712004760205,1.67291759427,2.49641209105,1.45447224178,2.35380906269,1.724778513,2.1272582219,1.87842483341,0.564728913473,4.46349090134,3.62860341234,0.840996382421,1.17541453257,0.554840750068,0.766516319404,0.394731931471,0.993192218016,0.939371445411
refine__sobol__0002761__shoulder_elv__p2@@brachialis@@0.00,69.66299507,116.79448331,76.3794099,89.90497205,32.59677269,20.57969684,-39.26163663,Brachialis,BRA,0,1,usable,Converged with independently replayed constrained generalized-force equilibrium and small reserve torques,331.823534,1.12232799991,6.83758614173e-08,5.40900657597e-13,6.20613196296e-05,16,0,0.124661367059,0.469346660483,0.232499625884,0.0100041891152,0.0100452377353,0.010000371406,0.858980436425,0.0100013020502,0.0100003839544,0.010000132524,0.010000180189,0.0100007633232,0.010000588568,0.0100006790082,0.0100008712512,0.0100452377353,0.176987922359,0.173332007246,0.0359094586811,0.0100452377353,0.0973186750446,0.0100005080572,0.000673927913842,0.0100014416513,0.0100452377353,0.0454778085762,0.0216245281392,0.010002432245,0.0100028736077,0.0100066545797,0.0861570673475,0.0745533699068,0.0100113953485,0.0100063959692,0.0100112765732,0.0100174561373,0.0100160461083,0.0100184876658,0.0100167716076,0.010017661887,0.0135320268312,0.0403002281529,0.0365586206698,0.0164002114853,0.0166857676658,0.0117754552253,0.0100776054261,0.010036955564,0.0100139755161,0.0100208456394,93.6323654839,196.179172756,44.0718749823,1.84308318501,0,11.4539729232,230.483580427,1.41740561166,4.00865866008,6.39944077781,4.67353333023,2.7219276245,3.02559762089,1.87994569912,2.08023251665,0,125.164003473,120.046480626,9.42905368922,0,49.0007528143,2.54747077394,0,2.49857158282,0,11.450407822,4.10639789277,4.07996952392,4.30182318663,1.00756428759,44.3883074912,19.6922981618,0.712089324517,1.67303049904,2.49616492546,1.45418923354,2.35361177308,1.72461662692,2.12688818758,1.87794732983,0.532055559684,4.23030848532,3.4213589706,0.782259501431,1.20804192612,0.555047725066,0.76734057816,0.394699666486,0.993192242657,0.939322611411
refine__sobol__0000447__pro_sup__m2@@anterior_deltoid@@0.00,-52.19735649,125.74419034,83.52052318,119.07245252,-43.73916481,5.13902301,37.40828524,Anterior deltoid,DELT1,0,0,solver_failed,The static optimization solver did not converge,1438.423367,,2.39307667016e-08,,,0,0,,,,,,,,,,,,,,,,,,,,,,,,,,,,,,,,,,,,,,,,,,,,,,,,,,,,,,,,,,,,,,,,,,,,,,,,,,,,,,,,,,,,,,,,,,,,,,,,,,,,
refine__sobol__0004077__shoulder_rot__m5@@latissimus_dorsi@@0.00,90.14151069,110.66850675,-43.97703542,118.91376112,35.64364769,18.44346637,45.17195712,Latissimus dorsi,LAT1;LAT2;LAT3,0,0,reserve_too_high,The posture requires more reserve torque than the quality limit permits,336.653304,370.891510104,5.77051153527e-08,1.0413577769e-06,0.360626208533,21,1,,,,,,,,,,,,,,,,,,,,,,,,,,,,,,,,,,,,,,,,,,,,,,,,,,,,,,,,,,,,,,,,,,,,,,,,,,,,,,,,,,,,,,,,,,,,,,,,,,,,
refine__sobol__0001387__flexion__p5@@latissimus_dorsi@@0.00,23.30069038,95.97368253,56.78712474,29.38006971,56.62021019,14.28208941,-3.82218351,Latissimus dorsi,LAT1;LAT2;LAT3,0,1,usable,Converged with independently replayed constrained generalized-force equilibrium and small reserve torques,318.583263,1.0879630903,3.15493622338e-08,4.52970994047e-13,4.95075207854e-05,23,1,0.0418798466909,0.999998845356,0.216524961266,0.0100007628874,0.131934024382,0.0100003402152,0.0100043607449,0.0100011835033,0.0100013214474,0.0100001872396,0.0100001806355,0.000673959125906,0.000673959125906,0.000673959125906,0.0100004850431,0.0100026227716,0.072488788145,0.0663563440417,0.0100452379216,0.0100452379216,0.0100008623151,0.0100084361705,0.0100057976109,0.0100081395614,0.0100247112631,0.0345035019275,0.0545097036169,0.0100027608823,0.0100047346283,0.0100074255697,0.0247553984296,0.0162001326265,0.010014480521,0.0100077682946,0.0100063662933,0.0100094128662,0.010009452992,0.0100114478563,0.0100095537901,0.0100093376958,0.0113352661732,0.0437678089772,0.0343751460181,0.016388464108,0.0216783458221,0.01209373294,0.0100781003191,0.0100260776871,0.0100091259916,0.010012357451,51.0054552055,407.898647801,43.6026407658,4.66150908239,129.905427302,11.5396280809,2.43034356368,1.43803107622,4.30954974871,6.45277543944,4.66005476223,0,0,0,1.89857637951,3.30864262061,46.2002628942,38.7131787097,0,0,1.90868615547,0.0977612462062,11.7803401578,2.57030700765,3.02510307803,7.90437274069,10.514244624,4.01746351661,4.56205904155,0.998020004479,13.7922556965,3.92283086316,0.753592627354,1.7126645517,2.58942215552,1.62577559401,2.37007072068,1.73078017273,2.07070354807,1.97476018268,0.367876698024,4.77919252332,3.21208782434,0.799511871049,1.53522425016,0.517074789897,0.608199992519,0.436205093814,1.66503796948,1.12680853117
refine__sobol__0003073__deviation__p2@@subscapularis@@0.00,39.69229194,81.85014738,-55.82273854,85.01727674,19.23739769,-4.67860394,5.44539462,Subscapularis,SUBSC,0,1,usable,Converged with independently replayed constrained generalized-force equilibrium and small reserve torques,302.038255,4.14068664369,4.61035600807e-08,1.92081296877e-12,0.000267198823373,21,1,0.010000032814,0.417262107634,0.0100000794991,0.0100000299717,0.0100009959948,0.000673777345591,0.99999969912,0.0100001077366,0.757736334555,0.0100000718577,0.0100000751407,0.0100000586008,0.010000043894,0.0100000586729,0.489858998606,0.0100001411144,0.722147640719,0.70700868136,0.143626354236,0.0100452374903,0.653554781062,0.0100002137133,0.0100003427685,0.0100004048784,0.0100011697831,0.0271691354249,0.0100347599835,0.0100009950425,0.0100008740085,0.0100027509453,0.679490418664,0.449291502295,0.0100041994519,0.0100022772695,0.0100196672966,0.0101241893217,0.0100111192815,0.0100149966259,0.0100345016968,0.0104315924007,0.0182143463436,0.0844362554663,0.0745764049902,0.0435825513261,0.0133636041621,0.015785850313,0.0100206495184,0.0100306554039,0.0100056447098,0.0100117946612,11.03747099,329.836336263,1.99999913195,4.65598475936,9.2950410738,0,235.972561708,1.43267339099,336.356486647,6.57080682432,4.81934709625,2.70125235703,2.93072918101,1.8503078004,101.897919289,1.21701583264,507.324661426,486.27660829,37.0279105273,0,330.422620315,2.17923235625,11.0968228094,2.54735249874,3.17009631026,6.82937936687,1.51208318122,3.77941824562,4.22103910965,0.927457381026,361.258076408,122.347921262,0.65921624118,1.59853640761,2.58882885346,1.64511817918,2.37048006665,1.73125938698,2.06591749432,2.05776398056,0.420364794395,7.9131587915,6.06170995313,2.08524142702,0.684113097926,0.641441773553,0.708883953998,0.461349305488,1.99532956521,1.16681447642
refine__sobol__0001262__pro_sup__m5@@brachioradialis@@0.00,44.74600288,60.17290128,-58.93553151,17.95428846,-68.69228981,12.84654254,-53.58780851,Brachioradialis,BRD,0,1,usable,Converged with independently replayed constrained generalized-force equilibrium and small reserve torques,356.958729,3.69622163122,3.61673393456e-08,4.01498145167e-12,0.000313584273435,12,2,0.0201663876902,0.687280886467,0.0100000708524,0.0100000414759,0.318937958357,0.0100000238845,0.999999076999,0.010000104577,0.999999826662,0.0100002608472,0.0100001003462,0.0100000582593,0.0100000445724,0.0100000573603,0.961791493718,0.0100000305324,0.0262086832575,0.0214253707383,0.0100452377501,0.0100010336594,0.256079964124,0.0100011492081,0.0100129684527,0.000673954416433,0.0100452377501,0.143827020642,0.0174600116721,0.136214467502,0.0175595629735,0.0196178767134,0.237616734814,0.129853516992,0.0260226665128,0.0782880595637,0.0531632259262,0.0300259167637,0.0137460451223,0.0165580895404,0.0318656644813,0.0226086172524,0.010085240182,0.014393392389,0.0257087492377,0.0179049842437,0.0101657511262,0.010631567113,0.0102450421768,0.0102104208433,0.0100169895868,0.0100972015885,19.2716055716,684.078912164,2.00250415199,4.77391444196,292.085136626,12.0250038728,208.048729019,1.43858273081,443.87343152,6.48468001437,4.58401145231,2.66501482526,2.85229532864,1.80501171893,194.860853188,4.86432627503,15.4537855175,10.3195299889,0,3.43174458082,116.300530011,1.49846303589,11.7737545723,0,0,35.1446310048,3.22783187687,23.4232595607,7.50831923122,0.470473560886,43.8030123432,31.2404279762,1.20851754605,10.2859804755,10.5984923688,3.48057865995,2.82298294779,2.54343089229,6.7463811986,3.55395173431,0.395632421755,1.4024367485,2.25984930109,0.800601858141,0.716584189767,0.489011402371,0.902042430005,0.432829742495,0.846038174209,0.986576388174
refine__sobol__0000673__deviation__p5@@anterior_deltoid@@0.00,31.65029976,97.68754972,55.54200755,18.3986244,74.97958519,18.78648395,40.80672274,Anterior deltoid,DELT1,0,0,reserve_too_high,The posture requires more reserve torque than the quality limit permits,301.245674,71.0168312251,3.58449909754e-08,1.74342211778e-06,0.147398352477,28,2,,,,,,,,,,,,,,,,,,,,,,,,,,,,,,,,,,,,,,,,,,,,,,,,,,,,,,,,,,,,,,,,,,,,,,,,,,,,,,,,,,,,,,,,,,,,,,,,,,,,
refine__sobol__0004077__flexion__m2@@pectoralis_major@@0.00,90.14151069,110.66850675,-38.97703542,118.91376112,35.64364769,18.44346637,43.17195712,Pectoralis major,PECM1;PECM2;PECM3,0,1,usable,Converged with independently replayed constrained generalized-force equilibrium and small reserve torques,383.565088,0.56061549059,3.20666266873e-08,1.66977542904e-12,0.000180251931037,20,0,0.228264056675,0.340188570474,0.0100019345489,0.0100006300744,0.0540863254099,0.0100000684412,0.603283528549,0.0100005031424,0.000674558474025,0.000674558474025,0.000674558474025,0.0100001594371,0.01000013918,0.0100002217285,0.0100002645201,0.0100452423279,0.0708965562772,0.0708350111888,0.0179915177972,0.0100452423279,0.0100001490735,0.010000192136,0.0100038216697,0.0100131004343,0.0100017017606,0.0100068810648,0.0735675491216,0.0100061308042,0.0100452423279,0.0100450599499,0.0534976727351,0.0465312631663,0.0100452423279,0.010035024671,0.0100083046653,0.0100096991019,0.0160656850071,0.0100719508348,0.0100279631262,0.0100086365046,0.0120778886475,0.0260039923667,0.0186478402309,0.0100532306096,0.0190106530091,0.0100283479769,0.010012317556,0.0100062388017,0.0100020105658,0.0100022861061,181.659669373,329.125207459,1.71250665194,3.78575069809,56.1883064885,11.1366789594,147.563218911,1.24908897766,0,0,0,2.75793561302,2.99927448144,1.88070404582,2.07453422551,0,50.8601911553,50.7717991284,5.09518782002,0,4.93214933574,3.16644832296,8.93924295513,0.386045688241,3.04048166427,1.40591629047,11.9811311368,1.63665131341,0,0.000678939473063,19.2202300117,12.2031000394,0,0.573129807088,2.43478792429,1.57943240713,3.63337590999,1.6597870148,1.95003396315,1.90228738726,0.262148182783,1.93043836378,1.16058679182,0.358289735378,0.849327920052,0.226243310454,0.393820579918,0.422592003554,2.01030364697,1.16696241481
refine__sobol__0000603__pro_sup__m5@@teres_major@@0.00,9.85342476,113.42973722,-41.13767995,109.2970619,1.85458519,23.7669527,39.40047274,Teres major,TMAJ,0,1,usable,Converged with independently replayed constrained generalized-force equilibrium and small reserve torques,338.082954,5.21443688028,2.34134972743e-07,6.93489710102e-12,0.000735450638789,25,2,0.0100000345219,0.533215783927,0.999999920427,0.767459606348,0.420619298202,0.175393972835,0.0100001112796,0.000673960452961,0.999999626298,0.0100000085992,0.0100000065607,0.0100002892873,0.0100001010511,0.0100000659214,0.0100000390052,0.911784097056,0.0592816582398,0.0587647189349,0.0138904904031,0.0359321557422,0.0100000083089,0.0100000226618,0.0100039444995,0.0100069642872,0.0100001533351,0.0100005296641,0.921221743864,0.0100005278303,0.0100452377883,0.0100030787748,0.0100049404219,0.0100150341258,0.0100452377883,0.125668299726,0.010001093098,0.0100011722552,0.362959099829,0.169937705215,0.0507026692944,0.0100010366501,0.150348161358,0.316052777435,0.22752695,0.013901780069,0.292064722047,0.0100052668531,0.0100012124926,0.010000588472,0.01000015678,0.0100001856819,12.1373982622,4.8619201205,192.923239687,22.347756045,413.92008207,225.064820173,2.59217572765,0,443.744359212,6.22214150481,4.97023188955,2.71283358425,2.98096290079,1.87873875165,1.27756078099,60.1938924376,42.5236555351,41.7851480466,3.89717008794,12.7612043053,4.7505187776,2.48202020691,10.2971998289,1.28232469395,3.15963632458,1.61942693364,163.711630724,2.64335850631,0,0.246483472542,5.1400707441,2.83015873869,0,11.1147293181,2.48479277677,1.60905393304,83.1650183876,28.3886030854,10.0274235407,1.93804631568,3.48527022084,25.103275286,15.1170409917,0.517502226737,14.6702127075,0.247049654886,0.41383277667,0.390008103824,2.00723238005,1.14912544679
refine__sobol__0000625__shoulder_rot__m5@@supraspinatus@@0.00,52.04092476,70.77348722,-43.79392995,54.4533119,79.35458519,9.0013277,-41.22452726,Supraspinatus,SUPSP,0,1,usable,Converged with independently replayed constrained generalized-force equilibrium and small reserve torques,393.81668,0.292415391991,3.12923589263e-08,1.16771212379e-12,4.73411803944e-05,23,0,0.154101021579,0.332964823559,0.0100809534722,0.000673959179262,0.166496396049,0.010009907246,0.0217138288807,0.0100064456773,0.0100046215554,0.0100011863698,0.0100012651713,0.0100044020194,0.0100038306744,0.010003977167,0.0100043133139,0.010004540217,0.0100132871545,0.0100135064265,0.0100391096165,0.0100452377262,0.0100017578185,0.0100029311934,0.0292400594149,0.0100014960409,0.0100452377262,0.0820397400024,0.010001980512,0.01000238325,0.010000851924,0.0100069615221,0.332165799237,0.0538434676641,0.010005864145,0.0100029357523,0.0100053999749,0.0100122722617,0.010004139848,0.0100059719636,0.0100064378773,0.0100181519617,0.0100543909564,0.0100785897294,0.0317930455932,0.0285365400744,0.0100121624907,0.0101210383514,0.0151892772002,0.0260137783768,0.0100324055522,0.0493858117073,187.67923478,323.557947077,2.03040157879,0,162.605096721,12.929184254,5.22324624955,1.43906035034,4.42696358917,6.46419503637,4.60460712065,2.6839268967,2.89570044422,1.82791554299,2.02906834769,2.70499654432,6.72583795051,6.57160471051,0.786965989773,0,3.7968862161,1.04964523673,34.2626525436,2.75967558789,0,20.6211562231,1.92936270891,3.40844813197,4.79814004116,0.698879298985,176.383872255,10.1975172071,0.736935058903,1.70819286326,2.49408708286,1.48057828046,2.31257128586,1.71010500018,2.12495138887,1.91695700623,0.382289902681,1.07672002043,2.98955827679,1.35955718579,0.724737713321,0.478142646724,1.18485484368,1.15581958048,1.09831893479,5.24380242265
refine__sobol__0003073__pro_sup__m5@@coracobrachialis@@0.00,39.69229194,81.85014738,-55.82273854,85.01727674,14.23739769,-6.67860394,5.44539462,Coracobrachialis,CORB,0,1,usable,Converged with independently replayed constrained generalized-force equilibrium and small reserve torques,256.108929,4.70658116108,1.08060597803e-07,3.26139115714e-12,0.000316451677547,23,1,0.0100000257546,0.212949231858,0.0100000657535,0.010000023732,0.0100008338919,0.0100000146676,0.999999774336,0.0100000906232,0.898372660354,0.0100000619749,0.0100000651507,0.0100000485617,0.0100000359908,0.0100000487462,0.000673971305142,0.0100001188672,0.837536904505,0.819979003069,0.166575220443,0.0100452379223,0.763851244224,0.0100001847275,0.0100002944921,0.0100003781377,0.0100010622877,0.0229731415978,0.0119220791795,0.0100009553875,0.0100008258941,0.0100026369577,0.770081648655,0.502851531282,0.0100039935956,0.0100022040103,0.0100428677762,0.0145027043387,0.0100137955785,0.0100186691243,0.0100987887237,0.0152586472614,0.0198865424776,0.0930892509265,0.0819339246149,0.0465763475946,0.016091243013,0.016588401239,0.0100171190067,0.0100257684679,0.0100050900415,0.0100097371559,11.037463205,168.331590916,1.99999638286,4.65598185395,9.29489041504,12.983775574,235.972579512,1.43267093922,398.784455695,6.57080033055,4.81934228191,2.70124964525,2.93072686485,1.8503059637,0,1.21701312598,588.388166815,563.976962344,42.944293829,0,384.105837805,2.24212200258,11.0967692404,2.54707421845,3.15369483091,5.79179064785,1.7400825873,3.77222408625,4.27950833401,0.927235144214,412.427729652,138.473465924,0.662998040533,1.60109785371,2.59580753424,2.35659967667,2.37113158614,1.73199711249,2.08172692363,3.01002874763,0.453340396817,8.6958755915,6.70695906135,2.24037851226,0.812769110697,0.681043139641,0.722364119961,0.461020189275,1.99457350902,1.16511334756
refine__sobol__0000625__pro_sup__m2@@triceps@@0.00,52.04092476,70.77348722,-38.79392995,54.4533119,77.35458519,9.0013277,-41.22452726,Triceps,TRIlong;TRIlat;TRImed,0,1,usable,Converged with independently replayed constrained generalized-force equilibrium and small reserve torques,347.252476,2.20655099861,3.65954662129e-08,2.58637555817e-12,8.97288307488e-05,21,1,0.377387811371,0.28260808531,0.0100002872295,0.0100001387301,0.999998900219,0.0100000672631,0.789974389705,0.0100003427308,0.529507627478,0.0100001977871,0.0100001666724,0.0100001986287,0.0100001534355,0.0100001872367,0.0786545717597,0.000673984262023,0.000673984262023,0.000673984262023,0.010039549258,0.0100452373678,0.0327633157208,0.0100015956084,0.0268440800329,0.0100023135605,0.0100452373678,0.0838827733487,0.0100024437978,0.0100034562676,0.0100010312897,0.0100091018391,0.23707150909,0.0419349080134,0.0100073997272,0.0100038184286,0.010006643742,0.0100145759408,0.0100048773106,0.0100070418009,0.0100076093096,0.0100199765249,0.010048513462,0.0100586742677,0.0262806102061,0.0238644231216,0.0100143809183,0.0101222326634,0.0144620064785,0.0222860058446,0.0100289790284,0.0414812297821,459.610483465,273.431021245,2.01418719529,4.8438665927,986.560875151,13.0247566933,192.786931228,1.43840923064,233.624051274,6.44189620673,4.59053237197,2.67898240587,2.88935113647,1.82460798443,15.9351426495,0,0,0,0.787000453857,0,12.5635470192,1.09643046785,31.4551134785,2.76008123845,0,21.0776748386,1.92945067253,3.42988894229,4.79822599025,0.705222229558,126.018949017,8.07842702894,0.739530717925,1.7090351856,2.49653228063,1.48195095591,2.31375451902,1.71075791911,2.12518608706,1.91759784598,0.382676653859,1.07399541811,2.4703526075,1.13638495428,0.724904093753,0.478198472041,1.12904869687,0.99019071923,1.09794380857,4.40449120211
refine__sobol__0001369__deviation__p2@@brachialis@@0.00,54.23819038,98.00493253,-15.86912526,47.66131971,-5.87978981,5.89146441,-10.69718351,Brachialis,BRA,0,1,usable,Converged with independently replayed constrained generalized-force equilibrium and small reserve torques,366.920707,3.33960034094,3.93293575485e-09,3.7871927816e-12,0.000165368935636,19,1,0.474318595401,0.0100002942859,0.01000018841,0.010000053071,0.958369334111,0.0100000340454,0.999999027454,0.0100002665744,0.0100006309951,0.0100000786402,0.0100001064038,0.0100001436712,0.0100001030967,0.0100001322484,0.58785705931,0.0100002395158,0.362356328752,0.353251856683,0.0101168609432,0.0100009751821,0.526130581091,0.0100009102696,0.000673975402685,0.0100019403844,0.0290620070645,0.0484955898324,0.0100550688341,0.0100040038082,0.0100016805557,0.0100085824788,0.496210018549,0.242371448721,0.0100106327769,0.0100066400849,0.0191391632404,0.0203348142004,0.010017110013,0.0100271160761,0.0101959369061,0.0193212996456,0.0137438442751,0.0595750446486,0.0100452376417,0.0329312708116,0.0124972414982,0.015024132793,0.0100824212253,0.010235672351,0.0100115159622,0.0109003235883,552.581363816,6.16690411326,2.01382740219,4.68070869634,974.022049484,13.0045665404,257.777219474,1.41485666532,4.35918697684,6.56922648676,4.81485225451,2.71742623628,2.97820413247,1.87451135242,122.279870618,2.06907448614,240.592039893,228.653776931,0.209711520865,3.75885859164,276.247523554,1.38276742775,0,2.75979801514,9.80253059825,12.2436886218,1.93913469694,4.07991134474,4.59258461779,1.00952545681,263.055238391,68.9837101053,0.747822250391,1.7093017406,4.95164692613,3.25866373206,2.37094123967,1.7334800624,2.14550647818,3.80618984157,0.426916516824,6.50463159406,0,1.60703518865,0.847478539596,0.684814409801,0.746420276678,0.469217268953,1.68218284686,1.26837237014
refine__sobol__0000673__elbow_flexion__m2@@latissimus_dorsi@@0.00,31.65029976,97.68754972,55.54200755,16.3986244,74.97958519,13.78648395,40.80672274,Latissimus dorsi,LAT1;LAT2;LAT3,0,1,usable,Converged with independently replayed constrained generalized-force equilibrium and small reserve torques,378.150213,1.09563517307,5.16523854799e-08,4.51194637208e-13,3.40936917628e-05,25,0,0.0462874560532,0.988216326341,0.112254110417,0.0100015240524,0.102789128219,0.0100006339662,0.0100022248795,0.0100018641823,0.0100024546491,0.0100002989132,0.010000293504,0.000674079748947,0.000674079748947,0.000674079748947,0.0100006729785,0.0100027646266,0.103533754901,0.0836228225652,0.0100452376192,0.0100452376192,0.0100010600332,0.0100271272787,0.0100041133263,0.0100068687912,0.0192106902413,0.0700706701016,0.0817947430192,0.0100006936419,0.0100010440344,0.0100022952257,0.197354408951,0.045761291381,0.0100037433862,0.0100016929277,0.0100013209785,0.0100020502356,0.0100018212424,0.0100023073711,0.010001914789,0.0100020315714,0.0205214277047,0.0984269878002,0.0752211048922,0.0420760744355,0.0437026393479,0.0227816931987,0.0122931880647,0.0100187501937,0.0100030784884,0.0100052456311,56.1812017069,403.17377717,22.6103625612,4.45440730204,107.608122497,11.5079884815,2.58087830233,1.43876562527,4.23714219964,6.3814316799,4.61967207997,0,0,0,2.02913347441,3.6910796705,59.8450730311,39.0394670941,0,0,1.76580326919,0.0192254996654,11.7570947942,2.39700855821,4.24748543753,9.32865375228,15.5191212724,4.03926060855,3.68691169593,0.957103208058,109.961277364,9.01780386002,0.690755626286,1.62211791059,2.43145272566,1.57390673905,2.26609117106,1.65063879689,1.9440963675,1.89266422568,0.468300918925,8.17614002408,5.1770801685,1.60808776645,2.47107547883,0.537600444969,0.496186877461,0.448588487921,2.00946020171,1.16755096837
refine__sobol__0001711__elv_angle__p2@@brachioradialis@@0.00,-45.18759087,105.74907316,38.18360911,69.37030409,-34.16103981,17.0506441,27.62312899,Brachioradialis,BRD,0,1,usable,Converged with independently replayed constrained generalized-force equilibrium and small reserve torques,360.817349,3.14296155728,2.66491930745e-08,2.29508806762e-12,0.000276359375156,16,1,0.700831874547,0.99999918633,0.0100004854159,0.0100005108603,0.0100001964949,0.769397043608,0.0100816418555,0.0100005626548,0.0100001778636,0.0100000595948,0.010000081437,0.0100006139639,0.0100002087511,0.0100002427524,0.0100007789504,0.0585558001627,0.494513196864,0.483859589012,0.0827448275206,0.0100020300039,0.601716280673,0.0100008035638,0.0100010196609,0.000906920316797,0.0100119035363,0.0300729298206,0.0896996978445,0.0100078362312,0.0100094571728,0.0100176623272,0.39333425066,0.191425000293,0.0100238353777,0.0100144971765,0.0116977197809,0.0104340229608,0.0100447048249,0.0100540220184,0.0100894022496,0.0100800398817,0.0110062962514,0.0496539654969,0.0380163745159,0.0216118077582,0.019316163128,0.0108610931221,0.0100783995816,0.0100755458774,0.01002088235,0.0100355964147,323.254924968,245.2552898,1.82194015917,1.94340691433,2.79997728469,891.315702374,0,1.39834933792,4.17471721567,5.24941983145,4.92783498406,2.50803062601,2.79820575102,1.82119660499,0.562520001803,19.2267631426,339.876995772,325.390343769,16.6122507786,3.69613846636,221.797576271,0.81792430131,11.453088123,0,3.37247108113,6.20086678615,16.8735798075,3.87048652582,1.66848043753,0.928774258858,206.096123002,53.2750993104,0.554689766946,1.57483279014,2.98681822604,1.69539274379,2.35380416195,1.71687129707,2.04261986734,1.98658772219,0.257791934725,4.25545040433,2.74122983182,0.87265370384,1.06297175526,0.323413427739,0.534513954842,0.431111460974,2.00716501614,1.16751824393
refine__sobol__0000447__elbow_flexion__p5@@latissimus_dorsi@@0.00,-52.19735649,125.74419034,83.52052318,124.07245252,-41.73916481,5.13902301,37.40828524,Latissimus dorsi,LAT1;LAT2;LAT3,0,0,reserve_too_high,The posture requires more reserve torque than the quality limit permits,287.952963,426.604594235,4.83773021642e-08,8.71677802827e-07,0.337442405832,22,0,,,,,,,,,,,,,,,,,,,,,,,,,,,,,,,,,,,,,,,,,,,,,,,,,,,,,,,,,,,,,,,,,,,,,,,,,,,,,,,,,,,,,,,,,,,,,,,,,,,,
refine__sobol__0002761__shoulder_elv__p2@@teres_major@@0.00,69.66299507,116.79448331,76.3794099,89.90497205,32.59677269,20.57969684,-39.26163663,Teres major,TMAJ,0,1,usable,Converged with independently replayed constrained generalized-force equilibrium and small reserve torques,371.757985,1.12215010376,6.74507987242e-08,3.97903932026e-13,6.2215683312e-05,11,0,0.124859828049,0.464564255607,0.2321281596,0.010017471183,0.0101891742391,0.0100016061912,0.859767520403,0.0013876898347,0.0100016597702,0.0100005950756,0.0100007976858,0.0100032759953,0.0100025339255,0.0100029185036,0.010003746238,0.0101891742391,0.182763890572,0.178989020843,0.0371314348564,0.0101891742391,0.0946081407655,0.0100021827772,0.0100056989179,0.0100059917396,0.0101891742391,0.0456001708817,0.0216813679698,0.0100102543415,0.0100120383461,0.0100280462558,0.082579696121,0.0743695080361,0.0100478424129,0.0100268709841,0.0100480123241,0.0100741979993,0.0100680709521,0.0100784028047,0.0100712251565,0.0100750842059,0.0138109047185,0.0401018165093,0.0364328985568,0.0165405206875,0.0168271140835,0.0122959030103,0.0103159548496,0.0101557657328,0.0100594766782,0.0100886727659,93.781428191,194.18020591,44.0014610399,1.84553015054,0,11.4553871907,230.694772632,0,4.00917007165,6.39973678203,4.67382191503,2.72261150361,3.02618617343,1.88036668352,2.08083052864,0,129.248707646,123.964421597,9.74991842438,0,47.6359765312,2.54789737976,10.981059221,2.4997082913,0,11.4812162159,4.11719151339,4.08316013941,4.30576456402,1.00971820298,42.5452380938,19.6437334494,0.714681727093,1.67645384217,2.50532444494,1.46242619475,2.36583678494,1.73493062312,2.13845045681,1.88871192589,0.543020549101,4.20948124585,3.40959319564,0.788951988539,1.21827534193,0.579579545925,0.785489253491,0.399371833593,0.997705074122,0.945680512983
refine__sobol__0000625__shoulder_rot__m2@@middle_deltoid@@0.00,52.04092476,70.77348722,-40.79392995,54.4533119,79.35458519,9.0013277,-41.22452726,Middle deltoid,DELT2,0,0,solver_failed,The static optimization solver did not converge,557.886119,,2.51424125963e-08,,,0,0,,,,,,,,,,,,,,,,,,,,,,,,,,,,,,,,,,,,,,,,,,,,,,,,,,,,,,,,,,,,,,,,,,,,,,,,,,,,,,,,,,,,,,,,,,,,,,,,,,,,
refine__sobol__0000625__elv_angle__p5@@infraspinatus@@0.00,57.04092476,70.77348722,-38.79392995,54.4533119,79.35458519,9.0013277,-41.22452726,Infraspinatus,INFSP,0,1,usable,Converged with independently replayed constrained generalized-force equilibrium and small reserve torques,557.099075,0.6619096462,2.53514258475e-08,3.48396880302e-13,5.24031722598e-05,24,0,0.141741076171,0.377775499952,0.0113733757771,0.0100017856601,0.000673999753268,0.0100001473158,0.607637747155,0.0100012155789,0.010000487284,0.0100002215352,0.0100002856583,0.0100007191716,0.0100006197973,0.010000746549,0.0100014349458,0.0100011449825,0.0100134352487,0.0100136559194,0.010039192369,0.010045237688,0.0100022069063,0.0100012662107,0.0287853335772,0.0100014926512,0.010045237688,0.08200234975,0.0100019729889,0.010002387786,0.0100008499905,0.0100069696959,0.332368231709,0.0539029886754,0.0100058583849,0.0100029333286,0.0100054131939,0.0100123293671,0.0100041370568,0.010005971292,0.0100064451964,0.010018310176,0.0100537588628,0.0100747282394,0.0316226602849,0.028507693768,0.0100120894718,0.0101188114994,0.0151993898287,0.0261446753456,0.0100329195584,0.0497214189356,171.600662676,371.101233978,2.29084086852,4.92887364871,0,12.9443937448,147.630577431,1.43835598781,4.39574201035,6.40630979795,4.55910072728,2.68275148728,2.89661995892,1.82794052299,2.00451647817,2.67002965322,6.72593742411,6.5717028188,0.786972476912,0,3.68704757383,1.16434968907,33.7298180114,2.75967465257,0,20.6117579701,1.92936125773,3.40844967777,4.79813911352,0.698879869863,176.491366232,10.2087900047,0.736934634668,1.70819244937,2.49409037802,1.48058672502,2.31257064063,1.7101048854,2.12495294315,1.9169872803,0.382265869088,1.07630748817,2.97353663436,1.35818287052,0.724732427795,0.478037444783,1.18564368943,1.16163547073,1.09837520678,5.2794373134
refine__sobol__0001387__shoulder_rot__p5@@coracobrachialis@@0.00,23.30069038,95.97368253,61.78712474,29.38006971,56.62021019,14.28208941,-8.82218351,Coracobrachialis,CORB,0,1,usable,Converged with independently replayed constrained generalized-force equilibrium and small reserve torques,369.77339,1.08181631512,1.43009142306e-08,1.84030568562e-12,4.2661955252e-05,19,1,0.0357497007011,0.999997932896,0.194100448207,0.0100008050439,0.14443462859,0.0100003875258,0.0100053322486,0.0100013331408,0.0100014484202,0.0100002167625,0.0100002083041,0.0100009326108,0.0100006825947,0.0100006893092,0.000673935225774,0.0100036362275,0.0784170144145,0.0717828770964,0.0100452377763,0.0100452377763,0.0100009991406,0.0100101630283,0.0100054109077,0.0100078128344,0.0100161088246,0.0265233309854,0.0519631201265,0.0100031912925,0.0100061366419,0.0100087277826,0.0202064655012,0.0154570092583,0.0100166309355,0.0100090323958,0.0100077207738,0.0100110753946,0.0100116149884,0.0100137002081,0.0100113437043,0.0100108562565,0.0109231082856,0.039043932138,0.0311094378374,0.0142954629408,0.0201071372971,0.0109236160403,0.0100636614862,0.0100263328448,0.0100101413936,0.0100130361023,43.5336325998,418.465946509,39.0901429589,4.70604236552,138.890192899,11.561729096,2.60459419053,1.43777810477,4.31479733637,6.45214622295,4.65461570792,2.62328766084,2.85142287663,1.8135045383,0,3.2394751861,49.9785797797,41.8790906852,0,0,1.87990973286,0.0891700173367,11.7798848723,2.57022309725,3.08228524896,6.31647238855,10.0200966437,3.91094757914,4.61335069831,0.957994416041,11.257857138,3.74288497348,0.75422732361,1.71346097767,2.58988863065,1.62397174429,2.37062113896,1.73127743103,2.08176372411,1.9749919939,0.368611294745,4.26355797819,2.93026717057,0.697612805283,1.44309813123,0.488785523709,0.631036118445,0.434670502485,1.58571449259,1.11197453573
refine__sobol__0003073__shoulder_elv__m5@@supraspinatus@@0.00,39.69229194,76.85014738,-55.82273854,85.01727674,19.23739769,-6.67860394,5.44539462,Supraspinatus,SUPSP,0,1,usable,Converged with independently replayed constrained generalized-force equilibrium and small reserve torques,343.874909,3.2177753355,8.32052053923e-08,3.11217718263e-12,0.000175294171849,23,1,0.0100001533254,0.468966680798,0.0100001262641,0.00067459059724,0.188344575061,0.0100000391198,0.99999888384,0.0100001727957,0.994860267217,0.0100001475124,0.0100001316281,0.0100000993047,0.0100000749118,0.0100000980597,0.396269472672,0.0100002011371,0.438525923541,0.429333090885,0.0872208117574,0.0100452373563,0.402179517793,0.0100003599811,0.0100005680249,0.0100006686577,0.0100020212427,0.0404507317651,0.0195224463558,0.0100012762066,0.0100012401884,0.0100035126092,0.421585807824,0.276583856176,0.0100056359718,0.0100030073894,0.010006971006,0.0100125111576,0.0100076888222,0.0100098607701,0.0100108891503,0.0100123993073,0.0147347964647,0.0694413304179,0.0596781640109,0.0333723321488,0.0155796852022,0.0147940202354,0.010029626435,0.0100249473795,0.0100057887722,0.0100100638766,10.7444925531,402.88246944,1.99759161796,0,174.656779474,12.920188463,233.786033393,1.43657672827,441.613622054,6.57010027455,4.77057538715,2.69312994496,2.91127752392,1.83886687109,82.4262303039,1.40434211191,308.074143215,295.292893522,22.4861546556,0,204.575454469,2.27640520783,11.0970727637,2.54741968983,3.15433324621,10.1930712999,2.83449838546,3.7716525243,4.28473839421,0.927381513325,224.140434935,75.3173823341,0.663869186387,1.601109904,2.58549091983,1.62697105008,2.36968085817,1.73042955091,2.06159082912,1.97500226525,0.335581222216,6.47964023417,4.87688677151,1.60432113377,0.784932565083,0.606845193567,0.718201395856,0.46098243273,1.99471280531,1.16515137715
refine__sobol__0001369__deviation__p5@@subscapularis@@0.00,54.23819038,98.00493253,-15.86912526,47.66131971,-5.87978981,8.89146441,-10.69718351,Subscapularis,SUBSC,0,1,usable,Converged with independently replayed constrained generalized-force equilibrium and small reserve torques,498.862473,3.15183185684,1.09269535642e-08,2.90611978926e-12,0.000153955102174,19,1,0.47318963071,0.010000337337,0.0100002029249,0.0100000579156,0.935037905913,0.000673873907942,0.999998754976,0.0100002833224,0.0100006630924,0.0100000827497,0.0100001112988,0.0100001531403,0.0100001101922,0.0100001408989,0.513290345529,0.0100002553897,0.351580157364,0.342746405217,0.010111690792,0.0100010124692,0.505259600321,0.0100009154406,0.0100012084223,0.0100019915959,0.0298906367343,0.0472803963533,0.0100423543819,0.0100041917907,0.010001692322,0.0100089786176,0.476659342989,0.233337203785,0.0100108002702,0.0100067344721,0.0180563901573,0.0194681439836,0.0100167665565,0.0100262166605,0.0101310419965,0.0184678997817,0.0129482876132,0.0561295805338,0.0100452377771,0.0313705258816,0.011403662478,0.0146557071312,0.0101269409464,0.0108089724491,0.0100151044287,0.0169983891773,551.266119481,6.16693066331,2.0138303252,4.68071096398,950.30955713,0,257.777149234,1.41485903488,4.35920096774,6.56922918639,4.81485461125,2.7174288094,2.9782062456,1.87451297393,106.76928353,2.06907777072,233.437035688,221.853781092,0.209604349419,3.75887260604,265.289109504,1.38276814302,11.7672219685,2.75981214572,10.0807076279,11.9342286727,1.93715153354,4.07900153261,4.54879888162,1.00887704408,252.690861556,66.412385236,0.745819448165,1.70786364493,4.67140214768,3.11512620438,2.37121820647,1.73337177773,2.13121932524,3.6369509599,0.412245184368,6.12915612005,0,1.53087102303,0.788794055737,0.667818365946,0.733221356477,0.490778208224,1.64352237136,1.96226758923
refine__sobol__0000673__shoulder_rot__m2@@teres_minor@@0.00,31.65029976,97.68754972,53.54200755,18.3986244,74.97958519,13.78648395,40.80672274,Teres minor,TMIN,0,1,usable,Converged with independently replayed constrained generalized-force equilibrium and small reserve torques,462.274152,1.1069071178,2.08464285834e-08,1.16475063798e-12,3.44982045224e-05,27,0,0.0495875076628,0.993078271704,0.114578542293,0.0100016952412,0.113207533319,0.0100006912775,0.000674593550678,0.0100018649852,0.0100025886859,0.0100002972571,0.0100002915919,0.0100013382272,0.0100009609404,0.0100009530324,0.0100006647687,0.0100026740623,0.0964655027045,0.0790717188856,0.0100452379866,0.0100452379866,0.0100010262736,0.01002198268,0.0100044530342,0.0100061473192,0.0193251632218,0.0713861951679,0.0847551379727,0.0100006916118,0.0100010931855,0.0100022742727,0.197229208308,0.0451211910029,0.0100037378705,0.0100016890962,0.010001307358,0.01000202624,0.0100018111607,0.0100022921968,0.0100018988845,0.0100020048586,0.0205746804392,0.0981413702265,0.0750980463218,0.0418212521974,0.0440175977126,0.0228005525452,0.0118556548312,0.0100175241105,0.0100029554043,0.0100049504332,60.1674904404,401.705059845,23.0785039407,4.42778578334,119.159949249,11.518667554,0,1.43877624584,4.23696463412,6.38498903666,4.62406473236,2.64847550457,2.88748693043,1.82812926441,2.02866408132,3.61957573323,57.1811452027,38.4184883198,0,0,1.82283733836,0.0303146547778,11.7652355529,2.41205040719,4.34196997736,9.61190525367,16.0157257132,4.03081942451,3.62313003294,0.955716796,109.889081076,8.89166450658,0.689284113916,1.61979241107,2.43144941444,1.5739029632,2.26608888696,1.6506362928,1.94409327616,1.89265917093,0.463991858007,8.06243952885,5.12543935895,1.5866884705,2.46718588492,0.538045486439,0.478526833053,0.448533590201,2.00943547606,1.16751652059
refine__sobol__0002761__elv_angle__m2@@brachialis@@0.00,67.66299507,114.79448331,76.3794099,89.90497205,32.59677269,20.57969684,-39.26163663,Brachialis,BRA,0,1,usable,Converged with independently replayed constrained generalized-force equilibrium and small reserve torques,340.945771,1.08932842722,5.74116363339e-08,8.24229573482e-13,6.11692459025e-05,17,0,0.116318173564,0.478041218374,0.233602974994,0.0100090279502,0.0100003557806,0.0100004587192,0.853144470454,0.0100013582863,0.0100004450419,0.0100001450351,0.0100001921758,0.0100007914911,0.010000626407,0.0100007173296,0.0100008934723,0.0100452377519,0.146242609651,0.143221775576,0.0296798279702,0.0100452377519,0.072717278181,0.0100005555047,0.000673960334639,0.0100017539336,0.0100452377519,0.0497046890445,0.0232260161109,0.0100026549656,0.0100031197989,0.0100071732685,0.0611981414078,0.0574927007054,0.0100124269725,0.0100069616734,0.0100102725881,0.0100157873639,0.0100146593355,0.0100170859774,0.0100150017512,0.0100156588651,0.0129137944897,0.0388069712422,0.0353046906582,0.0157949559866,0.0169504941023,0.0119969570819,0.0101001541797,0.0100373303052,0.0100138906701,0.010021020622,95.2752018278,204.501757488,44.1791048468,1.85965087157,10.0291141937,11.4241541763,229.61554656,1.42520193169,4.00193836913,6.36005298037,4.6431469842,2.71604486451,3.01381457869,1.8793050835,2.08018469899,0,103.421240604,99.1927017989,7.79328627327,0,36.7857256885,2.56705400935,0,2.49864959753,0,12.5146522673,4.41051305242,4.08006037117,4.30192906348,1.00761651402,31.5294148492,15.1859453942,0.712162701771,1.67312508263,2.49591459624,1.45394698499,2.35328590347,1.72437533547,2.1265123892,1.87757183588,0.507747748417,4.07356154656,3.30400922866,0.753389942903,1.22720799871,0.565488434063,0.769057511255,0.39471440299,0.993183826975,0.939339013521
refine__sobol__0003073__pro_sup__p2@@infraspinatus@@0.00,39.69229194,81.85014738,-55.82273854,85.01727674,21.23739769,-6.67860394,5.44539462,Infraspinatus,INFSP,0,1,usable,Converged with independently replayed constrained generalized-force equilibrium and small reserve torques,280.048104,4.48645280007,7.95547085986e-08,5.77028854942e-12,0.000288813364007,21,1,0.0100000274655,0.397331823087,0.0100000730051,0.0100000268142,0.000677246738119,0.0100000166799,0.999999747743,0.0100000985133,0.725566609384,0.0100000643887,0.0100000680123,0.0100000531824,0.0100000396668,0.0100000533229,0.523520844478,0.0100001294144,0.780707732134,0.764341116827,0.155272871215,0.010045237919,0.704374181132,0.0100001966185,0.0100003164976,0.0100003619157,0.0100010456134,0.0232149737524,0.010024422122,0.0100009048052,0.0100007942416,0.0100025217119,0.741033055256,0.492656897892,0.0100038350748,0.0100020794564,0.0100207523882,0.0103209556558,0.010011028844,0.0100149799779,0.0100407429899,0.0129516934308,0.0195863507675,0.0907643412122,0.0813332877776,0.0469996176875,0.0132545427812,0.0161949564154,0.0100180298091,0.0100287803835,0.0100053241022,0.0100108982989,11.037465087,314.081893255,1.99999783313,4.65598328905,0,12.9837781859,235.972573188,1.43267206959,322.076459094,6.57080191659,4.81934366109,2.70125089339,2.93072794219,1.85030681054,108.900081265,1.21701440795,548.46441856,525.709536064,40.030466647,0,356.882432046,2.15405159648,11.0967936579,2.54774129643,3.15438614018,5.84853003131,1.45210471944,3.77162604261,4.2871167851,0.927433353848,392.854309239,133.551878863,0.664206777649,1.60103308414,2.58859906389,1.67709122155,2.37046941211,1.73129531708,2.06697600759,2.55472437849,0.445887639912,8.46514038814,6.6417891144,2.25886507097,0.667094010414,0.664086488248,0.715372879539,0.461158687772,1.9946201706,1.16524850223
refine__sobol__0004077__flexion__p5@@middle_deltoid@@0.00,90.14151069,110.66850675,-38.97703542,118.91376112,35.64364769,18.44346637,50.17195712,Middle deltoid,DELT2,0,0,solver_failed,The static optimization solver did not converge,838.150948,,3.39308066089e-08,,,0,0,,,,,,,,,,,,,,,,,,,,,,,,,,,,,,,,,,,,,,,,,,,,,,,,,,,,,,,,,,,,,,,,,,,,,,,,,,,,,,,,,,,,,,,,,,,,,,,,,,,,
refine__sobol__0001711__elbow_flexion__m2@@brachioradialis@@0.00,-47.18759087,105.74907316,38.18360911,67.37030409,-34.16103981,17.0506441,27.62312899,Brachioradialis,BRD,0,1,usable,Converged with independently replayed constrained generalized-force equilibrium and small reserve torques,345.355962,2.15409153061,4.39536336216e-08,1.46371803567e-12,0.000147194245919,20,1,0.526611720086,0.999994716796,0.010000411835,0.0100008596008,0.010000226771,0.505685546292,0.0100452377166,0.0100005538435,0.010000224423,0.0100000664341,0.0100000893313,0.010000564945,0.0100002077608,0.0100002472555,0.0100008698872,0.0392826705728,0.380379299337,0.372152300737,0.0588109735377,0.0100014647519,0.455571665133,0.010000876365,0.0100007511403,0.000673873150317,0.0100077611133,0.0300195870694,0.0891038865421,0.0100035361819,0.0100060475179,0.0100086118467,0.295724956062,0.145052854453,0.0100132881128,0.0100076546679,0.0100152208155,0.0100203581646,0.0100139424256,0.0100166709099,0.0100169469848,0.0100151656976,0.0109323679532,0.0486717622333,0.036674595397,0.0200603313989,0.0208724655207,0.0105343618378,0.0100414053113,0.0100283608391,0.0100080149582,0.0100118356132,234.844448055,247.514302609,1.81956347814,1.84547435089,2.49847793196,585.410421286,0,1.39722088572,4.1471195888,5.18973102547,4.91621453383,2.50426554733,2.79863638429,1.82184722965,0.546797112155,13.3898501007,260.674159467,249.52010813,10.8992345316,3.69592958383,164.815948078,0.739594312044,11.4938688022,0,3.36556901943,6.1864180059,16.8142428622,3.88251217829,1.80551547235,0.932043240029,152.322095142,40.3693624886,0.578639201674,1.57834550145,2.55722009331,1.62817760573,2.3465955217,1.71049304903,2.02795115261,1.97380223134,0.256982791433,4.18961723534,2.65418796003,0.812095498094,1.15413999484,0.313684270332,0.532551941571,0.429092512223,2.00458770032,1.16475396684
refine__sobol__0001262__deviation__p2@@brachioradialis@@0.00,44.74600288,60.17290128,-58.93553151,17.95428846,-63.69228981,14.84654254,-53.58780851,Brachioradialis,BRD,0,1,usable,Converged with independently replayed constrained generalized-force equilibrium and small reserve torques,358.871686,3.69207980186,2.36600925518e-08,4.99225439721e-12,0.00031250488273,12,2,0.0199918453994,0.687023002895,0.010000071129,0.0100000416536,0.318162412079,0.0100000240018,0.99999906711,0.0100001049598,0.999999825759,0.0100002614833,0.0100001006747,0.0100000584881,0.0100000447557,0.0100000575853,0.958000156166,0.0100000306682,0.0260619755148,0.0213057425616,0.0100452377348,0.0100010695258,0.256078867943,0.0100011696269,0.0100130206426,0.000673959347416,0.0100452377348,0.133049061707,0.0101272647004,0.128238407281,0.0123663282059,0.0190125908894,0.255202477807,0.135898563955,0.0243371284649,0.0727912930343,0.0527422934074,0.0304433425322,0.0136842082039,0.0163048973132,0.0321360882758,0.0238700243832,0.0100966969029,0.0159495538662,0.0261931840763,0.0181462388174,0.0101222840252,0.0105807119395,0.0102219569125,0.0102469616229,0.0100178008035,0.0101321773288,19.1048077119,683.822230099,2.00250420738,4.77391452697,291.374887052,12.0250040112,208.048726877,1.43858278588,443.873431118,6.4846804267,4.58401160262,2.6650148862,2.85229538086,1.80501175951,194.092720712,4.86432634306,15.3672802126,10.2619110705,0,3.47110766946,115.356912519,1.47842343282,11.7738159397,0,0,32.5430666676,1.8552348451,22.4497790944,5.50216882161,0.477907162265,51.3422822524,33.3788817404,1.18001206101,9.78009141365,10.5880205908,3.54141318951,2.84403613815,2.52833613125,6.80874272894,3.7579871153,0.394917395371,1.54233260611,2.29873925803,0.811977526057,0.710324827799,0.485991885563,0.899163672217,0.425505424007,0.827371046604,0.9690717689
refine__sobol__0001387__shoulder_rot__m2@@coracobrachialis@@0.00,23.30069038,95.97368253,54.78712474,29.38006971,56.62021019,14.28208941,-8.82218351,Coracobrachialis,CORB,0,1,usable,Converged with independently replayed constrained generalized-force equilibrium and small reserve torques,328.344689,1.11710031424,1.88830568959e-08,2.62900812231e-13,6.61163500315e-05,21,1,0.0563345454419,0.999999471333,0.280107937418,0.0100005828958,0.124062044486,0.0100002594855,0.0100020472321,0.0100009041034,0.0100010228859,0.0100001389474,0.0100001342038,0.0100006408873,0.0100004596207,0.0100004592132,0.000673974677595,0.0100017398454,0.0686288453694,0.0628232054055,0.0100452377724,0.0100452377724,0.0100006543998,0.0100065300728,0.010006080496,0.0100086516046,0.0100230209623,0.0326829786503,0.0529219726089,0.0100031076251,0.0100054735295,0.0100084043559,0.0194490598685,0.0141173656529,0.0100161325541,0.0100087001835,0.0100071605785,0.0100103567893,0.0100105987957,0.0100126592548,0.0100104836729,0.0100101333119,0.0111369064869,0.0407110148083,0.0327254012118,0.0151767158984,0.0207883469727,0.0116911471347,0.0100738138333,0.0100266279804,0.0100098052321,0.0100130357502,68.6122760731,403.891164135,56.4041248593,4.64339846491,123.259202126,11.5386380964,2.48896102584,1.43808485142,4.30781665534,6.45376301868,4.66273096226,2.62827372987,2.85676697714,1.81595846059,0,3.33594875985,43.7401531948,36.6518983775,0,0,1.92214876396,0.10066806909,11.780673213,2.57043851172,3.0844123406,7.78337880456,10.2049930571,3.91091486797,4.61304496889,0.957963459059,10.8358751537,3.41849285878,0.754189796738,1.71340410576,2.58974365824,1.62385517392,2.37038051766,1.7310974597,2.08158488873,1.97484936776,0.375826130431,4.44560172302,3.08247835642,0.740617592919,1.49198885071,0.523129287374,0.631672715535,0.43468329748,1.58566124111,1.11197449667
refine__sobol__0002761__shoulder_elv__p5@@latissimus_dorsi@@0.00,69.66299507,119.79448331,76.3794099,89.90497205,32.59677269,20.57969684,-39.26163663,Latissimus dorsi,LAT1;LAT2;LAT3,0,1,usable,Converged with independently replayed constrained generalized-force equilibrium and small reserve torques,321.653399,2.09499986593,5.75255327817e-08,2.11031192521e-12,0.000123235692724,15,0,0.0930517912998,0.738118103532,0.456001957793,0.0100022161294,0.0100452377126,0.0100001804468,0.946448520682,0.0100007099289,0.0100001828322,0.0100000624525,0.0100000887747,0.000674350919083,0.000674350919083,0.000674350919083,0.0100004722328,0.0100452377126,0.364989830173,0.357450267418,0.0740258365604,0.0100452377126,0.253875739785,0.0100002623198,0.0100006740752,0.0100006837453,0.0100452377126,0.0298321305479,0.012110925166,0.0100015234875,0.0100017910716,0.0100043719817,0.249988751206,0.183494751771,0.0100072269816,0.0100040372801,0.0100194269737,0.010034613402,0.0100258897338,0.0100276926585,0.0100362590197,0.0100467710327,0.0190281070314,0.054663149638,0.0493791867573,0.0226617544716,0.017026708903,0.0121480279014,0.0100373414154,0.0100355929574,0.0100131457102,0.0100194187791,67.977458623,275.471367495,86.6388809108,1.6246552242,0,11.486490649,206.264660375,1.40564591579,4.02228191979,6.44963911954,4.71410271234,0,0,0,2.08024216525,0,258.116982008,247.563316689,19.4375970274,0,128.043948441,2.47473008873,10.9755445539,2.49838224191,0,7.5111372261,2.2998086829,4.07959884378,4.30135763288,1.00733445404,128.794745448,48.4677401887,0.711792837465,1.67263613547,2.49819710785,1.45667987651,2.35592486869,1.72620120572,2.13102600248,1.88340423587,0.748151793,5.73798204923,4.62117882086,1.08092342401,1.23272591532,0.572609306499,0.764274749856,0.394646082412,0.993109941207,0.939188861757
refine__sobol__0001369__elbow_flexion__p5@@biceps@@0.00,54.23819038,98.00493253,-15.86912526,52.66131971,-5.87978981,3.89146441,-10.69718351,Biceps,BIClong;BICshort,0,0,solver_failed,The static optimization solver did not converge,1149.130968,,5.41469518112e-08,,,0,0,,,,,,,,,,,,,,,,,,,,,,,,,,,,,,,,,,,,,,,,,,,,,,,,,,,,,,,,,,,,,,,,,,,,,,,,,,,,,,,,,,,,,,,,,,,,,,,,,,,,
refine__sobol__0002761__flexion__m2@@coracobrachialis@@0.00,69.66299507,114.79448331,76.3794099,89.90497205,32.59677269,20.57969684,-41.26163663,Coracobrachialis,CORB,0,1,usable,Converged with independently replayed constrained generalized-force equilibrium and small reserve torques,337.999132,1.14374109325,5.82067656296e-08,5.3246296261e-13,6.5789983363e-05,17,0,0.124331784838,0.452621881925,0.23556883181,0.0100030777888,0.0100003246208,0.0100003675009,0.875826696372,0.0100012982499,0.0100003837281,0.0100001341703,0.0100001807177,0.0100007597296,0.0100005977298,0.010000687393,0.000673952467295,0.0100452377843,0.18439441761,0.180585497318,0.0374106060779,0.0100452377843,0.0995587976394,0.0100005010002,0.0100013243958,0.0100013885775,0.0100452377843,0.046081872134,0.0198332907789,0.0100023888122,0.0100028034613,0.0100065566774,0.0868723837781,0.0764837199179,0.0100111864957,0.0100062776103,0.01001144383,0.0100177140197,0.0100164030254,0.010018800852,0.0100170744503,0.0100179900595,0.0138288952992,0.0405766434879,0.036858486433,0.0164601456641,0.0169127715465,0.0117686813907,0.0100770231961,0.0100369559846,0.0100140571523,0.0100206849979,95.3324860098,202.641451317,44.5872792469,1.98972204854,9.98334224684,11.4353323711,233.528170395,1.42350200863,3.99961455993,6.36615351618,4.64655266338,2.71737622436,3.01656671192,1.87948694837,0,0,130.401799277,125.070111109,9.82322279999,0,50.076618855,2.59588091122,10.9762582681,2.49855832393,0,11.5701573758,3.75989657679,4.07990327929,4.32529835451,1.0039527723,44.7568400628,20.2021748844,0.714537707618,1.67697118199,2.47515112756,1.43957283484,2.34844598635,1.72226633969,2.12718538993,1.86350886108,0.544340269762,4.23881978276,3.43580456508,0.782055524883,1.22447184715,0.552989236382,0.776609391077,0.394200907041,0.960978856558,0.933500928888
refine__sobol__0002761__elbow_flexion__p2@@subscapularis@@0.00,69.66299507,114.79448331,76.3794099,91.90497205,32.59677269,20.57969684,-39.26163663,Subscapularis,SUBSC,0,1,usable,Converged with independently replayed constrained generalized-force equilibrium and small reserve torques,342.690478,1.11970038195,4.31253646127e-08,5.40066194811e-13,6.50187069388e-05,17,0,0.12373412986,0.449705727626,0.233106837696,0.0100031269299,0.0100003279487,0.0006739652823,0.866158067729,0.0100013107168,0.0100003880687,0.0100001356589,0.0100001826624,0.0100007672443,0.0100006036084,0.0100006941165,0.0100009077936,0.0100452376941,0.181052625004,0.177346298736,0.0370666390993,0.0100452376941,0.0965549220564,0.0100004915716,0.0100013436798,0.0100014118932,0.0100452376941,0.0475350489747,0.0215676242274,0.0100023957332,0.0100028167164,0.010006531487,0.0849378112172,0.0753210392496,0.0100112504019,0.0100062947476,0.0100110448026,0.0100171472402,0.0100157211541,0.0100181576162,0.0100164388551,0.0100173337049,0.0136652043818,0.0407550232397,0.0370516626426,0.0166137878703,0.0168311319199,0.011998046583,0.0100800491008,0.0100369256106,0.01001378231,0.0100206869069,94.8742287916,201.335871806,44.12128543,1.98973181887,9.98334556823,0,230.950152273,1.42350378299,3.99961629598,6.36615446427,4.64655356736,2.71737826632,3.01656848528,1.87948821196,2.07998849273,0,128.375823699,123.173573051,9.80164733495,0,48.2430646349,2.67178029735,10.9247230648,2.47054202543,0,11.9726705807,4.09825595804,4.07995238104,4.2707301704,1.00923961777,43.5285901542,19.895067983,0.708544681818,1.66846776428,2.49610713611,1.45414439176,2.35353541389,1.724559811,2.12681753335,1.87788580708,0.53735415082,4.2773452751,3.46745524565,0.79231508187,1.21856629526,0.565539788732,0.767526647471,0.394698488442,0.993173078783,0.939307731808
refine__sobol__0000463__shoulder_elv__m2@@teres_minor@@0.00,-42.35360649,86.16606534,77.66114818,12.43182752,74.51083519,-8.80628949,-44.15421476,Teres minor,TMIN,0,1,usable,Converged with independently replayed constrained generalized-force equilibrium and small reserve torques,436.277991,2.34589018715,2.41594653616e-07,2.6645352591e-12,8.91351183582e-05,24,0,0.0100013152896,0.387578531207,0.0100038506595,0.753287527138,0.0100002642498,0.0100000590434,0.00067399530008,0.0100006550363,0.808689324332,0.0100000977102,0.0100001288737,0.0100003111551,0.0100004882073,0.010000311424,0.0100007421498,0.151184090944,0.192139241122,0.151284146962,0.0100452378371,0.0100452378371,0.265384827176,0.0100452378371,0.0100022096922,0.0100038947435,0.0100452378371,0.629987588866,0.0100004690259,0.317121602092,0.0100003260561,0.0100158247768,0.403953561847,0.0943836709395,0.0100051623871,0.0100025014477,0.168367583928,0.179780186056,0.0100023913973,0.0100073640271,0.0903395323244,0.263954919219,0.0100050662533,0.0100014623841,0.0100192851258,0.0259143524778,0.0100030230585,0.0532673694506,0.0100030310319,0.0482745955296,0.0100046420836,0.0650356283005,1.98783340021,284.427897273,1.56632759575,138.929924226,1.8249454636,12.1255313885,0,1.34504775575,311.17441452,6.03308420444,4.97235388143,1.52692483434,0.659101699886,1.77383512343,1.16171757445,99.9962416022,104.731810551,64.9276502092,0,0,13.5698077848,0,11.7296525477,2.36893317894,0,155.659796045,1.91215939879,88.7011470301,3.13070976815,0.523950917955,225.074608757,18.6882292521,0.499766267316,1.44064023453,42.1904312561,27.2521931531,2.19924921442,1.67537169397,19.1858643413,51.4361560619,0.383771157005,1.06301088724,0.919198208664,1.184824876,0.724171735936,2.50554339558,0.774735651626,2.22030959872,1.05854326855,7.47741233955
refine__sobol__0000447__deviation__m2@@teres_major@@0.00,-52.19735649,125.74419034,83.52052318,119.07245252,-41.73916481,3.13902301,37.40828524,Teres major,TMAJ,0,1,usable,Converged with independently replayed constrained generalized-force equilibrium and small reserve torques,366.420423,0.569721329759,1.77476380259e-08,1.31450406116e-12,0.000327928826331,20,0,0.30551641296,0.0100002359659,0.0100001803705,0.0100001305217,0.010000018111,0.0100001068156,0.010000184572,0.000673966003322,0.0100000424311,0.0100001011011,0.0100003042866,0.0100007295655,0.153050054575,0.497500874525,0.0100006938486,0.0100060615748,0.196784992133,0.196622726465,0.0498671219094,0.0100028041551,0.287199377757,0.0100011244621,0.0100014543756,0.0100176549317,0.0100023575082,0.0100062298673,0.105454766927,0.0100106535258,0.0100452380253,0.0100398625711,0.148594988788,0.0671938731127,0.0100452380253,0.0103269973561,0.0100197178731,0.0100162796104,0.0248437154841,0.0114679521506,0.0100637283205,0.0100110850701,0.0101710978769,0.0195491114222,0.0110266351692,0.0100361002484,0.0159952692469,0.0100286970463,0.0100117190984,0.0100080171067,0.0100037088654,0.0100032836602,229.602456856,1.95151350797,1.68721213549,3.53259444261,10.7204313172,12.3694003915,2.32781898496,0,4.1162692645,3.34147418793,3.17206500502,2.64914569983,45.8804873584,93.5423131142,1.57747392915,0.0560486016128,141.170712586,140.93793008,14.1223146735,3.63402206192,123.125200956,2.38136360214,8.90606480824,1.00953085293,3.01869433763,1.89471966239,15.4360418645,2.2703939116,0,0.0951010850909,80.0311339197,18.2642350315,0,0.957870067554,2.49589790927,1.61183738992,5.7481085941,1.93009726968,2.00242930767,1.93491925196,0.195232718721,1.38605474307,0.686866935378,0.37933564418,0.69691392196,0.273712607231,0.593273331931,0.460353210247,1.97943682425,1.1487701857
refine__sobol__0000447__deviation__m2@@pectoralis_major@@0.00,-52.19735649,125.74419034,83.52052318,119.07245252,-41.73916481,3.13902301,37.40828524,Pectoralis major,PECM1;PECM2;PECM3,0,1,usable,Converged with independently replayed constrained generalized-force equilibrium and small reserve torques,364.13955,0.334038832428,3.3107710351e-08,7.60280727263e-13,0.000235834290439,18,0,0.250656769245,0.0100003246663,0.0100002570598,0.0100001924313,0.0100000302796,0.0100001417782,0.01000026945,0.0100013093247,0.000674029851941,0.000674029851941,0.000674029851941,0.010000943309,0.0775834545689,0.336021024183,0.0100009762709,0.0100080714762,0.1663560304,0.166218715582,0.0421604679174,0.0100032361777,0.243265840307,0.0100014130706,0.010001712088,0.0100207019676,0.0100023637289,0.0100059685948,0.10557671325,0.0100100002395,0.0100452376998,0.0100397794647,0.128916130818,0.0577308586058,0.0100452376998,0.0104630505789,0.0100176048484,0.0100151864492,0.0247332190375,0.0111863550465,0.0100553614146,0.01001066274,0.0101712213239,0.0187906637236,0.0105480129858,0.0100341974372,0.0161600311939,0.0100278707166,0.0100115921237,0.0100078805428,0.0100036817157,0.0100032338403,188.374200555,1.9515308181,1.68722507436,3.53261631275,10.7204443626,12.3694436378,2.32783874258,1.43844460774,0,0,0,2.64920231948,23.2575330761,63.180157999,1.5775184774,0.0560598602982,119.341414709,119.14452686,11.9397986472,3.63417901591,104.290460918,2.38143232209,8.90629429822,1.0098379198,3.01869621521,1.89467018962,15.4538918736,2.27024574863,0,0.0951002981901,69.4323827093,15.6920552622,0,0.970489545362,2.49537155774,1.61166147651,5.72254295062,1.8827034722,2.00076450345,1.93483762501,0.195235088265,1.3322799189,0.657052785637,0.379263723416,0.704092600424,0.273690054292,0.593265807706,0.460346928522,1.97943145215,1.14876446442
refine__sobol__0001387__elbow_flexion__p5@@brachialis@@0.00,23.30069038,95.97368253,56.78712474,34.38006971,56.62021019,14.28208941,-8.82218351,Brachialis,BRA,0,1,usable,Converged with independently replayed constrained generalized-force equilibrium and small reserve torques,400.386916,1.07365526723,2.67771298468e-08,1.58373038395e-12,3.58397335728e-05,21,1,0.0333811579719,0.99993337242,0.166582881344,0.0100011374837,0.160519192571,0.0100004739413,0.0100054870871,0.0100016005894,0.010001821279,0.0100002596832,0.0100002499478,0.0100011216514,0.010000823676,0.0100008279359,0.010000668095,0.0100045253887,0.0637760578363,0.0606133504522,0.0100452378823,0.0100452378823,0.0100010890113,0.0100070517685,0.000674112864523,0.0100077859268,0.0100192378543,0.0314253460137,0.0541967365747,0.0100030854703,0.0100059693411,0.0100083546712,0.0209070578826,0.0141577642599,0.0100165442325,0.0100089578992,0.0100073078719,0.0100105100609,0.0100110320492,0.0100130640421,0.0100107611216,0.0100102728807,0.0109960306889,0.0402206348885,0.0320566256841,0.0147210588823,0.020690504493,0.0114545016772,0.010067092734,0.0100257209382,0.0100096684901,0.0100125086907,40.6549042605,407.8719406,33.5455713305,4.66168368675,158.051074451,11.5397823914,2.43061718416,1.43809104742,4.30976512487,6.45282218497,4.6600870619,2.62691337716,2.85524833374,1.81526935815,1.89861113121,3.06848694302,41.2233287215,37.2355271825,0,0,2.04883412047,0.1653700161,0,2.64477682084,3.17567105205,7.55987184644,10.453463117,3.98908093163,4.58870936512,0.976656614857,11.6398428594,3.42827530359,0.754041381007,1.71318126402,2.58978177617,1.62388003725,2.37048310649,1.73116744373,2.08164258158,1.97487690259,0.365047934296,4.39206976124,3.01452009746,0.718368554108,1.47619924666,0.512540406113,0.631251272869,0.434643974523,1.58563957929,1.11191596513
refine__sobol__0001387__elbow_flexion__p2@@posterior_deltoid@@0.00,23.30069038,95.97368253,56.78712474,31.38006971,56.62021019,14.28208941,-8.82218351,Posterior deltoid,DELT3,0,0,reserve_too_high,The posture requires more reserve torque than the quality limit permits,326.774895,343.06548997,6.30939620549e-08,1.81783684994e-06,0.337901417453,22,1,,,,,,,,,,,,,,,,,,,,,,,,,,,,,,,,,,,,,,,,,,,,,,,,,,,,,,,,,,,,,,,,,,,,,,,,,,,,,,,,,,,,,,,,,,,,,,,,,,,,
refine__sobol__0001369__pro_sup__m5@@infraspinatus@@0.00,54.23819038,98.00493253,-15.86912526,47.66131971,-10.87978981,3.89146441,-10.69718351,Infraspinatus,INFSP,0,0,solver_failed,The static optimization solver did not converge,1150.292106,,8.7664915327e-09,,,0,0,,,,,,,,,,,,,,,,,,,,,,,,,,,,,,,,,,,,,,,,,,,,,,,,,,,,,,,,,,,,,,,,,,,,,,,,,,,,,,,,,,,,,,,,,,,,,,,,,,,,
refine__sobol__0002761__flexion__m2@@middle_deltoid@@0.00,69.66299507,114.79448331,76.3794099,89.90497205,32.59677269,20.57969684,-41.26163663,Middle deltoid,DELT2,0,0,reserve_too_high,The posture requires more reserve torque than the quality limit permits,308.601114,219.152706857,5.79560754943e-08,2.03461386006e-06,0.23697054127,17,3,,,,,,,,,,,,,,,,,,,,,,,,,,,,,,,,,,,,,,,,,,,,,,,,,,,,,,,,,,,,,,,,,,,,,,,,,,,,,,,,,,,,,,,,,,,,,,,,,,,,
refine__sobol__0002761__shoulder_rot__p2@@supraspinatus@@0.00,69.66299507,114.79448331,78.3794099,89.90497205,32.59677269,20.57969684,-39.26163663,Supraspinatus,SUPSP,0,1,usable,Converged with independently replayed constrained generalized-force equilibrium and small reserve torques,319.23494,1.12389146306,5.89480890767e-08,2.89190893454e-12,6.42639565393e-05,17,0,0.127602882235,0.451071612708,0.235545555152,0.00067418203346,0.0100002932965,0.0100004542544,0.8731108963,0.0100013327423,0.0100004106743,0.0100001392479,0.0100001861209,0.0100007786739,0.0100006160084,0.0100007057756,0.0100009024585,0.0100452380491,0.171012316544,0.167479729998,0.0346984332359,0.0100452380491,0.0871900711352,0.0100005208982,0.0100014255194,0.0100015014425,0.0100452380491,0.0483460481092,0.0222382385876,0.0100024602645,0.0100028750558,0.0100067171841,0.075500661572,0.0688486800327,0.0100115389927,0.0100064547051,0.010010697262,0.0100165651456,0.0100151818907,0.0100176287845,0.0100157802243,0.0100166199426,0.0134372908011,0.0402417277529,0.0366218031073,0.0164338627974,0.0169879954788,0.0120310698062,0.0100879884994,0.0100372650604,0.0100138127022,0.0100209216121,97.7452904855,202.997688036,44.5038463016,0,9.98557054792,11.4090183484,234.755904677,1.42473612544,3.99130300419,6.35470234043,4.6381236604,2.71642282692,3.01530146415,1.87939187059,2.07996398502,0,120.938117678,115.993303729,9.11106438051,0,43.9387200922,2.59989943125,10.9763692493,2.49858651997,0,12.1725734978,4.22293866863,4.07998095302,4.30182380972,1.00757059114,38.8981041802,18.1854788975,0.712099541666,1.67304031952,2.49602048237,1.45405989201,2.35340869562,1.72446877614,2.1266776845,1.87775200291,0.528330705166,4.22416770729,3.42727193411,0.783864606203,1.22992308117,0.567096371044,0.768131178128,0.394711837267,0.993176093971,0.939329732637
refine__sobol__0001387__elbow_flexion__p2@@infraspinatus@@0.00,23.30069038,95.97368253,56.78712474,31.38006971,56.62021019,14.28208941,-8.82218351,Infraspinatus,INFSP,0,1,usable,Converged with independently replayed constrained generalized-force equilibrium and small reserve torques,334.44531,1.496829017,2.0029865766e-08,1.49348296214e-12,8.39224262292e-05,17,1,0.126239359135,0.999999639862,0.658294133074,0.0854233054347,0.000674011860359,0.010000220757,0.0100014842399,0.0100006230992,0.0100009078777,0.0100000998967,0.0100000926944,0.01000038559,0.0100003151503,0.0100003243508,0.0100002828209,0.165970209814,0.0288159689599,0.0268537075459,0.0100452376834,0.0100452376834,0.0100005915206,0.0100047061327,0.0100121710558,0.0100139997476,0.0100310136843,0.0325937294231,0.054743626469,0.0100034127279,0.0100075593127,0.0100089646707,0.0217750471058,0.0107685636045,0.0100183766554,0.0100101413271,0.0100073963389,0.010010539569,0.0100113851005,0.0100133807869,0.0100109150022,0.0100102452566,0.0108041168311,0.0384420574691,0.0304496360173,0.0137944812737,0.0203076126548,0.0113213222164,0.0100639597548,0.010024882652,0.0100094991582,0.0100120115956,153.746885108,407.898971626,132.563758168,39.8171138136,0,11.5394902354,2.42964477921,1.43795049791,4.30937154229,6.45271908019,4.66001378208,2.62672004173,2.85510314869,1.81517795132,1.89853798775,53.2968956965,18.4791423228,16.0454202603,0,0,1.96186626564,0.122807231283,11.7880073982,2.60135178874,3.12398731052,7.79515701947,10.5576964199,3.94466088728,4.60460075087,0.965673785445,12.1301627089,2.60758690297,0.754323909612,1.71358451581,2.58980467047,1.62388482397,2.37056670447,1.73122220602,2.08167457963,1.97487145278,0.362167769592,4.19784694252,2.8664526654,0.673162311654,1.45440744049,0.506581189721,0.631054821328,0.434607632426,1.58561275515,1.11186076143
refine__sobol__0002761__deviation__p2@@anterior_deltoid@@0.00,69.66299507,114.79448331,76.3794099,89.90497205,32.59677269,22.57969684,-39.26163663,Anterior deltoid,DELT1,0,1,usable,Converged with independently replayed constrained generalized-force equilibrium and small reserve torques,338.105071,1.91200936668,1.018953526e-07,9.83172321025e-13,6.70716871109e-05,18,0,0.000817866437193,0.720595583354,0.0100012912499,0.154031142059,0.0100007484111,0.0100010240852,0.629015992288,0.0100009064595,0.0187735260483,0.0100001512963,0.0100002019806,0.0100005432211,0.0100003469812,0.0100004261976,0.0100018697063,0.0100664963084,0.520886439856,0.510126523887,0.105641181703,0.0100664963084,0.403025730595,0.0100004678412,0.0100006992399,0.0100006984013,0.0100664963084,0.0100449359206,0.0562069780462,0.0100016518904,0.0100028605787,0.010004884421,0.40836730808,0.283102228727,0.0100089204001,0.0100050278785,0.0103976603136,0.0106202604022,0.0239879880994,0.0146801989936,0.0225795832465,0.0161219131567,0.0294150387536,0.0799393905532,0.0660794945762,0.027073463032,0.02887721457,0.0137084447024,0.0100257977355,0.0100307863593,0.0100154125738,0.0100151945382,0,322.614837125,1.89299391756,30.6384860428,9.9837653182,11.4360831694,167.719201077,1.42344624446,7.50839869416,6.36616441863,4.64656254305,2.71731739532,3.01649107639,1.87943786041,2.08018855131,0,368.365430228,353.30401371,27.7391085964,0,202.716047014,2.59587230276,10.9755721723,2.49838590358,0,2.52994107411,10.6001921323,4.07963807424,4.26526754888,1.0059766739,210.391720599,74.7777532401,0.710697362345,1.67146250516,2.58889333733,1.53657219026,5.64334485051,2.52837215723,4.79427429203,3.01483528736,1.15792475519,8.35559567003,6.17092574974,1.2903812685,2.0906773401,0.645268472027,0.756064049242,0.38503212875,0.963830928119,0.915297812749
refine__sobol__0004077__deviation__p2@@coracobrachialis@@0.00,90.14151069,110.66850675,-38.97703542,118.91376112,35.64364769,20.44346637,45.17195712,Coracobrachialis,CORB,0,1,usable,Converged with independently replayed constrained generalized-force equilibrium and small reserve torques,351.634346,0.936547943366,5.83641543983e-08,7.46069872548e-13,0.000240197456717,22,0,0.281910225582,0.403402068742,0.010001472308,0.010000475673,0.105075312907,0.0100000486985,0.80996762442,0.010000378478,0.0100000916771,0.010000033572,0.0100000453097,0.0100001179699,0.0100001027025,0.010000165262,0.000673976940088,0.0100452378066,0.0708644033179,0.0708027224185,0.0179829067413,0.0100452378066,0.0100001121672,0.0100001461062,0.0100038232701,0.0100130988223,0.0100014929143,0.0100061053181,0.0764483940103,0.0100057176005,0.0100452378066,0.0100451170506,0.0536594552076,0.0466172984772,0.0100452378066,0.0100367663713,0.0100072538726,0.0100085364912,0.01890867058,0.0100856232959,0.0100273927444,0.0100076513078,0.0139520039518,0.0294826899072,0.0221315029888,0.0100569665949,0.0224091748814,0.0100269891959,0.0100112487152,0.0100054652943,0.0100017020025,0.0100019439893,224.352967067,390.282922734,1.71242750833,3.78569224985,109.158901832,11.1366569727,198.118171995,1.24907340677,4.41969671327,6.55302944634,4.95179814376,2.75792417681,2.99926354099,1.88069342638,0,0,50.8371250751,50.7486557856,5.09274917378,0,4.93213113291,3.16643374815,8.93924438191,0.386045624495,3.05363685069,1.36379266462,12.5088372325,1.59531506016,0,0.000372540168248,19.2783539574,12.2256633105,0,0.53710512599,2.43054359307,1.57735562889,4.26702585902,1.6587181558,1.94594426218,1.90009968231,0.304330585902,2.1752618867,1.37033737236,0.354186510354,0.956006426995,0.217945540677,0.375753170268,0.410690646896,2.01026975069,1.16627320866
refine__sobol__0001369__shoulder_rot__m5@@infraspinatus@@0.00,54.23819038,98.00493253,-20.86912526,47.66131971,-5.87978981,3.89146441,-10.69718351,Infraspinatus,INFSP,0,1,usable,Converged with independently replayed constrained generalized-force equilibrium and small reserve torques,362.030524,1.05270075916,6.87372363473e-08,1.08506355796e-12,7.16165168575e-05,17,0,0.150738120512,0.461942140725,0.0928322963365,0.0100004661165,0.000674346510494,0.0100001116496,0.830931131478,0.0100009387517,0.0100002925188,0.0100001272585,0.0100001735108,0.0100005282068,0.0100004225332,0.0100005099285,0.0100008284589,0.0100012330955,0.116542320913,0.113614146696,0.0100564284556,0.0100025732245,0.199680499178,0.0100008360753,0.010003477177,0.0100058443131,0.031118538779,0.0378759089696,0.0129166446915,0.0100054387589,0.0100034155281,0.0100116534998,0.188885732636,0.0891163058643,0.01001695579,0.010010649804,0.0100190969065,0.0100296079679,0.0100148058103,0.0100193488054,0.010021753681,0.0100279698359,0.0101784656041,0.0335744901836,0.0100452379411,0.0171255575363,0.0105522451771,0.0104951639198,0.0100742057718,0.010049099316,0.0100124181947,0.0100299076925,174.247050281,292.517869868,18.6960455204,4.71682124165,0,13.0519541062,212.195745888,1.40852460928,4.37922521845,6.57023286295,4.83035516271,2.72116599263,2.98291922681,1.87591529466,2.08028125377,2.0529512079,77.3800607251,73.5404592052,0.20845882224,3.75945921457,104.841885775,1.3526118831,11.7698913399,2.76087521158,10.4962831301,9.56311492099,2.488371568,4.0808567279,4.62398035728,1.01013140754,100.133773152,25.3642639916,0.74965410748,1.71084207902,2.59215038214,1.60866153884,2.37005815994,1.73209315291,2.1093124538,1.97580334573,0.31121746743,3.66519393071,0,0.835721600579,0.705712130442,0.478874931676,0.756219387027,0.461699773694,1.70377509727,1.16924969535
refine__sobol__0000625__elbow_flexion__p2@@teres_minor@@0.00,52.04092476,70.77348722,-38.79392995,56.4533119,79.35458519,9.0013277,-41.22452726,Teres minor,TMIN,0,0,reserve_too_high,The posture requires more reserve torque than the quality limit permits,314.70289,444.718126729,2.59363162058e-08,1.74679170328e-06,0.27066761504,29,11,,,,,,,,,,,,,,,,,,,,,,,,,,,,,,,,,,,,,,,,,,,,,,,,,,,,,,,,,,,,,,,,,,,,,,,,,,,,,,,,,,,,,,,,,,,,,,,,,,,,
refine__sobol__0001711__deviation__m5@@supraspinatus@@0.00,-47.18759087,105.74907316,38.18360911,69.37030409,-34.16103981,12.0506441,27.62312899,Supraspinatus,SUPSP,0,1,usable,Converged with independently replayed constrained generalized-force equilibrium and small reserve torques,375.610087,2.10180355328,9.47784073446e-09,1.11924899817e-12,0.000143051251316,23,1,0.517615351701,0.999992022497,0.0100004235017,0.000673951808328,0.010000234232,0.495525390109,0.0100452377646,0.0100005691635,0.0100002308921,0.0100000686327,0.010000092166,0.0100005803288,0.0100002139347,0.0100002545586,0.0100008945284,0.0423688655762,0.381547833988,0.373327921943,0.0638426494533,0.0100015173473,0.428129479061,0.0100008169928,0.010000724108,0.0100022844231,0.0100072469106,0.0366335989609,0.089331845535,0.0100028456596,0.0100047563396,0.0100072281077,0.277553815547,0.139890538495,0.0100119651128,0.0100062460647,0.0100088624673,0.0100125322525,0.0100096798928,0.0100118177137,0.0100111064992,0.0100101551003,0.0109299497004,0.0498299243908,0.0383058964221,0.0209530142556,0.0215587304296,0.010997703949,0.0100433243269,0.0100244528558,0.0100067023039,0.0100097419473,230.832483874,247.513636487,1.8195656005,0,2.4984797992,573.648445144,0,1.39722302598,4.14712227242,5.189732169,4.91621592816,2.50426939919,2.79863811157,1.82184855998,0.546798460393,14.1020959095,262.236341479,251.058992356,12.8173583143,3.69594901985,160.52636169,0.809254100832,11.4527496582,2.72562885192,3.37432963011,7.69741895408,16.2149183005,3.84489414873,2.06819700911,0.919985179087,145.430420085,38.93264892,0.553917333076,1.57238011408,2.54731194927,1.62672721122,2.3451087373,1.70832455517,2.02353563957,1.96997658255,0.241778149128,4.11944338376,2.6989464989,0.840401542409,1.13745085291,0.329332392107,0.564305145594,0.453485284024,2.01113648877,1.1680629967
refine__sobol__0000447__flexion__p2@@teres_major@@0.00,-52.19735649,125.74419034,83.52052318,119.07245252,-41.73916481,5.13902301,39.40828524,Teres major,TMAJ,0,1,usable,Converged with independently replayed constrained generalized-force equilibrium and small reserve torques,366.078418,0.570495510752,5.99658207534e-08,1.56319401867e-12,0.000327890734698,20,0,0.305423672506,0.0100002359975,0.0100001803904,0.0100001305328,0.0100000181134,0.0100001068359,0.0100001845879,0.000674147624196,0.0100000424366,0.0100001011142,0.0100003043197,0.0100007297012,0.153080274065,0.497476512286,0.0100006939151,0.0100060620855,0.196656372855,0.1964941034,0.0498346187694,0.0100028033951,0.287131842503,0.0100011247109,0.0100014553028,0.0100177311217,0.0100022209475,0.0100060244525,0.108990737921,0.0100106484086,0.0100452377355,0.0100410403754,0.148741313695,0.067213507572,0.0100452377355,0.0104062605655,0.0100187943782,0.0100155978307,0.0269185354057,0.0126227056951,0.0100754326007,0.0100106931638,0.010207548433,0.0197877666537,0.0115846581185,0.0100360223028,0.0167546144701,0.0100276576328,0.0100111181335,0.0100073011499,0.010003096981,0.0100029202985,229.532760438,1.95151350987,1.68721213858,3.53259445082,10.7204313213,12.3694004169,2.32781898757,0,4.11626926865,3.34147419263,3.17206501596,2.64914573585,45.8895463898,93.5377324185,1.57747394184,0.0560486056301,141.078442973,140.845733877,14.1131098196,3.63402178587,123.096247958,2.38136366033,8.90606563991,1.00953853361,3.04030102505,1.82959550145,16.2525114077,2.19168042475,0,0.0622375953991,80.1099424246,18.2695719529,0,0.898600472339,2.48762127923,1.60803983059,6.20522974086,2.11724725067,1.99848431374,1.93075855104,0.196157847251,1.3831334955,0.71033982161,0.370638378472,0.731076208992,0.261554428996,0.570590657469,0.460299667128,1.97893048731,1.15389129555
refine__sobol__0000463__elbow_flexion__m5@@brachioradialis@@0.00,-42.35360649,88.16606534,77.66114818,7.43182752,74.51083519,-8.80628949,-44.15421476,Brachioradialis,BRD,0,1,usable,Converged with independently replayed constrained generalized-force equilibrium and small reserve torques,455.335169,2.12372270383,2.4138025978e-07,8.35997937543e-13,7.15873390634e-05,23,0,0.0100019342325,0.377575357682,0.0100018302463,0.684735319992,0.0100003742977,0.0100000786914,0.0100452379704,0.0100007477316,0.72497464789,0.0100001256141,0.0100001666513,0.0100004940176,0.0100006861183,0.0100003837572,0.0100009124574,0.0907638843746,0.293497641821,0.224170551472,0.0100452379704,0.0100452379704,0.169819867785,0.0100452379704,0.010001357707,0.000673974548932,0.0100452379704,0.625096291484,0.0100004572167,0.310077807619,0.0100003253532,0.0100157005018,0.386332073693,0.0997897487825,0.0100049847251,0.0100024680585,0.17882967713,0.188553911828,0.0100023749836,0.0100075568476,0.0971691931669,0.27584684167,0.0100049811789,0.0100014540664,0.0100220624173,0.0279945872895,0.0100029938665,0.0532824658103,0.0100029368016,0.0502517771825,0.0100046941301,0.0698185702394,2.13694576982,263.87706304,1.659443416,125.694851176,1.63697687172,12.1246347276,0,1.35203197071,282.521929824,5.92180259029,4.9725484656,2.32963555797,0.569409743229,1.78012780744,1.15838229452,61.1218342827,147.029496774,85.7730459455,0,0,7.43812762365,0,11.6688462392,0,0,155.016943379,1.92065620228,84.0875171292,2.99835232418,0.51523179371,215.233014649,19.7586476993,0.489743882163,1.42612403637,44.8120773856,28.5821688039,2.19924560573,1.67540397494,20.6363140287,53.7535016959,0.387877379419,1.05738082032,0.915971421919,1.27504376539,0.724209137464,2.50625348489,0.774728353471,2.31124677498,1.05854877583,8.02732674855
refine__sobol__0000603__shoulder_rot__m2@@middle_deltoid@@0.00,9.85342476,113.42973722,-43.13767995,109.2970619,6.85458519,23.7669527,39.40047274,Middle deltoid,DELT2,0,1,usable,Converged with independently replayed constrained generalized-force equilibrium and small reserve torques,367.855067,4.36281316784,2.35850862396e-07,2.09187436985e-12,0.000515466889103,28,2,0.0100000378171,0.000673993125569,0.999999880949,0.546783517527,0.434086355125,0.180481270925,0.0100001745409,0.0100003433465,0.999997708702,0.0100000175256,0.0100000144042,0.0100006096779,0.0100001818686,0.0100001101869,0.0100000617619,0.71685569932,0.0683004576652,0.0677048078051,0.0159462644643,0.0100452378123,0.0100000207759,0.0100000471603,0.0100034621133,0.0100015741543,0.0100001313302,0.0100005403613,0.977879419469,0.0100005168817,0.0100452378123,0.0100032058677,0.0100001963296,0.0100004872332,0.0100452378123,0.157997756964,0.0100008616929,0.0100009304319,0.362031349985,0.161982082901,0.0100436277966,0.0100008405998,0.129061775483,0.217215534287,0.152586896408,0.0100092768591,0.297822432652,0.0100043145281,0.0100012165267,0.0100005546909,0.010000150402,0.010000176199,12.1298808909,0,192.721029948,14.636841294,425.005220023,232.090747241,2.58329678933,1.42515752005,443.789258929,6.18424937859,4.96915276844,2.71447626221,2.98296278377,1.8789207835,1.2746928704,46.9847327636,48.9929806433,48.1420734904,4.47394606538,0,4.76544197539,2.41547893527,10.2967033018,1.25461717994,3.15697005459,1.60340727936,173.348328937,2.60568852659,0,0.238200172487,5.09239373045,2.79822185059,0,13.8112663809,2.48096021838,1.60683148231,82.8724881659,27.0332874529,1.98388783712,1.93542569979,2.9916790817,17.2539032449,10.1265401274,0.372290537459,14.9250585169,0.246627172967,0.408608161122,0.390006786423,2.00723109988,1.14912435715
refine__sobol__0002761__flexion__m5@@brachialis@@0.00,69.66299507,114.79448331,76.3794099,89.90497205,32.59677269,20.57969684,-44.26163663,Brachialis,BRA,0,1,usable,Converged with independently replayed constrained generalized-force equilibrium and small reserve torques,332.390474,1.14232068747,5.70139278011e-08,1.14397380457e-12,6.54856031813e-05,17,0,0.123016919949,0.460325814533,0.235999665879,0.0100031571144,0.0100003238543,0.010000368674,0.873493613366,0.0100012954382,0.010000384507,0.0100001341107,0.0100001805433,0.0100007584023,0.0100005965293,0.010000685913,0.0100008933878,0.0100452372591,0.177957209218,0.174281365018,0.0361059016116,0.0100452372591,0.102250867581,0.0100005027729,0.000673922997979,0.0100014318143,0.0100452372591,0.0447140644405,0.0181318993757,0.0100024483347,0.0100029484473,0.0100067441915,0.0883444247452,0.0756675650517,0.0100115036911,0.0100064882572,0.0100119353577,0.0100182626076,0.0100177607866,0.0100199650718,0.0100180142604,0.0100186182327,0.0140392084281,0.0402396877836,0.0363100531772,0.0159593993878,0.0172218281113,0.011523983563,0.0100720175657,0.010036088488,0.0100143621125,0.0100200233591,94.3243018106,206.09054679,44.6688253451,1.98973782807,9.98334148141,11.4353337128,232.906083154,1.42350160843,3.9996148715,6.36615347835,4.64655258242,2.71737586372,3.01656634983,1.87948667023,2.07998549663,0,125.84947298,120.703987922,9.48063538971,0,51.4306906534,2.59588137156,0,2.49856912533,0,11.1664890777,3.42988237999,4.0794234543,4.35690960788,0.992974372081,45.5152387529,19.9865982445,0.718206442131,1.68283439987,2.44155751595,1.41768299024,2.33902430536,1.71782207181,2.12758706151,1.84128782869,0.553029399283,4.17313721349,3.36366714866,0.753813222301,1.24679026441,0.53845008346,0.789918499147,0.393419482932,0.912648774592,0.924700356497
refine__sobol__0001262__deviation__m2@@infraspinatus@@0.00,44.74600288,60.17290128,-58.93553151,17.95428846,-63.69228981,10.84654254,-53.58780851,Infraspinatus,INFSP,0,0,reserve_too_high,The posture requires more reserve torque than the quality limit permits,322.695654,1490.61353285,1.47411860496e-08,1.89686574004e-06,0.5,15,4,,,,,,,,,,,,,,,,,,,,,,,,,,,,,,,,,,,,,,,,,,,,,,,,,,,,,,,,,,,,,,,,,,,,,,,,,,,,,,,,,,,,,,,,,,,,,,,,,,,,
refine__sobol__0001369__elbow_flexion__p5@@teres_minor@@0.00,54.23819038,98.00493253,-15.86912526,52.66131971,-5.87978981,3.89146441,-10.69718351,Teres minor,TMIN,0,0,solver_failed,The static optimization solver did not converge,718.694902,,1.20973702167e-08,,,0,0,,,,,,,,,,,,,,,,,,,,,,,,,,,,,,,,,,,,,,,,,,,,,,,,,,,,,,,,,,,,,,,,,,,,,,,,,,,,,,,,,,,,,,,,,,,,,,,,,,,,
refine__sobol__0002761__pro_sup__m2@@anterior_deltoid@@0.00,69.66299507,114.79448331,76.3794099,89.90497205,30.59677269,20.57969684,-39.26163663,Anterior deltoid,DELT1,0,1,usable,Converged with independently replayed constrained generalized-force equilibrium and small reserve torques,361.54823,1.90603342214,5.74396317177e-08,8.50388317884e-13,6.71056387165e-05,18,0,0.0008079597314,0.72033861551,0.0100012592966,0.153808208659,0.0100007299341,0.0100009981712,0.629501325821,0.0100008840255,0.0185366454164,0.0100001473358,0.0100001967815,0.0100005296702,0.0100003382368,0.010000415516,0.0100018248494,0.0100649013404,0.521499024761,0.510726505543,0.105765286981,0.0100649013404,0.40390100895,0.0100004519886,0.0100006813172,0.0100006981665,0.0100649013404,0.0340918650244,0.0100137873215,0.010001750641,0.0100015975982,0.0100050258429,0.407194720236,0.284579446936,0.0100075072444,0.0100041836488,0.010060197057,0.0105116461398,0.0100282545728,0.0100359524951,0.0100979363202,0.0154531561715,0.0202416493518,0.0589510383624,0.0579942431489,0.0298226122087,0.0103898558257,0.0121909446109,0.0100576911344,0.010106230053,0.0100211798904,0.010072929567,0,322.499791376,1.89298786961,30.5941421666,9.98374687192,11.436053537,167.848609199,1.42344305137,7.41365920699,6.3661618974,4.64656012731,2.71731371332,3.0164884388,1.87943585296,2.08017922197,0,368.798643863,353.719549706,27.7716959829,0,202.720386512,2.62043945617,10.9755525019,2.49675718807,0,8.5809371891,1.9006342979,4.07969190051,4.29700382103,1.00766032445,210.404756525,75.5164166638,0.711360544613,1.67221535093,2.50555922484,1.52328765435,2.35588677088,1.72735223497,2.14416838384,2.8925966587,0.795887438582,6.18731143038,5.42661892369,1.42227885535,0.752220765903,0.574610059805,0.767660553234,0.397423860781,0.993906776212,0.944204795039
refine__sobol__0002303__flexion__p5@@supraspinatus@@0.00,-51.09872368,96.64018644,-31.57957448,101.96551893,-71.62197731,15.62364215,45.07430087,Supraspinatus,SUPSP,0,1,usable,Converged with independently replayed constrained generalized-force equilibrium and small reserve torques,315.091557,2.16769693781,2.04193923992e-08,2.31278960506e-12,0.000261637010829,33,1,0.819991640418,0.999999545888,0.0100004904132,0.000674031880117,0.0100000409791,0.0100000871881,0.0100005545758,0.0100007924955,0.0100000569916,0.0100000311324,0.010000042821,0.290703586253,0.0100002549658,0.0100002006451,0.0100001706497,0.557477397392,0.0100046916891,0.0100047635374,0.0100157303232,0.244046244873,0.0100000481795,0.0100001861579,0.156482357409,0.0100011567688,0.010001032992,0.0100056940181,0.0949827554654,0.0100010579362,0.0100452371068,0.0100051068605,0.0100012233083,0.0100055506766,0.0100447658188,0.0100050364901,0.0100021083751,0.0100029711873,0.010005725464,0.0100059049599,0.0100040872739,0.010002893629,0.0141759432995,0.0319224501129,0.0231470213572,0.0100503699066,0.0318001112719,0.0100302392674,0.0100093367968,0.0100044316656,0.0100013719543,0.0100015813042,339.890965002,270.541462374,1.32780444347,0,8.37509164723,12.405727929,2.69392008162,1.37780687099,4.0574637531,5.45720069516,4.93559294319,72.2488149806,2.61914574761,1.79718150167,2.0040387553,225.287014593,7.16646474605,7.04619254413,2.74162109284,83.109926843,5.24806853067,2.35941150461,166.375878977,2.50883257725,3.33840131378,1.75621105132,14.9609358112,3.5010715217,0,0.507459996695,5.53454428191,2.37941264883,0.00188913619275,1.23538698623,2.49998715807,1.61593551216,2.30258411839,1.67781421268,1.98770768662,1.94099892485,0.270599038493,2.10178983707,1.35847628678,0.338891880055,1.43958146728,0.226539970535,0.49116627829,0.439365301254,2.00675488226,1.16712634759
refine__sobol__0002303__deviation__p5@@teres_major@@0.00,-51.09872368,96.64018644,-31.57957448,101.96551893,-71.62197731,20.62364215,40.07430087,Teres major,TMAJ,0,1,usable,Converged with independently replayed constrained generalized-force equilibrium and small reserve torques,297.457748,2.28639314329,5.73849341379e-08,5.95196517758e-13,0.000283554081441,29,1,0.864347907347,0.999999606622,0.0100004487,0.0100000613724,0.0100000360367,0.0100000855194,0.010000505063,0.000673972396487,0.0100000519557,0.0100000280924,0.0100000390193,0.356169899415,0.0100002387999,0.0100001864065,0.0100001569942,0.562699538781,0.010004666805,0.0100047383175,0.0100156695748,0.236419387701,0.0100000431756,0.0100001707395,0.157411211905,0.0100012073542,0.0100008044668,0.010003156354,0.0906153363953,0.010001327013,0.0100452377966,0.0100046941419,0.0100012687569,0.0100056984352,0.0100423054771,0.0100120140212,0.0100037054096,0.0100047804097,0.017879998204,0.0100365081353,0.0100127362304,0.0100047272263,0.0162680049914,0.0264606038284,0.0178773190346,0.0100292518076,0.0342491958373,0.0100199289753,0.0100068895794,0.0100039176745,0.0100012060813,0.0100013726683,358.276877253,270.54147884,1.32779890516,4.98969816942,8.37508750587,12.4057258586,2.693906744,0,4.05746170977,5.45719903618,4.93559106687,88.5192146942,2.61914151355,1.79717894277,2.0040360209,227.397379253,7.16644692144,7.04617478245,2.74160446438,80.5126013194,5.24806590465,2.35940786782,167.363459835,2.50884526643,3.34215000864,1.81313150288,15.2025875991,3.65899225131,0,0.689229866451,5.5345694331,2.37944778734,0.0724310971839,1.38647632915,2.53687636637,1.625200755,4.15321528527,1.69965980256,2.0112844057,1.96439479631,0.348437943107,1.94356185798,1.13800528202,0.360184361352,1.67824511463,0.247177517323,0.480943086588,0.408862857652,2.01009933332,1.16390848547
refine__sobol__0003073__shoulder_elv__m2@@teres_major@@0.00,39.69229194,79.85014738,-55.82273854,85.01727674,19.23739769,-6.67860394,5.44539462,Teres major,TMAJ,0,1,usable,Converged with independently replayed constrained generalized-force equilibrium and small reserve torques,390.710703,3.98358412962,7.84468889847e-08,5.30775423613e-12,0.000247105872558,22,1,0.0100000457878,0.425500022879,0.0100000869986,0.0100000348762,0.101746960238,0.0100000219514,0.999999646194,0.000674410865293,0.876642788169,0.0100000839319,0.0100000838611,0.0100000660771,0.0100000486701,0.0100000647906,0.488870516602,0.0100001468228,0.655762141653,0.642014778361,0.130423730919,0.0100452377388,0.595158958132,0.0100002349091,0.0100003781759,0.0100004463724,0.010001274213,0.0276734875414,0.0107629817331,0.0100010182384,0.0100009451172,0.010002838296,0.620125836747,0.409285906598,0.0100044196049,0.0100023885283,0.0100115162411,0.0100285293169,0.0100096295605,0.0100125752128,0.0100194500149,0.0100312264554,0.0180184455488,0.0838389653611,0.0731580703807,0.0414738934654,0.0154656285727,0.015718957895,0.0100208339735,0.0100254209661,0.0100053987567,0.0100099048962,10.9213469337,348.255130234,1.99906393646,4.65904707923,94.4718603307,12.9616009614,235.15217171,0,389.13818728,6.57061774185,4.79983421982,2.6991073815,2.92300978489,1.84575948124,101.691651802,1.29165245637,460.68738265,441.574166094,33.6241789662,0,301.63710694,2.21784318081,11.096862099,2.5473630683,3.15409765577,6.97336783092,1.56269628238,3.77155524014,4.28461197993,0.927319000751,329.696285275,111.453877088,0.663788481079,1.60101084736,2.5866652676,1.62957390176,2.37014039787,1.73089880338,2.0633538094,1.97871602646,0.410365490571,7.82309800069,5.978461831,1.99379064942,0.779186186918,0.644785791499,0.717571785376,0.461004209912,1.99463505338,1.16513287214
refine__sobol__0000463__shoulder_elv__p5@@subscapularis@@0.00,-42.35360649,93.16606534,77.66114818,12.43182752,74.51083519,-8.80628949,-44.15421476,Subscapularis,SUBSC,0,1,usable,Converged with independently replayed constrained generalized-force equilibrium and small reserve torques,409.008276,2.58678568901,2.31136835893e-07,3.63797880709e-12,6.81248096964e-05,24,0,0.0100015836822,0.780802930724,0.0100010353757,0.976450210225,0.0100004111991,0.000673941684066,0.0100452378176,0.0100005408346,0.0100006787844,0.0100000935805,0.0100001239779,0.0100003558631,0.0100002253758,0.0100002807725,0.0100006022871,0.0688432956962,0.264420954546,0.208195438164,0.0100452378176,0.0100452378176,0.282624881938,0.0100452378176,0.010001624743,0.0100032969873,0.0100452378176,0.626883403104,0.0100004606492,0.308756593079,0.0100003173552,0.0100150848756,0.407722307112,0.10068354162,0.0100049931328,0.0100023938611,0.174104468913,0.185115624105,0.0100023719433,0.0100074198767,0.0942858906172,0.271674003586,0.0100050320292,0.0100014479694,0.0100206145906,0.0272099501187,0.0100029854498,0.0533086775761,0.0100029638918,0.0495677824432,0.0100046719835,0.0681261843182,2.56369085078,477.46589519,1.80379453988,180.912003971,1.14411990222,0,0,1.36956167857,4.3580703281,5.63175235641,4.97170712652,2.41890223546,2.64789884244,1.79596494858,1.16700220832,42.921610672,144.131334895,89.3526575652,0,0,16.2309735734,0,11.728966574,2.36879162949,0,154.892801698,1.91215779704,86.3613950757,3.13070704383,0.523912212252,227.174476033,19.9356211633,0.499757813001,1.44062473917,43.6280099552,28.0609718737,2.19924493717,1.67538104408,20.023972453,52.9403524225,0.383769844211,1.06300935521,0.919320177632,1.24406063411,0.72416901324,2.50748641071,0.77473045155,2.27978757644,1.05854643247,7.83274621321
refine__sobol__0000673__elbow_flexion__p5@@middle_deltoid@@0.00,31.65029976,97.68754972,55.54200755,23.3986244,74.97958519,13.78648395,40.80672274,Middle deltoid,DELT2,0,0,solver_failed,The static optimization solver did not converge,586.969165,,2.12126849419e-08,,,0,0,,,,,,,,,,,,,,,,,,,,,,,,,,,,,,,,,,,,,,,,,,,,,,,,,,,,,,,,,,,,,,,,,,,,,,,,,,,,,,,,,,,,,,,,,,,,,,,,,,,,
refine__sobol__0000463__shoulder_elv__m5@@anterior_deltoid@@0.00,-42.35360649,83.16606534,77.66114818,12.43182752,74.51083519,-8.80628949,-44.15421476,Anterior deltoid,DELT1,0,0,solver_failed,The static optimization solver did not converge,864.049821,,2.53347725021e-07,,,0,0,,,,,,,,,,,,,,,,,,,,,,,,,,,,,,,,,,,,,,,,,,,,,,,,,,,,,,,,,,,,,,,,,,,,,,,,,,,,,,,,,,,,,,,,,,,,,,,,,,,,
refine__sobol__0000463__shoulder_rot__m5@@subscapularis@@0.00,-42.35360649,88.16606534,72.66114818,12.43182752,74.51083519,-8.80628949,-44.15421476,Subscapularis,SUBSC,0,1,usable,Converged with independently replayed constrained generalized-force equilibrium and small reserve torques,467.232725,2.19531983616,2.42012529128e-07,1.83528475709e-12,9.62482131309e-05,23,0,0.0100009758664,0.384780565802,0.0100039551063,0.657042368852,0.0100002204425,0.000673860652861,0.0100452391403,0.0100007042782,0.830440907462,0.0100000972577,0.0100001284847,0.0100004646104,0.0100005228142,0.0100003120017,0.0100008977876,0.149046515822,0.196035426577,0.154351781561,0.0100452391403,0.0100452391403,0.204886914042,0.0100452391403,0.0100021676892,0.0100039213159,0.0100452391403,0.624127868136,0.0100004745444,0.316956253861,0.0100003296504,0.0100163632144,0.389162240864,0.0917682935356,0.0100052404882,0.0100025455151,0.16784965822,0.178549203648,0.0100024227163,0.0100074943478,0.090088487551,0.261724017759,0.0100051047223,0.01000147539,0.0100191449998,0.0254974207927,0.0100030540162,0.0526384344622,0.0100030610757,0.047847163265,0.0100046962921,0.064617840358,2.22204132789,256.109539983,1.60295755938,106.034873026,2.02382293642,0,0,1.34948550935,323.587353032,5.98204097351,4.97245973364,2.31110538672,0.61950022739,1.77742745786,0.943119535809,97.5190777925,106.855554534,66.2442078957,0,0,7.1392400369,0,11.7296032905,2.36893947135,0,154.21195335,1.91216045396,88.654897998,3.13071089503,0.523979085249,216.833189203,18.1703772594,0.499770168754,1.44064658181,42.0606467232,27.065593225,2.19925610088,1.67539351162,19.1325486904,51.0014265429,0.383772632549,1.06301226962,0.919185353142,1.16576242669,0.724173977125,2.47596010816,0.774737978514,2.20065056379,1.05854900464,7.42937755047
refine__sobol__0000603__elbow_flexion__m5@@triceps@@0.00,9.85342476,113.42973722,-41.13767995,104.2970619,6.85458519,23.7669527,39.40047274,Triceps,TRIlong;TRIlat;TRImed,0,0,reserve_too_high,The posture requires more reserve torque than the quality limit permits,300.889741,207.163754947,2.33034530339e-07,1.55530005941e-06,0.188159727367,29,5,,,,,,,,,,,,,,,,,,,,,,,,,,,,,,,,,,,,,,,,,,,,,,,,,,,,,,,,,,,,,,,,,,,,,,,,,,,,,,,,,,,,,,,,,,,,,,,,,,,,
refine__sobol__0001387__pro_sup__p2@@infraspinatus@@0.00,23.30069038,95.97368253,56.78712474,29.38006971,58.62021019,14.28208941,-8.82218351,Infraspinatus,INFSP,0,1,usable,Converged with independently replayed constrained generalized-force equilibrium and small reserve torques,344.497283,1.50077477587,2.16081943449e-08,1.97636097135e-12,8.3994059305e-05,17,1,0.130141885613,0.999999650493,0.66304236244,0.0691173175648,0.000673974879592,0.0100002168717,0.0100014730261,0.0100006147328,0.0100008932978,0.0100000983729,0.0100000913139,0.0100003809865,0.0100003107981,0.0100003197841,0.0100002784869,0.164538303923,0.0285926144203,0.0261788612177,0.0100452378443,0.0100452378443,0.0100006077687,0.0100064916443,0.0100123024019,0.0100145972907,0.0100284585047,0.0307090121599,0.0537140112105,0.0100034904158,0.0100078793144,0.0100091704768,0.0231520342167,0.0107827598589,0.0100185720632,0.0100102783974,0.010007539324,0.0100107259608,0.0100116454901,0.0100136457795,0.0100111350936,0.0100104397939,0.010741313101,0.0377251678308,0.0298495196297,0.0134974564017,0.0199725084252,0.0110935464558,0.010061946848,0.0100249323658,0.0100096308212,0.0100120926554,158.499771167,407.898975725,133.519931249,32.2166425871,0,11.5394857523,2.42964205495,1.43794929493,4.30936525971,6.45271809687,4.66001313883,2.62671883264,2.85510190626,1.81517712246,1.89853716492,54.4255699086,18.2233189001,15.273097808,0,0,1.8781176575,0.0838724221114,11.7879985829,2.56812218776,3.07943131672,7.29523580358,10.3583366301,3.89955864351,4.61879677777,0.954645318814,12.8980872128,2.56380045859,0.754380395184,1.7136895457,2.5898416609,1.62396347937,2.37062835788,1.73126802316,2.08160210353,1.97491546421,0.361782565169,4.11955532044,2.81109110347,0.658669695676,1.43312790415,0.496327036956,0.629616077228,0.434609787674,1.58563361218,1.11186976339
refine__sobol__0001387__shoulder_rot__p5@@brachioradialis@@0.00,23.30069038,95.97368253,61.78712474,29.38006971,56.62021019,14.28208941,-8.82218351,Brachioradialis,BRD,0,1,usable,Converged with independently replayed constrained generalized-force equilibrium and small reserve torques,337.032332,1.09864277302,3.70701442876e-08,2.69585019202e-12,5.41070276978e-05,20,1,0.0418088423374,0.999999177444,0.238743127433,0.0100006140318,0.137228441784,0.0100003008066,0.0100044809734,0.0100010616755,0.010001138288,0.0100001695064,0.0100001631289,0.0100007444676,0.0100005408223,0.0100005458183,0.0100004433059,0.0100025316131,0.0754610226042,0.0690770430099,0.0100452377825,0.0100452377825,0.0100008026116,0.0100084833643,0.010005597067,0.00067395685971,0.0100165952499,0.0267550978365,0.0521827371118,0.0100032302612,0.010006288429,0.0100088060016,0.0184117171038,0.0145650662776,0.0100168526362,0.010009172906,0.0100077437661,0.0100110884393,0.0100116764528,0.0100137589369,0.0100113743469,0.0100108561369,0.01087589232,0.0387610953395,0.0308474054855,0.0141500587951,0.0200618659995,0.01089902928,0.0100634401433,0.0100262428548,0.010010132956,0.0100129850114,50.912056494,418.466467609,48.0807904774,4.70595248146,131.960631167,11.5616288371,2.60437258607,1.43773907929,4.31466353994,6.45211573298,4.65459468079,2.62323831003,2.85138245403,1.81347851793,1.89847844906,3.23911747758,48.0945974165,40.3004709012,0,0,1.87987279211,0.0891550557188,11.7801040472,0,3.08243493871,6.3716671506,10.0624455907,3.91096281481,4.61342068016,0.95800190279,10.2579286223,3.52690270078,0.754244017123,1.71348503183,2.58989458081,1.62397386036,2.37063569292,1.73128758472,2.08177009597,1.97499197032,0.367017944402,4.23267248529,2.90558576031,0.690517141828,1.43984899017,0.487685370439,0.63102223934,0.434666601166,1.5857131558,1.11196886194
refine__sobol__0000625__elv_angle__p2@@coracobrachialis@@0.00,54.04092476,70.77348722,-38.79392995,54.4533119,79.35458519,9.0013277,-41.22452726,Coracobrachialis,CORB,0,0,solver_failed,The static optimization solver did not converge,762.959307,,2.83491843334e-08,,,0,0,,,,,,,,,,,,,,,,,,,,,,,,,,,,,,,,,,,,,,,,,,,,,,,,,,,,,,,,,,,,,,,,,,,,,,,,,,,,,,,,,,,,,,,,,,,,,,,,,,,,
refine__sobol__0001369__flexion__m2@@triceps@@0.00,54.23819038,98.00493253,-15.86912526,47.66131971,-5.87978981,3.89146441,-12.69718351,Triceps,TRIlong;TRIlat;TRImed,0,0,solver_failed,The static optimization solver did not converge,1101.946138,,7.64108376572e-09,,,0,0,,,,,,,,,,,,,,,,,,,,,,,,,,,,,,,,,,,,,,,,,,,,,,,,,,,,,,,,,,,,,,,,,,,,,,,,,,,,,,,,,,,,,,,,,,,,,,,,,,,,
refine__sobol__0004077__deviation__m5@@latissimus_dorsi@@0.00,90.14151069,110.66850675,-38.97703542,118.91376112,35.64364769,13.44346637,45.17195712,Latissimus dorsi,LAT1;LAT2;LAT3,0,1,usable,Converged with independently replayed constrained generalized-force equilibrium and small reserve torques,387.089178,0.792737304617,2.84404997331e-08,1.31450406116e-12,0.000219101168408,22,0,0.261552274373,0.383312018974,0.0100016095188,0.0100005209899,0.086926343527,0.0100000544231,0.737113695754,0.0100004147694,0.0100001012841,0.010000037657,0.0100000504832,0.000673964268217,0.000673964268217,0.000673964268217,0.0100002174751,0.0100452378819,0.0710082933402,0.0709464799266,0.0180191324486,0.0100452378819,0.0100001229684,0.0100001595524,0.0100038161516,0.0100130398551,0.0100029073491,0.0100246139971,0.0706001061174,0.010005129284,0.0100452378819,0.0100452378819,0.0550590111021,0.0474631065368,0.0100452378819,0.010014673507,0.010003594563,0.0100050368447,0.0100068953962,0.0100076814955,0.010005904911,0.0100046764048,0.0112249794935,0.0347145800418,0.0257679431866,0.0104401567803,0.0195195322141,0.0100542819974,0.0100192123621,0.0100084058845,0.0100025750736,0.0100030924026,208.151473252,370.846226831,1.71245100111,3.7857094043,90.3046009314,11.1366633488,180.298092857,1.24907793968,4.41970095912,6.55303212337,4.95180070537,0,0,0,2.07452446606,0,50.9403497509,50.8516956131,5.10300827391,0,4.93213645997,3.16643800575,8.93923801971,0.386043350357,3.02437275549,1.40818984081,10.9293319941,1.2784719827,0,0,19.7811755744,12.4474814966,0,0.486233683248,2.41115887251,1.5652774565,2.25212208043,1.64025377837,1.93185033462,1.88524990785,0.225141833132,2.41542846269,1.52649327906,0.36122710441,0.845406231469,0.220710999155,0.417120558202,0.450250076411,1.99761090277,1.16721475037
refine__sobol__0001369__deviation__p5@@brachioradialis@@0.00,54.23819038,98.00493253,-15.86912526,47.66131971,-5.87978981,8.89146441,-10.69718351,Brachioradialis,BRD,0,1,usable,Converged with independently replayed constrained generalized-force equilibrium and small reserve torques,383.225234,3.34633342106,1.57867674488e-08,3.1334934647e-12,0.00016558567559,19,1,0.47497369645,0.0100002939735,0.0100001881499,0.0100000529888,0.959911209931,0.0100000339878,0.999999031575,0.0100002661954,0.010000630066,0.0100000785116,0.0100001062328,0.0100001434608,0.0100001029423,0.0100001320531,0.58845079398,0.0100002391895,0.363186872651,0.354061536185,0.0101172787697,0.0100009728382,0.52590100315,0.0100009082869,0.0100011704951,0.000673700673752,0.0298746118802,0.048067496877,0.0100457281886,0.010004082855,0.0100016541549,0.0100087725746,0.497440467811,0.242962388805,0.0100105844623,0.0100065972329,0.0193298041122,0.0205130912512,0.0100168133217,0.0100265230022,0.0101656599199,0.019448327805,0.0134677925776,0.0583197756237,0.0100452377096,0.032458437868,0.0118471093791,0.0151204688487,0.010125673231,0.0108909792468,0.0100146071872,0.017017138254,553.344556809,6.16690391906,2.0138273498,4.68070865791,975.589108221,13.0045664656,257.777220535,1.41485661162,4.35918657186,6.56922640231,4.81485217238,2.71742617915,2.97820408656,1.87451131582,122.403373088,2.06907441805,241.143492247,229.177868375,0.209720181771,3.75885771072,276.126982495,1.38276715331,11.7671773442,0,10.0753031973,12.1329037762,1.93780233459,4.07895711634,4.54878152305,1.00885627551,263.707535017,69.1519033463,0.745803370156,1.70784022211,5.000849431,3.28232974566,2.37122927695,1.73342473929,2.13850173382,3.83003023165,0.428785087265,6.36831785102,0,1.58396075898,0.819467383738,0.688996218893,0.733129569993,0.494501702701,1.64344077189,1.96443195346
refine__sobol__0000603__elbow_flexion__p2@@teres_major@@0.00,9.85342476,113.42973722,-41.13767995,111.2970619,6.85458519,23.7669527,39.40047274,Teres major,TMAJ,0,1,usable,Converged with independently replayed constrained generalized-force equilibrium and small reserve torques,341.932899,5.25057863046,2.3649250025e-07,6.43041175863e-12,0.000781902990852,27,2,0.010000030978,0.565303959537,0.999999927021,0.814188162,0.401621004496,0.152921288649,0.010000104207,0.000673959810555,0.999999654689,0.0100000075258,0.0100000056069,0.0100002779313,0.0100000956996,0.0100000618787,0.0100000361615,0.864516755468,0.0640008386209,0.0635891500035,0.0152493985041,0.0100452378005,0.0100000091148,0.0100000235881,0.0100037266468,0.0100017570483,0.0100001309886,0.0100005425125,0.981058636766,0.0100005342778,0.0100452378005,0.0100036427949,0.0100001899494,0.0100004683165,0.0100452378005,0.154009209437,0.0100008571997,0.0100009241091,0.365438696702,0.163969225863,0.0100446731577,0.0100008351791,0.129154265982,0.213559860663,0.149548499615,0.0100087652647,0.298819733038,0.010004261547,0.0100012116456,0.0100005517325,0.0100001497173,0.0100001753009,12.1373939599,5.15450368093,192.923240947,23.7084509575,395.224374774,196.227964818,2.59217389436,0,443.744371812,6.22214083731,4.97023141549,2.71283050357,2.98096130539,1.87873799212,1.27756041755,50.5170575183,45.9116252881,45.3227847623,4.30268678962,0,4.73988639648,2.50111590772,10.131967472,1.06766469863,3.13538189629,1.59073218487,173.77509288,2.5112518536,0,0.207211975871,5.06216222167,2.79821655766,0,12.9200726409,2.48095910375,1.60683046645,83.6524628859,27.3649229398,1.98409432421,1.93542465077,3.01185782805,17.0397433606,9.95176700206,0.373512881299,14.9873117505,0.246625866892,0.408607961741,0.390006671054,2.00723096245,1.14912425395
refine__sobol__0001711__pro_sup__m5@@brachialis@@0.00,-47.18759087,105.74907316,38.18360911,69.37030409,-39.16103981,17.0506441,27.62312899,Brachialis,BRA,0,1,usable,Converged with independently replayed constrained generalized-force equilibrium and small reserve torques,356.390707,2.08051243246,7.95465702197e-08,1.73727698893e-12,0.000140741895442,20,1,0.518239698858,0.999989168764,0.0100004303447,0.0100009157232,0.0100002395506,0.496816143185,0.010045237913,0.0100005777732,0.0100002344208,0.0100000699343,0.0100000938126,0.0100005889245,0.010000217609,0.0100002588752,0.0100009088867,0.0418252641645,0.372668117426,0.364639530669,0.0623573166938,0.0100015351205,0.421818292582,0.0100007922726,0.000673886932263,0.0100029809201,0.0100090119977,0.0305982537847,0.0898373924649,0.0100041632514,0.0100066423379,0.0100096668144,0.276261458643,0.130088568918,0.0100146123351,0.0100086787832,0.010017886838,0.010022603052,0.01001559802,0.0100184834118,0.0100188194926,0.0100161143251,0.0105581454808,0.0457916527949,0.0345498311896,0.0188021281737,0.0200788720297,0.0103723778233,0.0100417873304,0.0100284259948,0.0100082385551,0.0100120473279,231.110913498,247.512930574,1.81956684539,1.84548470636,2.49848112402,575.142694485,0,1.39722422878,4.14712373591,5.18973284482,4.91621673783,2.50427155139,2.7986391396,1.82184934633,0.546799245677,13.921163085,256.133346823,245.216143115,12.5191557192,3.65421370185,161.513045361,0.851364276032,0,2.73225139319,3.36978211237,6.32953607425,16.8679661208,3.88134156731,1.73960703375,0.931711406132,140.089723857,35.4061696042,0.570793113807,1.57799807829,2.5622652979,1.62857726236,2.3494704504,1.7126925229,2.03101535055,1.97458616669,0.247391922517,3.92418362736,2.49334881533,0.75966896984,1.10572643391,0.309235554448,0.536414146045,0.429095300416,2.00463248671,1.16477859739
refine__sobol__0001711__pro_sup__m5@@anterior_deltoid@@0.00,-47.18759087,105.74907316,38.18360911,69.37030409,-39.16103981,17.0506441,27.62312899,Anterior deltoid,DELT1,0,0,solver_failed,The static optimization solver did not converge,1664.730994,,3.4497013246e-08,,,0,0,,,,,,,,,,,,,,,,,,,,,,,,,,,,,,,,,,,,,,,,,,,,,,,,,,,,,,,,,,,,,,,,,,,,,,,,,,,,,,,,,,,,,,,,,,,,,,,,,,,,
refine__sobol__0002761__elbow_flexion__p5@@infraspinatus@@0.00,69.66299507,114.79448331,76.3794099,94.90497205,32.59677269,20.57969684,-39.26163663,Infraspinatus,INFSP,0,1,usable,Converged with independently replayed constrained generalized-force equilibrium and small reserve torques,303.303428,1.09489340061,5.95884159793e-08,5.91727475372e-13,6.48487651047e-05,17,0,0.121353370286,0.433429279153,0.23039349034,0.0100030377819,0.000673933571714,0.0100003737951,0.860780670074,0.0100013292237,0.010000390798,0.0100001372928,0.0100001849714,0.0100007777039,0.0100006122609,0.0100007041405,0.0100009273607,0.0100452374926,0.181087746465,0.177456363376,0.0376420971505,0.0100452374926,0.0977023755041,0.0100004759209,0.0100013389419,0.0100014209093,0.0100452374926,0.0481081890463,0.022270364527,0.0100024004143,0.0100028789783,0.0100065030788,0.0857570237599,0.0761951151219,0.0100113336558,0.0100063389831,0.0100110740751,0.010017151499,0.0100160093718,0.0100183867352,0.0100166070574,0.0100173451722,0.0137532138998,0.0409085635441,0.0370922454494,0.0165302431854,0.0169092225844,0.0120678279715,0.0100769786304,0.0100361922769,0.0100136501008,0.0100201369308,93.0487605769,194.048811384,43.6077167397,1.98971409101,0,11.4353395684,229.516336749,1.42350641723,3.99961738746,6.36615550375,4.64655463964,2.71738110824,3.01657109498,1.87949009582,2.07999256231,0,128.8865529,123.769427562,10.0575229299,0,48.3200248883,2.78583401188,10.8447496559,2.40775959484,0,12.1233156048,4.23552282418,4.07985103064,4.21079830846,1.01032774732,43.5796489147,20.1259436999,0.703198166029,1.66162718077,2.49611443516,1.45414501029,2.35360314052,1.72459925235,2.1268532482,1.87788795706,0.540925035504,4.29182192384,3.47089861392,0.788061405965,1.22422006154,0.568829003509,0.76729285209,0.394669650445,0.99315996702,0.93925617907
refine__sobol__0000625__pro_sup__m5@@infraspinatus@@0.00,52.04092476,70.77348722,-38.79392995,54.4533119,74.35458519,9.0013277,-41.22452726,Infraspinatus,INFSP,0,0,solver_failed,The static optimization solver did not converge,930.98724,,1.95731360009e-08,,,0,0,,,,,,,,,,,,,,,,,,,,,,,,,,,,,,,,,,,,,,,,,,,,,,,,,,,,,,,,,,,,,,,,,,,,,,,,,,,,,,,,,,,,,,,,,,,,,,,,,,,,
refine__sobol__0001369__shoulder_rot__p5@@pectoralis_major@@0.00,54.23819038,98.00493253,-10.86912526,47.66131971,-5.87978981,3.89146441,-10.69718351,Pectoralis major,PECM1;PECM2;PECM3,0,1,usable,Converged with independently replayed constrained generalized-force equilibrium and small reserve torques,417.965704,0.433096496679,8.76234196312e-08,2.67164068646e-12,1.39603157479e-05,14,0,0.264708577359,0.184825321121,0.0100045806986,0.0100012924629,0.513431551191,0.0100005742515,0.157590979459,0.0100025814599,0.000673961639865,0.000673961639865,0.000673961639865,0.0100014298459,0.0100011617196,0.0100013884655,0.0100039173823,0.010002960087,0.0553317932253,0.053942061521,0.0100499426035,0.010004588846,0.113887940795,0.0100027174734,0.010006760539,0.0100113148428,0.0358667791639,0.0437120042813,0.023354888623,0.0100046603725,0.0100040328206,0.010010644569,0.103836171867,0.0477112266497,0.0100177950256,0.0100106231425,0.0100105836914,0.0100158493538,0.010011660239,0.0100147641635,0.0100137973099,0.0100151992217,0.0101648750167,0.0326013163463,0.0100452378128,0.0153366568578,0.012135924943,0.010763631074,0.0100971636513,0.0100379923542,0.0100109688627,0.0100203214529,305.424972407,110.965232116,2.01445654896,4.64493592399,525.661960398,12.9171165345,41.0103903761,1.42061646308,0,0,0,2.69327713073,2.97383935819,1.87313788627,2.0808928,2.0783713637,36.738392422,34.9157573215,0.208324373852,3.76021678498,59.7974532472,1.41334235307,11.7737544782,2.76238467438,12.097864612,11.036643918,4.49928307323,4.08053925221,4.62426569449,1.01002961091,55.0465486576,13.5795591658,0.749716914623,1.7108375225,2.58994783494,1.60645477741,2.36931374343,1.73130058376,2.10763784935,1.97328716125,0.310801920601,3.55895640266,0,0.748423833186,0.81162532726,0.491124591562,0.757942718119,0.461189471073,1.7035284709,1.16813216687
refine__sobol__0003073__pro_sup__m5@@supraspinatus@@0.00,39.69229194,81.85014738,-55.82273854,85.01727674,14.23739769,-6.67860394,5.44539462,Supraspinatus,SUPSP,0,1,usable,Converged with independently replayed constrained generalized-force equilibrium and small reserve torques,311.885826,4.1339317451,7.67206858043e-08,4.86721773996e-12,0.000266701293208,21,1,0.0100000323922,0.406049266696,0.0100000797081,0.000674451464401,0.0100010726778,0.0100000193499,0.99999970105,0.0100001078592,0.738535389539,0.0100000717062,0.0100000751294,0.0100000586635,0.0100000439502,0.0100000587524,0.487879684028,0.0100001414049,0.732769856039,0.717408138995,0.145738938226,0.0100452377694,0.667615388363,0.0100002081714,0.0100003376939,0.010000433092,0.0100012263221,0.0248451406606,0.0118471786595,0.0100010676877,0.0100009247011,0.0100029284062,0.6739048806,0.440012150124,0.0100044401893,0.0100024525873,0.0100273709722,0.0103078147228,0.0100131564753,0.0100175491844,0.0100492499266,0.0104220375732,0.0178176461273,0.0836186713609,0.0735821409582,0.0417927385677,0.0148791562959,0.0153258216376,0.0100190102802,0.0100266831341,0.0100054983506,0.0100104056641,11.0374705257,320.972836957,1.99999917385,0,9.2951123444,12.9837816522,235.972562157,1.4326734085,327.833254869,6.57080672478,4.81934709099,2.70125237401,2.93072919766,1.85030781522,101.486192572,1.21701586527,514.787002221,493.429296974,37.5725499267,0,335.713229487,2.24212726023,11.0968171779,2.54708821471,3.15374655637,6.26374293251,1.72915050843,3.7722664435,4.27955061431,0.927262160959,360.918949765,121.168980668,0.663027637476,1.60113764434,2.59180203282,1.67495608237,2.37098025514,1.73180350067,2.07151517924,2.05592489075,0.406177130539,7.81118717395,6.02329754368,2.01028114659,0.751546577999,0.629207452379,0.722500505229,0.461062248846,1.9946549081,1.16519116051
refine__sobol__0001369__shoulder_elv__p5@@infraspinatus@@0.00,54.23819038,103.00493253,-15.86912526,47.66131971,-5.87978981,3.89146441,-10.69718351,Infraspinatus,INFSP,0,1,usable,Converged with independently replayed constrained generalized-force equilibrium and small reserve torques,364.396887,1.07630265364,2.06785486512e-08,9.61593182805e-13,6.78801758477e-05,18,0,0.140003776184,0.473889723288,0.112174488165,0.010000470024,0.000673967308315,0.010000121833,0.796415973694,0.0100009928854,0.0100002928183,0.0100001257813,0.0100001722241,0.0100005401922,0.0100004341103,0.0100005250755,0.0100008182954,0.0100014698763,0.16144339906,0.157387080702,0.0100623587091,0.0100020751208,0.245582944308,0.0100008448434,0.0100025621918,0.0100041978706,0.0289859971543,0.0416282581688,0.0147559806825,0.0100046612272,0.0100028596012,0.0100103065519,0.230786030251,0.111686036421,0.0100149570767,0.0100092227141,0.0100205288893,0.0100334885076,0.0100141767979,0.0100189157164,0.0100225830843,0.0100311788006,0.0103551747342,0.0398362034876,0.0100452377276,0.0203342369544,0.0116092257652,0.0113118567032,0.0100766663408,0.0100517407035,0.0100113327604,0.0100301590364,160.238891287,258.053314814,22.5890668024,4.65958361104,0,12.9789415285,205.38989564,1.39590741398,4.36918955442,6.57084877142,4.87188229473,2.7258050629,2.99750483157,1.87874063811,2.08026037029,1.90307500333,107.192819957,101.873917329,0.208581750326,3.75927200284,128.955503524,1.28051825362,11.7688147866,2.76042091486,9.77697684013,10.5105283981,2.84271679412,4.08053960082,4.62372338532,1.00999550649,122.346329056,31.788055895,0.749504526712,1.71059818619,2.5925208661,1.6092839436,2.36990930074,1.73201828274,2.10948702108,1.97643560563,0.316620537927,4.34876033698,0,0.992304105609,0.776400785692,0.516139113828,0.756404089349,0.461821130642,1.70359039349,1.16927899611
refine__sobol__0002303__shoulder_rot__m5@@brachioradialis@@0.00,-51.09872368,96.64018644,-36.57957448,101.96551893,-71.62197731,15.62364215,40.07430087,Brachioradialis,BRD,0,1,usable,Converged with independently replayed constrained generalized-force equilibrium and small reserve torques,365.414188,2.34830651307,2.81463314877e-08,1.69819713847e-12,0.000246494839695,31,1,0.887926296514,0.999999372271,0.0100005242395,0.0100000731889,0.0100000425703,0.0100000866133,0.0100004443338,0.0100008589696,0.0100000624907,0.0100000344315,0.0100000472051,0.279747990369,0.01000027996,0.0100002177026,0.0100002406046,0.621191970558,0.0100040497732,0.0100041128063,0.0100141050578,0.218257022513,0.0100000524818,0.0100002005676,0.1840812818,0.000673967145514,0.0100020926174,0.0203802667847,0.073767953841,0.0100009745889,0.0100452377778,0.0100042109258,0.0100014270362,0.0100061108084,0.0100297111352,0.0100032005049,0.0100017196117,0.0100025695711,0.0100030304356,0.0100036128654,0.0100027947431,0.0100025498991,0.0132402927407,0.0449336359996,0.0333625986185,0.0135327753151,0.0306854913846,0.0101895633164,0.0100216570781,0.0100077200749,0.0100021136048,0.0100026734891,374.309367664,258.585905165,1.29983872559,4.99186418995,8.82163192609,12.5080559286,2.69388508977,1.38101215835,4.04476577019,5.41580298199,4.92255527329,69.8983964825,2.6405739647,1.79942928792,1.55057757833,256.737799216,7.16600493502,7.04573424481,2.74117620651,74.3274094769,5.2495909914,2.35122193416,195.71973205,0,3.32784609619,3.74776799013,11.8949428037,3.61398131276,0,0.61441959651,5.53465702224,2.37954585333,0.0569624464692,1.3582930934,2.52414792469,1.62353497938,2.31973370835,1.69045731281,2.003540273,1.95591920572,0.266326710754,3.15570809783,2.05669292971,0.478967098033,1.44147891324,0.251502139457,0.510169577121,0.438654210552,2.01027387876,1.16724490899
refine__sobol__0000673__elv_angle__p2@@brachioradialis@@0.00,33.65029976,97.68754972,55.54200755,18.3986244,74.97958519,13.78648395,40.80672274,Brachioradialis,BRD,0,1,usable,Converged with independently replayed constrained generalized-force equilibrium and small reserve torques,354.146063,1.02896653437,4.44711218961e-08,7.95618362848e-13,3.20373098448e-05,27,0,0.0491717202985,0.953992297142,0.101262266317,0.0100020084931,0.122608228702,0.0100007696775,0.0100022361758,0.0100020075685,0.0100027969903,0.0100003238521,0.0100003188327,0.0100014371835,0.010001038372,0.0100010324575,0.0100007088278,0.0100027812168,0.0946778813504,0.0776066692335,0.01004523778,0.01004523778,0.0100010374182,0.010014908559,0.0100045288957,0.000674032153297,0.0195762565241,0.0713832471181,0.085084867172,0.0100006935697,0.0100010978909,0.01000227937,0.195888987488,0.0447331735427,0.0100037490242,0.0100016942225,0.0100013088683,0.0100020279886,0.010001814097,0.0100022955996,0.0100019012647,0.0100020060033,0.0205472796909,0.097969403911,0.0749498425537,0.0417118173525,0.0440054861176,0.0227553191392,0.0117990132814,0.0100174188064,0.0100029480058,0.0100049285834,59.3211025819,397.403610576,20.3962577969,4.38735452843,129.326784228,11.496089229,2.58882576633,1.43880819601,4.22115596256,6.36303160298,4.60744406857,2.65024907169,2.89040630282,1.82896913389,2.05265377999,3.54469886964,56.1215100858,37.7066662939,0,0,1.9014307332,0.061966715418,11.7653247661,0,4.39838552031,9.61150830487,16.0780328772,4.03082021333,3.62313173294,0.955717282961,109.142357831,8.81520107421,0.689284882332,1.61979324113,2.43144978145,1.57390323826,2.26608955211,1.65063685427,1.94409373871,1.89265938744,0.463373927247,8.04831227128,5.1153244542,1.58253653751,2.4665070294,0.536978072018,0.476240624053,0.448528875158,2.00943398982,1.16751397085
refine__sobol__0000447__flexion__m2@@middle_deltoid@@0.00,-52.19735649,125.74419034,83.52052318,119.07245252,-41.73916481,5.13902301,35.40828524,Middle deltoid,DELT2,0,1,usable,Converged with independently replayed constrained generalized-force equilibrium and small reserve torques,383.723728,0.540904086456,3.3710684022e-08,5.90607772603e-13,0.00031842262865,21,0,0.303769284456,0.000673968322462,0.0100001858901,0.0100001347726,0.0100000189603,0.01000011024,0.010000190358,0.0100010125241,0.0100000439954,0.0100001043448,0.0100003136656,0.0100007486967,0.146012531469,0.481388560784,0.0100007155006,0.0100062157539,0.191805830004,0.191647535421,0.0486060372061,0.0100028865483,0.280114877415,0.0100011555996,0.0100014911353,0.010017561392,0.0100024209025,0.0100065936994,0.104337464748,0.0100099653053,0.0100452377131,0.0100367743481,0.143537484433,0.0651562545004,0.0100452377131,0.0104850824845,0.0100219396972,0.0100175061888,0.0257424475313,0.0123463290235,0.0100839556177,0.0100119638334,0.0101925172877,0.0206002447786,0.0118077575857,0.0100387270517,0.0163236183059,0.01002970119,0.0100119647291,0.0100081056239,0.0100034451602,0.0100032757633,228.289450497,0,1.68721306689,3.53259594408,10.7204322276,12.3694046274,2.32782033193,1.4384019202,4.11626990813,3.34147527137,3.17206797988,2.64915076762,43.7708181344,90.5128046769,1.57747734399,0.056049464916,137.598733554,137.371744523,13.7651768575,3.63405199566,120.088005903,2.38137101626,8.90609754096,1.00952142536,3.02539253081,1.89939288092,15.8043427407,2.46937513544,0,0.154659306513,77.3072344643,17.7103817806,0,1.02725827391,2.50935655876,1.61874213294,5.97367961263,2.08468361881,2.01397686244,1.94438486184,0.204045290788,1.51040183228,0.752870778669,0.384373775122,0.735446828403,0.277658208742,0.585931945888,0.460325515937,1.99728413665,1.15924015604
refine__sobol__0001387__pro_sup__p5@@subscapularis@@0.00,23.30069038,95.97368253,56.78712474,29.38006971,61.62021019,14.28208941,-8.82218351,Subscapularis,SUBSC,0,1,usable,Converged with independently replayed constrained generalized-force equilibrium and small reserve torques,383.549882,1.09731156639,1.92919316078e-08,3.69152902766e-13,5.50496764301e-05,19,1,0.0471249759422,0.999999177178,0.238577603362,0.0100006794945,0.133516760122,0.000673958369944,0.0100039913579,0.0100010680849,0.0100011908713,0.0100001677029,0.0100001618048,0.0100007539242,0.010000544632,0.0100005461768,0.0100004360167,0.0100022810169,0.0722767504674,0.0661622561995,0.0100452377844,0.0100452377844,0.0100008126662,0.0100108382057,0.0100058124651,0.010008120442,0.0100161893783,0.0261501318267,0.0510894943424,0.0100031679267,0.0100061131572,0.0100086774672,0.024360449063,0.0146085533547,0.0100164440074,0.010008904341,0.0100075927171,0.0100109229065,0.0100114668567,0.010013528473,0.0100111935185,0.0100107422038,0.010891981184,0.0389818104714,0.0310860837076,0.0142820846361,0.0199739780213,0.0109367041071,0.0100632701696,0.010026214363,0.0100100989233,0.0100129550444,57.3934968587,407.898783012,48.0434841016,4.66147021115,131.463827174,0,2.43025382927,1.43801448066,4.30949348354,6.45276283295,4.66004598713,2.62681678912,2.85516866605,1.8152182154,1.89856707217,3.30852957445,46.0651220459,38.5999452719,0,0,1.83279137424,0.0642684711885,11.7803576464,2.56048934356,3.06542029988,6.18917124191,9.85294219772,3.88056204878,4.62532030468,0.949064555715,13.5688154013,3.36250523144,0.754226651067,1.71347263729,2.58985554341,1.6240430258,2.37058607786,1.731247937,2.08150826591,1.97498179001,0.365739359466,4.25678525659,2.92666010485,0.696957406761,1.43276888326,0.489227075596,0.627835675211,0.434665365939,1.58570776468,1.11196553397
refine__sobol__0000673__elbow_flexion__m5@@posterior_deltoid@@0.00,31.65029976,97.68754972,55.54200755,13.3986244,74.97958519,13.78648395,40.80672274,Posterior deltoid,DELT3,0,0,reserve_too_high,The posture requires more reserve torque than the quality limit permits,334.979606,153.404946815,2.15168434181e-08,1.8485236275e-06,0.222527667573,29,1,,,,,,,,,,,,,,,,,,,,,,,,,,,,,,,,,,,,,,,,,,,,,,,,,,,,,,,,,,,,,,,,,,,,,,,,,,,,,,,,,,,,,,,,,,,,,,,,,,,,
refine__sobol__0004077__pro_sup__p5@@subscapularis@@0.00,90.14151069,110.66850675,-38.97703542,118.91376112,40.64364769,18.44346637,45.17195712,Subscapularis,SUBSC,0,1,usable,Converged with independently replayed constrained generalized-force equilibrium and small reserve torques,400.960413,0.82879552708,6.97715307751e-08,8.95283847058e-13,0.000223448957558,22,0,0.265850373662,0.400047388198,0.0100015819882,0.0100005108805,0.0851052367159,0.000673917441447,0.750938168153,0.0100004062659,0.0100000990442,0.0100000366839,0.0100000492443,0.0100001272076,0.010000110833,0.0100001778309,0.010000212765,0.0100452381126,0.0703463242212,0.0702850760141,0.0178527919204,0.0100452381126,0.0100001196929,0.0100001560026,0.0100038491048,0.0100112950867,0.0100015490793,0.0100063979207,0.0750921105882,0.0100059582192,0.0100452381126,0.0100452262513,0.0560550208527,0.0493640118914,0.0100452381126,0.010034076608,0.010007462127,0.0100088187925,0.0163543889318,0.0100670609854,0.01002567942,0.010007854946,0.0128173511112,0.0269091236036,0.0197636448269,0.0100522535822,0.019945201184,0.0100270332379,0.0100117015605,0.0100056967377,0.0100018290254,0.0100020717455,211.572035019,387.037340648,1.71244628743,3.78570557735,88.4127196304,0,183.679560355,1.24907687753,4.41969996932,6.55303148549,4.95180009216,2.75792672446,2.99926597959,1.88069579017,2.07452348901,0,50.4654624264,50.3776268435,5.05590072897,0,4.95651508342,3.16388388817,8.93926746742,0.428296356797,3.05133887676,1.35932456641,12.0252800385,1.53271025771,0,3.88172986182e-05,18.5654183689,12.788523519,0,0.532417004852,2.42336680489,1.57272175271,3.68567737669,1.65313001817,1.94117161643,1.89428215108,0.272846062544,1.94852486804,1.20433707083,0.351030632856,0.876398408427,0.217463489358,0.382177045843,0.422873293924,2.00998692753,1.16707336298
refine__sobol__0000603__elv_angle__m5@@teres_major@@0.00,4.85342476,113.42973722,-41.13767995,109.2970619,6.85458519,23.7669527,39.40047274,Teres major,TMAJ,0,0,solver_failed,The static optimization solver did not converge,883.805363,,2.38240705386e-07,,,0,0,,,,,,,,,,,,,,,,,,,,,,,,,,,,,,,,,,,,,,,,,,,,,,,,,,,,,,,,,,,,,,,,,,,,,,,,,,,,,,,,,,,,,,,,,,,,,,,,,,,,
refine__sobol__0001711__elbow_flexion__p5@@brachialis@@0.00,-47.18759087,105.74907316,38.18360911,74.37030409,-34.16103981,17.0506441,27.62312899,Brachialis,BRA,0,1,usable,Converged with independently replayed constrained generalized-force equilibrium and small reserve torques,385.241931,1.98603453916,3.13234735927e-08,1.84741111298e-12,0.000134529630076,21,1,0.496136055962,0.995657757217,0.010000450935,0.0100009612263,0.010000251437,0.478383470071,0.0100452377712,0.0100006049704,0.0100002456553,0.0100000736513,0.0100000986233,0.0100006168013,0.0100002282439,0.0100002713797,0.0100009507508,0.0435459078151,0.368462998851,0.36058884221,0.0698583311229,0.0100015976116,0.382629910683,0.0100007037765,0.000673950796389,0.0100022349053,0.0100047686157,0.0208064882355,0.0878190632969,0.0100035048461,0.0100093458231,0.0100086251678,0.260462260975,0.132663551,0.0100155217222,0.0100081563424,0.0100170889101,0.0100215242964,0.0100179769258,0.0100202506212,0.01002022714,0.0100159517908,0.0106036271559,0.0441010424508,0.0330370275684,0.0172391124538,0.0198545769908,0.0102008828402,0.0100326483557,0.0100225557258,0.0100067811493,0.0100092345868,221.253712465,246.44083813,1.81957059197,1.84549310647,2.49848410305,553.803981118,0,1.39722802872,4.14712839503,5.1897347744,4.91621910285,2.50427853238,2.79864211608,1.82185162444,0.5468015346,13.6392159162,255.041765314,244.257528869,16.373354868,3.69597868046,156.286265877,0.987147199768,0,2.68638661187,3.37442541386,4.29028982631,16.3835182799,3.83440906945,1.3147019648,0.916815187361,141.59318281,36.9213208468,0.488437572401,1.56171482734,2.55769708024,1.62836708695,2.34754093758,1.7111043371,2.02861522668,1.97395715565,0.24659779837,3.74407429914,2.3630245282,0.692354999006,1.08061762626,0.303754184615,0.532087511113,0.428844123519,2.0043405705,1.16445136937
refine__sobol__0001711__deviation__m2@@posterior_deltoid@@0.00,-47.18759087,105.74907316,38.18360911,69.37030409,-34.16103981,15.0506441,27.62312899,Posterior deltoid,DELT3,0,1,usable,Converged with independently replayed constrained generalized-force equilibrium and small reserve torques,368.716544,2.09257330098,1.91655296078e-08,2.60058641288e-12,0.000142627544404,20,1,0.511803699493,0.999991319661,0.000673651595543,0.0100008902585,0.0100002347113,0.493400065073,0.0100452375909,0.0100005718391,0.0100002318531,0.0100000688988,0.0100000925194,0.0100005833747,0.01000021481,0.0100002555454,0.01000089768,0.0440180197015,0.381195458915,0.372983072272,0.0637837350312,0.0100015173758,0.428085172676,0.010000819146,0.0100007247755,0.0100022893127,0.0100066141066,0.031242037631,0.0889379350383,0.0100031715839,0.010005776183,0.0100079241999,0.277717513845,0.139887783288,0.0100129253423,0.0100069981888,0.0100119608261,0.0100163840347,0.0100122034661,0.0100146515906,0.010014272929,0.0100127641364,0.0108395601027,0.0482295845996,0.0365603323449,0.0198896214996,0.0209404976434,0.0105511340177,0.0100407211057,0.0100258964937,0.0100073061695,0.0100105895949,228.240756075,247.513462467,0,1.84548000889,2.49847991901,571.188047706,0,1.39722339981,4.14712267092,5.18973230698,4.91621610184,2.50427016196,2.79863835658,1.82184873977,0.546798632652,14.6510020282,261.994155464,250.827084681,12.8055303723,3.69594903037,160.509749104,0.809254275145,11.4527504227,2.72563018433,3.37243636822,6.48458952656,16.5261197543,3.85893900837,1.81833745249,0.924591222192,145.516193408,38.9318821238,0.552921461885,1.57296565083,2.55289275771,1.62747858417,2.34580006744,1.70948496469,2.02597916069,1.97239468892,0.248124771366,4.07185127344,2.61000587281,0.800147427782,1.13312398575,0.314415400743,0.544726125068,0.44018513152,2.00925159046,1.16730540481
refine__sobol__0002761__elv_angle__p5@@middle_deltoid@@0.00,74.66299507,114.79448331,76.3794099,89.90497205,32.59677269,20.57969684,-39.26163663,Middle deltoid,DELT2,0,0,reserve_too_high,The posture requires more reserve torque than the quality limit permits,331.112758,751.243643867,6.10423782632e-08,2.05421812849e-06,0.415410297182,19,3,,,,,,,,,,,,,,,,,,,,,,,,,,,,,,,,,,,,,,,,,,,,,,,,,,,,,,,,,,,,,,,,,,,,,,,,,,,,,,,,,,,,,,,,,,,,,,,,,,,,
refine__sobol__0000673__elbow_flexion__p5@@triceps@@0.00,31.65029976,97.68754972,55.54200755,23.3986244,74.97958519,13.78648395,40.80672274,Triceps,TRIlong;TRIlat;TRImed,0,1,usable,Converged with independently replayed constrained generalized-force equilibrium and small reserve torques,593.01944,4.74149324385,1.7050311385e-08,2.27656288731e-12,0.00120074837675,25,2,0.0437728807121,0.969106232122,0.115103280432,0.0100016369297,0.135583732258,0.0100006399578,0.0100023656143,0.0100018805266,0.0100024686904,0.0100003019765,0.0100002964549,0.0100013380624,0.0100009680438,0.0100009655879,0.0100006843266,0.000673950490775,0.000673950490775,0.000673950490775,0.0100452377567,0.0100452377567,0.0100000475878,0.0100016125429,0.0100000082772,0.0100000311768,0.0100000502876,0.0100001939364,0.532494949138,0.0100000314068,0.0100001192672,0.0100001841969,0.0366123149299,0.999999494871,0.0100002753885,0.0100001132524,0.0100067349173,0.143249032188,0.0607260437927,0.0315778783852,0.159021239664,0.405407994848,0.282441696384,0.999995102839,0.843783541826,0.435697370072,0.445809970053,0.0100072357912,0.0100035505767,0.0177015908224,0.254129799481,0.127477425579,53.1291466465,395.377215955,23.1842459298,4.45445757385,141.940214152,11.5079953765,2.58091461657,1.43876797638,4.23714814767,6.38143363481,4.61967344333,2.64702011348,2.8858467761,1.82724936885,2.02913577682,0,0,0,0,0,1.89478000263,0.063195785819,11.7702850434,2.4574773573,2.33910606549,1.38272602712,99.3699222005,4.00782025065,3.53987201228,0.951417912324,20.3918517509,197.061731244,0.684524243223,1.612972015,2.43276892551,22.5414401868,13.7585694007,5.21116470972,30.9093429526,76.7145357618,6.18863756495,79.9472258217,56.4150380727,16.2386335692,24.4452354101,0.236149893226,0.403770811886,0.792586870385,51.0506559277,14.8758358534
refine__sobol__0000463__shoulder_elv__p2@@teres_major@@0.00,-42.35360649,90.16606534,77.66114818,12.43182752,74.51083519,-8.80628949,-44.15421476,Teres major,TMAJ,0,1,usable,Converged with independently replayed constrained generalized-force equilibrium and small reserve torques,491.67732,1.96065349097,2.51157622699e-07,1.34292577059e-12,6.67593541423e-05,23,0,0.0100024052375,0.342194032371,0.0100017004879,0.63265002601,0.0100004985178,0.0100000977756,0.0100452378194,0.000673995812039,0.685856977774,0.0100001509733,0.0100002004101,0.0100005573114,0.0100003700978,0.0100004479539,0.0100010431636,0.0334687013539,0.279210414994,0.219840035701,0.0100452378194,0.0100452378194,0.17306552395,0.0100452378194,0.0100015411077,0.0100032400586,0.0100452378194,0.628602743574,0.0100004618318,0.308289230403,0.0100003166541,0.0100151127463,0.393681868809,0.0990536555942,0.0100049971722,0.0100023941423,0.173880658639,0.1849134801,0.010002365349,0.0100073827443,0.0939286803067,0.271293722439,0.0100050475058,0.0100014526379,0.0100215076094,0.0276605040968,0.0100030030787,0.0536096312185,0.010002965459,0.0495260908863,0.0100046400936,0.0677339505092,2.29849652368,227.157287462,1.77517122626,116.178277687,1.44802273825,12.1244550034,0,0,270.680177282,5.80748999014,4.97265055981,2.36773441693,2.54222400894,1.78645688618,1.15884585898,21.426086953,152.192816655,94.3502490711,0,0,9.39821680453,0,11.7288684947,2.368778149,0,155.317623066,1.91215802327,86.2306704591,3.13070682782,0.523913670409,219.351432852,19.6128992033,0.499758014982,1.44062478,43.5719264038,28.0303296335,2.19924348742,1.67537482764,19.9481098889,52.8662480988,0.383770437862,1.06300985139,0.919402105788,1.26466032161,0.724170289489,2.52164240193,0.774730573047,2.27787004274,1.0585430586,7.78764948698
refine__sobol__0001711__deviation__p5@@infraspinatus@@0.00,-47.18759087,105.74907316,38.18360911,69.37030409,-34.16103981,22.0506441,27.62312899,Infraspinatus,INFSP,0,1,usable,Converged with independently replayed constrained generalized-force equilibrium and small reserve torques,367.034424,2.08682473462,9.42861433373e-08,2.99138491755e-12,0.000141265965363,19,1,0.515624075858,0.999989936863,0.0100004283507,0.0100009040413,0.000673970327783,0.490986918771,0.0100452377973,0.0100005755173,0.0100002336739,0.0100000696008,0.0100000934116,0.0100005865273,0.0100002165839,0.0100002577203,0.0100009053001,0.0406933850012,0.376328447221,0.368220960181,0.0629695574525,0.0100015518338,0.42243361622,0.0100008283607,0.0100007341229,0.0100022851436,0.0100022434312,0.0100122574314,0.13020242965,0.0100034157236,0.0256437432474,0.0100085258507,0.269496598843,0.136694362481,0.0100220755403,0.0100164627773,0.0100692961903,0.0100365346514,0.0219568994463,0.0123162762554,0.0120660893097,0.0100222330771,0.0153599792632,0.0547020244366,0.0384673936632,0.0160346603019,0.0308424574166,0.0100686691854,0.0100150451624,0.0100105633337,0.0100031945761,0.0100039074056,229.944466454,247.513121494,1.81956648213,1.8454825539,0,568.394451883,0,1.39722391341,4.14712342743,5.18973267565,4.91621654167,2.50427095064,2.79863885205,1.82184913573,0.54679905099,13.5444272891,258.649077267,247.624615772,12.6420721539,3.6959617639,158.39070832,0.809255022179,11.4527611271,2.72562904825,3.36211063087,2.04189055384,24.9331167065,3.89480203731,3.45936890264,0.936930122365,141.208664358,38.0431277264,0.563635126946,1.57808908028,2.58063267996,1.63086636089,5.14960687948,2.10605248955,2.44800748267,1.97656533347,0.381146497899,4.88214991058,2.85475039523,0.65720146557,1.77027424175,0.302043882293,0.503652340799,0.39903799041,1.95447890725,1.13167571045
refine__sobol__0004077__shoulder_rot__m5@@infraspinatus@@0.00,90.14151069,110.66850675,-43.97703542,118.91376112,35.64364769,18.44346637,45.17195712,Infraspinatus,INFSP,0,0,reserve_too_high,The posture requires more reserve torque than the quality limit permits,330.275841,712.793666097,3.46864261758e-08,2.01053228643e-06,0.499999939692,23,1,,,,,,,,,,,,,,,,,,,,,,,,,,,,,,,,,,,,,,,,,,,,,,,,,,,,,,,,,,,,,,,,,,,,,,,,,,,,,,,,,,,,,,,,,,,,,,,,,,,,
refine__sobol__0000673__deviation__p2@@subscapularis@@0.00,31.65029976,97.68754972,55.54200755,18.3986244,74.97958519,15.78648395,40.80672274,Subscapularis,SUBSC,0,1,usable,Converged with independently replayed constrained generalized-force equilibrium and small reserve torques,355.502406,1.08965474165,2.59637005229e-08,1.48590542953e-12,3.39932379854e-05,27,0,0.0479429992892,0.98519482341,0.113117354881,0.0100015532431,0.112926914978,0.000673968280774,0.0100022576747,0.0100018635843,0.0100024601732,0.0100002991436,0.0100002936608,0.0100013318315,0.0100009591684,0.0100009556807,0.010000674696,0.0100028187649,0.10034895847,0.0822549551903,0.0100452377946,0.0100452377946,0.0100010475283,0.0100224493794,0.0100042966857,0.0100060572919,0.0176810854043,0.0685837477534,0.0806467688681,0.0100007180295,0.010001152225,0.0100023715306,0.196473671289,0.0452533848059,0.0100038704114,0.0100017549342,0.0100013815021,0.0100021448688,0.0100019054034,0.0100024113838,0.0100020019391,0.0100021320727,0.0202055425436,0.0961878425187,0.0730115483697,0.0408776059372,0.0422395126061,0.0222637501312,0.0118350086691,0.010020398019,0.010003280079,0.0100056811528,58.1906102243,401.94106035,22.7842383349,4.45442030232,118.221192378,0,2.58088676473,1.43876553924,4.2371445397,6.381431827,4.61967215253,2.64701846437,2.88584421502,1.82724755871,2.02913382284,3.59481808305,59.483112658,39.9651238085,0,0,1.80245194638,0.0293624321191,11.7650516872,2.41202870547,3.91853228944,9.13177264955,15.3521280306,4.04030267699,3.48452369063,0.959050076125,109.468122794,8.91771485988,0.689834664228,1.62098067151,2.43603922052,1.57686416552,2.26724573907,1.65185660253,1.94633161578,1.89639017225,0.465662764059,8.01085955167,5.03280259761,1.55565844981,2.39282819785,0.522792498556,0.462867900033,0.438432326491,2.01044787546,1.16759764326
refine__sobol__0001387__shoulder_elv__m2@@triceps@@0.00,23.30069038,93.97368253,56.78712474,29.38006971,56.62021019,14.28208941,-8.82218351,Triceps,TRIlong;TRIlat;TRImed,0,1,usable,Converged with independently replayed constrained generalized-force equilibrium and small reserve torques,361.946319,4.34252171281,1.53745514098e-08,1.82188902707e-12,0.000662191308505,25,0,0.0322943984379,0.947679177614,0.146324649772,0.0100013908026,0.151954927299,0.0100005909302,0.0100062862915,0.0100018038396,0.010002035847,0.01000029654,0.0100002849245,0.0100012628571,0.0100009402764,0.010000941448,0.0100007446659,0.000673994882184,0.000673994882184,0.000673994882184,0.0100452373119,0.0100452373119,0.0100000720722,0.0100011118359,0.0100000089747,0.0100000270845,0.0100000679329,0.0100003084151,0.749926335326,0.0100000782255,0.0100000595039,0.0100004499103,0.0100000401091,0.0763152156755,0.0100004008359,0.0100001768794,0.330958220306,0.280166609998,0.0100043368722,0.0100313605858,0.111645420596,0.318662704096,0.151736221956,0.739023108605,0.599131725259,0.337621027597,0.380819422315,0.0100057839739,0.137277808425,0.299090038204,0.727585409428,0.836578210343,39.3203482671,415.685391065,29.4647663038,4.66549212942,148.720217042,11.5074789494,2.44949582898,1.43750753769,4.31204450596,6.43849192876,4.64331199061,2.62152114304,2.84361107874,1.80999401422,1.93153133543,0,0,0,0,0,1.93642893987,0.132857474414,11.7735248987,2.56822354803,3.0773489405,2.38155124709,144.60899071,3.90973046313,4.61054882094,0.957202091936,5.57143568308,18.4795822541,0.753005237596,1.7119449888,85.6483660332,45.4479304565,2.36889777502,1.73433074927,23.2156035619,62.8673784959,5.12049169301,80.7005774833,56.4335503124,16.4757694913,27.3315782633,0.447716428524,8.60792620088,12.9664174536,115.257385772,92.904255765
refine__sobol__0000673__flexion__m5@@pectoralis_major@@0.00,31.65029976,97.68754972,55.54200755,18.3986244,74.97958519,13.78648395,35.80672274,Pectoralis major,PECM1;PECM2;PECM3,0,1,usable,Converged with independently replayed constrained generalized-force equilibrium and small reserve torques,376.90865,1.03626658202,1.95790477164e-08,1.62160219325e-12,3.31706742642e-05,25,0,0.0548186274114,0.961006487,0.109055835403,0.01000159179,0.108582578118,0.0100006510403,0.0100023013607,0.0100019077524,0.000673963905285,0.000673963905285,0.000673963905285,0.0100013638912,0.0100009821735,0.010000979188,0.0100006925452,0.0100028793137,0.09985489362,0.0818499988992,0.0100452377583,0.0100452377583,0.0100010733334,0.0100227325062,0.0100043159644,0.0100061408168,0.0153275244494,0.0669769831149,0.0735506813962,0.010000771273,0.0100011033353,0.0100024528159,0.19138847707,0.0442338153275,0.0100041022365,0.01000187636,0.0100014974048,0.010002329793,0.0100020666662,0.0100026226108,0.0100021879081,0.0100023241913,0.019339147769,0.0926402763864,0.0704897817398,0.0394485892275,0.040237639719,0.0222940884081,0.0121757853372,0.0100207057758,0.010003669794,0.0100061039116,66.5358744354,392.072671603,21.9661620293,4.45443746992,113.673182867,11.5080081293,2.5808980372,1.43877189281,0,0,0,2.64702694948,2.88585085327,1.82725185366,2.02913744448,3.59483984332,59.190249481,39.7683681485,0,0,1.80245659734,0.0293632616615,11.7650743589,2.41204883975,3.5246511659,9.59289366776,14.0266459254,4.06575758198,4.00662284788,0.96948266605,106.634833928,8.71679663129,0.700578955358,1.6365017608,2.45606461451,1.5876205194,2.28421835811,1.66385748315,1.96134197135,1.90864599423,0.456300974142,8.01739755258,5.02262006285,1.56309499147,2.33513588707,0.572889085552,0.514767430709,0.447844185179,2.01067826167,1.16765394579
refine__sobol__0000673__shoulder_rot__p2@@middle_deltoid@@0.00,31.65029976,97.68754972,57.54200755,18.3986244,74.97958519,13.78648395,40.80672274,Middle deltoid,DELT2,0,0,solver_failed,The static optimization solver did not converge,782.058366,,2.24438423402e-08,,,0,0,,,,,,,,,,,,,,,,,,,,,,,,,,,,,,,,,,,,,,,,,,,,,,,,,,,,,,,,,,,,,,,,,,,,,,,,,,,,,,,,,,,,,,,,,,,,,,,,,,,,
refine__sobol__0001262__pro_sup__m5@@anterior_deltoid@@0.00,44.74600288,60.17290128,-58.93553151,17.95428846,-68.69228981,12.84654254,-53.58780851,Anterior deltoid,DELT1,0,1,usable,Converged with independently replayed constrained generalized-force equilibrium and small reserve torques,313.454863,3.68342778865,2.89689978672e-08,3.57713334481e-12,0.000314061144949,13,2,0.000673951507294,0.691919596394,0.0100000706961,0.0100000414028,0.262842263231,0.0100000240477,0.999999047899,0.0100001046031,0.999999828776,0.0100002668635,0.0100001009043,0.0100000582814,0.0100000445786,0.0100000573603,0.967837925231,0.0100000305815,0.0451336493485,0.0368736292421,0.0100452376947,0.0100011193869,0.26912642638,0.0100011853836,0.0100085483454,0.120165477599,0.0100452376947,0.128550819206,0.0172626958133,0.124442710649,0.0143035542069,0.018059630935,0.216575055565,0.11979590002,0.0236401872308,0.0712201936259,0.0504265598788,0.0285312327123,0.0135394669345,0.0159837261855,0.0304830620469,0.0218055063824,0.0100792554703,0.0132978740643,0.0234910509091,0.0164790368251,0.0101367467002,0.0102851972764,0.0101656530158,0.0101744593219,0.0100184253822,0.0101026078345,0,688.696010807,2.00250412071,4.77391440719,240.712390478,12.0250040686,208.048722964,1.43858273457,443.873432458,6.48468391558,4.58401170803,2.66501483113,2.85229533044,1.80501171893,196.085872131,4.86432629947,26.6127729379,17.7601838169,0,3.43177399714,122.225673261,1.49846845599,11.7685571866,29.1306907903,0,31.411838238,3.19135409944,21.3990038336,6.11607767817,0.433103898194,39.9241233354,28.8207456595,1.09787292739,9.35735954138,10.0529172341,3.30731616008,2.7805586219,2.45520492316,6.45366603895,3.42770707156,0.39539764838,1.29569366012,2.064909284,0.736842173308,0.71453966668,0.473079715395,0.895052474225,0.431305298376,0.846159442365,0.987104621206
refine__sobol__0000603__elv_angle__m5@@supraspinatus@@0.00,4.85342476,113.42973722,-41.13767995,109.2970619,6.85458519,23.7669527,39.40047274,Supraspinatus,SUPSP,0,0,solver_failed,The static optimization solver did not converge,805.365828,,2.37255143531e-07,,,0,0,,,,,,,,,,,,,,,,,,,,,,,,,,,,,,,,,,,,,,,,,,,,,,,,,,,,,,,,,,,,,,,,,,,,,,,,,,,,,,,,,,,,,,,,,,,,,,,,,,,,
refine__sobol__0000463__elv_angle__p5@@posterior_deltoid@@0.00,-37.35360649,88.16606534,77.66114818,12.43182752,74.51083519,-8.80628949,-44.15421476,Posterior deltoid,DELT3,0,1,usable,Converged with independently replayed constrained generalized-force equilibrium and small reserve torques,461.055171,2.84309827193,2.41033532689e-07,2.3803181648e-12,0.000190073956594,24,0,0.010004496692,0.386282775713,0.000673965155566,0.836199087388,0.0100001713229,0.0100000335972,0.0100452377561,0.0100003590553,0.906464513186,0.0100000686097,0.0100001010918,0.0100002443438,0.0100001758921,0.0100002232548,0.0100006672658,0.0100001767281,0.309188922582,0.243443876654,0.0100452377561,0.0100452377561,0.442090523129,0.0100452377561,0.0100013953646,0.0100030176768,0.0100452377561,0.625622299818,0.0100004573953,0.300424805711,0.0100003125825,0.0100143920543,0.407308984626,0.104043770029,0.0100048895005,0.0100023268175,0.175405701539,0.186847370094,0.010002350376,0.0100073515087,0.0951806687376,0.274526093749,0.0100050419216,0.0100014481783,0.0100226546543,0.0284352965653,0.0100029839003,0.0536453280826,0.0100029339157,0.0500752082938,0.0100046502435,0.0690227231393,2.57946450997,262.752044225,0,152.946550634,2.11180816976,12.0662405852,0,1.35588105955,350.722381585,6.01841622362,4.97235363888,2.34545424364,2.46047193023,1.77812306044,1.16118374354,6.27460218455,168.533587787,104.480470586,0,0,20.2991433004,0,11.7286975806,2.36872548856,0,154.581203371,1.91215717494,84.0309354351,3.13070555121,0.523875969248,226.944181253,20.6009557335,0.499752636574,1.44061508315,43.9540796435,28.323480647,2.1992401952,1.67536959835,20.2140010173,53.4961312463,0.38377022367,1.0630093774,0.919507338989,1.30008445155,0.724168901064,2.52332147941,0.774728129957,2.3031257831,1.05854413238,7.93582495048
refine__sobol__0001369__pro_sup__m5@@brachialis@@0.00,54.23819038,98.00493253,-15.86912526,47.66131971,-10.87978981,3.89146441,-10.69718351,Brachialis,BRA,0,1,usable,Converged with independently replayed constrained generalized-force equilibrium and small reserve torques,369.199443,3.33167320606,1.48691725599e-08,4.28013720913e-12,0.00016510270432,20,1,0.475381396856,0.0100002959969,0.0100001887209,0.0100000531827,0.960132831415,0.0100000341244,0.999999022662,0.0100002667819,0.0100006309644,0.0100000786214,0.0100001063466,0.0100001437956,0.0100001031963,0.0100001323563,0.584432911848,0.0100002396507,0.360400464903,0.351345128492,0.0101158873108,0.0100009722009,0.521089476687,0.010000872169,0.000674465619266,0.0100022679079,0.031784269561,0.0478573713322,0.0158607476909,0.0100047686473,0.010001897027,0.0100095799185,0.495847143416,0.240492251577,0.0100119646513,0.0100078701878,0.0246022205727,0.0228151338475,0.0100218498142,0.0100357507721,0.0123103963038,0.0208502907143,0.0142720868263,0.0616647297585,0.0100452378568,0.0327423545762,0.0145638560396,0.0149375678621,0.0100570434564,0.0100940215852,0.0100096014765,0.010054981626,553.819527958,6.1669051678,2.0138274648,4.68070874858,975.814349378,13.0045666432,257.77721824,1.41485669467,4.35918696343,6.56922647446,4.81485222702,2.71742627011,2.97820416214,1.87451137265,121.567615314,2.06907451341,239.29341411,227.419584974,0.209691339531,3.7939725422,273.622130251,1.4351891404,0,2.7597157426,10.7208341087,12.0833933473,3.05570726801,4.08026887702,4.62754574269,1.00938240569,254.559914896,68.4670312241,0.750162491224,1.71114695049,6.36408122951,3.64794878812,2.37132608667,1.73484364686,2.59387925338,4.10626056372,0.43685064006,6.73186625454,0,1.59781616626,0.97528348449,0.682022543373,0.759891863882,0.463763700111,1.70329578715,1.17217272217
refine__sobol__0000673__elbow_flexion__p5@@latissimus_dorsi@@0.00,31.65029976,97.68754972,55.54200755,23.3986244,74.97958519,13.78648395,40.80672274,Latissimus dorsi,LAT1;LAT2;LAT3,0,1,usable,Converged with independently replayed constrained generalized-force equilibrium and small reserve torques,371.371122,1.04369612513,4.72608547852e-08,6.25277607469e-13,3.30978771777e-05,25,0,0.0432055538796,0.959358002972,0.113319778084,0.010001640946,0.129572886968,0.0100006473277,0.0100023748106,0.0100019015973,0.0100024955594,0.0100003055062,0.0100002999387,0.000673981849721,0.000673981849721,0.000673981849721,0.0100006915045,0.0100031009608,0.0953709238318,0.0819212072997,0.0100452385172,0.0100452385172,0.0100010229015,0.0100144050903,0.0100045792999,0.0100045834714,0.0149396794159,0.0711385221773,0.0852055165148,0.0100006982848,0.0100011454627,0.0100022795573,0.199050042755,0.0452774309654,0.0100037871611,0.010001707903,0.0100013171913,0.0100020386437,0.0100018366858,0.0100023204712,0.0100019193287,0.0100020157711,0.0201180899337,0.0950530193256,0.0730986267225,0.0405220275769,0.0430594122757,0.0222771622399,0.0110411682638,0.0100163460391,0.0100028677867,0.0100047000983,52.440556129,391.400120936,22.8250106683,4.4544593615,135.647566426,11.5080038572,2.58091698989,1.4387710074,4.23715952947,6.38143588703,4.61967505256,0,0,0,2.02913723358,3.3527297706,59.1367734364,43.6324013624,0,0,1.89496480332,0.0632766166485,11.775665263,2.45859606983,3.49453190005,9.83631784919,15.900367807,4.00808752247,3.5402352667,0.951617264968,110.864308106,8.92245343653,0.684764625924,1.61322922474,2.43145180495,1.57390491497,2.26609467006,1.65064095876,1.94409724991,1.89266123582,0.440811568086,7.59926241418,4.88734563358,1.51027387899,2.3610900166,0.525694566636,0.445651915142,0.448480842148,2.00941787508,1.16748730803
refine__sobol__0001262__elbow_flexion__m5@@supraspinatus@@0.00,44.74600288,60.17290128,-58.93553151,12.95428846,-63.69228981,12.84654254,-53.58780851,Supraspinatus,SUPSP,0,1,usable,Converged with independently replayed constrained generalized-force equilibrium and small reserve torques,389.271399,3.55318692634,2.50457148354e-08,2.34957347567e-12,0.000296231824021,11,2,0.015863898815,0.676706453412,0.0100000755522,0.000673954687048,0.306156664244,0.010000025871,0.999998888077,0.0100001110999,0.999999810976,0.0100002723333,0.0100001060419,0.0100000621578,0.0100000476952,0.0100000611971,0.902184205832,0.0100000308482,0.0227453248669,0.0179947571336,0.0100452378949,0.0100011269721,0.256324978532,0.0100013124361,0.0100138157797,0.10177279725,0.0100452378949,0.129715600712,0.0101676591258,0.117299943244,0.016540767945,0.0168804404624,0.220259216048,0.128705333253,0.022228097355,0.0681315453486,0.0504792248465,0.0293566655328,0.0125835692078,0.0153429039833,0.0307821276556,0.023262612413,0.0100896074154,0.0145076928964,0.0250218776716,0.0174177335125,0.0101180999957,0.0104624458727,0.0101196583159,0.0101861715035,0.0100173777796,0.0100928089124,15.1600180156,673.553744409,2.00250509312,0,280.379957147,12.0250062591,208.048689635,1.43858366918,443.873424557,6.48468746239,4.58401406292,2.66501586416,2.85229621929,1.80501241142,182.784299112,5.10266428224,12.5007749522,7.81184984491,0,3.47112760775,111.203901578,1.38856428918,11.7475120703,24.3724332051,0,31.7916790671,1.86846335184,19.5160505688,7.02327725487,0.391086313028,40.3100815265,31.6121081309,1.00988798157,8.84605175107,10.1466342632,3.42855770414,2.59620915548,2.367467915,6.52040885404,3.67492082973,0.394413833799,1.39798612196,2.19044903664,0.775383616126,0.710285519686,0.481284380698,0.890815171378,0.431801789155,0.846070961327,0.986147188905
refine__sobol__0002303__deviation__m2@@brachialis@@0.00,-51.09872368,96.64018644,-31.57957448,101.96551893,-71.62197731,13.62364215,40.07430087,Brachialis,BRA,0,1,usable,Converged with independently replayed constrained generalized-force equilibrium and small reserve torques,301.893734,2.70073940962,2.85625532115e-08,9.69890834313e-13,0.000347998465655,31,1,0.867013220205,0.999999690951,0.0100004600591,0.0100000594085,0.0100000344516,0.0100000533799,0.0100005172634,0.010000672012,0.0100000427698,0.0100000227006,0.0100000318695,0.35360784343,0.0100002087171,0.0100001607691,0.0100001368632,0.562969484391,0.0100003747003,0.010000381213,0.0100017055449,0.665150755464,0.0100000489556,0.010000214099,0.000674075468686,0.220749529899,0.0119215862956,0.0100166261871,0.0592243046135,0.010000640799,0.0100452379598,0.0100030849088,0.010001028178,0.0100022178911,0.0100291387751,0.0100024220609,0.0100009322512,0.0100014243629,0.0100017083343,0.0100020453741,0.0100015680239,0.0100014604676,0.0205306535489,0.0599592291983,0.0411221052066,0.01502579369,0.0451541199092,0.0103434606286,0.0100143478829,0.0100046486747,0.0100012908467,0.0100015839693,359.381663509,270.541502132,1.32780041173,4.98969718958,8.37508618386,12.405685988,2.69391003052,1.37779027192,4.0574579828,5.45719609514,4.93558753834,87.8824646869,2.61913363376,1.79717433527,2.00403197378,227.506469494,7.16337244208,7.04310614429,2.73778206903,226.51703023,5.24806893801,2.35941809783,0,55.3759554821,3.95840288419,1.85715722272,9.37934619071,3.59324116172,0,0.587686215636,5.53443629957,2.37862008162,0.05355134532,1.35045843576,2.51951414119,1.62238915752,2.31838231006,1.68905636559,2.00133449389,1.95236531016,0.402804048392,4.14278264738,2.50719918337,0.53011690261,2.09111298937,0.256526307762,0.522395338282,0.448559048025,2.00941749339,1.16712428922
refine__sobol__0000463__elbow_flexion__p2@@pectoralis_major@@0.00,-42.35360649,88.16606534,77.66114818,14.43182752,74.51083519,-8.80628949,-44.15421476,Pectoralis major,PECM1;PECM2;PECM3,0,1,usable,Converged with independently replayed constrained generalized-force equilibrium and small reserve torques,385.60471,3.06772323017,2.49009030284e-07,9.40915994399e-13,0.000194606641673,22,1,0.0100005547363,0.749126495048,0.0100010882408,0.999999511349,0.0100001254266,0.0100000214275,0.0100452378445,0.0100002889656,0.000673963918123,0.000673963918123,0.000673963918123,0.0100001844496,0.0100002513595,0.0100001348731,0.0100003260507,0.164161385892,0.204654855709,0.163153895358,0.0100452378445,0.0100452378445,0.736938055667,0.0100452378445,0.0100021309761,0.0100035675554,0.0100452378445,0.631379194482,0.0100004587145,0.308815214996,0.0100003130362,0.0100134171012,0.454743767669,0.105060729251,0.0100048245132,0.0100023149494,0.169125924667,0.182347753504,0.0100023420058,0.0100071601478,0.0912864585025,0.269099934074,0.0100050428926,0.0100014404202,0.0100199724436,0.0269629358109,0.0100029562608,0.0538151710548,0.0100029676381,0.0491967727392,0.0100046085358,0.0667163399724,2.13665104034,523.543962995,1.65932031001,183.566972581,1.63693613019,12.1245652975,0,1.35196994888,0,0,0,2.32956344442,0.569384987318,1.78008350474,1.15831437241,105.344245052,115.042825872,73.1151938434,0,0,41.3628982437,0,11.7441772672,2.38283523657,0,155.780996317,1.90721611865,87.523714093,3.20539464733,0.528303009864,253.373913706,20.8023164888,0.503921192676,1.44869898794,42.3804602558,27.641400919,2.19923835493,1.67533756192,19.386967853,52.4387507031,0.381873376655,1.06518356839,0.920616664268,1.23458493292,0.724127073969,2.53131040291,0.774730741805,2.26272360318,1.05853971968,7.67065063914
refine__sobol__0002761__elv_angle__p2@@coracobrachialis@@0.00,71.66299507,114.79448331,76.3794099,89.90497205,32.59677269,20.57969684,-39.26163663,Coracobrachialis,CORB,0,1,usable,Converged with independently replayed constrained generalized-force equilibrium and small reserve torques,368.911739,1.13543979961,5.02719466056e-08,1.23906448383e-12,6.45502151489e-05,17,0,0.133493084981,0.433855705173,0.221684903334,0.0100018900807,0.0100003117623,0.0100003212378,0.873218908242,0.0100013019823,0.0100003598208,0.010000132561,0.0100001805455,0.0100007683038,0.0100005992784,0.010000691368,0.000673965005127,0.010045237726,0.197946393108,0.193857557228,0.0401574370816,0.010045237726,0.111615472851,0.0100004839573,0.0100012355412,0.0100012883575,0.010045237726,0.0453024170232,0.019523082203,0.0100022824706,0.0100026411289,0.0100062890019,0.100223204617,0.0849706228083,0.0100106604382,0.0100059682051,0.0100115667124,0.0100181277419,0.0100161377356,0.010018641964,0.0100172836566,0.0100185643871,0.0139945503062,0.0416343315814,0.0379414120347,0.0171585880019,0.0165770004308,0.0118875175422,0.0100741021802,0.0100375562879,0.0100138974573,0.0100211685305,95.5800122269,203.052747178,42.0120118272,2.16930793665,9.94575904794,11.455616073,234.066816369,1.42172979843,3.9989206493,6.37351819761,4.65080015272,2.71862414622,3.01924739679,1.8796458165,0,0,139.9856143,134.262089607,10.5444817104,0,55.8155527525,2.62273211774,10.9761607513,2.49853328655,0,11.4062477165,3.70734302718,4.07990843127,4.30172320691,1.00752747774,51.635211839,22.443879349,0.712037051902,1.67295897855,2.49623726709,1.45428672712,2.35363330401,1.72464318831,2.12699691233,1.87811651554,0.55024117147,4.37034910773,3.55076827391,0.818432646842,1.20016722819,0.560329893142,0.767073830064,0.394723289645,0.993184499949,0.939352877901
refine__sobol__0000447__elv_angle__p2@@supraspinatus@@0.00,-50.19735649,125.74419034,83.52052318,119.07245252,-41.73916481,5.13902301,37.40828524,Supraspinatus,SUPSP,0,1,usable,Converged with independently replayed constrained generalized-force equilibrium and small reserve torques,371.17637,0.407878682624,5.57359669529e-08,2.97059505364e-13,0.000262548678259,9,0,0.288582141757,0.0100028169712,0.0100023486042,0.00213444756281,0.0100003802142,0.0100010248678,0.0100027702733,0.0100128656214,0.0100006820609,0.0100020660875,0.0100042217936,0.0100079243023,0.105996965382,0.40652092635,0.0100208826509,0.0101195344175,0.163693312503,0.163558175958,0.041606490425,0.0100332124063,0.238628294521,0.010020576821,0.0100175605155,0.010204675755,0.0100236406451,0.010061540247,0.106200744843,0.0100955972507,0.0104372736092,0.0103757864017,0.125978012653,0.0566003909674,0.0104372736092,0.0118877323407,0.0101737710634,0.0101512537315,0.0254659359236,0.0128379327783,0.0105666924269,0.0101077517382,0.0113349573222,0.0199720581273,0.012528817797,0.0103508184346,0.0172392957204,0.0102777213297,0.0101151940027,0.0100763723592,0.0100326912259,0.0100308261537,215.141247869,2.00204621781,1.70729258163,0,10.6279179358,12.357237062,2.36505375294,1.44017507384,4.05239306126,3.32617215372,3.15593168669,2.64954886185,31.7484857077,76.4337882825,1.51274025057,0.03280946573,117.431219328,117.23746884,11.782912824,3.64506938994,103.727028849,2.38689549451,8.9204069584,1.02837790856,3.03950400197,1.87467123583,15.9602674985,2.35084630246,0,0.111079838998,67.8499543194,15.3847783405,0,1.09588517057,2.53677881374,1.63531533267,5.89006432202,2.16056168408,2.10320950548,1.95629427643,0.22233906517,1.43005085328,0.78347892563,0.389279029891,0.764438209817,0.276288062431,0.584198360556,0.46347156088,1.99433564342,1.15985364268
refine__sobol__0001262__shoulder_rot__p2@@latissimus_dorsi@@0.00,44.74600288,60.17290128,-56.93553151,17.95428846,-63.69228981,12.84654254,-53.58780851,Latissimus dorsi,LAT1;LAT2;LAT3,0,1,usable,Converged with independently replayed constrained generalized-force equilibrium and small reserve torques,352.929571,2.36719022985,2.54577656733e-08,1.57740487339e-12,0.000114528708931,9,1,0.169009999779,0.461328502115,0.0100003688759,0.0100002325705,0.703260504998,0.010000133757,0.66164839873,0.0100004968471,0.999993885016,0.0100007254474,0.0100003951915,0.0008796516361,0.0008796516361,0.0008796516361,0.284016961308,0.0100001714574,0.0100169069887,0.010019729903,0.010076827646,0.0100026857415,0.187246937712,0.010003100653,0.0341866348319,0.0889378442452,0.010076827646,0.0961054285444,0.0100379908783,0.0993694604154,0.0101050397221,0.0147264378269,0.17928772924,0.0915481790862,0.0173832704602,0.0525958743804,0.0378987774954,0.0226306554213,0.0102353783625,0.0109263539846,0.0222419117643,0.0186638607384,0.0100846940538,0.0101116949874,0.0133682880109,0.011612623613,0.0100727666407,0.0101751629642,0.010143965906,0.0102598024065,0.0100397914003,0.010323778003,166.71797775,458.713155292,2.00323483518,4.77326646536,652.551876674,12.1890570382,142.111821493,1.43863537262,443.855976181,6.47723989633,4.57889061272,0,0,0,57.5169857369,4.8850831853,5.90640630856,4.82600298759,0,3.47166861534,84.1871758963,1.4896493838,40.1983737453,21.6336184102,0,23.467214318,1.8530951208,17.7047253757,4.37499396235,0.379256790956,36.0695604611,22.4857110656,0.829027794694,7.01684670777,7.6178870692,2.6430286471,2.11173654884,1.68597760319,4.71138187782,2.94843112923,0.395650906449,0.985399905894,1.17525614854,0.519319099851,0.709959843677,0.468069040954,0.892954924475,0.434923075316,0.847964022841,1.00871469436
refine__sobol__0004077__deviation__m2@@brachioradialis@@0.00,90.14151069,110.66850675,-38.97703542,118.91376112,35.64364769,16.44346637,45.17195712,Brachioradialis,BRD,0,1,usable,Converged with independently replayed constrained generalized-force equilibrium and small reserve torques,406.676482,0.985993185598,4.50675869956e-08,9.94759830064e-13,0.000247155831278,23,0,0.287975727997,0.411277895275,0.0100014327275,0.0100004624662,0.110839563347,0.0100000470356,0.83391709338,0.0100003678117,0.0100000888549,0.0100000323706,0.0100000437876,0.0100001144315,0.0100000995892,0.0100001604361,0.01000019248,0.0100452370139,0.0696374745677,0.0695768911886,0.0176743401488,0.0100452370139,0.010000108998,0.0100001421052,0.01000388503,0.000673810513602,0.0100017356924,0.0100070237867,0.0766150737307,0.0100066342558,0.0100452370139,0.0100452370139,0.0548486140508,0.0470431946308,0.0100452370139,0.0100322542867,0.0100071983521,0.0100086489017,0.0104561591899,0.0100400907346,0.0100201520845,0.0100076437343,0.0116134017693,0.0248550420777,0.0178977445858,0.0100507211197,0.0184927988667,0.0100283206792,0.0100123536765,0.0100060741254,0.0100020018359,0.0100022547791,229.180083303,397.902617409,1.71242073127,3.78568724963,115.147170922,11.1366551219,203.976214804,1.24907207453,4.41969546592,6.55302865906,4.95179739005,2.75792320095,2.99926260709,1.88069251879,2.07451928093,0,49.9569436665,49.870027323,5.00536328665,0,4.9321295703,3.16643248126,8.93929957157,0,3.03816896544,1.38388617946,12.1672175097,1.40832968707,0,0,19.7055857393,12.3373571042,0,0.504906073583,2.41957068093,1.57059457742,2.3555246533,1.64771337222,1.93858065539,1.89177505914,0.241406087569,1.77092141694,1.07888521397,0.349599344882,0.820147608569,0.218231057646,0.398194741472,0.434807647925,2.00839649195,1.16720570836
refine__sobol__0000463__pro_sup__m5@@teres_minor@@0.00,-42.35360649,88.16606534,77.66114818,12.43182752,69.51083519,-8.80628949,-44.15421476,Teres minor,TMIN,0,1,usable,Converged with independently replayed constrained generalized-force equilibrium and small reserve torques,488.560216,1.98884552445,2.40341526236e-07,3.34665628543e-12,6.89046911068e-05,24,0,0.0100017267426,0.37360059019,0.0100022735976,0.672956040328,0.0100003698361,0.0100000792928,0.000673960262363,0.0100007708421,0.72775726699,0.0100001246388,0.0100001643598,0.0100005068669,0.0100006921497,0.0100003833185,0.0100008949189,0.0984080268163,0.209609146723,0.165039101135,0.0100452378163,0.0100452378163,0.25111585794,0.0100452378163,0.0100020330066,0.0100046169569,0.0100452378163,0.623193822675,0.010000514194,0.332750687271,0.0100003411414,0.0100200036023,0.289520479964,0.0864478510601,0.0100057265977,0.0100028737182,0.160406250887,0.168706959876,0.0100025151071,0.0100076917366,0.0837739142908,0.244246346167,0.0100054507709,0.0100015941922,0.0100263803702,0.0270045336471,0.0100033752517,0.0535344436532,0.0100032415076,0.0442112349396,0.0100045023125,0.0548417932828,2.13690144027,261.099207004,1.65951697493,123.532563435,1.63697614062,12.1246354568,0,1.35203509513,283.606313852,5.92180201231,4.97254732616,2.32963855149,0.569410086167,1.78012772938,1.15838026306,64.0601802411,114.254356932,70.8309577629,0,0,14.9031965203,0,11.7294453472,2.37368517548,0,153.749826103,1.91610840043,94.6712027089,3.20572920194,0.536925648792,161.311737973,18.0939320276,0.509815355899,1.45558597612,40.2508612419,25.59548326,2.20189042606,1.6769931336,17.7913943985,47.5924445131,0.385340831567,1.06125674424,0.918569205197,1.23279388982,0.724203678082,2.51804091852,0.776858899839,2.03342209771,1.05852848117,6.30538541078
refine__sobol__0000625__shoulder_elv__p5@@pectoralis_major@@0.00,52.04092476,75.77348722,-38.79392995,54.4533119,79.35458519,9.0013277,-41.22452726,Pectoralis major,PECM1;PECM2;PECM3,0,0,solver_failed,The static optimization solver did not converge,975.304967,,3.35071490554e-08,,,0,0,,,,,,,,,,,,,,,,,,,,,,,,,,,,,,,,,,,,,,,,,,,,,,,,,,,,,,,,,,,,,,,,,,,,,,,,,,,,,,,,,,,,,,,,,,,,,,,,,,,,
refine__sobol__0000603__deviation__m2@@latissimus_dorsi@@0.00,9.85342476,113.42973722,-41.13767995,109.2970619,6.85458519,21.7669527,39.40047274,Latissimus dorsi,LAT1;LAT2;LAT3,0,1,usable,Converged with independently replayed constrained generalized-force equilibrium and small reserve torques,288.675116,3.81283281376,7.90406353701e-08,4.88142859467e-12,0.000705741227089,22,2,0.0100000363134,0.511575826198,0.99999991591,0.736381729098,0.407029961506,0.161250842546,0.0100001164354,0.0100002094752,0.999999593753,0.010000009382,0.0100000072586,0.000673942917129,0.000673942917129,0.000673942917129,0.0100000410703,0.875635008805,0.0595802162669,0.0590606713856,0.013957938215,0.0100452377753,0.010000008859,0.0100000247018,0.0100039263922,0.0100088134253,0.0100042092947,0.0451867867512,0.142325354043,0.0100015897136,0.0100452377753,0.0100111759338,0.0219361787833,0.0227317400966,0.0100452377753,0.0100053828724,0.0100017583143,0.0100025695953,0.0100029780228,0.0100035584039,0.0100027707386,0.0100024569836,0.0221295874847,0.0834257182981,0.0611381818414,0.0288755196194,0.04557914022,0.0148646952943,0.0100240063128,0.0100075735777,0.010001781194,0.0100023961605,12.1374004356,4.66460464035,192.923238801,21.4427952925,400.547183157,206.916413913,2.59217706413,1.42662682804,443.744344772,6.22214199194,4.97023223639,0,0,0,1.27756104452,57.8074128005,42.7378158518,41.995587528,3.91609350879,0,4.78158886997,2.42280349424,10.2971811904,1.25552528829,3.15277476192,7.26612624939,24.909112465,2.50972443255,0,0.204296030844,11.1705466201,6.36053527787,0,0.856762206793,2.47573791086,1.60392643466,2.28770490632,1.66767697812,1.97309363025,1.93181246211,0.500638980916,6.50259506269,3.99873059305,1.06447178185,2.24143499278,0.363858630072,0.419247981031,0.402073778375,2.00968349726,1.16028255647
refine__sobol__0003073__shoulder_rot__p5@@coracobrachialis@@0.00,39.69229194,81.85014738,-50.82273854,85.01727674,19.23739769,-6.67860394,5.44539462,Coracobrachialis,CORB,0,1,usable,Converged with independently replayed constrained generalized-force equilibrium and small reserve torques,358.678388,3.19923058353,8.50185912782e-08,4.69021051984e-12,0.000164243249727,23,1,0.166736880657,0.190209523609,0.0100001375421,0.0100000600577,0.513025815596,0.0100000436385,0.999998665647,0.0100001920937,0.815900829563,0.0100001438971,0.0100001395721,0.0100001103147,0.0100000821223,0.0100001080633,0.000676379891342,0.010000249383,0.540094126022,0.528772005927,0.107420330316,0.010045235284,0.486712715597,0.0100003527083,0.0100004604485,0.0100005431008,0.0100015618228,0.0356275690942,0.0222894243543,0.0100010999122,0.0100010865935,0.0100030750022,0.506256169487,0.335216092525,0.0100049318906,0.0100026317393,0.0100073425203,0.0100138657589,0.0100078591956,0.0100100645585,0.0100118052581,0.010013813988,0.0168916665129,0.0789701626865,0.0674923953861,0.0376645056269,0.0172584400311,0.0158182367156,0.010025096786,0.0100233991782,0.0100053647188,0.0100092111855,194.552097569,147.745910074,2.00196109232,4.63320432566,485.640026098,13.0421030454,240.587617272,1.43450311713,362.160393307,6.5706395815,4.80716631815,2.69951585077,2.92597176536,1.84781656023,0,1.27180003978,379.42804792,363.686421943,27.6937363004,0,246.421733396,2.20687703177,11.096953392,2.54738770727,3.15418835911,8.97769548706,3.23624079651,3.77158604057,4.28467259064,0.927340944661,269.156304388,91.2837030865,0.663822470866,1.60104977632,2.58558690758,1.62719116441,2.3697212002,1.73046478031,2.06177948761,1.97528131899,0.384703386082,7.36878513586,5.51546408411,1.81066046264,0.869511253038,0.648858171609,0.717877036764,0.460911240978,1.99462826782,1.16505212561
refine__sobol__0000603__elv_angle__p2@@latissimus_dorsi@@0.00,11.85342476,113.42973722,-41.13767995,109.2970619,6.85458519,23.7669527,39.40047274,Latissimus dorsi,LAT1;LAT2;LAT3,0,1,usable,Converged with independently replayed constrained generalized-force equilibrium and small reserve torques,327.968977,3.13208200798,2.23628028095e-07,2.65001705425e-12,0.000329841740851,25,0,0.0100004079169,0.143838481788,0.980579799473,0.216053751828,0.539604377695,0.466663564557,0.0100007608636,0.010001036381,0.495476249709,0.0100000974578,0.0100000863929,0.00067386052252,0.00067386052252,0.00067386052252,0.0100002688674,0.112056624762,0.0960591288749,0.095221292535,0.0223596902782,0.0100452368887,0.0100002908465,0.0100004015549,0.0100025143782,0.0100014719043,0.0100001305971,0.0100005408105,0.977553887776,0.0100005138195,0.0100452368887,0.0100031905531,0.0100001968744,0.0100004920277,0.0100452368887,0.155948489183,0.0100008646044,0.0100009330998,0.36270108576,0.162542289213,0.0100485126234,0.0100008427995,0.129123299632,0.217618032443,0.152980851176,0.0100093237531,0.297698194362,0.0100043185795,0.0100012161397,0.0100005548602,0.0100001504327,0.0100001762459,12.1617373245,1.97518009687,189.730287904,7.79459165222,528.77589329,599.236066159,2.58473013416,1.42353767672,219.859115122,6.23096323956,4.97077937478,0,0,0,1.31345520081,6.42183269054,68.9047072664,67.7079015764,6.27332179081,0,4.74524862709,2.44989979659,10.2957277843,1.25460435279,3.15696982307,1.60340735161,173.290622079,2.60568773006,0,0.238199808249,5.09239400784,2.79822319217,0,13.632131039,2.48096094076,1.60683191101,83.0257971848,27.1267806229,1.98485272246,1.93542612556,2.9931052254,17.2858745561,10.152685224,0.372292281743,14.9188324493,0.246627272927,0.408608145324,0.390006792953,2.007231106,1.14912436242
refine__sobol__0002761__flexion__p2@@triceps@@0.00,69.66299507,114.79448331,76.3794099,89.90497205,32.59677269,20.57969684,-37.26163663,Triceps,TRIlong;TRIlat;TRImed,0,1,usable,Converged with independently replayed constrained generalized-force equilibrium and small reserve torques,350.569624,1.97676829203,5.90970685721e-08,1.2271467399e-12,0.00013298564083,27,0,0.154081596109,0.371260117059,0.248728218378,0.0100020965299,0.0100003093988,0.0100003237761,0.985225652994,0.010001238591,0.0100003435245,0.0100001238616,0.010000168381,0.0100007193603,0.0100005678461,0.0100006546354,0.0100009276676,0.000673976734732,0.000673976734732,0.000673976734732,0.854964799515,0.0100452379814,0.0100001061167,0.0100001385541,0.0100000500498,0.0100000713688,0.0100452379814,0.137166050992,0.100216065932,0.0100004064629,0.0100002914074,0.0100014679673,0.0100001072624,0.0100006688588,0.0100018222944,0.0100009690096,0.0542844370199,0.0173329630708,0.0174211973966,0.0182443746009,0.0101795174004,0.0101069872489,0.0100045071609,0.0100018466245,0.0100023024363,0.0100043167269,0.0100111062931,0.0100080225818,0.0129601308559,0.0184204047946,0.102022958243,0.068755728257,118.143414665,166.215315739,47.0780215013,1.98952686691,9.98332705167,11.4352823717,262.698025878,1.42349351738,3.99959848047,6.36614695296,4.64654693066,2.71736525525,3.01655769767,1.87948079202,2.07999262611,0,0,0,224.495419651,0,5.02990709433,2.59578682931,10.974859699,2.49822925772,0,34.5932516061,19.0656116931,4.07914123713,4.27419230817,1.00887316563,5.15207689665,2.64154595883,0.708916845941,1.66810561894,13.640471447,2.5414121224,4.10117859325,3.14414014395,2.16108121212,1.90888869117,0.392577822542,1.05494254722,0.939427836862,0.479042426674,0.724798830336,0.472702050169,0.974690388361,0.725290616407,10.4464449895,6.48470151981
refine__sobol__0004077__flexion__m2@@brachioradialis@@0.00,90.14151069,110.66850675,-38.97703542,118.91376112,35.64364769,18.44346637,43.17195712,Brachioradialis,BRD,0,1,usable,Converged with independently replayed constrained generalized-force equilibrium and small reserve torques,430.882147,0.970278512466,3.45389175038e-08,2.82085466097e-12,0.00024502184423,23,0,0.286081492183,0.409670559572,0.0100014448319,0.0100004664442,0.108731521034,0.0100000475402,0.826490528469,0.0100003709983,0.0100000896981,0.0100000327286,0.0100000442408,0.0100001154892,0.0100001005198,0.0100001618773,0.0100001941709,0.0100452380403,0.0695709731618,0.0695104321754,0.0176580450727,0.0100452380403,0.0100001100741,0.0100001434127,0.0100038884433,0.000677835340819,0.0100017097008,0.0100068836184,0.0735984086071,0.010006155387,0.0100452380403,0.0100450565076,0.0530126245438,0.0459601668711,0.0100452380403,0.0100352854932,0.0100083044076,0.0100096962057,0.0160454633968,0.0100718159673,0.010027919746,0.0100086330066,0.0120616798214,0.0259485594676,0.0186027041839,0.0100530955269,0.0190057952074,0.0100283476193,0.010012328098,0.0100062424579,0.0100020120475,0.0100022876788,227.672591303,396.347554293,1.71242280384,3.78568875578,112.957202815,11.1366556837,202.159676189,1.24907247253,4.41969583865,6.5530288936,4.95179761452,2.75792349266,2.99926288628,1.88069278984,2.0745196317,0,49.9092364943,49.8223920701,5.00074853016,0,4.93213010074,3.16643289526,8.93930262163,0,3.04048407793,1.40591664935,11.9861568794,1.63665533439,0,0.000678939241207,19.0459656476,12.0533266453,0,0.573144703477,2.43478786162,1.57943195017,3.62880264026,1.6597647896,1.95002552747,1.90228672242,0.261796373437,1.92632323449,1.15777765694,0.358284921158,0.84911089095,0.226243302417,0.393820994617,0.422592157982,2.01030394477,1.1669625983
refine__sobol__0001262__flexion__m2@@brachialis@@0.00,44.74600288,60.17290128,-58.93553151,17.95428846,-63.69228981,12.84654254,-55.58780851,Brachialis,BRA,0,1,usable,Converged with independently replayed constrained generalized-force equilibrium and small reserve torques,336.061417,3.65507276395,8.41426839315e-08,1.38917550074e-12,0.0003080465855,12,2,0.0196981813217,0.681815889699,0.0100000722966,0.010000042401,0.314242633346,0.0100000244947,0.999999023828,0.0100001065935,0.999999821958,0.010000264743,0.0100001021585,0.0100000594638,0.0100000455367,0.0100000585465,0.943285527877,0.0100000312781,0.035494653823,0.0290030378122,0.0100452377411,0.0100011245737,0.262151797394,0.0100011923313,0.000673897305058,0.104606666216,0.0100452377411,0.125204423191,0.0102623806564,0.11930711735,0.0136831289242,0.0167849305769,0.241076966587,0.129163912336,0.0221641256021,0.0675480432421,0.0505213526122,0.0292600125429,0.0136387792146,0.016009478662,0.0316167571843,0.0233216113005,0.0100987601112,0.015628817197,0.0254823592846,0.017621137354,0.010146722654,0.0104208303312,0.0100957830946,0.0101569601186,0.0100177013726,0.0100732792741,18.8241734906,678.639376458,2.00250444107,4.77391488352,287.785132098,12.0250046022,208.04871779,1.4385830209,443.873429432,6.48468253987,4.58401228203,2.66501514599,2.85229560315,1.80501193277,191.111507981,4.86432664471,20.9291997434,13.9693133841,0,3.47112677517,118.092610241,1.47842679032,0,25.4449691136,0,30.4404924735,1.89422588055,20.5951868626,5.82839265113,0.398044357869,48.5004760443,31.7247425554,1.03344840983,8.89564749725,10.0236083562,3.37440528627,2.79129710121,2.45152037094,6.69103419739,3.64631951892,0.395000440412,1.50973097562,2.22993946737,0.784234396758,0.71293969285,0.477448331626,0.889516418192,0.429777774956,0.811934452404,0.977087940307
refine__sobol__0001262__shoulder_rot__p5@@supraspinatus@@0.00,44.74600288,60.17290128,-53.93553151,17.95428846,-63.69228981,12.84654254,-53.58780851,Supraspinatus,SUPSP,0,1,usable,Converged with independently replayed constrained generalized-force equilibrium and small reserve torques,372.298505,1.41275934528,4.72660772743e-08,2.0538786769e-12,6.03051244903e-05,14,0,0.30998751815,0.310485947633,0.0100004180442,0.000673961305429,0.821652242264,0.0100001319378,0.437374537712,0.0100005275107,0.497559242452,0.0100005556847,0.0100003595864,0.0100003099044,0.0100002490413,0.0100003094473,0.121355277894,0.0100001852359,0.0100058772092,0.0100069935787,0.0100452377675,0.0100018618559,0.158625787819,0.010002377431,0.0642037536275,0.0836500818919,0.0100452377675,0.0896045901105,0.0100091136821,0.0965091135665,0.0100105637576,0.0140878951072,0.155559829797,0.0768376547943,0.0141295373115,0.0441584422512,0.0344392266573,0.021952245419,0.010042051022,0.0100914869089,0.0174359342271,0.0193216010657,0.0100332840977,0.0100240195108,0.0100828460027,0.0102859206265,0.0100237607901,0.0100648016503,0.0100951115061,0.0110086030583,0.0100325807309,0.0167444913699,319.401771015,308.264906533,2.00429710978,0,774.407449256,12.4258751312,97.9347390696,1.438632164,220.828225803,6.46499986398,4.57056971061,2.66130096211,2.84630321969,1.80253418968,24.559689446,4.91312108067,5.89990266924,4.81986853802,0,3.47138266658,71.1159505683,1.50635898189,75.4940197206,20.3474006717,0,21.879826682,1.84776415439,17.1950953931,4.33409043367,0.362812103244,31.2959214442,18.8725687625,0.673853587062,5.89120389634,6.92249609842,2.56379731,2.07184975622,1.55715446641,3.69335808043,3.05233792901,0.393633949273,0.976855798435,0.886420665714,0.459988648414,0.706505759217,0.462992295248,0.888654360257,0.466665468465,0.847355006381,1.63606912941
refine__sobol__0001369__elbow_flexion__p5@@triceps@@0.00,54.23819038,98.00493253,-15.86912526,52.66131971,-5.87978981,3.89146441,-10.69718351,Triceps,TRIlong;TRIlat;TRImed,0,0,solver_failed,The static optimization solver did not converge,1346.220986,,2.96715398918e-08,,,0,0,,,,,,,,,,,,,,,,,,,,,,,,,,,,,,,,,,,,,,,,,,,,,,,,,,,,,,,,,,,,,,,,,,,,,,,,,,,,,,,,,,,,,,,,,,,,,,,,,,,,
refine__sobol__0000463__pro_sup__p5@@triceps@@0.00,-42.35360649,88.16606534,77.66114818,12.43182752,79.51083519,-8.80628949,-44.15421476,Triceps,TRIlong;TRIlat;TRImed,0,0,solver_failed,The static optimization solver did not converge,1275.880597,,2.46280038141e-07,,,0,0,,,,,,,,,,,,,,,,,,,,,,,,,,,,,,,,,,,,,,,,,,,,,,,,,,,,,,,,,,,,,,,,,,,,,,,,,,,,,,,,,,,,,,,,,,,,,,,,,,,,
refine__sobol__0002761__shoulder_elv__p2@@infraspinatus@@0.00,69.66299507,116.79448331,76.3794099,89.90497205,32.59677269,20.57969684,-39.26163663,Infraspinatus,INFSP,0,1,usable,Converged with independently replayed constrained generalized-force equilibrium and small reserve torques,420.662671,1.1287820424,4.9510230582e-08,3.01980662698e-12,6.23644436576e-05,17,0,0.125497764848,0.466643429225,0.232812746815,0.0100041132826,0.000674055173881,0.0100003700228,0.862120134027,0.0100013005888,0.0100003826166,0.0100001322255,0.0100001798416,0.0100007622924,0.0100005878473,0.0100006782287,0.010000872454,0.0100452373631,0.182959291561,0.179180205295,0.0371197134118,0.0100452373631,0.0947899069256,0.0100005055143,0.0100013345494,0.0100014033514,0.0100452373631,0.0455941596432,0.0217179749903,0.0100024060164,0.0100028307553,0.0100065970457,0.0827891839272,0.0744865852246,0.0100112741953,0.0100063239067,0.010011309631,0.0100175038823,0.0100160779564,0.0100185234704,0.0100168134899,0.0100177136641,0.0134765046187,0.0401609035499,0.036460033658,0.0163472386491,0.0166719621984,0.0117433115769,0.010077397994,0.0100370001311,0.0100140082669,0.010020897363,94.2605784355,195.049266976,44.1312291691,1.84306921688,0,11.4539713384,231.326031257,1.41740540457,4.00865812355,6.39944058646,4.67353316762,2.72192734393,3.02559740281,1.87994555258,2.08023276683,0,129.386893181,124.096832348,9.74684062508,0,47.727497276,2.54747012721,10.9762694112,2.49856201464,0,11.4797027068,4.12414301739,4.07995882535,4.30180475738,1.0075584945,42.6531666643,19.6746578597,0.712080707147,1.67301845047,2.49617316781,1.45419616436,2.35361925689,1.72462279043,2.12689708056,1.87795703605,0.529872523689,4.21568360379,3.41213264979,0.779732795914,1.20704241661,0.553532602399,0.767324783601,0.394701418979,0.993195490396,0.939327459552
refine__sobol__0004077__elbow_flexion__m2@@anterior_deltoid@@0.00,90.14151069,110.66850675,-38.97703542,116.91376112,35.64364769,18.44346637,45.17195712,Anterior deltoid,DELT1,0,0,solver_failed,The static optimization solver did not converge,899.956508,,3.90774630432e-08,,,0,0,,,,,,,,,,,,,,,,,,,,,,,,,,,,,,,,,,,,,,,,,,,,,,,,,,,,,,,,,,,,,,,,,,,,,,,,,,,,,,,,,,,,,,,,,,,,,,,,,,,,
refine__sobol__0001369__pro_sup__p5@@biceps@@0.00,54.23819038,98.00493253,-15.86912526,47.66131971,-0.87978981,3.89146441,-10.69718351,Biceps,BIClong;BICshort,0,0,solver_failed,The static optimization solver did not converge,1320.081573,,1.87495459159e-08,,,0,0,,,,,,,,,,,,,,,,,,,,,,,,,,,,,,,,,,,,,,,,,,,,,,,,,,,,,,,,,,,,,,,,,,,,,,,,,,,,,,,,,,,,,,,,,,,,,,,,,,,,
refine__sobol__0003073__deviation__m2@@triceps@@0.00,39.69229194,81.85014738,-55.82273854,85.01727674,19.23739769,-8.67860394,5.44539462,Triceps,TRIlong;TRIlat;TRImed,0,0,solver_failed,The static optimization solver did not converge,1133.871653,,2.27276514053e-07,,,0,0,,,,,,,,,,,,,,,,,,,,,,,,,,,,,,,,,,,,,,,,,,,,,,,,,,,,,,,,,,,,,,,,,,,,,,,,,,,,,,,,,,,,,,,,,,,,,,,,,,,,
refine__sobol__0001262__flexion__p2@@infraspinatus@@0.00,44.74600288,60.17290128,-58.93553151,17.95428846,-63.69228981,12.84654254,-51.58780851,Infraspinatus,INFSP,0,0,reserve_too_high,The posture requires more reserve torque than the quality limit permits,327.915787,1551.40326757,1.67480820323e-08,1.89711294496e-06,0.5,15,4,,,,,,,,,,,,,,,,,,,,,,,,,,,,,,,,,,,,,,,,,,,,,,,,,,,,,,,,,,,,,,,,,,,,,,,,,,,,,,,,,,,,,,,,,,,,,,,,,,,,
refine__sobol__0002761__flexion__m5@@brachioradialis@@0.00,69.66299507,114.79448331,76.3794099,89.90497205,32.59677269,20.57969684,-44.26163663,Brachioradialis,BRD,0,1,usable,Converged with independently replayed constrained generalized-force equilibrium and small reserve torques,339.852977,1.14260657543,6.35726529197e-08,1.80129225027e-12,6.5478127518e-05,17,0,0.1229934982,0.460394577037,0.23599055827,0.0100031583163,0.0100003238663,0.010000368712,0.873410989622,0.0100012954805,0.0100003845424,0.0100001341191,0.0100001805532,0.0100007584301,0.0100005965507,0.0100006859361,0.0100008933619,0.010045237814,0.179200803392,0.175499163211,0.0363579429849,0.010045237814,0.102321547528,0.0100005028391,0.0100013619032,0.000673939742636,0.010045237814,0.0448475734564,0.0182316012536,0.0100024466648,0.0100029411833,0.01000674251,0.0859834492799,0.0749707057454,0.0100114946914,0.0100064817801,0.0100119189986,0.0100182279501,0.0100177300381,0.0100199377077,0.0100179701754,0.010018568765,0.0139814291723,0.040092356116,0.0361888840506,0.0158992326184,0.0172109309852,0.0115085168403,0.0100723895029,0.0100361150383,0.0100143818681,0.0100200528222,94.3063430021,206.121332165,44.6671015017,1.98973806593,9.98334149372,11.4353337559,232.884052589,1.42350161447,3.99961488557,6.36615348353,4.64655258689,2.71737587125,3.01656635626,1.87948667456,2.07998549124,0,126.728929743,121.547411993,9.54681604866,0,51.466241635,2.59588138869,10.9762994317,0,0,11.199830421,3.44874227485,4.07942277325,4.35690644401,0.992974205277,44.2988590858,19.8025319676,0.718205796508,1.68283331058,2.44155352663,1.41767808594,2.33901712598,1.71781738053,2.12757769891,1.84127873726,0.550753371591,4.15785788869,3.3524423618,0.750971354317,1.24600135683,0.537727411654,0.789947669072,0.39342052375,0.912650575218,0.924703075597
refine__sobol__0001262__pro_sup__p2@@anterior_deltoid@@0.00,44.74600288,60.17290128,-58.93553151,17.95428846,-61.69228981,12.84654254,-53.58780851,Anterior deltoid,DELT1,0,1,usable,Converged with independently replayed constrained generalized-force equilibrium and small reserve torques,413.498206,3.66003476909,2.40505357851e-08,2.95324243068e-12,0.000310625907489,13,2,0.000673969207285,0.692008090722,0.0100000715805,0.0100000419718,0.262033714081,0.0100000244221,0.999999014553,0.0100001058212,0.999999825878,0.0100002686669,0.0100001019235,0.0100000590099,0.0100000451626,0.0100000580766,0.955402941414,0.0100000309988,0.0393135980995,0.0321210801582,0.0100452377716,0.0100011517517,0.262710006807,0.0100012132241,0.0100095492624,0.0941498593069,0.0100452377716,0.121187078236,0.0112977732524,0.116699600882,0.0119795099354,0.0174382220543,0.244185815957,0.130120561816,0.0213715371062,0.0645658109322,0.0490223558791,0.0285402675647,0.0132371545363,0.0154656818891,0.0305546669344,0.0226912254739,0.0101261565466,0.0184851352465,0.0273734034221,0.0181255228326,0.0102097279556,0.0106121234963,0.0100986277749,0.0101363007459,0.010016798985,0.010064714944,0,688.784092919,2.00250429785,4.77391467912,239.971916725,12.0250045168,208.048715975,1.4385829098,443.873431171,6.48468508463,4.58401217485,2.66501502524,2.85229549691,1.80501184818,193.566519871,4.86432650369,23.181016261,15.4711185099,0,3.48597718841,117.928151455,1.46983294265,11.7697341154,22.929672631,0,29.5845027406,2.0845363171,21.082015468,5.21191560419,0.461450908688,50.7963132625,32.2360317312,1.0298481701,8.6659713245,9.88743282871,3.34367297237,2.73628509949,2.39088740281,6.47351172813,3.59224327786,0.397295863481,1.80156093949,2.40666827854,0.810636022142,0.719592567026,0.488192776261,0.888869448999,0.429687718978,0.846022076267,0.983402186389
refine__sobol__0003073__elbow_flexion__m5@@brachialis@@0.00,39.69229194,81.85014738,-55.82273854,80.01727674,19.23739769,-6.67860394,5.44539462,Brachialis,BRA,0,1,usable,Converged with independently replayed constrained generalized-force equilibrium and small reserve torques,297.636315,4.60448062095,6.54183214266e-08,6.8436450534e-12,0.000286821078243,21,1,0.0100000285546,0.395525583884,0.010000073515,0.0100000271373,0.0100011578772,0.0100000170702,0.999999740374,0.0100000995495,0.758971182297,0.0100000657051,0.0100000691507,0.0100000537972,0.0100000401362,0.0100000539193,0.528709774007,0.0100001113001,0.782001339612,0.765439756983,0.152356719607,0.010045237695,0.731436000639,0.0100002178642,0.000673932748718,0.0100003772188,0.0100011661849,0.0275929474063,0.0100209052107,0.0100009377079,0.0100007779065,0.0100025943815,0.758057341251,0.488834302785,0.0100038482101,0.0100021196277,0.0100275223132,0.0129059898031,0.0100108893579,0.0100153321865,0.0100508189514,0.016671564355,0.0193700512292,0.0913115999078,0.0833535876361,0.0485472515271,0.0134342461084,0.0168382998656,0.0100189976231,0.010032688671,0.0100052872502,0.0100120247487,11.0374662846,312.654102021,1.99999793511,4.6559834398,9.29519152842,12.9837786917,235.972571411,1.43267221809,336.904631205,6.57080278159,4.81934420924,2.70125105944,2.93072807959,1.85030692078,109.979455379,1.41292354079,545.582489541,522.718025136,38.332401571,0,375.60923766,1.99450510298,0,2.59662589328,3.19974063582,6.95581278056,1.47308244491,3.80726774739,4.34959678272,0.937895143244,407.756548398,133.115940275,0.678171418875,1.6123663862,2.59080074012,2.09714340906,2.37043870029,1.73137540828,2.06981376613,3.28856014985,0.441037147402,8.53876865179,6.82962465912,2.33461010955,0.68246692213,0.690700781597,0.717440287952,0.461338404613,1.99461282409,1.16537961869
refine__sobol__0000603__elbow_flexion__m5@@subscapularis@@0.00,9.85342476,113.42973722,-41.13767995,104.2970619,6.85458519,23.7669527,39.40047274,Subscapularis,SUBSC,0,0,reserve_too_high,The posture requires more reserve torque than the quality limit permits,324.560015,27.6691026168,2.31840086684e-07,1.49493994073e-06,0.0577442969304,27,5,,,,,,,,,,,,,,,,,,,,,,,,,,,,,,,,,,,,,,,,,,,,,,,,,,,,,,,,,,,,,,,,,,,,,,,,,,,,,,,,,,,,,,,,,,,,,,,,,,,,
refine__sobol__0001369__elv_angle__p2@@middle_deltoid@@0.00,56.23819038,98.00493253,-15.86912526,47.66131971,-5.87978981,3.89146441,-10.69718351,Middle deltoid,DELT2,0,1,usable,Converged with independently replayed constrained generalized-force equilibrium and small reserve torques,432.614475,0.493897318381,7.52192219622e-09,1.80477854883e-12,1.72574541911e-05,15,0,0.277259915528,0.000673966323471,0.053250811513,0.202689182902,0.540675872164,0.121858236632,0.0474625289233,0.0100029841656,0.010001774263,0.0100003924005,0.0100004619688,0.0100018138312,0.010001523034,0.0100016181138,0.0100014149275,0.0100036533982,0.0773299932188,0.0753873682804,0.010052095618,0.0100035213611,0.146654750076,0.0100016604107,0.0100050487119,0.0100085356984,0.0333670709307,0.0394975241234,0.0173612984221,0.0100052390927,0.0100038871039,0.0100115184443,0.137447411187,0.0637511858656,0.0100179504673,0.0100110602039,0.0100137112931,0.0100206324521,0.0100133019208,0.0100170035502,0.0100170233555,0.0100197161921,0.0101514810904,0.031487812211,0.0100452377804,0.0154457712658,0.0108745567446,0.0104608912959,0.0100825049518,0.0100426748705,0.0100119896127,0.0100244583529,317.513328368,0,10.7200583595,95.7827596073,550.300711143,158.772022326,12.2165936201,1.41230677611,4.35740141115,6.56907928277,4.80921034661,2.71921183318,2.98153788345,1.87560094181,2.08028598494,2.02995788999,51.3444345723,48.7969310397,0.208369006141,3.75981557107,76.9989764014,1.4099744155,11.7717403765,2.76161783545,11.2547130249,9.97254911005,3.3446272162,4.08077529124,4.62419833844,1.01011778105,72.8648357832,18.1448489409,0.749728547653,1.71091221725,2.59075701106,1.60722194453,2.36970225633,1.73168771734,2.10831684615,1.97417713652,0.310392387051,3.43739957259,0,0.753748580568,0.72726765525,0.477311135144,0.756842364189,0.461404606441,1.70370216737,1.16861443142
refine__sobol__0002761__deviation__m5@@pectoralis_major@@0.00,69.66299507,114.79448331,76.3794099,89.90497205,32.59677269,15.57969684,-39.26163663,Pectoralis major,PECM1;PECM2;PECM3,0,1,usable,Converged with independently replayed constrained generalized-force equilibrium and small reserve torques,349.953185,1.03057742584,1.65132405527e-08,2.00391970719e-12,6.22813814287e-05,16,0,0.122780589732,0.429022557215,0.222697436582,0.0100032393012,0.0100003430419,0.0100003882542,0.829918325211,0.0100013670635,0.000674005584115,0.000674005584115,0.000674005584115,0.0100008007726,0.0100006300327,0.0100007244732,0.0100009493775,0.0100452377682,0.178744937124,0.175052668964,0.0362656095512,0.0100452377682,0.0911851697283,0.0100005274614,0.0100013652967,0.0100014384388,0.0100037522216,0.0375258877822,0.0339978645155,0.0100023853222,0.0100033696523,0.0100066030983,0.0786806660443,0.0718652114118,0.0100118507577,0.010006688692,0.0100115132151,0.0100172696255,0.0100184770392,0.0100202069765,0.0100176477861,0.0100171032196,0.014118477067,0.0419213068135,0.0364916424721,0.0157421625992,0.0187601796322,0.0115245879455,0.0100549993779,0.0100301473093,0.0100125577179,0.0100158364507,94.1430935373,192.075896253,42.151046537,1.98975417365,9.98336063643,11.4353561021,221.287280814,1.42351180299,0,0,0,2.71738737644,3.01657645575,1.87949391706,2.07999714135,0,126.406545896,121.238178493,9.522571269,0,45.864806508,2.5958877795,10.9763031562,2.49857078039,3.11217003315,9.43154446593,6.54783466296,4.07994151948,4.38146479402,1.00945705298,40.5364493641,18.9822562313,0.715571377875,1.67700723148,2.50318415664,1.46536733046,2.34466421536,1.72204502071,2.12719105518,1.88920949831,0.550448196698,4.44434048431,3.4290489495,0.751572811809,1.35802714809,0.54433190197,0.784356865361,0.418194248441,1.06071626237,0.997668857867
refine__sobol__0002761__deviation__p2@@pectoralis_major@@0.00,69.66299507,114.79448331,76.3794099,89.90497205,32.59677269,22.57969684,-39.26163663,Pectoralis major,PECM1;PECM2;PECM3,0,1,usable,Converged with independently replayed constrained generalized-force equilibrium and small reserve torques,413.658354,1.03102821201,1.14194527612e-07,1.88293824976e-12,6.20319992613e-05,14,0,0.122860371704,0.430758257957,0.222276126675,0.0100032762242,0.0100003435211,0.0100003895753,0.827307237366,0.0100013686818,0.000673952854561,0.000673952854561,0.000673952854561,0.0100008018763,0.0100006308143,0.0100007253415,0.0100009489445,0.0100452377977,0.175481249869,0.171856447174,0.0356041587729,0.0100452377977,0.0913190100814,0.0100005290312,0.0100013900874,0.0100014598141,0.0100452377977,0.0177150367259,0.0787895874799,0.0100023934362,0.0100111602101,0.0100067241086,0.0807844036356,0.0720099173254,0.0100151164454,0.0100088672002,0.0100158069794,0.0100200640607,0.0102221486065,0.0100586585647,0.0100391648431,0.0100205763987,0.0180797517799,0.0501320010453,0.0387713746823,0.0134682948986,0.0278941379044,0.011832646465,0.0100288834942,0.0100209276257,0.0100118545229,0.0100107249093,94.2042671208,192.852979735,42.0713031244,1.98976152082,9.98336111579,11.4353576128,220.591067022,1.4235120334,0,0,0,2.71738767628,3.01657669138,1.87949408024,2.07999705129,0,124.098500481,119.024535537,9.34888848112,0,45.9321262458,2.59588818792,10.9763303633,2.49857612033,0,4.46175061696,14.8590939126,4.07994054814,4.26880655154,1.00616165184,41.6202995224,19.0204784074,0.711137321189,1.67210391088,2.49381641379,1.44973392326,2.40483317981,1.73240378179,2.13159425464,1.87387111138,0.711710507301,5.2400040575,3.62071889181,0.641928793319,2.01950371276,0.556973009708,0.756296752188,0.384653700925,0.963488519761,0.914889329349
refine__sobol__0000625__shoulder_rot__m2@@infraspinatus@@0.00,52.04092476,70.77348722,-40.79392995,54.4533119,79.35458519,9.0013277,-41.22452726,Infraspinatus,INFSP,0,0,solver_failed,The static optimization solver did not converge,1045.188488,,2.18535944896e-08,,,0,0,,,,,,,,,,,,,,,,,,,,,,,,,,,,,,,,,,,,,,,,,,,,,,,,,,,,,,,,,,,,,,,,,,,,,,,,,,,,,,,,,,,,,,,,,,,,,,,,,,,,
refine__sobol__0002761__deviation__m5@@teres_major@@0.00,69.66299507,114.79448331,76.3794099,89.90497205,32.59677269,15.57969684,-39.26163663,Teres major,TMAJ,0,1,usable,Converged with independently replayed constrained generalized-force equilibrium and small reserve torques,376.531623,1.15432722148,1.97788256884e-08,7.81597009336e-13,6.61210019538e-05,12,0,0.123877858296,0.454026726866,0.236713464708,0.0100146791241,0.0100015851418,0.0100017888263,0.87991135964,0.00147406198455,0.0100018661304,0.0100006772343,0.0100008991556,0.010003660165,0.0100028879606,0.0100033155042,0.0100043293513,0.0102130196324,0.186731993781,0.182875064946,0.0379426712124,0.0102130196324,0.0983736943602,0.0100024233897,0.0100063009155,0.010006614483,0.0100171084097,0.03691379779,0.0334746662235,0.0100111791504,0.0100156604633,0.0100309497781,0.0862173937842,0.0767441966907,0.0100552466013,0.0100312108314,0.010056158024,0.0100843703488,0.0100897987307,0.0100978910694,0.0100863960271,0.010083991614,0.0147024689654,0.0425828840384,0.0371103476199,0.0162914823741,0.0189304440395,0.0122188597314,0.0102491447764,0.0101432727382,0.0100599499663,0.0100756239921,94.9844338619,203.270408609,44.8039295827,1.99202968148,9.98460062739,11.436957644,234.617294474,0,4.0002074409,6.36649923428,4.64688648317,2.7181643219,3.017257534,1.87998086448,2.0807001082,0,132.054908643,126.655822486,9.96293169299,0,49.4805292416,2.59637991582,10.9817199014,2.49986386559,3.11632514681,9.27770522812,6.44706904259,4.08352849434,4.38684815552,1.01191312399,44.4193878008,20.2709764192,0.718672984576,1.68111686316,2.51434672288,1.47518309985,2.36135591583,1.73539559378,2.14178935674,1.90182454161,0.573216749242,4.51447843266,3.48718747372,0.777798802388,1.37035238654,0.577123901434,0.799501498441,0.422910869516,1.06573693071,1.00362424361
refine__sobol__0002761__elbow_flexion__m2@@supraspinatus@@0.00,69.66299507,114.79448331,76.3794099,87.90497205,32.59677269,20.57969684,-39.26163663,Supraspinatus,SUPSP,0,1,usable,Converged with independently replayed constrained generalized-force equilibrium and small reserve torques,324.28321,1.16604684004,4.79477186843e-08,1.49924517245e-12,6.5914367463e-05,17,0,0.126299830374,0.467451507798,0.237967658958,0.000673950887555,0.0100003206866,0.0100003658588,0.880310586235,0.0100012826031,0.0100003814976,0.0100001327998,0.0100001787757,0.0100007509043,0.0100005904252,0.010000678927,0.0100008832628,0.0100452380397,0.18357259811,0.179754262555,0.036935037112,0.0100452380397,0.0982678266555,0.0100005118744,0.0100013360477,0.0100013993419,0.0100452380397,0.0465202577854,0.0204381524734,0.010002372757,0.0100027303738,0.0100065461103,0.0869599287481,0.0759396573986,0.0100110626957,0.0100061925031,0.0100110664398,0.0100172611081,0.0100154202192,0.0100179316015,0.0100163360687,0.0100174735179,0.0136491176472,0.040813020021,0.0372393248128,0.0168458142268,0.016741606592,0.0119204855308,0.010083202056,0.010037944108,0.0100139411654,0.0100214476412,96.8415021407,209.280761212,45.0413171381,0,9.98333831923,11.435330493,234.723743272,1.42349978161,3.99961366772,6.36615264355,4.64655176089,2.71737382637,3.01656450856,1.8794853573,2.07998339082,0,129.472610942,124.142450189,9.62839451588,0,49.7516721284,2.52042449832,11.0267223531,2.52244118167,0,11.708689168,3.87839497724,4.0798919852,4.32878818109,1.00447501168,45.0323028064,20.0584678832,0.715579997587,1.67751419319,2.49611253119,1.45416092157,2.35346469898,1.72452090406,2.12679570844,1.87791201704,0.536607682766,4.28453125551,3.484955383,0.803607611937,1.21208450988,0.561883871868,0.767766723354,0.394738540512,0.993188834584,0.939379040778
refine__sobol__0001262__elv_angle__m5@@latissimus_dorsi@@0.00,39.74600288,60.17290128,-58.93553151,17.95428846,-63.69228981,12.84654254,-53.58780851,Latissimus dorsi,LAT1;LAT2;LAT3,0,1,usable,Converged with independently replayed constrained generalized-force equilibrium and small reserve torques,429.395161,1.35846269974,3.52694122796e-08,8.81072992343e-13,6.57244110523e-05,9,0,0.268999485975,0.32406181655,0.0100003787508,0.0100002469852,0.736020518026,0.0100001331854,0.436915786397,0.0100004929714,0.531393967626,0.010000669639,0.0100004053404,0.000674153834177,0.000674153834177,0.000674153834177,0.166861171382,0.0100001655067,0.0100237951444,0.0100260602453,0.0100452385552,0.0100013692941,0.208668390473,0.0100022946348,0.0102810850137,0.0947554761353,0.0100452385552,0.107178039914,0.0100460788267,0.106959848287,0.0104886966038,0.0158011269419,0.202326018094,0.105392020253,0.0193694107261,0.0584938203148,0.0421406277063,0.0246863021512,0.0105426919577,0.012539400429,0.0254622562994,0.0198132501685,0.0100654054387,0.0103705501044,0.018665298954,0.0138014098004,0.0100654412903,0.0101657689517,0.0100933884388,0.0101401231162,0.0100201617647,0.0101011239539,249.910793921,319.727100931,1.9864677478,4.70213453669,665.378273975,12.2861694687,92.777372607,1.43862455307,235.88389705,6.51967994245,4.61691684016,0,0,0,34.153951283,4.978534706,5.91046786703,4.82905199793,0,3.47121171135,95.613280539,1.39412872632,12.089019581,23.0487238642,0,26.1709465427,1.85458822197,19.0571100273,4.54109885745,0.406933758917,40.7044619162,25.8859820037,0.923749066855,7.80369516499,8.4705250176,2.88310712011,2.175140688,1.93487674961,5.39352975452,3.13000640046,0.394894159832,1.01062572687,1.6409361724,0.617202102926,0.709443530227,0.467636905714,0.888502681735,0.429849752858,0.846306097367,0.986959634033
refine__sobol__0002303__elbow_flexion__m5@@brachialis@@0.00,-51.09872368,96.64018644,-31.57957448,96.96551893,-71.62197731,15.62364215,40.07430087,Brachialis,BRA,0,1,usable,Converged with independently replayed constrained generalized-force equilibrium and small reserve torques,329.111118,2.86229535951,3.69542760836e-08,6.58267408413e-13,0.000363329291935,32,1,0.935249716477,0.999999721176,0.0100004208706,0.0100000539462,0.0100000310108,0.0100000524816,0.0100004729494,0.0100006347575,0.010000039875,0.010000020878,0.0100000295807,0.393627000994,0.0100001963903,0.010000151182,0.0100001281549,0.561418257791,0.0100003703082,0.0100003778344,0.0100017437944,0.670055467599,0.0100000456674,0.0100002178523,0.000673965312689,0.228583056399,0.0100097706303,0.0100110561967,0.0600277126787,0.0100006464164,0.0100452380958,0.0100026713315,0.0100010451377,0.0100022014499,0.0100211920806,0.0100024839238,0.0100009457713,0.0100014401873,0.0100018076433,0.0100021398285,0.0100016243564,0.0100014779245,0.0216695156066,0.0606390353049,0.0415446273505,0.013763535258,0.046247134857,0.0101673623745,0.0100120086285,0.0100042634319,0.0100011741322,0.0100014403471,387.666059849,270.541510126,1.32779520959,4.9896944639,8.37508329059,12.4056848724,2.69389809333,1.37778513936,4.05745680733,5.45719509871,4.9355864084,97.828460695,2.61913040554,1.79717261237,2.0040302426,237.887969515,7.13454911131,6.99493505357,2.69129188718,228.187329518,5.20485402883,2.18566875188,0,58.5192405485,3.36785332239,1.8573170446,9.73577056576,3.66295334824,0,0.691083140458,5.39537960783,2.3786161719,0.123555070112,1.42579503797,2.5239526295,1.62335166708,2.31945013904,1.69020839214,2.00330584682,1.9557095896,0.432549889258,4.24919732658,2.56147582838,0.48588313932,2.17728214317,0.250954168548,0.50967840632,0.438502700427,2.01008505895,1.16710100959
refine__sobol__0001262__deviation__p5@@teres_minor@@0.00,44.74600288,60.17290128,-58.93553151,17.95428846,-63.69228981,17.84654254,-53.58780851,Teres minor,TMIN,0,0,solver_failed,The static optimization solver did not converge,922.679688,,3.14819637026e-08,,,0,0,,,,,,,,,,,,,,,,,,,,,,,,,,,,,,,,,,,,,,,,,,,,,,,,,,,,,,,,,,,,,,,,,,,,,,,,,,,,,,,,,,,,,,,,,,,,,,,,,,,,
refine__sobol__0002303__shoulder_elv__m5@@posterior_deltoid@@0.00,-51.09872368,91.64018644,-31.57957448,101.96551893,-71.62197731,15.62364215,40.07430087,Posterior deltoid,DELT3,0,1,usable,Converged with independently replayed constrained generalized-force equilibrium and small reserve torques,343.146722,1.33374041561,2.01338536954e-08,1.56327514288e-12,0.000100414440317,31,0,0.381585202591,0.981888439463,0.00067397582756,0.0301193458896,0.0100024576814,0.0100001146573,0.010002983271,0.0100011824816,0.0100002577676,0.0100001386579,0.0100001599608,0.0100011162589,0.0100005997051,0.0100005578568,0.0100015521646,0.376757561218,0.0100059082287,0.0100059959219,0.0100185008823,0.233163655608,0.0100004257456,0.0100006742955,0.120602452507,0.0100011432726,0.0100016929428,0.0118590420397,0.0693020584506,0.0100009704646,0.0100452376677,0.0100042036442,0.010001245745,0.0100058404667,0.0100298052017,0.0100032426929,0.0100018122402,0.0100027006988,0.010003287338,0.0100038850768,0.0100029878143,0.0100026911956,0.0124926883964,0.0405587028377,0.0299084242029,0.0113659982373,0.029148441065,0.0101148668716,0.0100197837801,0.0100075627482,0.0100021272711,0.0100026505182,131.447552636,354.555571543,0,15.0349766584,8.81707468919,12.4292903837,2.69435964482,1.36156960941,4.06451766929,5.65226988191,4.96423778465,2.43191685592,2.43308380341,1.78201453451,0.837284689042,166.536277145,7.16733616601,7.04706049251,2.7423794822,79.4038620446,5.25031320927,2.46299583605,128.227484395,2.50882919166,3.32771311849,2.1807829415,11.1748256329,3.61397982234,0,0.614419149245,5.53455669811,2.37948156365,0.0569629806361,1.35829882183,2.52417130147,1.62355626296,2.31979328481,1.69050331236,2.00357894476,1.95594683514,0.251288749749,2.84845470732,1.84375459775,0.402278103713,1.36927457416,0.249658457315,0.510074213634,0.438647314649,2.01027662548,1.16724222844
refine__sobol__0000625__shoulder_elv__p2@@coracobrachialis@@0.00,52.04092476,72.77348722,-38.79392995,54.4533119,79.35458519,9.0013277,-41.22452726,Coracobrachialis,CORB,0,0,reserve_too_high,The posture requires more reserve torque than the quality limit permits,338.667185,318.843764074,2.70648854439e-08,1.74242146755e-06,0.237548693305,28,11,,,,,,,,,,,,,,,,,,,,,,,,,,,,,,,,,,,,,,,,,,,,,,,,,,,,,,,,,,,,,,,,,,,,,,,,,,,,,,,,,,,,,,,,,,,,,,,,,,,,
refine__sobol__0000625__elbow_flexion__p5@@biceps@@0.00,52.04092476,70.77348722,-38.79392995,59.4533119,79.35458519,9.0013277,-41.22452726,Biceps,BIClong;BICshort,0,1,usable,Converged with independently replayed constrained generalized-force equilibrium and small reserve torques,351.958086,2.22209025599,6.78632545714e-08,2.31605876159e-12,8.85363831733e-05,21,1,0.376958870112,0.283482563067,0.0100002914162,0.0100001408939,0.999998841678,0.0100000684133,0.778247286436,0.0100003475737,0.522194950955,0.0100002004413,0.0100001689418,0.0100002015189,0.0100001557052,0.0100001899528,0.0764974101172,0.0100002651399,0.010019777911,0.0100200285126,0.010040052337,0.0100452377795,0.000673963431829,0.000673963431829,0.0173832325699,0.010001329384,0.0260504923591,0.0375537540006,0.0100031913322,0.0100019877043,0.010001273387,0.0100064172252,0.322548590719,0.0534839310838,0.010006685131,0.0100033807099,0.0100057476532,0.0100115567737,0.0100056921922,0.0100076995385,0.0100077196798,0.0100152879859,0.0102411177075,0.0230994395094,0.0348711573546,0.0239086252557,0.0100216346581,0.0101294048367,0.0101605072746,0.0122477478751,0.0100223688703,0.0198818826031,459.088087423,274.27710227,2.01418803854,4.84386764039,986.560817411,13.0247581919,189.925025485,1.43840992723,230.397625391,6.44189791657,4.59053341381,2.67898318008,2.8893517922,1.82460847998,15.4981092048,2.51623752657,6.78446636958,6.63400645351,1.21181576762,0,0,0,20.2374692922,2.7603669034,8.73544068942,9.43094265342,1.9295969988,3.53832086634,4.79827317482,0.731924126799,169.61185986,10.1294238884,0.748436362773,1.71121758558,2.49417375068,1.48047247716,2.31293012828,1.71040025745,2.12522359043,1.91640898951,0.387590310126,2.47278615473,3.28243770828,1.14057637409,0.725254313391,0.478537900005,0.792580588071,0.544180341954,1.09722014885,2.1110651134
refine__sobol__0000447__pro_sup__p2@@anterior_deltoid@@0.00,-52.19735649,125.74419034,83.52052318,119.07245252,-39.73916481,5.13902301,37.40828524,Anterior deltoid,DELT1,0,0,solver_failed,The static optimization solver did not converge,1369.054101,,2.32450219073e-08,,,0,0,,,,,,,,,,,,,,,,,,,,,,,,,,,,,,,,,,,,,,,,,,,,,,,,,,,,,,,,,,,,,,,,,,,,,,,,,,,,,,,,,,,,,,,,,,,,,,,,,,,,
refine__sobol__0001711__flexion__p2@@teres_minor@@0.00,-47.18759087,105.74907316,38.18360911,69.37030409,-34.16103981,17.0506441,29.62312899,Teres minor,TMIN,0,1,usable,Converged with independently replayed constrained generalized-force equilibrium and small reserve torques,452.761818,2.11231402114,3.61127234783e-08,2.25952589972e-12,0.000143867158704,22,1,0.517517370507,0.99999269713,0.010000421217,0.0100008815409,0.0100002324769,0.49572938631,0.000674023328424,0.0100005662597,0.0100002296736,0.0100000681888,0.010000091602,0.0100005774595,0.0100002126965,0.010000253096,0.0100008896236,0.0428283208627,0.384582966193,0.376297763395,0.0643503676576,0.0100015011011,0.432760548857,0.0100008115293,0.0100007184072,0.0100022771712,0.0100056274476,0.0247051961487,0.0921784791043,0.0100032877994,0.0100076397985,0.0100082690344,0.281234801275,0.141446859834,0.0100140583726,0.0100075110575,0.0100140069458,0.0100184710077,0.0100144301518,0.0100168206022,0.0100165273779,0.0100139811708,0.0109542893014,0.0475249138321,0.0357794025418,0.019042981238,0.0212702640393,0.0102977186613,0.0100353608581,0.0100237695705,0.0100067955106,0.010009563907,230.788788552,247.51380401,1.81956518454,1.84547840074,2.49847936336,573.884602753,0,1.39722262016,4.14712176776,5.18973194055,4.9162156514,2.50426868038,2.79863776465,1.82184829343,0.546798192948,14.2550214773,264.322376038,253.056178638,12.9192902769,3.69594301622,162.262772817,0.809253659781,11.4527431295,2.72562687568,3.36879275862,5.00779164929,17.2324295305,3.85244528776,1.49277633878,0.921618332759,147.359153449,39.3657855199,0.52276222842,1.56686031269,2.54802297739,1.62772393365,2.3403654069,1.70584449737,2.02195123762,1.97144031891,0.251661903008,3.98552136219,2.53534489366,0.755778264861,1.15354032332,0.297688272263,0.523945900537,0.42928244862,2.00811105245,1.16559021699
refine__sobol__0000463__elbow_flexion__p2@@anterior_deltoid@@0.00,-42.35360649,88.16606534,77.66114818,14.43182752,74.51083519,-8.80628949,-44.15421476,Anterior deltoid,DELT1,0,1,usable,Converged with independently replayed constrained generalized-force equilibrium and small reserve torques,421.195183,2.13207921196,2.35640770896e-07,9.85150104823e-13,7.13980339725e-05,23,0,0.000674023424804,0.367206959908,0.0100022084791,0.695546692325,0.0100003597481,0.0100000765248,0.0100452378747,0.0100007529102,0.741228444383,0.0100001215513,0.0100001604211,0.0100004942771,0.0100006755686,0.0100003742059,0.0100008768919,0.0989189765947,0.223630013017,0.17828088984,0.0100452378747,0.0100452378747,0.230132928869,0.0100452378747,0.0100019571771,0.0100036133529,0.0100452378747,0.630982051873,0.010000468577,0.3132729656,0.0100003172019,0.0100143177381,0.402345885672,0.096166907165,0.0100049634618,0.0100023937546,0.167950371585,0.180064687232,0.0100023689603,0.0100072519215,0.090016401907,0.264797020975,0.010005106128,0.0100014625013,0.0100207268458,0.0269246144972,0.0100030282775,0.0537393179766,0.0100030152079,0.0484575660322,0.0100045984951,0.0650142491487,0,256.630874131,1.65950617087,127.679463045,1.63697448858,12.1246321008,0,1.35203267085,288.856018853,5.92180018384,4.97254536763,2.32963561858,0.569409142165,1.78012610728,1.15837817506,63.4774423913,125.709348812,79.8941501653,0,0,12.916913223,0,11.7439731979,2.38284614537,0,155.683008805,1.90721799943,88.7871197329,3.20539598007,0.528350526791,224.178887022,19.041314985,0.503928191009,1.44871040151,42.0858840041,27.2953196043,2.19924428126,1.67535292602,19.1172394968,51.6002540749,0.381875790231,1.06518592009,0.920685977329,1.23283026799,0.724132287353,2.52774249284,0.774734426013,2.22872502217,1.05853865693,7.47495429126
refine__sobol__0000625__shoulder_elv__p5@@triceps@@0.00,52.04092476,75.77348722,-38.79392995,54.4533119,79.35458519,9.0013277,-41.22452726,Triceps,TRIlong;TRIlat;TRImed,0,0,solver_failed,The static optimization solver did not converge,1024.011814,,2.5832818551e-08,,,0,0,,,,,,,,,,,,,,,,,,,,,,,,,,,,,,,,,,,,,,,,,,,,,,,,,,,,,,,,,,,,,,,,,,,,,,,,,,,,,,,,,,,,,,,,,,,,,,,,,,,,
refine__sobol__0004077__shoulder_elv__p2@@teres_minor@@0.00,90.14151069,112.66850675,-38.97703542,118.91376112,35.64364769,18.44346637,45.17195712,Teres minor,TMIN,0,0,solver_failed,The static optimization solver did not converge,1159.636599,,3.58483696061e-08,,,0,0,,,,,,,,,,,,,,,,,,,,,,,,,,,,,,,,,,,,,,,,,,,,,,,,,,,,,,,,,,,,,,,,,,,,,,,,,,,,,,,,,,,,,,,,,,,,,,,,,,,,
refine__sobol__0004077__shoulder_rot__m5@@posterior_deltoid@@0.00,90.14151069,110.66850675,-43.97703542,118.91376112,35.64364769,18.44346637,45.17195712,Posterior deltoid,DELT3,0,0,reserve_too_high,The posture requires more reserve torque than the quality limit permits,335.826189,703.387196018,3.515502911e-08,2.01041707459e-06,0.4970158781,23,1,,,,,,,,,,,,,,,,,,,,,,,,,,,,,,,,,,,,,,,,,,,,,,,,,,,,,,,,,,,,,,,,,,,,,,,,,,,,,,,,,,,,,,,,,,,,,,,,,,,,
refine__sobol__0000603__flexion__m5@@teres_minor@@0.00,9.85342476,113.42973722,-41.13767995,109.2970619,6.85458519,23.7669527,34.40047274,Teres minor,TMIN,0,1,usable,Converged with independently replayed constrained generalized-force equilibrium and small reserve torques,325.573463,4.90959484182,2.70546742343e-07,4.70379291073e-12,0.000733656846144,26,2,0.0100000347201,0.532054488433,0.999999920136,0.765748530254,0.425014955027,0.176761737534,0.000673953494872,0.010000200856,0.999999625675,0.0100000086411,0.010000006598,0.0100002893671,0.0100001011959,0.0100000660595,0.0100000391183,0.908976500938,0.0597285777459,0.0592077383991,0.0139914427372,0.0100452376916,0.010000010026,0.0100000265845,0.0100039174611,0.0100017722772,0.0100001724984,0.010000708114,0.856367425466,0.0100006085746,0.0100452376916,0.010003315658,0.010000222451,0.0100005495925,0.0100452376916,0.154823996001,0.0100012232422,0.0100012720833,0.307839921789,0.144132627457,0.0155727420733,0.0100011596158,0.10182086494,0.17956440064,0.112739657962,0.010010561005,0.244791793437,0.010005555206,0.010001544411,0.0100007491872,0.0100002059832,0.0100002434766,12.1373985017,4.85133137501,192.923239617,22.2979310375,418.245729146,226.819930182,0,1.42662559845,443.744358937,6.22214153132,4.97023190807,2.71283360581,2.98096294377,1.87873877759,1.27756079542,60.0085415216,42.8442378483,42.1001607664,3.92549366818,0,4.78158942761,2.42280395103,10.2971719967,1.25464203167,3.14585311016,1.68862931734,155.509950293,2.92597678088,0,0.34382569605,5.0924070322,2.79823929935,0,15.4607769316,2.50335326212,1.61768057829,70.9665896391,24.2251636223,3.09892664371,1.94938255679,2.47256182842,15.0888668091,7.82155701014,0.389304021043,12.8165169182,0.26897403191,0.427721750577,0.389511533134,1.99141134355,1.13482788483
refine__sobol__0000447__deviation__m2@@triceps@@0.00,-52.19735649,125.74419034,83.52052318,119.07245252,-41.73916481,3.13902301,37.40828524,Triceps,TRIlong;TRIlat;TRImed,0,1,usable,Converged with independently replayed constrained generalized-force equilibrium and small reserve torques,277.601113,3.03039002008,2.61383519273e-08,1.15438758996e-07,0.00399762333484,32,1,0.281812256902,0.0100000074557,0.0100000242098,0.0100000708972,0.01,0.01,0.0100001192008,0.0100000636297,0.01,0.0100000018632,0.0100000296357,0.0100000271964,0.010000092832,0.58449990136,0.0100000759169,0.000674538980491,0.000674538980491,0.000674538980491,0.999999920852,0.0100004804521,0.264267654883,0.0100000149843,0.0100000023662,0.0100000217536,0.0100000167856,0.820670673361,0.692288267021,0.0100001180469,0.0100452377989,0.0100020881763,0.0100000282287,0.404989214394,0.0100452377989,0.0100003066983,0.0623431729182,0.0100110171594,0.31470011525,0.181861218303,0.138187558572,0.0100035362203,0.0100050707176,0.0100013625474,0.0100019785081,0.010001819552,0.0100392251628,0.0100064706426,0.0100019146828,0.0100012825402,0.0100005820332,0.0100004825682,211.788250392,1.95146891493,1.68718578873,3.53257337921,10.7204119012,12.3692682684,2.32780376839,1.43826544487,4.11625179825,3.34144102744,3.17197788641,2.64895964562,2.99777176847,109.900254629,1.57737645816,0,0,0,283.198889669,3.63317785993,113.294145603,2.3810994245,8.90477182897,1.00775386701,3.01798791159,155.397275696,101.334353899,2.2680044892,0,0.0947432730964,5.38587206001,110.081735947,0,0.927568210396,15.5295984294,1.61099054704,72.8123954816,30.6078920021,27.4958552569,1.93346022785,0.192045851974,0.709108240158,0.623039415084,0.378039932755,0.437409066015,0.273105983414,0.592692343013,0.460043430671,1.97881811709,1.14844851024
refine__sobol__0000447__elv_angle__p2@@brachialis@@0.00,-50.19735649,125.74419034,83.52052318,119.07245252,-41.73916481,5.13902301,37.40828524,Brachialis,BRA,0,1,usable,Converged with independently replayed constrained generalized-force equilibrium and small reserve torques,390.127731,0.448666752801,1.93336546772e-08,2.60769184024e-12,0.00028029281989,20,0,0.301991364124,0.0100002558284,0.0100002087913,0.0100001791983,0.010000025914,0.0100000883901,0.0100002452086,0.0100012089626,0.0100000543135,0.0100001843526,0.0100003837064,0.010000746553,0.125858876402,0.442596181445,0.0100019027536,0.0100113166416,0.15804823431,0.15791751333,0.0400565263757,0.0100033186508,0.241099990678,0.0100020578435,0.000673822960482,0.0100236301172,0.0100023690852,0.0100060226988,0.106023093946,0.0100098976717,0.0100452378829,0.0100388929817,0.127637505993,0.0561101423772,0.0100452378829,0.0109081291666,0.0100184336545,0.0100155953941,0.0264498453558,0.0123608109084,0.0100702729494,0.0100109931976,0.0101971015526,0.0192944546858,0.0109461004142,0.0100353010423,0.016587312667,0.0100277994784,0.0100114353777,0.010007593158,0.0100032539183,0.0100030602409,225.137974651,2.0015336057,1.70692733903,3.38904473819,10.6275414,12.3560799522,2.3644567276,1.43849846795,4.05213868992,3.32554638591,3.15472092356,2.6476485879,37.6975767577,83.2166332272,1.50987506819,0.0324586024924,113.381521724,113.194277448,11.3439646915,3.63420897821,104.801426567,2.38248428599,0,1.01013300325,3.03305375121,1.8643271795,15.9335694228,2.33089042633,0,0.107473167764,68.7437336805,15.251521909,0,1.00557925392,2.49804620995,1.61346146487,6.11763458998,2.08026439281,2.00440146613,1.93756724577,0.200019635174,1.38153270101,0.684505045651,0.377412885906,0.735527472431,0.269569606167,0.578205829369,0.460308001353,1.98848398632,1.15664310013
refine__sobol__0001387__shoulder_elv__m2@@latissimus_dorsi@@0.00,23.30069038,93.97368253,56.78712474,29.38006971,56.62021019,14.28208941,-8.82218351,Latissimus dorsi,LAT1;LAT2;LAT3,0,1,usable,Converged with independently replayed constrained generalized-force equilibrium and small reserve torques,331.158204,0.94067344338,1.31043815799e-08,1.18932546459e-12,3.11661085509e-05,19,0,0.0317606264271,0.936724600833,0.144059122486,0.0100013986122,0.146414196732,0.0100005977569,0.0100063715694,0.0100018258183,0.0100020578532,0.0100003002697,0.0100002885703,0.000673914617023,0.000673914617023,0.000673914617023,0.0100007535507,0.010004588727,0.0694413483458,0.0635668824257,0.0100452376122,0.0100452376122,0.0100013321887,0.0100094038412,0.0100060186779,0.010008571051,0.0100214107898,0.0317152316136,0.0532000091756,0.0100031164285,0.0100056222401,0.010008443072,0.0196301565833,0.0142645673317,0.0100162403659,0.0100087673434,0.0100072296921,0.0100104393204,0.0100107547942,0.010012812651,0.010010599883,0.0100102138026,0.0111338746054,0.0405733271564,0.0325419706192,0.0150489292367,0.0207850349563,0.0115787381381,0.0100714967908,0.010026419808,0.0100098024185,0.0100129272942,38.6704491399,410.880328698,29.008566804,4.66549577244,143.297433677,11.5074868048,2.44951670473,1.43751069658,4.31205399318,6.43849433008,4.64331368341,0,0,0,1.93153305142,3.35826818896,44.2579967406,37.0857694969,0,0,1.93667295079,0.132967627677,11.7806004314,2.57041782374,3.08391683784,7.55291199748,10.2586071061,3.91091830903,4.61311353246,0.957967164502,10.9367716189,3.45413746112,0.754197914693,1.71341560296,2.58976154409,1.6238685619,2.37041745609,1.73112398051,2.08160905358,1.97486524737,0.375723816622,4.43056637041,3.06520062082,0.73438165555,1.49175114591,0.518099461273,0.631527426806,0.434674272576,1.58566079492,1.11196245222
refine__sobol__0000625__flexion__p2@@biceps@@0.00,52.04092476,70.77348722,-38.79392995,54.4533119,79.35458519,9.0013277,-39.22452726,Biceps,BIClong;BICshort,0,1,usable,Converged with independently replayed constrained generalized-force equilibrium and small reserve torques,374.007653,2.30847761866,2.28751986242e-08,1.67738274803e-12,9.23817560341e-05,22,1,0.376971257076,0.295344855799,0.0100002790873,0.0100001346448,0.999999012766,0.0100000650651,0.813727061712,0.0100003327122,0.542003901363,0.0100001913711,0.0100001613641,0.0100001926929,0.0100001487954,0.0100001816276,0.0792381399021,0.010000231717,0.0100098295217,0.0100100096267,0.0100366400167,0.0100452374513,0.000674064652507,0.000674064652507,0.0437545872902,0.0100016854717,0.0100452374513,0.0806434047052,0.0100022958842,0.0100023484461,0.0100009413441,0.0100068961089,0.313368075846,0.0498832741887,0.0100062193454,0.010003129319,0.0100052170958,0.0100111580184,0.0100043551295,0.0100061914302,0.0100064688814,0.0100150351179,0.0100745576624,0.0121881290281,0.0349757261492,0.0280212306361,0.0100147554687,0.010216986376,0.0153527672529,0.0222525571388,0.0100246716253,0.041038292553,459.103173172,285.754193639,2.01418555535,4.84386461374,986.56098616,13.0247538305,198.583580844,1.43840778961,239.137532064,6.44189207394,4.59052993545,2.67898081573,2.88934979586,1.82460696105,16.053371526,2.73325091582,6.72351548868,6.56930985151,0.786772398366,0,0,0,51.2703548317,2.75972785681,0,20.3191581951,1.9294246024,3.46674813374,4.79817629811,0.719890191572,166.402064224,9.44748859818,0.742884520154,1.70989223011,2.51372590957,1.49457881211,2.32383606347,1.71480772692,2.12471932326,1.92775324606,0.378148132259,1.30779189782,3.29625987232,1.34060232248,0.72473610028,0.483046545678,1.18640682093,0.99042744356,1.13348556476,4.38792502896
refine__sobol__0000625__deviation__p2@@latissimus_dorsi@@0.00,52.04092476,70.77348722,-38.79392995,54.4533119,79.35458519,11.0013277,-41.22452726,Latissimus dorsi,LAT1;LAT2;LAT3,0,1,usable,Converged with independently replayed constrained generalized-force equilibrium and small reserve torques,329.263138,2.16414119946,2.6536682185e-08,1.90550792041e-12,8.5136115989e-05,20,1,0.378544384533,0.277711015026,0.0100003035029,0.0100001470821,0.999998630022,0.0100000717402,0.745904765574,0.0100003619654,0.503826112493,0.0100002089476,0.0100001760784,0.00067414010587,0.00067414010587,0.00067414010587,0.0728045376675,0.010000252835,0.0100132258619,0.0100134445484,0.010039074887,0.0100452376743,0.0100044241476,0.0100015007688,0.0294312618951,0.0100015038072,0.0100452376743,0.0801515599641,0.010001999929,0.0100023257287,0.0100008518738,0.0100069651725,0.330781858514,0.0536015925882,0.0100057924156,0.0100029037914,0.010005148745,0.0100114439833,0.0100040535675,0.0100058084715,0.0100061378222,0.010015884646,0.0100552479774,0.0101123299542,0.0315941499561,0.0282315689923,0.0100123070371,0.0101247297712,0.0179668449083,0.0262927289556,0.0100365824853,0.0505821192469,461.019042868,268.692972312,2.01419047297,4.84387063803,986.560608584,13.0247625248,182.032091953,1.43841199727,222.293110487,6.44190339629,4.59053668997,0,0,0,14.7499460916,2.73325668873,6.72579678073,6.57156410136,0.786963266358,0,3.80316681232,1.078827139,34.4866980582,2.7596777308,0,20.1764256896,1.92923576489,3.37575655502,4.79809864784,0.692710852091,175.648983765,10.151708024,0.740932142914,1.7090707216,2.49195080451,1.47620514147,2.32061097243,1.71245037313,2.12485379079,1.91216942056,0.386275399314,1.07653027649,2.9684170242,1.34580248489,0.724859340434,0.478163226478,1.39096070268,1.14802330331,1.08046609229,5.26470237249
refine__sobol__0001387__pro_sup__m5@@biceps@@0.00,23.30069038,95.97368253,56.78712474,29.38006971,51.62021019,14.28208941,-8.82218351,Biceps,BIClong;BICshort,0,1,usable,Converged with independently replayed constrained generalized-force equilibrium and small reserve torques,317.689054,1.11286911319,5.56073658231e-08,1.54898316396e-12,6.32118734588e-05,21,1,0.0523380279159,0.999999423372,0.270410425845,0.0100005822178,0.129285167635,0.010000264459,0.0100035626891,0.0100009345359,0.0100010375057,0.0100001451064,0.010000140048,0.0100006602573,0.0100004752014,0.0100004763177,0.0100003792565,0.0100018917003,0.0690655346196,0.0632227532953,0.0100452378391,0.0100452378391,0.000673951483176,0.000673951483176,0.0100060471236,0.0100088586122,0.0100285874153,0.0358544320902,0.0541741990126,0.0100031103895,0.0100052872127,0.0100083501036,0.0126774890677,0.012857099227,0.0100161734301,0.0100087225159,0.0100070398962,0.0100101828845,0.0100103311639,0.0100123953703,0.010010258747,0.0100099235383,0.0112145635027,0.041234160424,0.033219729405,0.0154525462205,0.0211562911865,0.0120132959537,0.0100801492355,0.0100268597048,0.0100097205042,0.0100131140068,63.7424716037,407.898883038,54.4538079517,4.66142486816,127.297299043,11.5395406644,2.43014969312,1.43799527819,4.30942739816,6.45274825194,4.66003584847,2.62679218656,2.85514884383,1.81520553526,1.89855629671,3.30840079549,44.0184742771,36.8849999518,0,0,0,0,11.780633922,2.57957165722,3.10212284848,8.59098931701,10.4444569946,3.93600008903,4.60224622159,0.965389988652,7.06360155992,3.21373125026,0.754164132288,1.71335929875,2.58971264246,1.62364359175,2.37031720726,1.73105227318,2.0819989304,1.97478873753,0.380116233515,4.50270866418,3.13022496371,0.754078991708,1.51920088198,0.537735003409,0.63559354241,0.434693343385,1.58564781904,1.11198318721
refine__sobol__0001369__flexion__p2@@brachialis@@0.00,54.23819038,98.00493253,-15.86912526,47.66131971,-5.87978981,3.89146441,-8.69718351,Brachialis,BRA,0,1,usable,Converged with independently replayed constrained generalized-force equilibrium and small reserve torques,386.508283,3.3465970326,1.26740928863e-08,3.54560825144e-12,0.000165824154132,17,1,0.474239072102,0.0100005427089,0.0100003512959,0.0100001048336,0.959060758133,0.0100000701914,0.999998231349,0.0100004938803,0.0100011583024,0.0100001515832,0.0100002022313,0.0100002699563,0.010000196029,0.0100002491547,0.591005088791,0.0100004445303,0.362749182439,0.35363488733,0.010208792807,0.0100017868375,0.526979815923,0.0100016705635,0.000910529990364,0.0100035475821,0.0266342477123,0.0486630045557,0.0101871706401,0.0100069505577,0.0100031155891,0.0100150055267,0.496784932219,0.242649392001,0.0100191912161,0.0100120324015,0.0153660967724,0.0180609495114,0.0100305666146,0.0100479671029,0.0102582273488,0.0175073127409,0.0140046212996,0.0614929457644,0.0100823013427,0.0332506249687,0.0134527727889,0.0151892755772,0.0101231156398,0.0102269472303,0.0100183143751,0.0101675412254,552.488719141,6.16705731003,2.01386020398,4.68073292471,974.724766305,13.0046135466,257.777014258,1.41488882503,4.35941682538,6.56927440428,4.81489839344,2.71746055281,2.97823180929,1.87453326632,122.934690751,2.06911690465,240.852881121,228.901706,0.211617168356,3.75916365169,276.693418599,1.38287254934,0,2.76024148319,8.98372257998,12.2856234758,1.96138092917,4.08176890138,4.60287191793,1.01125968986,263.360016705,69.0628182625,0.747144865844,1.70866209378,3.97616884741,2.90780331465,2.37439803865,1.73714687536,2.15501955462,3.45123901584,0.420927717068,6.70905948622,0,1.62260572656,0.889515649562,0.683376780925,0.751802333694,0.469946867469,1.74137502346,1.18572369794
refine__sobol__0000463__elbow_flexion__p2@@posterior_deltoid@@0.00,-42.35360649,88.16606534,77.66114818,14.43182752,74.51083519,-8.80628949,-44.15421476,Posterior deltoid,DELT3,0,1,usable,Converged with independently replayed constrained generalized-force equilibrium and small reserve torques,612.437573,2.13343037839,2.51637853665e-07,2.08873990496e-12,7.14204182083e-05,23,0,0.0100016592679,0.366077843145,0.000673820549544,0.696663267247,0.0100003586099,0.0100000763331,0.0100452382396,0.0100007531518,0.742462051047,0.0100001212369,0.010000159949,0.010000494183,0.0100006746605,0.0100003734456,0.0100008742809,0.104413827417,0.219923820465,0.175326036993,0.0100452382396,0.0100452382396,0.230912632812,0.0100452382396,0.0100019888695,0.010003642476,0.0100452382396,0.630938555742,0.0100004689433,0.313701092801,0.010000317618,0.0100143597973,0.402606567117,0.0959386242337,0.010004972218,0.0100023992292,0.167733351769,0.179846753956,0.0100023705714,0.0100072538816,0.0898770610803,0.264475823724,0.0100051072798,0.0100014630377,0.0100206224257,0.0268434249102,0.0100030293906,0.0537129809326,0.0100030183086,0.0484016034768,0.010004599699,0.0649047797018,2.13688702391,255.84176535,0,127.88442935,1.63697430524,12.1246318679,0,1.3520327035,289.336754188,5.92179999834,4.97254513287,2.32963559655,0.569409090837,1.78012597192,1.15837787265,67.0035511902,123.625983413,78.5699732319,0,0,12.9606764935,0,11.7440104104,2.38285308283,0,155.672276952,1.90721806935,88.9084586133,3.20539611724,0.528352746071,224.324133385,18.9961143334,0.503928632303,1.44871119484,42.0315020424,27.2622839294,2.19924463567,1.67535325423,19.0876469793,51.5376632654,0.38187583417,1.06518597724,0.920676383441,1.2291127411,0.724132367928,2.52650367434,0.774734666258,2.22615111766,1.0585387846,7.46236814102
refine__sobol__0001369__shoulder_elv__m5@@infraspinatus@@0.00,54.23819038,93.00493253,-15.86912526,47.66131971,-5.87978981,3.89146441,-10.69718351,Infraspinatus,INFSP,0,0,reserve_too_high,The posture requires more reserve torque than the quality limit permits,316.155598,466.982798851,1.73974115114e-08,2.0768070339e-06,0.259103690356,22,2,,,,,,,,,,,,,,,,,,,,,,,,,,,,,,,,,,,,,,,,,,,,,,,,,,,,,,,,,,,,,,,,,,,,,,,,,,,,,,,,,,,,,,,,,,,,,,,,,,,,
refine__sobol__0002303__shoulder_rot__m5@@middle_deltoid@@0.00,-51.09872368,96.64018644,-36.57957448,101.96551893,-71.62197731,15.62364215,40.07430087,Middle deltoid,DELT2,0,0,solver_failed,The static optimization solver did not converge,1044.131567,,2.13220499035e-08,,,0,0,,,,,,,,,,,,,,,,,,,,,,,,,,,,,,,,,,,,,,,,,,,,,,,,,,,,,,,,,,,,,,,,,,,,,,,,,,,,,,,,,,,,,,,,,,,,,,,,,,,,
refine__sobol__0004077__shoulder_rot__p5@@latissimus_dorsi@@0.00,90.14151069,110.66850675,-33.97703542,118.91376112,35.64364769,18.44346637,45.17195712,Latissimus dorsi,LAT1;LAT2;LAT3,0,1,usable,Converged with independently replayed constrained generalized-force equilibrium and small reserve torques,375.143719,0.550173401144,6.54375789111e-08,8.81072992343e-13,0.000118895935997,20,0,0.284754163476,0.387615818525,0.0100029389312,0.0100005730728,0.174185671928,0.0100000992641,0.510189949758,0.0100006995623,0.0100001789112,0.0100000685227,0.0100000898225,0.000674295424288,0.000674295424288,0.000674295424288,0.0100003597784,0.0100452386597,0.0747083558353,0.0746437239689,0.0189538979138,0.0100452386597,0.0100002098402,0.0100002438397,0.0100036418303,0.0100126271814,0.0100017985007,0.0100083791853,0.0755902065426,0.010005374966,0.0100452386597,0.0100452379364,0.0560430578338,0.0488388024408,0.0100452386597,0.0100234935944,0.0100054680624,0.0100070074059,0.0100273040503,0.0100193322188,0.0100123414855,0.0100063783143,0.0128385400501,0.0311922012885,0.0230796072151,0.0100821558583,0.0206968438507,0.0100327872677,0.0100132057977,0.0100062900087,0.0100019550721,0.0100022684083,221.617984806,372.257909185,1.71311265941,3.8043212479,181.489287157,11.4941119624,125.531864193,1.25396730438,4.41060177335,6.559236876,4.94534062104,0,0,0,2.07334275246,0,53.5947224831,53.5017372906,5.36773333304,0,4.91117869415,3.16669081612,8.93908224304,0.386027437225,3.04636403907,1.37280739493,12.1916896753,1.49978815846,0,2.16294582025e-06,20.1347162485,12.808265915,0,0.519308286394,2.4245115172,1.5736683783,2.26073175395,1.64597285785,1.93996148586,1.89565066757,0.273360949815,2.26057409457,1.40934639834,0.352614363207,0.91225085842,0.217869439901,0.386665104988,0.422898367671,2.01001225809,1.16709631023
refine__sobol__0000673__shoulder_elv__p5@@posterior_deltoid@@0.00,31.65029976,102.68754972,55.54200755,18.3986244,74.97958519,13.78648395,40.80672274,Posterior deltoid,DELT3,0,0,solver_failed,The static optimization solver did not converge,1424.3984,,3.10837720008e-08,,,0,0,,,,,,,,,,,,,,,,,,,,,,,,,,,,,,,,,,,,,,,,,,,,,,,,,,,,,,,,,,,,,,,,,,,,,,,,,,,,,,,,,,,,,,,,,,,,,,,,,,,,
refine__sobol__0002303__flexion__m2@@infraspinatus@@0.00,-51.09872368,96.64018644,-31.57957448,101.96551893,-71.62197731,15.62364215,38.07430087,Infraspinatus,INFSP,0,1,usable,Converged with independently replayed constrained generalized-force equilibrium and small reserve torques,344.018131,2.10825321499,6.03503593766e-08,2.08189021578e-12,0.000251525335979,31,1,0.800144643631,0.999999509658,0.0100005141259,0.0100000737645,0.00067394385651,0.0100000875211,0.0100005831719,0.0100008095627,0.0100000597616,0.0100000327954,0.0100000448836,0.255358398367,0.0100002632882,0.0100002082229,0.0100001781767,0.558429241163,0.0100047055859,0.0100047776217,0.0100157641782,0.232118510616,0.010000050954,0.0100001942817,0.155968083711,0.0100012328736,0.0100018945947,0.0182145985473,0.0678331708022,0.0100009826424,0.0100452378386,0.0100040193542,0.0100012934976,0.0100058002678,0.0100249845092,0.0100031739689,0.0100018188968,0.0100027281649,0.0100032386401,0.010003850365,0.0100029778135,0.0100027235527,0.0125265400913,0.041965713668,0.0306639490058,0.0121982128203,0.0294164313117,0.0101626667104,0.0100219963778,0.010008122899,0.0100022728492,0.0100028490263,331.664277824,270.541452171,1.32780759309,4.98970435265,0,12.4057283419,2.69392778475,1.3778092224,4.0574648766,5.45720160124,4.93559396089,63.4644447154,2.619147928,1.79718286359,2.00404027321,225.671672317,7.16647470054,7.04620246351,2.74163036009,79.0479380112,5.24806998671,2.35941342093,165.82909057,2.50885166836,3.32326225838,3.4112823466,11.0423105545,3.64279275302,0,0.658146984682,5.53458312387,2.37947200399,0.0898986868822,1.40139756316,2.5337410857,1.62460824413,2.32676525615,1.69561467071,2.00990532959,1.96138902336,0.257223541622,3.0218733294,1.92713586508,0.439979923678,1.40896202146,0.259432276235,0.517793388967,0.43831515885,2.01040163549,1.16723344586
refine__sobol__0000463__shoulder_elv__p5@@brachioradialis@@0.00,-42.35360649,93.16606534,77.66114818,12.43182752,74.51083519,-8.80628949,-44.15421476,Brachioradialis,BRD,0,1,usable,Converged with independently replayed constrained generalized-force equilibrium and small reserve torques,387.81802,2.70409985549,2.20974966325e-07,2.23110419029e-12,9.04022082158e-05,24,1,0.010001159266,0.778512471638,0.010000883342,0.999998147542,0.0100003299058,0.0100000542704,0.0100452383239,0.0100004529587,0.010000585073,0.0100000760715,0.0100001014819,0.0100002939304,0.0100001856909,0.0100002318514,0.0100005071457,0.0691404506739,0.267668947554,0.210752830528,0.0100452383239,0.0100452383239,0.378466457359,0.0100452383239,0.0100016056117,0.000673883370219,0.0100452383239,0.627023118681,0.0100004583442,0.307231804024,0.0100003158858,0.0100148333903,0.416351709521,0.102633641497,0.0100049541402,0.0100023709324,0.174674718026,0.185887317622,0.0100023641995,0.0100073981741,0.0947400882206,0.272979108175,0.0100050194326,0.0100014433142,0.0100206767441,0.0273666928893,0.0100029713563,0.0533726666178,0.0100029505573,0.0497935120376,0.0100046710832,0.0686078169696,2.56358206254,476.06526496,1.80376711908,185.274852656,1.14411060189,12.1254922921,0,1.36954964411,4.35802949067,5.63174249557,4.97169594229,2.41888725525,2.64788833478,1.7959561628,1.16699110595,43.106877355,145.901760347,90.4502311705,0,0,21.7350964954,0,11.7289441389,0,0,154.927323155,1.9121573562,85.9349008615,3.13070658428,0.523899056552,231.982601409,20.3217463707,0.499755865349,1.44062143693,43.770905965,28.1779499525,2.1992432344,1.67537741071,20.1204327,53.1946744995,0.38376936102,1.06300886046,0.919325879774,1.25122703865,0.72416799294,2.51049627057,0.774729418757,2.29016963308,1.05854633691,7.88812149007
refine__sobol__0000603__shoulder_elv__p5@@posterior_deltoid@@0.00,9.85342476,118.42973722,-41.13767995,109.2970619,6.85458519,23.7669527,39.40047274,Posterior deltoid,DELT3,0,0,solver_failed,The static optimization solver did not converge,899.387816,,2.30245841948e-07,,,0,0,,,,,,,,,,,,,,,,,,,,,,,,,,,,,,,,,,,,,,,,,,,,,,,,,,,,,,,,,,,,,,,,,,,,,,,,,,,,,,,,,,,,,,,,,,,,,,,,,,,,
refine__sobol__0000625__deviation__p5@@triceps@@0.00,52.04092476,70.77348722,-38.79392995,54.4533119,79.35458519,14.0013277,-41.22452726,Triceps,TRIlong;TRIlat;TRImed,0,1,usable,Converged with independently replayed constrained generalized-force equilibrium and small reserve torques,352.619285,2.26268310131,3.11125347707e-08,4.37558985232e-13,8.96358709001e-05,24,1,0.377417394792,0.288098893504,0.01000028785,0.0100001390988,0.999998895789,0.0100000674514,0.788133378861,0.0100003432272,0.527642953581,0.0100001977154,0.0100001666748,0.0100001989413,0.0100001536888,0.0100001875183,0.0769525170789,0.000673835391714,0.000673835391714,0.000673835391714,0.0283494875401,0.0100452379455,0.0100007055005,0.010000965391,0.0100008414561,0.0100005032913,0.0100117634592,0.0535478295943,0.0100016862531,0.0100010904434,0.010000543923,0.010003990221,0.32754424979,0.0843322932668,0.0100034393538,0.0100016648376,0.0100038901516,0.0100089694129,0.0100031916169,0.0100045542459,0.0100047679866,0.0100130200861,0.0101104814627,0.021469913076,0.0482357561988,0.0387553508374,0.0100121643632,0.0101059979077,0.0233866109939,0.0335037123842,0.010092265656,0.0675136729456,459.646512319,278.743527735,2.01418732027,4.8438667712,986.56087077,13.0247569386,192.337647257,1.43840930205,232.801338537,6.44189616065,4.59053237324,2.67898248964,2.88935120969,1.82460803584,15.590312292,0,0,0,2.22231685526,0,3.80175317439,1.07876939002,11.7186956118,2.75940166217,3.37667347858,13.4978477954,1.92623758,3.32727396638,4.79659159905,0.682273896565,173.929776172,15.9718541359,0.745250744064,1.70985622898,2.48836573817,1.46950220517,2.33080479426,1.71533965279,2.12450370572,1.90523853687,0.393162497142,2.27314767567,4.52445129348,1.84830579381,0.72487617829,0.476909541635,1.78734607326,1.41900203707,1.05440552538,6.80303941639
refine__sobol__0001711__elbow_flexion__m2@@middle_deltoid@@0.00,-47.18759087,105.74907316,38.18360911,67.37030409,-34.16103981,17.0506441,27.62312899,Middle deltoid,DELT2,0,0,reserve_too_high,The posture requires more reserve torque than the quality limit permits,308.98465,789.782643095,3.75008823994e-08,1.65838497068e-06,0.414589290349,21,2,,,,,,,,,,,,,,,,,,,,,,,,,,,,,,,,,,,,,,,,,,,,,,,,,,,,,,,,,,,,,,,,,,,,,,,,,,,,,,,,,,,,,,,,,,,,,,,,,,,,
refine__sobol__0002761__shoulder_rot__p5@@teres_minor@@0.00,69.66299507,114.79448331,81.3794099,89.90497205,32.59677269,20.57969684,-39.26163663,Teres minor,TMIN,0,1,usable,Converged with independently replayed constrained generalized-force equilibrium and small reserve torques,307.365682,4.89883278495,6.70383215606e-08,9.94759830064e-13,0.000356489051108,20,2,0.0144497711162,0.998901607245,0.999997415692,0.0100006304551,0.0100000522772,0.0100001315581,0.000673886925097,0.0100003215946,0.0100000795134,0.0100000234487,0.0100000342542,0.0100001787639,0.0100001442985,0.0100001654077,0.0100002333992,0.010045238306,0.87770556253,0.859575218312,0.178000434902,0.010045238306,0.721698270129,0.0100001086814,0.0100002769915,0.0100002735842,0.010045238306,0.0364912214015,0.0100034586943,0.0100007563193,0.0100006177,0.0100022257342,0.749830028398,0.502429782582,0.0100031508365,0.0100017280851,0.0162746481302,0.0290969583918,0.0100139429043,0.0100208054887,0.0136618838349,0.0417762697188,0.0270959930058,0.0787877438231,0.0831156068267,0.0465218176562,0.0100370779223,0.0134223797455,0.010035885452,0.0137715546255,0.0100159199912,0.0211558699853,11.0644517089,452.989494724,188.454292944,1.760522063,9.94472758472,11.3799952768,0,1.42624261621,3.97899470984,6.33784772208,4.62559274231,2.71484876508,3.01330127967,1.87912839856,2.07978892717,0,620.704173549,595.325591795,46.7390965784,0,364.734594607,2.60501263501,10.9751087624,2.49827977504,0,9.18776387996,1.89961054589,4.0792859176,4.30085301365,1.00711834969,386.314052826,132.710259727,0.71150290985,1.67225004695,4.05784472563,4.22387510816,2.35311755359,1.72501562487,2.90086471839,7.83153145501,1.06536691832,8.27033683235,7.77842056979,2.21900393901,0.726679838093,0.632677140737,0.764163888019,0.541561430953,0.993385097103,1.98308483704
refine__sobol__0000463__elv_angle__p5@@coracobrachialis@@0.00,-37.35360649,88.16606534,77.66114818,12.43182752,74.51083519,-8.80628949,-44.15421476,Coracobrachialis,CORB,0,1,usable,Converged with independently replayed constrained generalized-force equilibrium and small reserve torques,426.679224,2.85164772173,2.36445384161e-07,7.53175299906e-13,0.000191563184093,24,0,0.0100054629701,0.392585879977,0.0100003990932,0.848440426386,0.0100001715532,0.0100000334364,0.0100452378775,0.0100003555918,0.895564544324,0.0100000686798,0.010000101357,0.0100002420838,0.0100001748958,0.0100002226392,0.00067381374922,0.0100001717331,0.30930189346,0.243532915341,0.0100452378775,0.0100452378775,0.444731577277,0.0100452378775,0.0100013948672,0.0100030164759,0.0100452378775,0.625626129138,0.010000457335,0.300382715872,0.0100003125429,0.0100143859005,0.407523258154,0.104094435342,0.0100048884892,0.0100023262275,0.175422042391,0.186868655657,0.0100023501699,0.0100073509463,0.0951936639248,0.274561583084,0.0100050415961,0.0100014480572,0.0100226577442,0.0284396771986,0.0100029835381,0.0536479247064,0.0100029335596,0.0500817358987,0.0100046502045,0.0690350821677,2.57971364684,267.03945652,1.72226031586,155.18557556,2.11180821746,12.0662403914,0,1.35588058999,346.505048223,6.01841626544,4.97235377072,2.34545371377,2.46047168545,1.778122951,0,6.27459904917,168.59516631,104.518683954,0,0,20.4204106431,0,11.7286969974,2.36872520426,0,154.582149521,1.91215716337,84.0191625848,3.13070553705,0.523875646919,227.063570052,20.610987602,0.49975258582,1.44061499783,43.9581744146,28.3267072408,2.19924014952,1.67536950402,20.2167608711,53.5030469513,0.383770211211,1.0630093645,0.919507622423,1.30028473753,0.72416887484,2.52344361695,0.774728102364,2.3034260094,1.05854412754,7.93724591801
refine__sobol__0003073__elbow_flexion__m2@@pectoralis_major@@0.00,39.69229194,81.85014738,-55.82273854,83.01727674,19.23739769,-6.67860394,5.44539462,Pectoralis major,PECM1;PECM2;PECM3,0,0,reserve_too_high,The posture requires more reserve torque than the quality limit permits,263.44788,1141.64867136,8.04774868968e-08,1.00636632894e-06,0.499999955254,21,6,,,,,,,,,,,,,,,,,,,,,,,,,,,,,,,,,,,,,,,,,,,,,,,,,,,,,,,,,,,,,,,,,,,,,,,,,,,,,,,,,,,,,,,,,,,,,,,,,,,,
refine__sobol__0001369__elbow_flexion__p2@@teres_minor@@0.00,54.23819038,98.00493253,-15.86912526,49.66131971,-5.87978981,3.89146441,-10.69718351,Teres minor,TMIN,0,0,solver_failed,The static optimization solver did not converge,665.134899,,6.21176354798e-09,,,0,0,,,,,,,,,,,,,,,,,,,,,,,,,,,,,,,,,,,,,,,,,,,,,,,,,,,,,,,,,,,,,,,,,,,,,,,,,,,,,,,,,,,,,,,,,,,,,,,,,,,,
refine__sobol__0004077__shoulder_rot__p5@@teres_major@@0.00,90.14151069,110.66850675,-33.97703542,118.91376112,35.64364769,18.44346637,45.17195712,Teres major,TMAJ,0,1,usable,Converged with independently replayed constrained generalized-force equilibrium and small reserve torques,380.241388,0.648390040884,5.40228128898e-08,1.33211550245e-12,0.000130867067797,22,0,0.308156859615,0.409126382186,0.0100026867085,0.0100005212522,0.200768201088,0.0100000890812,0.563312380019,0.000673967390588,0.0100001621375,0.0100000616298,0.0100000810902,0.0100002202573,0.0100001868339,0.0100002802075,0.0100003278397,0.010045238021,0.0747091017751,0.074644097744,0.0189491866769,0.010045238021,0.0100001920459,0.0100002238768,0.0100036418267,0.0100126271438,0.0100017985382,0.0100083794646,0.0755903487737,0.0100053748967,0.010045238021,0.0100452372978,0.056043059567,0.0488388818529,0.010045238021,0.0100234927877,0.0100054679311,0.0100070072768,0.0100273001285,0.0100193309805,0.0100123409092,0.0100063782092,0.0128346806544,0.0311921759865,0.0230795150696,0.0100821605731,0.0206984877199,0.0100327876057,0.0100132059482,0.0100062900728,0.0100019550808,0.0100022684222,239.831795187,392.916192633,1.71306946342,3.80430153426,209.186423295,11.4941002582,138.602599328,0,4.41059437532,6.55923235467,4.94533630281,2.75603457792,2.97542851838,1.88070741523,2.07333613074,0,53.5952576098,53.5020051975,5.3663991134,0,4.91116995605,3.1666844946,8.93908224878,0.38602744,3.04636405109,1.37280743442,12.1917126214,1.49978815526,0,2.16294748466e-06,20.1347169018,12.8082867417,0,0.519308247089,2.42451148574,1.5736683582,2.26073086996,1.64597265459,1.93996137443,1.8956506479,0.27327877492,2.26057226262,1.40934077241,0.352614528286,0.912323315443,0.217869447482,0.386665110863,0.422898370204,2.01001225986,1.16709631184
refine__sobol__0002303__shoulder_rot__m2@@triceps@@0.00,-51.09872368,96.64018644,-33.57957448,101.96551893,-71.62197731,15.62364215,40.07430087,Triceps,TRIlong;TRIlat;TRImed,0,0,solver_failed,The static optimization solver did not converge,1162.795807,,4.62749056851e-08,,,0,0,,,,,,,,,,,,,,,,,,,,,,,,,,,,,,,,,,,,,,,,,,,,,,,,,,,,,,,,,,,,,,,,,,,,,,,,,,,,,,,,,,,,,,,,,,,,,,,,,,,,
refine__sobol__0001369__shoulder_rot__m5@@subscapularis@@0.00,54.23819038,98.00493253,-20.86912526,47.66131971,-5.87978981,3.89146441,-10.69718351,Subscapularis,SUBSC,0,1,usable,Converged with independently replayed constrained generalized-force equilibrium and small reserve torques,425.898189,0.273904031738,7.51800266485e-09,1.37943971104e-12,9.41656089562e-06,6,0,0.199136429184,0.344122415754,0.0221149990972,0.0580429879364,0.293574376309,0.00121470550952,0.0394218701548,0.0100161602305,0.0100097962069,0.0100023744142,0.0100027943786,0.0100101211338,0.0100082528384,0.0100089054395,0.010008692874,0.0100179087244,0.0302361879668,0.0294812920458,0.0101533431005,0.0100194935545,0.0865199906673,0.0100104185187,0.0100358689219,0.0100640244133,0.0345104854415,0.0373141692008,0.0185205329262,0.0100186613376,0.0100161767773,0.0100407590952,0.0810291323347,0.0353596796681,0.0100664275513,0.0100410947661,0.0100381801962,0.0100558316549,0.0100425098495,0.0100530642622,0.0100493088744,0.0100537968636,0.010333075061,0.0261197248352,0.0101456240699,0.012769495795,0.0110163256035,0.0106544038711,0.0102658297118,0.0101258578768,0.0100411197457,0.0100727580074,230.193499,217.910312326,4.45387053991,27.3765637755,296.273995739,0,10.0672039173,1.41066839107,4.38338697564,6.57170927777,4.83162111219,2.7237762493,2.98525484464,1.87749014103,2.08191713777,2.05637421445,20.0757805627,19.0827270899,0.210467756305,3.76581870724,45.4271649764,1.35390790841,11.8080028197,2.77692862912,11.6403867394,9.4212838175,3.56795194563,4.08624973966,4.629879119,1.01306803296,42.9558794181,10.0640644949,0.753356500686,1.71604519003,2.59708762919,1.61286758929,2.37661447121,1.73792170655,2.1151120887,1.98089202556,0.315944816842,2.8513867646,0,0.623147213851,0.73674886061,0.486140756286,0.770603621481,0.465226399218,1.70865913122,1.17424502723
refine__sobol__0002303__shoulder_rot__p5@@middle_deltoid@@0.00,-51.09872368,96.64018644,-26.57957448,101.96551893,-71.62197731,15.62364215,40.07430087,Middle deltoid,DELT2,0,0,solver_failed,The static optimization solver did not converge,605.489986,,7.81248559178e-08,,,0,0,,,,,,,,,,,,,,,,,,,,,,,,,,,,,,,,,,,,,,,,,,,,,,,,,,,,,,,,,,,,,,,,,,,,,,,,,,,,,,,,,,,,,,,,,,,,,,,,,,,,
refine__sobol__0000603__flexion__p5@@middle_deltoid@@0.00,9.85342476,113.42973722,-41.13767995,109.2970619,6.85458519,23.7669527,44.40047274,Middle deltoid,DELT2,0,0,capacity_limited,At least one muscle reached the conservative capacity threshold while nontrivial reserve torque was still required,306.972831,7.6893832936,2.40033614318e-07,1.11561358906e-06,0.016018143127,29,5,,,,,,,,,,,,,,,,,,,,,,,,,,,,,,,,,,,,,,,,,,,,,,,,,,,,,,,,,,,,,,,,,,,,,,,,,,,,,,,,,,,,,,,,,,,,,,,,,,,,
refine__sobol__0001262__deviation__p5@@brachioradialis@@0.00,44.74600288,60.17290128,-58.93553151,17.95428846,-63.69228981,17.84654254,-53.58780851,Brachioradialis,BRD,0,1,usable,Converged with independently replayed constrained generalized-force equilibrium and small reserve torques,406.285086,3.71176582108,3.21767963385e-08,2.35309465821e-12,0.000314895924137,12,2,0.020227980497,0.68776841845,0.0100000705179,0.0100000412611,0.319962073808,0.0100000237427,0.999999088798,0.010000104113,0.999999827749,0.0100002600465,0.0100000999438,0.010000057982,0.0100000443502,0.0100000570874,0.966364639935,0.0100000303711,0.0274903491407,0.0224706011033,0.0100452377784,0.0100010692497,0.258876005484,0.010001165519,0.0100125295426,0.000673965880164,0.0100452377784,0.131702220845,0.0100181620483,0.130346106134,0.0100184510069,0.0193672586439,0.255078106734,0.135937949583,0.0239471602856,0.0717355182236,0.0544093866193,0.0320343281797,0.0105789818531,0.0142963995904,0.0309015980673,0.025621343342,0.0100585272555,0.0102499646601,0.020874430505,0.0170086811404,0.0100469385968,0.0101950484676,0.0115831147401,0.0119872995588,0.0100228468213,0.0155933358862,19.3304655047,684.564172878,2.00250408503,4.7739143397,293.023027201,12.0250036999,208.048731418,1.43858266407,443.873432001,6.48467949464,4.58401126728,2.66501475125,2.85229526508,1.80501166958,195.787381605,4.86432619924,16.2095117536,10.822965198,0,3.47110757365,116.616950685,1.47842282641,11.7732384796,0,0,32.2774208195,1.81445461004,22.225346596,4.61488135691,0.467199321533,51.3172609776,33.3885554875,1.18859805971,9.7359009584,10.9015990024,3.70462297055,2.22215087396,2.23312358168,6.54932527961,4.01489734787,0.391291046099,0.97564583981,1.82653221332,0.761447811009,0.70028025326,0.467091842221,1.01729355456,0.481799480662,0.796104037089,1.44195085737
refine__sobol__0004077__pro_sup__m5@@supraspinatus@@0.00,90.14151069,110.66850675,-38.97703542,118.91376112,30.64364769,18.44346637,45.17195712,Supraspinatus,SUPSP,0,1,usable,Converged with independently replayed constrained generalized-force equilibrium and small reserve torques,453.673785,0.967141381155,3.37015464424e-08,8.60684830828e-13,0.000244520796776,22,0,0.283425862571,0.409049547013,0.010001449303,0.000674037137894,0.10945491124,0.0100000476654,0.824910347705,0.0100003718255,0.0100000899059,0.010000032822,0.01000004436,0.010000115761,0.0100001007634,0.010000162258,0.0100001946108,0.0100452374395,0.0715132036459,0.0714509178175,0.0181459773533,0.0100452374395,0.0100001110359,0.0100001437668,0.0100037913942,0.0100147459787,0.0100016605383,0.0100066803229,0.0785633616248,0.0100063121839,0.0100452374395,0.0100452374395,0.0532011894369,0.0451672829598,0.0100452374395,0.0100342731775,0.0100070604942,0.0100084334957,0.0123665956008,0.0100467876491,0.0100214167512,0.0100074858024,0.0125519508474,0.0270327931309,0.0198806275955,0.0100539290837,0.0203758478433,0.0100280968906,0.0100118422305,0.010005812414,0.0100018533083,0.0100021099033,225.559158357,395.746737883,1.71242356949,0,113.708706455,11.1366558225,201.77316379,1.24907257588,4.41969593035,6.55302895508,4.95179767322,2.75792356757,2.99926295927,1.88069286142,2.07451972287,0,51.3025652944,51.2132572029,5.13893068028,0,4.90729163112,3.16757865697,8.93921589846,0.35416841027,3.04243852183,1.38657208737,12.7549390182,1.47807736972,0,0,20.6398374469,11.9843619083,0,0.510736277716,2.42690476281,1.57532897327,2.78958395906,1.65133116063,1.94332468093,1.89770289822,0.267284136618,1.96034263468,1.21629041716,0.35210600684,0.900880099454,0.218073569014,0.391264880647,0.422878182769,2.00999180746,1.16707781536
refine__sobol__0001262__shoulder_rot__p5@@teres_major@@0.00,44.74600288,60.17290128,-53.93553151,17.95428846,-63.69228981,12.84654254,-53.58780851,Teres major,TMAJ,0,1,usable,Converged with independently replayed constrained generalized-force equilibrium and small reserve torques,359.632659,1.42895675468,5.59486892371e-08,3.45144027009e-13,6.07820338978e-05,14,0,0.31233374263,0.307495557791,0.0100004148465,0.0100002630115,0.826721943517,0.0100001308218,0.440757568721,0.000674008689388,0.502074844569,0.0100005546752,0.0100003582246,0.0100003077754,0.0100002472972,0.0100003073639,0.123579284843,0.0100001839884,0.0100058997976,0.0100070196876,0.0100452377746,0.0100018583658,0.158906502516,0.0100023753889,0.0639218492128,0.0837102799675,0.0100452377746,0.0896972722336,0.010009154926,0.0965585232737,0.0100106241164,0.0140959674323,0.155805646575,0.0769880029534,0.0141572913102,0.0442348453106,0.0344761977913,0.021963807292,0.0100422737437,0.0100921919728,0.0174769115388,0.0193209637407,0.0100333759381,0.0100241477616,0.0100840085574,0.0102900071307,0.0100238462247,0.0100650261806,0.010095097291,0.0109936625638,0.010032468811,0.0166809307145,321.819250035,305.295908242,2.0042964691,4.77198787075,779.185644045,12.4258737427,98.6922506067,0,222.832353792,6.46499921139,4.57056908836,2.66130039572,2.84630272366,1.80253381431,25.0097804585,4.91312046594,5.89991598564,4.81988110983,0,3.47138145506,71.2418020518,1.50635867368,75.1625422556,20.3620435042,0,21.9024579891,1.84777176849,17.203898759,4.33411656508,0.363019993926,31.345375452,18.9094966959,0.675177206448,5.90139687317,6.92992752526,2.56514761904,2.07189570771,1.55726326055,3.70203807911,3.05223724809,0.393637552458,0.97686829687,0.886522870324,0.460171397817,0.706511780986,0.463002623945,0.888653108914,0.466032126406,0.847345554587,1.6298587518
refine__sobol__0001262__deviation__m5@@pectoralis_major@@0.00,44.74600288,60.17290128,-58.93553151,17.95428846,-63.69228981,7.84654254,-53.58780851,Pectoralis major,PECM1;PECM2;PECM3,0,0,solver_failed,The static optimization solver did not converge,1059.818233,,2.21725784399e-08,,,0,0,,,,,,,,,,,,,,,,,,,,,,,,,,,,,,,,,,,,,,,,,,,,,,,,,,,,,,,,,,,,,,,,,,,,,,,,,,,,,,,,,,,,,,,,,,,,,,,,,,,,
refine__sobol__0000447__flexion__m2@@pectoralis_major@@0.00,-52.19735649,125.74419034,83.52052318,119.07245252,-41.73916481,5.13902301,35.40828524,Pectoralis major,PECM1;PECM2;PECM3,0,1,usable,Converged with independently replayed constrained generalized-force equilibrium and small reserve torques,472.410438,0.333006109169,2.40790427597e-08,1.172395514e-12,0.000235383922714,19,0,0.250497220736,0.0100003252482,0.0100002575927,0.0100001928857,0.010000030368,0.0100001419821,0.0100002700685,0.0100013112908,0.000673921644137,0.000673921644137,0.000673921644137,0.0100009445116,0.0771321164598,0.33517430272,0.010000978257,0.0100080850116,0.166516644962,0.166379315279,0.0422010832775,0.0100032586668,0.243599198413,0.0100014157534,0.0100017104894,0.0100199944449,0.0100024248781,0.0100063463211,0.104463653113,0.0100094247324,0.010045237973,0.0100366523512,0.127182783966,0.0573013994172,0.010045237973,0.0106769348183,0.0100196512446,0.010016401241,0.0256155505863,0.012044779323,0.0100714862047,0.0100115292131,0.0101933089582,0.0199735040558,0.011220179718,0.0100369066442,0.0164828705793,0.0100289480224,0.0100118423406,0.0100079782357,0.0100034142632,0.0100032281607,188.254296269,1.95153093074,1.6872251639,3.53261647517,10.7204444579,12.3694438902,2.32783888595,1.43844489051,0,0,0,2.64920263805,23.1222334681,63.0209536874,1.57751879175,0.0560599363609,119.456637277,119.25964371,11.951300873,3.63418718622,104.433374776,2.38143296133,8.90629287204,1.00976661783,3.02539373336,1.89934592562,15.8234569123,2.46924178312,0,0.154657427467,68.4988269042,15.5753222448,0,1.04605468386,2.50878356171,1.61856358302,5.94423246372,2.03376680634,2.01148645994,1.94430045598,0.204061139375,1.46444944972,0.715406408163,0.384304073445,0.742621805123,0.277637358464,0.585924783476,0.460319656685,1.99727796784,1.15923463958
refine__sobol__0002303__elbow_flexion__p5@@biceps@@0.00,-51.09872368,96.64018644,-31.57957448,106.96551893,-71.62197731,15.62364215,40.07430087,Biceps,BIClong;BICshort,0,1,usable,Converged with independently replayed constrained generalized-force equilibrium and small reserve torques,331.825029,1.96182722105,2.09779109639e-08,1.6425760085e-12,0.000235315159119,30,1,0.720404845497,0.999999410019,0.0100005710647,0.0100000820135,0.0100000491779,0.0100000917618,0.010000646973,0.0100008837926,0.0100000652818,0.0100000362578,0.0100000492928,0.234860339785,0.0100002870801,0.0100002265515,0.010000194092,0.537825357641,0.010004455023,0.0100045016961,0.0100147122433,0.242496545027,0.000673967361347,0.000673967361347,0.164211384386,0.0100011842021,0.010001715307,0.0117414321904,0.0701527026439,0.0100009722754,0.0100452379023,0.0100046651364,0.0100012352301,0.0100055907058,0.0100426949147,0.0100033857213,0.0100017720771,0.0100026424137,0.0100032250531,0.0100038104105,0.0100029276748,0.0100026352044,0.0128493279755,0.0411287996073,0.0301189679541,0.0113969928284,0.0298843059141,0.0101155335505,0.0100193733714,0.0100073907819,0.0100020770547,0.010002585543,298.611700433,270.541425684,1.32781515173,4.9897084687,8.37509851312,12.405733603,2.6939449713,1.37781944896,4.05746711671,5.45720349224,4.93559613743,58.3700443937,2.61915415844,1.79718615742,2.00404345265,206.831396629,7.175193859,7.09290657335,2.78837835382,82.5821767,0,0,171.278284928,2.43536597105,3.28127848315,2.13563478411,11.2643031908,3.54567906555,0,0.538740158227,5.56875204411,2.37942216816,0.00652208298351,1.28166310977,2.52416116547,1.62354680261,2.31977884077,1.69049069491,2.00356689897,1.9559358865,0.261257816669,2.90347896179,1.86025377961,0.405152056463,1.40359741148,0.249674912535,0.510053321135,0.438639777115,2.01026653274,1.16723464627
refine__sobol__0000673__pro_sup__m5@@teres_major@@0.00,31.65029976,97.68754972,55.54200755,18.3986244,69.97958519,13.78648395,40.80672274,Teres major,TMAJ,0,1,usable,Converged with independently replayed constrained generalized-force equilibrium and small reserve torques,389.382482,1.06627261723,2.22450466936e-08,2.81363626244e-13,3.4139661578e-05,23,0,0.0468941192927,0.989385006333,0.113972008383,0.0100049836823,0.11475455876,0.0100020433895,0.010007237467,0.00120591966484,0.0100078523865,0.0100009752937,0.010000957899,0.0100042679158,0.0100030804607,0.0100030692388,0.0100021731279,0.0100084395656,0.0819444403826,0.0671756661992,0.0101435003119,0.0101435003119,0.0100035788225,0.0100527038067,0.010016530669,0.0100274307943,0.0267898739289,0.0693261617876,0.0976742645784,0.0100026835837,0.01000448958,0.0100086140009,0.110143255844,0.0323182239422,0.0100143534402,0.0100065283023,0.0100047236182,0.0100072135557,0.0100065883673,0.010008295611,0.0100068284895,0.0100070376498,0.0189525986856,0.0889528284181,0.0671683942898,0.0367104806568,0.0422251990685,0.0203116191663,0.0109391464952,0.0100506720994,0.0100094882588,0.0100151278968,56.9175366177,403.650576856,22.9563837064,4.45594812667,120.134520368,11.5096103413,2.5821717028,0,4.23942873644,6.38186329451,4.61997899965,2.64779554777,2.88645632816,1.82763372116,2.02943785442,3.59683808981,48.5736020903,32.6385663974,0,0,1.87169635817,0.0538673847127,11.77943885,2.42334719873,6.07383751164,9.44720467197,18.5306059547,4.02102841975,3.51480748531,0.953276822765,61.369315593,6.72722088961,0.687336144351,1.61698163654,2.43111016182,1.57436710439,2.26648999655,1.65110128864,1.94458806591,1.89366304175,0.432074975459,7.37525309149,4.62151157474,1.40360761828,2.37134978376,0.479441642594,0.443890122332,0.450017787923,2.01074782318,1.16870416834
refine__sobol__0001262__elbow_flexion__m5@@posterior_deltoid@@0.00,44.74600288,60.17290128,-58.93553151,12.95428846,-63.69228981,12.84654254,-53.58780851,Posterior deltoid,DELT3,0,1,usable,Converged with independently replayed constrained generalized-force equilibrium and small reserve torques,372.45589,3.61453861427,3.06176115572e-08,7.95807864051e-13,0.000303759393454,11,2,0.0170789435611,0.679693633328,0.000673934643418,0.0100000431408,0.311729535219,0.0100000249798,0.999998978864,0.010000108189,0.999999818103,0.0100002674308,0.0100001035371,0.0100000604174,0.0100000463008,0.010000059485,0.928390928973,0.0100000298686,0.0252498046543,0.0199675009379,0.0100452378516,0.0100011097824,0.260747677268,0.0100012919123,0.0100128289812,0.102833320487,0.0100452378516,0.131600350473,0.0102143124892,0.118710685561,0.0167945937361,0.017082931267,0.223452528699,0.130734552744,0.0225135760238,0.0690066034588,0.0511714730138,0.0297428363086,0.0127863420552,0.0155741971566,0.031219377863,0.0235393159865,0.0100929849469,0.0150218545493,0.0256248387553,0.0177615134052,0.0101273397765,0.0105294071196,0.0101229058519,0.0101912601293,0.0100171573407,0.0100918156832,16.3211512581,676.527007354,0,4.77391523692,285.483623058,12.0250051879,208.048708543,1.43858325042,443.87342772,6.48468428325,4.58401291464,2.66501540032,2.85229582152,1.80501210238,188.093832894,5.10266378169,13.8772309262,8.66825364827,0,3.47112164146,113.122643022,1.38856144034,11.7463544271,24.6264060992,0,32.2536077722,1.87703662317,19.7507661011,7.13105271653,0.395777623226,40.8944960838,32.1105172012,1.02285811899,8.95966739413,10.2857803965,3.47365849337,2.63804472001,2.40315732336,6.61302916135,3.71863319125,0.394545865221,1.44753161907,2.24323306601,0.790687633514,0.710934147654,0.484364674032,0.891101046085,0.432017500996,0.846052343003,0.986050142576
refine__sobol__0000603__elbow_flexion__m5@@latissimus_dorsi@@0.00,9.85342476,113.42973722,-41.13767995,104.2970619,6.85458519,23.7669527,39.40047274,Latissimus dorsi,LAT1;LAT2;LAT3,0,1,usable,Converged with independently replayed constrained generalized-force equilibrium and small reserve torques,308.750965,5.19522557124,2.38625805338e-07,3.67350594388e-12,0.000627544018447,25,2,0.0100000455245,0.458492795108,0.999999900211,0.658712097788,0.459807896991,0.223400227859,0.010000131682,0.0100002301133,0.999999536326,0.0100000116897,0.010000009306,0.000673948045525,0.000673948045525,0.000673948045525,0.0100000472003,0.982394163556,0.0419672166632,0.041359010448,0.0104113803286,0.0100452376978,0.0100000145313,0.0100000391975,0.0100053039878,0.0100011548921,0.010000128316,0.0100005403008,0.989382165155,0.0100004733693,0.0100452376978,0.0100024657823,0.0100001612578,0.0100004054353,0.0100452376978,0.178032429933,0.0100008066961,0.0100008802988,0.345642348618,0.148936891108,0.0100136822081,0.0100007993558,0.1230086795,0.19930449149,0.139439607603,0.0100080369456,0.298162866319,0.0100042510656,0.0100012304762,0.0100005536664,0.0100001504696,0.0100001760477,12.137411615,4.18058769046,192.923235765,19.1811231712,452.48452294,286.666247971,2.59218101647,1.42662977232,443.744319289,6.22214342793,4.97023325398,0,0,0,1.27756182705,83.7017295093,30.0859369879,29.2198848639,2.87272401683,0,4.87412224385,2.22534678391,10.5533939473,1.71426887645,3.20975831732,1.6329577068,175.903090863,2.8481218026,0,0.317622723512,5.16299334236,2.79819896266,0,17.161103912,2.48094657531,1.60682342764,79.1208867658,24.8561675334,1.97797277452,1.93541771814,2.81366226661,15.6811492032,9.20332861447,0.369574371322,14.9313340306,0.246625608751,0.40860873125,0.390006746479,2.00723111336,1.14912433964
refine__sobol__0002761__shoulder_rot__p2@@subscapularis@@0.00,69.66299507,114.79448331,78.3794099,89.90497205,32.59677269,20.57969684,-39.26163663,Subscapularis,SUBSC,0,1,usable,Converged with independently replayed constrained generalized-force equilibrium and small reserve torques,332.036006,1.10660362282,5.61246658037e-08,5.03030592971e-13,6.37625824613e-05,17,0,0.127685661309,0.446928686261,0.233535729822,0.0100040993831,0.0100002957544,0.000673997367135,0.866335325525,0.0100013431649,0.0100004140119,0.0100001404352,0.0100001876871,0.0100007848517,0.0100006208984,0.0100007113814,0.0100009101686,0.0100452377472,0.170208461742,0.166692605244,0.0345356034942,0.0100452377472,0.0864669795352,0.0100005249383,0.0100014320843,0.0100015089167,0.0100452377472,0.0484061742052,0.0222850455856,0.0100024668977,0.0100028829829,0.010006733116,0.0747385462729,0.0683575882798,0.0100115692359,0.0100064718621,0.010010680081,0.0100165326573,0.0100151607916,0.0100176070186,0.0100157475302,0.0100165788949,0.0134125404744,0.0401731043241,0.0365600435476,0.016403976775,0.0169855538583,0.0120275348154,0.01008842683,0.0100372689578,0.0100138177099,0.0100209278732,97.8087002488,201.133229217,44.12411102,1.89189176134,9.98557300277,0,232.93413695,1.42473761024,3.99130433618,6.35470309462,4.63812438658,2.71642450488,3.01530293848,1.87939292404,2.07996558855,0,120.36963999,115.448155964,9.06830878286,0,43.5743240194,2.59990048225,10.9763764539,2.49858838708,0,12.1877120531,4.23182710106,4.07998365868,4.30182721871,1.00757219531,38.5054607284,18.0557634301,0.712101692791,1.67304318809,2.4960161985,1.45405517582,2.35340373766,1.72446502927,2.12667074247,1.87774430793,0.527357565737,4.2169643169,3.42149213114,0.782439098666,1.22974630896,0.566929745757,0.768164554011,0.394711990518,0.993176590536,0.939330319495
refine__sobol__0000603__shoulder_elv__p5@@triceps@@0.00,9.85342476,118.42973722,-41.13767995,109.2970619,6.85458519,23.7669527,39.40047274,Triceps,TRIlong;TRIlat;TRImed,0,0,reserve_too_high,The posture requires more reserve torque than the quality limit permits,309.756031,135.500028625,2.3333694088e-07,1.52385992891e-06,0.145603215791,29,4,,,,,,,,,,,,,,,,,,,,,,,,,,,,,,,,,,,,,,,,,,,,,,,,,,,,,,,,,,,,,,,,,,,,,,,,,,,,,,,,,,,,,,,,,,,,,,,,,,,,
refine__sobol__0000625__elbow_flexion__p5@@teres_minor@@0.00,52.04092476,70.77348722,-38.79392995,59.4533119,79.35458519,9.0013277,-41.22452726,Teres minor,TMIN,0,0,reserve_too_high,The posture requires more reserve torque than the quality limit permits,336.992344,334.046475231,3.91587491322e-08,1.74557403909e-06,0.233534636965,29,11,,,,,,,,,,,,,,,,,,,,,,,,,,,,,,,,,,,,,,,,,,,,,,,,,,,,,,,,,,,,,,,,,,,,,,,,,,,,,,,,,,,,,,,,,,,,,,,,,,,,
refine__sobol__0000447__pro_sup__p5@@subscapularis@@0.00,-52.19735649,125.74419034,83.52052318,119.07245252,-36.73916481,5.13902301,37.40828524,Subscapularis,SUBSC,0,1,usable,Converged with independently replayed constrained generalized-force equilibrium and small reserve torques,309.138015,0.505187496773,4.65375364911e-08,1.56410169145e-12,0.000309233460764,20,0,0.301669866089,0.010000251221,0.0100001913606,0.0100001388171,0.0100000197787,0.000674149700143,0.0100001958526,0.0100010407979,0.0100000455702,0.0100001076818,0.0100003231593,0.0100007708689,0.141113719787,0.467107998365,0.0100007373969,0.0100063666737,0.182296702952,0.182146355042,0.0461972978474,0.0100028385932,0.253355328357,0.0100011705227,0.0100015667216,0.0100175519425,0.0100023018774,0.0100061193794,0.104034675955,0.0100105124952,0.0100452369769,0.0100403415917,0.148140710934,0.0706922494294,0.0100452369769,0.0103748182659,0.0100229823235,0.0100178380495,0.0282761272725,0.0139209591228,0.0101237067373,0.0100120837592,0.0101935666338,0.0195363227558,0.0111977471723,0.010036418284,0.0160682057191,0.0100281822944,0.0100114740331,0.0100077277115,0.0100033058999,0.0100031168565,226.711690603,1.95151648514,1.68721399015,3.53259737869,10.7204331069,0,2.32782160964,1.43840598669,4.11627055796,3.34147638504,3.1720709915,2.64915664108,42.302279835,87.8277102187,1.57748079899,0.056050310776,130.77702308,130.561358356,13.0830244916,3.67462486944,110.349475442,2.35494298243,8.90616485541,0.9094722924,3.01879429332,1.85208706847,15.6979729665,2.21821936653,0,0.0772681621527,79.1663665203,19.4620925024,0,0.920421706004,2.49459877216,1.6114754655,6.53249747539,2.34006749451,2.01233020103,1.9352477878,0.200251866465,1.4028059714,0.700994394469,0.377756318333,0.71197391743,0.2692263041,0.574549373545,0.46031419026,1.98849431932,1.15664964652
refine__sobol__0002761__elbow_flexion__p5@@triceps@@0.00,69.66299507,114.79448331,76.3794099,94.90497205,32.59677269,20.57969684,-39.26163663,Triceps,TRIlong;TRIlat;TRImed,0,1,usable,Converged with independently replayed constrained generalized-force equilibrium and small reserve torques,303.141064,1.88183330079,1.03218226855e-07,2.95524867248e-12,0.000187523134688,28,0,0.149686622894,0.356652193449,0.244717838649,0.0100020864112,0.0100003152212,0.010000327947,0.972474315529,0.0100012616813,0.0100003482368,0.0100001260759,0.0100001714275,0.010000732612,0.0100005786762,0.0100006671325,0.0100009503168,0.000673941371933,0.000673941371933,0.000673941371933,0.815280662692,0.0100452377613,0.0100001629224,0.0100001662048,0.0100000540671,0.0100000818878,0.0100452377613,0.147526609901,0.104219521634,0.010000573738,0.0100003553485,0.0100021569586,0.0100000947615,0.0100004735196,0.010002385278,0.0100012785316,0.0564782072637,0.0109354679066,0.0230735938265,0.0222335131257,0.010056990725,0.0100264350751,0.0100034444813,0.0100013666637,0.0100016642085,0.0100031992228,0.0100071781496,0.0100066042099,0.0165229702478,0.0178247914587,0.123940257154,0.0754570535225,114.773529871,159.675263158,46.3189570779,1.98952485527,9.98333285923,11.4352871429,259.298042386,1.42349680349,3.99960036547,6.36614836468,4.64654834776,2.71736885627,3.01656096508,1.87948314071,2.07999733672,0,0,0,217.833345656,0,4.94571517453,2.78574773481,10.8433564274,2.40743723592,0,37.1768650513,19.8211467119,4.07910595276,4.20973596258,1.00988893212,5.08180671047,2.64149436241,0.702569629973,1.66078685488,14.0820123196,1.58745288996,5.42192812337,3.82735275935,2.13542802147,1.87959198374,0.393443568931,1.04926893058,0.93590350278,0.476891667968,0.724515168509,0.471671183506,1.25811093048,0.700953511016,12.2924708354,7.07310731088
refine__sobol__0001711__flexion__p2@@coracobrachialis@@0.00,-47.18759087,105.74907316,38.18360911,69.37030409,-34.16103981,17.0506441,29.62312899,Coracobrachialis,CORB,0,1,usable,Converged with independently replayed constrained generalized-force equilibrium and small reserve torques,384.267373,2.10243151122,4.62596432271e-08,1.45270171106e-12,0.000143198755133,21,1,0.51544196093,0.999992085824,0.0100004231462,0.0100008857425,0.0100002336124,0.493478480954,0.0100452379219,0.010000568826,0.0100002307613,0.0100000685485,0.0100000920686,0.0100005800524,0.0100002137086,0.0100002542941,0.000674440253076,0.0425944777169,0.382958439176,0.374708178413,0.0640786656045,0.0100015084096,0.430501269601,0.0100008152295,0.0100007214477,0.0100022839634,0.0100056293273,0.0247130514358,0.0921819331088,0.0100032768969,0.0100076649677,0.010008249675,0.279692317629,0.14074244491,0.0100140593215,0.0100075010981,0.0100137951642,0.0100182226335,0.0100143258608,0.0100167004023,0.0100163585459,0.0100138448334,0.0109577321315,0.0475133748576,0.0357627627475,0.0190212950897,0.021297031731,0.0102973375304,0.0100353326977,0.0100236618992,0.0100067654037,0.0100095118989,229.863252645,247.513651353,1.81956553624,1.84547917535,2.49847964326,571.278826443,0,1.397222979,4.14712221747,5.18973212308,4.9162158796,2.50426933045,2.79863804887,1.82184851195,0,14.1771888648,263.205844935,251.987199914,12.8647420557,3.69594571698,161.415660223,0.809253957495,11.4527466117,2.72562872665,3.36879339142,5.00938392995,17.2330752426,3.85244108883,1.4927800911,0.921616549964,146.550935233,39.1697412464,0.522762277606,1.56685875328,2.54796909029,1.62768357972,2.34034103406,1.70582402748,2.02191715685,1.97141347828,0.251740997903,3.98455368255,2.53416578953,0.75491758432,1.15499200284,0.297677254314,0.523944430146,0.429277837447,2.00810501079,1.16558416078
refine__sobol__0002761__pro_sup__m2@@teres_major@@0.00,69.66299507,114.79448331,76.3794099,89.90497205,30.59677269,20.57969684,-39.26163663,Teres major,TMAJ,0,1,usable,Converged with independently replayed constrained generalized-force equilibrium and small reserve torques,340.199641,1.150140157,5.98909295491e-08,2.45137243837e-12,6.58984521539e-05,17,0,0.123800295399,0.455824005295,0.23638219527,0.0100030894622,0.010000323511,0.0100003667694,0.877632486233,0.000673974395997,0.0100003828349,0.0100001337679,0.0100001801615,0.0100007573948,0.0100005958635,0.0100006852209,0.0100008957788,0.0100452377665,0.184008573125,0.180207610065,0.0373323804301,0.0100452377665,0.0991442723286,0.0100004950394,0.0100013271121,0.0100014187222,0.0100452377665,0.0487005605678,0.0205048708284,0.0100023966043,0.010002718568,0.010006543982,0.0867929737224,0.0768866365212,0.0100111216209,0.0100062304031,0.0100110549693,0.0100172450136,0.0100152971244,0.0100178307404,0.0100162596817,0.0100173837362,0.0136959110403,0.0410730218858,0.0375791549473,0.0170090196105,0.0168246114296,0.0121471487664,0.0100868459722,0.0100381058482,0.0100137602372,0.0100214098339,94.924961828,204.075060263,44.7412285784,1.98972436818,9.98334113808,11.4353315353,234.009661536,0,3.99961420299,6.36615326074,4.64655240552,2.71737559006,3.01656614913,1.87948654017,2.07998599392,0,130.12893411,124.808393529,9.80268242406,0,49.7611166096,2.62045073698,10.9762612481,2.49693708028,0,12.2579521832,3.89186024424,4.07995538751,4.2974854249,1.00781322449,44.8474736888,20.4027498885,0.71161746417,1.67255746914,2.4933200598,1.45164187,2.35284274349,1.72423318338,2.12682538817,1.87510243227,0.538513604677,4.31089230737,3.51634476626,0.811182091376,1.21809410139,0.572545779006,0.769885817381,0.394744900949,0.993170890306,0.939375496996
refine__sobol__0000447__flexion__m5@@latissimus_dorsi@@0.00,-52.19735649,125.74419034,83.52052318,119.07245252,-41.73916481,5.13902301,32.40828524,Latissimus dorsi,LAT1;LAT2;LAT3,0,0,reserve_too_high,The posture requires more reserve torque than the quality limit permits,262.73542,399.605129346,2.54685801337e-08,8.7131623705e-07,0.326580322982,22,0,,,,,,,,,,,,,,,,,,,,,,,,,,,,,,,,,,,,,,,,,,,,,,,,,,,,,,,,,,,,,,,,,,,,,,,,,,,,,,,,,,,,,,,,,,,,,,,,,,,,
refine__sobol__0003073__flexion__m5@@infraspinatus@@0.00,39.69229194,81.85014738,-55.82273854,85.01727674,19.23739769,-6.67860394,0.44539462,Infraspinatus,INFSP,0,1,usable,Converged with independently replayed constrained generalized-force equilibrium and small reserve torques,344.705885,4.38730290813,8.36408915461e-08,7.28306304154e-12,0.000282932507935,23,1,0.0100000286065,0.399049099334,0.0100000746917,0.010000027608,0.000673949372897,0.0100000173277,0.999999737059,0.0100001008346,0.726647530166,0.0100000661586,0.0100000697549,0.0100000545423,0.0100000407307,0.0100000546724,0.51366761582,0.0100001324012,0.768533270757,0.752421827657,0.152851591474,0.0100452377426,0.694288340949,0.0100001991348,0.0100003216321,0.0100003800077,0.0100011162793,0.0362950922072,0.0102469959301,0.0100008785889,0.0100007919578,0.0100024496024,0.725408307734,0.479101519608,0.0100038328905,0.0100020976635,0.0100141317923,0.0100517047428,0.0100099897213,0.0100134078791,0.0100271952716,0.0100732420444,0.0221915480196,0.0968535830026,0.0100452377426,0.0503483137915,0.0181464100563,0.0192032636173,0.0100186071597,0.0100247726028,0.0100046438432,0.0100090804609,11.0374663483,315.43936162,1.99999817046,4.65598365863,0,12.9837790272,235.972570682,1.43267240217,322.556276018,6.57080307957,4.81934450085,2.70125126073,2.93072825397,1.85030706023,106.850463924,1.21701477155,539.911590655,517.511515784,39.4062432585,0,351.016593409,2.17922917955,11.0967993551,2.54734616341,3.13617818989,9.16216208202,1.51831836431,3.81059687143,4.35961923228,0.942286238805,385.670794848,130.4655768,0.678720585922,1.61521597997,2.59105126701,1.63324962914,2.37023267831,1.7312244054,2.07758096687,1.98734245557,0.532825200793,9.46078555263,0,2.44717007179,0.94777019553,0.821549708534,0.7330021819,0.461054881658,1.94140318393,1.16731257922
refine__sobol__0001387__deviation__m5@@triceps@@0.00,23.30069038,95.97368253,56.78712474,29.38006971,56.62021019,9.28208941,-8.82218351,Triceps,TRIlong;TRIlat;TRImed,0,1,usable,Converged with independently replayed constrained generalized-force equilibrium and small reserve torques,342.72158,4.71294079098,2.10425099567e-08,3.0709309924e-12,0.000683524441685,25,1,0.0533155351502,0.999999516851,0.291359760993,0.0100005332847,0.127679930866,0.0100002435009,0.0100033323029,0.0100008650611,0.0100009570365,0.0100001333608,0.0100001287368,0.0100006113808,0.0100004391784,0.0100004400596,0.0100003498108,0.000673954995368,0.000673954995368,0.000673954995368,0.0100452377693,0.0100452377693,0.0100000661811,0.0100013301548,0.0100000083827,0.0100000259737,0.0100000656687,0.0100003336324,0.718500668541,0.0100000743076,0.0100000541536,0.0100004130536,0.0100000381611,0.0551796438298,0.0100003820111,0.0100001683252,0.297573530556,0.266194611632,0.0100028867483,0.0100105573694,0.0910418353428,0.3101623722,0.159030007505,0.805245589499,0.669872383088,0.381225074143,0.399673367377,0.0100080700766,0.152883011469,0.324734451897,0.693069355355,0.886011039179,64.9329774281,407.898921591,58.6724732239,4.66140206073,125.716744086,11.53951648,2.4300937259,1.43798528866,4.30939272462,6.45274067322,4.66003057757,2.62677934837,2.85513855887,1.81519895384,1.89855070605,0,0,0,0,0,1.9085342127,0.0976918358826,11.7735242017,2.56822326284,3.18040333818,2.42575290669,138.597475535,3.97286221926,4.67624196173,0.972812691372,5.57143459778,13.3616443056,0.753020037421,1.71198318563,77.0087172899,43.2008150971,2.36855475936,1.73074007217,18.9377988792,61.1917524437,5.14652131928,87.9320333656,62.971731592,18.6036101134,28.1619321005,0.446348737369,10.0214739947,14.7268187739,115.572674926,102.351691467
refine__sobol__0000603__pro_sup__p5@@middle_deltoid@@0.00,9.85342476,113.42973722,-41.13767995,109.2970619,11.85458519,23.7669527,39.40047274,Middle deltoid,DELT2,0,0,capacity_limited,At least one muscle reached the conservative capacity threshold while nontrivial reserve torque was still required,293.503201,7.59306796739,2.34918367426e-07,1.17125982513e-06,0.0190151299942,25,4,,,,,,,,,,,,,,,,,,,,,,,,,,,,,,,,,,,,,,,,,,,,,,,,,,,,,,,,,,,,,,,,,,,,,,,,,,,,,,,,,,,,,,,,,,,,,,,,,,,,
refine__sobol__0002761__shoulder_elv__m2@@supraspinatus@@0.00,69.66299507,112.79448331,76.3794099,89.90497205,32.59677269,20.57969684,-39.26163663,Supraspinatus,SUPSP,0,1,usable,Converged with independently replayed constrained generalized-force equilibrium and small reserve torques,356.304002,1.17002374967,5.7741505799e-08,1.1813200866e-12,6.9738968896e-05,17,0,0.124384381989,0.445469464226,0.241991241881,0.000673982720216,0.0100003085752,0.01000036089,0.891842293839,0.0100012793984,0.0100003813845,0.0100001344356,0.0100001792756,0.010000746722,0.010000598858,0.0100006866517,0.0100009122798,0.0100452376135,0.183707580083,0.179912860377,0.0372713740821,0.0100452376135,0.101705110222,0.0100004923912,0.0100013292381,0.0100013883353,0.0100452376135,0.0483038220226,0.020138920001,0.0100023467926,0.0100026960581,0.0100064352802,0.0909749512424,0.0780200643429,0.0100109664771,0.0100061231959,0.0100108633294,0.0100170094747,0.0100151501579,0.0100176497846,0.0100160753209,0.0100172246453,0.0138949219317,0.0415594196021,0.0379691211597,0.0171822992158,0.0168938377198,0.0121832318027,0.0100851558887,0.0100378632241,0.0100137103136,0.010021218844,97.5171324223,212.624187553,45.737239239,0,10.037937576,11.4196877223,234.557073119,1.42824122261,3.99065617165,6.33320296757,4.61953077987,2.71275618841,3.00750388217,1.87867985866,2.07916784291,0,129.916074978,124.604255444,9.78666346412,0,51.1065931357,2.64417771883,10.9762635824,2.4985582634,0,12.1619418088,3.82428777717,4.07993466807,4.30174683019,1.00754220638,46.8704916956,20.6079801824,0.712058819848,1.67298489248,2.49606188882,1.45412439326,2.3534012389,1.72447239116,2.12674034316,1.87786536264,0.546323958533,4.36248560928,3.55336144786,0.819563627521,1.2231061026,0.574268677195,0.767915494257,0.394735359832,0.993165938937,0.939357594197
refine__sobol__0000447__flexion__m2@@triceps@@0.00,-52.19735649,125.74419034,83.52052318,119.07245252,-41.73916481,5.13902301,35.40828524,Triceps,TRIlong;TRIlat;TRImed,0,1,usable,Converged with independently replayed constrained generalized-force equilibrium and small reserve torques,283.559851,3.03455752924,3.61773402346e-08,1.1272640954e-07,0.00395838804329,32,1,0.28173990202,0.010000007628,0.0100000245094,0.0100000712779,0.01,0.01,0.0100001196938,0.0100000643545,0.01,0.010000001976,0.0100000300044,0.0100000275716,0.0100000939576,0.583423568752,0.0100000767194,0.000673965746104,0.000673965746104,0.000673965746104,0.999999919854,0.0100005063153,0.264690015801,0.0100000152437,0.0100000024817,0.0100000219898,0.0100000169776,0.841130534822,0.676401579504,0.0100001086116,0.0100452377944,0.0100013100023,0.0100000283745,0.384298067303,0.0100452377944,0.0100002924163,0.0772500136564,0.0100159999992,0.319564368674,0.187832828424,0.14923931355,0.0100042194184,0.0100049123096,0.0100013347149,0.01000198636,0.0100018511008,0.0100345259193,0.0100067689634,0.0100019613599,0.0100012980331,0.0100005324647,0.0100004805418,211.733874046,1.95146895115,1.68718583868,3.532573516,10.720411902,12.3692682689,2.32780388228,1.43826554912,4.11625179917,3.34144106584,3.17197800369,2.64895974501,2.99777210589,109.697877815,1.57737658544,0,0,0,283.198889387,3.63318725614,113.475215868,2.38109948614,8.90477193235,1.00775389083,3.02466542553,159.658460979,102.456796493,2.46694357125,0,0.154112827056,5.38587213851,104.457592618,0,0.979761784537,19.3423463208,1.61849874575,74.1567075828,31.7156638009,29.8062125467,1.94288084884,0.200289603002,0.733293921414,0.637733558071,0.382961828275,0.452097085514,0.277023362168,0.585346516938,0.460012398965,1.99670258891,1.15891622885
refine__sobol__0000463__elv_angle__p2@@subscapularis@@0.00,-40.35360649,88.16606534,77.66114818,12.43182752,74.51083519,-8.80628949,-44.15421476,Subscapularis,SUBSC,0,1,usable,Converged with independently replayed constrained generalized-force equilibrium and small reserve torques,448.323134,2.09364939031,2.42226420255e-07,1.34292577059e-12,7.89205183681e-05,23,0,0.0100014677823,0.31485816527,0.0100023650086,0.572528124538,0.0100003179966,0.000673559470318,0.0100452391826,0.0100007531863,0.818481164114,0.0100001154772,0.0100001558123,0.010000501171,0.0100003252302,0.010000375215,0.0100008773094,0.0152402729404,0.293245500888,0.230890678948,0.0100452391826,0.0100452391826,0.209875943581,0.0100452391826,0.010001469286,0.0100031528088,0.0100452391826,0.6280427995,0.0100004611521,0.305553933606,0.0100003153314,0.010014896134,0.392637756718,0.0999269311278,0.0100049675973,0.0100023744969,0.174130648655,0.185304513175,0.0100023593212,0.0100073608623,0.0941020914269,0.271965769279,0.0100050539772,0.0100014537719,0.010022211718,0.0280479948326,0.0100030052284,0.0537087405923,0.0100029579327,0.0496475759639,0.0100046330241,0.0679302067093,2.30617327361,217.671329861,1.67032701353,103.753818245,1.82080568379,0,0,1.35352200739,318.504362041,5.95669680405,4.97248775924,2.33528379564,2.45981223023,1.7792868478,1.15863724352,9.7764574513,159.843101587,99.0929290086,0,0,10.4340190798,0,11.7287842687,2.36875748792,0,155.179269897,1.91215789329,85.4655886534,3.13070641178,0.523902338848,218.769675089,19.7858101833,0.499756537583,1.44062195033,43.6345702126,28.0896048479,2.19924216206,1.67537116429,19.9849380874,52.9972079859,0.383770686094,1.06300997192,0.919466702742,1.28237670726,0.724170445117,2.52630422096,0.774729990078,2.28345754649,1.0585423106,7.81021386557
refine__sobol__0004077__shoulder_elv__m2@@subscapularis@@0.00,90.14151069,108.66850675,-38.97703542,118.91376112,35.64364769,18.44346637,45.17195712,Subscapularis,SUBSC,0,1,usable,Converged with independently replayed constrained generalized-force equilibrium and small reserve torques,383.752466,0.532316416646,2.77555685102e-08,9.53117997099e-13,0.000121456119942,22,0,0.300252119049,0.416271174819,0.0100026608998,0.0100010787308,0.237117904012,0.000673935750445,0.43262824303,0.0100007206982,0.0100001880509,0.0100000727922,0.0100000951482,0.0100002431601,0.010000213581,0.0100003315839,0.0100003833738,0.0100452378014,0.0679801607349,0.0679209788608,0.0172588233082,0.0100452378014,0.0100002323111,0.010000266704,0.0100039716807,0.0100134304578,0.0100016502822,0.0100067058902,0.0758275101413,0.0100062252024,0.0100452378014,0.0100452371603,0.0532673870171,0.0457635074039,0.0100452378014,0.0100339130435,0.0100072144944,0.010008609254,0.0129912124292,0.0100498080955,0.010022360909,0.0100076653989,0.012491149614,0.0267205186608,0.0196364061588,0.0100537416661,0.0199101362087,0.0100279705022,0.0100119880694,0.0100058598334,0.010001874751,0.010002131068,242.662111503,405.66990627,1.71482892971,3.81527342403,245.74779955,0,105.576646451,1.2569670082,4.40922641254,6.56664007653,4.92522557043,2.75543441662,2.99438869806,1.88068094654,2.06640421035,0,48.76801006,48.6831333468,4.88768914879,0,4.93532607407,3.16757700229,8.9393770005,0.386058410992,3.04631889515,1.37257787669,12.2299635791,1.49991561363,0,2.16294726059e-06,19.137494738,12.0017515326,0,0.519848110714,2.42493471052,1.57392027973,2.92896737903,1.65097942574,1.94190281971,1.89589449853,0.265964238272,1.93650046549,1.19908879091,0.351620602419,0.87757529523,0.217764840382,0.386618081645,0.422880186784,2.00999611662,1.16708028492
refine__sobol__0002303__pro_sup__m2@@latissimus_dorsi@@0.00,-51.09872368,96.64018644,-31.57957448,101.96551893,-73.62197731,15.62364215,40.07430087,Latissimus dorsi,LAT1;LAT2;LAT3,0,0,reserve_too_high,The posture requires more reserve torque than the quality limit permits,280.588505,240.606221097,1.55520911704e-08,8.89483384559e-07,0.239532970528,29,2,,,,,,,,,,,,,,,,,,,,,,,,,,,,,,,,,,,,,,,,,,,,,,,,,,,,,,,,,,,,,,,,,,,,,,,,,,,,,,,,,,,,,,,,,,,,,,,,,,,,
refine__sobol__0004077__shoulder_rot__m2@@supraspinatus@@0.00,90.14151069,110.66850675,-40.97703542,118.91376112,35.64364769,18.44346637,45.17195712,Supraspinatus,SUPSP,0,1,usable,Converged with independently replayed constrained generalized-force equilibrium and small reserve torques,370.473744,1.49750942728,3.80999338745e-08,2.88956936038e-12,0.000801631682931,22,1,0.382807590536,0.502264470975,0.0100004383239,0.000675841876651,0.265859316463,0.0100000080279,0.999999693945,0.0100001125142,0.0100000218175,0.0100000038665,0.0100000076106,0.0100000288997,0.0100000250513,0.0100000456026,0.0100000570547,0.0100452378977,0.0693055635914,0.0692452412793,0.0175913102592,0.0100452378977,0.0100000291276,0.0100000434967,0.0100039020815,0.0100132647261,0.0100015978529,0.0100064011728,0.0767667472327,0.0100063149564,0.0100452378977,0.0100452372609,0.0537999328739,0.046360778441,0.0100452378977,0.0100365045912,0.0100075844179,0.0100088995529,0.0166878768933,0.0100703946197,0.0100261587863,0.0100078821605,0.0125845215673,0.0262673993074,0.0192815095627,0.0100507066629,0.0200090284166,0.0100271038532,0.0100116729517,0.0100057227117,0.0100018376794,0.0100020818293,307.257770224,487.167731501,1.71190637572,0,275.883820721,10.9972497151,244.054607591,1.24778022041,4.42281681634,6.5499741924,4.95410113903,2.75858129679,3.00933671162,1.88067346976,2.0749264809,0,49.7188354059,49.6323134821,4.98184926815,0,4.94004192619,3.16632493684,8.93931480936,0.386052022083,3.04630292624,1.37253607982,12.3814499621,1.49992906619,0,2.16294692965e-06,19.328823699,12.1583894084,0,0.519982376138,2.42502434978,1.57396593108,3.76240842113,1.65436137365,1.94263868504,1.89593556268,0.267952333841,1.9036618119,1.17741718089,0.351514455832,0.881934148186,0.217746020402,0.386605913271,0.422874391688,2.00998866664,1.1670745396
refine__sobol__0002761__shoulder_rot__p5@@brachioradialis@@0.00,69.66299507,114.79448331,81.3794099,89.90497205,32.59677269,20.57969684,-39.26163663,Brachioradialis,BRD,0,1,usable,Converged with independently replayed constrained generalized-force equilibrium and small reserve torques,346.363212,1.45497908513,5.79817793778e-08,6.47482067961e-13,9.40057334367e-05,18,0,0.0839618883187,0.419625174581,0.326720142108,0.0100028733379,0.0100002057525,0.0100004915021,0.990707939405,0.0100010876284,0.0100003163861,0.0100001069339,0.0100001435371,0.0100006247075,0.0100005040185,0.0100005742422,0.010000757517,0.0100452377513,0.239423891276,0.234478193943,0.0485658248177,0.0100452377513,0.155504882789,0.0100004047147,0.0100010246749,0.000673967840674,0.0100452377513,0.0434983596998,0.0187547668837,0.0100019799738,0.0100023202402,0.0100055325891,0.146400600337,0.113133292338,0.0100093740724,0.0100052253702,0.0100122781274,0.0100197498169,0.0100171732929,0.0100196228992,0.0100190942858,0.010020931119,0.0159816005592,0.047094279393,0.0427401248472,0.0193954113806,0.0175610773361,0.0125269295588,0.0100612927333,0.0100365714171,0.010013205105,0.010020044461,64.29114,190.294813974,61.5719724952,1.7609168995,9.94488020944,11.3804048881,263.38078819,1.42635186758,3.97908896081,6.3379006345,4.62564329269,2.71496983,3.01340967283,1.87920522256,2.07989793008,0,169.318066226,162.395176826,12.752343992,0,78.589644358,2.60508975017,10.9759293302,0,0,10.9520219579,3.56144350108,4.07978504353,4.30158520653,1.00745131493,75.4259060171,29.8826803864,0.711945555487,1.67283477953,2.49641464785,1.45452219639,2.35387664348,1.72481204983,2.12738136814,1.87856019164,0.628368502117,4.94347895363,3.99985849733,0.9251249503,1.27141394479,0.590469210756,0.766098478575,0.394684559987,0.993115831914,0.939247511204
refine__sobol__0000625__deviation__m5@@teres_minor@@0.00,52.04092476,70.77348722,-38.79392995,54.4533119,79.35458519,4.0013277,-41.22452726,Teres minor,TMIN,0,0,reserve_too_high,The posture requires more reserve torque than the quality limit permits,331.000811,563.559855879,3.23725117823e-08,1.74765030181e-06,0.30557945852,28,11,,,,,,,,,,,,,,,,,,,,,,,,,,,,,,,,,,,,,,,,,,,,,,,,,,,,,,,,,,,,,,,,,,,,,,,,,,,,,,,,,,,,,,,,,,,,,,,,,,,,
refine__sobol__0002761__elbow_flexion__p5@@supraspinatus@@0.00,69.66299507,114.79448331,76.3794099,94.90497205,32.59677269,20.57969684,-39.26163663,Supraspinatus,SUPSP,0,1,usable,Converged with independently replayed constrained generalized-force equilibrium and small reserve torques,420.734987,1.11862775237,5.67198945589e-08,6.96331881045e-13,6.53334413611e-05,17,0,0.121300938879,0.444128206815,0.23330139067,0.000674078898689,0.0100003282869,0.0100003705607,0.868459919077,0.0100013129334,0.0100003870642,0.0100001356515,0.0100001827255,0.0100007682775,0.010000604686,0.0100006953721,0.0100009121205,0.0100452375285,0.180855568474,0.177229156224,0.0375928279464,0.0100452375285,0.0974927085746,0.0100004710536,0.0100013406192,0.0100014228224,0.0100452375285,0.0481251891616,0.0222837179695,0.0100024021885,0.0100028812051,0.0100065073772,0.0855383307359,0.0760522834622,0.0100113418809,0.0100063436493,0.0100110685329,0.0100171411665,0.010016001969,0.0100183793519,0.0100165961177,0.0100173319314,0.0137454659476,0.0408900474687,0.0370742055359,0.0165213668248,0.0169073606282,0.0120681698319,0.0100770866486,0.0100361947617,0.0100136515728,0.0100201394892,93.0085582537,198.838783306,44.1581094362,0,9.98334590563,11.4353358704,231.563911935,1.42350409846,3.99961589437,6.36615445978,4.64655359683,2.71737854706,3.01656881035,1.87948844794,2.07998939265,0,128.721303613,123.610958749,10.0443587816,0,48.2163312857,2.78583265489,10.8447514746,2.40776005542,0,12.1275996523,4.23806246875,4.07985175433,4.21079924573,1.01032818132,43.4685143997,20.0882165837,0.703198743756,1.66162795561,2.49611305333,1.45414351039,2.35360140098,1.72459798136,2.12685092534,1.87788547492,0.54062030227,4.28987935506,3.46921053304,0.787638235112,1.22408525676,0.568845117437,0.767301076905,0.394669748147,0.993160113024,0.939256418867
refine__sobol__0000463__deviation__p2@@supraspinatus@@0.00,-42.35360649,88.16606534,77.66114818,12.43182752,74.51083519,-6.80628949,-44.15421476,Supraspinatus,SUPSP,0,0,reserve_too_high,The posture requires more reserve torque than the quality limit permits,383.613459,900.206939003,8.58956425986e-08,1.14170184062e-06,0.5,18,2,,,,,,,,,,,,,,,,,,,,,,,,,,,,,,,,,,,,,,,,,,,,,,,,,,,,,,,,,,,,,,,,,,,,,,,,,,,,,,,,,,,,,,,,,,,,,,,,,,,,
refine__sobol__0000603__shoulder_rot__m5@@posterior_deltoid@@0.00,9.85342476,113.42973722,-46.13767995,109.2970619,6.85458519,23.7669527,39.40047274,Posterior deltoid,DELT3,0,0,solver_failed,The static optimization solver did not converge,1279.410181,,2.33307869024e-07,,,0,0,,,,,,,,,,,,,,,,,,,,,,,,,,,,,,,,,,,,,,,,,,,,,,,,,,,,,,,,,,,,,,,,,,,,,,,,,,,,,,,,,,,,,,,,,,,,,,,,,,,,
refine__sobol__0002761__flexion__p2@@subscapularis@@0.00,69.66299507,114.79448331,76.3794099,89.90497205,32.59677269,20.57969684,-37.26163663,Subscapularis,SUBSC,0,1,usable,Converged with independently replayed constrained generalized-force equilibrium and small reserve torques,404.096918,1.13586583406,5.72040832481e-08,1.69819713847e-12,6.52823988917e-05,17,0,0.125379634094,0.456428260499,0.234685776842,0.0100031475466,0.0100003254084,0.000673886266229,0.87069184354,0.0100013006365,0.0100003859511,0.0100001346691,0.010000181308,0.0100007614178,0.0100005988581,0.0100006886495,0.010000898806,0.0100452377002,0.181903740207,0.178146365251,0.0369058024817,0.0100452377002,0.096557510547,0.0100005027286,0.0100013421239,0.0100014061955,0.0100452377002,0.0478509847842,0.02205699709,0.010002363331,0.0100027300424,0.0100064844586,0.0864616221653,0.0757645730728,0.0100110662759,0.0100061748823,0.0100107139409,0.0100167545203,0.0100148742546,0.0100173978926,0.0100158160773,0.010016905923,0.0134986063852,0.0412138969187,0.0375903565684,0.0170611004259,0.0167299324422,0.0121696107323,0.0100855902092,0.0100378131458,0.0100136593187,0.0100213676581,96.1359336072,204.345589163,44.4201390604,1.98973592409,9.98334303302,0,232.159026491,1.42350234832,3.99961544902,6.36615383374,4.64655293766,2.71737668309,3.01656705225,1.8794871845,2.0799866235,0,128.640418327,123.380814222,9.69067220245,0,48.5670153501,2.59588136001,10.9762777242,2.49856272523,0,12.068009134,4.19623478259,4.07993943882,4.27523459688,1.0093791917,44.5452147906,20.0122216453,0.709572047918,1.66897392928,2.51546972154,1.46868722105,2.35763288665,1.72634598559,2.12632790901,1.89187519149,0.529686611932,4.34702660697,3.53052985373,0.816946441492,1.21123830981,0.574798857205,0.758505291883,0.395231905317,1.02532942588,0.945166020741
refine__sobol__0000463__elbow_flexion__m5@@teres_minor@@0.00,-42.35360649,88.16606534,77.66114818,7.43182752,74.51083519,-8.80628949,-44.15421476,Teres minor,TMIN,0,1,usable,Converged with independently replayed constrained generalized-force equilibrium and small reserve torques,473.79503,2.12643180301,2.35752770195e-07,1.64135371961e-12,7.1625106071e-05,24,0,0.0100019383059,0.377633484872,0.0100018244004,0.684873078206,0.0100003744044,0.010000078689,0.000673970655501,0.010000747411,0.724877693014,0.0100001256405,0.0100001667033,0.0100004938468,0.0100006860708,0.0100003837951,0.0100009128233,0.0907738845768,0.29531990137,0.225562358737,0.0100452378863,0.0100452378863,0.169629784011,0.0100452378863,0.0100013495199,0.0100031077181,0.0100452378863,0.625123378268,0.0100004567922,0.309732500953,0.0100003249643,0.0100156435943,0.387337795249,0.100134706022,0.0100049759513,0.0100024629323,0.178966888613,0.188727541518,0.0100023731073,0.0100075513703,0.0972671145273,0.276130188745,0.0100049796531,0.0100014533972,0.0100221465294,0.0280598287562,0.0100029919176,0.0533072660407,0.0100029339393,0.050301528008,0.0100046928241,0.0699144065354,2.13694664052,263.917686618,1.65944244454,125.720139022,1.63697689266,12.1246347244,0,1.35203192733,282.484146571,5.92180260722,4.97254849144,2.3296355179,0.569409741286,1.78012781413,1.15838233691,61.12856857,147.942369241,86.3055849204,0,0,7.42980193317,0,11.6688366873,2.33428692238,0,155.023660594,1.92065612071,83.9938761848,2.99835220704,0.515228866189,215.793321435,19.8269501929,0.489743452664,1.42612330545,44.8464605568,28.6084886662,2.19924519308,1.6754030579,20.6571100843,53.8087167466,0.387877320261,1.05738074958,0.915979109381,1.27801525856,0.724208996367,2.50742001613,0.774728131758,2.31353498132,1.05854863741,8.03834543957
refine__sobol__0001711__deviation__m5@@anterior_deltoid@@0.00,-47.18759087,105.74907316,38.18360911,69.37030409,-34.16103981,12.0506441,27.62312899,Anterior deltoid,DELT1,0,0,solver_failed,The static optimization solver did not converge,1700.509937,,2.64700332764e-08,,,0,0,,,,,,,,,,,,,,,,,,,,,,,,,,,,,,,,,,,,,,,,,,,,,,,,,,,,,,,,,,,,,,,,,,,,,,,,,,,,,,,,,,,,,,,,,,,,,,,,,,,,
refine__sobol__0001387__pro_sup__p5@@pectoralis_major@@0.00,23.30069038,95.97368253,56.78712474,29.38006971,61.62021019,14.28208941,-8.82218351,Pectoralis major,PECM1;PECM2;PECM3,0,1,usable,Converged with independently replayed constrained generalized-force equilibrium and small reserve torques,338.242257,1.03754650091,1.59713380299e-08,1.5851113822e-12,3.50900383056e-05,17,0,0.0437325645649,0.985195881959,0.158684426262,0.0100011407023,0.140357668174,0.010000484072,0.0100056586012,0.0100016377765,0.00067401188131,0.00067401188131,0.00067401188131,0.0100011508548,0.0100008429331,0.0100008476859,0.0100006845947,0.0100043025628,0.0722762590944,0.0661618370071,0.0100452378126,0.0100452378126,0.0100012380136,0.0100147990185,0.0100058124982,0.0100081204727,0.0100161894103,0.0261501395144,0.0510894803668,0.0100031679286,0.0100061131752,0.0100086774733,0.0243606416766,0.014608517864,0.0100164440292,0.0100089043549,0.010007592723,0.0100109229137,0.0100114668705,0.0100135284867,0.0100111935285,0.0100107422113,0.0108919001943,0.0389818154745,0.0310861235133,0.0142820700017,0.0199740607818,0.010936564034,0.0100632702089,0.0100262143575,0.0100100989165,0.0100129550394,53.2618798587,401.860531489,31.9550226125,4.66168518749,138.19955048,11.5397940813,2.4306588496,1.4380963944,0,0,0,2.62692104769,2.85525383151,1.81527294294,1.89861426355,3.30919825602,46.0648088725,38.5997007097,0,0,1.83286932415,0.0642938984638,11.7803576854,2.5604893514,3.06542030976,6.18917306155,9.85293950244,3.88056204954,4.62532031306,0.949064556301,13.5689226874,3.36249706237,0.754226652715,1.71347263967,2.58985554493,1.62404302696,2.37058608112,1.73124793936,2.08150826798,1.97498179147,0.36573663992,4.25678580293,2.92666385243,0.69695669261,1.43277481981,0.489220809767,0.627835677695,0.434665365721,1.58570776366,1.11196553347
refine__sobol__0001711__deviation__m2@@teres_minor@@0.00,-47.18759087,105.74907316,38.18360911,69.37030409,-34.16103981,15.0506441,27.62312899,Teres minor,TMIN,0,1,usable,Converged with independently replayed constrained generalized-force equilibrium and small reserve torques,358.606209,2.11335723762,6.50824887316e-08,1.98241423277e-12,0.000143922803227,21,1,0.518212491515,0.999992761359,0.0100004210082,0.0100008816259,0.010000232433,0.496219391314,0.000674050292384,0.010000565965,0.010000229557,0.0100000681573,0.0100000915594,0.0100005771372,0.0100002125997,0.0100002529837,0.0100008892498,0.0428489327113,0.384819230661,0.376528881779,0.0643899138841,0.0100015021948,0.432576147554,0.0100008112945,0.0100007179672,0.0100022715093,0.0100065942304,0.0312198467622,0.0889241677911,0.0100031906418,0.0100057382331,0.0100079565672,0.28076748589,0.141340907448,0.010012918093,0.0100070123825,0.0100122943817,0.0100168037934,0.0100123618854,0.0100148453001,0.0100145427438,0.0100130063558,0.0108348407567,0.0482597383113,0.0366024170529,0.0199377592279,0.0208914923994,0.0105532120199,0.0100407855098,0.0100261606442,0.010007375241,0.0100107192497,231.09878061,247.513819354,1.81956514686,1.84547841538,2.49847934917,574.451860522,0,1.39722257912,4.14712171881,5.18973192225,4.91621562995,2.5042686,2.798637738,1.82184827308,0.546798171746,14.2618819374,264.484759678,253.211603245,12.9272297577,3.6959434209,162.193631832,0.80925363894,11.452742626,2.7256253329,3.37242966949,6.47998359157,16.5235615733,3.85894635982,1.81833054985,0.924594212281,147.114293312,39.3362981375,0.552921060584,1.57296788166,2.55297780883,1.62754678724,2.34583718395,1.70951803042,2.02603374649,1.97244240318,0.248016742263,4.07439704107,2.61301025711,0.802083979029,1.13047223283,0.314477323268,0.544729618748,0.440196728966,2.00926545857,1.16732052348
refine__sobol__0000673__elbow_flexion__m2@@supraspinatus@@0.00,31.65029976,97.68754972,55.54200755,16.3986244,74.97958519,13.78648395,40.80672274,Supraspinatus,SUPSP,0,1,usable,Converged with independently replayed constrained generalized-force equilibrium and small reserve torques,396.279996,1.11521309691,3.729306286e-08,2.18136619878e-12,3.43953855679e-05,27,1,0.049177797612,0.996755132417,0.113929903358,0.000673999492483,0.111086000511,0.0100006273308,0.0100022237028,0.0100018440889,0.0100024373515,0.0100002958455,0.0100002904143,0.0100013184502,0.0100009488761,0.0100009453096,0.0100006670149,0.0100027535675,0.103533869078,0.0836226970824,0.0100452363116,0.0100452363116,0.0100010545907,0.0100270482404,0.0100041133304,0.0100068687938,0.0192108096656,0.0700703627052,0.0817950544855,0.0100006936413,0.0100010440518,0.0100022952242,0.197354421943,0.0457615363815,0.0100037433994,0.010001692933,0.0100013209793,0.0100020502354,0.0100018212493,0.010002307378,0.0100019147934,0.0100020315701,0.0205214261514,0.0984266710552,0.0752209308137,0.0420760886381,0.0437025324769,0.0227825424264,0.012293853643,0.0100187495129,0.0100030784326,0.0100052454513,59.6893414039,406.657450448,22.9479028599,0,116.293971552,11.507980846,2.5808779992,1.43876273484,4.23713487211,6.38142972223,4.6196706526,2.64701492277,2.88584124508,1.82724566382,2.02913226468,3.69107558963,59.8451390399,39.0394085235,0,0,1.76580230959,0.0192253483854,11.7570947991,2.3970085589,4.24751184362,9.32861283449,15.5191803686,4.03926060868,3.68691170643,0.957103208054,109.961284603,9.01785213892,0.690755627317,1.62211791162,2.43145272612,1.57390673916,2.26609117282,1.65063879817,1.94409636853,1.8926642256,0.468300883642,8.17611371626,5.17706818947,1.60808830986,2.47106943661,0.537620485462,0.496213742256,0.448588457426,2.00946019054,1.1675509474
refine__sobol__0000673__pro_sup__m2@@posterior_deltoid@@0.00,31.65029976,97.68754972,55.54200755,18.3986244,72.97958519,13.78648395,40.80672274,Posterior deltoid,DELT3,0,0,capacity_limited,At least one muscle reached the conservative capacity threshold while nontrivial reserve torque was still required,401.930525,5.52206690144,7.79595410449e-08,1.72996979586e-06,0.0379587005935,29,1,,,,,,,,,,,,,,,,,,,,,,,,,,,,,,,,,,,,,,,,,,,,,,,,,,,,,,,,,,,,,,,,,,,,,,,,,,,,,,,,,,,,,,,,,,,,,,,,,,,,
refine__sobol__0000463__elv_angle__p2@@infraspinatus@@0.00,-40.35360649,88.16606534,77.66114818,12.43182752,74.51083519,-8.80628949,-44.15421476,Infraspinatus,INFSP,0,1,usable,Converged with independently replayed constrained generalized-force equilibrium and small reserve torques,635.325385,2.17727654958,2.57193381259e-07,1.172395514e-12,8.34019692605e-05,23,0,0.0100013845488,0.29974282448,0.0100022979815,0.605749910955,0.000673983822933,0.0100000691176,0.0100452378798,0.010000726152,0.844665047636,0.0100001106281,0.0100001494404,0.0100004817186,0.0100003123696,0.0100003604486,0.0100008468929,0.0117303081493,0.29638920178,0.233366026367,0.0100452378798,0.0100452378798,0.223989274369,0.0100452378798,0.0100014541009,0.0100031301415,0.0100452378798,0.628093103427,0.0100004605453,0.305017270807,0.010000314799,0.0100148300718,0.393755931951,0.100388982589,0.0100049560188,0.0100023674609,0.17436830404,0.185576474938,0.010002356929,0.0100073556655,0.0942675748289,0.272393641753,0.0100050513974,0.0100014527209,0.0100223193939,0.0281347133704,0.0100030023532,0.053739743762,0.0100029537475,0.0497219675532,0.0100046318012,0.0680798825915,2.30615408011,207.221620517,1.67031581982,109.774286102,0,12.1001774344,0,1.35351834843,328.693577694,5.95669391681,4.97248459089,2.33527925278,2.45980906599,1.77928422046,1.15863371969,7.52485594882,161.556679226,100.155290854,0,0,11.1356657879,0,11.7287664614,2.3687521206,0,155.191699192,1.91215777732,85.3154803192,3.13070624872,0.523898883279,219.39269931,19.8772976637,0.499755959495,1.44062093737,43.6941231453,28.1308304952,2.19924163628,1.67537029436,20.0200826362,53.0805862967,0.38377058712,1.06300986024,0.919476581277,1.28634154808,0.724170236965,2.52776252071,0.774729666024,2.28687906371,1.05854218157,7.82742271442
refine__sobol__0000603__elbow_flexion__m2@@coracobrachialis@@0.00,9.85342476,113.42973722,-41.13767995,107.2970619,6.85458519,23.7669527,39.40047274,Coracobrachialis,CORB,0,1,usable,Converged with independently replayed constrained generalized-force equilibrium and small reserve torques,435.754386,5.18298905206,2.34679617961e-07,1.14175335852e-12,0.000679717361523,27,2,0.0100000396283,0.494661110568,0.999999911004,0.711341112556,0.44285392923,0.200324531865,0.010000121029,0.0100002147777,0.999999584892,0.0100000100753,0.0100000078722,0.0100003044021,0.0100001082847,0.0100000714351,0.00067376509492,0.930637634144,0.0532631730341,0.0526731285602,0.0123334438032,0.0100452379997,0.0100000123081,0.0100000322209,0.0100043124957,0.0100013439527,0.0100001293906,0.0100005404264,0.985708739858,0.0100004974822,0.0100452379997,0.0100028629781,0.0100001738731,0.0100004336519,0.0100452379997,0.167320932768,0.0100008290072,0.0100008999161,0.354624993003,0.155738527128,0.01002006597,0.0100008154052,0.125825860745,0.206225166108,0.144434608282,0.0100083989122,0.298474426703,0.0100042589541,0.0100012213775,0.0100005526825,0.010000150077,0.0100001756626,12.1374044584,4.51037441776,192.923237845,20.7136343067,435.800581476,257.05561037,2.59217825483,1.42662758454,443.744340841,6.22214242321,4.97023254138,2.7128376844,2.98096505686,1.8787397875,0,68.5491929481,38.2015482092,37.3596685919,3.43779138031,0,4.8199118398,2.34403099987,10.4178468818,1.44012392868,3.1782353376,1.61560206135,174.912748527,2.70176798805,0,0.269664848052,5.12126337478,2.79820685809,0,15.2227522919,2.4809521099,1.6068265794,81.1771012028,25.9912966668,1.97923373983,1.935420824,2.90031761958,16.3138577148,9.5623753616,0.371115047251,14.950007457,0.246625802982,0.408608359327,0.390006708092,2.00723103462,1.14912429549
refine__sobol__0001711__shoulder_elv__p2@@biceps@@0.00,-47.18759087,107.74907316,38.18360911,69.37030409,-34.16103981,17.0506441,27.62312899,Biceps,BIClong;BICshort,0,0,solver_failed,The static optimization solver did not converge,1768.682938,,6.7802993442e-08,,,0,0,,,,,,,,,,,,,,,,,,,,,,,,,,,,,,,,,,,,,,,,,,,,,,,,,,,,,,,,,,,,,,,,,,,,,,,,,,,,,,,,,,,,,,,,,,,,,,,,,,,,
refine__sobol__0000603__shoulder_rot__p5@@anterior_deltoid@@0.00,9.85342476,113.42973722,-36.13767995,109.2970619,6.85458519,23.7669527,39.40047274,Anterior deltoid,DELT1,0,0,reserve_too_high,The posture requires more reserve torque than the quality limit permits,299.817158,478.498954615,2.32934571187e-07,1.59430953417e-06,0.268776045686,27,6,,,,,,,,,,,,,,,,,,,,,,,,,,,,,,,,,,,,,,,,,,,,,,,,,,,,,,,,,,,,,,,,,,,,,,,,,,,,,,,,,,,,,,,,,,,,,,,,,,,,
refine__sobol__0002303__pro_sup__p2@@pectoralis_major@@0.00,-51.09872368,96.64018644,-31.57957448,101.96551893,-69.62197731,15.62364215,40.07430087,Pectoralis major,PECM1;PECM2;PECM3,0,1,usable,Converged with independently replayed constrained generalized-force equilibrium and small reserve torques,308.441619,1.78540689767,2.99376399227e-08,4.53439801889e-13,0.000208005272978,29,1,0.667201511168,0.999999200696,0.0100006393151,0.0100000957781,0.0100000580053,0.0100001033391,0.0100007283975,0.0100009649826,0.000674248633558,0.000674248633558,0.000674248633558,0.176659971269,0.0100003207427,0.0100002559956,0.0100002214016,0.484066713833,0.010005424887,0.0100055064198,0.0100174449329,0.208697803468,0.0100000660267,0.0100002430899,0.13293465687,0.0100013617642,0.0100019527764,0.0162371527471,0.0745160584319,0.0100010147715,0.0100452377121,0.0100044529659,0.0100014072988,0.0100062008413,0.0100319700879,0.0100033923108,0.0100018114619,0.0100026921967,0.0100032453551,0.0100038470027,0.0100029603271,0.010002666818,0.0128325142989,0.0427309765563,0.0316761746663,0.0124061970552,0.0297518227288,0.0101357427887,0.0100207901577,0.0100076836042,0.0100021389248,0.0100026818879,276.55863095,270.541369099,1.32782421352,4.98971533679,8.37510590891,12.4057479654,2.69396690518,1.37783063449,0,0,0,43.9054562182,2.61916297493,1.79719144894,2.00404892335,195.620388102,7.16698994329,7.04671574407,2.74209043549,71.4474956439,5.24787451817,2.35624097331,141.339386434,2.5030887778,3.32379314166,2.98423500115,12.0510504003,3.60200166877,0,0.599979596268,5.54820674723,2.39836989356,0.0477347059721,1.34495961753,2.52275778368,1.62334296474,2.31895439852,1.68987608517,2.00279983757,1.9553549727,0.258553233916,3.00732579341,1.95540046431,0.439601119528,1.398105089,0.250095774316,0.509683665157,0.438652611697,2.01027896772,1.16724588908
refine__sobol__0001262__elbow_flexion__p5@@posterior_deltoid@@0.00,44.74600288,60.17290128,-58.93553151,22.95428846,-63.69228981,12.84654254,-53.58780851,Posterior deltoid,DELT3,0,1,usable,Converged with independently replayed constrained generalized-force equilibrium and small reserve torques,359.156131,3.47943423601,2.67737512161e-08,2.49400500252e-12,0.000286725245976,12,2,0.0171104487312,0.669155333731,0.000673941129307,0.0100000462992,0.297573359396,0.010000027067,0.999998746682,0.0100001150167,0.999999801255,0.0100002795055,0.0100001094911,0.0100000644988,0.0100000495702,0.0100000635007,0.870049308434,0.010000036625,0.0468615341443,0.0400677269421,0.0100452378263,0.010001228651,0.249824118479,0.0100011632956,0.0100084431493,0.0981101143706,0.0100452378263,0.112215218215,0.0133120600718,0.115475145201,0.0100985023889,0.0175732706553,0.239098928914,0.11819807516,0.0207280896498,0.0616413883552,0.0457151260479,0.0263665820273,0.0124969666876,0.0145352619422,0.0283016341009,0.0206712750782,0.0101090323831,0.0172247488015,0.0253834686248,0.01686049531,0.0101805965949,0.0103378937249,0.0101012233712,0.0101219253008,0.0100178403154,0.0100657768001,16.3512585523,666.037804637,0,4.77391674476,272.519319421,12.0250076998,208.048660328,1.43858423263,443.873420242,6.4846921131,4.58401564399,2.66501648804,2.85229675408,1.80501282724,176.273705532,4.62292485379,28.9714721844,21.1776738692,0,3.47116289772,117.099433775,1.57854712628,11.7796787809,24.2414413766,0,27.3040042036,2.46870601804,21.9521675519,4.47633229566,0.49991789297,52.63777232,29.031355874,1.03790166879,8.45293122647,9.18902114058,3.07934659124,2.57834154918,2.24284570365,5.99497954263,3.26555324105,0.397570288259,1.69321491491,2.24068138829,0.757207259024,0.72038340486,0.475554840585,0.88919237664,0.429078329787,0.846110027316,0.98350593814
refine__sobol__0000603__pro_sup__m2@@posterior_deltoid@@0.00,9.85342476,113.42973722,-41.13767995,109.2970619,4.85458519,23.7669527,39.40047274,Posterior deltoid,DELT3,0,0,solver_failed,The static optimization solver did not converge,1095.899134,,2.35855374342e-07,,,0,0,,,,,,,,,,,,,,,,,,,,,,,,,,,,,,,,,,,,,,,,,,,,,,,,,,,,,,,,,,,,,,,,,,,,,,,,,,,,,,,,,,,,,,,,,,,,,,,,,,,,
refine__sobol__0000625__deviation__p2@@pectoralis_major@@0.00,52.04092476,70.77348722,-38.79392995,54.4533119,79.35458519,11.0013277,-41.22452726,Pectoralis major,PECM1;PECM2;PECM3,0,1,usable,Converged with independently replayed constrained generalized-force equilibrium and small reserve torques,322.97934,2.72827142158,2.69855604529e-08,3.01270119962e-12,0.000307102043053,22,2,0.485689083233,0.25370396187,0.0100000779941,0.0100000331498,0.999999894662,0.0100000120595,0.999999756278,0.0100000958913,0.000673900260913,0.000673900260913,0.000673900260913,0.0100000522773,0.010000038717,0.0100000490913,0.41815920621,0.0100000657106,0.0666029448317,0.0650744679027,0.0100793580029,0.0100452375206,0.124409777226,0.0100005566657,0.0100050122228,0.0100008379259,0.0100452375206,0.0728329712991,0.0100016199902,0.0100014678021,0.0100006553263,0.0100048608042,0.453100877564,0.0802431896111,0.0100042365422,0.0100020693475,0.0100040997793,0.0100094646775,0.0100033561112,0.0100048043909,0.010005087587,0.010014233648,0.0100853274334,0.0139290308972,0.043150509949,0.0363577532996,0.0100107902343,0.0101383846846,0.0190532483088,0.0312043600491,0.0100410400064,0.0606880909301,591.507694823,245.465494394,2.01414505257,4.84381545149,986.561856209,13.0246847926,244.041942061,1.43837372624,0,0,0,2.67894319937,2.88931799082,1.82458277881,84.717600674,2.73320554231,44.7366191616,42.7066865102,0.790121063962,0,47.2941899626,1.0787253027,11.7235827947,2.75949399668,0,18.3341289153,1.92916248039,3.37546700809,4.79800435047,0.692565181869,240.601794302,15.1974109816,0.740816930071,1.70892815067,2.49168954188,1.47591328928,2.32044918551,1.7122785291,2.12463076806,1.91185422241,0.387430910729,1.48284555104,4.0541906813,1.73317872446,0.724749528709,0.478808110598,1.47506809304,1.36248057636,1.08094595678,6.31655496166
refine__sobol__0002761__pro_sup__m5@@posterior_deltoid@@0.00,69.66299507,114.79448331,76.3794099,89.90497205,27.59677269,20.57969684,-39.26163663,Posterior deltoid,DELT3,0,1,usable,Converged with independently replayed constrained generalized-force equilibrium and small reserve torques,332.348089,1.21981827147,5.72871243776e-08,2.40873987423e-12,7.0378397158e-05,18,0,0.0982493758394,0.48503865194,0.000673689205652,0.0100029151533,0.0100003035276,0.0100003445824,0.932325577359,0.0100012259902,0.0100003586492,0.0100001256158,0.0100001693701,0.0100007166739,0.0100005647919,0.0100006491359,0.0100008411512,0.0100452378842,0.18671525503,0.182858160244,0.0378808394237,0.0100452378842,0.101416478378,0.0100004604329,0.0100013082901,0.0100014290321,0.0100452378842,0.0503780481167,0.0190304706059,0.0100023935186,0.0100026246019,0.010006495304,0.0901333183825,0.0844004565298,0.0100109575848,0.0100061552036,0.0100112637478,0.010017710658,0.0100151206093,0.0100177510509,0.0100164515749,0.0100178533942,0.014093547922,0.0424101678219,0.0390231262463,0.0178379135071,0.016895012524,0.0125140790935,0.0100913222732,0.0100391472942,0.0100135259248,0.0100218700427,75.3335702406,217.154627889,0,1.98968969789,9.98332118921,11.4353061641,248.592886249,1.42349172376,3.99960452977,6.36614807049,4.64654739086,2.71736452542,3.01655677662,1.87947975849,2.07997463245,0,132.043071174,126.644114609,9.94669599145,0,50.7364567966,2.65740225283,10.9762405923,2.49485249499,0,12.673592533,3.60944953375,4.07995428849,4.291488051,1.00811135316,46.8010633343,22.5512354524,0.711002918059,1.67199857993,2.48876241705,1.44768376318,2.35180178778,1.7237608158,2.12693332301,1.87076122329,0.554168574214,4.45046179305,3.65067713043,0.850538333985,1.22319100678,0.589805098267,0.77304205523,0.394785855426,0.993147651194,0.939418635529
refine__sobol__0003073__elbow_flexion__m2@@subscapularis@@0.00,39.69229194,81.85014738,-55.82273854,83.01727674,19.23739769,-6.67860394,5.44539462,Subscapularis,SUBSC,0,1,usable,Converged with independently replayed constrained generalized-force equilibrium and small reserve torques,319.672508,4.20547378493,7.86393634655e-08,1.73372427525e-12,0.000268497195843,21,1,0.0100000326624,0.416424831316,0.0100000790647,0.0100000297827,0.0100009823688,0.000673896450535,0.99999970132,0.0100001072042,0.763705414314,0.0100000715572,0.010000074815,0.0100000582902,0.0100000436488,0.0100000583623,0.493642809331,0.0100001313946,0.728696630849,0.713352275191,0.143831307891,0.010045238207,0.664781902408,0.0100002209801,0.0100003420365,0.0100004026172,0.0100011911657,0.0260413509551,0.0100317305556,0.0100009892535,0.0100008504499,0.0100027369587,0.690734185437,0.452967829079,0.0100041222384,0.0100022587173,0.0100208827871,0.0101747693437,0.0100111475866,0.0100151855628,0.0100373334398,0.0109688207789,0.0182872857242,0.0856070330851,0.0769298247381,0.0444080745077,0.0133736499694,0.0157499965305,0.0100194688847,0.0100297786086,0.0100055082989,0.0100114097265,11.0374708219,329.174488156,1.99999904498,4.65598467096,9.29502840923,0,235.972562234,1.43267331476,339.006140101,6.57080662683,4.81934693919,2.70125227309,2.930729109,1.85030774286,102.685007902,1.29536834105,510.516073972,489.242219514,36.7647708988,0,338.239127275,2.10467473916,11.145124272,2.56760089512,3.17267186998,6.56328304234,1.46349674848,3.78594010159,4.31290405368,0.9316351117,368.973649729,123.349032875,0.67041401462,1.60557932938,2.58908529256,1.65333700036,2.37049984523,1.73135006108,2.0670366296,2.1636617978,0.41630382909,7.99290018246,6.29221118848,2.13497598061,0.675883467671,0.646058984781,0.717474034135,0.461204589682,1.99465689124,1.16530803138
refine__sobol__0001711__shoulder_elv__p2@@anterior_deltoid@@0.00,-47.18759087,107.74907316,38.18360911,69.37030409,-34.16103981,17.0506441,27.62312899,Anterior deltoid,DELT1,0,0,solver_failed,The static optimization solver did not converge,1919.584025,,3.06564373886e-08,,,0,0,,,,,,,,,,,,,,,,,,,,,,,,,,,,,,,,,,,,,,,,,,,,,,,,,,,,,,,,,,,,,,,,,,,,,,,,,,,,,,,,,,,,,,,,,,,,,,,,,,,,
refine__sobol__0002303__elbow_flexion__m5@@supraspinatus@@0.00,-51.09872368,96.64018644,-31.57957448,96.96551893,-71.62197731,15.62364215,40.07430087,Supraspinatus,SUPSP,0,1,usable,Converged with independently replayed constrained generalized-force equilibrium and small reserve torques,452.832586,2.30829758042,6.65956179091e-08,5.75539615966e-13,0.00028095455297,31,1,0.890625967056,0.99999960676,0.0100004457066,0.000673909842864,0.0100000365325,0.0100000854126,0.0100005036182,0.0100007406305,0.0100000524897,0.010000028339,0.0100000392921,0.328846054064,0.0100002371039,0.0100001863786,0.0100001578111,0.558576014587,0.0100046254829,0.010004708394,0.0100159230305,0.235083502668,0.0100000442952,0.0100001869215,0.159163790329,0.0100012422529,0.0100018416069,0.0170600212394,0.0743369846269,0.0100009215552,0.010045238121,0.0100036379141,0.0100013099811,0.0100057264516,0.0100207348801,0.0100029521828,0.0100016854435,0.0100025191436,0.0100030025246,0.0100035715259,0.0100027558207,0.0100025050913,0.0133513715828,0.0451150104657,0.0335304880616,0.0132066451072,0.0311548455876,0.0101690820316,0.0100205687699,0.0100074356594,0.0100020463057,0.0100025757078,369.169274026,270.541480105,1.327798504,0,8.37508792664,12.4057257263,2.69390635481,1.37779972531,4.0574619262,5.45719917327,4.93559120213,81.7283956367,2.61914106708,1.79717893754,2.00403616025,236.683635176,7.13758487398,6.99796413722,2.69510726791,80.0576657858,5.20485331489,2.18566199199,171.672720402,2.56040456575,3.36518555036,3.16508744038,12.0565617881,3.66305412424,0,0.691149922351,5.39552248418,2.37945444968,0.123549433784,1.42586178617,2.52413930167,1.62352679441,2.31972723575,1.6904503271,2.00353247695,1.95591044395,0.266509616769,3.16137255337,2.06735600167,0.46622368924,1.46674792259,0.250996613725,0.51011417498,0.438641744171,2.01026035267,1.16723349857
refine__sobol__0001262__shoulder_rot__p5@@triceps@@0.00,44.74600288,60.17290128,-53.93553151,17.95428846,-63.69228981,12.84654254,-53.58780851,Triceps,TRIlong;TRIlat;TRImed,0,1,usable,Converged with independently replayed constrained generalized-force equilibrium and small reserve torques,598.323271,1.39710571127,4.12828100593e-08,3.05533376377e-12,6.01893245291e-05,13,0,0.309522027827,0.308394248641,0.0100004188906,0.0100002657155,0.819620648142,0.0100001322109,0.436499187245,0.0100005287174,0.496795369036,0.0100005577293,0.0100003607218,0.0100003106174,0.0100002496141,0.0100003101707,0.121477296017,0.000673830603583,0.000673830603583,0.000673830603583,0.0100452375486,0.0100019084808,0.150156601185,0.0100023532141,0.0461683884147,0.0773889468148,0.0100452375486,0.086886617345,0.0100084391439,0.0938514564749,0.0100082463926,0.0137300258066,0.14930944206,0.0748929385357,0.0129400159657,0.0409073505427,0.034297135107,0.0221556089728,0.0100371453983,0.0100783951426,0.0168082685919,0.0197652132031,0.0100321919262,0.0100227375761,0.010074678192,0.0103029314011,0.010022597315,0.0100602880712,0.0100979452582,0.0116133527161,0.0100353424807,0.0186829882777,318.922144013,306.188170358,2.00429727952,4.77198916063,772.492671325,12.4258754706,97.7387349429,1.4386323376,220.489201227,6.46500118588,4.57057022975,2.66130115197,2.84630338298,1.80253432018,24.5843832812,0,0,0,0,3.47139884867,67.3190001091,1.50635533427,54.2871254172,18.8244156212,0,21.2161466996,1.84763962932,16.7215788082,4.33308712637,0.353595729759,30.0384525485,18.3949150447,0.617123971165,5.45747382948,6.89393482674,2.58754809022,2.07083764102,1.55513435776,3.56040312006,3.12241774123,0.393591100359,0.976730872283,0.885702603095,0.460749374082,0.706423753987,0.462784665556,0.888903810298,0.49230139909,0.84758826603,1.82547559718
refine__sobol__0002303__elbow_flexion__p5@@brachialis@@0.00,-51.09872368,96.64018644,-31.57957448,106.96551893,-71.62197731,15.62364215,40.07430087,Brachialis,BRA,0,1,usable,Converged with independently replayed constrained generalized-force equilibrium and small reserve torques,323.233102,2.56974948995,4.49835084737e-08,1.58451030075e-12,0.000335369846558,34,1,0.802277635379,0.999999658849,0.0100005026213,0.0100000650488,0.0100000379893,0.0100000539271,0.0100005651414,0.0100007100579,0.0100000455074,0.0100000244406,0.0100000340493,0.321071179524,0.0100002209356,0.0100001700986,0.0100001453395,0.563112232762,0.0100003750717,0.0100003795025,0.0100016371148,0.665706975855,0.0100000524538,0.0100002102356,0.000673751145728,0.221436635008,0.0100036916948,0.0100042881037,0.0642365220878,0.010000755739,0.0100452378431,0.0100038824216,0.0100010211314,0.0100022170367,0.0100436676698,0.0100038155253,0.0100011862053,0.0100017772053,0.0100026676189,0.0100030006019,0.0100021909179,0.0100018396401,0.0205853666275,0.0456817034154,0.0283903141001,0.0100728155176,0.0430951819288,0.0100371393552,0.0100087972592,0.010003869153,0.0100011575058,0.0100013541535,332.5484145,270.541492667,1.32780606542,4.9897000039,8.37508914485,12.4056866666,2.69392292775,1.37779551366,4.05745909426,5.4571970438,4.93558861391,79.7960993411,2.61913683542,1.79717601205,2.00403368817,216.555965243,7.17226771847,7.08998405588,2.78473786955,226.706451049,5.25102754345,2.52726546824,0,53.9215391474,3.28192687944,1.81966776454,10.3143518863,3.545602296,0,0.538698009771,5.56863283273,2.37861987865,0.00652271466065,1.28171817738,2.52401330829,1.62340636909,2.31964957011,1.69035384971,2.00341932806,1.95578032028,0.418550133728,3.22489025016,1.75348601597,0.35807883569,2.02408200444,0.247739961411,0.509514926109,0.438485418515,2.0100817173,1.16709095138
refine__sobol__0000625__flexion__m2@@coracobrachialis@@0.00,52.04092476,70.77348722,-38.79392995,54.4533119,79.35458519,9.0013277,-43.22452726,Coracobrachialis,CORB,0,1,usable,Converged with independently replayed constrained generalized-force equilibrium and small reserve torques,398.496615,2.31457628906,2.68896371836e-08,4.60431692773e-12,9.26250721947e-05,23,1,0.379605072958,0.273694187803,0.0100002776615,0.0100001337399,0.999999013846,0.0100000646299,0.817994623175,0.0100003319352,0.548210723015,0.010000192293,0.0100001618867,0.0100001921688,0.0100001483529,0.0100001811773,0.000673922461375,0.0100002317532,0.0100130585686,0.010013275636,0.0100389788595,0.0100452377283,0.01000542456,0.0100014344374,0.0299622492038,0.010001519425,0.0100452377283,0.0791007280965,0.0100020151351,0.0100024514862,0.0100008746598,0.0100072027885,0.32820972084,0.053141883881,0.0100060154039,0.0100029924564,0.0100055470168,0.0100125950568,0.0100042374959,0.0100060943782,0.0100065558839,0.0100185906129,0.0100546309199,0.010073494944,0.0308092582268,0.0280119075486,0.010012399154,0.0101116385464,0.0136797859605,0.0247971487481,0.0100341126106,0.0459995343004,462.310826824,264.806582539,2.01418526816,4.84386417526,986.560987242,13.024753264,199.625045093,1.43840767785,241.876043739,6.44189266782,4.59053017545,2.67898067533,2.88934966803,1.8246068789,0,2.73325092579,6.72568441143,6.57145324873,0.786955740062,0,3.80354711852,1.07881998422,35.108893567,2.75968204018,0,19.817123028,1.92936617428,3.35043489588,4.79805824558,0.677863099074,174.283148975,10.0646429137,0.729470803321,1.70576992079,2.47278291934,1.46636009619,2.30011608147,1.70451261599,2.12512538871,1.90464984326,0.386578985209,1.07142538589,2.88748212925,1.32894382668,0.724848131524,0.476884052809,1.07681295975,1.0998072089,1.06259085096,4.84981930928
refine__sobol__0000673__pro_sup__p5@@subscapularis@@0.00,31.65029976,97.68754972,55.54200755,18.3986244,79.97958519,13.78648395,40.80672274,Subscapularis,SUBSC,0,1,usable,Converged with independently replayed constrained generalized-force equilibrium and small reserve torques,408.420864,1.28708403093,7.28568565478e-08,5.85019936858e-13,7.2254889479e-05,28,0,0.0480596640025,0.985887677027,0.113053942192,0.0100015500289,0.112052537966,0.000673976663591,0.0100022535576,0.0100018628184,0.0100024595157,0.0100002990095,0.0100002935298,0.0100013315109,0.0100009587669,0.0100009552372,0.0100006742759,0.0100035445532,0.155071576014,0.127108578015,0.0100452372303,0.0100452372303,0.0100008375073,0.0100298563912,0.0100028733141,0.0100031042019,0.0100075731115,0.0549099498757,0.0549297038018,0.0100004623359,0.0100007847356,0.0100015804223,0.448229377039,0.0778421591834,0.0100026250617,0.0100011712879,0.0100010319043,0.0100016349113,0.0100014556049,0.0100018429586,0.0100015372977,0.010001669025,0.0264776892516,0.122470748283,0.0957710426869,0.0532993439519,0.0497803939945,0.0264907277098,0.0118911597838,0.0100156254493,0.0100025369879,0.0100042556148,58.3322115334,402.223731875,22.7714656722,4.4544188732,117.305822484,0,2.58088570222,1.43876542906,4.23714426182,6.38143174188,4.61967209215,2.6470183793,2.88584409883,1.82724747754,2.02913373693,3.59507892019,91.9206354099,61.758103752,0,0,1.73435233593,0.0124121916251,11.7633778023,2.40508861145,2.22766099435,7.30811032327,10.3328574258,4.04179200804,3.73963719863,0.958950612417,249.724753432,14.6707783905,0.691972167292,1.62357912774,2.43294547801,1.57442705307,2.26691911537,1.65125731118,1.94474747451,1.89279305505,0.58992352221,9.96034989072,6.4788866589,2.00507171125,2.78509869741,0.625050271336,0.477886833517,0.448448577757,2.00935142288,1.16743543953
refine__sobol__0000673__deviation__p5@@biceps@@0.00,31.65029976,97.68754972,55.54200755,18.3986244,74.97958519,18.78648395,40.80672274,Biceps,BIClong;BICshort,0,1,usable,Converged with independently replayed constrained generalized-force equilibrium and small reserve torques,394.012012,1.09132498636,6.56759908679e-08,1.20008556471e-12,3.40929451374e-05,27,0,0.0478376722923,0.988150573975,0.113831205599,0.0100015542603,0.115731585383,0.0100006318004,0.0100022579488,0.0100018569183,0.0100024505096,0.0100002980079,0.0100002925442,0.0100013264037,0.0100009556387,0.0100009522749,0.0100006725294,0.010002795608,0.0982701749376,0.0805512573955,0.0100452376213,0.0100452376213,0.000673947271405,0.000673947271405,0.010004378984,0.0100061880135,0.0175428105625,0.0659193291431,0.0777720289258,0.0100007610079,0.0100012514803,0.0100025214094,0.191013617534,0.0440474625091,0.0100040835775,0.0100018607907,0.0100014885381,0.0100023143873,0.0100020428633,0.0100025845258,0.010002150368,0.0100023130246,0.0197744954881,0.0938519849581,0.0702877962887,0.0395955691896,0.0405741790077,0.0216447941252,0.0116825228324,0.0100250460999,0.0100037812463,0.0100068552576,58.0627700412,403.146951254,22.9280230344,4.45442075704,121.157352248,11.5079859896,2.5808868353,1.43876458034,4.23714044654,6.38143110275,4.61967163694,2.64701702768,2.88584319632,1.82724693637,2.02913338259,3.59480976107,58.2508874835,39.1373500758,0,0,0,0,11.7651484701,2.41206021713,3.81362027266,8.66173260783,14.9055006929,4.05442301598,3.29599455847,0.964522886352,106.425975563,8.68007360775,0.691064948448,1.62330483926,2.44344009426,1.58154587854,2.26950766854,1.65403888427,1.95005571575,1.90218996529,0.470958767222,7.99068502047,4.9264717235,1.51784254193,2.34342419845,0.507103028728,0.436442770842,0.420946379313,2.01071436201,1.16702467862
refine__sobol__0000603__elbow_flexion__m5@@teres_major@@0.00,9.85342476,113.42973722,-41.13767995,104.2970619,6.85458519,23.7669527,39.40047274,Teres major,TMAJ,0,1,usable,Converged with independently replayed constrained generalized-force equilibrium and small reserve torques,323.638132,5.36638572988,2.41506128873e-07,2.60058641288e-12,0.000683126388514,27,3,0.0100000404779,0.498454835678,0.999999911243,0.71629625812,0.473036060669,0.236578755377,0.0100001201632,0.000673983249569,0.999999603388,0.0100000099455,0.0100000077534,0.010000296929,0.0100001064758,0.0100000705593,0.0100000425866,0.999993760053,0.0409163128758,0.0403233681702,0.0103547053749,0.0100452377745,0.010000012222,0.0100000346743,0.0100054242379,0.0100011581981,0.0100001283485,0.0100005402813,0.989372146009,0.0100004734866,0.0100452377745,0.0100024662351,0.0100001612929,0.0100004054301,0.0100452377745,0.17810793944,0.0100008066563,0.0100008802684,0.345620626392,0.148920444603,0.0100136738908,0.0100007993303,0.123013672271,0.199322076489,0.139449766994,0.0100080380727,0.2981649609,0.010004251166,0.0100012304875,0.0100005536682,0.0100001504697,0.010000176048,12.1374054901,4.54496599822,192.923237901,20.8579238897,465.502001271,303.576879944,2.59217803066,0,443.744349047,6.22214234341,4.97023248236,2.71283565711,2.98096451764,1.87873962297,1.2775612381,85.2012466925,29.3325530929,28.4882100019,2.85708617586,0,4.87412111953,2.22534577459,10.5535207882,1.7142694514,3.20975832874,1.63295770383,175.901309543,2.84812183904,0,0.317622738865,5.16299336198,2.79819896137,0,17.1683825296,2.48094656534,1.60682342271,79.1159143353,24.8534227656,1.97797113158,1.93541771315,2.81377646836,15.6825327726,9.20399915442,0.369574412821,14.9314389195,0.246625611125,0.408608731672,0.390006746567,2.00723111342,1.14912433976
refine__sobol__0000603__flexion__m2@@brachialis@@0.00,9.85342476,113.42973722,-41.13767995,109.2970619,6.85458519,23.7669527,37.40047274,Brachialis,BRA,0,1,usable,Converged with independently replayed constrained generalized-force equilibrium and small reserve torques,312.837042,5.17431709101,2.34750704209e-07,4.04795460586e-12,0.000751135476268,27,2,0.0100000335784,0.54455840307,0.999999922659,0.783779408869,0.425823756248,0.180799524429,0.010000108733,0.0100001962213,0.999999640804,0.0100000082125,0.0100000062162,0.010000283273,0.0100000987731,0.0100000643513,0.0100000379844,0.930362132198,0.0495260358462,0.0490942506756,0.0117637471398,0.0100452378663,0.0100000097337,0.0100000260388,0.000673968006977,0.0100016861502,0.0100001468387,0.0100006032207,0.928307575471,0.0100005535819,0.0100452378663,0.0100032268617,0.0100002011012,0.0100004964419,0.0100452378663,0.15921440696,0.0100009863345,0.0100010497828,0.338935014794,0.154395330163,0.0100991966321,0.0100009523139,0.116616445169,0.198580048265,0.133119738195,0.0100095188167,0.274885192621,0.0100047545012,0.0100013410932,0.0100006260213,0.0100001705095,0.0100002007067,12.1373971161,4.96534340286,192.923240105,22.8229745014,419.041648572,232.001201613,2.59217506757,1.42662493725,443.74436565,6.22214126441,4.9702317183,2.71283195263,2.98096222159,1.87873845665,1.27756065035,61.4203718057,35.5257958511,34.9088801905,3.30048271484,0,4.7815892882,2.42280381821,0,1.25463122867,3.15256374069,1.63729877382,166.174584833,2.73529553794,0,0.279892984378,5.09239616036,2.79822442734,0,14.714673235,2.48995874677,1.61145788433,77.8067092067,25.8408476679,2.00087138611,1.94109873284,2.75423310917,16.1374290425,8.9940070239,0.379061475257,14.0277004526,0.25573386394,0.416140720838,0.389810629284,2.00349628843,1.14393978943
refine__sobol__0000603__flexion__p5@@subscapularis@@0.00,9.85342476,113.42973722,-41.13767995,109.2970619,6.85458519,23.7669527,44.40047274,Subscapularis,SUBSC,0,0,capacity_limited,At least one muscle reached the conservative capacity threshold while nontrivial reserve torque was still required,342.378116,10.6947500956,2.30977551752e-07,1.33043886308e-06,0.0237671634257,28,6,,,,,,,,,,,,,,,,,,,,,,,,,,,,,,,,,,,,,,,,,,,,,,,,,,,,,,,,,,,,,,,,,,,,,,,,,,,,,,,,,,,,,,,,,,,,,,,,,,,,
refine__sobol__0001369__flexion__m2@@biceps@@0.00,54.23819038,98.00493253,-15.86912526,47.66131971,-5.87978981,3.89146441,-12.69718351,Biceps,BIClong;BICshort,0,0,solver_failed,The static optimization solver did not converge,1295.53466,,1.81686772294e-08,,,0,0,,,,,,,,,,,,,,,,,,,,,,,,,,,,,,,,,,,,,,,,,,,,,,,,,,,,,,,,,,,,,,,,,,,,,,,,,,,,,,,,,,,,,,,,,,,,,,,,,,,,
refine__sobol__0004077__shoulder_rot__p5@@teres_minor@@0.00,90.14151069,110.66850675,-33.97703542,118.91376112,35.64364769,18.44346637,45.17195712,Teres minor,TMIN,0,1,usable,Converged with independently replayed constrained generalized-force equilibrium and small reserve torques,439.367435,1.61149028932,5.00532024716e-08,1.97530880541e-12,0.00037289295371,23,0,0.633467525205,0.615198289573,0.0100010094927,0.0100001836674,0.896021959791,0.010000024131,0.000674386962384,0.0100002288733,0.0100000524343,0.0100000164056,0.0100000237146,0.010000074289,0.010000062119,0.0100000968447,0.0100001164002,0.0100452380589,0.0747088704853,0.074643841066,0.0189494812185,0.0100452380589,0.0100000667262,0.01000008272,0.010003641843,0.0100126272138,0.0100017985436,0.0100083795046,0.0755903138873,0.0100053748945,0.0100452380589,0.0100452373357,0.0560429474524,0.0488384150721,0.0100452380589,0.0100234927221,0.0100054679084,0.0100070072545,0.0100272996717,0.0100193307905,0.0100123408171,0.0100063781897,0.0128351336249,0.0311920817742,0.0230796471387,0.0100821605967,0.0206983651387,0.0100327877742,0.0100132059917,0.0100062900859,0.0100019550832,0.010002268426,493.014025266,590.823227687,1.7127822219,3.80417311367,933.592212044,11.4940256046,0,1.25390828559,4.41054599045,6.55920269133,4.94530792883,2.75599434945,2.975391411,1.88067293102,2.07329229366,0,53.5950916858,53.5018212206,5.3664825274,0,4.91110841062,3.1666397957,8.93908226394,0.386027442998,3.04636405277,1.37280743985,12.1917069946,1.49978815486,0,2.16294748535e-06,20.1346766241,12.8081643257,0,0.519308243647,2.42451148022,1.57366835469,2.26073076698,1.64597262337,1.93996135659,1.8956506442,0.273288419655,2.26056543472,1.4093488371,0.352614529096,0.912317912415,0.217869451125,0.386665112518,0.422898370748,2.01001226034,1.16709631229
refine__sobol__0000625__shoulder_rot__m5@@teres_minor@@0.00,52.04092476,70.77348722,-43.79392995,54.4533119,79.35458519,9.0013277,-41.22452726,Teres minor,TMIN,0,1,usable,Converged with independently replayed constrained generalized-force equilibrium and small reserve torques,402.69469,0.29135854672,2.63095785158e-08,9.30681898564e-13,4.73410997622e-05,23,0,0.162730393559,0.318809051545,0.0100604050679,0.036513348497,0.179708920686,0.010005709438,0.000673716982192,0.0100062893807,0.0100044718794,0.0100011828997,0.0100012699476,0.0100042562411,0.0100036936892,0.0100038805986,0.0100044117141,0.0100044611015,0.0100132871431,0.0100135064151,0.0100391097593,0.0100452380084,0.0100017371576,0.0100029384496,0.0292400462213,0.0100014960408,0.0100452380084,0.0820397676444,0.0100019805114,0.0100023832488,0.0100008519239,0.0100069615202,0.332165787376,0.0538434627246,0.0100058641433,0.0100029357519,0.0100053999744,0.010012272259,0.0100041398474,0.0100059719621,0.0100064378759,0.0100181519591,0.010054391583,0.0100785884617,0.0317929327345,0.0285366179991,0.0100121624837,0.0101210483652,0.0151892635448,0.0260137148931,0.0100324055885,0.049385780024,198.188924549,309.802102004,2.02626293133,17.7301130568,175.508822555,12.9237622023,0,1.4390378728,4.42689735871,6.46419279336,4.60460931954,2.68388778808,2.89566079258,1.82789789811,2.02908830509,2.7049751531,6.72583794289,6.57160470307,0.786966001337,0,3.79687837258,1.04964599849,34.2626370836,2.75967558785,0,20.6211631711,1.9293627088,3.40844813163,4.79814004113,0.698879298866,176.383865955,10.1975162712,0.736935058778,1.70819286319,2.49408708273,1.48057828006,2.3125712857,1.71010499993,2.12495138859,1.91695700572,0.382289926499,1.07671988501,2.98954766449,1.35956089834,0.724737712815,0.478143119802,1.18485377849,1.15581675985,1.09831893877,5.24379905861
refine__sobol__0000603__shoulder_elv__m2@@middle_deltoid@@0.00,9.85342476,111.42973722,-41.13767995,109.2970619,6.85458519,23.7669527,39.40047274,Middle deltoid,DELT2,0,1,usable,Converged with independently replayed constrained generalized-force equilibrium and small reserve torques,464.510875,5.33254792286,2.35679749494e-07,5.73900128119e-12,0.000639798561543,28,2,0.0100000271248,0.000674311382896,0.999999916516,0.910674796441,0.449801242006,0.214825352764,0.0100001339605,0.0100002501268,0.999990604838,0.0100000103303,0.0100000083434,0.0100003980832,0.0100001330305,0.010000079071,0.0100000442704,0.959679717492,0.0491983675799,0.0487694247759,0.0116976541959,0.0100452377617,0.0100000148287,0.0100000329719,0.010004671766,0.0100014155486,0.0100001283109,0.0100005439672,0.99065673706,0.0100005128346,0.0100452377617,0.0100032131682,0.0100001616868,0.010000401393,0.0100452377617,0.164218569161,0.0100008153294,0.0100008845978,0.356374544176,0.156251459572,0.010017457112,0.0100008025474,0.124625228792,0.197375988166,0.137513345908,0.0100076427513,0.29942346487,0.0100041798927,0.0100012181129,0.0100005490074,0.0100001493123,0.0100001745917,12.0833253764,0,192.52761918,33.2608855943,442.775710253,276.011640033,2.58874211628,1.43005054221,443.787948626,6.27013481436,4.97156170115,2.70896118368,2.97270020589,1.87767210366,1.30187054468,69.6297597608,35.2907543071,34.6779099994,3.28193942085,0,4.77987867336,2.44510715161,10.2979484155,1.25459728599,3.1569691016,1.60340785807,175.613359402,2.60568747467,0,0.238200347142,5.09237608979,2.79819783188,0,14.3550544607,2.48094871689,1.60682411828,81.5775904414,26.0769002723,1.97871841994,1.93541833573,2.88883899743,15.6780048658,9.12617300986,0.372229757626,15.0052925687,0.246623854031,0.408608226032,0.39000656477,2.00723088111,1.1491241724
refine__sobol__0000625__elv_angle__m2@@supraspinatus@@0.00,50.04092476,70.77348722,-38.79392995,54.4533119,79.35458519,9.0013277,-41.22452726,Supraspinatus,SUPSP,0,1,usable,Converged with independently replayed constrained generalized-force equilibrium and small reserve torques,545.981301,1.13189229682,3.17029673624e-08,1.32522166929e-12,4.63127496209e-05,22,0,0.364646322025,0.21182562511,0.010000785456,0.000673954130691,0.832560143855,0.0100001794253,0.353096262822,0.010000855949,0.110208411822,0.0100004333733,0.0100003910863,0.0100005034639,0.0100003973354,0.0100004844752,0.0100370671809,0.0100005966962,0.0100126884134,0.0100129017962,0.0100387592075,0.0100452378303,0.0100031985797,0.010002295439,0.0311869789492,0.0100015383236,0.0100452378303,0.0785469039265,0.0100021948682,0.0100022795786,0.0100009113628,0.0100068083971,0.325819443149,0.0526734834616,0.0100060313955,0.0100030092473,0.0100052265475,0.0100113652097,0.0100042931107,0.0100061085595,0.0100064181309,0.0100156908518,0.0100731337478,0.0111856757549,0.0347865650166,0.0285550947383,0.010014137831,0.0101747680146,0.0143679455096,0.0226516380452,0.0100250296518,0.0413027063875,444.006732848,203.351444242,2.0141726876,0,820.330768852,13.0398955666,86.3146459426,1.43854247632,48.6883838356,6.45576176145,4.60269168379,2.67744719044,2.88630812706,1.8233072762,2.04230203724,2.7660624482,6.72543578134,6.57120790733,0.786938521263,0,3.8395434605,1.04483649494,36.5439963189,2.75968725479,0,19.7432119686,1.92940405782,3.40841280458,4.79816855833,0.698868604854,173.013883941,9.9759316638,0.736947376963,1.70820541394,2.49404385189,1.48044414894,2.31260671428,1.71012834559,2.12494719556,1.91648607687,0.383002544543,1.19499268754,3.27104438805,1.36044117967,0.724880699773,0.480680967645,1.12078603915,1.0064361433,1.09751144242,4.38553552789
refine__sobol__0000463__shoulder_elv__m5@@coracobrachialis@@0.00,-42.35360649,83.16606534,77.66114818,12.43182752,74.51083519,-8.80628949,-44.15421476,Coracobrachialis,CORB,0,0,solver_failed,The static optimization solver did not converge,1058.812821,,2.40275896957e-07,,,0,0,,,,,,,,,,,,,,,,,,,,,,,,,,,,,,,,,,,,,,,,,,,,,,,,,,,,,,,,,,,,,,,,,,,,,,,,,,,,,,,,,,,,,,,,,,,,,,,,,,,,
refine__sobol__0001387__shoulder_elv__p5@@anterior_deltoid@@0.00,23.30069038,100.97368253,56.78712474,29.38006971,56.62021019,14.28208941,-8.82218351,Anterior deltoid,DELT1,0,0,solver_failed,The static optimization solver did not converge,921.136768,,1.59138195954e-08,,,0,0,,,,,,,,,,,,,,,,,,,,,,,,,,,,,,,,,,,,,,,,,,,,,,,,,,,,,,,,,,,,,,,,,,,,,,,,,,,,,,,,,,,,,,,,,,,,,,,,,,,,
refine__sobol__0002303__shoulder_elv__m5@@subscapularis@@0.00,-51.09872368,91.64018644,-31.57957448,101.96551893,-71.62197731,15.62364215,40.07430087,Subscapularis,SUBSC,0,1,usable,Converged with independently replayed constrained generalized-force equilibrium and small reserve torques,362.594639,1.26469320157,3.24563238507e-08,6.09356286708e-13,9.71212111634e-05,31,0,0.376416727991,0.958078493708,0.010003459244,0.0200889951039,0.0100023360064,0.000673680626806,0.0100029813722,0.0100012074039,0.0100002662224,0.0100001430547,0.0100001649385,0.0100011401192,0.0100006138765,0.0100005723448,0.0100015925021,0.354015421565,0.0100062594827,0.0100063515411,0.0100192342534,0.233166672768,0.010000437486,0.0100006922396,0.11283329795,0.0100011265998,0.0100016740986,0.0118876430691,0.0693464911491,0.0100009682872,0.0100452377565,0.0100041947269,0.0100012370191,0.0100058402911,0.010029765655,0.0100032340649,0.0100018135746,0.0100027025514,0.0100032908417,0.0100038887947,0.0100029904576,0.0100026930779,0.0124766583049,0.040500694884,0.029871996442,0.0113395492384,0.0291367186844,0.0101143886535,0.0100197654854,0.0100075612923,0.010002127453,0.010002650334,129.667128902,345.957905551,1.06999818979,10.028025628,8.81696742884,0,2.69435913338,1.36157300232,4.06452110563,5.65227236698,4.96424025566,2.43192265767,2.43308725095,1.78201711613,0.837288065822,156.483681837,7.16758777301,7.04731094963,2.74258022926,79.4048895355,5.2503193731,2.46300025629,119.967128778,2.50882500894,3.32770684856,2.18604244189,11.1819903222,3.61397903548,0,0.614418601513,5.53455186959,2.37948152177,0.0569627558563,1.35829765012,2.52417163828,1.62355656366,2.31979409735,1.69050394064,2.00357947425,1.95594720323,0.250966306669,2.8443807849,1.84150894801,0.401341991242,1.3687239048,0.249646653803,0.510073282272,0.438647250777,2.01027666205,1.16724220694
refine__sobol__0000463__shoulder_rot__m2@@middle_deltoid@@0.00,-42.35360649,88.16606534,75.66114818,12.43182752,74.51083519,-8.80628949,-44.15421476,Middle deltoid,DELT2,0,0,solver_failed,The static optimization solver did not converge,963.955935,,2.07927554285e-07,,,0,0,,,,,,,,,,,,,,,,,,,,,,,,,,,,,,,,,,,,,,,,,,,,,,,,,,,,,,,,,,,,,,,,,,,,,,,,,,,,,,,,,,,,,,,,,,,,,,,,,,,,
refine__sobol__0000603__flexion__p2@@coracobrachialis@@0.00,9.85342476,113.42973722,-41.13767995,109.2970619,6.85458519,23.7669527,41.40047274,Coracobrachialis,CORB,0,1,usable,Converged with independently replayed constrained generalized-force equilibrium and small reserve torques,339.071417,5.34003817998,2.299527182e-07,2.77822209682e-12,0.000714477520678,28,3,0.0100000360837,0.51838390867,0.999999917179,0.745999731402,0.422160009818,0.176043141253,0.0100001148222,0.0100002061355,0.999999608376,0.0100000091352,0.0100000070378,0.0100002962132,0.0100001039502,0.010000068014,0.000673980974599,0.884379673087,0.060957804056,0.0604262375458,0.0142697069822,0.0100452377788,0.0100000157324,0.0100000361256,0.0100038449601,0.0100007057634,0.0100000797956,0.0100003965964,0.99999900305,0.0100003290184,0.0100452377788,0.0100024102633,0.0100000708514,0.0100001834591,0.0100452377788,0.199909369706,0.0100004222746,0.0100004833092,0.393271684191,0.12769975118,0.0100024417051,0.0100004433112,0.16499171791,0.219126777294,0.158425449696,0.010004044848,0.444087809847,0.0100028594462,0.0100008651941,0.0100003600282,0.0100000959041,0.0100001116669,12.137400155,4.72668159843,192.923239021,21.7228632213,415.436254771,225.897830413,2.59217664598,1.42662635178,443.744351263,6.22214183935,4.97023212666,2.71283546281,2.98096376453,1.87873914474,0,58.3847158455,43.7259810001,42.9665848399,4.00356456819,0,4.78159215746,2.42280626142,10.2970973723,1.25450824861,3.16131276825,1.56976863897,175.531803186,2.47470453088,0,0.197376784331,5.0923298337,2.79813685214,0,16.4686619997,2.47183551532,1.60195747814,89.7652900183,21.2504140236,1.96970246333,1.92961018122,3.75311039067,17.0065895872,10.3257927494,0.365371809682,21.7866806225,0.237718740884,0.401220554954,0.390195696235,2.00902649416,1.15349765099
refine__sobol__0000603__shoulder_rot__p2@@brachialis@@0.00,9.85342476,113.42973722,-39.13767995,109.2970619,6.85458519,23.7669527,39.40047274,Brachialis,BRA,0,0,reserve_too_high,The posture requires more reserve torque than the quality limit permits,311.167257,23.2112556306,2.32232526542e-07,1.46505218623e-06,0.0527903755102,27,5,,,,,,,,,,,,,,,,,,,,,,,,,,,,,,,,,,,,,,,,,,,,,,,,,,,,,,,,,,,,,,,,,,,,,,,,,,,,,,,,,,,,,,,,,,,,,,,,,,,,
refine__sobol__0004077__shoulder_rot__m2@@infraspinatus@@0.00,90.14151069,110.66850675,-40.97703542,118.91376112,35.64364769,18.44346637,45.17195712,Infraspinatus,INFSP,0,0,reserve_too_high,The posture requires more reserve torque than the quality limit permits,327.976018,24.4831067633,3.70738248989e-08,1.96254345397e-06,0.0900690910401,23,1,,,,,,,,,,,,,,,,,,,,,,,,,,,,,,,,,,,,,,,,,,,,,,,,,,,,,,,,,,,,,,,,,,,,,,,,,,,,,,,,,,,,,,,,,,,,,,,,,,,,
refine__sobol__0000463__elv_angle__m5@@brachialis@@0.00,-47.35360649,88.16606534,77.66114818,12.43182752,74.51083519,-8.80628949,-44.15421476,Brachialis,BRA,0,1,usable,Converged with independently replayed constrained generalized-force equilibrium and small reserve torques,436.540153,2.33146681375,2.41574873883e-07,1.00186525742e-12,6.70280684511e-05,23,0,0.0100029852958,0.640163007974,0.0100011192778,0.966615091369,0.0100004614692,0.0100000731097,0.0100452392142,0.0100006109563,0.0937396120638,0.0100001230279,0.0100001548748,0.0100003092374,0.010000588103,0.0100003251119,0.01000080402,0.128352844504,0.198289583753,0.156126635838,0.0100452392142,0.0100452392142,0.252200086706,0.0100452392142,0.00067289968896,0.0100038089369,0.0100452392142,0.633640792259,0.0100004647502,0.317708296763,0.0100003229429,0.0100155785563,0.410714452074,0.096189280399,0.0100051066378,0.0100024697657,0.16982468922,0.181413192871,0.0100023729121,0.0100073159554,0.0912231967819,0.266447244922,0.0100050331569,0.0100014513824,0.0100193389508,0.0262214461251,0.010002998421,0.0536262266958,0.0100030047681,0.0487200943863,0.0100046170758,0.0657644637977,1.75616121749,459.708769741,1.71404656834,190.144414921,1.19810595649,12.1923839588,0,1.34872790258,36.1158826779,5.85847566731,4.97263110761,1.49374374449,0.561644400974,1.78248677063,1.15978718522,86.6356976217,108.084257006,67.0059342153,0,0,15.1596144113,0,0,2.36891285983,0,156.562443827,1.91215858125,88.8652496914,3.1307087948,0.523938037913,228.841637609,19.0457449492,0.499763482777,1.44063567171,42.5555603377,27.4997344346,2.19924515027,1.67536364623,19.3735326407,51.9218285953,0.383769887474,1.06300971795,0.919203146757,1.19886544268,0.724169952296,2.52242300528,0.774733617482,2.24079957646,1.05854062307,7.56120953977
refine__sobol__0000673__deviation__m5@@brachioradialis@@0.00,31.65029976,97.68754972,55.54200755,18.3986244,74.97958519,8.78648395,40.80672274,Brachioradialis,BRD,0,1,usable,Converged with independently replayed constrained generalized-force equilibrium and small reserve torques,409.341273,1.11022262127,1.82439237051e-08,7.78461718589e-13,3.42530866368e-05,27,0,0.0473877148257,0.992786935061,0.114181773206,0.0100015422732,0.114282255654,0.0100006291359,0.010002243055,0.0100018497348,0.010002438777,0.0100002966822,0.0100002912623,0.0100013217137,0.0100009518875,0.0100009483791,0.0100006694086,0.0100027873518,0.0996756102314,0.0817030621659,0.0100452376352,0.0100452376352,0.0100010394642,0.0100223604353,0.0100043230047,0.00067397995842,0.0187057550253,0.074085911717,0.0894751294665,0.0100006523343,0.010000987945,0.0100021210735,0.199207982265,0.0457342064937,0.010003515232,0.0100015790536,0.010001193054,0.0100018435485,0.0100016644297,0.0100021075456,0.010001740791,0.0100018075533,0.020648691442,0.0993478634613,0.0776378609324,0.0428416850441,0.0455714918267,0.0232576210267,0.0115711193188,0.0100135023994,0.0100025270816,0.0100039088624,57.5166360834,405.038499905,22.9986347979,4.45441541649,119.640074593,11.5079829234,2.58088299255,1.438763547,4.23713547604,6.38143025638,4.61967104452,2.64701578651,2.88584211407,1.82724622465,2.02913275002,3.59480679393,59.0839769878,39.6969761609,0,0,1.80245049308,0.029362171547,11.7650826383,0,4.36224415352,10.3426515686,16.4011962858,4.00838763448,3.97938964865,0.948614455023,110.991583355,9.01246646128,0.688942218875,1.61817930833,2.4213502588,1.56717427384,2.26455438662,1.64849786108,1.93948881742,1.88393700596,0.441477596058,7.9178276937,5.19260928754,1.62338573674,2.4676534003,0.561901156628,0.506351915553,0.459742208847,1.99142660064,1.16482922142
refine__sobol__0000603__elv_angle__p5@@triceps@@0.00,14.85342476,113.42973722,-41.13767995,109.2970619,6.85458519,23.7669527,39.40047274,Triceps,TRIlong;TRIlat;TRImed,0,1,usable,Converged with independently replayed constrained generalized-force equilibrium and small reserve torques,388.399181,2.99259193775,2.33027481755e-07,1.3073986338e-12,0.000327482762916,29,1,0.010000723173,0.138882398657,0.531342036167,0.232161393163,0.552850591747,0.47830588331,0.0100017114695,0.0100019038277,0.245020225287,0.0100001909761,0.0100001736958,0.0100018350822,0.0100009573103,0.0100007509047,0.0100005027174,0.000673968930484,0.000673968930484,0.000673968930484,0.840066815823,0.0100452377241,0.0100000673371,0.0100001241511,0.0100000609103,0.0100001409145,0.010000070406,0.0100006542186,0.995523272163,0.0100002767988,0.0100452377241,0.0100019495737,0.0100001255107,0.0100007572767,0.0100452377241,0.0100040953884,0.0100009775324,0.0100010343697,0.387373620164,0.182702204364,0.037889323087,0.0100009250868,0.118787049751,0.193601692042,0.146009065498,0.0100080888863,0.290571226792,0.0100044597754,0.0100011978578,0.0100005587604,0.0100001508728,0.0100001771863,12.1775371219,3.41749100898,103.268425627,13.5345098413,538.591006236,614.918591914,2.57402523618,1.41778576031,108.7207741,6.24217131709,4.97141207144,2.71914871414,2.99138405844,1.87946579578,1.36783149145,0,0,0,235.692417733,0,4.68128798928,2.49012227255,10.2932023956,1.25443739085,3.1569508212,1.60342553439,176.476048292,2.6056259718,0,0.238170257157,5.09235766746,2.79829741117,0,0.874501188912,2.48098895525,1.60684818183,88.6735796623,30.4912810137,7.48416496037,1.93544205027,2.75350877996,15.3782042974,9.68999760552,0.372246351368,14.5616719496,0.246630753635,0.408607398406,0.390006945111,2.00723119437,1.14912447057
refine__sobol__0001711__pro_sup__m2@@subscapularis@@0.00,-47.18759087,105.74907316,38.18360911,69.37030409,-36.16103981,17.0506441,27.62312899,Subscapularis,SUBSC,0,0,reserve_too_high,The posture requires more reserve torque than the quality limit permits,296.785894,159.477309175,3.69657442434e-08,1.53995673102e-06,0.183380135803,18,2,,,,,,,,,,,,,,,,,,,,,,,,,,,,,,,,,,,,,,,,,,,,,,,,,,,,,,,,,,,,,,,,,,,,,,,,,,,,,,,,,,,,,,,,,,,,,,,,,,,,
refine__sobol__0001711__flexion__p5@@subscapularis@@0.00,-47.18759087,105.74907316,38.18360911,69.37030409,-34.16103981,17.0506441,32.62312899,Subscapularis,SUBSC,0,0,reserve_too_high,The posture requires more reserve torque than the quality limit permits,310.000569,152.671755692,2.64654609339e-08,1.5379141427e-06,0.179335532026,21,2,,,,,,,,,,,,,,,,,,,,,,,,,,,,,,,,,,,,,,,,,,,,,,,,,,,,,,,,,,,,,,,,,,,,,,,,,,,,,,,,,,,,,,,,,,,,,,,,,,,,
refine__sobol__0002303__elbow_flexion__m2@@pectoralis_major@@0.00,-51.09872368,96.64018644,-31.57957448,99.96551893,-71.62197731,15.62364215,40.07430087,Pectoralis major,PECM1;PECM2;PECM3,0,1,usable,Converged with independently replayed constrained generalized-force equilibrium and small reserve torques,301.699814,1.84097506786,4.94478911151e-08,1.45535003256e-12,0.000213833236708,29,1,0.694231442729,0.99999927558,0.010000609216,0.0100000907812,0.0100000548359,0.0100001022442,0.0100006935356,0.0100009343015,0.000673983801963,0.000673983801963,0.000673983801963,0.191235860545,0.0100003095717,0.0100002468566,0.0100002129426,0.485471988694,0.0100054063272,0.0100054948768,0.010017563389,0.235361196225,0.0100000632141,0.0100002411958,0.133602115623,0.0100011652864,0.0100017364005,0.0155276786489,0.0733881694863,0.0100009309909,0.0100452377834,0.0100038868097,0.0100012558342,0.0100057415179,0.0100252614445,0.0100030483586,0.0100017190497,0.0100025666598,0.0100030839965,0.0100036598889,0.0100028198879,0.0100025536815,0.0131308335074,0.043708639677,0.0323881845858,0.0125536039935,0.0306913206855,0.0101459619729,0.0100201463308,0.0100074266925,0.0100020585756,0.0100025814776,287.762683066,270.541390191,1.32782021469,4.98971284353,8.375103255,12.4057466071,2.69395751421,1.37782640739,0,0,0,47.5280146396,2.61916004754,1.79718980638,2.00404721419,199.993171066,7.15820484799,7.02752693557,2.72340261132,80.1522343019,5.24057598414,2.29050569017,142.913722752,2.53055475251,3.34486904557,2.86626807068,11.8590222744,3.63510839799,0,0.64507871101,5.49570918433,2.3794580326,0.0830650861596,1.38692461671,2.52414778288,1.62353450686,2.31974612932,1.69046525907,2.00354530946,1.95591994536,0.263216589885,3.06584319504,1.99625366985,0.443756284416,1.44267188492,0.250425956828,0.510092669958,0.438641351133,2.01026281873,1.16723417186
refine__sobol__0000625__elbow_flexion__m2@@teres_minor@@0.00,52.04092476,70.77348722,-38.79392995,52.4533119,79.35458519,9.0013277,-41.22452726,Teres minor,TMIN,0,0,reserve_too_high,The posture requires more reserve torque than the quality limit permits,318.65222,594.486209656,2.75334883781e-08,1.74784754492e-06,0.313860557803,28,11,,,,,,,,,,,,,,,,,,,,,,,,,,,,,,,,,,,,,,,,,,,,,,,,,,,,,,,,,,,,,,,,,,,,,,,,,,,,,,,,,,,,,,,,,,,,,,,,,,,,
refine__sobol__0001369__flexion__p5@@supraspinatus@@0.00,54.23819038,98.00493253,-15.86912526,47.66131971,-5.87978981,3.89146441,-5.69718351,Supraspinatus,SUPSP,0,1,usable,Converged with independently replayed constrained generalized-force equilibrium and small reserve torques,331.805097,3.22771528818,8.2974054294e-09,5.50670620214e-12,0.000158742107584,19,1,0.471115837979,0.0100003178426,0.010000196593,0.000674063191571,0.945891708656,0.0100000359577,0.999998886726,0.0100002760384,0.0100006486894,0.0100000809651,0.0100001091789,0.0100001490195,0.0100001071034,0.0100001371373,0.544485590693,0.0100002485505,0.357506364233,0.348523632661,0.0101144769586,0.0100009978085,0.51340922748,0.0100009127703,0.0100011887578,0.0100019584115,0.0257997235962,0.0485493590844,0.0101151135099,0.0100037394578,0.0100017093314,0.0100080835979,0.483484845008,0.236809759798,0.0100103466086,0.0100063913343,0.0107451558827,0.0147900599112,0.0100157599938,0.01002380106,0.0100859596122,0.0140290849601,0.0132564269022,0.0599108377425,0.0100452378742,0.0324634333629,0.0130186486652,0.0148599695019,0.010075010582,0.0101346530524,0.0100104650151,0.0101133426864,548.850150073,6.16691864107,2.01382905008,0,961.340631283,13.0045690274,257.777183197,1.41485800432,4.35919468962,6.56922801401,4.81485359062,2.71742768961,2.97820532572,1.87451226882,113.258191815,2.06907635563,237.371831595,225.593279838,0.209662103628,3.75886709589,269.568112477,1.38276777381,11.7671988317,2.75980298928,8.7021008752,12.2511957624,1.94501137676,4.0805025412,4.57048354538,1.01080417844,256.309256971,67.4007433889,0.74198967776,1.702276552,2.78070055173,2.39097260693,2.37138415209,1.73302774627,2.1125956502,2.76690034507,0.388217264293,6.52232282085,0,1.58396030319,0.84586503065,0.652858703974,0.736011186118,0.465802482786,1.79407805402,1.1798145553
refine__sobol__0002303__elv_angle__p5@@posterior_deltoid@@0.00,-46.09872368,96.64018644,-31.57957448,101.96551893,-71.62197731,15.62364215,40.07430087,Posterior deltoid,DELT3,0,1,usable,Converged with independently replayed constrained generalized-force equilibrium and small reserve torques,293.69135,2.85267089581,2.05637924466e-08,1.70930981208e-12,0.000389008279021,31,1,0.993548800543,0.99999980184,0.000674121611278,0.0100000342696,0.0100000198741,0.0100000638965,0.0100002187454,0.0100004811856,0.0100000361092,0.0100000158209,0.0100000224388,0.473261658889,0.0100001670543,0.0100001256197,0.0100001208883,0.728234325868,0.0100037696562,0.0100038287441,0.0100133558343,0.238512178291,0.0100000258505,0.0100000972854,0.19906247112,0.0100013011452,0.0100019474275,0.0202076712277,0.0731740971432,0.0100009303581,0.0100452374918,0.0100040409356,0.0100013059273,0.0100056054128,0.0100292232409,0.0100030623355,0.0100016604764,0.0100024862012,0.0100029336182,0.0100034991234,0.0100027057569,0.010002474512,0.0134523922324,0.0454027931645,0.033650808071,0.0135309041155,0.0313100254257,0.0101961078565,0.0100212831093,0.0100075370613,0.0100020613675,0.0100026049796,449.00386938,251.638234721,0,4.99176513642,9.09483444289,12.4634284181,2.6938356282,1.38653468542,4.17766054638,5.58252871091,4.94814416838,119.058479171,2.666945726,1.80031324243,1.58188511696,285.481755367,7.16580428433,7.0455341844,2.7409711204,81.2253009647,5.25092673012,2.37686597543,211.648099838,2.50886879465,3.32779778932,3.71602904814,11.7991845363,3.61396532932,0,0.614409156306,5.5345900022,2.37942566562,0.0569596754863,1.35827433188,2.52413300063,1.62352144748,2.3197112561,1.69043809215,2.00352244922,1.95590446437,0.27059306355,3.1886572022,2.07446008117,0.478900870439,1.47081696878,0.25166367393,0.510150539585,0.438646188773,2.01026337985,1.16723691439
refine__sobol__0000447__elv_angle__m5@@posterior_deltoid@@0.00,-57.19735649,125.74419034,83.52052318,119.07245252,-41.73916481,5.13902301,37.40828524,Posterior deltoid,DELT3,0,1,usable,Converged with independently replayed constrained generalized-force equilibrium and small reserve torques,409.24883,0.562583055468,2.35622081846e-08,2.27378339819e-12,0.000283504811007,17,0,0.204414263617,0.010000519926,0.000820057957064,0.0100001775568,0.0100000320813,0.0351246509672,0.0100002764863,0.0100014357169,0.0100000711843,0.0100001054298,0.0100004919886,0.0100017043867,0.0771518452504,0.344395747442,0.0100007033262,0.0100037320812,0.278477219591,0.278247460314,0.0705640059724,0.01000306749,0.411253118207,0.0100008944676,0.0100015368806,0.0100185449317,0.010003392862,0.0100106031485,0.108004535336,0.010017489745,0.0100668449514,0.0100571407164,0.200527831703,0.0928155281441,0.0100668449514,0.0102371875464,0.0100399731195,0.0100287494767,0.0255638018669,0.0125948627646,0.0101632266973,0.010018041776,0.0103007466631,0.0228903964626,0.0143141497746,0.0100662339944,0.0164494907715,0.01004633115,0.0100175462037,0.0100118527172,0.0100048946075,0.0100047332313,157.480426241,1.80053982833,0,3.88981493657,10.7547983257,43.5945869547,2.1713054677,1.43820794366,4.26495003668,3.45407562158,3.21769549026,2.65364522216,23.1789123171,64.7586581654,1.74823232249,0.146663720491,199.775537264,199.446024433,19.9836497237,3.63411773162,170.953532714,2.3840846341,8.90613827822,1.0096205433,3.03336419481,1.86518061105,16.2313482641,2.33265830535,0,0.107668522073,108.001419729,25.228559422,0,0.943727678347,2.50341696754,1.61558052064,5.91269992118,2.11965418251,2.02290311243,1.93893145551,0.202052669466,1.6390114033,0.895123137345,0.378576228629,0.729416067131,0.270067778782,0.578558757234,0.460503923507,1.98881012862,1.15683654622
refine__sobol__0001262__elbow_flexion__p5@@triceps@@0.00,44.74600288,60.17290128,-58.93553151,22.95428846,-63.69228981,12.84654254,-53.58780851,Triceps,TRIlong;TRIlat;TRImed,0,1,usable,Converged with independently replayed constrained generalized-force equilibrium and small reserve torques,529.560291,3.40639552864,2.45325040282e-08,2.64571189096e-12,0.00028550567295,13,2,0.0147103503278,0.688455529267,0.0100000787205,0.010000046543,0.300146171154,0.0100000272282,0.999998726713,0.0100001154016,0.99999979973,0.0100002771843,0.0100001093607,0.0100000647356,0.0100000497639,0.0100000637253,0.861204055135,0.000673509350704,0.000673509350704,0.000673509350704,0.0100452391558,0.0100014116273,0.173574136824,0.0100010779421,0.0100021121021,0.0423071929852,0.0100452391558,0.0863234577759,0.0100257421671,0.089200170336,0.0100049470806,0.0139341231575,0.181866899434,0.102636197223,0.0111282899718,0.0355969684551,0.0448533216278,0.0276220412587,0.0100774585435,0.0105187811686,0.024735896569,0.0236821004141,0.010067033395,0.0116229550405,0.0216169657092,0.0173125656586,0.0100581342531,0.0100898794702,0.0101089631826,0.0113306545289,0.0100258785774,0.0155995195367,14.0576524505,685.248082477,2.00250572759,4.77391686116,274.875514551,12.0250078921,208.048656113,1.43858428801,443.873419565,6.48469060786,4.58401558417,2.66501655113,2.85229680932,1.80501286775,174.481639769,0,0,0,0,3.47122640396,81.3589707065,1.57853365425,11.7722273021,10.4534312807,0,21.0040678224,1.85926219445,16.9572169086,4.43486232095,0.396392773242,40.0381067631,25.2091073657,0.557218293095,4.88143979665,9.01579315922,3.22597136443,2.07915494415,1.6230875816,5.23966896653,3.74118962053,0.395918542652,1.14255139837,1.90819991752,0.777509803141,0.711717916738,0.464145903482,0.889873698195,0.480317545883,0.846788941641,1.52419633376
refine__sobol__0000625__elv_angle__p2@@anterior_deltoid@@0.00,54.04092476,70.77348722,-38.79392995,54.4533119,79.35458519,9.0013277,-41.22452726,Anterior deltoid,DELT1,0,0,solver_failed,The static optimization solver did not converge,1021.461222,,2.57588510522e-08,,,0,0,,,,,,,,,,,,,,,,,,,,,,,,,,,,,,,,,,,,,,,,,,,,,,,,,,,,,,,,,,,,,,,,,,,,,,,,,,,,,,,,,,,,,,,,,,,,,,,,,,,,
refine__sobol__0000603__elbow_flexion__m5@@brachioradialis@@0.00,9.85342476,113.42973722,-41.13767995,104.2970619,6.85458519,23.7669527,39.40047274,Brachioradialis,BRD,0,1,usable,Converged with independently replayed constrained generalized-force equilibrium and small reserve torques,351.255232,5.40052659329,2.3642262903e-07,2.80254986339e-12,0.000700276985716,27,3,0.010000039039,0.510708893474,0.999999914233,0.733982322289,0.475232191319,0.238764926187,0.0100001169875,0.0100002066941,0.999999619678,0.0100000094643,0.0100000073253,0.0100002906666,0.0100001038756,0.0100000686836,0.0100000413134,0.99999548499,0.0356216007904,0.0351055668282,0.0101976147094,0.0100452376941,0.0100000112267,0.0100000327654,0.0100061235938,0.000673987511464,0.0100001308671,0.0100005377565,0.980931647515,0.0100004770601,0.0100452376941,0.0100024676468,0.0100001836228,0.0100004591942,0.0100452376941,0.174467882815,0.0100008347559,0.0100009087221,0.348720635429,0.152219187165,0.0100193282328,0.010000823028,0.125969633095,0.212467986715,0.149439757648,0.010009168511,0.297202099496,0.0100043450516,0.0100012297286,0.0100005575094,0.0100001511978,0.0100001771299,12.1374037437,4.65669990281,192.923238478,21.3729267143,467.663154021,306.382165297,2.5921772072,1.42662643131,443.744356276,6.22214204376,4.97023226955,2.71283395832,2.98096374255,1.87873927057,1.27756107592,85.2013935112,25.5368194982,24.801865654,2.81374147891,0,4.87412063332,2.22534535126,10.5542584539,0,3.20975913693,1.6329572914,174.400666186,2.84812285565,0,0.317622783326,5.16300489053,2.79821400515,0,16.8175060542,2.48095353615,1.60682799432,79.8255364779,25.4039519001,1.97908801689,1.93542229929,2.88139019684,16.7168445343,9.86336107054,0.369616157381,14.8832209594,0.246627925588,0.408608700645,0.39000689634,2.00723125957,1.14912446405
refine__sobol__0002303__flexion__m5@@biceps@@0.00,-51.09872368,96.64018644,-31.57957448,101.96551893,-71.62197731,15.62364215,35.07430087,Biceps,BIClong;BICshort,0,1,usable,Converged with independently replayed constrained generalized-force equilibrium and small reserve torques,334.883178,2.08591982212,4.04121216491e-08,3.0340174817e-12,0.000250727013708,30,1,0.791085764904,0.999999505511,0.0100005132943,0.0100000731157,0.0100000435276,0.0100000896913,0.0100005811224,0.0100008199134,0.0100000598593,0.0100000328795,0.010000045033,0.268786163156,0.0100002652185,0.0100002091934,0.0100001784174,0.542269405057,0.010004524258,0.0100045938373,0.0100153181511,0.23566905071,0.000674086526153,0.000674086526153,0.162927805417,0.0100012259779,0.010002023622,0.023352601856,0.0610820346122,0.0100010133161,0.0100452377283,0.0100038220243,0.0100012798403,0.0100057243044,0.0100202492049,0.0100031507808,0.0100019119591,0.0100028933114,0.0100033557785,0.0100040077273,0.0100031190963,0.0100029057999,0.0119000229054,0.0406310344321,0.0292396863189,0.0121041539967,0.0280409131544,0.0102210122501,0.0100252836019,0.0100091501615,0.0100025842388,0.0100032455986,327.909323113,270.541451894,1.32780747959,4.9897040291,8.37509378805,12.4057310354,2.69392723265,1.37781064826,4.05746491649,5.45720164948,4.93559403516,66.8016587622,2.61914843203,1.79718303785,2.00404029657,219.141181423,7.16634481337,7.04607302701,2.74150826826,80.2570741213,0,0,173.228837332,2.50884993876,3.31638845522,4.49333454459,10.0868432003,3.67853344877,0,0.723715325077,5.53457556582,2.37945393913,0.140284353133,1.45395782587,2.54786178424,1.62523216867,2.3370418244,1.70316567839,2.01931574264,1.9680213806,0.251957168699,3.03503200207,1.89080110185,0.448942932829,1.37719013614,0.273951726197,0.529629246354,0.437808457999,2.0104700183,1.16715261559
refine__sobol__0001711__flexion__p5@@triceps@@0.00,-47.18759087,105.74907316,38.18360911,69.37030409,-34.16103981,17.0506441,32.62312899,Triceps,TRIlong;TRIlat;TRImed,0,0,solver_failed,The static optimization solver did not converge,1333.172699,,2.66750568301e-08,,,0,0,,,,,,,,,,,,,,,,,,,,,,,,,,,,,,,,,,,,,,,,,,,,,,,,,,,,,,,,,,,,,,,,,,,,,,,,,,,,,,,,,,,,,,,,,,,,,,,,,,,,
refine__sobol__0000447__shoulder_rot__m5@@supraspinatus@@0.00,-52.19735649,125.74419034,78.52052318,119.07245252,-41.73916481,5.13902301,37.40828524,Supraspinatus,SUPSP,0,1,usable,Converged with independently replayed constrained generalized-force equilibrium and small reserve torques,380.62472,0.881460959632,3.24911226812e-08,1.10844666779e-12,0.000498500860605,20,0,0.368937426652,0.0100002123459,0.01000011547,0.000673729275778,0.0100000095334,0.0100000468516,0.0100001261726,0.0100006170477,0.0100000258929,0.0100000888486,0.0100001842993,0.010000403458,0.16209568987,0.71619729859,0.0100002665882,0.0100052915086,0.198600525039,0.198436684188,0.05032713615,0.0100027953771,0.284662738964,0.0100009439196,0.0100014414162,0.0100171405182,0.0100023404491,0.0100063954328,0.104893208674,0.0100107805044,0.0100452375793,0.0100390559362,0.148443381605,0.0671464313783,0.0100452375793,0.0105119783673,0.0100223497321,0.0100174839488,0.0269085240363,0.0130690031594,0.0100971585681,0.0100117901149,0.010187326643,0.0198386669844,0.0115397374926,0.0100375141543,0.0161518028725,0.0100288234085,0.0100116598221,0.0100078234164,0.0100033269032,0.0100031516166,274.193480693,1.50152348508,1.70768595898,0,10.5230707097,12.3016204806,2.38620818739,1.43850898792,4.06911736708,3.37806552129,3.16194867738,2.64477367337,48.5148777812,134.656629028,1.59914750593,0.0452869967344,142.473149684,142.238163534,14.252590206,3.63401887306,126.679082102,2.38470468923,8.90605326847,1.0094790125,3.03304506772,1.86439662738,15.7637657977,2.33109599943,0,0.107474911717,79.9494804585,18.251339706,0,0.969059606449,2.49902266412,1.61376570135,6.22372324641,2.19944970622,2.00975281788,1.93772148423,0.199827896923,1.42049970438,0.721627633496,0.377496117751,0.71621575947,0.269597131655,0.578218792066,0.460318592294,1.98849849441,1.15665366573
refine__sobol__0001387__shoulder_elv__p2@@anterior_deltoid@@0.00,23.30069038,97.97368253,56.78712474,29.38006971,56.62021019,14.28208941,-8.82218351,Anterior deltoid,DELT1,0,0,solver_failed,The static optimization solver did not converge,1233.78541,,4.28098871907e-08,,,0,0,,,,,,,,,,,,,,,,,,,,,,,,,,,,,,,,,,,,,,,,,,,,,,,,,,,,,,,,,,,,,,,,,,,,,,,,,,,,,,,,,,,,,,,,,,,,,,,,,,,,
refine__sobol__0001369__pro_sup__p5@@brachioradialis@@0.00,54.23819038,98.00493253,-15.86912526,47.66131971,-0.87978981,3.89146441,-10.69718351,Brachioradialis,BRD,0,1,usable,Converged with independently replayed constrained generalized-force equilibrium and small reserve torques,391.280994,3.34643750773,7.30482385691e-09,5.15143483426e-12,0.000165642792479,20,1,0.473445764054,0.0100002927388,0.010000188089,0.0100000529577,0.957137713332,0.0100000339652,0.999999032417,0.0100002663207,0.0100006308318,0.010000078632,0.0100001064214,0.0100001435224,0.0100001029804,0.010000132117,0.590975134853,0.010000239298,0.363343453758,0.354214179938,0.0101173582169,0.0100009920164,0.529187371433,0.0100009507487,0.0100011699996,0.000674062816192,0.0257837288895,0.0493071717674,0.0100237079859,0.0100034155551,0.0100015466103,0.0100076580228,0.49727488805,0.244535153511,0.0100096940757,0.0100058471392,0.0136957706396,0.0179648345916,0.0100146395264,0.0100229255382,0.0100872657001,0.0181379624565,0.0136824384829,0.0597143596687,0.0100452377106,0.0336949133833,0.011451733251,0.0149862834462,0.0100749766873,0.0102339086521,0.0100106079887,0.0104884687365,551.56451493,6.16690315883,2.01382733755,4.68070864329,972.770313064,13.0045664361,257.777220753,1.41485662941,4.35918690567,6.56922648139,4.81485226304,2.71742619587,2.97820409785,1.87451132778,122.928460046,2.06907444104,241.247456675,229.27667202,0.209721828781,3.64615045938,277.771015696,1.32881355217,11.7671767611,0,8.69685175437,12.4491484025,1.9308640818,4.08019615724,4.61996984141,1.01005749041,270.489528394,69.399141269,0.748368314582,1.70920273785,3.54376223597,2.88884062316,2.37033038392,1.73277162988,2.12076983543,3.57496191638,0.417878994303,6.51858346483,0,1.64430074414,0.764772037315,0.683344653624,0.751206255978,0.470190726562,1.70346706167,1.22270705283
refine__sobol__0000673__pro_sup__p2@@teres_major@@0.00,31.65029976,97.68754972,55.54200755,18.3986244,76.97958519,13.78648395,40.80672274,Teres major,TMAJ,0,1,usable,Converged with independently replayed constrained generalized-force equilibrium and small reserve torques,366.167455,1.14284337077,1.81930204235e-08,2.06222398104e-12,4.06533024232e-05,27,0,0.0470454347744,0.990162795596,0.113856531761,0.010001545332,0.113615519234,0.0100006308659,0.0100022479634,0.000673977277942,0.0100024444866,0.0100002975078,0.0100002920793,0.010001325442,0.0100009545407,0.0100009509861,0.0100006711913,0.0100029771003,0.11584242955,0.094954136264,0.0100452378063,0.0100452378063,0.0100009792535,0.0100252638958,0.010003768561,0.0100048078581,0.0107306626333,0.0715873373957,0.0716109758896,0.0100006083653,0.0100009328981,0.0100020282881,0.268909598296,0.0556377351833,0.0100032976828,0.0100014857187,0.0100012112657,0.0100018957274,0.01000166769,0.0100021171735,0.0100017633979,0.01000189711,0.0218644038295,0.105046309055,0.0811594227243,0.0458343680838,0.0449230165651,0.0246595751128,0.0135510361666,0.010019742028,0.0100030208066,0.0100053013203,57.1011951359,403.967900063,22.9331242616,4.45441677881,118.942080013,11.5079849142,2.58088425905,0,4.23713789472,6.38143078324,4.61967142197,2.64701677329,2.88584287968,1.82724670099,2.0291331117,3.59487498589,68.6670633441,46.1352608289,0,0,1.77512371357,0.0215894050801,11.7644306126,2.40924237623,2.40207251648,9.59383159139,13.5082870354,4.03517291922,3.66905714833,0.956983749665,149.824285239,10.754792,0.690349790699,1.6212758807,2.43200470049,1.57408887979,2.26639348016,1.65086538468,1.94432576435,1.89268792855,0.490770790653,8.59591482483,5.5200973993,1.73321235437,2.51605516746,0.581875869602,0.545944353756,0.448632897211,2.00944861435,1.16755746696
refine__sobol__0000625__shoulder_elv__m5@@brachioradialis@@0.00,52.04092476,65.77348722,-38.79392995,54.4533119,79.35458519,9.0013277,-41.22452726,Brachioradialis,BRD,0,1,usable,Converged with independently replayed constrained generalized-force equilibrium and small reserve torques,454.679689,0.855128113395,2.01624459351e-08,1.95575700216e-12,4.39914644394e-05,15,0,0.325472012363,0.22631560764,0.0100037610294,0.0100020852393,0.712083006995,0.0100008432198,0.255277014768,0.01000385968,0.0740135122301,0.0100019211046,0.0100016729003,0.0100022902249,0.0100018460148,0.0100022111345,0.0100488556826,0.0100025668293,0.0100284173348,0.0100289544524,0.0101154851454,0.0101466038948,0.010008240086,0.0100077194629,0.0511779305228,0.00121901136859,0.0101466038948,0.0828680577843,0.0100074245256,0.0100078270329,0.0100030871172,0.0100229611928,0.316788004351,0.0500605616778,0.0100204291402,0.0100102294956,0.010017014912,0.0100364278686,0.0100141299948,0.0100200545658,0.0100209030054,0.0100487777182,0.0102423222067,0.0123681553092,0.035266096535,0.0285541952064,0.0100481979806,0.0106187155561,0.014956561441,0.0220784496105,0.0100746384641,0.0394231987513,396.151889678,222.816747871,2.01482048992,4.85673867467,703.279281414,13.0055787141,62.1083788621,1.43912413074,32.6281640733,6.3948570169,4.53648003158,2.66853399442,2.86776140992,1.81301736858,2.01681211253,2.94078113553,6.73600076103,6.58174284941,0.792953068389,0,3.67847173344,1.18233885861,59.9688128719,0,0,20.8293586183,1.93041284861,3.41030317437,4.79921242682,0.699996704759,168.218085727,9.48106541439,0.738007775342,1.7094384096,2.49698238572,1.48415032336,2.31488062243,1.71251183566,2.1280231807,1.92281719461,0.389435459289,1.32131982691,3.31613561448,1.36039832353,0.727346168643,0.501654137108,1.16670161689,0.980968777225,1.1029424724,4.18596876223
refine__sobol__0000673__flexion__p2@@latissimus_dorsi@@0.00,31.65029976,97.68754972,55.54200755,18.3986244,74.97958519,13.78648395,42.80672274,Latissimus dorsi,LAT1;LAT2;LAT3,0,1,usable,Converged with independently replayed constrained generalized-force equilibrium and small reserve torques,335.430914,1.08373588586,4.88088858219e-08,1.73406049509e-12,3.38256529642e-05,25,0,0.0454604911704,0.980462849187,0.112529531528,0.0100015536411,0.109911246985,0.0100006375205,0.0100022631047,0.0100018741455,0.0100024655692,0.0100003006649,0.010000295214,0.000673944198059,0.000673944198059,0.000673944198059,0.0100006778677,0.0100028395985,0.100941682591,0.0827408873718,0.0100452377207,0.0100452377207,0.0100010469852,0.0100224668024,0.0100042737761,0.0100059919645,0.018928824513,0.0713557357327,0.0866509126641,0.0100006683729,0.0100011069325,0.0100022340578,0.200183407234,0.0460138488561,0.0100036325777,0.0100016339489,0.0100012589048,0.0100019492537,0.0100017441074,0.0100022050707,0.0100018237478,0.0100019245496,0.0207997251146,0.0990657086376,0.076070229642,0.0423242188389,0.045276159626,0.0226192324893,0.0116327023892,0.0100168231677,0.0100027759546,0.0100046920335,55.1774766172,400.010502631,22.665838224,4.45442047962,115.064142837,11.5079925724,2.58088816564,1.43876705847,4.23714682548,6.38143279823,4.61967287048,0,0,0,2.02913446572,3.59482556863,59.8344573774,40.2012231491,0,0,1.80245184771,0.0293624825892,11.7650247455,2.41201295799,4.21355559196,9.36625808972,16.2993210574,4.01469197161,3.44488953286,0.950350459077,111.535055362,9.06757329837,0.684354939299,1.6130540831,2.42147974821,1.56834991478,2.25877804905,1.64529309682,1.93678287319,1.8861959972,0.460573981627,7.96611665651,5.10163121928,1.57748517065,2.50895185186,0.514905571126,0.460889959715,0.448815968363,2.0068268992,1.16747445627
refine__sobol__0001369__deviation__m5@@infraspinatus@@0.00,54.23819038,98.00493253,-15.86912526,47.66131971,-5.87978981,-1.10853559,-10.69718351,Infraspinatus,INFSP,0,0,solver_failed,The static optimization solver did not converge,782.466522,,2.54138967648e-08,,,0,0,,,,,,,,,,,,,,,,,,,,,,,,,,,,,,,,,,,,,,,,,,,,,,,,,,,,,,,,,,,,,,,,,,,,,,,,,,,,,,,,,,,,,,,,,,,,,,,,,,,,
refine__sobol__0000463__elv_angle__m2@@middle_deltoid@@0.00,-44.35360649,88.16606534,77.66114818,12.43182752,74.51083519,-8.80628949,-44.15421476,Middle deltoid,DELT2,0,0,solver_failed,The static optimization solver did not converge,837.481534,,2.4593158976e-07,,,0,0,,,,,,,,,,,,,,,,,,,,,,,,,,,,,,,,,,,,,,,,,,,,,,,,,,,,,,,,,,,,,,,,,,,,,,,,,,,,,,,,,,,,,,,,,,,,,,,,,,,,
refine__sobol__0000673__flexion__p2@@brachialis@@0.00,31.65029976,97.68754972,55.54200755,18.3986244,74.97958519,13.78648395,42.80672274,Brachialis,BRA,0,1,usable,Converged with independently replayed constrained generalized-force equilibrium and small reserve torques,363.981715,1.10705262716,2.25840608437e-08,1.89311319952e-12,3.4239315583e-05,27,0,0.0473773188843,0.992401911475,0.114094113494,0.0100015421717,0.113933488296,0.0100006294367,0.0100022430872,0.0100018505937,0.0100024399168,0.0100002968254,0.0100002914037,0.0100013224133,0.0100009523433,0.0100009488178,0.0100006696859,0.0100027428125,0.0953124531395,0.0781268435472,0.010045237892,0.010045237892,0.0100010416526,0.0100223784395,0.000673979711134,0.0100061331977,0.0192325347354,0.0712224919874,0.0870225207948,0.0100006709279,0.0100011163304,0.0100022396294,0.200375185571,0.0456468979329,0.0100036489046,0.0100016413845,0.0100012602679,0.0100019504664,0.0100017482494,0.0100022095653,0.0100018266615,0.0100019249763,0.0207714784943,0.0987764163587,0.0758310064388,0.0421255090915,0.0452381156362,0.0225288956999,0.0114747763166,0.0100165581431,0.0100027559615,0.010004635913,57.5040180533,404.88141762,22.9809782698,4.45441537098,119.274956211,11.5079832694,2.58088300098,1.43876367055,4.23713595881,6.38143034763,4.61967110975,2.64701597169,2.88584224558,1.82724630481,2.02913280647,3.59479078739,56.4976605105,37.9594027896,0,0,1.80245088815,0.0293622245233,0,2.41204700314,4.28116147574,9.34876832116,16.3692217646,4.01469299719,3.44489277149,0.950350988422,111.641907411,8.99526127682,0.684356056228,1.61305528229,2.42148007816,1.56835010488,2.25877898443,1.64529383613,1.93678343737,1.88619607761,0.459948508894,7.94285395323,5.08558777336,1.57007896937,2.50684366607,0.512849139001,0.454632897755,0.448804093715,2.00682288797,1.16746790742
refine__sobol__0002761__shoulder_rot__p2@@posterior_deltoid@@0.00,69.66299507,114.79448331,78.3794099,89.90497205,32.59677269,20.57969684,-39.26163663,Posterior deltoid,DELT3,0,1,usable,Converged with independently replayed constrained generalized-force equilibrium and small reserve torques,336.875866,1.18575078075,5.672460901e-08,1.57029944603e-12,6.84920312961e-05,16,0,0.100535042546,0.477037151218,0.000990140884692,0.0100082906499,0.0100006085323,0.0100009359008,0.924940731467,0.0100027486582,0.0100008443123,0.0100002950155,0.0100003908263,0.0100016089362,0.0100012777341,0.010001461306,0.0100018491256,0.0100971825834,0.176580486029,0.172933036428,0.0358462029918,0.0100971825834,0.0921971739579,0.0100010781394,0.0100029948877,0.0100031460443,0.0100971825834,0.0479196859144,0.0218957031827,0.0100052286586,0.0100061022288,0.0100142848582,0.0807709505289,0.0722516844644,0.0100244769787,0.0100136975826,0.0100233760142,0.0100362686014,0.0100330932024,0.0100383791803,0.0100345709445,0.0100365210392,0.0137386394759,0.0407025823038,0.0370462826333,0.016714440003,0.0170592836849,0.0122577673268,0.010180434829,0.0100801821233,0.0100297661703,0.0100450891828,77.011010775,214.683070545,0,1.89268437858,9.98588531998,11.4095678346,248.691545492,1.42493782926,3.99147607506,6.35480132453,4.63821860333,2.71664834366,3.01550098205,1.87953385432,2.0801608706,0,124.875868771,119.770160958,9.4124441018,0,46.4620084269,2.6000443011,10.9780916003,2.49899737629,0,12.0652239758,4.15789277923,4.08111017473,4.30321168372,1.00833257587,41.6133684527,19.0843380369,0.713019793187,1.67425130049,2.49918174315,1.45692015439,2.3576175694,1.72804082002,2.13066756889,1.88148273481,0.540179206495,4.2725435355,3.46699708802,0.797247615624,1.23508431459,0.577781982821,0.775170332488,0.396399535315,0.994758368631,0.941595124801
refine__sobol__0000463__shoulder_elv__m5@@brachioradialis@@0.00,-42.35360649,83.16606534,77.66114818,12.43182752,74.51083519,-8.80628949,-44.15421476,Brachioradialis,BRD,0,0,solver_failed,The static optimization solver did not converge,923.394681,,2.37553745563e-07,,,0,0,,,,,,,,,,,,,,,,,,,,,,,,,,,,,,,,,,,,,,,,,,,,,,,,,,,,,,,,,,,,,,,,,,,,,,,,,,,,,,,,,,,,,,,,,,,,,,,,,,,,
refine__sobol__0004077__shoulder_elv__m5@@supraspinatus@@0.00,90.14151069,105.66850675,-38.97703542,118.91376112,35.64364769,18.44346637,45.17195712,Supraspinatus,SUPSP,0,1,usable,Converged with independently replayed constrained generalized-force equilibrium and small reserve torques,398.219075,0.335707300542,3.84870801895e-08,1.08762315999e-12,5.73404642527e-05,22,0,0.265007153036,0.367663066093,0.0100048569975,0.000673966287757,0.242676584568,0.0100002439742,0.218834086417,0.0100013702351,0.0100003985776,0.0100001552596,0.0100001996546,0.0100005288093,0.010000464425,0.0100006948741,0.010000766608,0.0100452378063,0.0634137920762,0.0633586079916,0.0161150761738,0.0100452378063,0.0100004905507,0.0100004812193,0.0100042316942,0.0100140407459,0.0100017238563,0.0100069995136,0.0743978990737,0.0100062806345,0.0100452378063,0.0100452371754,0.0512634406708,0.0436062649703,0.0100452378063,0.0100329430919,0.0100070576287,0.0100085029168,0.0107615865831,0.0100416481002,0.0100204771307,0.0100075962565,0.0122622543206,0.0265969615365,0.0195476475319,0.0100555236093,0.0196077141816,0.0100287048761,0.0100123346115,0.0100060230022,0.0100019246975,0.0100021925884,220.497543628,361.504306747,1.72145314159,0,250.636685749,10.9010343916,53.2121083124,1.27606322888,4.39186770661,6.57106563818,4.87912162355,2.7519705537,2.98644105785,1.88067085007,2.0509741522,0,45.4921614848,45.4130021867,4.56378059732,0,4.9402004697,3.16812677626,8.93960934296,0.386081939528,3.04634130431,1.3726181519,11.9993864263,1.49992392192,0,2.16294701395e-06,18.4175323958,11.4360018961,0,0.519797858235,2.42489669901,1.57390355746,2.42628132056,1.64963890418,1.94153782442,1.89588139987,0.261090550521,1.92754598236,1.19366878302,0.351682924284,0.864245496984,0.217780787876,0.386631463671,0.422887082938,2.01000615397,1.16708746332
refine__sobol__0000673__elbow_flexion__p5@@supraspinatus@@0.00,31.65029976,97.68754972,55.54200755,23.3986244,74.97958519,13.78648395,40.80672274,Supraspinatus,SUPSP,0,1,usable,Converged with independently replayed constrained generalized-force equilibrium and small reserve torques,429.146524,1.06321139875,2.1814628326e-08,1.53715058731e-12,3.33974454169e-05,27,0,0.0460944874756,0.96789792673,0.114984815321,0.000673887797464,0.137871303606,0.0100006404772,0.0100023737364,0.0100018808714,0.0100024779671,0.0100003023358,0.0100002967458,0.0100013375821,0.0100009681041,0.0100009659753,0.0100006852826,0.0100030887852,0.0953709464166,0.0819211623042,0.0100452377651,0.0100452377651,0.0100010175406,0.0100143325023,0.0100045793011,0.0100045834726,0.0149395594945,0.0711387224596,0.0852053101442,0.0100006982839,0.01000114546,0.0100022795538,0.199050000225,0.0452773647849,0.0100037871556,0.0100017079003,0.0100013171888,0.0100020386398,0.0100018366822,0.0100023204668,0.010001919325,0.0100020157671,0.0201177934018,0.0950530691339,0.073098646409,0.0405225240965,0.043059471043,0.0222772728392,0.0110404293539,0.0100163459826,0.0100028677822,0.010004700098,55.9469869202,394.88424993,23.1603845397,0,144.335032188,11.5079959742,2.5809167123,1.43876802598,4.23715207731,6.38143386406,4.6196735777,2.6470199864,2.88584679352,1.82724943965,2.02913597081,3.35272568923,59.1367874411,43.6323773983,0,0,1.89496378667,0.0632761576931,11.7756652643,2.45859607022,3.49450384976,9.83634554398,15.9003292962,4.00808752204,3.54023526572,0.951617264614,110.864284418,8.92244039809,0.684764625532,1.61322922429,2.43145180435,1.57390491436,2.26609466925,1.65064095804,1.94409724919,1.89266123508,0.440805070745,7.59926639687,4.88734695018,1.51029238464,2.36109323905,0.525697176606,0.445622090778,0.448480839639,2.00941787417,1.16748730801
refine__sobol__0002303__pro_sup__m5@@teres_major@@0.00,-51.09872368,96.64018644,-31.57957448,101.96551893,-76.62197731,15.62364215,40.07430087,Teres major,TMAJ,0,1,usable,Converged with independently replayed constrained generalized-force equilibrium and small reserve torques,318.295682,2.3770344311,2.07775343597e-08,3.01640180823e-12,0.000282723674244,31,1,0.862825157565,0.999999604665,0.0100004502193,0.0100000616569,0.0100000362176,0.0100000855121,0.0100005068761,0.000673964534982,0.010000052131,0.010000028198,0.0100000391505,0.353300360681,0.0100002393401,0.0100001868934,0.0100001574729,0.563080387508,0.0100046638089,0.010004735281,0.0100156622554,0.390914313803,0.0100000435423,0.0100001718854,0.15752369681,0.0100006370574,0.0100009936932,0.0100326172616,0.0671937990515,0.010000682242,0.0100452378613,0.010002906415,0.0100007550089,0.0100042617253,0.0100221462178,0.010002308798,0.0100014378285,0.0100021728692,0.0100027269478,0.0100032028897,0.010002451124,0.0100022071837,0.0144235372291,0.0434957133484,0.0312902417252,0.0105128285476,0.034706503956,0.0100996984597,0.0100147475445,0.0100058901651,0.0100016611592,0.0100020392407,357.645689245,270.541478299,1.32779910673,4.98969831139,8.37508765898,12.4057258498,2.6939072324,0,4.05746178086,5.45719909377,4.93559113162,87.8060457395,2.61914165506,1.79717903029,2.00403611469,227.551287414,7.16644477521,7.04617264358,2.74160246054,130.961751294,5.24836895319,2.3644777356,167.483056559,2.52250614388,3.33730674087,1.84649012948,10.7517432305,3.64017042265,0,0.650294402161,5.47478619657,2.33705962632,0.0808241433451,1.38990712195,2.52742210542,1.62389200278,2.32162613413,1.69185957109,2.0052837381,1.95717769528,0.288755765308,3.03713187913,1.92144065046,0.370856044291,1.6286779646,0.249455451275,0.51059655418,0.4385740027,2.01018294403,1.16717089646
refine__sobol__0001711__elbow_flexion__p2@@brachioradialis@@0.00,-47.18759087,105.74907316,38.18360911,71.37030409,-34.16103981,17.0506441,27.62312899,Brachioradialis,BRD,0,1,usable,Converged with independently replayed constrained generalized-force equilibrium and small reserve torques,375.341495,2.0690677729,2.46950300209e-08,1.55608859131e-12,0.000140786576518,20,1,0.50874807441,0.999988596795,0.0100004306726,0.0100009044132,0.0100002381956,0.488515374752,0.0100452377532,0.0100005786748,0.0100002348021,0.0100000699107,0.0100000938237,0.0100005901325,0.01000021761,0.010000258875,0.0100009089791,0.0433044356767,0.380549581489,0.372379166866,0.0682425609256,0.0100015155084,0.411231475432,0.0100007567777,0.0100007025801,0.000673972355168,0.0100054669441,0.0247531456209,0.0884570197012,0.0100034859453,0.0100074239163,0.0100085646346,0.277373376695,0.140065039872,0.0100142751468,0.0100078241535,0.0100173211447,0.0100222314102,0.0100164355918,0.0100190604136,0.0100194625476,0.0100162535375,0.0107075591265,0.0460603211663,0.0346463425069,0.0185168480783,0.0202098431952,0.0102839422385,0.0100361476636,0.0100252587682,0.0100074220191,0.0100104710747,226.878088648,247.512788709,1.81956690517,1.84548262087,2.49848078982,565.533251669,0,1.39722435481,4.14712389406,5.18973283268,4.91621674323,2.50427185406,2.79863914004,1.82184934631,0.546799250651,14.0717517315,262.297457659,251.155261312,14.7013636529,3.69594834032,159.664691543,0.879801629619,11.4104968885,0,3.37313991885,5.10520739157,16.5856561029,3.8550731708,1.52820471466,0.923655181001,147.694879848,38.9812140407,0.528439577511,1.56905664509,2.55775637743,1.62848198373,2.34717975239,1.71090109173,2.02846043337,1.97401662428,0.250000476532,3.93155076392,2.48970038764,0.745939605603,1.10706831875,0.306227464619,0.532273099042,0.428959781109,2.00446893566,1.16459521956
refine__sobol__0002303__pro_sup__p2@@latissimus_dorsi@@0.00,-51.09872368,96.64018644,-31.57957448,101.96551893,-69.62197731,15.62364215,40.07430087,Latissimus dorsi,LAT1;LAT2;LAT3,0,0,reserve_too_high,The posture requires more reserve torque than the quality limit permits,352.468404,241.843615519,4.05381825885e-08,8.89498576906e-07,0.240172583135,29,2,,,,,,,,,,,,,,,,,,,,,,,,,,,,,,,,,,,,,,,,,,,,,,,,,,,,,,,,,,,,,,,,,,,,,,,,,,,,,,,,,,,,,,,,,,,,,,,,,,,,
refine__sobol__0004077__flexion__m2@@teres_minor@@0.00,90.14151069,110.66850675,-38.97703542,118.91376112,35.64364769,18.44346637,43.17195712,Teres minor,TMIN,0,0,reserve_too_high,The posture requires more reserve torque than the quality limit permits,345.990914,690.747670749,4.05091782341e-08,2.00426762298e-06,0.489085358464,23,1,,,,,,,,,,,,,,,,,,,,,,,,,,,,,,,,,,,,,,,,,,,,,,,,,,,,,,,,,,,,,,,,,,,,,,,,,,,,,,,,,,,,,,,,,,,,,,,,,,,,
refine__sobol__0000625__deviation__m5@@coracobrachialis@@0.00,52.04092476,70.77348722,-38.79392995,54.4533119,79.35458519,4.0013277,-41.22452726,Coracobrachialis,CORB,0,1,usable,Converged with independently replayed constrained generalized-force equilibrium and small reserve torques,447.516824,2.33072762627,3.41676127391e-08,6.50558303802e-13,9.37004685361e-05,23,1,0.379198122562,0.275180189801,0.0100002744089,0.0100001320804,0.999999052506,0.0100000637418,0.828040209199,0.0100003280609,0.553979110552,0.0100001899992,0.0100001599602,0.0100001898653,0.0100001465481,0.0100001790073,0.000674020570154,0.0100002288813,0.0100120037758,0.0100122099675,0.0100383243365,0.0100452374937,0.0100067243959,0.0100014412109,0.0336513119913,0.010001585654,0.0100452374937,0.0763908976314,0.0100024889797,0.0100022854788,0.0100010098148,0.0100066751293,0.319560042443,0.0514887728385,0.0100065252543,0.010003221255,0.0100056656943,0.0100122254703,0.010004797089,0.0100067977709,0.010007243442,0.010017793989,0.0101009175273,0.0137561451344,0.037581174744,0.0280198158137,0.0100170694774,0.0102886036685,0.01010982576,0.0167117992361,0.0100174747313,0.0263441528436,461.815212862,266.244329957,2.01418461305,4.84386337145,986.56102538,13.0247521072,202.076590012,1.43840712059,244.421113905,6.44189119019,4.59052929104,2.67898005824,2.88934914654,1.82460648295,0,2.73325014102,6.72497591627,6.57075387811,0.786904431911,0,3.80404124917,1.07882071496,39.4316302177,2.7597003145,0,19.088836303,1.92728589103,3.49363760341,4.79110188346,0.712002539233,169.690069939,9.75155705573,0.723645699578,1.70502957249,2.49973856443,1.49182910748,2.28911927217,1.70337877504,2.12518340524,1.92831400076,0.372919346381,1.48206581904,3.53825801458,1.33179709748,0.723752828398,0.486255007523,0.799392564411,0.762481362622,1.13017347411,2.91795950085
refine__sobol__0001387__shoulder_elv__m5@@posterior_deltoid@@0.00,23.30069038,90.97368253,56.78712474,29.38006971,56.62021019,14.28208941,-8.82218351,Posterior deltoid,DELT3,0,1,usable,Converged with independently replayed constrained generalized-force equilibrium and small reserve torques,355.741276,0.814727484033,1.63138480502e-08,1.65556457432e-12,2.65285850032e-05,22,0,0.0131237273216,0.874279250964,0.000673863648962,0.0100019702667,0.174514040027,0.0100008232429,0.0100071667791,0.010002103126,0.0100022964887,0.0100003495867,0.0100003352068,0.0100014604728,0.0100011176454,0.0100011112486,0.0100008544017,0.0100053908736,0.0662132114721,0.0606118301843,0.0100452377047,0.0100452377047,0.010001541873,0.0100079480634,0.0100062720002,0.0100088755699,0.0100232092011,0.0329763250422,0.0538549185646,0.0100030992567,0.0100055697267,0.0100083755316,0.0195676811544,0.013883387485,0.0100161963159,0.0100087329506,0.010007112035,0.010010279347,0.0100105791782,0.0100126221102,0.0100104305668,0.0100100500358,0.0112107291508,0.0410149556467,0.0329183900884,0.0152248782761,0.0210251934982,0.0117701840701,0.0100731500467,0.0100262954444,0.0100096787076,0.010012805753,15.9640714152,423.809818498,0,4.67210420468,169.154600919,11.4605598095,2.48270922178,1.43566103136,4.31512555908,6.41701211338,4.61814015642,2.61321910695,2.82463668488,1.80212241376,1.97917454024,3.43312327569,42.2005644655,35.3617524882,0,0,1.97806490396,0.189244673782,11.7808986807,2.57049603069,3.08447026768,7.8532385966,10.3848938909,3.9109115958,4.6130893209,0.957960699996,10.9019639751,3.36183549663,0.754194597844,1.71340971521,2.58973109571,1.62384261142,2.37037587248,1.73109103774,2.08157384583,1.97483293864,0.378317350634,4.47879175577,3.10065640814,0.742967897456,1.50898743057,0.526665855301,0.6316310932,0.434668881078,1.58564119815,1.11194895484
refine__sobol__0003073__elv_angle__p2@@posterior_deltoid@@0.00,41.69229194,81.85014738,-55.82273854,85.01727674,19.23739769,-6.67860394,5.44539462,Posterior deltoid,DELT3,0,0,reserve_too_high,The posture requires more reserve torque than the quality limit permits,296.448035,92.6031255467,6.96670499067e-08,1.88581437399e-06,0.109046380276,23,6,,,,,,,,,,,,,,,,,,,,,,,,,,,,,,,,,,,,,,,,,,,,,,,,,,,,,,,,,,,,,,,,,,,,,,,,,,,,,,,,,,,,,,,,,,,,,,,,,,,,
refine__sobol__0000673__elbow_flexion__p2@@middle_deltoid@@0.00,31.65029976,97.68754972,55.54200755,20.3986244,74.97958519,13.78648395,40.80672274,Middle deltoid,DELT2,0,0,solver_failed,The static optimization solver did not converge,806.671157,,3.862616893e-08,,,0,0,,,,,,,,,,,,,,,,,,,,,,,,,,,,,,,,,,,,,,,,,,,,,,,,,,,,,,,,,,,,,,,,,,,,,,,,,,,,,,,,,,,,,,,,,,,,,,,,,,,,
refine__sobol__0000603__shoulder_rot__m5@@brachialis@@0.00,9.85342476,113.42973722,-46.13767995,109.2970619,6.85458519,23.7669527,39.40047274,Brachialis,BRA,0,1,usable,Converged with independently replayed constrained generalized-force equilibrium and small reserve torques,495.491378,3.28929321274,2.35808531812e-07,4.80579617086e-12,0.000327722997138,26,1,0.0100001625119,0.14478563238,0.999999217547,0.224975616126,0.534553501028,0.428332824026,0.0100005350893,0.0100008627218,0.605896030296,0.0100000673432,0.0100000577898,0.0100012058738,0.0100004498554,0.0100003028524,0.0100001905185,0.237694006432,0.0821244330853,0.081407889316,0.0191323094646,0.0100452393048,0.0100001109553,0.0100001977397,0.000673843047354,0.0100016583587,0.0100001330424,0.0100005391392,0.969902873386,0.0100005192831,0.0100452393048,0.0100032036118,0.010000221356,0.0100005504204,0.0100452393048,0.154274857469,0.0100008900006,0.0100009582407,0.364755247565,0.164948311367,0.0102144792185,0.0100008636228,0.131259942613,0.227479836853,0.160412991958,0.0100104747956,0.296601878114,0.0100043942087,0.0100012170058,0.010000558422,0.0100001511772,0.0100001772851,12.1161937536,1.44581854621,192.419359366,5.89624544248,519.145686024,552.551033506,2.57001613314,1.42272511799,268.919229869,6.12608627735,4.96692290256,2.716956903,2.98600074012,1.87918412883,1.2703230143,15.3659040672,58.9091332331,57.8857649411,5.36783525907,0,4.73964313882,2.40427420401,0,1.25462774576,3.15697059539,1.60340708422,171.934329547,2.60568915614,0,0.238200120003,5.09240647518,2.79823953092,0,13.4858316782,2.48096724095,1.60683595038,83.4960147516,27.528323111,2.01763560894,1.93543015544,3.0426330585,18.0692191717,10.6459246416,0.372335094265,14.8638917122,0.246629137412,0.408608180828,0.390006931925,2.00723125544,1.14912448188
refine__sobol__0001387__elv_angle__p2@@coracobrachialis@@0.00,25.30069038,95.97368253,56.78712474,29.38006971,56.62021019,14.28208941,-8.82218351,Coracobrachialis,CORB,0,1,usable,Converged with independently replayed constrained generalized-force equilibrium and small reserve torques,376.384228,1.02857298357,5.17236671271e-08,1.01607611214e-12,3.42230676287e-05,21,0,0.0363179139326,0.98053302712,0.148917424657,0.0100012572357,0.15339338615,0.0100005159889,0.0100038861846,0.010001701412,0.0100019737462,0.0100002763022,0.0100002670974,0.0100011937931,0.0100008771326,0.0100008805248,0.000673961085679,0.0100039691161,0.0687137788336,0.0629008426908,0.0100452377803,0.0100452377803,0.0100011707631,0.0100084060284,0.0100060739757,0.0100086380113,0.0100230554844,0.0327244582401,0.0529050293075,0.0100031043268,0.0100054592669,0.0100083963407,0.0196116516003,0.0141770174086,0.0100161130363,0.0100086879264,0.0100071543533,0.0100103499084,0.0100105862567,0.010012646519,0.0100104744235,0.0100101273455,0.0111425993608,0.0407450636911,0.0327584203732,0.0151954158357,0.0207956079286,0.0117014493158,0.0100739477717,0.0100266389993,0.0100098032161,0.010013040464,44.2385269935,405.687811521,29.9923172706,4.62042247614,153.260203255,11.5249271734,2.46534275314,1.43834072627,4.29275363012,6.43114084494,4.64541399916,2.63065899922,2.860469495,1.81689397628,0,3.25391300545,43.7942849897,36.6971930007,0,0,1.99862756826,0.140406304507,11.7806655363,2.57043502041,3.08442296389,7.79325707649,10.2017258646,3.91091357822,4.61303839316,0.957962691828,10.926461728,3.43293741626,0.754188327091,1.71340200745,2.58974204723,1.62385405772,2.37037754857,1.73109525781,2.08158296541,1.97484819068,0.376018242202,4.44931982665,3.0855885047,0.74153014229,1.49250997273,0.52359026631,0.631681114075,0.434683775192,1.5856609218,1.11197502018
refine__sobol__0000463__deviation__p5@@anterior_deltoid@@0.00,-42.35360649,88.16606534,77.66114818,12.43182752,74.51083519,-3.80628949,-44.15421476,Anterior deltoid,DELT1,0,1,usable,Converged with independently replayed constrained generalized-force equilibrium and small reserve torques,502.923541,1.2564862987,4.06574010015e-08,2.13873363464e-12,6.76716393508e-05,15,0,0.000674007038192,0.369343251098,0.0100027895773,0.672078787268,0.0100003622453,0.0100000786793,0.0100452375478,0.0100007827503,0.736034132126,0.0100001225661,0.0100001609042,0.0100005123443,0.0100006900919,0.0100003791316,0.0100008735132,0.0945489364217,0.111990395067,0.088178834962,0.0100452375478,0.0100452375478,0.239397564955,0.0100452375478,0.0100036696849,0.0100070704756,0.0100452375478,0.0350419236273,0.0100025936141,0.0100161149578,0.0100017103609,0.0100224548892,0.174348357228,0.0429811991948,0.0100142212394,0.0100071068446,0.0140233552715,0.0218508861313,0.0100107018856,0.0100191203203,0.0100997467353,0.0363381894553,0.0100241497273,0.0100106030413,0.0100616136057,0.0102054923058,0.0100124081311,0.0100476206058,0.0100188110335,0.0148613287946,0.0100546168446,0.0306819673432,0,258.123869564,1.65960258247,123.371528679,1.63697489793,12.1246347132,0,1.35203670498,286.83180029,5.92180078541,4.97254560785,2.32963982714,0.569409969575,1.78012698404,1.1583777837,61.5480475065,61.0440468587,37.844312616,0,0,12.5850046014,0,11.73136469,2.36968519575,0,8.7570762052,1.92921991763,2.68181503071,3.53160013634,0.51785762598,97.1433154619,8.51039693955,0.517157899916,1.45896361937,3.49020676503,3.26770057144,2.2262631977,1.68291377134,2.14498540859,7.02365192791,0.391426494942,1.05189406047,0.922002609364,0.467966714371,0.724893811339,0.473760396438,0.796708901783,0.683177273204,1.08717746121,3.4985847353
refine__sobol__0001262__elv_angle__m2@@pectoralis_major@@0.00,42.74600288,60.17290128,-58.93553151,17.95428846,-63.69228981,12.84654254,-53.58780851,Pectoralis major,PECM1;PECM2;PECM3,0,0,reserve_too_high,The posture requires more reserve torque than the quality limit permits,357.397496,293.219100061,1.43150842291e-08,1.01842794109e-06,0.250554030044,12,4,,,,,,,,,,,,,,,,,,,,,,,,,,,,,,,,,,,,,,,,,,,,,,,,,,,,,,,,,,,,,,,,,,,,,,,,,,,,,,,,,,,,,,,,,,,,,,,,,,,,
refine__sobol__0004077__elbow_flexion__p5@@supraspinatus@@0.00,90.14151069,110.66850675,-38.97703542,123.91376112,35.64364769,18.44346637,45.17195712,Supraspinatus,SUPSP,0,1,usable,Converged with independently replayed constrained generalized-force equilibrium and small reserve torques,379.69569,1.00822135618,4.84504312226e-08,5.18696197105e-13,0.00025133513982,15,0,0.287784923864,0.40844765489,0.0100037908054,0.00110183897318,0.11954516068,0.0100001399052,0.849253763628,0.0100009848469,0.0100002501945,0.0100001015827,0.0100001316657,0.0100003175895,0.0100002785378,0.0100004388102,0.0100005234315,0.0101200888252,0.0501029479696,0.0501026080947,0.0135960632444,0.0101200888252,0.010000311487,0.0100003933459,0.0100157294084,0.0101146397992,0.0100045570998,0.0100168780921,0.0762624479754,0.0100201201175,0.0101200888252,0.0101200888252,0.0604398189053,0.0514913925145,0.0101200888252,0.0101095710782,0.0100210509701,0.0100244947284,0.0189468564093,0.010240803402,0.0100785669141,0.010021652219,0.013376811224,0.0274717351022,0.0200197647548,0.0101366940487,0.0202080983583,0.0100712444741,0.0100307198223,0.0100151511788,0.0100048849667,0.0100055235203,229.028235478,395.164420038,1.71282447565,0,124.191097778,11.1367585461,207.727566065,1.24914914383,4.41976677248,6.55307401383,4.95184090524,2.75797922972,2.99931627802,1.88074487157,2.0745879361,0,35.9384521293,35.9379647722,3.84012620503,0,4.84221021691,3.16812436483,7.93785943166,0.00936600310941,2.95444818214,1.3364385871,12.3170166505,1.28594695996,0,0,18.6752352831,13.5039234114,0,0.44033077659,2.42828754649,1.576418376,4.27171248707,1.6823560767,1.95279312787,1.89854422084,0.291479053661,2.02962268111,1.23777744428,0.359250100984,0.897017213202,0.218704566795,0.387341417954,0.423272869366,2.01060105539,1.16747612699
refine__sobol__0000447__shoulder_elv__m2@@biceps@@0.00,-52.19735649,123.74419034,83.52052318,119.07245252,-41.73916481,5.13902301,37.40828524,Biceps,BIClong;BICshort,0,0,reserve_too_high,The posture requires more reserve torque than the quality limit permits,314.331831,1120.7439378,2.44570941277e-08,1.03769005477e-06,0.5,22,0,,,,,,,,,,,,,,,,,,,,,,,,,,,,,,,,,,,,,,,,,,,,,,,,,,,,,,,,,,,,,,,,,,,,,,,,,,,,,,,,,,,,,,,,,,,,,,,,,,,,
refine__sobol__0002303__shoulder_rot__p5@@supraspinatus@@0.00,-51.09872368,96.64018644,-26.57957448,101.96551893,-71.62197731,15.62364215,40.07430087,Supraspinatus,SUPSP,0,1,usable,Converged with independently replayed constrained generalized-force equilibrium and small reserve torques,330.834875,2.12604702338,7.96199799424e-08,1.0529204744e-12,0.000307679053877,31,1,0.805385606232,0.999999702454,0.0100004150166,0.000673968242443,0.0100000345284,0.0100000838715,0.0100007706709,0.0100006752306,0.0100000469511,0.0100000248329,0.0100000347105,0.34581703514,0.0100002117731,0.0100001682048,0.0100001454178,0.520011842474,0.0100050582848,0.0100051350266,0.0100166054499,0.231692449346,0.0100000391588,0.010000156245,0.143857151592,0.0100012058218,0.010001560271,0.0100288420631,0.0738603151794,0.0100010151472,0.0100452377734,0.0100043822408,0.0100012815506,0.010005799466,0.0100310894396,0.0100035959865,0.0100019329732,0.0100028508127,0.0100037472834,0.0100043355627,0.0100032784795,0.0100028325709,0.012667885671,0.0382605161078,0.027766339238,0.0102900702066,0.0291703636059,0.0100725189248,0.0100162939368,0.0100068285848,0.0100019846393,0.0100024166182,327.864753112,284.187980794,1.35489059653,0,7.93438844545,12.3038855398,2.69397839294,1.37477650169,4.07173139522,5.49536153426,4.94535224174,85.4555805235,2.59866331775,1.79513822689,1.97600175217,205.234918936,7.1667273424,7.04645417803,2.74186064271,78.9028428745,5.24608417775,2.36653390903,152.952450606,2.50884488237,3.32766897665,1.84422380964,11.9098358946,3.61399596896,0,0.614430117893,5.53457651227,2.37947181291,0.0569702740815,1.35834679387,2.524201771,1.62358062821,2.31989994753,1.69057943755,2.00363716442,1.95597447994,0.254812819404,2.68705208927,1.71170220404,0.364197657148,1.3703044054,0.248613211341,0.509896557041,0.438615135018,2.01024795866,1.16721493388
refine__sobol__0003073__shoulder_rot__m2@@anterior_deltoid@@0.00,39.69229194,81.85014738,-57.82273854,85.01727674,19.23739769,-6.67860394,5.44539462,Anterior deltoid,DELT1,0,1,usable,Converged with independently replayed constrained generalized-force equilibrium and small reserve torques,311.060711,4.83907625749,7.96771768563e-08,2.19404455018e-12,0.000343034541403,21,1,0.000673668137967,0.408071293095,0.0100000592249,0.0100000203754,0.0100002709481,0.0100000122645,0.999999804796,0.010000080974,0.807273605251,0.0100000668598,0.0100000709414,0.0100000425605,0.0100000316703,0.0100000430511,0.58498907018,0.0100001067619,0.805674528919,0.788784383401,0.160238402409,0.01004523753,0.729783762037,0.0100001756735,0.0100003064503,0.0100003622154,0.0100010390587,0.0225515541664,0.0100315146739,0.0100009162892,0.0100007959286,0.0100025449007,0.758260758544,0.501332936856,0.010003855528,0.0100021028435,0.0100278896616,0.0124077946121,0.0100120451666,0.0100164278588,0.0100588076156,0.0154760258316,0.0196922285675,0.0915110601849,0.0817738560616,0.0471065450239,0.013773315647,0.0162541539189,0.010017564363,0.0100282650216,0.0100052754273,0.0100106879664,0,324.934759477,1.99927201164,4.66508637488,9.21456310153,12.9395107946,233.381094023,1.4317885082,358.348861538,6.57086977515,4.82389208657,2.70192307978,2.9325886847,1.85128394456,121.686142489,1.192882924,566.004144527,542.52147781,41.3106164197,0,368.774152423,2.1684816004,11.0967825089,2.54734163135,3.15402349522,5.68270559053,1.4564932912,3.77151679327,4.28454806422,0.927291801341,403.137138537,136.519480941,0.663751054799,1.60096511981,2.59089565158,2.01618977612,2.37071237965,1.73156481988,2.07145891047,3.05273342945,0.448485470873,8.53898886833,6.68254198994,2.26457130368,0.693924417592,0.66673933281,0.717337655126,0.461134989615,1.99461046698,1.16522401995
refine__sobol__0004077__elv_angle__m5@@pectoralis_major@@0.00,85.14151069,110.66850675,-38.97703542,118.91376112,35.64364769,18.44346637,45.17195712,Pectoralis major,PECM1;PECM2;PECM3,0,1,usable,Converged with independently replayed constrained generalized-force equilibrium and small reserve torques,360.358765,0.386705702175,3.39929009385e-08,9.20792209529e-13,0.000109987643812,21,0,0.167444591908,0.31104365578,0.010003472156,0.0100004804135,0.0100016341033,0.0100001089341,0.483534040057,0.0100008164327,0.000673966913894,0.000673966913894,0.000673966913894,0.010000265595,0.0100002355722,0.0100003598995,0.0100004296865,0.0100452377852,0.0743108822317,0.0742462000194,0.018849356567,0.0100452377852,0.0100002321038,0.0100002835025,0.0100036598161,0.0100126762128,0.0100018412114,0.0100087678258,0.0752257421777,0.0100052961075,0.0100452377852,0.0100452370545,0.0557341809852,0.04857259742,0.0100452377852,0.0100225247027,0.0100052849384,0.0100068297452,0.010023015129,0.0100176413428,0.0100115448474,0.0100062342208,0.0128177419509,0.0317112273589,0.023480632439,0.0100889992488,0.0207239586985,0.0100337641037,0.0100134816717,0.0100063947582,0.0100019789374,0.010002304004,152.600679644,292.343869698,1.7883194398,4.09332874667,10.3573802197,11.7123459941,118.375305047,1.25110648802,0,0,0,2.75730081473,2.98084067824,1.88072566011,2.07821980147,0,53.3095805168,53.2168074822,5.33812728187,0,4.86255656307,3.16442369107,8.93909832407,0.386029332071,3.04637704873,1.37286070352,12.1329064498,1.49977634221,0,2.16294681277e-06,20.0237453914,12.7384520677,0,0.51925809038,2.424467143,1.57364044007,2.25976478417,1.64569508131,1.93980713172,1.89562337,0.272918112303,2.29818916691,1.4338348334,0.352853704691,0.913445994493,0.217890652675,0.386675757877,0.422902794536,2.01001705413,1.16710046364
refine__sobol__0001262__deviation__p5@@anterior_deltoid@@0.00,44.74600288,60.17290128,-58.93553151,17.95428846,-63.69228981,17.84654254,-53.58780851,Anterior deltoid,DELT1,0,1,usable,Converged with independently replayed constrained generalized-force equilibrium and small reserve torques,330.734972,3.70384057287,3.10620791311e-08,2.1377351978e-12,0.000316020058274,13,2,0.000673928052676,0.694254848609,0.0100000701981,0.0100000410838,0.264653155501,0.0100000238344,0.999999066535,0.0100001039025,0.999999830345,0.0100002653832,0.0100001002593,0.010000057863,0.0100000442439,0.0100000569484,0.974291229167,0.0100000303261,0.0431151207852,0.0352252750922,0.0100452380151,0.0100011345524,0.267319387883,0.0100011940119,0.0100088708297,0.101757034847,0.0100452380151,0.123159267786,0.0100142693142,0.123276464657,0.0100109187205,0.0183830940833,0.237854555943,0.128021138596,0.0214529646195,0.0650015503662,0.0521379222154,0.0311558518328,0.0101412929509,0.0123450906833,0.0285295276172,0.0252541158798,0.0100508477373,0.0100994660008,0.0183709096858,0.0162384944534,0.0100383743516,0.0101308826316,0.0115391846095,0.0127221552547,0.0100256628201,0.0181243450011,0,691.020383361,2.00250402098,4.77391425496,242.370815574,12.025003811,208.048726802,1.43858263378,443.873433154,6.48468295547,4.58401141209,2.66501471958,2.85229523484,1.80501164453,197.393324223,4.8643261767,25.4225602428,16.9662540249,0,3.47113023858,120.420476277,1.47842703788,11.7689363799,24.7518126963,0,30.1837242276,1.81374957157,21.0199002913,4.61141169811,0.443458170436,47.852183317,31.4440588729,1.06480066192,8.82197093155,10.4464827879,3.60303121455,2.13021284156,1.92832558637,6.04658555303,3.95735233382,0.390992301893,0.961320581552,1.60747179767,0.726967949694,0.699683318011,0.464152048594,1.01343536618,0.511335164729,0.796327708871,1.67599896547
refine__sobol__0001369__deviation__m2@@biceps@@0.00,54.23819038,98.00493253,-15.86912526,47.66131971,-5.87978981,1.89146441,-10.69718351,Biceps,BIClong;BICshort,0,0,solver_failed,The static optimization solver did not converge,1218.564171,,3.22480513404e-08,,,0,0,,,,,,,,,,,,,,,,,,,,,,,,,,,,,,,,,,,,,,,,,,,,,,,,,,,,,,,,,,,,,,,,,,,,,,,,,,,,,,,,,,,,,,,,,,,,,,,,,,,,
refine__sobol__0000625__deviation__p5@@biceps@@0.00,52.04092476,70.77348722,-38.79392995,54.4533119,79.35458519,14.0013277,-41.22452726,Biceps,BIClong;BICshort,0,1,usable,Converged with independently replayed constrained generalized-force equilibrium and small reserve torques,391.704461,2.2863697855,2.65592063897e-08,5.45238552408e-12,9.13365869996e-05,21,1,0.377382052301,0.293470375493,0.0100002823997,0.0100001363367,0.999998971105,0.0100000659711,0.803829173769,0.0100003366535,0.53637946015,0.0100001936979,0.0100001633196,0.0100001950375,0.0100001506326,0.0100001838358,0.0781311858579,0.0100002350693,0.0100129985387,0.0100132150189,0.0100389439232,0.0100452377211,0.000673988612385,0.000673988612385,0.0301561414892,0.0100015345808,0.0351957486729,0.0324722995716,0.0100032802253,0.0100021203708,0.010001310988,0.0100070111104,0.325422161673,0.0526654176441,0.0100068611621,0.0100034280204,0.0100055202152,0.0100109048172,0.01000561273,0.0100075288928,0.0100073730901,0.010013688553,0.0102072080078,0.0229959220778,0.0328340183365,0.0223866687221,0.0100220016122,0.01013120387,0.0109725726168,0.0123816216349,0.0100259364012,0.0213670390059,459.603469648,283.940582873,2.01418622251,4.84386543314,986.560945075,13.0247550107,196.168080465,1.43840835651,236.655972452,6.44189357277,4.59053083309,2.67898144382,2.88935032666,1.82460736395,15.8291064871,2.73325183251,6.72564408983,6.57141346729,0.786953001201,0,0,0,35.3360909169,2.75968622206,11.8704913062,8.18532068438,1.92654456517,3.32761661411,4.7969595088,0.682479921753,172.802922893,9.97440406281,0.745505666894,1.7101576577,2.48877119983,1.46978635837,2.33136892836,1.71584967348,2.12505689716,1.90536573015,0.39692386599,2.43471534498,3.07978828238,1.06765668763,0.725588390678,0.478099029702,0.838590276557,0.524405956018,1.04747567085,2.15305733243
refine__sobol__0001387__elbow_flexion__p5@@pectoralis_major@@0.00,23.30069038,95.97368253,56.78712474,34.38006971,56.62021019,14.28208941,-8.82218351,Pectoralis major,PECM1;PECM2;PECM3,0,1,usable,Converged with independently replayed constrained generalized-force equilibrium and small reserve torques,343.94083,1.00349045562,6.13465260813e-08,7.74491581979e-13,3.43732298353e-05,19,0,0.0412398384845,0.965335404179,0.158724008686,0.0100011924625,0.156499314461,0.010000494652,0.0100056669671,0.0100016643256,0.000673873053858,0.000673873053858,0.000673873053858,0.0100011661431,0.010000857058,0.0100008622481,0.0100006975549,0.0100048425041,0.0687722230304,0.0653617291644,0.0100452366574,0.0100452366574,0.0100011279254,0.0100072820082,0.0100059688119,0.0100073692841,0.0100183685367,0.0312435856756,0.0540236569101,0.0100030508425,0.0100057884797,0.0100082912832,0.0206896880643,0.0146628324247,0.0100163160864,0.0100088143968,0.0100072980834,0.0100105103435,0.0100109801664,0.0100130187699,0.0100107405345,0.0100102813687,0.0110276488092,0.0404368414964,0.0322672034636,0.0148487068284,0.0207316842585,0.0114707966956,0.0100677085038,0.0100258825443,0.0100097056351,0.0100126077931,50.2259893646,393.759461083,31.9629935097,4.66170931437,154.09300526,11.5398062888,2.43066088233,1.43810021176,0,0,0,2.62692506312,2.85525786373,1.81527558594,1.89861672467,3.06858420739,44.452731217,40.1525146744,0,0,2.04884209262,0.165373821977,11.7807266546,2.64466671427,3.17539551565,7.51614647579,10.4200795223,3.9890671237,4.58862642214,0.976650429618,11.5188238933,3.55057658557,0.754024206255,1.71315670145,2.58977924301,1.62388008312,2.37047082132,1.73115961658,2.08163830061,1.97487857716,0.36609759742,4.41567939613,3.03432227344,0.724597608093,1.47913728688,0.513269538978,0.631289884225,0.434650980647,1.58564546409,1.11192697088
refine__sobol__0001711__elbow_flexion__p5@@pectoralis_major@@0.00,-47.18759087,105.74907316,38.18360911,74.37030409,-34.16103981,17.0506441,27.62312899,Pectoralis major,PECM1;PECM2;PECM3,0,1,usable,Converged with independently replayed constrained generalized-force equilibrium and small reserve torques,348.356727,1.77714035044,2.26308074502e-08,1.24543496018e-12,0.000126570565978,19,0,0.478673788706,0.941769379096,0.0100004758714,0.0100010216065,0.0100002678087,0.445320784217,0.0100452379228,0.0100006383344,0.000673932251759,0.000673932251759,0.000673932251759,0.010000649192,0.010000241907,0.0100002877846,0.0100010070508,0.036983393243,0.353533438855,0.345978289804,0.0670284246123,0.0100017045968,0.353137336199,0.0100007442061,0.0100007400744,0.0100022470727,0.0100046800345,0.020913985806,0.0878830759802,0.0100033324486,0.0100096384403,0.010008340115,0.238860575206,0.124082737224,0.0100154399581,0.0100079528024,0.0100140789087,0.0100182372318,0.010016279396,0.0100184231309,0.0100176703687,0.010014163179,0.0106201905397,0.0439300290693,0.0328181964981,0.0169725823895,0.0201712095813,0.0101977989485,0.0100324993853,0.0100215939159,0.0100064909934,0.0100087621286,213.466349602,233.102623306,1.81957512914,1.84550424664,2.49848818824,515.528730835,0,1.39723269015,0,0,0,2.50428664341,2.79864593987,1.82185461311,0.546804612536,11.58374027,244.707861088,234.360557549,15.7100830209,3.69601821598,144.23994063,0.987151188871,11.3452298264,2.68638987998,3.37439553702,4.31245578336,16.3954604809,3.83434298832,1.31474040083,0.916789075795,129.850017287,34.5332121648,0.488433585024,1.5616830661,2.55692852634,1.62783298179,2.34714315054,1.71079226636,2.02809760309,1.97360465363,0.246982996129,3.72955566653,2.34737229693,0.681650653054,1.09785086955,0.303662354761,0.532079610366,0.428802969759,2.00428245288,1.16439640469
refine__sobol__0001711__elv_angle__p2@@middle_deltoid@@0.00,-45.18759087,105.74907316,38.18360911,69.37030409,-34.16103981,17.0506441,27.62312899,Middle deltoid,DELT2,0,0,solver_failed,The static optimization solver did not converge,818.752166,,2.59593164742e-08,,,0,0,,,,,,,,,,,,,,,,,,,,,,,,,,,,,,,,,,,,,,,,,,,,,,,,,,,,,,,,,,,,,,,,,,,,,,,,,,,,,,,,,,,,,,,,,,,,,,,,,,,,
refine__sobol__0001387__shoulder_elv__m5@@coracobrachialis@@0.00,23.30069038,90.97368253,56.78712474,29.38006971,56.62021019,14.28208941,-8.82218351,Coracobrachialis,CORB,0,1,usable,Converged with independently replayed constrained generalized-force equilibrium and small reserve torques,397.810086,0.788480452474,1.85657142993e-08,8.18337238444e-13,2.59332560787e-05,21,0,0.0328958871014,0.85377613305,0.122150636302,0.0100019717318,0.154622345482,0.0100008433833,0.0100073460379,0.0100021535528,0.0100024111893,0.0100003614992,0.0100003462789,0.0100015001898,0.0100011442464,0.010001139618,0.0006737167189,0.0100051027833,0.0662132547127,0.0606119233695,0.0100452374303,0.0100452374303,0.0100015808892,0.0100081179135,0.0100062719919,0.0100088755612,0.0100232088777,0.0329763693116,0.0538549926606,0.0100030992564,0.0100055697582,0.0100083755363,0.0195675679213,0.0138838507296,0.010016196334,0.010008732962,0.0100071120448,0.0100102793588,0.0100105792028,0.0100126221344,0.0100104305847,0.0100100500471,0.0112105826994,0.0410149049438,0.0329184343128,0.0152248772526,0.0210250493009,0.0117700948429,0.0100731488149,0.0100262953911,0.0100096786986,0.0100128057345,40.0154832608,413.870862388,24.5950689019,4.67210488911,149.873793196,11.4605828902,2.48275369439,1.43566826945,4.31517504251,6.41701975769,4.61814526988,2.61322948446,2.82464419807,1.8021275258,0,3.43302442336,42.200592025,35.3618068548,0,0,1.97807261972,0.189247884757,11.780898671,2.5704960285,3.08447016829,7.85324913964,10.3849081789,3.91091159567,4.61308933546,0.957960700421,10.9019008883,3.36194767059,0.754194599206,1.71340971717,2.58973109825,1.62384261334,2.3703758783,1.73109104193,2.08157384957,1.97483294086,0.378312408496,4.47878621907,3.10066057375,0.742967847511,1.50897708147,0.526661862784,0.631631015986,0.434668878769,1.58564119666,1.11194895278
refine__sobol__0000625__shoulder_elv__m5@@pectoralis_major@@0.00,52.04092476,65.77348722,-38.79392995,54.4533119,79.35458519,9.0013277,-41.22452726,Pectoralis major,PECM1;PECM2;PECM3,0,1,usable,Converged with independently replayed constrained generalized-force equilibrium and small reserve torques,386.116467,0.834052273817,2.51972522847e-08,8.31335000839e-13,4.58598041786e-05,21,0,0.338670914184,0.199760786373,0.0100011374045,0.0100006233556,0.69941412477,0.0100002501027,0.254707799861,0.0100011832334,0.000673967083826,0.000673967083826,0.000673967083826,0.0100006984638,0.0100005611091,0.0100006746062,0.0100196364869,0.0100007892413,0.0100103920325,0.0100105793598,0.0100371277242,0.0100452376704,0.010002180584,0.0100023231918,0.0407354000076,0.0100015930172,0.0100452376704,0.0823405419338,0.01000221598,0.0100022706484,0.010000911424,0.0100067626669,0.325969869976,0.0521585037321,0.0100060399524,0.0100030111337,0.010005086904,0.0100109506684,0.0100042356039,0.0100060155356,0.0100062736994,0.010014786127,0.0100794327706,0.0125961079852,0.0362241912199,0.029181620432,0.0100145643349,0.010230832871,0.0148106366903,0.0223753271512,0.0100229088961,0.0401531921901,412.217080231,196.672466541,2.01429207533,4.85602882414,690.767028905,13.0048073959,61.9698900314,1.43873910547,0,0,0,2.66810932486,2.86739299771,1.81273885496,2.01094780026,2.94025851882,6.72389332224,6.56968375252,0.786810629434,0,3.67624459857,1.18170132878,47.7325588459,2.7597023462,0,20.696764503,1.92940813024,3.40840976161,4.79816858767,0.698865411116,173.093762321,9.87839866846,0.736948007172,1.70820573607,2.4940090424,1.4803828481,2.31259342091,1.71011244701,2.12491652432,1.91631295928,0.383242047129,1.3456725605,3.40622701165,1.39029054147,0.72491157257,0.483329608813,1.15531860991,0.994159359216,1.09727926826,4.26347971645
refine__sobol__0001711__elv_angle__m5@@supraspinatus@@0.00,-52.18759087,105.74907316,38.18360911,69.37030409,-34.16103981,17.0506441,27.62312899,Supraspinatus,SUPSP,0,1,usable,Converged with independently replayed constrained generalized-force equilibrium and small reserve torques,381.149604,1.42630071893,5.48185994376e-08,5.18696197105e-13,9.78504493469e-05,20,0,0.470167711016,0.722606404133,0.0100004987854,0.000671723767474,0.0100004593011,0.336238489933,0.0100452399367,0.0100007813,0.010000656053,0.0100001290814,0.0100001633905,0.0100006982777,0.0100002948161,0.0100003682709,0.0100016579873,0.0242162452707,0.383519177569,0.375256515328,0.0641722232493,0.0100015117229,0.405354089031,0.0100011979424,0.0100007203961,0.0100022690259,0.0100056774097,0.0235277413788,0.0887550420746,0.0100035638172,0.0100071116564,0.0100087563333,0.278364844034,0.140425724469,0.0100141104934,0.0100080341516,0.0100184499263,0.010023419091,0.010017075269,0.0100197376352,0.0100203700583,0.0100168961559,0.0107392812182,0.0461956527964,0.0346871662505,0.01854960668,0.0203057379162,0.0102648825894,0.0100359628096,0.0100254569198,0.0100075209761,0.0100106054718,193.46590522,182.716259555,1.84790106753,0,1.7255174776,389.046807851,0,1.3949487937,4.13686020275,5.07036341743,4.88449160959,2.49698564322,2.80153819453,1.82386763851,0.518742963145,8.33200202358,263.591238249,252.35595056,12.8835251377,3.6959469414,159.181700357,0.794076537068,11.4527454075,2.72562465621,3.37037383438,4.85128622055,16.6958788243,3.86883418855,1.6680894613,0.927948551459,145.855376274,39.0815954307,0.554151620176,1.57381644518,2.55804459302,1.62867496638,2.34732964973,1.71101673721,2.02864416072,1.97414327236,0.251537848839,3.95906565352,2.50117209001,0.749006429909,1.11742822482,0.305659920755,0.532263295135,0.428968259562,2.00448875657,1.164610855
refine__sobol__0000603__flexion__p5@@teres_major@@0.00,9.85342476,113.42973722,-41.13767995,109.2970619,6.85458519,23.7669527,44.40047274,Teres major,TMAJ,0,1,usable,Converged with independently replayed constrained generalized-force equilibrium and small reserve torques,353.407757,5.97404765689,2.33623698165e-07,5.05195885125e-12,0.000989864597263,28,3,0.0100000338447,0.54106393694,0.999999921995,0.778762193561,0.423658316735,0.178393496292,0.0100001095038,0.000673953522282,0.99999963624,0.0100000083295,0.0100000063205,0.0100002851981,0.0100000994818,0.0100000648327,0.0100000382931,0.925593808414,0.0610358911928,0.060503643924,0.0142874174465,0.0100452377189,0.0100000331127,0.0100000624062,0.0100038404434,0.0100003280086,0.0100000405869,0.0100002468918,0.999999676254,0.010000192211,0.0100452377189,0.0100018301648,0.0100000264059,0.0100000769484,0.0100452377189,0.272738667588,0.0100001987309,0.0100002360022,0.454820731548,0.0545725901875,0.0100008217585,0.0100002175516,0.242177938896,0.222987147772,0.181973032136,0.0100018874195,0.749715034395,0.0100016658511,0.0100005335151,0.0100002011823,0.0100000511955,0.0100000592417,12.1373974392,4.93348047443,192.923239976,22.6768775552,416.910698083,228.913796265,2.59217526739,0,443.744363625,6.22214133723,4.97023177015,2.71283247487,2.98096243285,1.87873854711,1.27756068974,61.1055780426,43.781994118,43.0216252974,4.0085334852,0,4.78160046714,2.4228126292,10.2970927223,1.25446086105,3.16774489269,1.51982525531,172.944076111,2.2764770622,0,0.138198667624,5.09230720052,2.79810704949,0,20.3993210841,2.45818928178,1.59450447886,103.362784602,9.04164179093,1.96009737711,1.92083812947,5.35379612129,16.7015515291,11.5395200548,0.355276661451,35.1962439795,0.224571061198,0.39044334722,0.390480666001,2.00989047039,1.15855073597
refine__sobol__0000447__shoulder_elv__m5@@teres_minor@@0.00,-52.19735649,120.74419034,83.52052318,119.07245252,-41.73916481,5.13902301,37.40828524,Teres minor,TMIN,0,1,usable,Converged with independently replayed constrained generalized-force equilibrium and small reserve torques,400.374655,0.209595524942,2.44076261424e-08,3.33566373839e-13,0.000117770077544,20,0,0.241676699623,0.0100006088315,0.0100005080629,0.0100004991454,0.0100000766558,0.0100003098873,0.000674183041627,0.0100018112974,0.0100001354904,0.0100003022724,0.0100011164469,0.0100013555661,0.0100092420379,0.132260151852,0.102736937545,0.0100029701772,0.144349454779,0.144230399699,0.0365877982332,0.0100035458818,0.216440640427,0.0100018308262,0.0100019632346,0.0100269544017,0.0100023963409,0.0100059036405,0.104296669707,0.0100103033062,0.0100452379286,0.01003943267,0.120400617723,0.0524504879465,0.0100452379286,0.0117782655045,0.0100199146345,0.0100162740697,0.0280383893417,0.0135255288091,0.010089553102,0.0100114235182,0.0101834643121,0.018292058649,0.0105092174535,0.0100340652537,0.0162252350793,0.0100273213547,0.010011436554,0.0100076327179,0.0100033019826,0.0100030881982,156.702335155,2.4995657713,1.48087582243,3.35401191435,10.6084183011,12.3632901263,0,1.43881498654,4.14612489998,3.67092788313,3.21960935101,2.6300542186,2.96909008283,24.8552971883,21.1358553937,0.312423956102,103.554215043,103.383440733,10.3616246552,3.63429153154,96.3588153088,2.40950402846,8.90651793674,1.01046800902,3.03306201632,1.8643049958,15.6741155675,2.33098487948,0,0.107478944728,64.8460492484,14.2567766231,0,1.08579383727,2.49841548469,1.61357079596,6.48505192244,2.27628075393,2.00823901502,1.9376505316,0.199752135976,1.30975855987,0.657184942418,0.37736640959,0.719471947291,0.269556752981,0.578205897096,0.460309820948,1.9884935406,1.15664633278
refine__sobol__0004077__shoulder_rot__p5@@supraspinatus@@0.00,90.14151069,110.66850675,-33.97703542,118.91376112,35.64364769,18.44346637,45.17195712,Supraspinatus,SUPSP,0,1,usable,Converged with independently replayed constrained generalized-force equilibrium and small reserve torques,364.421426,0.645326164208,3.4323125675e-08,4.7916505426e-13,0.000130491180307,22,0,0.305411152868,0.410026875392,0.0100027004257,0.000675063194376,0.200353298266,0.0100000894212,0.561578777681,0.0100006394803,0.0100001626071,0.0100000618293,0.0100000813432,0.0100002209091,0.0100001874034,0.0100002810441,0.0100003287239,0.0100452364494,0.0747088530319,0.0746437619747,0.0189515730455,0.0100452364494,0.0100001926929,0.0100002244318,0.0100036418146,0.0100126271011,0.0100017985218,0.0100083792686,0.0755904102243,0.0100053749367,0.0100452364494,0.0100452357263,0.0560431123663,0.0488388026871,0.0100452364494,0.0100234929079,0.0100054680424,0.0100070073913,0.0100272918432,0.0100193308219,0.0100123411345,0.010006378311,0.0128346189754,0.0311919824244,0.0230798041576,0.0100821508668,0.0206982591631,0.0100327862826,0.0100132057791,0.0100062900229,0.0100019550699,0.0100022684018,237.694870972,393.781006973,1.71307181221,0,208.754123585,11.4941006484,138.176047746,1.25395977062,4.41059458248,6.5592324854,4.94533642813,2.75603475759,2.97542868763,1.88070757257,2.0733363141,0,53.5950791649,53.501764531,5.36707493164,0,4.91117027408,3.16668467032,8.93908223765,0.38602743831,3.04636404621,1.3728074068,12.1917225303,1.49978815865,0,2.16294654466e-06,20.134735867,12.8082659797,0,0.519308252274,2.42451151253,1.57366837611,2.26072900185,1.64597262843,1.93996141795,1.89565066706,0.273277461543,2.26055823368,1.40935842493,0.352614188684,0.912313240992,0.217869418579,0.386665104163,0.42289836808,2.01001225765,1.16709630947
refine__sobol__0000463__elbow_flexion__p5@@supraspinatus@@0.00,-42.35360649,88.16606534,77.66114818,17.43182752,74.51083519,-8.80628949,-44.15421476,Supraspinatus,SUPSP,0,0,reserve_too_high,The posture requires more reserve torque than the quality limit permits,383.918501,752.990140585,2.48924900248e-07,1.14060328116e-06,0.475968182605,24,2,,,,,,,,,,,,,,,,,,,,,,,,,,,,,,,,,,,,,,,,,,,,,,,,,,,,,,,,,,,,,,,,,,,,,,,,,,,,,,,,,,,,,,,,,,,,,,,,,,,,
refine__sobol__0001262__flexion__p5@@pectoralis_major@@0.00,44.74600288,60.17290128,-58.93553151,17.95428846,-63.69228981,12.84654254,-48.58780851,Pectoralis major,PECM1;PECM2;PECM3,0,0,solver_failed,The static optimization solver did not converge,1338.047766,,2.56757974881e-08,,,0,0,,,,,,,,,,,,,,,,,,,,,,,,,,,,,,,,,,,,,,,,,,,,,,,,,,,,,,,,,,,,,,,,,,,,,,,,,,,,,,,,,,,,,,,,,,,,,,,,,,,,
refine__sobol__0002761__shoulder_rot__m2@@subscapularis@@0.00,69.66299507,114.79448331,74.3794099,89.90497205,32.59677269,20.57969684,-39.26163663,Subscapularis,SUBSC,0,1,usable,Converged with independently replayed constrained generalized-force equilibrium and small reserve torques,342.287191,1.08317719268,6.16098354556e-08,1.76214598469e-12,6.08362616707e-05,17,0,0.123987951833,0.460639757369,0.218969558049,0.0100029192416,0.0100003906872,0.000673938165598,0.846266512576,0.0100013396583,0.0100003925553,0.0100001394227,0.0100001883918,0.0100007880371,0.0100006152758,0.0100007096405,0.0100009293111,0.010045238011,0.176159900651,0.172521088712,0.035742342477,0.010045238011,0.0916936081303,0.0100005188259,0.010001384858,0.0100014561397,0.010045238011,0.04700351629,0.0207785543166,0.0100024466751,0.0100028325532,0.0100066870424,0.0797201338728,0.0717217194018,0.01001140091,0.0100063887282,0.0100110349322,0.010017116342,0.0100154959822,0.0100179851706,0.010016263377,0.0100172567202,0.0133148855618,0.0398051571777,0.036295587472,0.0163515232771,0.0165164793569,0.0118094189996,0.0100838288866,0.0100376845146,0.0100140280001,0.0100213479114,95.2160229052,205.152029136,41.5194256623,2.0958066095,9.97619673839,0,227.910686377,1.42216842039,4.00807582801,6.37780033434,4.6550778964,2.71835522839,3.01786647159,1.87958254565,2.08001579109,0,124.5784352,119.484853736,9.38517255823,0,46.0333822036,2.59145266265,10.9763246242,2.49857520235,0,11.8345506832,3.94575137575,4.07997540991,4.30180553137,1.00756755616,41.0719854382,18.9443546931,0.71208972016,1.67302928847,2.4961046753,1.4541399066,2.35348250207,1.72453012563,2.12678027362,1.87787137542,0.523517945863,4.17834096387,3.39674286125,0.779937164621,1.1957855302,0.556648641105,0.767814452229,0.394728332163,0.993197447089,0.939369692576
refine__sobol__0001711__deviation__m2@@latissimus_dorsi@@0.00,-47.18759087,105.74907316,38.18360911,69.37030409,-34.16103981,15.0506441,27.62312899,Latissimus dorsi,LAT1;LAT2;LAT3,0,1,usable,Converged with independently replayed constrained generalized-force equilibrium and small reserve torques,360.595707,2.02477087554,5.66913200828e-08,1.6182251425e-12,0.000138109463213,18,1,0.49476686009,0.999975282863,0.010000440161,0.010000920964,0.0100002428951,0.480292765511,0.0100452377803,0.0100005912765,0.0100002398139,0.0100000715097,0.0100000959024,0.000674015900762,0.000674015900762,0.000674015900762,0.0100009271746,0.0445345843511,0.369479446906,0.361519765127,0.0618240009127,0.0100015711775,0.412506766726,0.010000846371,0.0100007476864,0.0100023433947,0.0100066571347,0.0313188607264,0.0889849179939,0.0100031052251,0.0100059003441,0.0100078106722,0.267102831336,0.134962758682,0.0100129390751,0.0100069434156,0.0100109605784,0.0100151145647,0.0100116982198,0.0100140349225,0.0100134339744,0.0100120128465,0.0108543603903,0.0481251388129,0.0364187944178,0.0197185354391,0.0211127061053,0.0105450069004,0.0100405225005,0.010025056395,0.0100070862406,0.010010181006,220.643113912,247.509494061,1.81956863118,1.845485675,2.49848196427,556.014290338,0,1.39722611528,4.14712597307,5.1897336644,4.91621776569,0,0,0,0.546800246312,14.822935944,253.941786011,243.118134535,12.412084705,3.69596891212,154.668654456,0.809256479769,11.4527766596,2.72564492157,3.37245086965,6.50053491197,16.5348499539,3.85891340916,1.81836002025,0.924580733907,139.954397296,37.5612086233,0.552922220688,1.57295704133,2.55263771044,1.62727231859,2.34568169138,1.70937970054,2.02580943261,1.97224669384,0.248463559881,4.06303329057,2.59990162123,0.793264739435,1.14244246255,0.314232817724,0.544715350705,0.440148247232,2.00920743346,1.16725776046
refine__sobol__0000463__elbow_flexion__p5@@teres_major@@0.00,-42.35360649,88.16606534,77.66114818,17.43182752,74.51083519,-8.80628949,-44.15421476,Teres major,TMAJ,0,1,usable,Converged with independently replayed constrained generalized-force equilibrium and small reserve torques,432.30354,2.14125198084,2.53934771877e-07,1.18660636872e-12,7.13048261083e-05,23,0,0.0100016164944,0.361440635635,0.010002349461,0.698054049721,0.0100003563756,0.0100000760133,0.0100452374746,0.000673997823786,0.743802342999,0.0100001207113,0.0100001590856,0.0100004953027,0.0100006739539,0.0100003723473,0.010000869368,0.107013552018,0.208054696714,0.16928531347,0.0100452374746,0.0100452374746,0.254973064692,0.0100452374746,0.0100021588341,0.0100033755602,0.0100452374746,0.633307998292,0.0100004737723,0.31401884583,0.0100003141766,0.0100130590173,0.408321110689,0.0957826732799,0.0100048263687,0.0100023336223,0.162901529274,0.176558535806,0.0100023503344,0.0100070498032,0.0866522160168,0.260564242756,0.0100051937621,0.0100014727319,0.0100219076754,0.0274176718231,0.0100030557982,0.0542889730342,0.0100030393283,0.0478041122523,0.0100045265624,0.0628869166752,2.13687788293,252.600948345,1.65952956099,128.139731309,1.6369739372,12.1246314808,0,0,289.859064666,5.92179968713,4.97254470358,2.32963585725,0.569409050751,1.7801257764,1.15837730356,67.1653405832,121.890108371,80.6955629445,0,0,15.6855736703,0,11.7591303436,2.4043035463,0,155.929650656,1.89784023607,90.8293651167,3.28926027008,0.536570923905,227.505593005,18.9652356121,0.511849862554,1.46263405558,40.8207186502,26.7638354752,2.1992401863,1.67531908877,18.4027702889,50.7754244354,0.378862321884,1.06835814058,0.922783310216,1.25810400877,0.724032104227,2.55359668128,0.774736294238,2.19867050418,1.05853104675,7.23036617114
refine__sobol__0000463__elv_angle__p2@@biceps@@0.00,-40.35360649,88.16606534,77.66114818,12.43182752,74.51083519,-8.80628949,-44.15421476,Biceps,BIClong;BICshort,0,1,usable,Converged with independently replayed constrained generalized-force equilibrium and small reserve torques,422.653427,2.26491838682,2.31608465739e-07,1.1226575225e-12,9.45098227407e-05,25,0,0.0100013642365,0.286456116447,0.0100017495198,0.684898728661,0.0100002800595,0.0100000616194,0.0100452377268,0.0100006578445,0.884955774373,0.0100001025492,0.010000139451,0.0100004358263,0.0100002861894,0.0100003333838,0.0100008027606,0.0100028733894,0.287235585425,0.226158730604,0.0100452377268,0.0100452377268,0.000673998486872,0.000673998486872,0.0100014992098,0.0100032455616,0.0100452377268,0.627753226518,0.0100004660991,0.308719173924,0.010000318379,0.010015441005,0.374020859918,0.0957963869502,0.0100050504792,0.0100024231087,0.17296035274,0.183702793231,0.0100023755058,0.0100074064974,0.0931609012743,0.269245203259,0.0100050812732,0.0100014638356,0.0100220931718,0.0277342006774,0.0100030361241,0.0535786785941,0.0100029860832,0.0491770953719,0.0100046345467,0.0669235529883,2.3061493873,198.036102603,1.67022422862,124.11767252,1.82079877249,12.1001683631,0,1.35350910343,344.372340694,5.95668910434,4.97247962373,2.33526853551,2.45980262542,1.779279405,1.15862860677,6.41672669174,156.567199586,97.0620864456,0,0,0,0,11.7288193605,2.36877945195,0,155.107721071,1.91215883906,86.3509287056,3.13070736598,0.523930842512,208.396723445,18.9679509554,0.499760677692,1.44062895194,43.3413113338,27.846806229,2.19924572069,1.6753788043,19.7850527645,52.4670589047,0.383771733065,1.0630110416,0.919455826991,1.26802978809,0.724172681817,2.52018647979,0.774732170271,2.26181857546,1.05854247187,7.69447476786
refine__sobol__0002761__elv_angle__p2@@brachioradialis@@0.00,71.66299507,114.79448331,76.3794099,89.90497205,32.59677269,20.57969684,-39.26163663,Brachioradialis,BRD,0,1,usable,Converged with independently replayed constrained generalized-force equilibrium and small reserve torques,385.028352,1.13821550123,5.27604484546e-08,5.27577981302e-13,6.44112430116e-05,17,0,0.132449391653,0.441336654603,0.222524784308,0.010001917908,0.0100003105483,0.0100003217937,0.872811717193,0.0100012974614,0.0100003598053,0.0100001322748,0.0100001800848,0.0100007658556,0.010000597275,0.0100006889823,0.0100009231438,0.0100452377067,0.193106756484,0.189118072111,0.0391764440719,0.0100452377067,0.114131419819,0.0100004845864,0.0100012658735,0.000673725836679,0.0100452377067,0.0453225245363,0.0195369942853,0.0100023054647,0.0100026738934,0.0100063418971,0.10112405608,0.0842725194833,0.0100107653044,0.010006029395,0.0100115156538,0.0100180384804,0.0100160825159,0.0100185834746,0.0100171981017,0.0100184533607,0.013990328439,0.0416156099338,0.0379083297794,0.0171453425819,0.0165815000918,0.0119013281668,0.0100746913705,0.0100375349137,0.01001388548,0.0100211461995,94.8327358796,206.553974257,42.1711795872,2.16931397276,9.94575784036,11.4556167099,233.957668585,1.42172915576,3.99892064311,6.37351801532,4.65079993852,2.7186234807,3.01924679196,1.87964536811,2.07957678722,0,136.563074007,130.97961156,10.2868939853,0,57.0737024265,2.62273228239,10.9761940406,0,0,11.4113103884,3.70998486728,4.07991781054,4.30173729778,1.00753280371,52.0993324627,22.2594844806,0.712044510828,1.67296920929,2.49622453637,1.45427376943,2.35362032824,1.72463311974,2.12697874623,1.87809570214,0.550075175057,4.36838389939,3.54767225254,0.817800865015,1.20049300159,0.56098087059,0.767118692877,0.394722449124,0.993183312059,0.939350784692
refine__sobol__0003073__shoulder_rot__m2@@biceps@@0.00,39.69229194,81.85014738,-57.82273854,85.01727674,19.23739769,-6.67860394,5.44539462,Biceps,BIClong;BICshort,0,0,solver_failed,The static optimization solver did not converge,1083.14018,,7.57196598755e-08,,,0,0,,,,,,,,,,,,,,,,,,,,,,,,,,,,,,,,,,,,,,,,,,,,,,,,,,,,,,,,,,,,,,,,,,,,,,,,,,,,,,,,,,,,,,,,,,,,,,,,,,,,
refine__sobol__0003073__elbow_flexion__p2@@supraspinatus@@0.00,39.69229194,81.85014738,-55.82273854,87.01727674,19.23739769,-6.67860394,5.44539462,Supraspinatus,SUPSP,0,1,usable,Converged with independently replayed constrained generalized-force equilibrium and small reserve torques,291.449647,4.14159088567,8.56642570213e-08,4.88160158923e-12,0.000271022056138,22,1,0.0100000312016,0.407345311306,0.0100000783222,0.000673953289656,0.0100011506087,0.0100000187572,0.999999712182,0.0100001058468,0.73066731526,0.0100000699991,0.0100000734987,0.010000057482,0.0100000430295,0.0100000575838,0.492682289869,0.0100001489249,0.732264650993,0.716993047396,0.146756632036,0.0100452377796,0.657512854805,0.0100002016954,0.0100003358908,0.0100003982275,0.0100010987825,0.0221269853293,0.0103875429916,0.0100009528305,0.010000888732,0.0100026652377,0.683168422748,0.455576472329,0.0100041668104,0.0100022407141,0.0100146540995,0.0100478165869,0.010010828756,0.0100141013436,0.0100267299525,0.0100582081833,0.0191495611217,0.0883436051306,0.0768149459832,0.0435138885106,0.0154342505709,0.0158004971408,0.0100185310051,0.0100246174561,0.0100052879452,0.0100095498052,11.037469212,321.997331115,1.99999889658,0,9.29518477406,12.9837808831,235.972564803,1.43267312023,324.340644444,6.57080560303,4.81934630506,2.70125205484,2.9307289277,1.85030759893,102.485205643,1.13873562209,515.840320273,494.548577387,38.1309113719,0,330.277862361,2.25459061122,11.0476997994,2.52594043307,3.13490626438,5.57449026538,1.50137043899,3.75695601766,4.25120413317,0.922820917336,361.478146639,124.059400368,0.654918135861,1.59635746008,2.58747599286,1.63270796368,2.37042435061,1.7311626294,2.06485300214,1.98403832455,0.436518395396,8.24131643261,6.27328289122,2.09193957786,0.775413232632,0.648130500891,0.71740687439,0.460967261692,1.99461296252,1.16509154026
refine__sobol__0002303__flexion__m2@@brachialis@@0.00,-51.09872368,96.64018644,-31.57957448,101.96551893,-71.62197731,15.62364215,38.07430087,Brachialis,BRA,0,1,usable,Converged with independently replayed constrained generalized-force equilibrium and small reserve torques,306.367944,2.70043060025,2.08442330063e-08,8.25873349754e-13,0.000348275746913,31,1,0.869296960657,0.999999691729,0.0100004588806,0.0100000592727,0.0100000343666,0.010000053382,0.0100005159717,0.0100006708442,0.0100000427082,0.0100000226601,0.0100000318186,0.354099077539,0.010000208387,0.0100001605346,0.0100001366592,0.564249105772,0.0100003764812,0.0100003830238,0.0100017132515,0.661061704523,0.0100000487654,0.0100002131116,0.000673941670211,0.22175190194,0.0100571196935,0.0100135815429,0.0522971311866,0.0100006717654,0.0100452378507,0.0100029191361,0.010001036937,0.0100022309019,0.0100248435029,0.0100025676802,0.0100009999195,0.0100015341129,0.010001877537,0.0100022343365,0.0100017073003,0.0100015843449,0.0207514847028,0.0590496120158,0.0396078704088,0.0143032661314,0.0448465425836,0.0102674501479,0.0100140090726,0.0100048597865,0.0100013406999,0.0100016495739,360.328286601,270.541501802,1.32780025685,4.98969712174,8.37508610755,12.4056859904,2.69390968257,1.37779011111,4.05745795742,5.45719607131,4.93558751283,88.0045515342,2.61913354826,1.79717429323,2.00403194507,228.02358826,7.16337371773,7.04310741953,2.73778417849,225.124504294,5.24806883815,2.35941786387,0,55.6274047608,3.3416115305,1.87537232151,8.51325622813,3.6426795189,0,0.658074604603,5.53444114649,2.37862317565,0.0898974234968,1.40131262626,2.53353361606,1.62441431039,2.32644866214,1.69534076016,2.00965004468,1.96116564137,0.426116896848,4.25205321643,2.48923410452,0.515907538005,2.14801974626,0.262107185201,0.517380719567,0.438172247788,2.01021427863,1.16709348164
refine__sobol__0000603__deviation__m5@@brachioradialis@@0.00,9.85342476,113.42973722,-41.13767995,109.2970619,6.85458519,18.7669527,39.40047274,Brachioradialis,BRD,0,1,usable,Converged with independently replayed constrained generalized-force equilibrium and small reserve torques,291.919347,4.03029968056,3.59565213159e-08,2.60833652129e-12,0.000749642515264,22,2,0.0100000336798,0.543499833166,0.999999922447,0.782249602369,0.426044690359,0.18065484621,0.01000010897,0.0100001965963,0.999999639638,0.0100000082482,0.0100000062479,0.0100002837441,0.0100000989681,0.0100000644912,0.0100000380788,0.928759207378,0.0533225690068,0.0528576364297,0.0125659416822,0.0100452374081,0.0100000077668,0.010000022693,0.0100043442242,0.000673899897626,0.0100862651906,0.081556271272,0.117585105415,0.0100016585672,0.0100452374081,0.0100137093443,0.0251228798396,0.0226517806877,0.0100452374081,0.0100046989768,0.0100016292002,0.0100024356787,0.0100024110045,0.0100029899144,0.0100024056039,0.0100023381681,0.018234781855,0.0782246883182,0.0583287727506,0.0310112265954,0.0384406251007,0.0189983662853,0.0100756770039,0.0100117969286,0.0100024780377,0.0100036320629,12.1373972391,4.95569124149,192.923240062,22.7784278539,419.259063862,231.815551122,2.59217512901,1.42662499075,443.744365133,6.2221412865,4.97023173407,2.71283208044,2.98096227971,1.87873848295,1.27756066228,61.3145504141,38.2491081393,37.5848673091,3.52554954007,0,4.78158834774,2.42280300754,10.2976112705,0,3.1695592476,13.2103103045,20.1507701857,2.3709920506,0,0.156622247708,12.7933084081,6.33816195134,0,0.833799513014,2.46795784343,1.59924893321,2.28491212657,1.66514539857,1.96923593138,1.92600930864,0.397788176303,5.93495060542,3.7381800585,1.13087068878,1.83915437839,0.463003102305,0.437465406283,0.42029087238,2.01044860793,1.16635154006
refine__sobol__0002761__flexion__m2@@posterior_deltoid@@0.00,69.66299507,114.79448331,76.3794099,89.90497205,32.59677269,20.57969684,-41.26163663,Posterior deltoid,DELT3,0,1,usable,Converged with independently replayed constrained generalized-force equilibrium and small reserve torques,343.648636,1.21382920003,5.73559368888e-08,1.22825531884e-12,6.99673250233e-05,18,0,0.0972367114122,0.487152308469,0.000674031818653,0.010002960857,0.0100003043255,0.0100003463972,0.927744565342,0.0100012291199,0.0100003603373,0.0100001260848,0.0100001699469,0.0100007186908,0.0100005663233,0.0100006508447,0.0100008413049,0.0100452378221,0.18889195949,0.184990167452,0.0383222249554,0.0100452378221,0.103612547849,0.0100004741856,0.0100012935337,0.0100013538336,0.0100452378221,0.0457390598529,0.0195723338445,0.0100023544718,0.0100027621767,0.0100064734706,0.0911364079796,0.0792317682901,0.0100110301674,0.0100061885394,0.0100115554404,0.0100179240184,0.0100165457671,0.0100189437648,0.0100172947561,0.0100182634479,0.0139725874154,0.0409595671378,0.0372031303586,0.0166285070596,0.0169281403908,0.0117861184908,0.0100751349338,0.0100369293776,0.0100140287562,0.0100206479354,74.5571009288,218.100924269,0,1.98969878956,9.983321986,11.4353082393,247.371417005,1.42349216925,3.99960520491,6.36614836895,4.64654765879,2.71736507342,3.01655723852,1.87948007963,2.07997466443,0,133.582413752,128.120702609,10.0625943656,0,52.1155959112,2.59587395088,10.9762243975,2.49854964412,0,11.4840846566,3.71042565969,4.0798892721,4.32528050263,1.00394442421,46.9536745558,20.9280359417,0.71452654984,1.67695625441,2.47517872125,1.43960301224,2.34847945356,1.72229090689,2.12723217318,1.86355971578,0.549996354618,4.27882171992,3.46793092967,0.790054722598,1.22558453982,0.553808574453,0.776463867703,0.394199862046,0.960976131606,0.933497476241
refine__sobol__0001711__deviation__p2@@subscapularis@@0.00,-47.18759087,105.74907316,38.18360911,69.37030409,-34.16103981,19.0506441,27.62312899,Subscapularis,SUBSC,0,0,reserve_too_high,The posture requires more reserve torque than the quality limit permits,298.36438,160.795774479,3.50128424031e-08,1.54033454258e-06,0.184147048893,17,2,,,,,,,,,,,,,,,,,,,,,,,,,,,,,,,,,,,,,,,,,,,,,,,,,,,,,,,,,,,,,,,,,,,,,,,,,,,,,,,,,,,,,,,,,,,,,,,,,,,,
refine__sobol__0000625__flexion__m5@@subscapularis@@0.00,52.04092476,70.77348722,-38.79392995,54.4533119,79.35458519,9.0013277,-46.22452726,Subscapularis,SUBSC,0,1,usable,Converged with independently replayed constrained generalized-force equilibrium and small reserve torques,384.499253,2.18588921716,2.3944906502e-08,1.30951764521e-12,8.61483358588e-05,22,1,0.381555185206,0.287388911415,0.0100003002413,0.0100001455037,0.999998695435,0.000673969209549,0.753839236981,0.0100003577776,0.508011476065,0.0100002059943,0.0100001736624,0.0100002076202,0.0100001604959,0.0100001956729,0.0717995551059,0.0100002499147,0.0100133606367,0.0100135806041,0.0100391508917,0.0100452377549,0.010004716395,0.0100014885051,0.0290131665192,0.0100015110817,0.0100452377549,0.0786079620321,0.010001858671,0.0100027058038,0.0100008440893,0.010007793517,0.328847096848,0.053302085866,0.0100060696415,0.0100029979823,0.0100060200579,0.010014480411,0.0100042033468,0.010006113615,0.0100067497226,0.0100236728149,0.0100417220063,0.0100317227448,0.0257500618671,0.0272072686116,0.010010934984,0.0100770628156,0.0121246816984,0.0267162690552,0.0100430741101,0.0498515062251,464.685816176,278.056600688,2.01418981604,4.84386987326,986.560673136,0,183.968436245,1.43841139491,224.139734677,6.4419014939,4.590535581,2.67898481464,2.88935317649,1.8246095237,14.5463401208,2.73325588954,6.72588730802,6.57165339144,0.786969226206,0,3.80327791104,1.07882581643,33.9967860367,2.75967973805,0,19.5823488192,1.92932576898,3.26410984745,4.79705078786,0.646450926581,174.621602988,10.0949838735,0.716174388177,1.70014449574,2.43882406987,1.4451941271,2.27945489843,1.69427490113,2.12528550845,1.88555090726,0.390858431646,1.05986165436,2.39934353393,1.28257952776,0.724784891464,0.473147220491,0.96681647182,1.1816989583,1.00968294031,5.19951734482
refine__sobol__0001369__elv_angle__p2@@latissimus_dorsi@@0.00,56.23819038,98.00493253,-15.86912526,47.66131971,-5.87978981,3.89146441,-10.69718351,Latissimus dorsi,LAT1;LAT2;LAT3,0,1,usable,Converged with independently replayed constrained generalized-force equilibrium and small reserve torques,392.542606,0.255835252921,9.17549414226e-09,1.31957485505e-12,8.84337138685e-06,11,0,0.195676977434,0.317909894779,0.0194389986312,0.0531663913862,0.300034580008,0.0100080315549,0.041581289324,0.0100051383427,0.0100029686701,0.0100007481178,0.0100008922797,0.00067398874643,0.00067398874643,0.00067398874643,0.0100028409015,0.010005900151,0.0265075182431,0.0258433500673,0.0100473745483,0.0100065075479,0.0800327853287,0.0100032747853,0.0100121573845,0.0100215870491,0.0353579748406,0.0391958689172,0.0206976762192,0.010005387313,0.0100049134121,0.0100119971017,0.0739660643152,0.0320948580394,0.0100200857258,0.0100122274667,0.0100108243514,0.0100158909974,0.0100124199184,0.0100155054529,0.0100141708355,0.0100153089018,0.0101143881089,0.0271082389182,0.0100452377928,0.0127066865809,0.0108287472081,0.0103014988965,0.0100897577827,0.0100376447846,0.0100120998034,0.0100210384971,224.08593854,203.973358212,3.91331500601,25.1242992469,305.375644165,13.0397046059,10.7027949289,1.41261092127,4.35792176994,6.56931294713,4.80941728253,0,0,0,2.08058258636,2.03041380497,17.6000731341,16.7279505817,0.208271143715,3.76093792708,42.0200678511,1.41020200074,11.7801042986,2.76521904587,11.9262449137,9.89638556753,3.98737522459,4.08083574495,4.62467273929,1.01016607546,39.2115434052,9.13483165839,0.749888347224,1.71111170503,2.59001009872,1.6064614566,2.36949352567,1.73142873402,2.10771646659,1.97330877142,0.309258229473,2.9592989264,0,0.620082144769,0.724204009059,0.470038354552,0.757386797322,0.461173502199,1.70372091816,1.16821575723
refine__sobol__0003073__deviation__m2@@teres_minor@@0.00,39.69229194,81.85014738,-55.82273854,85.01727674,19.23739769,-8.67860394,5.44539462,Teres minor,TMIN,0,0,solver_failed,The static optimization solver did not converge,1224.766265,,2.17945943959e-07,,,0,0,,,,,,,,,,,,,,,,,,,,,,,,,,,,,,,,,,,,,,,,,,,,,,,,,,,,,,,,,,,,,,,,,,,,,,,,,,,,,,,,,,,,,,,,,,,,,,,,,,,,
refine__sobol__0000463__elv_angle__m2@@latissimus_dorsi@@0.00,-44.35360649,88.16606534,77.66114818,12.43182752,74.51083519,-8.80628949,-44.15421476,Latissimus dorsi,LAT1;LAT2;LAT3,0,1,usable,Converged with independently replayed constrained generalized-force equilibrium and small reserve torques,471.427311,2.14225172366,2.41162506853e-07,1.30708569277e-12,6.51425358582e-05,21,0,0.0100019424754,0.479849972377,0.0100019569382,0.791515827663,0.0100003985356,0.0100000779817,0.0100452377319,0.0100007190132,0.577277742838,0.0100001235861,0.0100001592916,0.000674181062804,0.000674181062804,0.000674181062804,0.0100008448397,0.185203076467,0.166193326236,0.13085546899,0.0100452377319,0.0100452377319,0.223894570412,0.0100452377319,0.0100025368124,0.0100041519623,0.0100452377319,0.630409030405,0.010000471031,0.321284550324,0.0100003290446,0.0100162326565,0.405399801246,0.0926738955629,0.0100052243091,0.0100025427244,0.167416740421,0.178662682819,0.0100024036328,0.0100073957063,0.0897140679873,0.262196211645,0.0100050633126,0.010001463002,0.0100184503117,0.0252390811969,0.0100030247879,0.0530720880907,0.0100030498397,0.0479636920522,0.010004654087,0.0644745071543,1.97735020371,339.016466107,1.73336208842,148.707016736,1.46051256712,12.1505894325,0,1.3506374862,224.625873543,5.89226960661,4.97259179062,0,0,0,1.15883294409,122.330907271,90.5891365813,56.1601350055,0,0,12.4399075049,0,11.7300361635,2.36899408861,0,155.763927476,1.91215978218,89.8655530163,3.13071070493,0.523972255411,225.880423577,18.3496889781,0.499769360558,1.4406461798,41.9521639126,27.0827950997,2.19925190491,1.67537699764,19.05303131,51.093441643,0.383771044178,1.06301095295,0.919121620438,1.15395093419,0.724171861131,2.49635792385,0.774737108277,2.20601011123,1.05854453907,7.41289794543
refine__sobol__0000447__flexion__m2@@infraspinatus@@0.00,-52.19735649,125.74419034,83.52052318,119.07245252,-41.73916481,5.13902301,35.40828524,Infraspinatus,INFSP,0,1,usable,Converged with independently replayed constrained generalized-force equilibrium and small reserve torques,395.309304,0.314825444156,2.53286884799e-08,9.30810983846e-13,0.000216319559325,21,0,0.23415955307,0.0100003456096,0.0100002861848,0.0100002204434,0.000674373190991,0.0100001436162,0.0100003079999,0.0100013817691,0.0100000709139,0.0100001569426,0.0100004713323,0.0100009664277,0.0457265357721,0.290941109119,0.0100010722556,0.0100087592662,0.17930642555,0.179158761248,0.0454403866901,0.0100030594566,0.262075693398,0.0100014031934,0.0100015920906,0.0100186798371,0.0100024226866,0.0100064687903,0.104400922037,0.0100096900783,0.0100452377589,0.0100367136431,0.135436937162,0.0613599262178,0.0100452377589,0.01057075976,0.0100207464357,0.0100169421999,0.0256819995239,0.0121978752042,0.0100773152706,0.0100117450912,0.0101930161723,0.0202895261971,0.0115066509565,0.0100378026247,0.0164024666462,0.0100293229545,0.0100119036326,0.0100080419749,0.0100034297709,0.0100032519929,175.976171521,1.95153490467,1.6872299884,3.53262620838,0,12.3694459113,2.32784771614,1.4384550271,4.11628098876,3.34149284666,3.17211799135,2.64920844351,13.70764455,54.7040331396,1.57753361766,0.05606371264,128.631841239,128.419869971,12.8686680753,3.63411481309,112.354430115,2.38142997046,8.90618744173,1.00963413858,3.0253930706,1.89936917208,15.8139548285,2.46930724243,0,0.154658372152,72.9443956638,16.6784866247,0,1.03565236181,2.50905778261,1.6186509973,5.95965231314,2.05961711985,2.01265064634,1.94434238086,0.204055278069,1.48762006871,0.733672012216,0.38433837974,0.738999273907,0.277647737947,0.585928370473,0.460322588383,1.99728106415,1.15923740143
refine__sobol__0001262__elbow_flexion__m5@@latissimus_dorsi@@0.00,44.74600288,60.17290128,-58.93553151,12.95428846,-63.69228981,12.84654254,-53.58780851,Latissimus dorsi,LAT1;LAT2;LAT3,0,1,usable,Converged with independently replayed constrained generalized-force equilibrium and small reserve torques,416.791746,3.32033264683,5.54072840941e-08,4.56878979094e-12,0.000267614226173,9,2,0.0121855652753,0.653500758591,0.0100000846304,0.0100000503201,0.283093531202,0.0100000297148,0.999998323384,0.0100001236979,0.999999778399,0.0100002947492,0.0100001170472,0.000673337628964,0.000673337628964,0.000673337628964,0.805294850648,0.010000035079,0.0121864806953,0.0104571774805,0.0100452377012,0.0100012032602,0.238333390502,0.0100014087678,0.010020575728,0.097540884428,0.0100452377012,0.122045743202,0.0100845192128,0.111614232897,0.0154555088634,0.0160647723992,0.207234616167,0.120395534099,0.0210691619713,0.0645840951073,0.0476651814257,0.0277916297987,0.0117705374179,0.0143941749141,0.0289984327072,0.0221499848327,0.0100776411124,0.0123826406942,0.0225091632937,0.0159972758836,0.0100900431293,0.0102839525076,0.0101080195274,0.0101687862525,0.010018359123,0.0100979442747,11.6448920442,650.456162771,2.00250691108,4.77391866475,259.258613079,12.0250108783,208.048572091,1.43858548149,443.873410096,6.48470199721,4.5840191069,0,0,0,163.154324666,5.10266644334,6.69766000312,4.53965005828,0,3.47115408512,103.3984399,1.3885776656,11.7554423714,23.3589795568,0,29.9118924642,1.85318511725,18.570077292,6.56247184108,0.372188902047,37.926423317,29.5710872713,0.957234130911,8.38545852197,9.58099424961,3.24577756767,2.42846655862,2.22107544366,6.14257856026,3.49915302672,0.39394605786,1.19321245395,1.97048261918,0.712149236507,0.708315941782,0.473073483379,0.889790629933,0.431064811281,0.84615384574,0.986648954244
refine__sobol__0000625__elv_angle__p2@@latissimus_dorsi@@0.00,54.04092476,70.77348722,-38.79392995,54.4533119,79.35458519,9.0013277,-41.22452726,Latissimus dorsi,LAT1;LAT2;LAT3,0,0,solver_failed,The static optimization solver did not converge,1084.797093,,2.66191335641e-08,,,0,0,,,,,,,,,,,,,,,,,,,,,,,,,,,,,,,,,,,,,,,,,,,,,,,,,,,,,,,,,,,,,,,,,,,,,,,,,,,,,,,,,,,,,,,,,,,,,,,,,,,,
refine__sobol__0000673__shoulder_rot__m2@@posterior_deltoid@@0.00,31.65029976,97.68754972,53.54200755,18.3986244,74.97958519,13.78648395,40.80672274,Posterior deltoid,DELT3,0,0,reserve_too_high,The posture requires more reserve torque than the quality limit permits,327.642806,16.7119653582,7.26986115751e-08,1.80078378342e-06,0.0710336221519,29,1,,,,,,,,,,,,,,,,,,,,,,,,,,,,,,,,,,,,,,,,,,,,,,,,,,,,,,,,,,,,,,,,,,,,,,,,,,,,,,,,,,,,,,,,,,,,,,,,,,,,
refine__sobol__0000625__pro_sup__m5@@brachialis@@0.00,52.04092476,70.77348722,-38.79392995,54.4533119,74.35458519,9.0013277,-41.22452726,Brachialis,BRA,0,1,usable,Converged with independently replayed constrained generalized-force equilibrium and small reserve torques,565.033124,2.18795444938,3.86290395227e-08,6.50119296612e-12,8.93953830595e-05,21,1,0.378299383851,0.264737455053,0.0100002879399,0.0100001389403,0.999998875357,0.0100000674084,0.788072779977,0.0100003443227,0.531047732272,0.010000199861,0.0100001682141,0.0100001995233,0.010000154111,0.0100001881173,0.0829682906657,0.0100002388254,0.0100071235054,0.0100072642308,0.0100335489094,0.010045238085,0.10637801251,0.0100017112547,0.000673867735269,0.0100039831645,0.0344835528235,0.0322534551291,0.0100089497909,0.0100032531351,0.0100028196305,0.0100098189467,0.210142434205,0.0390290594591,0.0100117551111,0.0100061712013,0.0100074979077,0.0100129210469,0.0100090932976,0.0100114212035,0.0100104869751,0.0100142351568,0.0105709993843,0.0283581708702,0.0303162791427,0.0167000135262,0.0100763872579,0.0102573960502,0.0100840917031,0.0100533464036,0.010015666876,0.0100327029383,460.720663117,256.140699568,2.01418733836,4.84386669391,986.560850669,13.0247568834,192.32285861,1.43840945961,234.303560883,6.44189754311,4.59053308022,2.67898264557,2.88935133174,1.82460814517,16.8090870972,2.73325285913,6.72169788083,6.56750811904,0.786530084374,0,41.3294377667,1.12326280933,0,2.76074505563,11.6121191108,8.10031667509,1.93070171568,3.46050636043,4.79907906781,0.714317558925,111.903777486,7.74029342695,0.743036907205,1.71028044284,2.49953561342,1.48296565141,2.31605154043,1.71211714279,2.12577895906,1.91671032858,0.403464516396,3.02546658102,2.84820210961,0.794644526051,0.729401224254,0.48458228341,0.78835246303,0.446680772624,1.09648643223,1.06527583854
refine__sobol__0001262__deviation__p5@@pectoralis_major@@0.00,44.74600288,60.17290128,-58.93553151,17.95428846,-63.69228981,17.84654254,-53.58780851,Pectoralis major,PECM1;PECM2;PECM3,0,0,solver_failed,The static optimization solver did not converge,1109.724791,,3.19138884208e-08,,,0,0,,,,,,,,,,,,,,,,,,,,,,,,,,,,,,,,,,,,,,,,,,,,,,,,,,,,,,,,,,,,,,,,,,,,,,,,,,,,,,,,,,,,,,,,,,,,,,,,,,,,
refine__sobol__0001387__elv_angle__m5@@teres_major@@0.00,18.30069038,95.97368253,56.78712474,29.38006971,56.62021019,14.28208941,-8.82218351,Teres major,TMAJ,0,1,usable,Converged with independently replayed constrained generalized-force equilibrium and small reserve torques,336.293516,1.55751663827,1.4634967016e-08,6.00372235068e-13,0.000155765998949,19,1,0.124330142038,0.99999986711,0.720453314693,0.0100001931509,0.0319708145261,0.0100000952178,0.0100018725012,0.000674194261348,0.0100003835705,0.010000051587,0.0100000492252,0.0100002606913,0.0100001826561,0.0100001835495,0.0100001572668,0.0100008350807,0.0782212477723,0.07160361101,0.0100452377192,0.0100452377192,0.0100003176641,0.0100141591551,0.0100054228481,0.0100078380735,0.0100160673431,0.0264134613773,0.051981237883,0.010003200058,0.0100061792933,0.0100087496629,0.0198461884874,0.0153226875442,0.0100166808533,0.010009064434,0.010007739831,0.0100110967581,0.0100116528701,0.0100137380745,0.0100113719052,0.0100108753575,0.010909746929,0.0389536540033,0.031024053019,0.0142487685696,0.0200832842108,0.0109034841982,0.010063421337,0.0100263124392,0.0100101493784,0.0100130288915,150.027605615,395.964061015,144.831317655,4.76695387051,30.1498677315,11.5746215262,2.0729968615,0,4.35164080836,6.50734100421,4.69832023281,2.61684511892,2.84139749826,1.8112444297,1.79104495011,3.4500576655,49.8538091697,41.7745044535,0,0,1.69312495873,0.0160929284701,11.7798989303,2.57022957919,3.08227248379,6.29030718546,10.0235903075,3.91095100603,4.61337036291,0.957996510285,11.0571319221,3.71035922922,0.754231082298,1.71346646233,2.58989356246,1.62397520982,2.37063010886,1.73128397779,2.08176958822,1.97499576224,0.368160402312,4.25369969701,2.92222458455,0.69533413887,1.44138618469,0.487884709109,0.631021060047,0.434669617843,1.5857157574,1.11197373494
refine__sobol__0002761__pro_sup__m5@@anterior_deltoid@@0.00,69.66299507,114.79448331,76.3794099,89.90497205,27.59677269,20.57969684,-39.26163663,Anterior deltoid,DELT1,0,1,usable,Converged with independently replayed constrained generalized-force equilibrium and small reserve torques,364.635015,1.9395526883,5.76814507269e-08,3.87956333725e-12,6.89659052451e-05,19,0,0.000674075001075,0.71911813032,0.010000847099,0.15187572239,0.0100005031547,0.0100006791231,0.641185393796,0.0100006009353,0.0255218721361,0.0100000976407,0.0100001315641,0.0100003586732,0.0100002276626,0.0100002805414,0.0100012773599,0.0100452376065,0.521970056526,0.51118772036,0.105859018634,0.0100452376065,0.402464409983,0.0100002994476,0.010000470517,0.0100004959385,0.0100452376065,0.0385771769736,0.0100074569568,0.0100012577299,0.0100010477675,0.0100035610668,0.414771546677,0.307813445602,0.010005150197,0.0100028913394,0.0100748964641,0.0132777846976,0.0100181720621,0.0100243754437,0.0100917949745,0.0193552228094,0.020076921997,0.0592590815611,0.0598528963271,0.031749159571,0.0101173955237,0.0124356501928,0.0100455315481,0.0101201818006,0.0100150926785,0.010112797461,0,321.953372993,1.89290985094,30.2097494178,9.98352047748,11.4356887084,170.964018933,1.42340275864,10.2073734536,6.36613026124,4.64652982432,2.71726725054,3.01645508538,1.87941048639,2.08006535512,0,369.131752584,354.038978387,27.7963079035,0,201.344184662,2.65735947412,10.9753211531,2.49461973533,0,9.70485043194,1.89808290054,4.07949100279,4.29081153236,1.00781574135,215.367078171,82.2456864876,0.710590463082,1.67145319805,2.50458127021,1.91880500171,2.35251834549,1.72490067929,2.14293204133,3.61444701506,0.789439202916,6.21856247958,5.59933610716,1.51384730481,0.732494705109,0.586108640441,0.769534273539,0.397972508234,0.993303042552,0.947941886221
refine__sobol__0002761__elbow_flexion__m2@@subscapularis@@0.00,69.66299507,114.79448331,76.3794099,87.90497205,32.59677269,20.57969684,-39.26163663,Subscapularis,SUBSC,0,1,usable,Converged with independently replayed constrained generalized-force equilibrium and small reserve torques,349.422823,1.14484460669,5.78132670626e-08,3.11928260999e-12,6.52574707236e-05,15,0,0.126569571997,0.463425367619,0.235573634421,0.0100053776156,0.0100005507587,0.000873475190539,0.871858463432,0.0100021807533,0.0100006540875,0.0100002321425,0.0100003100925,0.010001279791,0.0100010076873,0.0100011577024,0.0100015042314,0.0100757687569,0.182212294489,0.178422314483,0.0366728851389,0.0100757687569,0.0970392147527,0.0100008747001,0.0100022676112,0.0100023760329,0.0100757687569,0.0466192174693,0.0205092460235,0.0100040114144,0.0100046135794,0.0100110481397,0.0856614082316,0.0751118529516,0.0100186678237,0.0100104549957,0.0100185495474,0.0100289032141,0.0100258435618,0.0100300568193,0.0100273476595,0.0100292323603,0.0136798701173,0.0406852369242,0.0371285765846,0.0168328655356,0.0167686150162,0.0120449121214,0.0101394433434,0.010063646856,0.0100234436237,0.0100360529277,97.0483289274,207.478234749,44.5881882605,1.99017950881,9.9835680007,0,232.47009102,1.42362761687,3.99972268909,6.36621588589,4.64661277692,2.71751753389,3.01669037095,1.87957533633,2.08011253985,0,128.513197261,123.222576048,9.56005553908,0,49.1296425373,2.52051593972,11.0277494255,2.52268751203,0,11.7335963428,3.89188586746,4.08056038113,4.32960315872,1.00492693344,44.3598624081,19.8398141572,0.716123603989,1.6782287899,2.49797833448,1.45585095413,2.355914019,1.72660818042,2.12913382928,1.88011637257,0.537816699495,4.27111664758,3.47459126843,0.802989911527,1.21403990719,0.567748842255,0.772049111834,0.395749291883,0.994131294603,0.940748094636
refine__sobol__0001711__shoulder_elv__m5@@latissimus_dorsi@@0.00,-47.18759087,100.74907316,38.18360911,69.37030409,-34.16103981,17.0506441,27.62312899,Latissimus dorsi,LAT1;LAT2;LAT3,0,1,usable,Converged with independently replayed constrained generalized-force equilibrium and small reserve torques,353.698018,2.17228978759,3.8314091455e-08,1.38103439229e-12,0.000239823599981,18,1,0.429236926522,0.999999715386,0.0100003110781,0.0100003471861,0.0100001112086,0.543330029029,0.0100452380822,0.0100003396733,0.0100001166069,0.0100000341616,0.0100000459063,0.000677959879933,0.000677959879933,0.000677959879933,0.010000432563,0.134118460506,0.38518795951,0.376889595816,0.064451500064,0.0100014075932,0.494203419556,0.0100004420328,0.0100007172819,0.0100025071965,0.010006761999,0.0235822729525,0.0857209082018,0.0100041515282,0.0100070470235,0.0100097130326,0.31299454865,0.151097548692,0.0100147535392,0.0100087691371,0.0100288050029,0.0100338558047,0.0100200525065,0.0100231621164,0.0100262411569,0.0100215696814,0.0105871640803,0.0453404296455,0.034198666747,0.0186097377881,0.0191848529128,0.0102623613298,0.010037013191,0.0100283875036,0.010008427839,0.0100121960805,161.994325221,330.809400945,1.76636271031,1.95715827589,2.93301163518,624.458976013,0,1.37916287667,4.23332588648,5.4695988941,4.9615025857,0,0,0,0.656527421637,49.4371780142,264.738185594,253.454179548,12.9395941121,3.69590846177,179.896917909,0.89757430624,11.4527418405,2.72568955761,3.37073917417,4.8625303208,16.125122164,3.86906148305,1.66807868599,0.928037250538,164.000370971,42.0516489534,0.554187204225,1.57393202552,2.56068858969,1.63037079634,2.34802731427,1.71160151748,2.02983277654,1.97506433703,0.247974927228,3.88577121201,2.46594807358,0.751434437627,1.0557457318,0.30558484466,0.532319002733,0.429093653045,2.00467039953,1.16479590274
refine__sobol__0001387__elv_angle__m5@@middle_deltoid@@0.00,18.30069038,95.97368253,56.78712474,29.38006971,56.62021019,14.28208941,-8.82218351,Middle deltoid,DELT2,0,0,solver_failed,The static optimization solver did not converge,763.473943,,7.62447172065e-08,,,0,0,,,,,,,,,,,,,,,,,,,,,,,,,,,,,,,,,,,,,,,,,,,,,,,,,,,,,,,,,,,,,,,,,,,,,,,,,,,,,,,,,,,,,,,,,,,,,,,,,,,,
refine__sobol__0004077__elbow_flexion__m5@@triceps@@0.00,90.14151069,110.66850675,-38.97703542,113.91376112,35.64364769,18.44346637,45.17195712,Triceps,TRIlong;TRIlat;TRImed,0,1,usable,Converged with independently replayed constrained generalized-force equilibrium and small reserve torques,426.295755,1.37412977603,3.64930698993e-08,2.26870221975e-12,0.000243020952514,26,0,0.286329038062,0.414963795122,0.0100014561414,0.0100004698948,0.102768710829,0.0100000480498,0.818771970359,0.010000373754,0.0100000904438,0.010000033031,0.0100000446197,0.0100001164113,0.0100001013273,0.010000163113,0.0100001955473,0.000673939483038,0.000673939483038,0.000673939483038,0.638403723196,0.0100452378075,0.0100000428073,0.0100000668896,0.0100000918703,0.0100002885465,0.0100001958036,0.0310598838782,0.0976418296163,0.0100009546264,0.0100452378075,0.0100377753585,0.0100004962927,0.127807030498,0.0100452378075,0.0100030753116,0.0100063279891,0.0100077511541,0.0197418539549,0.01006976493,0.0100254443867,0.0100069348001,0.0100640292304,0.0100270428272,0.0100587691222,0.0100188417037,0.0177178060365,0.0100254662024,0.0100094929363,0.0100046779785,0.0100014579151,0.010001664538,227.869595974,401.468647106,1.71242474011,3.78569006146,106.762657251,11.1366562516,200.271716012,1.24907281672,4.41969616826,6.55302909163,4.95179780231,2.75792374698,2.99926312844,1.88069302223,2.07451991728,0,0,0,180.716975189,0,5.02100348313,3.13988071885,9.81221828508,0.862369040949,3.10771920831,4.36903943271,15.7527225496,1.7311270679,0,0.00536153179953,4.09799483659,33.518152588,0,0.604626913493,2.4247198936,1.57378533772,4.45095071367,1.6542579284,1.94250026507,1.89575609068,0.209835983261,0.714427323767,0.607713846492,0.346296277807,0.77706942521,0.217710457559,0.386521730804,0.422830237856,2.00991234847,1.16702584873
refine__sobol__0002761__shoulder_rot__m2@@brachialis@@0.00,69.66299507,114.79448331,74.3794099,89.90497205,32.59677269,20.57969684,-39.26163663,Brachialis,BRA,0,1,usable,Converged with independently replayed constrained generalized-force equilibrium and small reserve torques,373.040902,1.1030436484,5.78274601537e-08,9.9308498298e-13,6.1563530761e-05,17,0,0.122209440874,0.463928547622,0.221506794992,0.0100028758157,0.0100003867346,0.0100003333264,0.85550190517,0.0100013275882,0.010000388157,0.0100001379445,0.0100001864497,0.0100007807285,0.01000060969,0.0100007031972,0.0100009210216,0.0100452377627,0.173354551171,0.169773701709,0.0351732042513,0.0100452377627,0.0970888946147,0.0100005149415,0.000673958619047,0.0100014688081,0.0100452377627,0.0466489639026,0.020499746473,0.0100024477303,0.0100028446446,0.0100066836052,0.0860896041871,0.0737230285117,0.0100114074863,0.0100063954288,0.0100110757234,0.0100172080308,0.0100155533232,0.0100180409051,0.0100163618209,0.0100173832141,0.0134700467062,0.0402154485918,0.0366383950855,0.0165246090829,0.0165403974642,0.0118551033289,0.0100825205842,0.0100376216319,0.0100139750204,0.0100212681744,93.8502229464,206.616735567,42.0005182015,2.09579751187,9.97619279546,11.4662553317,230.397898898,1.42216670407,4.00807406518,6.37779939157,4.65507699228,2.7183532418,3.01786478593,1.87958133467,2.08001406701,0,122.594521454,117.582065291,9.23572906669,0,48.7420037728,2.59145165633,0,2.49857836716,0,11.7452814429,3.89280705554,4.07997584035,4.30181073118,1.00756721008,44.3535503237,19.4729743351,0.712090187904,1.67303040876,2.49611484605,1.45415321669,2.35349597631,1.72453971997,2.12680117647,1.87789508846,0.529618609904,4.22140918783,3.42882470359,0.788193034761,1.1975171902,0.558802017143,0.767714833923,0.394725859304,0.993192192587,0.939362218251
refine__sobol__0002761__shoulder_rot__p5@@middle_deltoid@@0.00,69.66299507,114.79448331,81.3794099,89.90497205,32.59677269,20.57969684,-39.26163663,Middle deltoid,DELT2,0,0,reserve_too_high,The posture requires more reserve torque than the quality limit permits,292.960981,1127.36357281,5.77627439213e-08,2.00032349418e-06,0.5,17,3,,,,,,,,,,,,,,,,,,,,,,,,,,,,,,,,,,,,,,,,,,,,,,,,,,,,,,,,,,,,,,,,,,,,,,,,,,,,,,,,,,,,,,,,,,,,,,,,,,,,
refine__sobol__0000463__shoulder_elv__p5@@pectoralis_major@@0.00,-42.35360649,93.16606534,77.66114818,12.43182752,74.51083519,-8.80628949,-44.15421476,Pectoralis major,PECM1;PECM2;PECM3,0,1,usable,Converged with independently replayed constrained generalized-force equilibrium and small reserve torques,396.284688,2.52956092081,2.3911869107e-07,2.17426077143e-12,6.86880215582e-05,22,0,0.0100015999045,0.747766473274,0.01000103954,0.972174100337,0.0100004158751,0.0100000726953,0.0100452377828,0.0100005479496,0.0006739475078,0.0006739475078,0.0006739475078,0.0100003600732,0.010000228589,0.0100002850742,0.0100006139557,0.0627956275755,0.268508097682,0.211413506318,0.0100452377828,0.0100452377828,0.281087649655,0.0100452377828,0.0100016007415,0.0100032703436,0.0100452377828,0.62692756796,0.0100004602712,0.308294464509,0.0100003168767,0.0100150415686,0.407362879412,0.100926822053,0.0100049845018,0.0100023883686,0.17433481249,0.185349808209,0.0100023700768,0.0100074169681,0.0944321124139,0.272020771348,0.0100050311274,0.0100014474849,0.0100207436747,0.0273068718991,0.0100029844818,0.0533405903255,0.0100029606207,0.0496282979241,0.0100046702726,0.0682415968112,2.56369501046,457.263894109,1.80379529097,180.1197468,1.14412044107,12.1255146329,0,1.36956265294,0,0,0,2.4189032537,2.6478996929,1.79596572108,1.16700356982,39.1510814652,146.359166662,90.7337778655,0,0,16.1426912544,0,11.7289384274,2.3687853203,0,154.903714122,1.91215772483,86.232134443,3.13070689432,0.523909946614,226.974210318,19.9837913631,0.499757381825,1.44062394801,43.6857306529,28.0964709474,2.1992445267,1.67538055708,20.055026317,53.0079260838,0.383769809643,1.06300930368,0.919332020177,1.24849197525,0.724168943165,2.50898749435,0.774730198251,2.28257088517,1.05854625128,7.84601565961
refine__sobol__0004077__elv_angle__m5@@supraspinatus@@0.00,85.14151069,110.66850675,-38.97703542,118.91376112,35.64364769,18.44346637,45.17195712,Supraspinatus,SUPSP,0,1,usable,Converged with independently replayed constrained generalized-force equilibrium and small reserve torques,379.651344,0.615544690201,4.75019241719e-08,1.71240799318e-12,0.000147606315501,23,0,0.18464176098,0.349767083114,0.0100026689355,0.000673970721339,0.0100013952397,0.0100000780943,0.656332674211,0.0100006169168,0.0100001564206,0.0100000603564,0.0100000796153,0.010000198274,0.0100001756982,0.0100002702758,0.0100003249739,0.0100452377793,0.0743107831633,0.0742461000642,0.018849328862,0.0100452377793,0.0100001771677,0.0100002196144,0.0100036598207,0.0100126762274,0.0100018412127,0.0100087678326,0.0752257438041,0.0100052961073,0.0100452377793,0.0100452370486,0.0557340719354,0.0485725041964,0.0100452377793,0.0100225246902,0.0100052849338,0.0100068297403,0.0100230150442,0.0100176413057,0.0100115448284,0.0100062342167,0.0128177355906,0.0317111935523,0.0234806790378,0.0100889994087,0.0207239543271,0.0100337641336,0.01001348168,0.0100063947606,0.0100019789382,0.0100023040051,168.273324964,328.739264332,1.78817584833,0,10.3571328597,11.712309873,160.678616361,1.2510815285,4.42597368592,6.55097685722,4.95345234326,2.75728225277,2.98082283127,1.88070880496,2.07819804083,0,53.3095094466,53.2167358383,5.33811943581,0,4.86252985053,3.16440347477,8.93909832762,0.386029332268,3.04637704894,1.37286070492,12.1329067124,1.49977634299,0,2.16294697122e-06,20.0237062138,12.7384276196,0,0.519258090193,2.42446714197,1.57364043935,2.25976476515,1.64569507526,1.93980712811,1.89562336927,0.272917976901,2.29818671729,1.43383767915,0.352853710353,0.913445802062,0.217890653428,0.38667575837,0.422902794714,2.01001705428,1.16710046377
refine__sobol__0002761__elv_angle__m5@@coracobrachialis@@0.00,64.66299507,114.79448331,76.3794099,89.90497205,32.59677269,20.57969684,-39.26163663,Coracobrachialis,CORB,0,1,usable,Converged with independently replayed constrained generalized-force equilibrium and small reserve torques,433.904495,1.10672350552,5.75314054174e-08,3.71258579435e-13,6.30304243847e-05,17,0,0.1052449115,0.498001255381,0.250784355897,0.0477360668782,0.0100003951814,0.0100005751897,0.856721297085,0.0100013484437,0.0100004999052,0.0100001478531,0.0100001918391,0.0100007775674,0.0100006221063,0.0100007081922,0.000673949272165,0.0100452377725,0.128638379947,0.125981290862,0.0261147254909,0.0100452377725,0.0493084259527,0.0100005851248,0.0100018787519,0.0100020284367,0.0100452377725,0.052329865157,0.0254662860968,0.0100028351557,0.0100033458445,0.0100075984014,0.036258793126,0.0433424003907,0.0100133118845,0.0100074488703,0.010009716511,0.0100148076268,0.0100140051788,0.0100163880996,0.01001405211,0.0100144953626,0.0123434598554,0.0373086970349,0.0339395934446,0.0150719626736,0.0172094191249,0.0120500237289,0.0101218542176,0.0100372109486,0.0100138899583,0.0100209448175,94.6395680997,198.599792614,47.389655967,8.40168942715,10.0925255513,11.4247239826,230.732209284,1.42755952202,4.00840280767,6.3534214395,4.6396843482,2.71385290782,3.00952771327,1.87895324867,0,0,90.9717138879,87.2522670971,6.85716682392,0,25.1536837089,2.52024483089,10.976866663,2.49871817424,0,13.1756194074,4.83592996264,4.0801338703,4.30202627665,1.00765932037,18.6806086612,11.4483285275,0.712225643722,1.67320654011,2.49577594631,1.45380476073,2.35313218696,1.72425520039,2.12631074932,1.87735372126,0.485323190977,3.9162879431,3.17625584199,0.718904510225,1.24595405159,0.567989782917,0.770709820539,0.39470970933,0.993183755966,0.939331907767
refine__sobol__0004077__pro_sup__p5@@middle_deltoid@@0.00,90.14151069,110.66850675,-38.97703542,118.91376112,40.64364769,18.44346637,45.17195712,Middle deltoid,DELT2,0,0,solver_failed,The static optimization solver did not converge,704.891852,,3.13882679848e-08,,,0,0,,,,,,,,,,,,,,,,,,,,,,,,,,,,,,,,,,,,,,,,,,,,,,,,,,,,,,,,,,,,,,,,,,,,,,,,,,,,,,,,,,,,,,,,,,,,,,,,,,,,
refine__sobol__0004077__flexion__m5@@brachioradialis@@0.00,90.14151069,110.66850675,-38.97703542,118.91376112,35.64364769,18.44346637,40.17195712,Brachioradialis,BRD,0,1,usable,Converged with independently replayed constrained generalized-force equilibrium and small reserve torques,371.306496,0.951288457262,3.15921369065e-08,7.36749233887e-13,0.000242480494273,20,0,0.283811685112,0.407694036011,0.01000145948,0.0100004712624,0.106265613027,0.0100000481512,0.817673802932,0.0100003748586,0.0100000907202,0.0100000331625,0.0100000447902,0.0100001167704,0.0100001016473,0.0100001636235,0.0100001962198,0.0100452378202,0.0695518219026,0.0694912925701,0.0176532320826,0.0100452378202,0.0100001113393,0.0100001449572,0.0100038894145,0.000673963810521,0.0100018550534,0.0100073793365,0.0688030228963,0.0100061779688,0.0100452378202,0.0100417598733,0.051441926403,0.0450418597016,0.0100452378202,0.0100367888862,0.0100102693068,0.0100116190895,0.0184054257842,0.0101208029808,0.010038000119,0.0100103747817,0.0112965217853,0.0245072370453,0.0169646661764,0.0100529977041,0.0176841441385,0.0100294203425,0.0100131277909,0.0100070135984,0.0100022911494,0.0100026062072,225.866207896,394.435309859,1.7124253117,3.78569057964,110.395461116,11.1366563604,200.003104121,1.24907295472,4.41969629018,6.5530291783,4.95179788617,2.75792384595,2.99926322446,1.88069311823,2.07452005663,0,49.8954976506,49.8086735406,4.99938549404,0,4.93213072485,3.16643338437,8.93930348848,0,3.03127619828,1.4564699223,11.3707578105,1.84097042475,0,0.0164561629184,18.48165737,11.812495138,0,0.652873777842,2.44954142467,1.5876837899,4.18176251106,1.67557959103,1.96213886433,1.91186467518,0.252285625034,1.88470934463,1.08597747919,0.368381829856,0.829742753917,0.239069025463,0.404920614544,0.422158366821,2.01041496875,1.16661437615
refine__sobol__0001369__pro_sup__p2@@infraspinatus@@0.00,54.23819038,98.00493253,-15.86912526,47.66131971,-3.87978981,3.89146441,-10.69718351,Infraspinatus,INFSP,0,0,solver_failed,The static optimization solver did not converge,1306.101694,,7.15172809862e-09,,,0,0,,,,,,,,,,,,,,,,,,,,,,,,,,,,,,,,,,,,,,,,,,,,,,,,,,,,,,,,,,,,,,,,,,,,,,,,,,,,,,,,,,,,,,,,,,,,,,,,,,,,
refine__sobol__0000603__pro_sup__m2@@subscapularis@@0.00,9.85342476,113.42973722,-41.13767995,109.2970619,4.85458519,23.7669527,39.40047274,Subscapularis,SUBSC,0,0,capacity_limited,At least one muscle reached the conservative capacity threshold while nontrivial reserve torque was still required,325.734951,8.97191149512,2.33024355367e-07,1.27514514503e-06,0.0198377655842,28,6,,,,,,,,,,,,,,,,,,,,,,,,,,,,,,,,,,,,,,,,,,,,,,,,,,,,,,,,,,,,,,,,,,,,,,,,,,,,,,,,,,,,,,,,,,,,,,,,,,,,
refine__sobol__0003073__deviation__p5@@biceps@@0.00,39.69229194,81.85014738,-55.82273854,85.01727674,19.23739769,-1.67860394,5.44539462,Biceps,BIClong;BICshort,0,0,solver_failed,The static optimization solver did not converge,2843.532585,,2.55306538133e-08,,,0,0,,,,,,,,,,,,,,,,,,,,,,,,,,,,,,,,,,,,,,,,,,,,,,,,,,,,,,,,,,,,,,,,,,,,,,,,,,,,,,,,,,,,,,,,,,,,,,,,,,,,
refine__sobol__0000673__elbow_flexion__m2@@middle_deltoid@@0.00,31.65029976,97.68754972,55.54200755,16.3986244,74.97958519,13.78648395,40.80672274,Middle deltoid,DELT2,0,0,solver_failed,The static optimization solver did not converge,674.23562,,6.50624656373e-08,,,0,0,,,,,,,,,,,,,,,,,,,,,,,,,,,,,,,,,,,,,,,,,,,,,,,,,,,,,,,,,,,,,,,,,,,,,,,,,,,,,,,,,,,,,,,,,,,,,,,,,,,,
refine__sobol__0001262__elv_angle__m2@@coracobrachialis@@0.00,42.74600288,60.17290128,-58.93553151,17.95428846,-63.69228981,12.84654254,-53.58780851,Coracobrachialis,CORB,0,1,usable,Converged with independently replayed constrained generalized-force equilibrium and small reserve torques,354.773837,2.65029140552,3.15677723961e-08,4.25997547003e-12,0.000149023255958,12,1,0.223228226142,0.372301337242,0.0100001611571,0.0100001000108,0.768925131012,0.0100000569735,0.833791249303,0.0100002250464,0.999999019669,0.0100004333628,0.0100002077263,0.0100001300713,0.010000102659,0.0100001307582,0.000674002039261,0.0100000729503,0.0293299733894,0.0239713524487,0.0100452378128,0.0100012032146,0.24212080479,0.0100016796405,0.0100119491902,0.0985720365777,0.0100452378128,0.118127272298,0.0107183026422,0.114639710715,0.0123546106452,0.0169901729664,0.225562452937,0.120384955347,0.0211631013576,0.0638479856513,0.0471188679953,0.0272735242754,0.0124897785164,0.0147515612227,0.029024371058,0.0215194246528,0.0100943168447,0.0152476362255,0.0243475426432,0.0165923556676,0.0101324227301,0.0103376284283,0.0101046186088,0.0101379822642,0.0100178855229,0.0100746897932,211.155225677,369.298268271,1.99652393929,4.7453106611,700.559109506,12.1339090603,174.924989248,1.43859564876,443.885494494,6.49921675826,4.59742830922,2.66323735774,2.84856644984,1.80370617827,0,4.90711030387,17.2942346416,11.5458020965,0,3.47115406939,109.896562552,1.44437738351,11.7725560718,23.9770802105,0,28.8445518423,1.97868623015,20.4254364234,5.34894948236,0.437555813518,45.3792268374,29.5684889607,1.00929219806,8.5179975286,9.47118189565,3.18526815233,2.57685850478,2.27622149816,6.14807293853,3.39954002163,0.396028435608,1.485905115,2.14048344646,0.742013820248,0.714164589968,0.475542636655,0.889491253239,0.429759000149,0.846113845798,0.984376807938
refine__sobol__0004077__shoulder_rot__m5@@coracobrachialis@@0.00,90.14151069,110.66850675,-43.97703542,118.91376112,35.64364769,18.44346637,45.17195712,Coracobrachialis,CORB,0,0,reserve_too_high,The posture requires more reserve torque than the quality limit permits,353.56412,639.035356498,3.46451720645e-08,2.00992193911e-06,0.473693722339,23,1,,,,,,,,,,,,,,,,,,,,,,,,,,,,,,,,,,,,,,,,,,,,,,,,,,,,,,,,,,,,,,,,,,,,,,,,,,,,,,,,,,,,,,,,,,,,,,,,,,,,
refine__sobol__0001711__elv_angle__m5@@brachialis@@0.00,-52.18759087,105.74907316,38.18360911,69.37030409,-34.16103981,17.0506441,27.62312899,Brachialis,BRA,0,1,usable,Converged with independently replayed constrained generalized-force equilibrium and small reserve torques,375.18617,1.3972380232,3.4260477122e-08,6.16117632788e-13,9.60522104286e-05,19,0,0.461811822587,0.711146282993,0.0100005056178,0.126941890448,0.0100004647824,0.314523134272,0.0100452377748,0.0100007914746,0.0100006686231,0.0100001313033,0.0100001662601,0.01000070624,0.0100002989724,0.0100003737537,0.0100016833028,0.0179547183732,0.378160610522,0.370013727945,0.0632760483529,0.0100015161887,0.406689119503,0.0100012124799,0.000673894215612,0.0100023355243,0.0100058242774,0.0235265865681,0.0887470679077,0.0100035905705,0.010007212763,0.0100087979883,0.27957975125,0.140000449843,0.0100142111609,0.010008100341,0.0100180691469,0.0100229973735,0.0100169380547,0.0100195742376,0.0100201128721,0.0100166736369,0.0107471206481,0.0462058744171,0.0346789658376,0.0185322206064,0.0203273338157,0.0102665977587,0.0100358403663,0.0100252511248,0.010007455603,0.0100104956035,190.027601376,179.818484511,1.8479023304,21.8198191111,1.72551841116,363.920922374,0,1.39495021305,4.13686540185,5.07036454049,4.88449301003,2.49698763168,2.80153935947,1.82386863864,0.518744275008,6.17761952882,259.908315973,248.830232714,12.7036047439,3.69594859164,159.705964173,0.794077690683,0,2.72564277703,3.37042330625,4.85104810718,16.69437879,3.86884453555,1.66810631916,0.927952413559,146.491953604,38.9632381208,0.55415719147,1.57382685396,2.55794736751,1.62860644277,2.34729749607,1.71098883478,2.028592093,1.97409941807,0.251721465804,3.95994166978,2.50058078733,0.748304405543,1.11861665113,0.305710993972,0.532256801529,0.428959454069,2.00447566237,1.16459807317
refine__sobol__0000463__elv_angle__p2@@brachioradialis@@0.00,-40.35360649,88.16606534,77.66114818,12.43182752,74.51083519,-8.80628949,-44.15421476,Brachioradialis,BRD,0,1,usable,Converged with independently replayed constrained generalized-force equilibrium and small reserve torques,466.553936,2.20362663853,2.37725862107e-07,1.32624248284e-12,8.46042047301e-05,23,0,0.0100013559087,0.297658124245,0.0100023033676,0.614745194151,0.0100002986976,0.0100000679563,0.0100452375698,0.0100007184733,0.85488585917,0.0100001090689,0.0100001473514,0.0100004762227,0.0100003085003,0.0100003558327,0.0100008362155,0.0126410731239,0.294270349386,0.231697580494,0.0100452375698,0.0100452375698,0.228399450996,0.0100452375698,0.0100014643014,0.000674019907185,0.0100452375698,0.628060007227,0.0100004609391,0.305370231069,0.0100003151496,0.0100148729035,0.39306920923,0.100090741354,0.01000496358,0.0100023720616,0.174211046881,0.185397710329,0.0100023584956,0.010007359029,0.0941585719298,0.272113013014,0.0100050530484,0.0100014533971,0.0100222462928,0.0280768749478,0.01000300419,0.0537190221897,0.0100029564875,0.049673061642,0.0100046326322,0.0679818980751,2.30614747259,205.780401889,1.67031671897,111.404415677,1.82080216546,12.1001760303,0,1.3535173092,332.670911846,5.95669298635,4.97248355217,2.33527796955,2.45980811486,1.77928339926,1.15863248262,8.10910106845,160.401728949,99.4392324484,0,0,11.3549184962,0,11.7287784231,0,0,155.183521646,1.91215785252,85.4142057519,3.13070635395,0.523901123498,219.010071546,19.8182450617,0.499756336833,1.44062159946,43.6547168202,28.1037322487,2.19924198042,1.67537085734,19.9969331381,53.02590096,0.383770650468,1.06300993209,0.919469874725,1.28369712915,0.724170369942,2.5267878376,0.774729878122,2.2846297178,1.05854226896,7.81615703334
refine__sobol__0002761__deviation__p2@@coracobrachialis@@0.00,69.66299507,114.79448331,76.3794099,89.90497205,32.59677269,22.57969684,-39.26163663,Coracobrachialis,CORB,0,1,usable,Converged with independently replayed constrained generalized-force equilibrium and small reserve torques,389.585428,1.15136071212,1.08025854928e-07,1.34292577059e-12,6.58658286991e-05,16,0,0.124688621062,0.452723692644,0.235761683537,0.0100030716032,0.0100003243314,0.0100003670838,0.876789409292,0.0100012970894,0.010000383319,0.0100001340303,0.010000180537,0.0100007590238,0.0100005971694,0.0100006867596,0.000673965728506,0.0100452377641,0.183994336419,0.180193648012,0.0373294807698,0.0100452377641,0.0989927711832,0.0100005002523,0.0100013272127,0.0100013889224,0.0100452377641,0.0171065913268,0.0782817586193,0.0100023287211,0.0100100284267,0.0100065592498,0.0888561710469,0.0772115956421,0.0100145862556,0.0100085366923,0.010016207044,0.0100205747203,0.0102726603565,0.0100612411528,0.0100413816758,0.0100212585622,0.0183581283219,0.0508623104453,0.0394331831133,0.0137859941054,0.0279223092787,0.0118699768614,0.0100284014784,0.0100209177179,0.010011816506,0.0100107096617,95.6060932885,202.687032579,44.6237812482,1.98972081827,9.98334195769,11.4353318942,233.784865698,1.42350184344,3.99961439629,6.36615342712,4.64655257947,2.71737603259,3.0165665429,1.87948682933,0,0,130.118866053,124.798723667,9.80192103397,0,49.7919158275,2.59588071695,10.9762613596,2.49855841011,0,4.30850613458,14.7633214004,4.07991415109,4.26832395337,1.00614507555,45.7788915547,20.3944337422,0.711099674304,1.67204869546,2.49391602527,1.4498078072,2.41671642838,1.73284858121,2.13206494996,1.87399867767,0.722668816481,5.31633901615,3.68252279514,0.657071041855,2.02154328807,0.558730184102,0.756260402372,0.38465332059,0.963484861385,0.914887935827
refine__sobol__0002303__pro_sup__m2@@posterior_deltoid@@0.00,-51.09872368,96.64018644,-31.57957448,101.96551893,-73.62197731,15.62364215,40.07430087,Posterior deltoid,DELT3,0,1,usable,Converged with independently replayed constrained generalized-force equilibrium and small reserve torques,312.583541,2.29335422064,2.02187386833e-08,6.8212102633e-13,0.000280959511775,31,1,0.859319289892,0.999999600377,0.000673966380746,0.0100000622681,0.0100000366063,0.0100000855086,0.0100005108189,0.0100007594657,0.0100000525079,0.0100000284257,0.0100000394339,0.347396384442,0.010000240531,0.0100001879535,0.0100001585068,0.563997767838,0.0100046554929,0.0100047268525,0.0100156418972,0.279044333299,0.0100000437807,0.0100001724839,0.157836665269,0.0100009689366,0.0100014850583,0.0123997759351,0.0701363144155,0.0100008505842,0.0100452377624,0.0100036580125,0.0100010689157,0.0100050667024,0.0100266767893,0.0100028244601,0.0100016240041,0.0100024371455,0.0100029427146,0.0100034888782,0.0100026878102,0.0100024419659,0.0134256168683,0.0436165464821,0.032064863065,0.0120413793824,0.0316372093573,0.0101396281833,0.0100188205492,0.0100070433845,0.0100019561991,0.0100024430951,356.192488136,270.541477167,0,4.9896986164,8.37508798484,12.4057258455,2.69390829452,1.37780232047,4.05746193381,5.45719921812,4.93559127149,86.3387253926,2.61914196692,1.79717922079,2.00403632117,227.922017924,7.16643881834,7.04616670757,2.74159688786,94.4740090048,5.24821980141,2.36192643896,167.815812298,2.51441614082,3.33161370071,2.2812034859,11.2751826837,3.625018587,0,0.628811228549,5.51550066544,2.36107578103,0.0664011429485,1.37125173861,2.52549493571,1.62369911183,2.32051781753,1.69103911444,2.00426506117,1.95645284833,0.2695711076,3.0564214687,1.97378100361,0.425650855122,1.4856123647,0.250342417014,0.510392781341,0.438624550134,2.0102422426,1.16721802355
refine__sobol__0001369__shoulder_elv__m5@@brachioradialis@@0.00,54.23819038,93.00493253,-15.86912526,47.66131971,-5.87978981,3.89146441,-10.69718351,Brachioradialis,BRD,0,1,usable,Converged with independently replayed constrained generalized-force equilibrium and small reserve torques,365.508266,0.735817812349,7.16342407614e-09,1.40391883227e-12,2.25254015368e-05,17,0,0.342388277208,0.122162051259,0.0100017689716,0.0100005549268,0.6896722484,0.0100002760684,0.272449125925,0.010001481261,0.0100017513891,0.0100003530456,0.0100004326782,0.0100008806336,0.0100006532397,0.0100007941767,0.0100051152598,0.0100014734869,0.059176534914,0.0576904339934,0.0100503057571,0.0100038399808,0.137404637067,0.0100021463285,0.0100063824468,0.000674019561503,0.0362625912294,0.0398769520579,0.0182944545024,0.0100053521045,0.0100041522406,0.0100116960551,0.129445504564,0.0580321352563,0.0100186116739,0.0100114881729,0.0100128776072,0.0100192630872,0.010013057195,0.0100165921637,0.0100162392488,0.0100184265902,0.010144908186,0.030789400533,0.0100452375976,0.0149361974824,0.0109031962926,0.0104522358406,0.0100834138017,0.0100409724034,0.0100118431097,0.0100231046998,400.397620616,83.9364628808,2.01422206972,4.70327502482,703.099682395,13.0254167318,70.1881453277,1.42774457388,4.35035696692,6.55555927756,4.75811959775,2.70930890956,2.95899658503,1.8657971277,2.0804113367,2.23827414983,39.2911676135,37.3420135686,0.208331904322,3.75993532399,72.1086682338,1.48658475216,11.7733096223,0,12.2313720216,10.0683491328,3.52439828789,4.08082138468,4.62432089527,1.01013570119,68.6227943591,16.5170939747,0.74977803137,1.7109853581,2.59054131903,1.60700231035,2.36964434063,1.73161659897,2.10815181254,1.97392304722,0.310191413472,3.36115673973,0,0.728881546782,0.729183008441,0.476916202718,0.756910586934,0.461326387624,1.70367723751,1.16845662752
refine__sobol__0000447__shoulder_rot__p2@@subscapularis@@0.00,-52.19735649,125.74419034,85.52052318,119.07245252,-41.73916481,5.13902301,37.40828524,Subscapularis,SUBSC,0,1,usable,Converged with independently replayed constrained generalized-force equilibrium and small reserve torques,390.810765,0.411691394576,2.46333087262e-08,1.18660636872e-12,0.0002547341691,14,0,0.277021153076,0.010001003614,0.0100008660622,0.0100006100586,0.0100001176615,0.0012755663934,0.0100008718567,0.0100046137255,0.0100002282295,0.0100004550177,0.010001476967,0.0100036136347,0.125566637596,0.390034710965,0.010004327799,0.0100243666317,0.174360398492,0.174216585153,0.0442191541483,0.0100112056745,0.257008329623,0.0100047778721,0.010005888337,0.0100698782271,0.0100083351457,0.0100220148341,0.107430772314,0.0100344014654,0.010160286769,0.0101366253701,0.133331972899,0.060053107895,0.010160286769,0.011015335754,0.0100636070822,0.0100546961897,0.0255548622485,0.0121755697067,0.0102197478119,0.0100385445555,0.010623929603,0.0201535538586,0.0119518903553,0.0101291721718,0.0169985950821,0.0101006095055,0.0100409502322,0.0100271349308,0.0100115610667,0.0100109220222,209.126351922,2.14996600276,1.67893020552,3.630541302,10.7422793228,0,2.29344542208,1.43882671364,4.1348779874,3.32965729873,3.17685897586,2.65165119977,37.6655881415,73.3372207347,1.56977756605,0.0618528473886,125.083632827,124.87734932,12.5228163481,3.63707433671,108.275414969,2.38092529302,8.91001314989,1.0147936648,3.034862861,1.86730684194,16.1451208902,2.33659634397,0,0.10851945915,71.8106920431,16.3232751165,0,1.0154622242,2.50930997763,1.61976040408,5.91063225992,2.04908919893,2.03415315554,1.94289964459,0.208392013375,1.44304641656,0.747401260978,0.380943240723,0.753764875962,0.271526901962,0.579910446067,0.461206842289,1.99013531213,1.15755214945
refine__sobol__0000625__elv_angle__p5@@posterior_deltoid@@0.00,57.04092476,70.77348722,-38.79392995,54.4533119,79.35458519,9.0013277,-41.22452726,Posterior deltoid,DELT3,0,1,usable,Converged with independently replayed constrained generalized-force equilibrium and small reserve torques,400.642616,0.283644093308,2.45565558998e-08,1.03739239421e-12,4.73918849515e-05,23,0,0.16693468112,0.305370276109,0.000674030489138,0.0403573977926,0.175148148689,0.010006602205,0.0239904344165,0.0100065284155,0.0100043832858,0.0100012170936,0.0100013204708,0.010004485086,0.0100039013438,0.0100041036072,0.0100046553245,0.010004713727,0.0100134348374,0.0100136555049,0.0100391921294,0.0100452376592,0.01000172091,0.0100026914653,0.0287865544434,0.010001492657,0.0100452376592,0.0820022927709,0.0100019729912,0.0100023877885,0.0100008499915,0.0100069697031,0.332368159613,0.0539031430858,0.0100058583929,0.0100029333324,0.0100054131921,0.0100123293618,0.0100041370585,0.0100059712938,0.0100064451961,0.0100183101692,0.0100537587285,0.0100747327754,0.0316227323111,0.0285076235556,0.0100120894939,0.0101188116593,0.0151996261716,0.0261448932936,0.0100329196346,0.0497213658402,202.101625567,299.975213578,0,19.8881001123,173.383704419,12.9527490845,5.82867292618,1.43912006997,4.39745450876,6.40694756939,4.55957249528,2.6837617159,2.89757043935,1.82855412747,2.00516191578,2.67098240927,6.72593714786,6.57170254683,0.786972458285,0,3.68686842441,1.16451561748,33.7312485868,2.75967465418,0,20.6117436481,1.92936125816,3.40844967859,4.79813911401,0.698879870354,176.491327948,10.2088192487,0.736934635258,1.70819245001,2.49409037756,1.48058672423,2.31257064101,1.71010488572,2.1249529431,1.91698727897,0.382265863988,1.07630797275,2.97354340711,1.35817952541,0.724732429394,0.478037452336,1.1856621256,1.16164515439,1.09837521508,5.27943167565
refine__sobol__0000625__shoulder_elv__m2@@infraspinatus@@0.00,52.04092476,68.77348722,-38.79392995,54.4533119,79.35458519,9.0013277,-41.22452726,Infraspinatus,INFSP,0,0,solver_failed,The static optimization solver did not converge,1462.427188,,3.53635059014e-08,,,0,0,,,,,,,,,,,,,,,,,,,,,,,,,,,,,,,,,,,,,,,,,,,,,,,,,,,,,,,,,,,,,,,,,,,,,,,,,,,,,,,,,,,,,,,,,,,,,,,,,,,,
refine__sobol__0001711__elv_angle__p5@@supraspinatus@@0.00,-42.18759087,105.74907316,38.18360911,69.37030409,-34.16103981,17.0506441,27.62312899,Supraspinatus,SUPSP,0,0,solver_failed,The static optimization solver did not converge,1443.907523,,5.10398407982e-08,,,0,0,,,,,,,,,,,,,,,,,,,,,,,,,,,,,,,,,,,,,,,,,,,,,,,,,,,,,,,,,,,,,,,,,,,,,,,,,,,,,,,,,,,,,,,,,,,,,,,,,,,,
refine__sobol__0003073__flexion__m2@@pectoralis_major@@0.00,39.69229194,81.85014738,-55.82273854,85.01727674,19.23739769,-6.67860394,3.44539462,Pectoralis major,PECM1;PECM2;PECM3,0,0,reserve_too_high,The posture requires more reserve torque than the quality limit permits,273.823621,953.569739779,7.98532742152e-08,1.00598262343e-06,0.458132254163,21,6,,,,,,,,,,,,,,,,,,,,,,,,,,,,,,,,,,,,,,,,,,,,,,,,,,,,,,,,,,,,,,,,,,,,,,,,,,,,,,,,,,,,,,,,,,,,,,,,,,,,
refine__sobol__0000673__shoulder_rot__p5@@teres_minor@@0.00,31.65029976,97.68754972,60.54200755,18.3986244,74.97958519,13.78648395,40.80672274,Teres minor,TMIN,0,1,usable,Converged with independently replayed constrained generalized-force equilibrium and small reserve torques,412.492397,1.08700175701,2.13060502574e-08,2.01107107147e-12,3.32588997533e-05,27,0,0.0401594906765,0.98075405184,0.11280055211,0.0100012945998,0.125543826531,0.0100005380676,0.000673996305009,0.0100018371166,0.0100021813558,0.0100002992297,0.0100002940553,0.0100012998456,0.010000943178,0.0100009491653,0.0100006886813,0.0100032328276,0.110873782475,0.0908815970791,0.0100452377544,0.0100452377544,0.0100010827825,0.0100238791016,0.0100039232424,0.0100057701328,0.0146909786441,0.06733531985,0.0782384690027,0.0100007073305,0.0100011085254,0.0100023348966,0.198869434165,0.0464725375568,0.0100038090543,0.0100017242815,0.0100013592265,0.0100021099996,0.0100018754955,0.0100023746099,0.010001971884,0.0100020933241,0.0198731860636,0.0950039308515,0.0728292079254,0.0407441562432,0.0421014253709,0.0220314483516,0.0117755280009,0.0100189137424,0.0100031559483,0.0100053534861,48.7841098506,409.024927662,22.7204561059,4.51019483145,129.407996074,11.5035520274,0,1.43872871409,4.23901526178,6.37450704886,4.60988893881,2.64347445466,2.88193676011,1.82516240546,2.0299796099,3.53201270022,65.7218350328,44.1565407364,0,0,1.75548304325,0.0260740680558,11.7646125179,2.41195948385,3.30076323173,9.06646884641,14.7843055854,4.03082575988,3.62313558932,0.955722588584,110.802956427,9.15796333243,0.689289018644,1.61979810935,2.43146202429,1.57391614344,2.26610346312,1.65064989306,1.94410746523,1.89267591104,0.448172040982,7.8046948562,4.9705912074,1.5458237032,2.3597844453,0.519896231448,0.475292693794,0.448595810829,2.00947576217,1.16756355439
refine__sobol__0000463__elv_angle__m5@@supraspinatus@@0.00,-47.35360649,88.16606534,77.66114818,12.43182752,74.51083519,-8.80628949,-44.15421476,Supraspinatus,SUPSP,0,0,solver_failed,The static optimization solver did not converge,1057.695555,,2.4412091193e-07,,,0,0,,,,,,,,,,,,,,,,,,,,,,,,,,,,,,,,,,,,,,,,,,,,,,,,,,,,,,,,,,,,,,,,,,,,,,,,,,,,,,,,,,,,,,,,,,,,,,,,,,,,
refine__sobol__0004077__shoulder_elv__m5@@coracobrachialis@@0.00,90.14151069,105.66850675,-38.97703542,118.91376112,35.64364769,18.44346637,45.17195712,Coracobrachialis,CORB,0,1,usable,Converged with independently replayed constrained generalized-force equilibrium and small reserve torques,389.87215,0.32720497648,4.78349981847e-08,9.09705542559e-13,5.64317926608e-05,22,0,0.26410098781,0.36232843677,0.0100049018396,0.0100029200492,0.237388348885,0.0100002479056,0.215171297184,0.0100013904434,0.0100004049748,0.0100001577468,0.0100002027834,0.0100005369039,0.0100004714687,0.0100007052165,0.000673940517302,0.010045237869,0.0634138074948,0.0633586192048,0.0161150612006,0.010045237869,0.0100004957664,0.0100004873266,0.010004231697,0.0100140407675,0.0100017238572,0.0100069995212,0.0743978887094,0.0100062806367,0.010045237869,0.0100452372381,0.0512634589059,0.0436062584342,0.010045237869,0.0100329431269,0.0100070576303,0.0100085029199,0.0107615903952,0.0100416480734,0.0100204771314,0.0100075962593,0.0122622351407,0.0265969795321,0.0195476355487,0.0100555236708,0.0196077610995,0.0100287049295,0.0100123346263,0.0100060230061,0.0100019246982,0.0100021925893,219.743574529,356.259038325,1.72146085716,3.85993985686,245.174989194,10.9010386755,52.3214575876,1.27606580723,4.39187051607,6.57106727251,4.87912315004,2.7519727812,2.98644316138,1.88067279501,0,0,45.4921725459,45.4130102239,4.56377635693,0,4.94020304633,3.16812871105,8.93960934582,0.38608194053,3.04634130457,1.37261815299,11.9993847539,1.49992392186,0,2.16294691876e-06,18.4175389481,11.436000182,0,0.519797859988,2.42489669937,1.57390355794,2.42628218002,1.64963889977,1.94153782454,1.89588140038,0.261090142105,1.92754728636,1.19366805118,0.35168292642,0.864247564968,0.217780789033,0.386631464293,0.422887083162,2.01000615411,1.16708746342
refine__sobol__0001369__shoulder_elv__p5@@latissimus_dorsi@@0.00,54.23819038,103.00493253,-15.86912526,47.66131971,-5.87978981,3.89146441,-10.69718351,Latissimus dorsi,LAT1;LAT2;LAT3,0,1,usable,Converged with independently replayed constrained generalized-force equilibrium and small reserve torques,403.395488,0.276183714791,1.99530205691e-08,6.66226377283e-13,9.9290610075e-06,11,0,0.19682892256,0.32307899042,0.0262507782887,0.0669146401616,0.317133734293,0.010027993864,0.041643357628,0.0100049954487,0.0100029443249,0.0100006956023,0.010000835189,0.000673887774504,0.000673887774504,0.000673887774504,0.0100025634257,0.0100061555149,0.0398345699426,0.0388345321187,0.0100485289766,0.0100059006667,0.0861994984409,0.0100032350469,0.0100088801156,0.0100145982351,0.0337704130621,0.040966811387,0.0227946468931,0.0100049421154,0.0100045208768,0.010011253237,0.0789070969419,0.0359371167801,0.0100189645833,0.0100113793981,0.0100104816951,0.0100154925444,0.0100119874439,0.010015027322,0.0100137598195,0.0100149023946,0.0101313495799,0.029403826917,0.0100452379148,0.0136774444997,0.0114799800761,0.0104240271028,0.0100936123889,0.0100372631405,0.0100115541404,0.0100203508606,225.277125953,175.930391099,5.28623392073,31.1779706237,321.33919196,13.0151160335,10.7395194975,1.39646607916,4.37034801395,6.57122318748,4.87220527819,0,0,0,2.08062337313,1.90396658366,26.4487734321,25.1369165552,0.208295073996,3.76070983126,45.2633213446,1.28082429691,11.7762483295,2.76329064854,11.3907603258,10.3435227272,4.39135337283,4.08065416497,4.62449129374,1.01009102281,41.8309272701,10.2284145227,0.749804442583,1.71096676825,2.58992144636,1.6063975482,2.36939117824,1.73134607724,2.10762995868,1.97322867762,0.309776844598,3.20989916352,0,0.667454813363,0.767757103887,0.475629090159,0.757676143023,0.461155967793,1.70362806465,1.1681355951
refine__sobol__0001369__elbow_flexion__m2@@teres_minor@@0.00,54.23819038,98.00493253,-15.86912526,45.66131971,-5.87978981,3.89146441,-10.69718351,Teres minor,TMIN,0,0,solver_failed,The static optimization solver did not converge,1287.203994,,1.35297728576e-08,,,0,0,,,,,,,,,,,,,,,,,,,,,,,,,,,,,,,,,,,,,,,,,,,,,,,,,,,,,,,,,,,,,,,,,,,,,,,,,,,,,,,,,,,,,,,,,,,,,,,,,,,,
refine__sobol__0001369__pro_sup__m2@@pectoralis_major@@0.00,54.23819038,98.00493253,-15.86912526,47.66131971,-7.87978981,3.89146441,-10.69718351,Pectoralis major,PECM1;PECM2;PECM3,0,1,usable,Converged with independently replayed constrained generalized-force equilibrium and small reserve torques,360.969327,3.15121639959,3.90263892314e-08,2.65952443505e-12,0.000158419482246,18,1,0.465111223135,0.0100003085791,0.0100001970435,0.0100000558557,0.916382090396,0.0100000360109,0.999998873376,0.0100002785268,0.000673879717787,0.000673879717787,0.000673879717787,0.010000150339,0.0100001080115,0.0100001384115,0.56175671733,0.0100002503634,0.349146301519,0.340373755453,0.0101105843318,0.0100010152471,0.50115528287,0.0100009314348,0.0100012166866,0.0100021195782,0.0279003537633,0.0472812567548,0.0104452217746,0.0100042360211,0.0100018305391,0.010008949263,0.474243509307,0.231470922641,0.010011362705,0.0100072234543,0.0187512798271,0.0194294215844,0.0100186616443,0.0100293721297,0.0102502866573,0.0181176046151,0.0137616111578,0.0595625374828,0.0100452376747,0.0320255038631,0.0135623047574,0.0146276440722,0.0100618716328,0.0101032079134,0.0100099713218,0.0100662064529,541.854771226,6.16691292117,2.0138291408,4.68070999943,931.349042594,13.0045690962,257.777179759,1.41485835624,0,0,0,2.71742804826,2.97820559634,1.87451250772,116.85075075,2.06907672934,231.821039784,220.318006204,0.209581413514,3.77825304053,263.146509889,1.40393823746,11.7672316921,2.75978665226,9.41078932355,11.9378773689,2.01230798137,4.08026355208,4.62482314075,1.00967390246,248.340015169,65.8939470433,0.749574629355,1.71057758919,4.85107224341,3.11263184562,2.37082255083,1.73379529815,2.15836768838,3.56910008208,0.420958993919,6.50227578874,0,1.56283409681,0.907509467744,0.667608562994,0.757293139673,0.464185760389,1.70335872253,1.17348127115
refine__sobol__0000463__elbow_flexion__p5@@middle_deltoid@@0.00,-42.35360649,88.16606534,77.66114818,17.43182752,74.51083519,-8.80628949,-44.15421476,Middle deltoid,DELT2,0,0,solver_failed,The static optimization solver did not converge,841.376707,,2.43629635577e-07,,,0,0,,,,,,,,,,,,,,,,,,,,,,,,,,,,,,,,,,,,,,,,,,,,,,,,,,,,,,,,,,,,,,,,,,,,,,,,,,,,,,,,,,,,,,,,,,,,,,,,,,,,
refine__sobol__0003073__flexion__m5@@posterior_deltoid@@0.00,39.69229194,81.85014738,-55.82273854,85.01727674,19.23739769,-6.67860394,0.44539462,Posterior deltoid,DELT3,0,1,usable,Converged with independently replayed constrained generalized-force equilibrium and small reserve torques,356.020883,4.28831248932,8.13241323172e-08,3.72324393538e-12,0.00027708541103,23,1,0.010000030033,0.403561114003,0.000673948373764,0.0100000284502,0.0100011786343,0.0100000180589,0.999999724295,0.0100001033039,0.736821138041,0.0100000681778,0.0100000716834,0.0100000559927,0.010000041862,0.010000056105,0.505171196547,0.0100001355197,0.75108965586,0.735343906216,0.149382429556,0.0100452378066,0.67843060921,0.0100002043235,0.0100003292766,0.0100003889852,0.0100011418892,0.0367270903025,0.0107171606699,0.0100008892843,0.0100008075162,0.0100024806357,0.708975055245,0.468240407848,0.0100038937486,0.0100021288902,0.010013113422,0.0100422144668,0.0100097846808,0.0100130694713,0.0100246708775,0.0100542841062,0.0219592522662,0.0958731321245,0.0100452378066,0.0496273907108,0.0183190948546,0.0191104465337,0.0100189934648,0.0100245343198,0.0100046627745,0.0100090290169,11.0374679202,319.006008047,0,4.65598405072,9.29521082062,12.9837799763,235.972567653,1.43267275594,327.072304675,6.57080440636,4.81934543023,2.70125165252,2.93072858549,1.85030732528,105.083083008,1.21701515143,527.657066063,505.765417137,38.5118682825,0,342.999280366,2.17923031023,11.0968078378,2.54734845021,3.13618622064,9.27121364597,1.58798363634,3.81060094676,4.35962601491,0.942289162357,376.933886979,127.507954765,0.678724714942,1.61522102276,2.59078777443,1.63170760316,2.37018412744,1.73116589786,2.07705792601,1.983602258,0.527247715639,9.36501382074,0,2.41212974469,0.956789362745,0.817578829041,0.733030445607,0.461043922653,1.9414068573,1.16730657954
refine__sobol__0002761__shoulder_elv__p5@@pectoralis_major@@0.00,69.66299507,119.79448331,76.3794099,89.90497205,32.59677269,20.57969684,-39.26163663,Pectoralis major,PECM1;PECM2;PECM3,0,1,usable,Converged with independently replayed constrained generalized-force equilibrium and small reserve torques,353.935402,1.91065586499,6.23349407647e-08,1.87583282241e-12,0.000117201672792,12,0,0.0966159288932,0.709342767133,0.434407145851,0.0100087511282,0.0101661300545,0.0100007324145,0.90153504307,0.0100027870478,0.00129850099314,0.00129850099314,0.00129850099314,0.0100015609188,0.0100012239376,0.0100014187451,0.0100018621981,0.0101661300545,0.348918094431,0.341711250207,0.0707856431464,0.0101661300545,0.239428649484,0.0100010498714,0.0100026474217,0.0100026900305,0.0101661300545,0.0311851657367,0.0130678528067,0.0100058873136,0.0100069053853,0.010016794896,0.2347469661,0.17367732891,0.0100277688278,0.0100155350777,0.0100680871395,0.0101183115302,0.0100910592597,0.0100983445421,0.0101218999126,0.0101513743586,0.0186115961825,0.0532289305365,0.0481257651579,0.022149364387,0.0170725398554,0.0125187197498,0.0101442036806,0.0101321119373,0.0100492505667,0.0100728129642,70.5811808509,264.732189465,82.5359372589,1.62571669804,0,11.4871246555,196.476422723,1.40593786424,0,0,0,2.72891735744,3.03928156608,1.88046405173,2.08053129805,0,246.751218955,236.662770071,18.5867917295,0,120.757460633,2.47492497946,10.9777102634,2.49888345452,0,7.85180457985,2.48152481663,4.0813788386,4.30355708859,1.00858531011,120.942144788,45.8745962636,0.713253935471,1.67455852258,2.51032980613,1.46882995878,2.37123867229,1.73836346184,2.14921036472,1.9030135557,0.731775316992,5.58743230008,4.50387665908,1.05648337256,1.23604405526,0.590082233287,0.772411578952,0.398441656589,0.9966908429,0.944193865068
refine__sobol__0004077__shoulder_elv__m2@@infraspinatus@@0.00,90.14151069,108.66850675,-38.97703542,118.91376112,35.64364769,18.44346637,45.17195712,Infraspinatus,INFSP,0,1,usable,Converged with independently replayed constrained generalized-force equilibrium and small reserve torques,358.80602,0.796607778682,2.91207200576e-08,7.85994630901e-13,0.000204792952041,23,0,0.216334490151,0.346532453806,0.0100018150854,0.0100007233141,0.000673945281832,0.010000058302,0.777208633438,0.0100004522751,0.0100001122809,0.0100000426077,0.0100000572236,0.0100001486813,0.0100001308994,0.0100002068408,0.0100002438453,0.0100452378019,0.0679800148811,0.0679208463215,0.0172587674745,0.0100452378019,0.0100001435274,0.0100001755212,0.0100039716907,0.0100134304946,0.0100016502841,0.0100067058962,0.0758275254314,0.0100062252074,0.0100452378019,0.0100452371608,0.0532672907087,0.045763243232,0.0100452378019,0.0100339130641,0.0100072144923,0.010008609253,0.0129912052014,0.0100498077714,0.0100223608678,0.010007665398,0.0124911370515,0.0267204699168,0.0196364342153,0.0100537415514,0.0199101132088,0.0100279705505,0.010011988082,0.0100058598374,0.0100018747521,0.0100021310694,174.84034508,337.707236487,1.7146839249,3.81513783496,0,11.0390621042,189.666491799,1.25693327061,4.40919300447,6.56662025555,4.92520689205,2.75540838425,2.99436394082,1.88065748713,2.06637537919,0,48.7679054266,48.6830383478,4.88767333674,0,4.93528225825,3.16754812022,8.93937700985,0.386058412739,3.04631889582,1.37257787711,12.2299660426,1.4999156124,0,2.16294679019e-06,19.1374601333,12.0016822514,0,0.519848111111,2.42493470985,1.57392027947,2.92896574934,1.65097937243,1.94190281163,1.89589449825,0.265963970693,1.93649693213,1.19909050379,0.351620598309,0.877574281218,0.217764841324,0.38661808208,0.422880187013,2.00999611684,1.16708028508
refine__sobol__0001262__elbow_flexion__m2@@triceps@@0.00,44.74600288,60.17290128,-58.93553151,15.95428846,-63.69228981,12.84654254,-53.58780851,Triceps,TRIlong;TRIlat;TRImed,0,1,usable,Converged with independently replayed constrained generalized-force equilibrium and small reserve torques,383.370089,3.48216718541,1.63491833405e-08,1.95378203646e-12,0.000293456592521,12,2,0.0149885806367,0.686197268004,0.0100000763439,0.0100000450095,0.305681054555,0.0100000262138,0.999998850453,0.0100001121444,0.999999808124,0.0100002725869,0.0100001067066,0.0100000627856,0.0100000482003,0.0100000618103,0.890080722358,0.00067402261392,0.00067402261392,0.00067402261392,0.0100452376942,0.0100012539293,0.200845926169,0.0100011971705,0.0100027985379,0.0611824106567,0.0100452376942,0.0999961348114,0.0102228831316,0.0969104147497,0.0100139080047,0.0146585187071,0.191449460941,0.115569252738,0.0160901804766,0.0502225613981,0.0489899590071,0.0290264309418,0.0110501774447,0.0140859547091,0.029391268298,0.0240255557974,0.0100930034593,0.0157893815205,0.024694563169,0.0176597817339,0.0101176977326,0.0101443351662,0.010098301412,0.0102918146194,0.0100210744237,0.0104348030709,14.3235376869,683.000342243,2.00250525166,4.77391612908,279.944391214,12.025006672,208.048681849,1.43858381944,443.873423291,6.48468762661,4.58401436744,2.66501603145,2.85229636329,1.80501252208,180.332109487,0,0,0,0,3.47117167115,89.0973376996,1.44122836666,11.753442363,14.7896073438,0,24.4530200218,1.88378009989,16.8074199779,4.29891015408,0.362121513284,37.1036989717,28.3856746382,0.752530590683,6.62736613463,9.84728268107,3.38998968781,2.27984376893,2.17351590418,6.22579076355,3.79544712671,0.395447702283,1.53240938609,2.16735000228,0.788343058855,0.71198519999,0.466650927272,0.888935161868,0.436280104374,0.846383181046,1.01956272086
refine__sobol__0003073__flexion__m2@@anterior_deltoid@@0.00,39.69229194,81.85014738,-55.82273854,85.01727674,19.23739769,-6.67860394,3.44539462,Anterior deltoid,DELT1,0,1,usable,Converged with independently replayed constrained generalized-force equilibrium and small reserve torques,342.123848,4.20565015758,8.18518843815e-08,1.65556457432e-12,0.000268553292669,21,1,0.000674136804125,0.419849986414,0.0100000789919,0.0100000298305,0.0100008879485,0.0100000194565,0.999999697082,0.0100001073984,0.791203056389,0.0100000721784,0.0100000752518,0.0100000584133,0.0100000437341,0.0100000584675,0.499201647897,0.0100001405913,0.722688613807,0.707538353813,0.143733997999,0.0100452378308,0.653568761913,0.0100002143195,0.0100003425065,0.0100004045842,0.0100011616409,0.0224035829155,0.0100386955399,0.0100010046292,0.0100008783538,0.0100027790564,0.679396675904,0.449375952842,0.0100042189766,0.0100023248254,0.0100278365865,0.0109512553058,0.0100130751871,0.01001763668,0.0100574007702,0.013478636964,0.0184470584523,0.0855742979052,0.0758901965098,0.0430289780139,0.0133010399098,0.0152527463006,0.0100186486222,0.0100286006321,0.0100056099679,0.010011190023,0,331.88199619,1.99999903048,4.65598469337,9.29494065407,12.9837817912,235.972561241,1.43267334252,351.212246444,6.57080703506,4.81934715014,2.70125230641,2.93072913423,1.85030776245,103.841328568,1.21701576836,507.704706965,486.640914036,37.0556618663,0,330.429688705,2.17923248776,11.0968225186,2.54735242378,3.14696956538,5.65142037991,1.46937414853,3.78738862137,4.31738908175,0.933471446423,361.208237104,122.370918244,0.670777142128,1.60682118566,2.59321179358,1.77950657862,2.37096630658,1.73189172282,2.07635726397,2.65902933083,0.429155936675,8.14144618556,6.30693735504,2.08042195902,0.679906690956,0.63648756568,0.723730153166,0.461188979911,1.97923134035,1.1665340148
refine__sobol__0001711__pro_sup__p5@@triceps@@0.00,-47.18759087,105.74907316,38.18360911,69.37030409,-29.16103981,17.0506441,27.62312899,Triceps,TRIlong;TRIlat;TRImed,0,0,solver_failed,The static optimization solver did not converge,1174.081347,,4.70180623324e-08,,,0,0,,,,,,,,,,,,,,,,,,,,,,,,,,,,,,,,,,,,,,,,,,,,,,,,,,,,,,,,,,,,,,,,,,,,,,,,,,,,,,,,,,,,,,,,,,,,,,,,,,,,
refine__sobol__0001262__shoulder_elv__p5@@posterior_deltoid@@0.00,44.74600288,65.17290128,-58.93553151,17.95428846,-63.69228981,12.84654254,-53.58780851,Posterior deltoid,DELT3,0,0,reserve_too_high,The posture requires more reserve torque than the quality limit permits,295.65383,1169.53144002,2.20393232553e-08,1.753792084e-06,0.480091421021,14,5,,,,,,,,,,,,,,,,,,,,,,,,,,,,,,,,,,,,,,,,,,,,,,,,,,,,,,,,,,,,,,,,,,,,,,,,,,,,,,,,,,,,,,,,,,,,,,,,,,,,
refine__sobol__0000463__shoulder_elv__m5@@brachialis@@0.00,-42.35360649,83.16606534,77.66114818,12.43182752,74.51083519,-8.80628949,-44.15421476,Brachialis,BRA,0,0,solver_failed,The static optimization solver did not converge,1123.378134,,2.43737272143e-07,,,0,0,,,,,,,,,,,,,,,,,,,,,,,,,,,,,,,,,,,,,,,,,,,,,,,,,,,,,,,,,,,,,,,,,,,,,,,,,,,,,,,,,,,,,,,,,,,,,,,,,,,,
refine__sobol__0003073__flexion__m5@@subscapularis@@0.00,39.69229194,81.85014738,-55.82273854,85.01727674,19.23739769,-6.67860394,0.44539462,Subscapularis,SUBSC,0,1,usable,Converged with independently replayed constrained generalized-force equilibrium and small reserve torques,422.160053,4.07690134078,7.62581233715e-08,4.01456645704e-12,0.000263738330771,23,1,0.0100000336647,0.419323088767,0.0100000806456,0.0100000305171,0.0100009714126,0.000674053182454,0.999999690495,0.0100001093206,0.757661562169,0.0100000730762,0.0100000763229,0.0100000595302,0.0100000446207,0.0100000595927,0.483574424046,0.0100001431253,0.712119539646,0.697190716697,0.141632013826,0.0100452378058,0.642997582574,0.0100002167654,0.0100003476972,0.0100004106144,0.0100012091246,0.0380074127416,0.0122481962971,0.0100009203357,0.0100008424186,0.0100025650026,0.672320321974,0.444000348902,0.0100040434144,0.0100022077475,0.010011736071,0.0100321717641,0.0100094652884,0.0100125616236,0.0100212689141,0.0100377169052,0.0212744184235,0.0929836368905,0.0100452378058,0.0479209738654,0.0182939039775,0.0188002437999,0.0100199240188,0.0100244375971,0.0100047388759,0.0100090713387,11.0374719276,331.465495491,1.9999993612,4.65598501306,9.295018226,0,235.972559668,1.43267361791,336.323295448,6.57080762494,4.81934766627,2.7012526081,2.93072939402,1.85030797063,100.590634799,1.21701607634,500.279699032,479.523867238,36.5137551815,0,325.085137816,2.17923302148,11.0968282779,2.54735395963,3.13620730418,9.59441221068,1.81484031972,3.81061277855,4.35964123058,0.942297110343,357.446020666,120.907071354,0.678734869302,1.61523375739,2.59043139935,1.63007581622,2.37010849956,1.73107809575,2.07635305761,1.98033372719,0.510804666103,9.08276412472,0,2.32918968352,0.955473666898,0.804307805782,0.733098528913,0.461039474227,1.94142162392,1.16731151535
refine__sobol__0000463__pro_sup__p5@@brachialis@@0.00,-42.35360649,88.16606534,77.66114818,12.43182752,79.51083519,-8.80628949,-44.15421476,Brachialis,BRA,0,1,usable,Converged with independently replayed constrained generalized-force equilibrium and small reserve torques,437.367603,2.51467284746,2.40476026647e-07,1.27187149701e-12,0.000108374942628,24,0,0.010001735383,0.365049686219,0.0100019257083,0.718493445262,0.0100003547586,0.0100000742995,0.0100452382906,0.0100007284968,0.749926261406,0.0100001198151,0.0100001587153,0.0100004789119,0.0100006607279,0.01000036789,0.0100008724649,0.0975140761724,0.281969454962,0.222012462426,0.0100452382906,0.0100452382906,0.159182806926,0.0100452382906,0.00067395626474,0.0100022523666,0.0100452382906,0.638515862055,0.0100003803479,0.261412142443,0.0100002778678,0.0100095681165,0.660257266496,0.121614470349,0.0100039273941,0.0100017750183,0.190383821571,0.210544801954,0.0100020893119,0.010006513343,0.108076429036,0.318458543715,0.0100043372441,0.0100012212121,0.0100134330566,0.026320691729,0.0100024136014,0.0531714166322,0.0100025553572,0.0595124560626,0.01000499861,0.0925871137946,2.13690328556,255.123214723,1.65945925475,131.89173106,1.63697367318,12.1246294026,0,1.35202937032,292.245549855,5.92179915612,4.97254451942,2.32963203916,0.569408297383,1.78012498299,1.15837766228,63.4782496657,153.696722044,95.2826042308,0,0,7.30562787868,0,0,2.3634802858,0,157.993583028,1.90730404444,71.7599058336,3.05051617939,0.509689985879,367.881850447,23.0042081276,0.488941843727,1.4243278878,47.6165875344,31.8689359015,2.19564342962,1.67310731925,22.9529247575,62.0475224729,0.381875806003,1.0648925868,0.920041670886,1.20538508114,0.724120887451,2.50106059205,0.772982994096,2.73717627232,1.05858099133,10.6451193799
refine__sobol__0001369__pro_sup__m2@@anterior_deltoid@@0.00,54.23819038,98.00493253,-15.86912526,47.66131971,-7.87978981,3.89146441,-10.69718351,Anterior deltoid,DELT1,0,0,solver_failed,The static optimization solver did not converge,1240.551185,,1.28392869669e-08,,,0,0,,,,,,,,,,,,,,,,,,,,,,,,,,,,,,,,,,,,,,,,,,,,,,,,,,,,,,,,,,,,,,,,,,,,,,,,,,,,,,,,,,,,,,,,,,,,,,,,,,,,
refine__sobol__0000603__pro_sup__p5@@pectoralis_major@@0.00,9.85342476,113.42973722,-41.13767995,109.2970619,11.85458519,23.7669527,39.40047274,Pectoralis major,PECM1;PECM2;PECM3,0,0,reserve_too_high,The posture requires more reserve torque than the quality limit permits,357.744812,293.824137228,2.29160839638e-07,9.01859103841e-07,0.224857193802,23,4,,,,,,,,,,,,,,,,,,,,,,,,,,,,,,,,,,,,,,,,,,,,,,,,,,,,,,,,,,,,,,,,,,,,,,,,,,,,,,,,,,,,,,,,,,,,,,,,,,,,
refine__sobol__0004077__elbow_flexion__m2@@triceps@@0.00,90.14151069,110.66850675,-38.97703542,116.91376112,35.64364769,18.44346637,45.17195712,Triceps,TRIlong;TRIlat;TRImed,0,1,usable,Converged with independently replayed constrained generalized-force equilibrium and small reserve torques,359.973914,1.29666078177,3.66791681472e-08,7.69200060503e-13,0.000244828552981,26,0,0.286715666862,0.41223053227,0.0100014458256,0.0100004666663,0.106961747298,0.0100000475963,0.825532765886,0.0100003711729,0.0100000897508,0.0100000327454,0.0100000442606,0.0100001155502,0.010000100572,0.0100001619524,0.01000019423,0.000673943967911,0.000673943967911,0.000673943967911,0.567225928562,0.0100452377024,0.0100000473314,0.0100000714663,0.0100001140163,0.0100004953118,0.0100002239382,0.0213137676147,0.0917434625535,0.0100011759567,0.0100452377024,0.0100448086334,0.0100006558648,0.128481397149,0.0100452377024,0.0100038164087,0.0100057316963,0.0100071398502,0.0153419228119,0.0100448281067,0.0100201159605,0.0100064149054,0.0100815397528,0.0100363638299,0.0100858433724,0.0100202882715,0.0176473000452,0.0100259506325,0.0100094459593,0.0100046064804,0.0100014246512,0.0100016327141,228.177287301,398.82427341,1.71242297397,3.7856888396,111.118649573,11.136655747,201.925407357,1.24907249433,4.419695862,6.55302890441,4.95179762451,2.75792350951,2.99926290197,1.88069280395,2.07451964403,0,0,0,160.637303234,0,4.96764198187,3.16192892874,9.3152674437,0.576050956943,3.07210382686,2.95402211896,14.7957097064,1.59010967484,0,0.000290428993883,3.79615875785,33.6950092464,0,0.552426147763,2.42457540077,1.57368920615,3.45895286456,1.65016131463,1.94146784508,1.89565759965,0.212806844717,0.722224972725,0.613131219863,0.348739123613,0.776093653508,0.217720977343,0.386519916786,0.422827216114,2.00990566369,1.16702213542
refine__sobol__0001711__flexion__p5@@posterior_deltoid@@0.00,-47.18759087,105.74907316,38.18360911,69.37030409,-34.16103981,17.0506441,32.62312899,Posterior deltoid,DELT3,0,1,usable,Converged with independently replayed constrained generalized-force equilibrium and small reserve torques,379.558025,2.08833420449,7.65206209508e-08,2.45715323823e-12,0.000142325364088,21,1,0.509595008934,0.999990871696,0.000673811288204,0.0100008912294,0.0100002351236,0.491768430547,0.0100452376214,0.010000573249,0.0100002324228,0.0100000690704,0.0100000927457,0.0100005848702,0.0100002153169,0.0100002561375,0.0100008996585,0.0439296339209,0.380112696308,0.371923758336,0.0636026115525,0.0100015169237,0.428001024191,0.0100008207548,0.0100007268346,0.0100023056513,0.0100049170139,0.0201976997735,0.0974104984997,0.0100030478082,0.0100099717345,0.0100079202057,0.278390884745,0.139930711446,0.0100148772697,0.0100073481891,0.0100113633614,0.0100150532946,0.0100134831281,0.0100154398814,0.0100144181412,0.0100117579982,0.0112574432927,0.0478467369016,0.0360436973725,0.0186484771203,0.0224379050128,0.0102146480312,0.0100307586203,0.0100197097132,0.0100055663534,0.0100076021949,227.255783121,247.513350427,0,1.84548019198,2.49848003176,569.299174588,0,1.39722359705,4.1471229067,5.18973239486,4.91621621259,2.50427053713,2.7986384991,1.8218488478,0.546798740113,14.6215835899,261.249976943,250.114707514,12.7691671557,3.69594886376,160.478197664,0.809254404683,11.4527527804,2.72563463643,3.36544968589,3.98899712391,18.0229744335,3.82775612583,1.22923031882,0.911334886167,145.869020952,38.9438293794,0.4739640315,1.55588950839,2.53364188732,1.62651229365,2.33025743548,1.69837083574,2.0125157983,1.96535495386,0.251159054178,3.88125819159,2.48730450842,0.720887820277,1.18998867528,0.282031335303,0.511513161316,0.429671861372,2.01035682715,1.16650410788
refine__sobol__0000625__elbow_flexion__p5@@posterior_deltoid@@0.00,52.04092476,70.77348722,-38.79392995,59.4533119,79.35458519,9.0013277,-41.22452726,Posterior deltoid,DELT3,0,1,usable,Converged with independently replayed constrained generalized-force equilibrium and small reserve torques,408.026093,2.20205919401,2.58741010839e-08,1.37024624907e-12,8.7120801378e-05,22,1,0.376485232712,0.280320212954,0.000673744460734,0.0100001433863,0.999998763388,0.0100000697459,0.765001819188,0.0100003534125,0.514511948119,0.0100002039182,0.0100001718617,0.0100002049914,0.0100001584259,0.0100001932252,0.0751223987333,0.0100002713023,0.0135649698,0.0132777979642,0.0100522461262,0.0100452367544,0.0100025688627,0.0100012459795,0.0100162287256,0.010001145283,0.0233241281475,0.0404797860966,0.0100028554955,0.0100018293326,0.0100011252169,0.0100059673244,0.337164050062,0.0578511367366,0.0100060957608,0.0100030698101,0.0100055003533,0.0100113411482,0.0100052724484,0.0100072072414,0.0100073208366,0.0100154740551,0.010222474112,0.0225376795338,0.0364719232389,0.0257009470239,0.0100194142506,0.010126291668,0.0102168141695,0.0143670835026,0.0100236535295,0.0246025339096,458.511257149,271.217442359,0,4.84386884759,986.560740155,13.0247599275,186.692575146,1.43841076705,227.007807843,6.4419001566,4.5905347545,2.67898411042,2.88935257842,1.82460907713,15.219536682,2.51623907514,9.18494224446,8.79089288765,1.21328753705,0,4.04112119949,1.20561431356,11.6608415862,2.76031609151,7.82121639932,10.1657624231,1.92953221654,3.53826483916,4.79820208783,0.731891218073,177.297384802,10.9565373088,0.748392281566,1.71116440182,2.49411210463,1.48044059083,2.31283309937,1.71031611958,2.12513889273,1.91644459321,0.386884715693,2.41264996417,3.43311851993,1.22608023884,0.725093625027,0.478390826275,0.796972864234,0.638344656723,1.09736078864,2.61230548759
refine__sobol__0000625__deviation__m2@@biceps@@0.00,52.04092476,70.77348722,-38.79392995,54.4533119,79.35458519,7.0013277,-41.22452726,Biceps,BIClong;BICshort,0,1,usable,Converged with independently replayed constrained generalized-force equilibrium and small reserve torques,451.894175,2.30931299665,2.57906833667e-08,1.61293201018e-12,9.25336343978e-05,23,1,0.376811804346,0.29529726255,0.010000278589,0.0100001343872,0.999999018716,0.0100000649272,0.815252272878,0.0100003321307,0.542893893199,0.0100001910456,0.0100001610879,0.0100001923462,0.0100001485233,0.0100001813018,0.0794890285425,0.0100002312902,0.0100097427376,0.010009921699,0.0100365611803,0.0100452377802,0.000673966098213,0.000673966098213,0.0442514199319,0.0100017048788,0.0100452377802,0.0793374063172,0.0100023375103,0.0100024506633,0.0100009734131,0.0100070952086,0.310790697567,0.0494249020367,0.0100064639122,0.0100032281482,0.0100055666812,0.0100120568904,0.0100045658041,0.0100064992575,0.010006884102,0.0100169313372,0.0100759481132,0.0109832593257,0.0345353117977,0.02773125909,0.0100151510263,0.010195185499,0.0114058673948,0.0203183055094,0.0100227277234,0.0355006767413,458.908979973,285.708145869,2.01418545498,4.84386448883,986.560992042,13.024753651,198.955796435,1.43840770597,239.530205347,6.44189186422,4.59052980867,2.67898072283,2.88934971721,1.82460690158,16.104200692,2.73325079991,6.72345719649,6.56925214673,0.786766217685,0,0,0,51.8525288946,2.75973321173,0,19.9021825105,1.92938602808,3.4418560217,4.79780584192,0.704501194604,165.033446621,9.36067662099,0.732166402872,1.70714657478,2.49624269377,1.48490518664,2.30376469355,1.7075918039,2.12507473872,1.92118392273,0.378786659369,1.17740166175,3.2494379391,1.32014827791,0.724669359375,0.481749648599,0.895496029273,0.915355260697,1.11292149161,3.83932597892
refine__sobol__0001711__elv_angle__m2@@infraspinatus@@0.00,-49.18759087,105.74907316,38.18360911,69.37030409,-34.16103981,17.0506441,27.62312899,Infraspinatus,INFSP,0,1,usable,Converged with independently replayed constrained generalized-force equilibrium and small reserve torques,392.662392,1.70834052501,1.71278671246e-08,4.4408920985e-12,0.000114250651406,20,0,0.495311289567,0.854333379666,0.0100004603917,0.0100025763531,0.000673997516517,0.418249792153,0.0100452375251,0.0100006846785,0.0100003683842,0.0100000949457,0.0100001246315,0.0100006585295,0.0100002596948,0.0100003156303,0.0100012181719,0.0235898290334,0.377279153488,0.369151339327,0.0631288165243,0.0100015465513,0.40843195172,0.0100010062214,0.0100007322782,0.0100022827044,0.0100059016935,0.0258801404693,0.0888403509412,0.0100034090369,0.0100068835712,0.0100084512425,0.270626076989,0.137174698341,0.010013774375,0.0100076950852,0.0100153850563,0.0100201968732,0.0100151232372,0.0100177099667,0.0100177446131,0.010015184236,0.0107866696307,0.0467930420445,0.0351537985949,0.0188493320174,0.0206118204028,0.010320792307,0.0100374488681,0.0100255759019,0.0100074582819,0.0100105884211,213.737101153,213.328909966,1.82262825133,1.77338444816,0,483.978127497,0,1.39622809405,4.13357220578,5.13659340989,4.90375010917,2.50098115922,2.79949990069,1.82259599792,0.533587649675,7.95755233489,259.302493982,248.250285688,12.6740457693,3.69595981193,155.986784732,0.802079598158,11.4527590148,2.7256283836,3.3704493835,5.33633751034,16.7119264375,3.86877432801,1.6680514422,0.927920265403,141.800479252,38.1768090165,0.554133020503,1.57376312522,2.55726202948,1.62815139797,2.34687222462,1.71067048317,2.02811263408,1.97380588491,0.252647790882,4.01026318266,2.53481934147,0.761108907882,1.13427199644,0.307324758142,0.532342109147,0.428973350531,2.00447619899,1.16460887134
refine__sobol__0002761__elv_angle__m5@@triceps@@0.00,64.66299507,114.79448331,76.3794099,89.90497205,32.59677269,20.57969684,-39.26163663,Triceps,TRIlong;TRIlat;TRImed,0,1,usable,Converged with independently replayed constrained generalized-force equilibrium and small reserve torques,366.23178,1.87187933319,7.03655267387e-08,1.53967307109e-12,0.00017089238122,27,0,0.115666209591,0.465231784414,0.256164450828,0.0362680942725,0.0100003902893,0.0100005630638,0.898386601804,0.0100013338669,0.0100004803511,0.0100001443372,0.0100001880388,0.010000766045,0.0100006146332,0.0100007006016,0.0100008633424,0.000673962343443,0.000673962343443,0.000673962343443,0.842361057631,0.0100452376996,0.0100001150411,0.0100001642223,0.0100000509471,0.010000074637,0.0100452376996,0.136492620062,0.108353308811,0.0100004703223,0.0100003077594,0.0100017638865,0.0100000957114,0.010000520028,0.0100020246639,0.0100010790417,0.0525745310429,0.0120283070653,0.0127961482922,0.0156357099689,0.0100411218234,0.0100325358996,0.0100037974934,0.0100015432792,0.0100018969777,0.0100036471695,0.0100086864466,0.0100069633865,0.0185116516975,0.021198191337,0.119306101462,0.080690280732,104.010730551,185.531532122,48.406309684,6.38329222176,10.0925206154,11.4247101297,241.95351059,1.42755744146,4.00839497004,6.35341920535,4.63968258473,2.71384978096,3.00952546421,1.87895182252,2.08028970209,0,0,0,221.185947368,0,5.10135389571,2.52013875891,10.9748606832,2.4982300739,0,34.3661274217,20.5757922723,4.07916926008,4.30071972137,1.00707184649,5.15207094493,2.64150664691,0.711422807615,1.67214152947,13.1086879283,1.74609545501,3.00689163618,2.69158442727,2.13205853472,1.88073566633,0.393331770674,1.04986039384,0.936033124899,0.47715531317,0.724624308276,0.471688113638,1.40953539216,0.833611247718,11.8328524252,7.56365360182
refine__sobol__0000625__pro_sup__m5@@posterior_deltoid@@0.00,52.04092476,70.77348722,-38.79392995,54.4533119,74.35458519,9.0013277,-41.22452726,Posterior deltoid,DELT3,0,1,usable,Converged with independently replayed constrained generalized-force equilibrium and small reserve torques,386.938137,2.15633644228,1.69976317466e-08,2.57216470345e-12,8.84143895631e-05,18,1,0.377698697221,0.269112365765,0.00067401581193,0.0100001406168,0.999998832909,0.0100000682928,0.779144554722,0.010000347862,0.524901611464,0.0100002015679,0.010000169719,0.0100002016463,0.0100001557833,0.0100001901048,0.0803613959614,0.010000243348,0.0100165722446,0.0100168172042,0.0100406543529,0.0100452381266,0.0851902799065,0.010001682286,0.0210674137124,0.0100032118092,0.0331374759133,0.0348536819738,0.0100081647031,0.010003211431,0.0100024624856,0.0100097288913,0.188283755149,0.037586168919,0.0100111816162,0.0100058587796,0.0100076662444,0.0100133610234,0.010008803496,0.0100112287136,0.0100104872503,0.0100148293584,0.0103395170141,0.0264218790839,0.0297267078019,0.0169182858201,0.0100652788645,0.0102206340421,0.0100953248402,0.0100636812777,0.010016423598,0.0100424781067,459.989102995,260.373544903,0,4.84386750631,986.560808731,13.0247580347,190.143996626,1.43840996869,231.59183103,6.44189864252,4.59053377082,2.67898321427,2.8893518149,1.82460850778,16.2809392969,2.73325409498,6.72804451703,6.57377748811,0.787087081825,0,33.0976889741,1.12325955679,24.6861836283,2.76053218889,11.158836194,8.75335247555,1.9305502742,3.46049193443,4.79890771942,0.714311132806,100.263725978,7.45413751322,0.742994344608,1.71022704296,2.49957765853,1.4830308144,2.31598448213,1.71208422396,2.12577901748,1.91682405807,0.394629502832,2.81888816262,2.79281212179,0.805030678391,0.728597119012,0.482845564103,0.789230645206,0.447139961915,1.09656927637,1.06631376919
refine__sobol__0001387__flexion__p2@@latissimus_dorsi@@0.00,23.30069038,95.97368253,56.78712474,29.38006971,56.62021019,14.28208941,-6.82218351,Latissimus dorsi,LAT1;LAT2;LAT3,0,1,usable,Converged with independently replayed constrained generalized-force equilibrium and small reserve torques,339.365783,1.08455003732,2.05916048657e-08,9.84397831164e-13,4.77010927447e-05,20,1,0.0406949935152,0.999998671278,0.20965949345,0.0100007965734,0.134029874197,0.0100003534813,0.0100044878569,0.0100012261713,0.0100013711863,0.0100001945438,0.0100001876517,0.000673990939521,0.000673990939521,0.000673990939521,0.0100005034224,0.0100027610393,0.0719158194174,0.065831934006,0.0100452376503,0.0100452376503,0.010000895169,0.0100086950927,0.0100058379191,0.0100082846326,0.0100219199825,0.0322932245263,0.0533251844924,0.0100029747371,0.0100052592845,0.0100080334539,0.0217082553615,0.0151870996842,0.0100155946438,0.010008416172,0.0100069882062,0.0100101412088,0.0100102849533,0.0100123304187,0.0100102440041,0.01000993268,0.0111687303951,0.0415595274242,0.0330950765141,0.0154848441178,0.0210189717802,0.0116937371689,0.0100733093788,0.0100263652734,0.0100095865414,0.0100127717453,49.5624228084,407.898576383,42.2201095089,4.66152478327,131.9690517,11.5396433893,2.43037444296,1.43803721129,4.30957118086,6.45278015252,4.66005803186,0,0,0,1.89857986885,3.30868835503,45.8350849611,38.407230881,0,0,1.90869242656,0.0977637753959,11.7803876147,2.5703442651,3.06015107325,7.57601021359,10.284498868,3.95979044126,4.5928099987,0.97711397709,12.0945663437,3.67752689054,0.754083904725,1.71323955383,2.58968544845,1.62491410591,2.37030187922,1.73101917534,2.07729463349,1.9748625923,0.371109221007,4.53827605509,3.11074943504,0.755629195173,1.50206744546,0.514225679847,0.62213940553,0.435298591548,1.61757454238,1.1180381346
refine__sobol__0000463__shoulder_elv__m5@@latissimus_dorsi@@0.00,-42.35360649,83.16606534,77.66114818,12.43182752,74.51083519,-8.80628949,-44.15421476,Latissimus dorsi,LAT1;LAT2;LAT3,0,0,reserve_too_high,The posture requires more reserve torque than the quality limit permits,398.130154,1458.13397502,2.57758488331e-07,1.18393700231e-06,0.5,21,2,,,,,,,,,,,,,,,,,,,,,,,,,,,,,,,,,,,,,,,,,,,,,,,,,,,,,,,,,,,,,,,,,,,,,,,,,,,,,,,,,,,,,,,,,,,,,,,,,,,,
refine__sobol__0000447__elbow_flexion__m2@@brachialis@@0.00,-52.19735649,125.74419034,83.52052318,117.07245252,-41.73916481,5.13902301,37.40828524,Brachialis,BRA,0,1,usable,Converged with independently replayed constrained generalized-force equilibrium and small reserve torques,390.704807,0.582147102052,1.60476156807e-08,4.50607965912e-13,0.000330429121618,21,0,0.308278025764,0.0100002333788,0.0100001793221,0.0100001301281,0.0100000180095,0.0100001048389,0.010000184031,0.0100009755214,0.0100000420952,0.0100001002314,0.0100003021746,0.0100007184606,0.149825512235,0.498311936477,0.0100006892376,0.0100035055561,0.209418950739,0.209088611598,0.0521375973042,0.0100026623144,0.281934263152,0.0100010965178,0.000673905619648,0.0100145893069,0.0100022946223,0.0100064108149,0.107947885272,0.0100096820604,0.0100452376622,0.0100368939267,0.155975705312,0.0710309082201,0.0100452376622,0.0102695260258,0.0100200162069,0.0100164370697,0.0253676010484,0.0118840732436,0.0100725640969,0.0100111892966,0.0102070471366,0.0210734306544,0.0124382377832,0.0100391789481,0.016780071802,0.0100292230467,0.0100115828235,0.0100077181115,0.010003249802,0.0100030943644,231.677871011,1.95151300366,1.68721195865,3.53259430381,10.7204312084,12.3693979466,2.327818859,1.43839659827,4.11626912619,3.34147389717,3.17206433508,2.64914275821,44.9138521329,93.6948125669,1.57747320172,0.102525350526,150.234288169,149.760682629,14.7653012824,3.63397053111,125.223501416,2.31684375981,0,1.18909459909,3.05985427078,1.87738944271,16.2209371456,2.40976097879,0,0.134192711452,84.4051587256,19.307194869,0,0.978854411738,2.49844081141,1.61359705451,5.86732026398,2.00003176111,2.00485749936,1.93760519952,0.198522562735,1.50004155953,0.775105237461,0.376093503129,0.742397681041,0.269607874784,0.578214344876,0.460313748701,1.98848316809,1.15664704584
refine__sobol__0000447__pro_sup__p5@@latissimus_dorsi@@0.00,-52.19735649,125.74419034,83.52052318,119.07245252,-36.73916481,5.13902301,37.40828524,Latissimus dorsi,LAT1;LAT2;LAT3,0,0,reserve_too_high,The posture requires more reserve torque than the quality limit permits,284.486375,392.407568794,2.71071201041e-08,8.71213604647e-07,0.323623320042,21,0,,,,,,,,,,,,,,,,,,,,,,,,,,,,,,,,,,,,,,,,,,,,,,,,,,,,,,,,,,,,,,,,,,,,,,,,,,,,,,,,,,,,,,,,,,,,,,,,,,,,
refine__sobol__0001387__flexion__m2@@brachioradialis@@0.00,23.30069038,95.97368253,56.78712474,29.38006971,56.62021019,14.28208941,-10.82218351,Brachioradialis,BRD,0,1,usable,Converged with independently replayed constrained generalized-force equilibrium and small reserve torques,365.302493,1.12533193285,7.02841305156e-08,7.95807864051e-13,6.96572005384e-05,20,1,0.0554500394282,0.999999534426,0.295587462091,0.0100005225304,0.125165024303,0.0100002390807,0.0100032857298,0.010000850473,0.0100009409931,0.01000013094,0.0100001264017,0.0100006012062,0.0100004316068,0.0100004324641,0.0100003436841,0.0100016716457,0.0681377743348,0.0623736333723,0.0100452377447,0.0100452377447,0.0100006267133,0.0100064134181,0.0100061184749,0.00067396378641,0.010020034917,0.0298442591656,0.0522273793478,0.0100033377943,0.0100062135889,0.0100090700171,0.0158152723698,0.0129514422898,0.0100170843968,0.0100093206025,0.0100076650815,0.0100109818885,0.010011540805,0.0100136240676,0.0100112277062,0.0100107297606,0.0109363130377,0.0387467046415,0.0312000853387,0.0142495933622,0.020128135587,0.0111976479041,0.0100680168055,0.0100266392467,0.0100102172492,0.0100132525881,67.5325896748,407.898929593,59.5238251013,4.6613970473,123.240506354,11.5395113784,2.43008241288,1.43798319109,4.30938581134,6.45273911044,4.66002948875,2.62677667584,2.85513639697,1.81519757507,1.89854954441,3.30832800816,43.4271722299,36.3896120414,0,0,1.90864119386,0.0977414902185,11.7807179275,0,3.10735765557,7.20771312094,10.0680488068,3.85673176672,4.63340237565,0.936817283192,8.81134194042,3.13616676566,0.75427750534,1.71355725141,2.58987600149,1.62235491096,2.37060396574,1.73127188699,2.08592816926,1.9748449806,0.374744345589,4.23094009793,2.94230663194,0.695375339072,1.44908153076,0.509038517172,0.640810021428,0.434046296951,1.55356853993,1.10578024318
refine__sobol__0002303__elv_angle__p5@@brachioradialis@@0.00,-46.09872368,96.64018644,-31.57957448,101.96551893,-71.62197731,15.62364215,40.07430087,Brachioradialis,BRD,0,1,usable,Converged with independently replayed constrained generalized-force equilibrium and small reserve torques,313.213292,2.86351706795,2.11868762534e-08,5.2793325267e-12,0.000627716299596,31,2,0.999999617139,0.99999990667,0.0100002686262,0.010000017098,0.0100000082738,0.010000035961,0.0100001234311,0.0100002547631,0.0100000186445,0.0100000057867,0.010000009754,0.478065556611,0.0100000902039,0.0100000698241,0.0100000692157,0.727200322837,0.0100036495248,0.0100037069025,0.0100130266586,0.218230503018,0.0100000118145,0.0100000539096,0.206190481006,0.000674004476479,0.0100021811194,0.0203654115094,0.0735537432865,0.0100009811285,0.0100452380124,0.010004237593,0.0100014606898,0.0100059575674,0.0100298223138,0.0100032244514,0.0100017164807,0.0100025653569,0.0100030215614,0.0100036035401,0.0100027882667,0.0100025457395,0.0132782220564,0.0450808444885,0.0334551174956,0.0136250420338,0.0306996592017,0.0101937866366,0.0100217543575,0.0100077327624,0.0100021151181,0.010002676934,451.919117624,251.638261353,1.38395758591,4.99175656478,9.09482389419,12.4633936011,2.69380995268,1.38650329262,4.17765325015,5.58252310981,4.94813789182,120.266996159,2.66692523035,1.80030319755,1.58187693593,285.076406568,7.16571823292,7.04544837324,2.74088101453,74.3183782664,5.25091935993,2.3768556655,219.22677472,0,3.32787554224,3.74503622388,11.8604017577,3.61398367603,0,0.614421234432,5.5346756455,2.37950941125,0.0569630780097,1.35829634512,2.52414713451,1.62353429537,2.3197316504,1.69045573697,2.00353897578,1.95591839235,0.267089653835,3.16604661163,2.06239640987,0.482232704776,1.44214445934,0.25160638082,0.510174529285,0.438654766663,2.01027418292,1.16724531098
refine__sobol__0001369__shoulder_elv__p2@@teres_minor@@0.00,54.23819038,100.00493253,-15.86912526,47.66131971,-5.87978981,3.89146441,-10.69718351,Teres minor,TMIN,0,0,solver_failed,The static optimization solver did not converge,1476.513505,,7.69376828913e-09,,,0,0,,,,,,,,,,,,,,,,,,,,,,,,,,,,,,,,,,,,,,,,,,,,,,,,,,,,,,,,,,,,,,,,,,,,,,,,,,,,,,,,,,,,,,,,,,,,,,,,,,,,
refine__sobol__0001262__deviation__m5@@brachialis@@0.00,44.74600288,60.17290128,-58.93553151,17.95428846,-63.69228981,7.84654254,-53.58780851,Brachialis,BRA,0,1,usable,Converged with independently replayed constrained generalized-force equilibrium and small reserve torques,392.759305,3.62535553808,1.76694996412e-08,4.7251091928e-12,0.000304168795669,12,2,0.0194258995676,0.680060605231,0.0100000733373,0.0100000430693,0.311210256832,0.0100000249361,0.999998982793,0.010000108037,0.999999818503,0.0100002672455,0.0100001034116,0.0100000603267,0.010000046228,0.0100000593955,0.929849522747,0.0100000317878,0.0339839617501,0.0277697713603,0.0100452381109,0.0100011335222,0.259955576612,0.0100012022996,0.000673810537238,0.104063066048,0.0100452381109,0.130327511788,0.0249638459525,0.121729081836,0.0184499123274,0.0175532283297,0.239307148792,0.128125279186,0.0213090939958,0.0656971289441,0.0478023599746,0.0276717308747,0.0127091351038,0.0150891759763,0.0298983236226,0.0213928843424,0.0101819778016,0.0212074334646,0.0305115075746,0.0191590218917,0.0118436685452,0.0117014823714,0.0100585649576,0.0100822806336,0.0100138989668,0.010032086838,18.5639728868,676.892269591,2.00250464958,4.77391520283,285.008065075,12.0250051357,208.048709383,1.43858322856,443.873427898,6.48468416294,4.58401285694,2.66501537613,2.85229580068,1.80501208618,188.389346863,4.86432688838,20.038429654,13.3753105938,0,3.47112988107,117.103269581,1.47842826326,0,25.3127415053,0,31.6473723093,4.69883899629,22.6824993454,7.37548033927,0.47563731919,48.1444196406,31.4696374844,0.972402061315,8.603698168,9.64331114191,3.26619140746,2.57306498554,2.29998421723,6.32979733071,3.41362276159,0.400949977122,2.09791786062,2.69204624076,0.854805022017,0.843544351316,0.539922024058,0.88630682021,0.446925846192,0.882955843615,1.02892481977
refine__sobol__0000447__shoulder_rot__m5@@teres_minor@@0.00,-52.19735649,125.74419034,78.52052318,119.07245252,-41.73916481,5.13902301,37.40828524,Teres minor,TMIN,0,1,usable,Converged with independently replayed constrained generalized-force equilibrium and small reserve torques,585.746838,0.902976091879,2.68027164907e-08,1.07128079243e-12,0.000505324338671,20,0,0.371018536906,0.0100002094454,0.0100001137588,0.0100000916826,0.0100000092544,0.0100000461539,0.00067398610419,0.0100006095031,0.0100000254016,0.0100000875488,0.0100001816586,0.0100003986601,0.166511528921,0.727455392275,0.0100002628302,0.010005227543,0.199811912225,0.199647075579,0.0506338841494,0.0100027806288,0.286347315179,0.0100009347173,0.0100014328961,0.0100170437771,0.0100023402857,0.0100064069374,0.104887511869,0.0100108104017,0.010045237678,0.0100390609024,0.149227591787,0.06751850144,0.010045237678,0.0105043816313,0.0100224757285,0.0100175398831,0.0269132582523,0.0130829390638,0.0100980665852,0.0100118109019,0.0101872791323,0.019868598969,0.0115678788793,0.0100375993746,0.0161445466046,0.0100288581586,0.0100116655413,0.0100078293529,0.0100033283371,0.0100031538177,275.740157069,1.50152304878,1.70768566644,3.29108902047,10.5230704122,12.3016196218,0,1.43850790269,4.06911716678,3.37806508371,3.1619478425,2.64477240437,49.8365285396,136.773331992,1.59914690511,0.0452867077102,143.342181364,143.105764448,14.3394609057,3.63401351482,127.428743203,2.38470249503,8.90604568237,1.00946926422,3.03304501837,1.86439877093,15.7629096619,2.33110296277,0,0.107474965312,80.3718448402,18.3524735539,0,0.968359292433,2.49905408078,1.61377471213,6.22481823223,2.20179505124,2.00993355093,1.93772550748,0.199826965019,1.42264291182,0.72338743115,0.377499322769,0.715893996529,0.269598065821,0.578219122319,0.460318865348,1.98849877953,1.15665392031
refine__sobol__0003073__shoulder_rot__p2@@middle_deltoid@@0.00,39.69229194,81.85014738,-53.82273854,85.01727674,19.23739769,-6.67860394,5.44539462,Middle deltoid,DELT2,0,1,usable,Converged with independently replayed constrained generalized-force equilibrium and small reserve torques,367.73391,6.82292240616,1.0969002151e-07,3.30595026499e-12,0.000401599043769,22,3,0.168687660149,0.000673962518204,0.0100000858331,0.0100000406073,0.488396824334,0.0100000443879,0.999999212227,0.0100000816644,0.87673804159,0.0100000252385,0.0100000241716,0.0100000455097,0.0100000335932,0.0100000418129,0.0100001916932,0.0100001223928,0.999999647849,0.999999633674,0.448507706837,0.0100452375609,0.963771475068,0.0100000646149,0.0100001035647,0.0100001266049,0.0100003292629,0.027657790544,0.0281053650672,0.010000390977,0.0100003547148,0.0100011821531,0.89658415141,0.890407310814,0.0100018060678,0.0100009594503,0.0182163715872,0.0384035488162,0.0100143716141,0.0100204713225,0.0246321362908,0.0437464427808,0.0331160217726,0.154934589503,0.137492600691,0.0766785174383,0.0287158397734,0.0236870152736,0.0100105569631,0.0100207125959,0.0100035662268,0.0100069173391,190.756035133,0,2.0007582487,4.64687511779,457.525595473,13.0144982231,238.058918637,1.43345938147,389.176304478,6.57070225801,4.81459981667,2.70058086728,2.92883751123,1.8493133201,2.08019023737,1.24003972516,702.521830972,687.794143118,115.628523259,0,487.526771398,2.1901214444,11.0965573776,2.54728161524,3.15379964734,6.96941238636,4.08066747812,3.77131868882,4.28435903742,0.927165466886,476.678194396,242.46949477,0.66361507383,1.60078210485,4.70654539738,6.24033882817,2.37126324991,1.73226382352,5.07261498104,8.62923270805,0.754208928964,14.4571020393,11.2358658547,3.68619626178,1.44675566158,0.971632533605,0.716835869142,0.460787702447,1.99426972799,1.16478512648
refine__sobol__0001369__shoulder_elv__p2@@brachioradialis@@0.00,54.23819038,100.00493253,-15.86912526,47.66131971,-5.87978981,3.89146441,-10.69718351,Brachioradialis,BRD,0,0,solver_failed,The static optimization solver did not converge,918.3077,,2.47034339651e-08,,,0,0,,,,,,,,,,,,,,,,,,,,,,,,,,,,,,,,,,,,,,,,,,,,,,,,,,,,,,,,,,,,,,,,,,,,,,,,,,,,,,,,,,,,,,,,,,,,,,,,,,,,
refine__sobol__0003073__flexion__m2@@brachioradialis@@0.00,39.69229194,81.85014738,-55.82273854,85.01727674,19.23739769,-6.67860394,3.44539462,Brachioradialis,BRD,0,1,usable,Converged with independently replayed constrained generalized-force equilibrium and small reserve torques,326.888892,4.40441853143,6.95896007485e-08,1.39266376209e-12,0.000282837978107,21,1,0.0100000289809,0.398919095998,0.0100000746921,0.01000002765,0.0100012067613,0.0100000174258,0.999999734926,0.0100001009973,0.742607071351,0.0100000665362,0.0100000700461,0.0100000546418,0.0100000408029,0.0100000547637,0.517324023938,0.0100001325436,0.763650643739,0.747641577422,0.151880573195,0.0100452377756,0.697354857195,0.0100002002624,0.0100003237369,0.000673976513998,0.0100010956423,0.0214386314482,0.0100365198285,0.0100009564514,0.0100008365198,0.0100026522522,0.72447434882,0.477595070295,0.0100040266567,0.0100022176029,0.0100320597281,0.0128545389642,0.0100132166235,0.0100179403897,0.010074228266,0.0158822769652,0.0194283097484,0.0899915486251,0.0797881609388,0.045261707534,0.0137628326312,0.0158409352785,0.0100177980092,0.0100281638602,0.0100054086512,0.0100108443769,11.0374667593,315.336596908,1.99999817051,4.65598367816,9.29523696226,12.9837791543,235.972570163,1.43267242547,329.640660066,6.57080332768,4.81934464121,2.70125128762,2.93072827511,1.85030707712,107.61105091,1.21701478949,536.481437364,514.223686455,39.155907737,0,352.566955172,2.17922942465,11.0968016911,0,3.1469487983,5.40800635058,1.46905568686,3.78737037604,4.31737102164,0.933459612783,385.174245989,130.055351054,0.670764247084,1.60680396083,2.59430390355,2.0887775888,2.37099979689,1.73194422944,2.07983131187,3.13321298019,0.451983956424,8.56169863965,6.63088192805,2.18837291971,0.703512060121,0.661032323735,0.723668706244,0.461168893918,1.97919151788,1.16649373906
refine__sobol__0002761__elv_angle__m2@@pectoralis_major@@0.00,67.66299507,114.79448331,76.3794099,89.90497205,32.59677269,20.57969684,-39.26163663,Pectoralis major,PECM1;PECM2;PECM3,0,1,usable,Converged with independently replayed constrained generalized-force equilibrium and small reserve torques,367.530722,0.974826627015,5.96100377948e-08,1.4068746168e-12,5.78214126233e-05,15,0,0.116139342301,0.447984539399,0.219801964031,0.0100092309065,0.0100003778311,0.0100004858436,0.806575089187,0.0100014369131,0.000673967307078,0.000673967307078,0.000673967307078,0.0100008379924,0.0100006633238,0.0100007596155,0.0100009496115,0.0100452377791,0.145864359743,0.142851386691,0.029603212841,0.0100452377791,0.0645096106052,0.0100005859024,0.010001663905,0.0100017761515,0.0100452377791,0.0502982992477,0.0236910296384,0.0100026845663,0.0100031422126,0.0100072498621,0.0518100532625,0.0535462352528,0.0100125591429,0.0100070333091,0.0100101755588,0.0100155952027,0.0100145314334,0.0100169559033,0.0100148039991,0.0100154148163,0.0126628233798,0.0381239092871,0.0347157962314,0.0155021436335,0.0169159806279,0.0119375873631,0.0101044504279,0.0100374092192,0.0100139634341,0.0100211245099,95.1287226797,191.643778929,41.5690511433,1.85968857962,10.0291363069,11.4241851626,217.08184998,1.42521313603,0,0,0,2.7160574935,3.01382570413,1.87931302975,2.08019637595,0,103.153746234,98.9361774391,7.7731687835,0,32.6336862346,2.56706181164,10.9766308728,2.49865514807,0,12.6641115117,4.49881697086,4.08007244521,4.30193870287,1.00762422617,26.6926515266,14.1435381298,0.712172102794,1.67313705986,2.49589040332,1.45391908974,2.35325584848,1.72435294407,2.12647039997,1.87752608554,0.497880004587,4.00186064261,3.24889721418,0.739423339741,1.22470923899,0.562689983657,0.769384641169,0.394717506264,0.993191043611,0.939348751635
refine__sobol__0002303__shoulder_elv__m5@@brachioradialis@@0.00,-51.09872368,91.64018644,-31.57957448,101.96551893,-71.62197731,15.62364215,40.07430087,Brachioradialis,BRD,0,1,usable,Converged with independently replayed constrained generalized-force equilibrium and small reserve torques,384.172673,1.32893098374,2.03307770619e-08,4.64411437698e-13,0.000100566923716,31,0,0.382419795452,0.983660999294,0.0100034679506,0.0299749962106,0.0100024496708,0.010000114471,0.0100029761518,0.0100011802312,0.0100002573474,0.0100001384142,0.0100001596802,0.010001114095,0.0100005985861,0.0100005568596,0.0100015495542,0.374722227324,0.0100056336695,0.0100057178848,0.0100179076333,0.212882179223,0.0100004221851,0.010000669829,0.127348070725,0.000673734185555,0.0100018662384,0.012018575855,0.0696820394186,0.0100010256091,0.0100452339292,0.0100044161195,0.0100013853842,0.0100063200194,0.0100304236422,0.0100034241091,0.0100018789923,0.0100027941787,0.0100033977467,0.0100040138083,0.0100030884497,0.0100027754884,0.0123247384863,0.0402373630355,0.0297136511171,0.0114469833966,0.0285377006011,0.0101140278422,0.0100201934717,0.0100077604428,0.0100021846667,0.0100027252361,131.735051215,355.195634951,1.06999912125,14.9629201781,8.81706762806,12.4292901521,2.69435772723,1.36156930308,4.06451749858,5.65226974412,4.96423764534,2.43191632984,2.4330835314,1.78201435683,0.837284470436,165.636608572,7.16713949639,7.0468646755,2.74221709126,72.4970070762,5.25031134001,2.46299473598,135.39959107,0,3.32777077651,2.21011993386,11.2360968442,3.61399974966,0,0.614432198839,5.53463397253,2.37959560567,0.0569664931565,1.35832345582,2.52418814783,1.62357143586,2.31981888895,1.69052506603,2.00359910187,1.95596331793,0.247910459871,2.82588687852,1.83174748678,0.405144420954,1.34058448455,0.249637748162,0.510095069748,0.438655979935,2.01028816114,1.16725094752
refine__sobol__0000463__elv_angle__p2@@posterior_deltoid@@0.00,-40.35360649,88.16606534,77.66114818,12.43182752,74.51083519,-8.80628949,-44.15421476,Posterior deltoid,DELT3,0,1,usable,Converged with independently replayed constrained generalized-force equilibrium and small reserve torques,524.479798,2.20259642583,2.28740640651e-07,7.46588858625e-13,8.44649524919e-05,23,0,0.0100013523926,0.297385284025,0.000673909630297,0.613815162355,0.0100002987733,0.0100000680212,0.0100452378767,0.0100007196001,0.855003256127,0.0100001091053,0.0100001473742,0.0100004769182,0.0100003087878,0.0100003560409,0.0100008361525,0.0162642501984,0.293361236283,0.230981301784,0.0100452378767,0.0100452378767,0.228044805191,0.0100452378767,0.0100014687225,0.0100031474956,0.0100452378767,0.628063380042,0.0100004607698,0.305327508125,0.010000315119,0.0100148553028,0.39426905855,0.100257493955,0.0100049614532,0.0100023709476,0.174208258737,0.185419368251,0.0100023581247,0.0100073572566,0.0941687325666,0.272165146795,0.0100050517418,0.0100014529633,0.010022207346,0.0280650669017,0.0100030027054,0.0537167686451,0.0100029558622,0.0496820909341,0.0100046330612,0.0680054038611,2.30614666164,205.59177898,0,111.235874858,1.8208021843,12.1001761085,0,1.35351746163,332.716595723,5.95669301002,4.97248356349,2.33527813147,2.4598081844,1.7792834362,1.15863247535,10.4333269301,159.906187024,99.1318222772,0,0,11.3372872248,0,11.728783608,2.36875622993,0,155.184355004,1.91215782005,85.4022558715,3.13070634483,0.523900202866,219.678602887,19.8512625498,0.49975623067,1.44062143915,43.6540181527,28.1070152907,2.19924189879,1.67537056058,19.999091004,53.036060124,0.383770600335,1.063009886,0.919466301623,1.28315725584,0.724170262461,2.52668183732,0.774729829664,2.28504500505,1.05854231414,7.81885958968
refine__sobol__0000673__pro_sup__m5@@biceps@@0.00,31.65029976,97.68754972,55.54200755,18.3986244,69.97958519,13.78648395,40.80672274,Biceps,BIClong;BICshort,0,1,usable,Converged with independently replayed constrained generalized-force equilibrium and small reserve torques,499.462924,1.06253680174,2.99800504422e-08,1.80477854883e-12,3.40885295214e-05,27,0,0.0478113372547,0.987985841696,0.113872458871,0.0100015554699,0.116130431862,0.0100006318304,0.0100022594387,0.0100018569958,0.0100024505241,0.0100002980244,0.0100002925597,0.0100013263627,0.0100009556801,0.0100009523355,0.0100006726196,0.0100026212361,0.0803505168648,0.0658637772602,0.0100452378129,0.0100452378129,0.000673972586918,0.000673972586918,0.0100052446763,0.0100087219032,0.0271069310687,0.0693032414285,0.0980249961861,0.010000835725,0.0100014045587,0.0100026955441,0.106997105471,0.0314205387733,0.0100045002284,0.0100020431804,0.0100014721376,0.0100022507339,0.0100020570024,0.0100025914301,0.0100021311694,0.0100021946964,0.0187748204361,0.0886019924345,0.0668689474964,0.0364907593841,0.042133986316,0.0201410817699,0.0104166221977,0.010015768989,0.0100029531453,0.0100047049796,58.0308059925,403.079743684,22.9363323199,4.45442129331,121.574897629,11.507986024,2.58088722028,1.43876459149,4.23714045214,6.38143111273,4.61967164381,2.64701701698,2.88584320847,1.82724694753,2.02913340173,3.59474709573,47.6287837912,32.0011603734,0,0,0,0,11.766166524,2.41882578744,6.14572114711,9.44408126954,18.5971461965,4.02028558965,3.51372364388,0.952713115509,59.6163522031,6.5403626514,0.686659868118,1.61625687361,2.43032006416,1.57358633719,2.26546364333,1.65016025119,1.94367525389,1.89274659445,0.428022046605,7.346164592,4.60090818102,1.39520668057,2.36622731288,0.475416225774,0.422687062706,0.448455004817,2.00943502227,1.16748787765
refine__sobol__0001369__shoulder_rot__p5@@subscapularis@@0.00,54.23819038,98.00493253,-10.86912526,47.66131971,-5.87978981,3.89146441,-10.69718351,Subscapularis,SUBSC,0,1,usable,Converged with independently replayed constrained generalized-force equilibrium and small reserve torques,578.104657,0.455083182169,9.28126819844e-09,2.8987923173e-13,1.44053287568e-05,10,0,0.265961308661,0.210571818957,0.0100154415075,0.0100044519377,0.522916393121,0.00121164473416,0.15457193342,0.0100082678367,0.0100064170733,0.010001582994,0.0100019695933,0.010004599207,0.0100037473563,0.0100044556973,0.0100116084886,0.0100095128179,0.0577147142482,0.0562663110144,0.010160272338,0.010014460692,0.116991796443,0.0100084350896,0.0100211108144,0.0100352713437,0.0357868486706,0.0436815480447,0.0231758506683,0.0100151071009,0.0100129422019,0.0100344227902,0.106770337754,0.049197772288,0.0100572473832,0.0100342538647,0.010034638178,0.0100518744334,0.0100378705651,0.0100479742221,0.0100450236659,0.0100497377756,0.0104827366592,0.0327815519641,0.0101448534144,0.0156189734825,0.0124839133659,0.0113052272115,0.0102993247641,0.0101228396177,0.0100355225298,0.0100661744049,306.870393726,126.422887201,2.01664340997,4.64640329005,535.372739877,0,40.2247346395,1.42142407036,4.34064376112,6.56776625425,4.79908826331,2.69413060516,2.97460819605,1.87371234149,2.08249261008,2.0797328571,38.3205693706,36.4202035573,0.210611391747,3.76392711003,61.4271487332,1.4141502269,11.7906387253,2.76899490211,12.0709040566,11.0289541622,4.46479168893,4.08480009502,4.62838396831,1.0124287279,56.6020346197,14.0026594686,0.75266947052,1.71487606492,2.59617123484,1.61223288553,2.37551655937,1.73704176676,2.11421016634,1.9800922665,0.320520880193,3.57863201022,0,0.762200792033,0.83489806666,0.51583662238,0.773117924673,0.465087727135,1.7077066744,1.17347753511
refine__sobol__0004077__elv_angle__p5@@middle_deltoid@@0.00,95.14151069,110.66850675,-38.97703542,118.91376112,35.64364769,18.44346637,45.17195712,Middle deltoid,DELT2,0,0,solver_failed,The static optimization solver did not converge,1062.421423,,6.49370619499e-08,,,0,0,,,,,,,,,,,,,,,,,,,,,,,,,,,,,,,,,,,,,,,,,,,,,,,,,,,,,,,,,,,,,,,,,,,,,,,,,,,,,,,,,,,,,,,,,,,,,,,,,,,,
refine__sobol__0001387__pro_sup__p5@@latissimus_dorsi@@0.00,23.30069038,95.97368253,56.78712474,29.38006971,61.62021019,14.28208941,-8.82218351,Latissimus dorsi,LAT1;LAT2;LAT3,0,1,usable,Converged with independently replayed constrained generalized-force equilibrium and small reserve torques,476.503994,1.08276810514,2.94989472849e-08,6.48075222535e-13,4.70328777487e-05,17,1,0.0403208175693,0.999998593065,0.207082398016,0.010000809629,0.134599867559,0.0100003586357,0.0100045372848,0.010001242742,0.0100013905445,0.010000197386,0.0100001903817,0.000673964773226,0.000673964773226,0.000673964773226,0.0100005105691,0.0100028200387,0.0722766154511,0.0661621508597,0.0100452377622,0.0100452377622,0.0100009422274,0.0100121387296,0.0100058124732,0.0100081204485,0.010016189418,0.0261501069443,0.0510894662822,0.0100031679259,0.0100061131493,0.0100086774652,0.0243604982035,0.0146085515905,0.010016444002,0.0100089043394,0.0100075927155,0.010010922904,0.0100114668518,0.0100135284673,0.0100111935147,0.0100107422021,0.0108919995118,0.0389818325786,0.0310861154199,0.0142820734697,0.0199740038874,0.0109367267621,0.0100632702339,0.0100262143634,0.0100100989252,0.0100129550476,49.1067140138,407.898544404,41.7011477883,4.66153086909,132.530280912,11.5396493372,2.43038645014,1.43803959392,4.30957952241,6.45278198669,4.66005930417,0,0,0,1.89858122521,3.30870787084,46.0650359934,38.5998838132,0,0,1.83281511711,0.0642768197667,11.780357656,2.56048934513,3.06542031233,6.18916535325,9.85293678617,3.88056204848,4.62532030131,0.949064555516,13.5688427726,3.36250482514,0.754226650665,1.71347263702,2.58985554299,1.62404302539,2.37058607668,1.73124793601,2.08150826512,1.97498178966,0.365739974854,4.25678767068,2.92666309046,0.696956861847,1.43277073864,0.489228089022,0.627835679344,0.434665366043,1.58570776522,1.11196553454
refine__sobol__0001262__elv_angle__m2@@subscapularis@@0.00,42.74600288,60.17290128,-58.93553151,17.95428846,-63.69228981,12.84654254,-53.58780851,Subscapularis,SUBSC,0,1,usable,Converged with independently replayed constrained generalized-force equilibrium and small reserve torques,530.7081,2.38510438977,1.60703024221e-08,2.84455926364e-12,0.000119617414984,11,1,0.152747860079,0.475412983699,0.0100002021212,0.0100001272564,0.659272351687,0.000673964330899,0.67312060046,0.0100002761534,0.999996977251,0.0100004520888,0.0100002366357,0.0100001608868,0.010000127646,0.0100001613,0.318244906315,0.0100000911219,0.0157355314045,0.0129431605815,0.0100452377589,0.0100013150231,0.218944822339,0.0100017356849,0.010018190114,0.092704958554,0.0100452377589,0.108552539746,0.0101129893939,0.107207031896,0.0113351659665,0.0159048518775,0.207499511247,0.109924336497,0.0196534418653,0.0593035448878,0.0436691955235,0.0253895223362,0.0113882271057,0.0135115416169,0.0267794541351,0.0202224705845,0.0100773492805,0.0123502186108,0.0210797065066,0.0148137927628,0.010089560167,0.0102013445818,0.0100938088814,0.010128890933,0.0100192994405,0.0100821433692,144.486696084,471.578192251,1.99653211775,4.74532358984,600.655685436,0,141.217137863,1.43860300083,443.884587894,6.49922892828,4.59744159991,2.66324556455,2.84857356752,1.80371168706,64.7437846899,4.90711922062,9.27835728621,6.2340733958,0,3.47119287518,99.3771823322,1.44438547676,11.7798944656,22.54994727,0,26.5065746405,1.86694045943,19.1011508992,4.90757919157,0.409605035262,41.7452783747,26.9991920575,0.937294832199,7.91172099761,8.77777653826,2.96523603168,2.34958929269,2.084881799,5.67254452978,3.19465316529,0.395362750339,1.20354740448,1.8531957616,0.662476093213,0.711143503512,0.469273425077,0.88853969254,0.429373609698,0.846233265442,0.985105081136
refine__sobol__0000603__pro_sup__p5@@subscapularis@@0.00,9.85342476,113.42973722,-41.13767995,109.2970619,11.85458519,23.7669527,39.40047274,Subscapularis,SUBSC,0,0,capacity_limited,At least one muscle reached the conservative capacity threshold while nontrivial reserve torque was still required,414.977793,11.0863103858,2.37256237767e-07,1.36490878333e-06,0.0271132105997,24,5,,,,,,,,,,,,,,,,,,,,,,,,,,,,,,,,,,,,,,,,,,,,,,,,,,,,,,,,,,,,,,,,,,,,,,,,,,,,,,,,,,,,,,,,,,,,,,,,,,,,
refine__sobol__0001387__shoulder_rot__m5@@biceps@@0.00,23.30069038,95.97368253,51.78712474,29.38006971,56.62021019,14.28208941,-8.82218351,Biceps,BIClong;BICshort,0,1,usable,Converged with independently replayed constrained generalized-force equilibrium and small reserve torques,414.443462,1.14519296427,4.78228550094e-08,4.68958205602e-13,7.9458226049e-05,21,1,0.0672673567808,0.999999629188,0.330718241932,0.010000515682,0.112442911248,0.0100002277049,0.0100011990804,0.0100007685403,0.0100008974857,0.010000115011,0.0100001111572,0.0100005477533,0.0100003897217,0.0100003870902,0.0100003006319,0.0100013351418,0.0624344559752,0.0571528775332,0.010045236304,0.010045236304,0.000675836076401,0.000675836076401,0.0100065968675,0.0100094036225,0.0100300262577,0.035646860181,0.0534090161419,0.0100031162837,0.0100053118903,0.0100083603698,0.0160487064279,0.0124041868803,0.010016134136,0.0100086942241,0.010006972625,0.0100101001545,0.0100102596779,0.0100123087215,0.0100101828908,0.0100098627977,0.0111501975684,0.0410352634409,0.0330813636148,0.0153853770133,0.0209861035473,0.0120162103047,0.0100795180901,0.0100267764337,0.0100096979261,0.0100130604022,81.9310606277,398.073676998,66.5897686829,4.61586747798,113.268164058,11.5459668817,2.59148158743,1.43818922961,4.30587354028,6.45608188523,4.66730650506,2.6305321891,2.85928606905,1.81714032314,1.89795262523,3.37689028725,39.7921989595,33.3437532631,0,0,0,0,11.7812811637,2.57063164668,3.0865681005,8.48922061156,10.2989101133,3.91091825387,4.61297044472,0.957959249029,8.94139770287,3.00364992378,0.754189915846,1.71340308557,2.58969501792,1.62381354327,2.37030021894,1.7310368557,2.08152234396,1.97479599936,0.376274651306,4.4810093464,3.11600724716,0.750800170868,1.50618192741,0.537674486614,0.632030397715,0.434689733386,1.58564424277,1.11197723441
refine__sobol__0000625__shoulder_elv__m2@@middle_deltoid@@0.00,52.04092476,68.77348722,-38.79392995,54.4533119,79.35458519,9.0013277,-41.22452726,Middle deltoid,DELT2,0,1,usable,Converged with independently replayed constrained generalized-force equilibrium and small reserve torques,505.554027,2.79929532809,2.42581990051e-08,3.18323145621e-12,0.000157842462312,26,1,0.454222498733,0.00067400080983,0.0100006793929,0.0345346670959,0.999999761917,0.010000401262,0.292760046317,0.0100002690864,0.0100005200452,0.0100000518476,0.0100000506535,0.0100001684572,0.0100001387776,0.0100001498623,0.0100002505088,0.0100001987507,0.335620920469,0.327917439739,0.0219744638339,0.0100452380541,0.587070783063,0.0100002971356,0.0100010834366,0.010000326068,0.0100452380541,0.0472060538567,0.0100009358262,0.0100006383638,0.0100003598253,0.0100023346067,0.937208705706,0.179490545177,0.0100021903422,0.0100010296738,0.0100024584208,0.0100062438973,0.0100021162539,0.0100030417511,0.010003300969,0.0100124658007,0.0147627675881,0.0370924444459,0.0837929373435,0.0656308725658,0.0100071269032,0.0101735709645,0.0173027076356,0.048522378436,0.0100580552814,0.0956789354688,553.101156835,0,2.01424507852,16.7440801746,986.964865019,13.0177704179,71.3599217215,1.43854204472,4.41081246332,6.42228975137,4.56890563238,2.67461617131,2.88071326263,1.81982209696,2.01835650476,2.81516221496,225.433655208,215.203715848,1.7225786297,0,220.206823852,1.11985622882,11.7189791575,2.75935276161,0,11.8655106809,1.92916119104,3.40785353832,4.79790394544,0.698556158416,497.668637174,33.9940572601,0.736664482156,1.70786736385,2.49335382961,1.47968682795,2.31210350895,1.70960420216,2.12428523997,1.91586896862,0.561312665171,3.96267519705,7.87920328798,3.12683051885,0.724373208631,0.480624416065,1.34971511025,2.15590039542,1.10112699349,10.1592221789
refine__sobol__0000625__deviation__m2@@brachioradialis@@0.00,52.04092476,70.77348722,-38.79392995,54.4533119,79.35458519,7.0013277,-41.22452726,Brachioradialis,BRD,0,1,usable,Converged with independently replayed constrained generalized-force equilibrium and small reserve torques,506.955565,2.31097527146,3.35082788183e-08,1.95399252334e-12,9.24849950439e-05,22,1,0.376691469211,0.293887457547,0.010000278679,0.0100001344214,0.999999016934,0.0100000649467,0.815013931338,0.0100003322887,0.542915682332,0.0100001912161,0.0100001612187,0.0100001924362,0.0100001485921,0.0100001813896,0.0798034924012,0.0100002314877,0.0100101062318,0.0100102899315,0.0100368850942,0.0100452375339,0.0100087425956,0.0100014600552,0.0422274921465,0.00067407546376,0.0100452375339,0.0791339837571,0.0100023152875,0.0100024075113,0.0100009636239,0.010007002462,0.315340760959,0.0502990475406,0.0100063870579,0.0100031859412,0.010005522024,0.0100119858896,0.0100045335154,0.0100064539397,0.0100068388744,0.0100169016158,0.0100769492053,0.0111129269789,0.0348719775257,0.0279805325248,0.0100150443956,0.0101955553001,0.0114028886897,0.0204756498353,0.0100227813742,0.0358258400002,458.762427043,284.344121122,2.01418547311,4.84386450546,986.560990257,13.0247536763,198.897631082,1.4384077287,239.539818932,6.44189197413,4.59052986879,2.67898074696,2.88934973714,1.82460691762,16.1679099761,2.73325085187,6.72370135278,6.56949380861,0.786791612406,0,3.80480846602,1.07882274827,49.480949085,0,0,19.8511529506,1.92938174144,3.44184117405,4.7978011457,0.704494665488,167.449582774,9.52623270797,0.732160779631,1.70713937179,2.49623155248,1.48489465641,2.30375725841,1.70758407049,2.12506513413,1.92117822236,0.378824293555,1.19130199007,3.28111491938,1.33201495498,0.724661643858,0.481767122687,0.895262165549,0.922443743373,1.11292744903,3.87449172404
refine__sobol__0002761__pro_sup__m5@@pectoralis_major@@0.00,69.66299507,114.79448331,76.3794099,89.90497205,27.59677269,20.57969684,-39.26163663,Pectoralis major,PECM1;PECM2;PECM3,0,1,usable,Converged with independently replayed constrained generalized-force equilibrium and small reserve torques,544.869492,1.0287264057,5.76109044914e-08,2.05346850635e-12,6.23209111446e-05,15,0,0.123487379571,0.428767261329,0.22270816046,0.0100032332587,0.0100003429464,0.0100003880112,0.830418451854,0.0100013665087,0.000673955247024,0.000673955247024,0.000673955247024,0.0100008004235,0.0100006297394,0.010000724154,0.0100009494235,0.0100452377246,0.173925003706,0.170332104328,0.0352888195831,0.0100452377246,0.0899308001645,0.0100005145646,0.010001402228,0.0100015378725,0.0100452377246,0.0513776974488,0.0198056147554,0.0100024882038,0.0100027313619,0.0100067234397,0.0778213187371,0.075909400674,0.0100113883259,0.0100063952078,0.0100108936798,0.0100170269974,0.010014728317,0.0100173291689,0.010015802554,0.010017022033,0.0136760371304,0.0412778151965,0.0379938347897,0.0173244149999,0.0168653274165,0.0124540424297,0.0100999657471,0.0100391671321,0.0100136070184,0.0100219509338,94.6850308527,191.961598752,42.1530762995,1.98975297253,9.98336054098,11.4353558246,221.420633258,1.42351172399,0,0,0,2.7173872816,3.0165763673,1.87949385707,2.07999715093,0,122.997939508,117.968804417,9.26608717307,0,44.990421973,2.65741663707,10.9763436874,2.49487964519,0,12.9250740568,3.75646868776,4.07999291037,4.29153385496,1.00813433684,40.4081479784,20.2824823234,0.711033510362,1.67203868393,2.48867041951,1.4475849657,2.35170966771,1.7236882223,2.12679550733,1.87060597262,0.537751745649,4.33163434305,3.55438523526,0.826053958909,1.22104181887,0.586975490901,0.773704185404,0.394786635545,0.993155694071,0.939426218003
refine__sobol__0002761__pro_sup__m5@@triceps@@0.00,69.66299507,114.79448331,76.3794099,89.90497205,27.59677269,20.57969684,-39.26163663,Triceps,TRIlong;TRIlat;TRImed,0,1,usable,Converged with independently replayed constrained generalized-force equilibrium and small reserve torques,454.800959,1.98937383779,7.22311881418e-08,3.34665628543e-12,0.000231646740949,28,0,0.153988576827,0.37127741675,0.248541097654,0.0100020995679,0.0100003096211,0.010000324074,0.984359399058,0.010001239426,0.0100003438287,0.0100001239639,0.0100001685138,0.0100007198689,0.0100005682414,0.0100006550871,0.0100009281154,0.000673959914066,0.000673959914066,0.000673959914066,0.854015650154,0.0100452378033,0.0100001928374,0.0100001917155,0.0100000501164,0.010000072993,0.0100452378033,0.127220793869,0.116626122512,0.0100005141252,0.0100003252466,0.0100020533501,0.0100000815094,0.0100003711356,0.0100022091073,0.010001156234,0.0302391100045,0.0100242373134,0.0100694287305,0.0101943636855,0.0100137241993,0.0100119444739,0.0100030911608,0.0100012221046,0.0100014699647,0.0100028633553,0.0100066229927,0.0100055458294,0.024090995607,0.022469201785,0.152937107205,0.0941197534067,118.072091271,166.223060804,47.0426042372,1.98952747135,9.9833272729,11.4352827129,262.467050154,1.42349363616,3.99959860232,6.36614701859,4.64654699277,2.71736539353,3.01655781705,1.87948087694,2.07999271926,0,0,0,224.246193402,0,5.00287882175,2.65733084727,10.9748597716,2.49451423175,0,32.0049022055,22.120110021,4.07918768809,4.29050154433,1.00766384545,5.1924688505,2.6720320407,0.710381579575,1.67116326705,7.51732872205,1.44862694632,2.36455469833,1.75415066457,2.12635418119,1.86965777569,0.393328833644,1.04951381122,0.935653833666,0.47695145122,0.724474825657,0.47157460788,1.84548191506,0.883593276332,15.1683962334,8.822490211
refine__sobol__0004077__shoulder_rot__m2@@subscapularis@@0.00,90.14151069,110.66850675,-40.97703542,118.91376112,35.64364769,18.44346637,45.17195712,Subscapularis,SUBSC,0,1,usable,Converged with independently replayed constrained generalized-force equilibrium and small reserve torques,513.323773,1.19740518857,2.71590678835e-08,1.91846538655e-12,0.000329544983643,22,0,0.251984116103,0.38784171871,0.01000104576,0.0100004656978,0.0100138426015,0.000674117305253,0.978219957911,0.0100002818129,0.0100000663621,0.0100000230207,0.0100000318603,0.010000083064,0.0100000737326,0.0100001224643,0.0100001486254,0.0100452376246,0.0693056202294,0.0692454023564,0.0175913729903,0.0100452376246,0.0100000821891,0.0100001131097,0.0100039020714,0.0100132646827,0.0100015978465,0.0100064011503,0.076766718476,0.0100063149751,0.0100452376246,0.0100452369878,0.0538001013412,0.0463607678621,0.0100452376246,0.0100365041472,0.0100075844477,0.0100088995916,0.016687907002,0.0100703918343,0.0100261587137,0.0100078822001,0.0125842583722,0.0262674709904,0.0192815723471,0.0100507063188,0.0200091503116,0.0100271039459,0.0100116730035,0.0100057227357,0.0100018376928,0.0100020818452,202.253245558,376.184224115,1.71201035821,3.78674753774,10.3914250353,0,238.739161023,1.24780134492,4.42283651753,6.54998673845,4.9541131525,2.75859623842,3.00935136158,1.88068792486,2.074945481,0,49.7188760371,49.6324289361,4.98186703357,0,4.94006813907,3.1663469785,8.93931479834,0.38605201963,3.04630292425,1.37253607628,12.3814453238,1.49992906819,0,2.16294670153e-06,19.3288842126,12.1583866334,0,0.5199823527,2.42502435696,1.57396593714,3.76241520929,1.65436091604,1.94263867094,1.89593557016,0.267946729845,1.90366700685,1.17742101473,0.351514443767,0.881939520781,0.217746022347,0.386605915129,0.422874392627,2.00998866932,1.16707454145
refine__sobol__0000603__flexion__m5@@middle_deltoid@@0.00,9.85342476,113.42973722,-41.13767995,109.2970619,6.85458519,23.7669527,34.40047274,Middle deltoid,DELT2,0,0,capacity_limited,At least one muscle reached the conservative capacity threshold while nontrivial reserve torque was still required,467.325499,6.17154361257,2.67364818285e-07,1.01625897742e-06,0.0129023790156,27,4,,,,,,,,,,,,,,,,,,,,,,,,,,,,,,,,,,,,,,,,,,,,,,,,,,,,,,,,,,,,,,,,,,,,,,,,,,,,,,,,,,,,,,,,,,,,,,,,,,,,
refine__sobol__0000673__shoulder_rot__p5@@anterior_deltoid@@0.00,31.65029976,97.68754972,60.54200755,18.3986244,74.97958519,13.78648395,40.80672274,Anterior deltoid,DELT1,0,0,reserve_too_high,The posture requires more reserve torque than the quality limit permits,417.824906,58.9666908927,5.51855841024e-08,1.72948493748e-06,0.134223233018,29,1,,,,,,,,,,,,,,,,,,,,,,,,,,,,,,,,,,,,,,,,,,,,,,,,,,,,,,,,,,,,,,,,,,,,,,,,,,,,,,,,,,,,,,,,,,,,,,,,,,,,
refine__sobol__0001711__flexion__m5@@supraspinatus@@0.00,-47.18759087,105.74907316,38.18360911,69.37030409,-34.16103981,17.0506441,22.62312899,Supraspinatus,SUPSP,0,1,usable,Converged with independently replayed constrained generalized-force equilibrium and small reserve torques,461.682425,2.10960969076,2.59019721227e-08,2.51532128459e-12,0.000143680567496,19,1,0.520835021582,0.999992660428,0.0100004215048,0.000673932036565,0.0100002332422,0.498041447829,0.0100452379196,0.0100005664834,0.0100002297946,0.0100000682846,0.0100000917117,0.0100005775385,0.0100002129257,0.0100002533748,0.0100008905627,0.0425105188656,0.383546026975,0.375283166681,0.0641768672002,0.010001513505,0.429317993451,0.0100008134659,0.010000720344,0.0100022648406,0.0100076438779,0.0331915762768,0.0809227504033,0.010003789602,0.0100048847555,0.0100089025492,0.27778592854,0.140255443076,0.0100127898952,0.0100078673771,0.0100223219946,0.0100289623839,0.0100162962895,0.0100197772244,0.0100218684511,0.0100202823535,0.0105579827434,0.0469018770463,0.035352406712,0.0197241823,0.0190709287907,0.0106772491497,0.0100485561604,0.0100353563987,0.010010507445,0.0100164321184,232.268307571,247.51379443,1.81956523714,0,2.49847955233,576.561177018,0,1.39722265151,4.14712181733,5.18973198855,4.91621570487,2.50426870042,2.79863782915,1.8218483443,0.54679824364,14.1492439335,263.609691743,252.37387331,12.8844574824,3.69594760001,160.971992976,0.809253815527,11.4527453477,2.72562351567,3.37362366886,7.1357762401,15.4106439003,3.90936215399,2.10375925849,0.942847979859,145.552040792,39.034204766,0.622856034469,1.58998590279,2.57933554362,1.62964414342,2.36120598068,1.72175899541,2.04338114265,1.97664263561,0.259352393234,4.23693455984,2.66055782588,0.830613062452,1.08776856048,0.341270016181,0.554177806023,0.428385592064,1.98023071414,1.16088929701
refine__sobol__0002303__shoulder_rot__p2@@triceps@@0.00,-51.09872368,96.64018644,-29.57957448,101.96551893,-71.62197731,15.62364215,40.07430087,Triceps,TRIlong;TRIlat;TRImed,0,0,solver_failed,The static optimization solver did not converge,1461.647623,,5.26560484104e-08,,,0,0,,,,,,,,,,,,,,,,,,,,,,,,,,,,,,,,,,,,,,,,,,,,,,,,,,,,,,,,,,,,,,,,,,,,,,,,,,,,,,,,,,,,,,,,,,,,,,,,,,,,
refine__sobol__0004077__shoulder_elv__m5@@middle_deltoid@@0.00,90.14151069,105.66850675,-38.97703542,118.91376112,35.64364769,18.44346637,45.17195712,Middle deltoid,DELT2,0,0,solver_failed,The static optimization solver did not converge,859.578094,,3.81416640494e-08,,,0,0,,,,,,,,,,,,,,,,,,,,,,,,,,,,,,,,,,,,,,,,,,,,,,,,,,,,,,,,,,,,,,,,,,,,,,,,,,,,,,,,,,,,,,,,,,,,,,,,,,,,
refine__sobol__0000463__elv_angle__m2@@triceps@@0.00,-44.35360649,88.16606534,77.66114818,12.43182752,74.51083519,-8.80628949,-44.15421476,Triceps,TRIlong;TRIlat;TRImed,0,0,solver_failed,The static optimization solver did not converge,1355.991772,,2.43801578037e-07,,,0,0,,,,,,,,,,,,,,,,,,,,,,,,,,,,,,,,,,,,,,,,,,,,,,,,,,,,,,,,,,,,,,,,,,,,,,,,,,,,,,,,,,,,,,,,,,,,,,,,,,,,
refine__sobol__0000625__shoulder_rot__m2@@latissimus_dorsi@@0.00,52.04092476,70.77348722,-40.79392995,54.4533119,79.35458519,9.0013277,-41.22452726,Latissimus dorsi,LAT1;LAT2;LAT3,0,1,usable,Converged with independently replayed constrained generalized-force equilibrium and small reserve torques,459.188988,5.07222918012,2.69392472774e-08,8.39967659871e-08,0.00120554337217,22,4,0.265532556477,0.536910835353,0.010000011928,0.0100000010561,0.999999951216,0.01,0.999999950002,0.0100000186728,0.999999960809,0.0100000117815,0.0100000066798,0.000673959622114,0.000673959622114,0.000673959622114,0.999999679446,0.0100000099811,0.197849985424,0.193308869433,0.0130789013533,0.0100452376639,0.344403067685,0.0100002074169,0.010001814285,0.0100004773095,0.0100452376639,0.0608818705151,0.0100011982318,0.0100009060691,0.0100004711977,0.0100031875657,0.687598872054,0.128380766367,0.0100029335233,0.0100013969972,0.0100031542586,0.0100077770888,0.0100026448482,0.0100038027706,0.0100041156142,0.0100141770179,0.0104975284102,0.0243955798714,0.0630274857687,0.0506338933336,0.0100086510818,0.0101512578989,0.0163962486024,0.0391778973749,0.0100429086417,0.0763944032085,323.174299006,520.409169467,2.01411960617,4.84873022175,982.604637658,12.9945443545,242.734339189,1.43828553146,441.7744982,6.45062749425,4.59604942508,0,0,0,202.685471106,2.72243150301,132.894115584,126.863600306,1.02525532108,0,130.851516277,1.0668257378,11.7198355444,2.75939449311,0,15.3030051412,1.92921180857,3.40794476259,4.79795737891,0.698615728478,365.122935258,24.3142786086,0.736719217672,1.70793009135,2.49352728391,1.4799135507,2.31222569952,1.70973426681,2.12445823675,1.91619640722,0.399138956464,2.6062385674,5.92658986359,2.41233426851,0.724483537417,0.479570292186,1.27900586178,1.74071525689,1.09946878287,8.11158393053
refine__sobol__0001711__pro_sup__m5@@middle_deltoid@@0.00,-47.18759087,105.74907316,38.18360911,69.37030409,-39.16103981,17.0506441,27.62312899,Middle deltoid,DELT2,0,0,reserve_too_high,The posture requires more reserve torque than the quality limit permits,419.764568,654.745893411,2.70601425711e-08,1.65736798063e-06,0.377150932206,20,2,,,,,,,,,,,,,,,,,,,,,,,,,,,,,,,,,,,,,,,,,,,,,,,,,,,,,,,,,,,,,,,,,,,,,,,,,,,,,,,,,,,,,,,,,,,,,,,,,,,,
refine__sobol__0001711__elv_angle__p5@@latissimus_dorsi@@0.00,-42.18759087,105.74907316,38.18360911,69.37030409,-34.16103981,17.0506441,27.62312899,Latissimus dorsi,LAT1;LAT2;LAT3,0,0,solver_failed,The static optimization solver did not converge,2323.680238,,3.77958073727e-08,,,0,0,,,,,,,,,,,,,,,,,,,,,,,,,,,,,,,,,,,,,,,,,,,,,,,,,,,,,,,,,,,,,,,,,,,,,,,,,,,,,,,,,,,,,,,,,,,,,,,,,,,,
refine__sobol__0001711__shoulder_elv__m2@@infraspinatus@@0.00,-47.18759087,103.74907316,38.18360911,69.37030409,-34.16103981,17.0506441,27.62312899,Infraspinatus,INFSP,0,1,usable,Converged with independently replayed constrained generalized-force equilibrium and small reserve torques,479.336909,2.132018951,1.24302879101e-08,1.20081722343e-12,0.000169780966965,20,1,0.494302441011,0.999999032756,0.010000380885,0.0100006306362,0.000673977282742,0.517441396286,0.0100452377753,0.0100004789263,0.0100001819579,0.0100000547373,0.0100000730456,0.0100004913651,0.0100001780956,0.0100002095638,0.0100006922688,0.0680467873404,0.383635150565,0.375370210982,0.0641917967999,0.0100014783445,0.450445246275,0.0100006625083,0.010000720178,0.0100023425981,0.0100062956893,0.0258863952735,0.0876196207417,0.010003641036,0.0100067778873,0.0100088458453,0.289130115093,0.143683748011,0.010013994599,0.010007974501,0.0100186084286,0.0100238564705,0.0100163722186,0.0100191816149,0.0100200005197,0.0100170919522,0.0107086721752,0.046494828022,0.0350195395073,0.0189493633819,0.0200813701595,0.0103203178833,0.0100380150517,0.0100271304916,0.0100079201956,0.0100114048581,206.457705893,280.106170444,1.80181347685,1.88855765612,0,597.232921885,0,1.39001743529,4.18321239631,5.30181905428,4.94116241279,2.48405278973,2.7720828551,1.81524911961,0.590350981667,23.6254807296,263.670946041,252.432409662,12.8874548218,3.69593460677,166.844884197,0.84321681986,11.4527451575,2.72564470461,3.37058209951,5.33762721555,16.482292571,3.86886405267,1.66803382555,0.927956850483,151.496076589,39.9883292817,0.554145207056,1.57380706484,2.55808506402,1.62874603484,2.34716490199,1.71092178865,2.02856934693,1.97418186017,0.250820917032,3.98470560714,2.52513838118,0.765148030493,1.10508122901,0.307310631134,0.532372137053,0.42903986815,2.00456871946,1.16470385375
refine__sobol__0003073__elbow_flexion__p2@@teres_minor@@0.00,39.69229194,81.85014738,-55.82273854,87.01727674,19.23739769,-6.67860394,5.44539462,Teres minor,TMIN,0,0,solver_failed,The static optimization solver did not converge,1382.903401,,8.58938280501e-08,,,0,0,,,,,,,,,,,,,,,,,,,,,,,,,,,,,,,,,,,,,,,,,,,,,,,,,,,,,,,,,,,,,,,,,,,,,,,,,,,,,,,,,,,,,,,,,,,,,,,,,,,,
refine__sobol__0000625__shoulder_rot__p2@@coracobrachialis@@0.00,52.04092476,70.77348722,-36.79392995,54.4533119,79.35458519,9.0013277,-41.22452726,Coracobrachialis,CORB,0,1,usable,Converged with independently replayed constrained generalized-force equilibrium and small reserve torques,614.45751,1.29416534841,6.26192715458e-08,1.37919728309e-12,4.63379516124e-05,23,0,0.390542782894,0.197463528085,0.0100006928666,0.0100003400447,0.896939985674,0.0100001544572,0.392306815893,0.0100007622858,0.141772634016,0.0100003822758,0.0100003420604,0.0100004473967,0.0100003513245,0.0100004258351,0.000673973993636,0.0100005435094,0.0100127474336,0.0100129614138,0.0100387948778,0.0100452377522,0.0100025904516,0.0100020781496,0.0309869154141,0.0100015366425,0.0100452377522,0.0785420037598,0.010002191936,0.0100022800255,0.010000910547,0.0100068089416,0.325928571248,0.0527030073585,0.0100060283422,0.0100030078011,0.0100052291309,0.0100113772779,0.0100042915974,0.0100061074305,0.0100064191934,0.0100157220752,0.0100728310623,0.0111258458735,0.0347468460621,0.0285527195873,0.0100141089362,0.0101735551021,0.0143724197384,0.0226918560872,0.0100251133528,0.0414034545997,475.710588798,190.69359445,2.01427987013,4.83885581024,888.43427956,13.0432659962,96.2226518936,1.43853115654,62.463999477,6.43292844621,4.58480512859,2.67748912667,2.88723764198,1.82358958911,0,2.74315320511,6.72547542448,6.57124703257,0.786941315955,0,3.80459047597,1.09091280379,36.3095676786,2.75968679093,0,19.741980285,1.92940349219,3.4084129583,4.79816816693,0.698868643392,173.071832227,9.98152325101,0.736947152158,1.70820516701,2.49404449643,1.48044593396,2.31260636469,1.71012815273,2.1249474212,1.91649205177,0.382991035618,1.18860091735,3.26730954231,1.36032802125,0.724878608198,0.480623666705,1.12113505567,1.00822307351,1.09752060691,4.39623300936
refine__sobol__0001262__elv_angle__p5@@teres_major@@0.00,49.74600288,60.17290128,-58.93553151,17.95428846,-63.69228981,12.84654254,-53.58780851,Teres major,TMAJ,0,1,usable,Converged with independently replayed constrained generalized-force equilibrium and small reserve torques,624.420811,0.19315978017,1.74567347244e-08,2.0251819205e-13,1.83198178119e-05,15,0,0.155711920451,0.29891886458,0.0100302614619,0.0228494640584,0.158012230552,0.0100031437441,0.033179743187,0.000673816568609,0.0100043360992,0.0100013774764,0.0100013325354,0.0100040168272,0.0100035530596,0.0100037601583,0.0100048934911,0.0100016192669,0.010003091415,0.0100037295525,0.0100452376804,0.0100037839154,0.0889342412006,0.0100053154955,0.130450438649,0.0647342248466,0.0100452376804,0.0579162960321,0.0100051692409,0.0759285050753,0.0100059530459,0.0112043826382,0.0874538738624,0.0362042893869,0.0101644813442,0.025504202813,0.0230412875842,0.0168901648486,0.0100220863036,0.0100367465544,0.010184587544,0.0170650658437,0.0100217146886,0.0100117497551,0.0100201430715,0.0100525561079,0.0100142855468,0.0100365999377,0.0100787105968,0.0131119711493,0.0101207642369,0.0264372915109,188.918523635,299.987990311,2.01789377156,11.0688246391,146.450532297,11.7320027174,6.75357094864,0,4.43991965217,6.44708644496,4.5492960929,2.6701280828,2.86174000793,1.80880582516,2.00601742679,4.78104631891,5.89826004145,4.81829641748,0,3.47204976265,39.1495332557,1.5662494935,153.390221466,15.7462273822,0,14.1421161335,1.84703597835,13.5282341779,4.33209421949,0.288551668453,17.59419233,8.89235808567,0.484755591476,3.40253078135,4.63144033557,1.97259817365,2.0677306881,1.54870782372,2.15734518222,2.69586084381,0.393180048853,0.975660092492,0.880908216863,0.449552535521,0.705837914741,0.461694984532,0.887210617928,0.555829302522,0.854803014927,2.58313230086
refine__sobol__0001711__elbow_flexion__m2@@brachialis@@0.00,-47.18759087,105.74907316,38.18360911,67.37030409,-34.16103981,17.0506441,27.62312899,Brachialis,BRA,0,1,usable,Converged with independently replayed constrained generalized-force equilibrium and small reserve torques,489.681117,2.145798882,5.13966682547e-08,3.48165940522e-12,0.000146634080788,20,1,0.526389626268,0.999994474045,0.0100004134413,0.0100008651497,0.0100002279417,0.505892152213,0.0100452378763,0.0100005558781,0.0100002252465,0.0100000667317,0.0100000897089,0.0100005670043,0.0100002086102,0.0100002482501,0.0100008731881,0.0388136207914,0.377361024086,0.369198962401,0.0583444526536,0.0100014850431,0.455524950684,0.0100008816095,0.000673972693242,0.0100025096049,0.0100076712791,0.0300476480407,0.0891209366344,0.0100034872162,0.0100060756052,0.0100085312617,0.290492831638,0.143018294186,0.0100132552219,0.0100075997372,0.0100145667516,0.0100195716976,0.01001368124,0.0100163557946,0.0100164757884,0.0100147486201,0.0109364944647,0.0486284908852,0.0366223338379,0.019995122267,0.0209461618764,0.0105308011595,0.0100413522659,0.0100279943535,0.0100079173478,0.0100116476146,234.745404364,247.514242825,1.81956377018,1.84547537701,2.49847822951,585.64960004,0,1.39722116989,4.14711993069,5.18973118138,4.91621471985,2.50426606277,2.79863662169,1.82184741076,0.546797293213,13.2299702949,258.605733635,247.539958326,10.8127758141,3.69593708199,164.799047639,0.739594699474,0,2.73977751975,3.36553880842,6.19220079227,16.8174602791,3.88249317408,1.80552054067,0.932035735618,149.627130931,39.8031281893,0.578637301066,1.57833683813,2.55705308888,1.62804981509,2.34653431727,1.71043923843,2.02785575788,1.97372003313,0.257079791637,4.18589247958,2.65040572292,0.80945565909,1.15821502417,0.313578243028,0.532549128191,0.429076831082,2.00456814918,1.16473209553
refine__sobol__0001262__pro_sup__p2@@latissimus_dorsi@@0.00,44.74600288,60.17290128,-58.93553151,17.95428846,-61.69228981,12.84654254,-53.58780851,Latissimus dorsi,LAT1;LAT2;LAT3,0,1,usable,Converged with independently replayed constrained generalized-force equilibrium and small reserve torques,532.407238,3.26255235684,2.07855421763e-08,8.9315221885e-12,0.000259425545505,9,2,0.0123072757856,0.649394098487,0.0100000875902,0.0100000522252,0.276348393431,0.0100000309747,0.999998038266,0.0100001277831,0.999999767009,0.0100003014384,0.010000120514,0.000673963491423,0.000673963491423,0.000673963491423,0.777034906538,0.0100000387788,0.0222812218406,0.0182253421261,0.0100452376717,0.0100012813609,0.232966666626,0.0100013475906,0.0100145287565,0.087601405143,0.0100452376717,0.109558511978,0.0101224243541,0.107507699705,0.0110330779094,0.0160805243364,0.220841561229,0.116692787755,0.019550818445,0.0590593367123,0.044624544191,0.0260975192136,0.0117936360349,0.0138979060974,0.0276757743924,0.0209424920845,0.0100925424752,0.0147864681342,0.0232926807081,0.0158760095182,0.0101109386719,0.0102686364954,0.010087916406,0.0101244695672,0.010018360449,0.0100711053594,11.7612022634,646.368635074,2.00250750373,4.77391957378,253.081378786,12.0250123965,208.048512843,1.43858606917,443.873405041,6.48470633553,4.58402069683,0,0,0,157.428804292,4.86433028891,13.1379825476,8.77823617543,0,3.48602236462,104.576634441,1.46985268927,11.7755892562,21.3348331759,0,26.7457070932,1.86767433818,19.4214801971,4.80015219607,0.425523458855,45.9401668236,28.9094387253,0.942111673991,7.9268967738,9.00042797398,3.05748954324,2.43789180404,2.14852011398,5.86357071079,3.31540165157,0.395977028292,1.44108891103,2.0478913388,0.7100300125,0.71262979243,0.472391238271,0.887926646785,0.429186183679,0.846153958014,0.98402658038
refine__sobol__0001262__shoulder_elv__p5@@teres_major@@0.00,44.74600288,65.17290128,-58.93553151,17.95428846,-63.69228981,12.84654254,-53.58780851,Teres major,TMAJ,0,0,reserve_too_high,The posture requires more reserve torque than the quality limit permits,417.707104,1219.49283355,1.93467499798e-08,1.75400737135e-06,0.490294917323,14,5,,,,,,,,,,,,,,,,,,,,,,,,,,,,,,,,,,,,,,,,,,,,,,,,,,,,,,,,,,,,,,,,,,,,,,,,,,,,,,,,,,,,,,,,,,,,,,,,,,,,
refine__sobol__0003073__pro_sup__p5@@infraspinatus@@0.00,39.69229194,81.85014738,-55.82273854,85.01727674,24.23739769,-6.67860394,5.44539462,Infraspinatus,INFSP,0,1,usable,Converged with independently replayed constrained generalized-force equilibrium and small reserve torques,394.474844,4.54676520503,7.94733736598e-08,6.00024968415e-12,0.000293341322572,21,1,0.010000026627,0.398329027918,0.0100000717493,0.0100000262244,0.000673965029901,0.0100000162009,0.99999975545,0.0100000967756,0.724343623455,0.0100000630468,0.0100000666851,0.0100000521648,0.0100000388708,0.0100000523118,0.530326380582,0.0100001271472,0.785367330492,0.768903028509,0.156199619325,0.0100452377879,0.705211407587,0.0100001961216,0.0100003145744,0.0100003422728,0.0100010011735,0.0232066797188,0.0100157637184,0.0100008579632,0.0100007547405,0.0100024022961,0.756475155961,0.506964080723,0.0100036547687,0.0100019678273,0.0100179434419,0.010215953822,0.0100101461432,0.0100138708863,0.0100354212778,0.013767757185,0.0200683464145,0.0925701881476,0.0837215136184,0.0487762614076,0.0122026529278,0.0164182762565,0.0100179511671,0.0100303583956,0.0100053168883,0.0100113713381,11.0374641568,314.870161137,1.9999975817,4.65598301305,0,12.9837775646,235.972575012,1.43267182071,321.533579954,6.57080103487,4.81934302173,2.70125061849,2.93072770869,1.85030662335,110.315733465,1.21701413423,551.737889307,528.847193374,40.269389002,0,358.455114994,2.1163268175,11.096791523,2.54864506503,3.15515374297,5.84418572233,1.44550860827,3.7721968723,4.29150693073,0.927762774532,399.362485226,136.498103275,0.665028814831,1.60124928933,2.58716825182,1.66002873374,2.37025651439,1.73107381019,2.06478969965,2.71556810249,0.456551882959,8.62669931894,6.82918937868,2.34331923128,0.613183756188,0.672910873566,0.712404970099,0.46123125033,1.99461873266,1.165303563
refine__sobol__0001262__flexion__p5@@biceps@@0.00,44.74600288,60.17290128,-58.93553151,17.95428846,-63.69228981,12.84654254,-48.58780851,Biceps,BIClong;BICshort,0,1,usable,Converged with independently replayed constrained generalized-force equilibrium and small reserve torques,419.518621,4.07044302106,1.40600562304e-08,2.21689333557e-12,0.000832187246171,16,3,0.133750966761,0.731469748903,0.0100000206382,0.010000009387,0.67048359799,0.0100000027478,0.999999855503,0.0100000341115,0.999999955507,0.0100001200906,0.0100000358095,0.0100000162194,0.0100000109319,0.0100000159296,0.999999758225,0.0100000054311,0.0100018527032,0.0100022495808,0.010045238817,0.0287458537071,0.000673969417163,0.000673969417163,0.223553505738,0.0481058197765,0.010045238817,0.0403676391235,0.0100029013692,0.0601318046079,0.0100028358187,0.0102893597438,0.0134893015093,0.0100251582087,0.0100384492074,0.0100482623759,0.010124429472,0.0106708212963,0.0100114710591,0.0100176270575,0.0100252805858,0.013815831414,0.0100150642449,0.0100071022889,0.0100109432418,0.0100290549026,0.0100091775694,0.0100254667986,0.0101778763966,0.0195025340517,0.0208020717784,0.0452883908194,127.816439687,728.061903106,2.00249409667,4.77389912335,614.032567141,12.0249784537,208.048890927,1.43857259387,443.87348871,6.48458874021,4.5839818684,2.66500362156,2.8522857333,1.80500424061,202.601922899,4.86431406716,5.89752964284,4.81758358916,0,9.97692826872,0,0,262.865515132,11.7014636138,0,9.96195248751,1.84918013606,11.5625889394,4.50229989167,0.317748232929,2.71381191772,2.46234073821,0.50595943517,1.38431513188,2.10162461678,1.2856527541,2.10797028466,1.57559883013,2.1268247057,2.23946800681,0.39439474263,0.99176268441,0.890126982651,0.453673858786,0.710892388819,0.465811108706,0.892422863613,0.830525823235,1.93550107603,4.50517933286
refine__sobol__0002303__shoulder_rot__m2@@brachialis@@0.00,-51.09872368,96.64018644,-33.57957448,101.96551893,-71.62197731,15.62364215,40.07430087,Brachialis,BRA,0,1,usable,Converged with independently replayed constrained generalized-force equilibrium and small reserve torques,397.887888,2.73769457235,2.07821244658e-08,2.22399876293e-12,0.000335380570469,32,1,0.871569553029,0.999999639155,0.0100004941582,0.0100000638647,0.0100000369596,0.0100000533159,0.0100004857041,0.0100007088141,0.01000004578,0.0100000245751,0.0100000342785,0.323945884783,0.0100002221257,0.0100001705381,0.0100001636621,0.582171418062,0.0100003642311,0.0100003705681,0.0100016602015,0.682446952749,0.0100000542564,0.0100002361162,0.00067397601759,0.229965728474,0.0100109605532,0.0100090214899,0.0589349164222,0.0100006539824,0.0100452377534,0.0100030104665,0.0100010058953,0.0100021647813,0.0100299723355,0.0100026463842,0.0100009728168,0.0100014813524,0.0100018806149,0.0100022192279,0.0100016813248,0.0100015258005,0.0216253766316,0.0587474369115,0.0396318993948,0.0128476910455,0.0461714194229,0.0101173236223,0.0100117717545,0.0100042963594,0.0100011969982,0.0100014598931,363.768856693,265.525983206,1.31670435929,4.99146685581,8.55408499449,12.4466005197,2.69390018651,1.37905348008,4.05217101506,5.44101578591,4.93080609244,80.6866738886,2.62762958536,1.79805024727,1.7932405196,237.425086285,7.1633649429,7.04309864724,2.7377696571,232.407248667,5.24874472594,2.35627016672,0,57.6878779689,3.33079659127,1.84057896534,9.50314362129,3.61386545738,0,0.614345868895,5.53442396858,2.37860745161,0.0569639298422,1.35821785155,2.52395945502,1.62335834867,2.31946706137,1.69022180942,2.00331725749,1.95571895137,0.434991547406,4.12585712842,2.44317441247,0.454719830434,2.16894449105,0.249719095667,0.509666347823,0.438504143672,2.01008965467,1.16710329047
refine__sobol__0002303__shoulder_elv__p5@@triceps@@0.00,-51.09872368,101.64018644,-31.57957448,101.96551893,-71.62197731,15.62364215,40.07430087,Triceps,TRIlong;TRIlat;TRImed,0,0,solver_failed,The static optimization solver did not converge,1973.903676,,2.00112157955e-08,,,0,0,,,,,,,,,,,,,,,,,,,,,,,,,,,,,,,,,,,,,,,,,,,,,,,,,,,,,,,,,,,,,,,,,,,,,,,,,,,,,,,,,,,,,,,,,,,,,,,,,,,,
refine__sobol__0000673__deviation__m5@@supraspinatus@@0.00,31.65029976,97.68754972,55.54200755,18.3986244,74.97958519,8.78648395,40.80672274,Supraspinatus,SUPSP,0,1,usable,Converged with independently replayed constrained generalized-force equilibrium and small reserve torques,544.857057,1.10590905545,2.18801972096e-08,3.07162403287e-12,3.41394037053e-05,27,0,0.0483600081454,0.989387636045,0.11428377198,0.000674264826386,0.118558182906,0.0100006305618,0.0100022620637,0.0100018531221,0.0100024471866,0.0100002974446,0.0100002919733,0.0100013229732,0.0100009535994,0.0100009504194,0.0100006715967,0.0100028342845,0.101497249172,0.0831960581629,0.0100452386576,0.0100452386576,0.0100010405334,0.0100223749012,0.0100042525306,0.0100059709424,0.018469341355,0.0741535234945,0.0891823548104,0.0100006500877,0.0100009830582,0.0100021148614,0.200721673909,0.0461577686006,0.0100035027566,0.0100015733453,0.0100011908142,0.0100018406137,0.0100016606126,0.0100021030057,0.0100017374156,0.0100018051771,0.0206919204509,0.0995973079051,0.0778531976887,0.0429888984027,0.0456187112075,0.0233229847735,0.0116383586494,0.0100135541819,0.0100025294496,0.010003918426,58.6967529405,403.651649467,23.019179518,0,124.116467294,11.5079845642,2.58088789735,1.43876403425,4.23713903851,6.38143074294,4.61967137301,2.64701611985,2.88584260803,1.82724659742,2.02913319389,3.59482366105,60.1637764759,40.4223764655,0,0,1.80245068545,0.0293622138322,11.7649997607,2.41200789034,4.30711170046,10.3520904058,16.3475293655,4.00838673388,3.97938770293,0.948613865805,111.834958356,9.09593438584,0.688941359654,1.61817838471,2.42134971643,1.56717381394,2.2645535223,1.64849711278,1.93948816281,1.8839365583,0.442401850156,7.93770791986,5.20701153369,1.62896404339,2.47021028509,0.563480336231,0.509294307033,0.459744586295,1.99142707202,1.16483033497
refine__sobol__0000463__pro_sup__m5@@infraspinatus@@0.00,-42.35360649,88.16606534,77.66114818,12.43182752,69.51083519,-8.80628949,-44.15421476,Infraspinatus,INFSP,0,1,usable,Converged with independently replayed constrained generalized-force equilibrium and small reserve torques,613.211966,1.96526157126,2.33813810979e-07,1.91135995919e-12,6.79961944738e-05,23,0,0.0100017565037,0.374101683623,0.0100022807982,0.664037210802,0.000673974153303,0.010000080487,0.0100452377001,0.0100007785125,0.720723070777,0.010000126169,0.0100001663622,0.0100005122854,0.0100006998026,0.0100003877138,0.0100009047113,0.096707766275,0.21062269912,0.165837079655,0.0100452377001,0.0100452377001,0.247163794766,0.0100452377001,0.0100020236155,0.010004605865,0.0100452377001,0.623201101915,0.0100005141725,0.3326801011,0.0100003410519,0.0100199988393,0.289084161433,0.0864383004205,0.0100057253334,0.010002872747,0.160449427902,0.168743162505,0.0100025148619,0.0100076918122,0.0837978490227,0.244293574096,0.0100054510306,0.0100015942404,0.010026433836,0.0270252882284,0.0100033755858,0.0535406790462,0.0100032410277,0.0442196255622,0.0100045019326,0.0548561706728,2.1369077971,261.449407486,1.65951816969,121.895360104,0,12.124636905,0,1.35203613209,280.865094284,5.92180291833,4.97254832182,2.32963981362,0.569410522004,1.78012851176,1.1583813973,62.9533701645,114.80682699,71.1734316525,0,0,14.6686499022,0,11.7294343342,2.3736825438,0,153.751621969,1.91610839628,94.6511201337,3.20572917074,0.536925393072,161.068634962,18.091933031,0.50981529118,1.45558583435,40.2616956773,25.6009757612,2.20189037166,1.67699314606,17.7964775113,47.6016470746,0.385340841609,1.0612567493,0.918574103419,1.23374136474,0.72420370227,2.51833420568,0.776858862549,2.03380801041,1.05852844012,6.30703843762
refine__sobol__0001711__deviation__p2@@anterior_deltoid@@0.00,-47.18759087,105.74907316,38.18360911,69.37030409,-34.16103981,19.0506441,27.62312899,Anterior deltoid,DELT1,0,0,solver_failed,The static optimization solver did not converge,3388.147008,,4.08388594053e-08,,,0,0,,,,,,,,,,,,,,,,,,,,,,,,,,,,,,,,,,,,,,,,,,,,,,,,,,,,,,,,,,,,,,,,,,,,,,,,,,,,,,,,,,,,,,,,,,,,,,,,,,,,
refine__sobol__0000673__deviation__m5@@latissimus_dorsi@@0.00,31.65029976,97.68754972,55.54200755,18.3986244,74.97958519,8.78648395,40.80672274,Latissimus dorsi,LAT1;LAT2;LAT3,0,1,usable,Converged with independently replayed constrained generalized-force equilibrium and small reserve torques,439.837277,1.08633650557,2.14789821484e-08,1.38025623461e-12,3.38375114984e-05,25,0,0.045470849657,0.980847888329,0.112616950128,0.0100015537498,0.110260056262,0.0100006372139,0.0100022630785,0.0100018732687,0.0100024644033,0.0100003005186,0.0100002950696,0.000673996915768,0.000673996915768,0.000673996915768,0.0100006775857,0.010002845342,0.101497264673,0.0831959567691,0.0100452377403,0.0100452377403,0.0100010458757,0.010022456751,0.0100042525334,0.0100059709443,0.018469199269,0.0741536345483,0.089182326473,0.0100006500875,0.0100009830577,0.0100021148607,0.200721555541,0.046158193791,0.0100035027556,0.0100015733448,0.0100011908137,0.0100018406128,0.0100016606119,0.0100021030047,0.0100017374148,0.0100018051762,0.0206918367337,0.0995973303158,0.0778532820228,0.0429893614345,0.0456182183498,0.0233232051953,0.0116382005752,0.0100135541578,0.0100025294485,0.010003918424,55.1900491873,400.167591988,22.683446187,4.4544205277,115.429305109,11.5079922191,2.58088815925,1.43876693235,4.23714633163,6.38143270457,4.61967280344,0,0,0,2.02913440903,3.5948276343,60.1637856687,40.4223272062,0,0,1.80245164851,0.0293624535961,11.764999764,2.41200789083,4.30707856635,10.3521059138,16.3475241723,4.00838673407,3.97938770502,0.948613865833,111.834892406,9.09601817401,0.688941359664,1.61817838475,2.42134971648,1.56717381391,2.26455352226,1.64849711272,1.93948816279,1.88393655825,0.442400060367,7.93770970846,5.20701717555,1.62898158933,2.4701835978,0.563485661914,0.50928738985,0.459744585189,1.99142707194,1.16483033476
refine__sobol__0001262__pro_sup__m5@@biceps@@0.00,44.74600288,60.17290128,-58.93553151,17.95428846,-68.69228981,12.84654254,-53.58780851,Biceps,BIClong;BICshort,0,1,usable,Converged with independently replayed constrained generalized-force equilibrium and small reserve torques,415.429033,4.06219233735,6.01893361818e-08,5.44619311844e-12,0.000822455743683,17,3,0.131228491706,0.731564037043,0.0100000209993,0.0100000096165,0.664154667069,0.0100000028988,0.999999853047,0.0100000346256,0.999999954777,0.0100001213377,0.0100000363134,0.0100000165255,0.0100000111765,0.0100000162318,0.999999753274,0.0100000056091,0.0100018349543,0.0100022282444,0.0100452380532,0.0377252278065,0.000674030134188,0.000674030134188,0.225795941798,0.0438126663788,0.0100452380532,0.0358763947457,0.0100026841148,0.056243168531,0.0100026340118,0.0101478801675,0.0101865674354,0.0100224184097,0.0100347254316,0.0100361754804,0.0101972941109,0.0119035838717,0.0100104546123,0.010016305721,0.0100238511221,0.0159048994054,0.0100137488911,0.0100064053876,0.0100098801398,0.010028681581,0.010008325188,0.0100231922552,0.0101035487547,0.0210766766056,0.0210112122805,0.0485167689121,125.405886959,728.155751884,2.00249416916,4.77389923341,608.236497689,12.024978639,208.04889062,1.43857266783,443.873488386,6.48458954892,4.58398209967,2.66500370328,2.8522858034,1.80500429532,202.601921901,4.86431415153,5.89751917593,4.81757331066,0,12.9449965366,0,0,265.502284829,10.6211306473,0,8.76652140627,1.84919593654,9.67150082266,4.27704091804,0.243365242165,1.87782371072,2.41121417211,0.466022255968,1.31861621832,2.03290793495,1.37985328913,2.05581623108,1.53857009525,2.12218140904,2.5001637296,0.392827900283,0.974985622286,0.879888026795,0.448421567952,0.705487229274,0.461028487051,0.889584397306,0.893460969529,1.77461377261,4.74047172504
refine__sobol__0001262__flexion__m5@@middle_deltoid@@0.00,44.74600288,60.17290128,-58.93553151,17.95428846,-63.69228981,12.84654254,-58.58780851,Middle deltoid,DELT2,0,0,solver_failed,The static optimization solver did not converge,971.077227,,2.37747599385e-08,,,0,0,,,,,,,,,,,,,,,,,,,,,,,,,,,,,,,,,,,,,,,,,,,,,,,,,,,,,,,,,,,,,,,,,,,,,,,,,,,,,,,,,,,,,,,,,,,,,,,,,,,,
refine__sobol__0004077__flexion__m2@@subscapularis@@0.00,90.14151069,110.66850675,-38.97703542,118.91376112,35.64364769,18.44346637,43.17195712,Subscapularis,SUBSC,0,1,usable,Converged with independently replayed constrained generalized-force equilibrium and small reserve torques,496.582062,0.820443942597,3.40340946536e-08,1.64878358447e-12,0.000222343803844,22,0,0.264666371729,0.398568465401,0.0100015896216,0.010000513414,0.0843995491987,0.000673956858672,0.747167973906,0.0100004082927,0.01000009958,0.0100000369125,0.010000049534,0.0100001278806,0.0100001114256,0.0100001787495,0.010000213847,0.0100452378638,0.0708967457162,0.0708350293502,0.0179909989617,0.0100452378638,0.0100001214023,0.0100001571139,0.010003821668,0.0100131003623,0.0100017017711,0.0100068811445,0.0735682303901,0.0100061307555,0.0100452378638,0.010045055544,0.0534982093091,0.0465304614087,0.0100452378638,0.0100350226667,0.0100083045212,0.01000969899,0.0160653426918,0.0100719182975,0.010027961158,0.0100086364223,0.0120783049386,0.0260022865431,0.0186480914501,0.0100532223432,0.0190096118524,0.010028346096,0.010012317438,0.0100062388119,0.0100020105765,0.010002286121,210.62976924,385.606514299,1.71244759435,3.7857065363,87.6796066641,0,182.757370422,1.2490771307,4.41970020603,6.55303163539,4.95180023546,2.75792691006,2.99926615717,1.88069596292,2.07452371343,0,50.8603270562,50.7718121458,5.09504088609,0,4.93213568798,3.16643723361,8.93924295287,0.386045685098,3.04048166737,1.40591630174,11.9812420876,1.63665130551,0,0.00067893917583,19.2204227861,12.2028897738,0,0.573129692666,2.43478788924,1.57943238949,3.63329849284,1.65978165289,1.95003358043,1.90228737162,0.262157218308,1.93031172997,1.16060242702,0.358289440788,0.849281404954,0.226243268041,0.393820575306,0.422592003997,2.01030364912,1.16696241654
refine__sobol__0000673__elv_angle__p2@@triceps@@0.00,33.65029976,97.68754972,55.54200755,18.3986244,74.97958519,13.78648395,40.80672274,Triceps,TRIlong;TRIlat;TRImed,0,1,usable,Converged with independently replayed constrained generalized-force equilibrium and small reserve torques,482.329605,3.95181813388,3.52336826381e-08,1.34807788995e-12,0.000907486538851,24,1,0.0477902534889,0.951583299519,0.101481960364,0.0100020207401,0.124633626281,0.0100007706856,0.0100022492501,0.0100020112243,0.0100027951153,0.0100003243485,0.0100003193548,0.0100014392429,0.0100010403517,0.0100010344678,0.0100007103598,0.000673963110119,0.000673963110119,0.000673963110119,0.0100452378065,0.0100452378065,0.0100000644801,0.0100021047711,0.0100000141857,0.010000062947,0.0100000734823,0.0100002507186,0.454681383762,0.0100000452767,0.010000204758,0.0100002721541,0.0311645515895,0.99999893454,0.010000400558,0.0100001647265,0.0100162172966,0.125632180423,0.0598312120498,0.0355643602578,0.135809790116,0.325039561062,0.232619882289,0.902581259669,0.684944903971,0.355049907471,0.365691924698,0.010008945224,0.0100046485799,0.0201212696397,0.219509542685,0.118033950059,57.6544914868,396.400096573,20.4405085981,4.38735989967,131.463167406,11.496090388,2.58882915023,1.43880872189,4.22115517111,6.36303191882,4.60744430921,2.65024961748,2.89040687513,1.8289695016,2.05265409443,0,0,0,0,0,1.90124575503,0.0618874924185,11.7600154676,2.41058372748,2.24681252734,1.34649930766,85.9187124605,4.03055891626,3.62280817592,0.955525493579,17.363776723,197.06162086,0.689054164138,1.6195455364,2.4350742165,19.7692803721,13.5558292926,5.86903707803,26.3976773645,61.5065794126,5.2459493449,74.1482089274,46.7474686849,13.4705099655,20.4970284977,0.236190232126,0.403815130182,0.900927735363,44.095994091,13.7738400209
refine__sobol__0000673__pro_sup__p2@@pectoralis_major@@0.00,31.65029976,97.68754972,55.54200755,18.3986244,76.97958519,13.78648395,40.80672274,Pectoralis major,PECM1;PECM2;PECM3,0,1,usable,Converged with independently replayed constrained generalized-force equilibrium and small reserve torques,436.964318,1.08549853512,5.59599300232e-08,2.17426077143e-12,4.06555629416e-05,25,0,0.0549651048343,0.961834327325,0.108851560931,0.0100015855509,0.106615173618,0.0100006508765,0.0100022937044,0.0100019073201,0.000674186217118,0.000674186217118,0.000674186217118,0.0100013641058,0.01000098196,0.010000978866,0.0100006920672,0.0100030557201,0.115842472188,0.0949541354334,0.0100452377168,0.0100452377168,0.0100010000184,0.0100255338382,0.0100037685657,0.0100048078623,0.0107309388916,0.0715872006664,0.0716111756249,0.0100006083649,0.0100009328963,0.0100020282866,0.268909721028,0.0556375583104,0.0100032976805,0.0100014857173,0.0100012112643,0.0100018957254,0.0100016676878,0.010002117171,0.0100017633957,0.010001897108,0.0218635354619,0.105046141713,0.081159473722,0.045834439561,0.0449231024245,0.0246594733199,0.0135502921041,0.0100197421064,0.0100030208075,0.0100053013332,66.7136607809,392.410414922,21.9250168109,4.45443469153,111.613541845,11.5080079408,2.58089606146,1.43877183062,0,0,0,2.64702700627,2.88585079167,1.82725179483,2.02913734741,3.59490324048,68.667088612,46.1352604179,0,0,1.77512739848,0.0215899862582,11.764430618,2.40924237713,2.40213435755,9.59381327251,13.5083247137,4.03517291951,3.66905715263,0.956983749668,149.82435362,10.7547578081,0.690349790671,1.62127588065,2.4320047004,1.57408887961,2.26639347984,1.65086538439,1.94432576411,1.89268792831,0.490751299383,8.59590113557,5.52010087018,1.73321505798,2.51605997705,0.581873468159,0.545914377204,0.448632900721,2.00944861458,1.16755746846
refine__sobol__0003073__elbow_flexion__m5@@biceps@@0.00,39.69229194,81.85014738,-55.82273854,80.01727674,19.23739769,-6.67860394,5.44539462,Biceps,BIClong;BICshort,0,0,solver_failed,The static optimization solver did not converge,842.950635,,8.36911846491e-08,,,0,0,,,,,,,,,,,,,,,,,,,,,,,,,,,,,,,,,,,,,,,,,,,,,,,,,,,,,,,,,,,,,,,,,,,,,,,,,,,,,,,,,,,,,,,,,,,,,,,,,,,,
refine__sobol__0003073__pro_sup__m2@@brachioradialis@@0.00,39.69229194,81.85014738,-55.82273854,85.01727674,17.23739769,-6.67860394,5.44539462,Brachioradialis,BRD,0,1,usable,Converged with independently replayed constrained generalized-force equilibrium and small reserve torques,379.262609,4.39642236918,7.2985848476e-08,5.08748598804e-12,0.000281666377973,21,1,0.0100000292235,0.397719853694,0.0100000750377,0.0100000278131,0.0100011918203,0.0100000175597,0.99999973264,0.0100001014834,0.743032402891,0.0100000669262,0.0100000704305,0.0100000549265,0.0100000410254,0.0100000550469,0.515870768548,0.0100001331942,0.764720189285,0.748688689239,0.152093200657,0.0100452385187,0.700358803271,0.0100001992219,0.0100003232734,0.000674016430619,0.0100011237936,0.0232035176183,0.0100750605391,0.0100009786204,0.0100008566487,0.010002707109,0.719421472721,0.471699325587,0.0100041152701,0.0100022542188,0.0100250149173,0.0104551356226,0.0100122853151,0.0100165131041,0.0100481080347,0.0116121525495,0.0189215977278,0.0881998285519,0.0780674905954,0.0446383774408,0.0145230357351,0.0158733143859,0.0100182315476,0.0100270807802,0.010005349673,0.0100103934203,11.0374670262,314.388622723,1.99999823964,4.65598375417,9.29522307556,12.9837793281,235.972569614,1.43267249509,329.829463237,6.57080358391,4.8193448266,2.70125136454,2.93072834038,1.85030712954,107.308752287,1.21701486803,537.232816724,514.943884094,39.2107246311,0,353.322689224,2.20440551814,11.0968011768,0,3.15381871874,5.84822449684,1.46602131576,3.77165005986,4.28231297187,0.927230256132,383.598007707,129.028907928,0.663396157495,1.6009852583,2.590586405,1.69889491183,2.37077132193,1.73159808958,2.07004584524,2.29061986567,0.431104757303,8.23383243118,6.38407890454,2.14643157754,0.732448532464,0.65134163661,0.719399331187,0.461080534016,1.99462526824,1.16518973536
refine__sobol__0001369__deviation__m2@@supraspinatus@@0.00,54.23819038,98.00493253,-15.86912526,47.66131971,-5.87978981,1.89146441,-10.69718351,Supraspinatus,SUPSP,0,1,usable,Converged with independently replayed constrained generalized-force equilibrium and small reserve torques,422.776058,3.19971449554,1.90437674519e-08,2.67626113471e-12,0.000157156036879,20,1,0.470287479626,0.0100003235846,0.0100001986532,0.000673399173972,0.9416708998,0.010000036439,0.999998846557,0.0100002784826,0.010000653525,0.0100000815958,0.0100001099464,0.0100001503984,0.0100001081339,0.0100001383996,0.534891743696,0.0100002508247,0.355138893901,0.346215862675,0.0101133625069,0.0100010029721,0.510205765496,0.0100009148083,0.0100011965367,0.0100019720196,0.0249072683252,0.047873653993,0.0101706376136,0.0100038107573,0.0100017632567,0.0100083069673,0.481158934661,0.235575062186,0.0100108209922,0.0100067582432,0.0159783095367,0.0180151889358,0.0100174514764,0.0100273435562,0.0101649330322,0.0175314746111,0.0141882606196,0.0613560604234,0.0100452379817,0.0329389812426,0.0138704473887,0.0148421656439,0.0100529981777,0.0100825212281,0.0100089112187,0.0100426398389,547.885112237,6.16692218309,2.01382946495,0,957.05088543,13.0045696531,257.777172846,1.41485835018,4.35919679733,6.56922842836,4.81485395997,2.71742806429,2.97820563256,1.87451250543,111.26258021,2.06907682682,235.79991337,224.0995005,0.209639001843,3.75886903658,267.886118554,1.38276805565,11.7672079841,2.75980674411,8.40119091997,12.0875887275,1.95289615681,4.08039596699,4.65480194318,1.0100050381,255.076224831,67.0493240177,0.750489236523,1.71090362624,4.13396207028,2.89185975208,2.37024339042,1.73341857604,2.1399263951,3.4547596515,0.427335284275,6.69629889979,0,1.60741141618,0.914619786941,0.678356400387,0.764343526622,0.463632646693,1.72029020849,1.17157550629
refine__sobol__0000673__pro_sup__p5@@infraspinatus@@0.00,31.65029976,97.68754972,55.54200755,18.3986244,79.97958519,13.78648395,40.80672274,Infraspinatus,INFSP,0,1,usable,Converged with independently replayed constrained generalized-force equilibrium and small reserve torques,477.481223,1.56652321357,5.268513803e-08,1.69109171111e-12,7.53459592078e-05,26,1,0.0863679454498,0.99999962421,0.500845079944,0.147549005743,0.000673824313071,0.0100002289061,0.0100687968591,0.0100006889567,0.0100009013971,0.0100001056188,0.0100001029441,0.010000432114,0.0100003449633,0.010000356823,0.0100002844926,0.0164728385832,0.152740034883,0.125197592865,0.0100452379998,0.0100452379998,0.0100005564841,0.0100229407454,0.0100029144982,0.0100031193633,0.0100076285089,0.0550113876492,0.0550069451952,0.0100004628507,0.0100007859406,0.0100015815909,0.448278216995,0.0777165523295,0.0100026278587,0.0100011725707,0.010001032065,0.0100016349886,0.0100014561011,0.010001843493,0.0100015376042,0.0100016688902,0.026460277246,0.122368996555,0.0956883651779,0.053242616301,0.0497558491326,0.0264780142652,0.0118643209418,0.0100155795538,0.0100025333185,0.0100042460261,104.828724194,407.981141971,100.880839039,65.7143216371,0,11.5075223688,2.59805589884,1.43859656936,4.23648422618,6.38130833435,4.61958405042,2.64678033925,2.88566698205,1.82713814309,2.02905465057,5.92001708895,90.5385849627,60.8296155268,0,0,1.73430360516,0.0124036338704,11.7634262348,2.4050922569,2.2276733252,7.32161094027,10.3473873479,4.04179221566,3.73963764188,0.958950724312,249.751963933,14.6471054889,0.691972360631,1.62357933578,2.43294551688,1.57442706512,2.26691922765,1.65125739928,1.94474753394,1.89279302941,0.589535582259,9.95207458256,6.47329354479,2.00293766915,2.78372546815,0.624750296267,0.4768082227,0.448446522703,2.00935068574,1.16743432059
refine__sobol__0004077__deviation__m5@@anterior_deltoid@@0.00,90.14151069,110.66850675,-38.97703542,118.91376112,35.64364769,13.44346637,45.17195712,Anterior deltoid,DELT1,0,0,solver_failed,The static optimization solver did not converge,1378.538137,,2.7223919119e-08,,,0,0,,,,,,,,,,,,,,,,,,,,,,,,,,,,,,,,,,,,,,,,,,,,,,,,,,,,,,,,,,,,,,,,,,,,,,,,,,,,,,,,,,,,,,,,,,,,,,,,,,,,
refine__sobol__0000463__elbow_flexion__p5@@posterior_deltoid@@0.00,-42.35360649,88.16606534,77.66114818,17.43182752,74.51083519,-8.80628949,-44.15421476,Posterior deltoid,DELT3,0,1,usable,Converged with independently replayed constrained generalized-force equilibrium and small reserve torques,551.346819,2.14929166865,2.37149787807e-07,2.23820961764e-12,7.14905180854e-05,23,0,0.0100016053903,0.36230611147,0.000673279620635,0.700325081963,0.0100003549082,0.0100000757087,0.0100452373382,0.0100007539996,0.746502314632,0.0100001202135,0.0100001584125,0.010000493897,0.0100006717059,0.0100003709682,0.0100008657892,0.109432259879,0.206592701488,0.168095939591,0.0100452373382,0.0100452373382,0.256151918249,0.0100452373382,0.0100021734442,0.0100033857831,0.0100452373382,0.633291062893,0.010000473893,0.314172843411,0.0100003143062,0.0100130725229,0.408523458526,0.0957149332936,0.0100048295344,0.0100023355684,0.162818712034,0.176479514415,0.0100023508322,0.0100070500528,0.0865999775135,0.260450336188,0.0100051941965,0.0100014729213,0.0100218677316,0.0273899755873,0.0100030561351,0.0542804754953,0.0100030404093,0.0477845731882,0.0100045268955,0.0628477665881,2.13687551191,253.205805484,0,128.556618002,1.63697369413,12.1246311114,0,1.35203281816,290.911241092,5.92179939068,4.97254436886,2.32963553028,0.569408921632,1.78012553099,1.15837688906,68.6834037961,121.033589574,80.1286076999,0,0,15.7580950214,0,11.7591475201,2.40430600329,0,155.925480897,1.89784025878,90.873908596,3.28926030923,0.536571647131,227.618335803,18.951822901,0.511850024155,1.46263433965,40.7999658674,26.7518569209,2.19924029531,1.67531913034,18.3916761332,50.7532277799,0.378862338359,1.06835816079,0.922779632277,1.2568331223,0.72403212861,2.55319698137,0.774736377876,2.19777183748,1.05853108113,7.22586492491
refine__sobol__0001711__elv_angle__p2@@latissimus_dorsi@@0.00,-45.18759087,105.74907316,38.18360911,69.37030409,-34.16103981,17.0506441,27.62312899,Latissimus dorsi,LAT1;LAT2;LAT3,0,1,usable,Converged with independently replayed constrained generalized-force equilibrium and small reserve torques,397.292445,2.98423433716,2.29245387118e-08,1.14397380457e-12,0.000265896073297,15,1,0.672073512302,0.999999267699,0.0100004188372,0.0100004406107,0.0100001686158,0.743445185802,0.0100680095072,0.0100004855135,0.010000152477,0.0100000501932,0.010000069081,0.000827250803113,0.000827250803113,0.000827250803113,0.0100006721566,0.0609231035386,0.479831261161,0.469493724326,0.0802870451275,0.0100017685699,0.575820944534,0.0100006933918,0.0100008724556,0.0100029190317,0.0100094024883,0.0288201218901,0.0888027520079,0.0100062860464,0.0100081565271,0.010014437207,0.370667708446,0.182433150825,0.0100199895149,0.0100120250881,0.0102711560638,0.0101691877485,0.010035375877,0.0100423560945,0.0100628935928,0.0100552054514,0.0108631271477,0.0486882306988,0.0371913392685,0.0209742177314,0.0192735330819,0.0106536462078,0.0100636379848,0.0100581740308,0.010016401792,0.0100268596377,309.990285799,245.255309151,1.82192802981,1.94339326236,2.79996947747,861.251513126,0,1.3983385516,4.17470661728,5.24941489449,4.92782889487,0,0,0,0.562513994194,20.0040658202,329.7861585,315.729455043,16.118814528,3.69604185633,212.252342151,0.81791529028,11.4529195447,2.72580178315,3.37162861275,5.94254492905,16.7048536314,3.86988699882,1.6682636322,0.928475246172,194.219490174,50.7725961221,0.554476948283,1.57444404117,2.62256890311,1.65236047341,2.35161808317,1.71487916997,2.03725313625,1.98169331951,0.254438595986,4.17268487983,2.68173938206,0.84690873596,1.06062581672,0.317236230248,0.533731064678,0.430368156044,2.00626756823,1.16650182731
refine__sobol__0001369__elbow_flexion__m5@@triceps@@0.00,54.23819038,98.00493253,-15.86912526,42.66131971,-5.87978981,3.89146441,-10.69718351,Triceps,TRIlong;TRIlat;TRImed,0,0,solver_failed,The static optimization solver did not converge,1323.269714,,7.3610695317e-09,,,0,0,,,,,,,,,,,,,,,,,,,,,,,,,,,,,,,,,,,,,,,,,,,,,,,,,,,,,,,,,,,,,,,,,,,,,,,,,,,,,,,,,,,,,,,,,,,,,,,,,,,,
refine__sobol__0004077__shoulder_elv__p2@@infraspinatus@@0.00,90.14151069,112.66850675,-38.97703542,118.91376112,35.64364769,18.44346637,45.17195712,Infraspinatus,INFSP,0,0,reserve_too_high,The posture requires more reserve torque than the quality limit permits,405.95421,9.97471277194,5.88834652149e-08,1.91284626538e-06,0.054601520279,23,1,,,,,,,,,,,,,,,,,,,,,,,,,,,,,,,,,,,,,,,,,,,,,,,,,,,,,,,,,,,,,,,,,,,,,,,,,,,,,,,,,,,,,,,,,,,,,,,,,,,,
refine__sobol__0001711__flexion__m5@@infraspinatus@@0.00,-47.18759087,105.74907316,38.18360911,69.37030409,-34.16103981,17.0506441,22.62312899,Infraspinatus,INFSP,0,1,usable,Converged with independently replayed constrained generalized-force equilibrium and small reserve torques,567.461168,2.08256161951,2.43653914822e-08,1.20002467877e-12,0.000141774272266,19,1,0.517293201405,0.999990715929,0.0100004267145,0.010000900156,0.00067396896646,0.492034352289,0.010045237778,0.0100005733745,0.0100002328049,0.0100000693102,0.010000093037,0.0100005843149,0.0100002157442,0.0100002567373,0.0100009020284,0.0409053573094,0.37848387101,0.370329969548,0.0633301019773,0.0100015375569,0.421993168142,0.0100008243689,0.0100007299541,0.0100022845283,0.0100076489353,0.0332256388294,0.0809439962809,0.0100037445954,0.0100049291794,0.0100088346032,0.272777416024,0.138000255662,0.0100127951714,0.0100078350106,0.0100207706926,0.0100272063167,0.0100159041324,0.0100192852152,0.010020995554,0.0100194496565,0.0105625797093,0.0468513276695,0.0352832463444,0.0196451084289,0.0191544132542,0.0106743684911,0.0100484269438,0.0100346812162,0.0100103108278,0.0100160035251,230.688819618,247.513313415,1.8195661849,1.84548183592,0,569.607020696,0,1.39722361425,4.14712306609,5.18973252187,4.91621635666,2.50427039716,2.79863861773,1.82184895684,0.546798870929,13.6149803482,260.130491649,249.042901776,12.7144568125,3.69595648809,158.225563171,0.809254698226,11.4527563531,2.72562888055,3.37362537376,7.14309926594,15.4146898908,3.909344566,2.10376860013,0.942841579305,142.927720613,38.4065681807,0.62285636276,1.58998076064,2.57893630199,1.6293587934,2.36111353499,1.72167445051,2.04320316573,1.97647837435,0.259465315788,4.23236812466,2.65535294263,0.827283150571,1.09253035143,0.341177943596,0.554170679764,0.428356770112,1.98019182017,1.16083962368
refine__sobol__0001369__deviation__m5@@brachioradialis@@0.00,54.23819038,98.00493253,-15.86912526,47.66131971,-5.87978981,-1.10853559,-10.69718351,Brachioradialis,BRD,0,1,usable,Converged with independently replayed constrained generalized-force equilibrium and small reserve torques,575.788593,3.32849319606,2.30127219503e-08,7.21911419532e-12,0.00016490447261,20,1,0.473499337189,0.0100002953826,0.0100001889638,0.0100000532505,0.956282776698,0.0100000341712,0.999999018665,0.0100002673014,0.010000632591,0.0100000788574,0.0100001066822,0.0100001440782,0.010000103398,0.0100001326237,0.585716622169,0.0100002401794,0.361495346255,0.352412501472,0.0101164314448,0.0100009763233,0.524098196757,0.0100009115919,0.0100011758747,0.00067396683368,0.0225126589391,0.0478641655056,0.012286744703,0.0100036126998,0.0100017837044,0.0100079927056,0.495790506667,0.242085011791,0.0100107647467,0.0100067351331,0.0154510752248,0.0175705398142,0.0100179845284,0.0100283291688,0.0102346813541,0.0167947282638,0.0150903041917,0.0641433603656,0.0100452377943,0.0342637452874,0.0152935094577,0.0151945551363,0.0100401562443,0.0100555225043,0.0100075788703,0.0100240682865,551.626927657,6.16690479071,2.01382751372,4.68070878049,971.901413049,13.0045667042,257.777217206,1.41485676817,4.35918767246,6.56922662946,4.81485238853,2.71742634689,2.97820422222,1.87451142275,121.834639294,2.06907462338,240.020377365,228.110476916,0.20970261785,3.75885902059,275.180409876,1.3827676107,11.7671836736,0,7.59279923522,12.0851481681,2.3222743613,4.08043595327,4.7036324632,1.0101840024,262.832843044,68.9021844875,0.75208478722,1.7117319584,3.99760291331,2.82380416485,2.36946248085,1.7334764027,2.15531108117,3.31028986723,0.445134448985,6.99636179937,0,1.67205802292,0.987223972589,0.697002571298,0.776161900058,0.462532121339,1.73672890328,1.16972909879
refine__sobol__0000447__shoulder_rot__p5@@teres_minor@@0.00,-52.19735649,125.74419034,88.52052318,119.07245252,-41.73916481,5.13902301,37.40828524,Teres minor,TMIN,0,1,usable,Converged with independently replayed constrained generalized-force equilibrium and small reserve torques,423.472387,0.310695192679,6.80497720396e-08,1.46371803567e-12,0.000181224963734,21,0,0.218757339579,0.0100003106861,0.010000346762,0.01000023719,0.0100000424225,0.0100002562461,0.000674195942475,0.0100017318023,0.0100000833046,0.0100001513246,0.01000060554,0.0100013609613,0.0619214999379,0.257715497675,0.0100033227828,0.0100079242655,0.187626537035,0.187471907782,0.0475472952902,0.0100029281598,0.280571050728,0.0100014349166,0.0100015234433,0.0100182917518,0.0100023012905,0.0100062117814,0.108321689672,0.0100097038248,0.0100452364703,0.01003836989,0.142079854145,0.0643761817727,0.0100452364703,0.0103698898101,0.0100182006464,0.0100154835702,0.0254474927572,0.0117091586472,0.0100642641859,0.0100107910744,0.0102139833241,0.0205751681707,0.0118485695054,0.0100371690724,0.0169320847856,0.010028487183,0.0100114199298,0.0100075680348,0.0100032043291,0.0100030357451,166.268298651,2.46671574241,1.66624006529,3.77815819435,10.7532217532,12.439175241,0,1.43823544132,4.16220184171,3.31474805359,3.1836275515,2.65368746266,18.5919254336,48.4586672524,1.55742794009,0.0720023562275,134.60056911,134.378680967,13.4653422987,3.63406711268,114.951332416,2.37822221111,8.9061263213,1.0095950336,3.03303319419,1.86436241049,16.2790114675,2.33084529071,0,0.107467568876,76.5221756726,17.4983470923,0,0.955961000932,2.49798811065,1.61344345066,5.88579856826,1.97059448488,2.00320547337,1.9375281261,0.200350776861,1.47323508853,0.740940179976,0.377483139817,0.75081562487,0.269588093325,0.5782049374,0.460306845791,1.98847412882,1.15664026767
refine__sobol__0003073__elbow_flexion__p5@@brachioradialis@@0.00,39.69229194,81.85014738,-55.82273854,90.01727674,19.23739769,-6.67860394,5.44539462,Brachioradialis,BRD,0,1,usable,Converged with independently replayed constrained generalized-force equilibrium and small reserve torques,392.299553,4.23389184225,9.32659425246e-08,2.58732396941e-12,0.000278966377901,22,1,0.0100000293985,0.398924708262,0.0100000758707,0.0100000281617,0.0100012581513,0.0100000177779,0.999999729443,0.0100001024587,0.726711751239,0.0100000674014,0.0100000709817,0.0100000554934,0.0100000414749,0.010000055617,0.507250070867,0.0100001618712,0.746671308847,0.731254312256,0.151500595177,0.0100452376134,0.671120443391,0.0100001853934,0.0100003269086,0.000673647430943,0.0100010422052,0.0198582487965,0.0120861277299,0.0100009427755,0.0100009025054,0.0100026367271,0.695819036471,0.467765139515,0.0100042346972,0.0100022264484,0.0100148706258,0.0100485869745,0.0100113487593,0.0100145436677,0.0100282223036,0.0100572626906,0.0195156084045,0.0893181744667,0.0768054750644,0.0432502800773,0.0155307126376,0.015657682962,0.0100176779568,0.0100232205951,0.0100052395631,0.0100090569393,11.0374672207,315.341033359,1.99999840623,4.65598391639,9.29528472495,12.9837796115,235.972568873,1.43267263486,322.584783525,6.57080389618,4.81934509194,2.70125151764,2.93072847201,1.85030723496,105.515519624,1.02146226742,528.116989205,506.533312667,39.7966872471,0,333.781152208,2.36893961048,10.9722999283,0,3.10483456461,5.00082702163,1.73587815227,3.73462014485,4.18425578978,0.915670671054,365.49172856,127.378533022,0.634291054642,1.58932988542,2.58753193654,1.63283314688,2.37054748013,1.73123909508,2.06516032919,1.98385182077,0.445841170985,8.33445514128,6.26929753302,2.07976582971,0.777380432757,0.642272316423,0.717345789261,0.460903029096,1.99460331736,1.16503417165
refine__sobol__0001262__shoulder_rot__p2@@subscapularis@@0.00,44.74600288,60.17290128,-56.93553151,17.95428846,-63.69228981,12.84654254,-53.58780851,Subscapularis,SUBSC,0,1,usable,Converged with independently replayed constrained generalized-force equilibrium and small reserve torques,594.719967,2.42673014822,3.14256993761e-08,1.6399604488e-12,0.000117320640635,11,1,0.179393855894,0.469841103636,0.0100002071366,0.0100001290051,0.717406570707,0.000674055877812,0.677064466565,0.0100002806342,0.999997080996,0.0100004131463,0.0100002226618,0.0100001631912,0.0100001292755,0.0100001615746,0.291808415179,0.0100000941075,0.0100106033569,0.0100123353988,0.0100452380295,0.0100015474643,0.190067529072,0.0100017782767,0.0313690771758,0.0895593759464,0.0100452380295,0.0968617231903,0.0100257522275,0.0997981299881,0.0101115621284,0.0147385345574,0.181790541799,0.0930666158188,0.0176677707957,0.0534570674873,0.0382753277266,0.022707895243,0.0101813526305,0.0110173449787,0.0227015675486,0.0185976159828,0.0100523356368,0.010078749087,0.0140676238242,0.0116518042431,0.0100462695314,0.0101109656975,0.0100847624098,0.0101440655159,0.0100227597887,0.0101508565422,176.961013639,467.177497456,2.00320243619,4.77321703199,665.677939695,0,145.422953936,1.43860426901,443.857394745,6.4770376263,4.57881161662,2.66354866552,2.84994404599,1.80402905695,59.094852565,4.88504539931,5.90268941089,4.82244142351,0,3.47127354942,85.4553281249,1.4894524564,36.8853469947,21.7848024165,0,23.6518878462,1.85083576588,17.7811017299,4.37781784881,0.379568323714,36.573082644,22.8586636474,0.842595936854,7.13173898929,7.69357597896,2.65204946689,2.10059010084,1.70001785656,4.80874823531,2.93796608664,0.394381394758,0.982189278297,1.2367373729,0.521071266305,0.708092245208,0.465115893851,0.887743348056,0.430016875164,0.84652552753,0.991818901206
refine__sobol__0001262__shoulder_elv__m5@@infraspinatus@@0.00,44.74600288,55.17290128,-58.93553151,17.95428846,-63.69228981,12.84654254,-53.58780851,Infraspinatus,INFSP,0,0,reserve_too_high,The posture requires more reserve torque than the quality limit permits,398.805222,86.2803829924,4.78973589679e-08,1.85645218309e-06,0.122453170509,15,3,,,,,,,,,,,,,,,,,,,,,,,,,,,,,,,,,,,,,,,,,,,,,,,,,,,,,,,,,,,,,,,,,,,,,,,,,,,,,,,,,,,,,,,,,,,,,,,,,,,,
refine__sobol__0000603__shoulder_elv__p5@@teres_minor@@0.00,9.85342476,118.42973722,-41.13767995,109.2970619,6.85458519,23.7669527,39.40047274,Teres minor,TMIN,0,0,capacity_limited,At least one muscle reached the conservative capacity threshold while nontrivial reserve torque was still required,383.304114,8.64283258713,2.3979729491e-07,1.2156121727e-06,0.0225526641651,26,4,,,,,,,,,,,,,,,,,,,,,,,,,,,,,,,,,,,,,,,,,,,,,,,,,,,,,,,,,,,,,,,,,,,,,,,,,,,,,,,,,,,,,,,,,,,,,,,,,,,,
refine__sobol__0002761__shoulder_rot__p2@@latissimus_dorsi@@0.00,69.66299507,114.79448331,78.3794099,89.90497205,32.59677269,20.57969684,-39.26163663,Latissimus dorsi,LAT1;LAT2;LAT3,0,1,usable,Converged with independently replayed constrained generalized-force equilibrium and small reserve torques,532.763812,1.08792947857,5.61468382898e-08,1.52766688188e-12,6.35608172263e-05,15,0,0.122922927577,0.437204049784,0.231900321811,0.0100040292327,0.0100002986132,0.0100004605602,0.861428736954,0.0100013572736,0.0100004163958,0.0100001417283,0.0100001894659,0.000673963330791,0.000673963330791,0.000673963330791,0.0100009224326,0.010045237823,0.170727905287,0.167201242545,0.0346408402927,0.010045237823,0.0869342519063,0.0100005290393,0.0100014278348,0.010001504078,0.010045237823,0.0483671493276,0.022254640158,0.010002462606,0.0100028778586,0.0100067228132,0.0752309418348,0.0686750581124,0.010011549676,0.0100064607663,0.0100106911807,0.0100165536404,0.0100151744241,0.0100176210803,0.0100157686453,0.0100166053989,0.0134288961472,0.0402176528935,0.03659992026,0.0164235891481,0.0169872377694,0.0120297530687,0.0100881420577,0.0100372663105,0.0100138144759,0.0100209237895,94.1603908492,196.756809286,43.8151179401,1.89187849358,9.98557585674,11.4090255425,231.614887997,1.42473962002,3.99130528778,6.35470391677,4.63812521192,0,0,0,2.0799681392,0,120.73698502,115.800428572,9.09594170933,0,43.809802092,2.59990154798,10.9763717899,2.49858717816,0,12.1778863651,4.22605325102,4.0799819081,4.30182501478,1.00757115795,38.7591439859,18.1396189363,0.712100301513,1.67304133288,2.49601896614,1.4540582219,2.35340694109,1.72446744992,2.1266752259,1.87774927654,0.528000642097,4.22164057318,3.42522401563,0.7833745723,1.22986822335,0.567034305324,0.768142870499,0.394711886414,0.993176269929,0.939329936719
refine__sobol__0001711__shoulder_elv__p5@@teres_major@@0.00,-47.18759087,110.74907316,38.18360911,69.37030409,-34.16103981,17.0506441,27.62312899,Teres major,TMAJ,0,1,usable,Converged with independently replayed constrained generalized-force equilibrium and small reserve torques,434.636043,1.7110868031,3.7645392581e-08,1.66384870092e-12,0.000119543495412,20,0,0.656352827891,0.563428498659,0.0100004686333,0.0100018257648,0.0100003322953,0.506589982916,0.0100452377095,0.000673972696622,0.0100003287994,0.0100000884793,0.0100001242805,0.0100006801277,0.0100002595361,0.0100003162546,0.0100013388292,0.0100281856423,0.428636500814,0.419402095751,0.0717197374001,0.0100013693939,0.45386826096,0.0100010666551,0.0100006446225,0.0100020126615,0.0100059660976,0.0310274608154,0.09157683412,0.0100033264772,0.0100057487208,0.0100081922742,0.30603465037,0.155416318845,0.0100127701319,0.0100071266939,0.0100180293023,0.0100236958068,0.0100147748055,0.0100177123201,0.0100187105825,0.0100167419689,0.0110024083215,0.0497276024153,0.037648807049,0.020674995746,0.0210611080847,0.0106326440169,0.0100417222351,0.010029755682,0.0100083058286,0.0100124903069,342.214342071,96.4316888173,1.86417452016,1.74809414865,2.11327270652,591.002540602,0,0,4.04823023363,4.91036291475,4.80307936653,2.54345070115,2.84802544982,1.8383193246,0.439063511977,2.97726746543,294.600198941,282.043376246,14.3988004951,3.69589434533,175.651269751,0.732373468961,11.452658632,2.72555479669,3.37047107782,6.39768563861,17.2266914624,3.86874239833,1.66786227388,0.927896255468,160.353579276,43.253597013,0.554077448536,1.57367374267,2.5579371937,1.62871992909,2.34679057563,1.71067088506,2.02830819652,1.974112885,0.257700870757,4.26176124469,2.7147258077,0.834826582587,1.15899637416,0.316610842819,0.5325687498,0.429152194616,2.00464596113,1.16483013239
refine__sobol__0001387__shoulder_rot__m2@@teres_minor@@0.00,23.30069038,95.97368253,54.78712474,29.38006971,56.62021019,14.28208941,-8.82218351,Teres minor,TMIN,0,1,usable,Converged with independently replayed constrained generalized-force equilibrium and small reserve torques,404.960043,1.13851875615,3.52643212409e-08,1.11684749783e-12,7.56005019262e-05,21,1,0.0607477696186,0.999999599826,0.317301861522,0.0100005025205,0.118612326783,0.0100002259934,0.000673929291203,0.0100007935416,0.0100008941959,0.0100001204851,0.0100001163903,0.0100005628635,0.0100004023317,0.0100004017512,0.0100003162562,0.0100014776239,0.0686288972878,0.0628232380097,0.0100452377994,0.0100452377994,0.0100005743904,0.0100058304498,0.0100060804871,0.0100086515948,0.0100230209869,0.0326829288056,0.0529219288266,0.0100031076245,0.0100054735432,0.0100084043593,0.0194489851546,0.0141174263727,0.0100161325615,0.0100087001892,0.0100071605864,0.0100103567992,0.01001059881,0.010012659269,0.0100104836849,0.0100101333223,0.0111369278009,0.0407111407907,0.0327254277381,0.0151767292127,0.0207882810804,0.0116911466545,0.0100738141025,0.0100266279861,0.0100098052503,0.0100130357575,73.9873324121,403.891216247,63.893704621,4.64336114604,117.844751139,11.5385994519,0,1.43806895313,4.30776122375,6.45375110369,4.66272265631,2.62825322432,2.85675061168,1.81594802616,1.89839017387,3.33586129961,43.7401862832,36.6519173944,0,0,1.92213338581,0.10066103082,11.7806732025,2.57043850908,3.08441234822,7.78336693563,10.2049846145,3.91091486681,4.61304497536,0.957963459044,10.8358335275,3.41850756262,0.754189797293,1.71340410674,2.58974366029,1.6238551755,2.37038052104,1.73109746216,2.08158489129,1.97484936982,0.375826849829,4.44561548016,3.08248085508,0.74061824265,1.49198412172,0.523129266023,0.631672732517,0.434683297669,1.58566124334,1.11197449728
refine__sobol__0001711__shoulder_rot__p5@@supraspinatus@@0.00,-47.18759087,105.74907316,43.18360911,69.37030409,-34.16103981,17.0506441,27.62312899,Supraspinatus,SUPSP,0,1,usable,Converged with independently replayed constrained generalized-force equilibrium and small reserve torques,428.7025,1.91051847276,3.12023402671e-08,2.00520376771e-12,0.000123230331413,20,0,0.396553360547,0.988113547516,0.0100004762652,0.00067400940975,0.0100002968617,0.347700604818,0.0100452378497,0.0100006127015,0.0100003296206,0.0100000822072,0.0100001091037,0.0100005779906,0.0100002321213,0.0100002816072,0.0100010327639,0.0450106151319,0.406535056777,0.397776812039,0.0680224844008,0.0100014034392,0.441041441905,0.0100008887694,0.0100006796714,0.0100022016323,0.0100057357447,0.0233676090899,0.0885906214482,0.0100038049022,0.0100067949382,0.0100091522311,0.304049097077,0.151555755318,0.0100141532379,0.0100082641057,0.0100268962172,0.010031963227,0.0100197130808,0.0100227171121,0.0100253906444,0.0100206985969,0.0107005271429,0.0463664504623,0.0349433852863,0.0188981162801,0.0198693300715,0.0102701477484,0.0100363567102,0.010027469027,0.0100081172904,0.0100116659796,172.531105251,252.441584049,1.83264527528,0,2.08654123136,404.439418093,0,1.39835046142,4.14952871469,5.15079978275,4.91094040034,2.50723170574,2.80428329474,1.82343215758,0.53310291431,14.7188618176,279.409962463,267.500606688,13.6565221454,3.6959069261,173.264823701,0.801097333132,11.4526987697,2.72560629139,3.37039348431,4.81826785662,16.6649493521,3.86892742751,1.66803667022,0.927985256756,159.31320497,42.1791714889,0.554153986207,1.57385260684,2.56020121318,1.63006327713,2.3479477758,1.71152552658,2.02966058867,1.97489266257,0.250630142345,3.9737033787,2.51964716328,0.763078746445,1.09341262704,0.305816702873,0.532284186021,0.429054353333,2.00460819711,1.164734232
refine__sobol__0001369__elbow_flexion__p2@@infraspinatus@@0.00,54.23819038,98.00493253,-15.86912526,49.66131971,-5.87978981,3.89146441,-10.69718351,Infraspinatus,INFSP,0,0,solver_failed,The static optimization solver did not converge,1276.0116,,4.3692338636e-08,,,0,0,,,,,,,,,,,,,,,,,,,,,,,,,,,,,,,,,,,,,,,,,,,,,,,,,,,,,,,,,,,,,,,,,,,,,,,,,,,,,,,,,,,,,,,,,,,,,,,,,,,,
refine__sobol__0001711__flexion__m2@@pectoralis_major@@0.00,-47.18759087,105.74907316,38.18360911,69.37030409,-34.16103981,17.0506441,25.62312899,Pectoralis major,PECM1;PECM2;PECM3,0,1,usable,Converged with independently replayed constrained generalized-force equilibrium and small reserve torques,413.810081,1.8850316723,5.70732012761e-08,1.66267000168e-12,0.000131343594051,18,0,0.484762687161,0.974176374774,0.010000459161,0.0100009697869,0.0100002560246,0.452194302841,0.0100452376601,0.010000616736,0.000673931009993,0.000673931009993,0.000673931009993,0.0100006276755,0.0100002329461,0.0100002771907,0.0100009715124,0.0354412684098,0.354436196514,0.346800321208,0.0593074934202,0.0100016571203,0.388711114922,0.0100008867273,0.0100007792861,0.0100023944641,0.0100067592481,0.0300881959551,0.0857198929059,0.0100033511032,0.0100061283033,0.0100082724851,0.250536927519,0.127754641184,0.0100132384849,0.0100075218645,0.0100132695325,0.0100179825334,0.0100135361867,0.0100161257978,0.0100158404049,0.010014131881,0.0107268170993,0.0468985499694,0.0350964941907,0.0190153668171,0.0204466362544,0.010468074015,0.0100418046158,0.0100272021874,0.010007951396,0.0100114677062,216.181716722,241.12386033,1.81957208884,1.84549468699,2.49848525183,523.485907912,0,1.39722967262,0,0,0,2.50428125561,2.79864343223,1.82185268314,0.546802669556,11.7963074809,243.60261855,233.219467588,11.9068585088,3.69600067137,145.746518392,0.809259743635,11.4528128478,2.72565883818,3.37197309066,6.30956642613,16.2141248805,3.88497172915,1.84279776434,0.933953678394,131.274327982,35.5551322237,0.583883857399,1.58035988665,2.56528846047,1.62784518779,2.35253369544,1.71490041004,2.03356168573,1.97472013362,0.256108072443,4.10600316076,2.57468331883,0.78097881304,1.14156361906,0.320843446815,0.540981670821,0.428647572747,1.99790620856,1.16326757647
refine__sobol__0000625__elv_angle__m5@@teres_major@@0.00,47.04092476,70.77348722,-38.79392995,54.4533119,79.35458519,9.0013277,-41.22452726,Teres major,TMAJ,0,1,usable,Converged with independently replayed constrained generalized-force equilibrium and small reserve torques,701.393663,0.636023725592,2.48857929819e-08,1.22213350551e-12,4.58492282326e-05,23,0,0.282756073272,0.235910761003,0.0100018172402,0.0100009875424,0.585823883158,0.0100003867401,0.18820777934,0.000673969507148,0.0100213830952,0.0100007000952,0.0100006696335,0.0100010049521,0.010000810019,0.0100009850474,0.0100089813165,0.0100011592488,0.0100124856996,0.0100126970049,0.0100386344418,0.010045237779,0.0100028436661,0.0100028802358,0.0318884683143,0.010001557415,0.010045237779,0.0768205600317,0.0100022851978,0.0100022547777,0.0100009373103,0.0100067814776,0.322909179658,0.0521477657112,0.0100061104661,0.0100030459432,0.0100051935902,0.0100111370307,0.0100043659737,0.0100061814466,0.0100064396178,0.0100150813205,0.0100822264194,0.0130385856726,0.0355958133596,0.0284205224723,0.0100149729678,0.0101992079069,0.0140071352145,0.0214361851679,0.0100233781587,0.0384556371078,344.049771978,223.199781218,2.01385266209,4.75842369061,576.215402885,13.0531693107,46.1191923694,0,4.43459130176,6.47590123047,4.62043148363,2.67497284355,2.88146122909,1.82129966621,2.04976237051,2.82306970169,6.7252996203,6.57107350817,0.786928741435,0,3.88371226962,0.993993661085,37.3659811866,2.75969252262,0,19.3092855916,1.92942148222,3.40840435353,4.79818100723,0.698866724864,171.468500443,9.87636497414,0.736953200549,1.70821168047,2.49403563651,1.48041040667,2.3126235574,1.7101408026,2.12495175849,1.91636944408,0.383348267761,1.39294351779,3.34713949115,1.35402979656,0.724941151766,0.481835568031,1.09264066921,0.952432291436,1.09733064177,4.08323273558
refine__sobol__0001711__flexion__p5@@teres_minor@@0.00,-47.18759087,105.74907316,38.18360911,69.37030409,-34.16103981,17.0506441,32.62312899,Teres minor,TMIN,0,1,usable,Converged with independently replayed constrained generalized-force equilibrium and small reserve torques,436.263815,2.10906869054,2.85261805288e-08,1.42819089888e-12,0.000143617702446,22,1,0.516003743603,0.999992452285,0.0100004220206,0.0100008825784,0.0100002328376,0.494587660214,0.000673916562026,0.010000567347,0.0100002301155,0.0100000683256,0.0100000917813,0.010000578603,0.0100002130967,0.0100002535646,0.0100008911918,0.0427606123578,0.383736414336,0.375469598958,0.0642092273148,0.0100015017502,0.432491943203,0.0100008128729,0.0100007199885,0.0100022875995,0.0100049078084,0.0201838897273,0.0974063386725,0.0100030663135,0.0100098915669,0.0100079559045,0.28144119038,0.141383905864,0.0100148712977,0.010007365699,0.0100116743011,0.0100154215397,0.0100136835135,0.0100156623948,0.0100147015893,0.0100119719126,0.011248633456,0.0478659230444,0.0360731294409,0.0186925197608,0.0223834284275,0.0102150668586,0.0100308109626,0.0100198765566,0.0100056124451,0.0100076767656,230.113781449,247.513742482,1.8195653312,1.84547859145,2.49847944935,572.562875568,0,1.39722277226,4.1471219499,5.18973200834,4.91621573866,2.50426896724,2.79863787732,1.82184837898,0.546798277471,14.2324852992,263.740544229,252.499246994,12.8909542463,3.6959432562,162.162059567,0.809253766437,11.4527449409,2.7256297176,3.36544658926,3.98626967553,18.0222047852,3.82776320804,1.229220483,0.911338137357,147.467295529,39.3482649312,0.473963750683,1.55589223115,2.53372057927,1.62657209919,2.33030406782,1.6984085687,2.0125727608,1.96539694645,0.250962502638,3.88281454745,2.48933555933,0.722590362123,1.18709952404,0.282042899649,0.511515830767,0.429679016004,2.01036608804,1.16651279994
refine__sobol__0002303__shoulder_elv__m2@@biceps@@0.00,-51.09872368,94.64018644,-31.57957448,101.96551893,-71.62197731,15.62364215,40.07430087,Biceps,BIClong;BICshort,0,1,usable,Converged with independently replayed constrained generalized-force equilibrium and small reserve torques,355.13759,1.66445752005,2.76082943174e-08,1.42010830711e-12,0.000192372405951,30,1,0.588975146674,0.999999418753,0.0100008107968,0.0100001090917,0.0100000637845,0.0100001092237,0.0100007210267,0.0100009458906,0.0100000835864,0.0100000457661,0.010000059676,0.0898919809814,0.0100003346686,0.0100002637117,0.0100003886722,0.464007179992,0.0100049154919,0.0100049903398,0.0100162689438,0.243345010342,0.000673911323862,0.000673911323862,0.148551441671,0.0100011435313,0.0100016962102,0.0132593182678,0.0709614741113,0.0100009385668,0.0100452378371,0.0100040776619,0.0100012186287,0.0100055851056,0.0100294521969,0.0100031342752,0.0100017384605,0.0100025953531,0.0100031413317,0.0100037205089,0.0100028630235,0.0100025876077,0.0129256424854,0.0422546073514,0.03116380824,0.0118919471161,0.0301908088868,0.0101283948121,0.0100197508552,0.0100074051289,0.0100020675768,0.0100025826774,227.071510092,306.007321826,1.22329618776,4.99122603141,8.54940731001,12.4141430948,2.69393500275,1.37126467091,4.05604931222,5.53397183516,4.95087509159,22.1648146291,2.54973587323,1.79106628838,1.22907005362,194.659270527,7.16662505835,7.04635227743,2.74176853033,82.8711214851,0,0,157.943534916,2.50882925656,3.32771420555,2.43828253601,11.4424032649,3.61396829592,0,0.61441141227,5.53454169223,2.37942083631,0.056960976074,1.35828410065,2.52415268166,1.62353916412,2.31975942556,1.69047550294,2.00355394948,1.95592657938,0.259997563154,2.96755879298,1.9211448368,0.420893073902,1.4182407524,0.249992358449,0.51007253762,0.438640405958,2.01026462782,1.16723431188
refine__sobol__0004077__pro_sup__m5@@middle_deltoid@@0.00,90.14151069,110.66850675,-38.97703542,118.91376112,30.64364769,18.44346637,45.17195712,Middle deltoid,DELT2,0,0,solver_failed,The static optimization solver did not converge,818.330372,,3.89684089441e-08,,,0,0,,,,,,,,,,,,,,,,,,,,,,,,,,,,,,,,,,,,,,,,,,,,,,,,,,,,,,,,,,,,,,,,,,,,,,,,,,,,,,,,,,,,,,,,,,,,,,,,,,,,
refine__sobol__0001369__elv_angle__p2@@supraspinatus@@0.00,56.23819038,98.00493253,-15.86912526,47.66131971,-5.87978981,3.89146441,-10.69718351,Supraspinatus,SUPSP,0,1,usable,Converged with independently replayed constrained generalized-force equilibrium and small reserve torques,445.147187,0.269546604442,1.82855899311e-08,1.19371179608e-12,9.22901742958e-06,13,0,0.187510000412,0.34947583295,0.0230791018848,0.000673804094656,0.294612011958,0.0139170805305,0.0328624213212,0.0100051220162,0.0100030932864,0.0100007320999,0.0100008650752,0.0100031630816,0.010002651023,0.0100028453015,0.0100026718974,0.0100058898749,0.0299569225173,0.0292058463431,0.0100476677684,0.0100061536272,0.0845553991153,0.0100031182036,0.010011097088,0.0100195572321,0.0352229098986,0.0392170523356,0.0204713661414,0.0100053767536,0.0100048267873,0.0100119629602,0.0782758769423,0.0342431598039,0.0100199242735,0.0100121400925,0.0100109810211,0.0100161424494,0.0100124757431,0.010015598345,0.010014333516,0.0100155444204,0.0101163446424,0.0274065965436,0.0100452373844,0.0128884627489,0.0108318580871,0.0103095679554,0.0100892305927,0.0100379480783,0.0100120920013,0.0100212396736,214.733255686,224.226299413,4.64611359076,0,299.856546298,18.1328983725,8.4586063104,1.41260861615,4.3579760606,6.56930242528,4.80940419993,2.7195786564,2.98187414641,1.87583107601,2.08054743364,2.03041172058,19.8903579853,18.9044358809,0.20827721992,3.76080490605,44.3946014549,1.41017992589,11.778856775,2.76465896604,11.8806875088,9.90173407188,3.94377693905,4.08083143815,4.62463269792,1.01016263073,41.4962993442,9.74628084895,0.749876264379,1.7110967726,2.59005063246,1.60650178737,2.3695067369,1.73144479274,2.10775070646,1.9733551755,0.309318052552,2.99186944503,0,0.628952762249,0.724412058115,0.470406530756,0.757347223797,0.461187436842,1.7037195908,1.16823920965
refine__sobol__0001262__shoulder_elv__p5@@middle_deltoid@@0.00,44.74600288,65.17290128,-58.93553151,17.95428846,-63.69228981,12.84654254,-53.58780851,Middle deltoid,DELT2,0,0,solver_failed,The static optimization solver did not converge,975.190342,,5.61065149896e-08,,,0,0,,,,,,,,,,,,,,,,,,,,,,,,,,,,,,,,,,,,,,,,,,,,,,,,,,,,,,,,,,,,,,,,,,,,,,,,,,,,,,,,,,,,,,,,,,,,,,,,,,,,
refine__sobol__0003073__elbow_flexion__p2@@posterior_deltoid@@0.00,39.69229194,81.85014738,-55.82273854,87.01727674,19.23739769,-6.67860394,5.44539462,Posterior deltoid,DELT3,0,1,usable,Converged with independently replayed constrained generalized-force equilibrium and small reserve torques,330.124433,4.27168440293,9.44856992646e-08,8.24673662692e-13,0.000278273703306,21,1,0.0100000516285,0.401810054784,0.000840370015975,0.0100000495166,0.0100019178125,0.0100000333616,0.99999957078,0.0100001653752,0.730127513276,0.0100001107913,0.0100001163168,0.010000092139,0.010000070274,0.010000092324,0.506056290176,0.0100002306449,0.752351130873,0.736660637988,0.150783780743,0.0100701873401,0.67575828559,0.0100003101828,0.0100005137045,0.0100006081046,0.0100016754429,0.02169955825,0.0101662472886,0.0100014750843,0.0100013535765,0.0100041068705,0.702061015307,0.468137946555,0.0100063782185,0.010003439575,0.0100265548023,0.0101133705764,0.0100176011731,0.0100231056913,0.0100499301025,0.0101669007557,0.0192794588017,0.08886866704,0.0777253263721,0.044202895066,0.0149442028312,0.0158419231043,0.0100282003645,0.0100393249794,0.0100082550806,0.0100152210253,11.0374917604,317.621835015,0,4.65599385955,9.29589782296,12.9837998451,235.972531447,1.43268164861,324.101028247,6.57083240665,4.81936694041,2.7012614165,2.93073691231,1.85031402691,105.267195578,1.13874492625,529.990144676,508.114369966,39.1772617063,0,339.442796266,2.25461507157,11.0478962353,2.52599344437,3.13508702179,5.46680781093,1.46938531773,3.75715220762,4.25140173063,0.922953918852,371.474597156,127.480053226,0.655062904733,1.59654879831,2.5905507654,1.64336008096,2.37202796434,1.73271923342,2.06963072137,2.00547854784,0.439479441388,8.29029792539,6.34763136345,2.12506371693,0.750793346085,0.649829778677,0.718099277901,0.461643565478,1.99520447817,1.16575165896
refine__sobol__0000603__flexion__m2@@triceps@@0.00,9.85342476,113.42973722,-41.13767995,109.2970619,6.85458519,23.7669527,37.40047274,Triceps,TRIlong;TRIlat;TRImed,0,0,reserve_too_high,The posture requires more reserve torque than the quality limit permits,351.70162,85.8908217047,2.38880268455e-07,1.52315999458e-06,0.118635037652,29,4,,,,,,,,,,,,,,,,,,,,,,,,,,,,,,,,,,,,,,,,,,,,,,,,,,,,,,,,,,,,,,,,,,,,,,,,,,,,,,,,,,,,,,,,,,,,,,,,,,,,
refine__sobol__0002303__pro_sup__p5@@biceps@@0.00,-51.09872368,96.64018644,-31.57957448,101.96551893,-66.62197731,15.62364215,40.07430087,Biceps,BIClong;BICshort,0,1,usable,Converged with independently replayed constrained generalized-force equilibrium and small reserve torques,362.869853,2.06344646958,3.67627279729e-08,2.18136619878e-12,0.000250072806088,30,1,0.787127754039,0.999999501954,0.0100005145374,0.0100000732061,0.0100000435905,0.0100000903556,0.0100005822993,0.0100008241291,0.0100000600527,0.0100000330037,0.0100000452005,0.270775458963,0.0100002663075,0.0100002099411,0.0100001789416,0.5386646894,0.0100045375834,0.0100046073441,0.0100153512531,0.1995832659,0.000673946434718,0.000673946434718,0.162397403486,0.0100015875619,0.0100021979333,0.0184562127756,0.0765646812924,0.0100010568439,0.010045237727,0.0100047549965,0.0100015029237,0.0100061722227,0.0100351745152,0.0100035646419,0.010001816831,0.0100026936208,0.0100032366721,0.0100038427655,0.0100029548609,0.0100026617527,0.0129083586156,0.0433585811564,0.0321793626129,0.0127908393432,0.0298018618777,0.0101437567457,0.010021615422,0.0100077916825,0.010002162747,0.0100027181307,326.268706484,270.541450505,1.32780764609,4.98970407413,8.37509383572,12.4057318591,2.6939275497,1.37781122913,4.05746499475,5.45720171597,4.93559411753,67.2960601825,2.61914871801,1.7971831723,2.00404041304,217.684448436,7.16635435857,7.04608253979,2.74151732949,68.820459863,0,0,172.664900984,2.49409681746,3.31782082867,3.38850831271,12.4353603341,3.58193667714,0,0.578313153247,5.56104028173,2.42769185841,0.0345189517545,1.32441504056,2.52056372431,1.62296874585,2.31766451072,1.68891198396,2.00158895259,1.95441363019,0.260669474062,3.06048423691,1.99015599486,0.45394089493,1.40108416535,0.250166982805,0.508925281221,0.438657349311,2.0102837556,1.16725011837
refine__sobol__0001262__elbow_flexion__m2@@biceps@@0.00,44.74600288,60.17290128,-58.93553151,15.95428846,-63.69228981,12.84654254,-53.58780851,Biceps,BIClong;BICshort,0,1,usable,Converged with independently replayed constrained generalized-force equilibrium and small reserve torques,355.904382,4.05240424578,1.65698885723e-08,5.58486590307e-12,0.000812390524591,16,3,0.128573085815,0.731483398408,0.0100000213819,0.0100000098596,0.657603056535,0.0100000030587,0.999999850425,0.0100000351703,0.999999954002,0.0100001226588,0.0100000368473,0.0100000168498,0.0100000114357,0.010000016552,0.99999974795,0.0100000054938,0.0100018880851,0.010002323667,0.0100452376717,0.0247132508738,0.000673952352585,0.000673952352585,0.223135362487,0.0490589289141,0.0100452376717,0.0429487612135,0.010002677534,0.0606934350924,0.0100024919906,0.010185985186,0.0152747768976,0.0100268229623,0.0100357354542,0.0100407072612,0.0102862490098,0.0123959364434,0.0100102364367,0.0100160810476,0.0100237951967,0.0161310070632,0.0100137732154,0.0100064494292,0.0100101071273,0.0100301481453,0.0100083464143,0.0100237456155,0.0101222367595,0.0215745055374,0.0203164462026,0.049033364846,122.868301193,728.075488996,2.0024942456,4.77389934887,602.236496421,12.0249788281,208.048889886,1.43857274619,443.873488042,6.48459040568,4.58398234428,2.66500378957,2.85228587701,1.80500435298,202.601920823,4.96017875195,5.74643239685,4.62729207694,0,8.57731809841,0,0,262.18748805,11.859001428,0,10.5026751269,1.8432026114,10.5262169826,4.29400932837,0.25163281801,2.96031506726,2.46274962862,0.469366887495,1.32497111695,2.06759923424,1.44771835017,2.06528585447,1.54551905811,2.12328542336,2.54830252111,0.392343431289,0.971157547046,0.878549887955,0.447751721334,0.704290117345,0.461103671125,0.891042147104,0.91456442578,1.71593360536,4.79094723074
refine__sobol__0001387__pro_sup__m5@@subscapularis@@0.00,23.30069038,95.97368253,56.78712474,29.38006971,51.62021019,14.28208941,-8.82218351,Subscapularis,SUBSC,0,1,usable,Converged with independently replayed constrained generalized-force equilibrium and small reserve torques,378.190623,1.09628656041,3.30469944743e-08,1.56684423227e-12,5.38924969052e-05,22,1,0.046241115644,0.999999124421,0.23425369626,0.0100006965329,0.135211056292,0.000673893307332,0.0100040579969,0.0100010900178,0.0100012162874,0.0100001714331,0.0100001653899,0.0100007691773,0.0100005560545,0.0100005576852,0.0100004454146,0.0100023414713,0.0709036180985,0.0649052423607,0.0100452377241,0.0100452377241,0.0100007700805,0.0100060385643,0.0100059105389,0.0100085852163,0.0100273779865,0.0355997082692,0.0539304201119,0.0100030752743,0.0100051993871,0.0100082784623,0.015722926378,0.0140894642218,0.0100159836497,0.0100086059709,0.0100070224466,0.0100101751498,0.0100102904819,0.010012353934,0.0100102399909,0.0100099277023,0.0112837006789,0.0415478521195,0.0335062543061,0.0156083621275,0.0211985682523,0.0120559261467,0.0100801158593,0.0100269087355,0.0100097121472,0.0100131350171,56.3170436141,407.898761081,47.1727587727,4.66147815345,133.132072094,0,2.43027001728,1.43801763431,4.30950443541,6.45276524027,4.66004765813,2.62682079555,2.85517192724,1.81522030435,1.89856885554,3.30854957182,45.1899649607,37.8665865795,0,0,1.98589785377,0.134411481747,11.7804731138,2.57950119521,3.10174873794,8.52995558837,10.3974579012,3.93598627225,4.60220582327,0.965383078369,8.7604482794,3.52177039799,0.754149842843,1.7133393478,2.5897081267,1.62364233721,2.37030757427,1.73104510922,2.08199502934,1.97478955902,0.382459629444,4.5369633283,3.15722360015,0.761682754894,1.52223673332,0.5396432013,0.635591437775,0.434695468989,1.5856464954,1.11198552046
refine__sobol__0000673__shoulder_elv__p5@@coracobrachialis@@0.00,31.65029976,102.68754972,55.54200755,18.3986244,74.97958519,13.78648395,40.80672274,Coracobrachialis,CORB,0,0,solver_failed,The static optimization solver did not converge,646.998063,,6.03490946105e-08,,,0,0,,,,,,,,,,,,,,,,,,,,,,,,,,,,,,,,,,,,,,,,,,,,,,,,,,,,,,,,,,,,,,,,,,,,,,,,,,,,,,,,,,,,,,,,,,,,,,,,,,,,
refine__sobol__0000603__shoulder_elv__m5@@brachioradialis@@0.00,9.85342476,108.42973722,-41.13767995,109.2970619,6.85458519,23.7669527,39.40047274,Brachioradialis,BRD,0,1,usable,Converged with independently replayed constrained generalized-force equilibrium and small reserve torques,432.473712,3.28879039602,2.33167305908e-07,4.63984406451e-12,0.000334584451765,27,1,0.010001179088,0.641099737917,0.896124207011,0.256987116628,0.514898925068,0.462011496964,0.0100008026617,0.0100008977227,0.419745663347,0.0100000929573,0.0100000828885,0.0100008753291,0.0100004647472,0.0100003604531,0.0100002714969,0.113741800274,0.0819404444089,0.0812258763071,0.0190898800143,0.0100452381375,0.0100061630086,0.0100006909109,0.0100029213384,0.00067403779442,0.0100001259246,0.0100005473703,0.995512066655,0.0100005067014,0.0100452381375,0.0100031965934,0.0100001486312,0.0100003723438,0.0100452381375,0.163982892366,0.0100007976812,0.0100008669531,0.35381625765,0.153795221679,0.0100139114195,0.0100007878879,0.122269955185,0.187523702529,0.130178626099,0.0100070551649,0.29969493212,0.0100041248193,0.0100012199866,0.0100005470885,0.0100001490057,0.0100001740809,11.924077421,40.4150645971,172.017842611,12.60582723,507.095795629,594.728495319,2.58364702828,1.43379310114,186.299365317,6.33787041143,4.97246579491,2.70318817603,2.96039720568,1.87478021641,1.34046433565,9.3721643473,58.7771552938,57.7563430614,5.35593108777,0,4.78061430056,2.48073227388,10.2961466747,0,3.1569683481,1.60340840325,176.474061897,2.60568587462,0,0.238199951818,5.09236944123,2.79818970365,0,14.3344529212,2.48094433872,1.60682128329,80.9919738349,25.6669772492,1.97801804983,1.93541549867,2.8342432599,14.895416345,8.63939900498,0.372207902565,15.0188968628,0.246622496274,0.408608302502,0.390006489923,2.00723081961,1.14912411373
refine__sobol__0000463__pro_sup__m2@@biceps@@0.00,-42.35360649,88.16606534,77.66114818,12.43182752,72.51083519,-8.80628949,-44.15421476,Biceps,BIClong;BICshort,0,1,usable,Converged with independently replayed constrained generalized-force equilibrium and small reserve torques,529.319568,2.11646902388,2.42107610404e-07,2.01794136956e-12,7.70391832736e-05,24,0,0.0100015477057,0.352482520201,0.0100021230158,0.748346509451,0.010000337024,0.0100000705852,0.0100452377087,0.0100007151698,0.774553818461,0.0100001145184,0.0100001513276,0.0100004675743,0.0100006391094,0.0100003537283,0.0100008339996,0.0949268828982,0.211245545606,0.166327469979,0.0100452377087,0.0100452377087,0.000673972645634,0.000673972645634,0.0100020178873,0.0100042302331,0.0100452377087,0.626235262252,0.0100004950063,0.327164625715,0.0100003357516,0.0100184868777,0.321780788484,0.0855433363228,0.0100055145526,0.0100027234123,0.164493527545,0.173674083207,0.0100024672394,0.0100075979124,0.0869175181214,0.252757594505,0.010005271957,0.0100015329726,0.0100223373241,0.0263188545212,0.0100032193365,0.0532569919347,0.010003153653,0.0460245633395,0.0100045811176,0.0595624564566,2.13686318949,246.340366817,1.65949199472,137.371770423,1.63697076318,12.1246248997,0,1.35202756876,301.842885471,5.92179601659,4.97254084594,2.32962939893,0.569407064369,1.78012246228,1.1583732069,61.7940774104,115.14632996,71.3838958287,0,0,0,0,11.7294276167,2.37090001688,0,154.640799576,1.91384392459,92.1549241824,3.161331999,0.529339973392,179.289094338,17.3017613834,0.503885345058,1.44679303527,41.2449354725,26.337519757,2.20042340857,1.676103674,18.4590672392,49.2541625843,0.38443647227,1.06229473145,0.918954534806,1.2025700701,0.724188565479,2.50503351093,0.775541859226,2.11682311656,1.0585368186,6.8481393745
refine__sobol__0001262__deviation__p5@@biceps@@0.00,44.74600288,60.17290128,-58.93553151,17.95428846,-63.69228981,17.84654254,-53.58780851,Biceps,BIClong;BICshort,0,1,usable,Converged with independently replayed constrained generalized-force equilibrium and small reserve torques,356.701475,4.09411441432,3.08631200596e-08,2.90252584457e-12,0.000859772424867,18,3,0.139978456814,0.728152048809,0.0100000196591,0.0100000087647,0.688355100587,0.0100000023383,0.999999862068,0.0100000327185,0.999999957473,0.0100001167616,0.0100000344495,0.0100000153901,0.0100000102691,0.0100000151108,0.999999771359,0.0100000049464,0.0100018609904,0.0100022595414,0.0100452379794,0.0306006365823,0.000673955313017,0.000673955313017,0.222520713384,0.0473075346048,0.0100452379794,0.040525899255,0.0100022208927,0.0618611197589,0.0100017658197,0.0102493809598,0.0122472582227,0.0100243941162,0.0100266009326,0.0100216135751,0.0100759798885,0.0115071321103,0.0100074534836,0.0100115934768,0.0100148805228,0.0137983695797,0.0100118487091,0.0100056059876,0.0100085738278,0.0100295367329,0.0100069767674,0.0100206640807,0.0135624601606,0.0271557935799,0.0270344022098,0.0620611836543,133.767616155,724.759659843,2.00249390061,4.77389882625,630.399387507,12.0249779611,208.048892286,1.43857239348,443.873489583,6.48458658159,4.58398124509,2.66500340055,2.85228554427,1.80500409282,202.601925562,4.86431383118,5.89753452939,4.81758838677,0,10.6206745248,0,0,261.651105663,11.5072853432,0,9.93203832085,1.81156740345,10.5479547377,4.60719552252,0.247247373575,2.46393449667,2.46215306477,0.49766228119,1.36012730702,2.01884820127,1.33074699445,2.10209940943,1.56382908458,2.12256693125,2.16222220258,0.389475184123,0.952386489225,0.875759580691,0.449004171919,0.697494879423,0.459102324107,1.19113067726,1.09145910466,2.14731374506,5.73893730213
refine__sobol__0002303__flexion__p2@@brachioradialis@@0.00,-51.09872368,96.64018644,-31.57957448,101.96551893,-71.62197731,15.62364215,42.07430087,Brachioradialis,BRD,0,1,usable,Converged with independently replayed constrained generalized-force equilibrium and small reserve torques,349.60938,2.28217355002,2.02801295757e-08,2.39201694285e-12,0.000283849832924,31,1,0.866583211497,0.999999607739,0.0100004482251,0.0100000613526,0.010000036022,0.0100000852031,0.0100005046417,0.0100007538257,0.0100000518863,0.0100000280467,0.0100000389565,0.354819734595,0.0100002383404,0.0100001861093,0.0100001568014,0.562105219661,0.0100044756529,0.0100045445694,0.0100151969617,0.218387104403,0.0100000431015,0.0100001703655,0.164888763357,0.000674007307094,0.0100018304287,0.0105171174457,0.0777742755278,0.010000969303,0.0100452374408,0.0100044365973,0.0100013982613,0.0100060999945,0.0100365407323,0.0100033474628,0.0100017165249,0.0100025442163,0.0100031217293,0.0100036858596,0.0100028252501,0.0100025154151,0.013461869815,0.0437025942562,0.0326939060278,0.0123222348092,0.0308333630608,0.0101136270248,0.0100183931708,0.0100069316081,0.0100019216253,0.0100024027249,359.203422838,270.541479144,1.32779884196,4.98969815955,8.3750874923,12.4057254663,2.69390663051,1.37780154343,4.05746168119,5.45719901067,4.93559103576,88.1836570559,2.61914139315,1.79717888937,2.00403598204,227.157203932,7.16630999701,7.04603832844,2.74147509489,74.3717088544,5.24806586564,2.35940777809,175.313775893,0,3.33219413053,1.89860400512,12.4232180808,3.57818497152,0,0.571112297446,5.53464109842,2.37954328177,0.0264405777493,1.31096767142,2.51448932241,1.62142443364,2.31268977517,1.68529263774,1.9971580497,1.95007567246,0.265206998876,2.99209927706,1.97654904275,0.427836995091,1.41836216452,0.241109704327,0.502538716675,0.438967861617,2.00982444765,1.16722255419
refine__sobol__0000447__pro_sup__m2@@subscapularis@@0.00,-52.19735649,125.74419034,83.52052318,119.07245252,-43.73916481,5.13902301,37.40828524,Subscapularis,SUBSC,0,1,usable,Converged with independently replayed constrained generalized-force equilibrium and small reserve torques,496.58333,0.502888791142,3.91510539544e-08,2.54019028034e-13,0.000307860842301,21,0,0.305600491889,0.0100002546163,0.0100001910021,0.0100001376267,0.0100000196007,0.000674158017132,0.010000194115,0.010001052934,0.0100000456414,0.0100001082309,0.0100003239567,0.0100007884349,0.149326444934,0.47111360082,0.0100007397336,0.0100063670433,0.173092334192,0.172949531918,0.0438664237823,0.0100032144339,0.258440406858,0.0100012475217,0.0100016475101,0.0100199039979,0.0100023214857,0.0100061386921,0.107784643083,0.0100095519736,0.0100452385388,0.0100379372797,0.128143774184,0.0567148478358,0.0100452385388,0.0106337895111,0.0100174658207,0.0100150595648,0.0253971019463,0.0116198760093,0.0100602736308,0.0100106337762,0.0102040750312,0.0198599964348,0.0113173522558,0.0100359817487,0.0168851203931,0.0100281086644,0.0100114340121,0.0100075558397,0.0100032175833,0.0100030369355,229.665643939,1.95151715416,1.68721392883,3.53259695151,10.7204329138,0,2.32782120632,1.43840773219,4.11627058535,3.34147657076,3.17207124427,2.64916129401,44.7642445332,88.5808612946,1.57748116579,0.0560503120792,124.173941804,123.969133555,12.4229234922,3.61852339365,110.127944741,2.39080319692,8.90623678168,1.05092997057,3.0385903247,1.86897851811,16.1686466984,2.37714275244,0,0.120185708952,69.2285080157,15.2734311923,0,0.995521707366,2.49961637567,1.61427707403,5.87682177386,1.95648121575,2.00346786489,1.93847891733,0.200013844768,1.42024604019,0.707340945576,0.377286710124,0.748902710179,0.26971402249,0.579573420092,0.460306284868,1.98847676353,1.1566404053
refine__sobol__0001387__shoulder_rot__p2@@middle_deltoid@@0.00,23.30069038,95.97368253,58.78712474,29.38006971,56.62021019,14.28208941,-8.82218351,Middle deltoid,DELT2,0,0,solver_failed,The static optimization solver did not converge,1096.560158,,2.30539853874e-08,,,0,0,,,,,,,,,,,,,,,,,,,,,,,,,,,,,,,,,,,,,,,,,,,,,,,,,,,,,,,,,,,,,,,,,,,,,,,,,,,,,,,,,,,,,,,,,,,,,,,,,,,,
refine__sobol__0000447__shoulder_rot__m2@@anterior_deltoid@@0.00,-52.19735649,125.74419034,81.52052318,119.07245252,-41.73916481,5.13902301,37.40828524,Anterior deltoid,DELT1,0,0,solver_failed,The static optimization solver did not converge,1188.356394,,4.60800819724e-08,,,0,0,,,,,,,,,,,,,,,,,,,,,,,,,,,,,,,,,,,,,,,,,,,,,,,,,,,,,,,,,,,,,,,,,,,,,,,,,,,,,,,,,,,,,,,,,,,,,,,,,,,,
refine__sobol__0001387__deviation__p5@@teres_major@@0.00,23.30069038,95.97368253,56.78712474,29.38006971,56.62021019,19.28208941,-8.82218351,Teres major,TMAJ,0,1,usable,Converged with independently replayed constrained generalized-force equilibrium and small reserve torques,372.731403,1.11650466843,6.83040450866e-08,5.06628694106e-13,6.54082497241e-05,20,1,0.0526256219335,0.999999466606,0.278905636562,0.0100005599247,0.126605414713,0.0100002552383,0.0100034660373,0.000673964968126,0.0100010020201,0.0100001399707,0.0100001351104,0.0100006391044,0.0100004595066,0.0100004604994,0.0100003663547,0.010001819285,0.0714057579276,0.0653650031814,0.0100452377812,0.0100452377812,0.0100006641419,0.0100067498521,0.0100058742937,0.0100084324242,0.0100254924999,0.0320345742785,0.048186125677,0.0100033860266,0.0100053943509,0.0100090195496,0.0185802607943,0.0141610853037,0.0100165077388,0.0100089845856,0.0100076478011,0.0100110388125,0.0100112019795,0.0100133771712,0.0100111682363,0.0100108565501,0.0109661719329,0.0387613278031,0.0312517319908,0.0146569968667,0.0196017516737,0.0115748783885,0.0100763878958,0.0100298726023,0.0100115083147,0.0100157163162,64.0927322874,407.898900177,56.1645281331,4.66141447845,124.658749526,11.5395300251,2.43012621358,0,4.30941210821,6.45274493912,4.66003354837,2.62678663038,2.85514436279,1.81520266402,1.8985538453,3.30837684409,45.5100005529,38.134817198,0,0,1.90864833266,0.097744773301,11.7804304405,2.57038222139,2.99290956903,7.5304439191,9.23009531984,3.83442397399,4.55552176367,0.936353063866,10.3518312788,3.42907948795,0.754174911283,1.7134051779,2.58987104509,1.6228035957,2.37052070996,1.73121403224,2.08162174981,1.97489382429,0.386042448839,4.23203094852,2.94776801801,0.715256650389,1.41659848743,0.522374052862,0.604678351692,0.408577072836,1.49080722991,1.04627462918
refine__sobol__0001711__elv_angle__p5@@infraspinatus@@0.00,-42.18759087,105.74907316,38.18360911,69.37030409,-34.16103981,17.0506441,27.62312899,Infraspinatus,INFSP,0,0,solver_failed,The static optimization solver did not converge,1304.948442,,2.53658107852e-08,,,0,0,,,,,,,,,,,,,,,,,,,,,,,,,,,,,,,,,,,,,,,,,,,,,,,,,,,,,,,,,,,,,,,,,,,,,,,,,,,,,,,,,,,,,,,,,,,,,,,,,,,,
refine__sobol__0000603__elbow_flexion__p2@@infraspinatus@@0.00,9.85342476,113.42973722,-41.13767995,111.2970619,6.85458519,23.7669527,39.40047274,Infraspinatus,INFSP,0,0,solver_failed,The static optimization solver did not converge,1204.291386,,2.33238832692e-07,,,0,0,,,,,,,,,,,,,,,,,,,,,,,,,,,,,,,,,,,,,,,,,,,,,,,,,,,,,,,,,,,,,,,,,,,,,,,,,,,,,,,,,,,,,,,,,,,,,,,,,,,,
refine__sobol__0001262__deviation__p2@@latissimus_dorsi@@0.00,44.74600288,60.17290128,-58.93553151,17.95428846,-63.69228981,14.84654254,-53.58780851,Latissimus dorsi,LAT1;LAT2;LAT3,0,1,usable,Converged with independently replayed constrained generalized-force equilibrium and small reserve torques,392.796095,3.28239134799,1.83258244135e-08,3.78008735424e-12,0.000262362000649,9,2,0.0126101282846,0.65061456198,0.0100000865083,0.0100000515286,0.278585490241,0.0100000305147,0.999998150601,0.0100001262929,0.999999771228,0.0100002990701,0.0100001192603,0.000673956326627,0.000673956326627,0.000673956326627,0.787237453683,0.0100000382569,0.0244246068082,0.0199710726206,0.0100452380028,0.0100012619262,0.234938113337,0.0100013300421,0.0100136334053,0.0947470298719,0.0100452380028,0.111432198452,0.0100389594261,0.111272639898,0.0100504370463,0.0165893458108,0.215338356938,0.114842828907,0.0203227731273,0.0611758080233,0.0463557832135,0.0271409171549,0.0109560977308,0.0135518154716,0.0276777736792,0.0218197708235,0.0100670184456,0.0107564526344,0.0200261912061,0.0150164228114,0.0100644329811,0.0101659091188,0.0101455208344,0.0102364412178,0.0100212012424,0.0102856318393,12.0506172077,647.583412556,2.00250728711,4.77391924131,255.130124382,12.0250118439,208.048536254,1.4385858548,443.873406913,6.48470479967,4.58402012201,0,0,0,159.495860457,4.86433003418,14.4018160383,9.61906728543,0,3.47117444666,105.833548876,1.47844714681,11.7745364572,23.0466693578,0,27.2557011406,1.83905801685,19.4797037635,4.47175591941,0.41699562276,43.3223172534,28.2072532154,0.985371689924,8.21945825976,9.30592804014,3.15724864564,2.27704353905,2.10142658618,5.86414994487,3.43520460184,0.393756566315,1.04015621768,1.75751797791,0.671929757285,0.706265167647,0.466939216296,0.892440053134,0.425068563832,0.827651888834,0.983748617569
refine__sobol__0001387__pro_sup__p2@@coracobrachialis@@0.00,23.30069038,95.97368253,56.78712474,29.38006971,58.62021019,14.28208941,-8.82218351,Coracobrachialis,CORB,0,1,usable,Converged with independently replayed constrained generalized-force equilibrium and small reserve torques,375.623415,1.10575181298,8.46873433602e-08,1.27897692437e-12,5.97148156752e-05,21,1,0.0505374645572,0.999999338226,0.256524750445,0.0100006199204,0.130020339507,0.0100002805115,0.0100037367458,0.0100009876153,0.010001098427,0.0100001540748,0.0100001486878,0.0100006976,0.0100005027716,0.0100005040497,0.000673991914781,0.0100020446219,0.0717943908168,0.0657207188441,0.0100452377054,0.0100452377054,0.0100007355385,0.0100082547311,0.0100058465416,0.0100082897503,0.0100185186462,0.0290071368677,0.0521084303912,0.0100031474457,0.0100058380688,0.0100085706624,0.021445240715,0.0145868060764,0.0100163570035,0.0100088475517,0.010007425907,0.0100107012213,0.0100111106427,0.010013178194,0.0100109081305,0.0100104928472,0.0110008488176,0.0397422326357,0.0317940330575,0.0146643309009,0.0203599002881,0.0112328237345,0.010067387568,0.0100263913537,0.0100099724434,0.0100129908866,61.5495659213,407.898849723,51.657584769,4.66144244297,128.021166947,11.5395591864,2.43019197716,1.43800291024,4.30945364954,6.4527540387,4.66003987408,2.6268019947,2.85515671444,1.81521056864,0,3.30845138185,45.7576932248,38.3423464721,0,0,1.87814165409,0.0838872014665,11.7803977665,2.56650469553,3.07637909202,6.89093814996,10.0487126375,3.89942494725,4.61785471026,0.954588110331,11.9472259954,3.46828275808,0.75421360519,1.71344459494,2.58981230983,1.62395946606,2.37050171293,1.7311871819,2.08155491139,1.97492593086,0.370524093877,4.33981703236,2.99421647582,0.715612637249,1.46092521813,0.502558324593,0.629956524765,0.434673039051,1.58568772898,1.11196951446
refine__sobol__0001262__elbow_flexion__m2@@pectoralis_major@@0.00,44.74600288,60.17290128,-58.93553151,15.95428846,-63.69228981,12.84654254,-53.58780851,Pectoralis major,PECM1;PECM2;PECM3,0,0,solver_failed,The static optimization solver did not converge,815.050684,,1.6246897161e-08,,,0,0,,,,,,,,,,,,,,,,,,,,,,,,,,,,,,,,,,,,,,,,,,,,,,,,,,,,,,,,,,,,,,,,,,,,,,,,,,,,,,,,,,,,,,,,,,,,,,,,,,,,
refine__sobol__0001387__pro_sup__m2@@brachioradialis@@0.00,23.30069038,95.97368253,56.78712474,29.38006971,54.62021019,14.28208941,-8.82218351,Brachioradialis,BRD,0,1,usable,Converged with independently replayed constrained generalized-force equilibrium and small reserve torques,354.265025,1.12821710561,5.0872941415e-08,1.79056769412e-12,7.07099621814e-05,21,1,0.056110603843,0.9999995487,0.299614699624,0.0100005137862,0.124080648173,0.0100002353698,0.0100032450991,0.0100008381626,0.0100009269573,0.0100001288737,0.0100001244105,0.0100005925603,0.0100004252231,0.0100004260471,0.0100003384875,0.0100016406173,0.0682821979933,0.0625059335636,0.0100452379917,0.0100452379917,0.0100006076005,0.0100056198229,0.0100061072405,0.000673974831953,0.0100237028104,0.0330088250304,0.0534532652088,0.0100031438977,0.0100055856545,0.0100084759311,0.0163206158207,0.0134969872727,0.0100163660768,0.0100088483255,0.0100072118856,0.0100104068293,0.0100106839843,0.0100127501781,0.0100105459548,0.0100101618881,0.011107469346,0.040503818568,0.0325159173543,0.0150558998983,0.0208091844616,0.0116574551682,0.0100737217275,0.0100265717329,0.0100098072853,0.0100130077355,68.3370909163,407.898935072,60.3348086959,4.66139297225,122.172803391,11.5395070969,2.43007254169,1.43798142102,4.30937976357,6.45273777759,4.66002856124,2.62677440487,2.85513457443,1.81519641032,1.8985485569,3.30831774555,43.5192197174,36.466797735,0,0,1.93937287129,0.112100116735,11.7807047007,0,3.09112866682,7.88032640692,10.3067344083,3.92158952096,4.60865784356,0.961122080422,9.093241331,3.31740178853,0.754197997836,1.71341176152,2.58975699262,1.62380095855,2.37040070502,1.73111327979,2.08175395584,1.97484827187,0.375517624431,4.42296931138,3.06324328317,0.734722349037,1.49380297094,0.521692099723,0.633035769627,0.434680858979,1.58566156616,1.11197138552
refine__sobol__0000625__shoulder_elv__p5@@subscapularis@@0.00,52.04092476,75.77348722,-38.79392995,54.4533119,79.35458519,9.0013277,-41.22452726,Subscapularis,SUBSC,0,0,solver_failed,The static optimization solver did not converge,1051.603016,,2.48803218028e-08,,,0,0,,,,,,,,,,,,,,,,,,,,,,,,,,,,,,,,,,,,,,,,,,,,,,,,,,,,,,,,,,,,,,,,,,,,,,,,,,,,,,,,,,,,,,,,,,,,,,,,,,,,
refine__sobol__0000673__shoulder_elv__p2@@pectoralis_major@@0.00,31.65029976,99.68754972,55.54200755,18.3986244,74.97958519,13.78648395,40.80672274,Pectoralis major,PECM1;PECM2;PECM3,0,1,usable,Converged with independently replayed constrained generalized-force equilibrium and small reserve torques,351.615586,1.2744336191,8.1921484707e-08,8.81072992343e-13,0.000134339091389,25,1,0.0941270272574,0.999999837029,0.409546975991,0.010000310488,0.0639141842519,0.0100001392094,0.0100005337591,0.0100004966181,0.000673984683813,0.000673984683813,0.000673984683813,0.0100003567918,0.0100002454036,0.0100002438744,0.0100001684996,0.0100005632379,0.101990548132,0.0836004663311,0.0100452377205,0.0100452377205,0.0100003101887,0.0100189974024,0.010004233833,0.0100059951982,0.0186843567821,0.0708699598614,0.0829611989832,0.0100006928965,0.0100010879025,0.0100022817575,0.197992286609,0.0456650334392,0.0100037382994,0.0100016898879,0.0100013157102,0.0100020406549,0.0100018190755,0.0100023031554,0.010001909611,0.0100020208371,0.0204383913181,0.0976929137293,0.0748047896333,0.041757805807,0.0436220935331,0.0227372793077,0.0120019662356,0.0100180553193,0.0100030137219,0.010005083606,113.975284774,377.293670966,82.4915510123,4.44015849536,67.2245550673,11.5363708316,2.57529758035,1.43860172515,0,0,0,2.65177868747,2.89551428789,1.83240230977,2.00466761527,3.5493849659,60.4561856709,40.6188658196,0,0,1.77787779725,0.0114648773895,11.7649777724,2.41201373743,4.19799384216,9.54239594833,15.676734643,4.03081994214,3.62312811911,0.955717511116,110.314241091,8.99883509351,0.689284143434,1.61979253923,2.43145144487,1.57390523146,2.26609068015,1.65063810121,1.94409536106,1.89266219445,0.460918320839,8.0255982503,5.10542459813,1.58428132921,2.44501787952,0.536552369937,0.484432363793,0.448557375093,2.00944719112,1.16753206103
refine__sobol__0002761__pro_sup__p2@@pectoralis_major@@0.00,69.66299507,114.79448331,76.3794099,89.90497205,34.59677269,20.57969684,-39.26163663,Pectoralis major,PECM1;PECM2;PECM3,0,1,usable,Converged with independently replayed constrained generalized-force equilibrium and small reserve torques,414.578123,1.02627231639,5.77227510234e-08,1.62003743753e-12,6.20812542056e-05,15,0,0.12275360672,0.430421013836,0.222365935904,0.0100032690196,0.010000343429,0.0100003893211,0.827806341953,0.0100013683997,0.000673969883781,0.000673969883781,0.000673969883781,0.0100008016806,0.0100006306812,0.0100007251928,0.0100009490272,0.0100452377839,0.176048265654,0.172411762213,0.0357190663995,0.0100452377839,0.0913430777576,0.01000053376,0.0100013857159,0.0100014283679,0.0100452377839,0.0457065408845,0.0217463715812,0.0100024089882,0.0100028705558,0.010006615917,0.0806387447711,0.071543379826,0.010011355888,0.0100063510738,0.0100109671534,0.010016985986,0.010015732865,0.0100181440589,0.010016331166,0.0100171869924,0.0134599846234,0.0400707254025,0.0363319948013,0.0162674405514,0.0167160420602,0.0117504255366,0.0100789271597,0.0100368179061,0.0100140004871,0.0100207762431,94.1224041013,192.701993446,42.0883017625,1.98976008611,9.98336102317,11.4353573222,220.724147011,1.42351199318,0,0,0,2.71738762317,3.01657665134,1.87949405229,2.0799970685,0,124.499488101,119.409136264,9.37906075948,0,46.0422907059,2.57139909388,10.9763255657,2.50037841522,0,11.5113581437,4.13163205314,4.07995910366,4.30631605336,1.0072449717,41.4229868917,18.809133331,0.712578592553,1.67353248757,2.49865282196,1.45650084338,2.35407580715,1.72480133633,2.12674832415,1.88052072259,0.52920764946,4.20677098235,3.40066963063,0.776042240803,1.21023381573,0.553888522413,0.765630843865,0.39469425308,0.99319471861,0.939316106198
refine__sobol__0002761__shoulder_elv__m2@@posterior_deltoid@@0.00,69.66299507,112.79448331,76.3794099,89.90497205,32.59677269,20.57969684,-39.26163663,Posterior deltoid,DELT3,0,1,usable,Converged with independently replayed constrained generalized-force equilibrium and small reserve torques,325.595062,1.23677957188,5.86427368887e-08,1.47792889038e-12,7.43491967766e-05,18,0,0.0968170945241,0.471662738743,0.000673968768347,0.0100022708148,0.0100002900965,0.0100003396513,0.945907324319,0.0100012150217,0.0100003577897,0.0100001265319,0.0100001689352,0.0100007083275,0.0100005691509,0.0100006522326,0.0100008592494,0.0100452378034,0.1902149909,0.186285838717,0.0385903416948,0.0100452378034,0.107576124667,0.0100004663014,0.0100012847257,0.0100013386348,0.0100452378034,0.0478143522119,0.0197579517379,0.0100022990372,0.0100026409088,0.0100063193142,0.0971443272266,0.0819959545239,0.0100107502369,0.010006001006,0.0100110089229,0.0100172919069,0.0100153223164,0.0100178282894,0.0100163552553,0.0100175899787,0.0141018102598,0.042115798791,0.0384710815109,0.0174292181384,0.0169143810567,0.0122105592463,0.0100819524241,0.010037828702,0.01001367054,0.010021166369,75.90442849,225.126332283,0,2.13721802063,10.0379190278,11.4196634692,248.776330713,1.42823202924,3.9906467561,6.33319796206,4.61952600315,2.7127457737,3.00749494828,1.87867339284,2.07915681801,0,134.518047696,129.018060101,10.1329960709,0,54.0567649209,2.64417082056,10.9762147309,2.49854584714,0,12.0387030442,3.75194366578,4.07991518875,4.30172311278,1.00753052984,50.0489675495,21.6581596041,0.712043439142,1.67296446279,2.49609819044,1.45416539269,2.35344169343,1.72450311959,2.12679978239,1.87793384939,0.55445844471,4.42088864353,3.6003376882,0.831341199629,1.22459343077,0.575556783275,0.767671572372,0.394734002269,0.993161994223,0.939352675378
refine__sobol__0000463__shoulder_elv__m2@@latissimus_dorsi@@0.00,-42.35360649,86.16606534,77.66114818,12.43182752,74.51083519,-8.80628949,-44.15421476,Latissimus dorsi,LAT1;LAT2;LAT3,0,1,usable,Converged with independently replayed constrained generalized-force equilibrium and small reserve torques,450.907996,2.2724243167,2.39086737963e-07,1.85451654033e-12,8.65596206758e-05,21,0,0.0100013541972,0.383136411296,0.0100039297813,0.731546915523,0.0100002719175,0.010000061052,0.0100452373522,0.0100006722741,0.788748696101,0.0100001005972,0.0100001325946,0.000673971932996,0.000673971932996,0.000673971932996,0.0100007615286,0.151161521956,0.191726994948,0.150959443815,0.0100452373522,0.0100452373522,0.256387086144,0.0100452373522,0.0100022142312,0.0100039021863,0.0100452373522,0.629973180312,0.0100004692644,0.317278575591,0.0100003262171,0.0100158527794,0.403139872294,0.0941916008978,0.0100051666209,0.0100025040084,0.168307492029,0.179700706217,0.0100023921961,0.0100073661269,0.0902925584661,0.263821804184,0.0100050674934,0.0100014628503,0.0100192772415,0.0258969068084,0.0100030244671,0.0532603290889,0.0100030324537,0.0482514809077,0.0100046422045,0.0649866467847,1.98784113114,281.168008748,1.56633998284,134.92027124,1.82494686494,12.1255338237,0,1.34505007409,303.501488523,6.0330859471,4.97235573159,0,0,0,1.16171982559,99.981314058,104.507102184,64.7882951121,0,0,13.1097301404,0,11.7296578704,2.36893494125,0,155.656235933,1.9121594444,88.745053631,3.13070981846,0.523952383021,224.621237689,18.650198848,0.499766478866,1.44064060343,42.1753731164,27.2401451099,2.19924939025,1.67537204561,19.1758882649,51.4102163096,0.383771204549,1.06301093682,0.919197485362,1.18402724611,0.724171837907,2.50521223736,0.774735761711,2.21924648019,1.05854328176,7.4717807346
refine__sobol__0000603__elv_angle__p5@@latissimus_dorsi@@0.00,14.85342476,113.42973722,-41.13767995,109.2970619,6.85458519,23.7669527,39.40047274,Latissimus dorsi,LAT1;LAT2;LAT3,0,1,usable,Converged with independently replayed constrained generalized-force equilibrium and small reserve torques,335.383335,2.25353859547,2.31638459525e-07,4.9098503041e-12,0.000325810878312,23,0,0.010000687683,0.137361084702,0.530626343429,0.230305281308,0.540450336509,0.471145563679,0.0100017206835,0.0100019441273,0.238432644773,0.0100001930787,0.0100001755862,0.000674018165845,0.000674018165845,0.000674018165845,0.0100005072319,0.0430284301856,0.100795871413,0.0999166983232,0.0234557093722,0.0100452378843,0.0108171557461,0.0100017749992,0.0100024020421,0.0100017140796,0.0100001344724,0.0100005386781,0.963970238546,0.0100005189565,0.0100452378843,0.0100031899153,0.010000250209,0.0100006252955,0.0100452378843,0.149553952302,0.0100009127665,0.0100009815737,0.365567686089,0.166315514534,0.0142792420397,0.0100008827809,0.133491558775,0.237806907876,0.168275318496,0.010011992756,0.295934050139,0.0100044794628,0.0100012174331,0.0100005616594,0.0100001517817,0.0100001781914,12.177493907,3.3800558806,103.129327912,13.4263024702,526.510588775,605.713157021,2.57402760753,1.41779147284,105.797722127,6.24217262905,4.97141301122,0,0,0,1.36783210851,1.91369222075,72.302446365,71.0466093845,6.58082517639,0,5.06378802981,2.49053334811,10.2956121558,1.25463473265,3.15697104659,1.60340700962,170.882653505,2.6056890679,0,0.238199792842,5.09242116761,2.79826048171,0,13.0731569471,2.48097288849,1.6068396992,83.681989808,27.7564964705,2.82053608319,1.93543386297,3.09436238976,18.8895209236,11.1677136467,0.372391554041,14.8304242113,0.246631238976,0.408608198172,0.390007058158,2.0072313768,1.14912458606
refine__sobol__0001369__pro_sup__m5@@middle_deltoid@@0.00,54.23819038,98.00493253,-15.86912526,47.66131971,-10.87978981,3.89146441,-10.69718351,Middle deltoid,DELT2,0,1,usable,Converged with independently replayed constrained generalized-force equilibrium and small reserve torques,361.4387,3.31019971521,1.61692668144e-08,1.56977564121e-12,0.00016251277513,20,1,0.478131253547,0.000673850757618,0.0100001918357,0.0100000542489,0.963617585353,0.0100000348752,0.999998972311,0.0100002698157,0.01000063504,0.0100000791097,0.0100001068026,0.0100001455363,0.0100001045236,0.010000133926,0.561334195196,0.0100002427809,0.362872124784,0.353754782661,0.0101171218139,0.0100009762984,0.517529931004,0.0100008626933,0.0100011714921,0.0100022385754,0.031385914309,0.0480566574583,0.0154640524517,0.0100047320243,0.0100018825062,0.0100095380441,0.492244459082,0.239470814906,0.0100118968699,0.0100078043741,0.0243785044415,0.0226883600707,0.0100215987581,0.0100353117247,0.0121399081448,0.0207501575445,0.014215404498,0.0614958122381,0.0100452379003,0.0327141991112,0.0144989256927,0.0149134847085,0.0100578347784,0.0100963267197,0.0100096540243,0.0100572076347,557.023112159,0,2.01382809206,4.68070924739,979.356018591,13.0045676193,257.777205263,1.41485712386,4.35918874001,6.56922679523,4.81485244675,2.71742674312,2.97820455749,1.87451166689,116.762862119,2.06907516136,240.934510576,228.979312161,0.209716928338,3.79397409662,271.75302616,1.43518777985,11.7671785172,2.75970764949,10.5864688824,12.1337106252,2.97928057304,4.08025394096,4.62753902447,1.00937818301,252.710354921,68.1762329303,0.750157412602,1.71113569766,6.30621053335,3.62767872318,2.37126668287,1.73476775033,2.55795630761,4.08654031655,0.435115665232,6.71342572687,0,1.5964421888,0.970935357546,0.680922949777,0.759951654703,0.463869608114,1.7033047291,1.17243222207
refine__sobol__0000673__elbow_flexion__p2@@posterior_deltoid@@0.00,31.65029976,97.68754972,55.54200755,20.3986244,74.97958519,13.78648395,40.80672274,Posterior deltoid,DELT3,0,1,usable,Converged with independently replayed constrained generalized-force equilibrium and small reserve torques,322.70296,1.10482541979,1.71295084783e-08,1.13991219305e-12,3.43463264387e-05,28,1,0.0313172438715,0.996077835742,0.000673945486296,0.0100015832744,0.138084714592,0.0100006218418,0.0100023112127,0.0100018349339,0.0100023620203,0.0100002927123,0.0100002876567,0.0100013060521,0.0100009445224,0.010000941005,0.0100006645637,0.0100029440413,0.0982602813921,0.0819196500099,0.0100452377721,0.0100452377721,0.0100010203495,0.0100184163071,0.0100044259201,0.0100053669327,0.0168520483623,0.0705816500311,0.0839081221042,0.0100006970898,0.0100011265055,0.0100022857106,0.198296416897,0.0453818720042,0.0100037686963,0.0100017025342,0.0100013201111,0.010002045288,0.0100018327082,0.0100023179085,0.0100019196508,0.010002023961,0.0202645255043,0.0963108645731,0.0738681622782,0.0410830705003,0.0433023608908,0.0224470504265,0.0114751636521,0.0100172062017,0.0100029484051,0.010004900857,38.0111707332,406.381125845,0,4.4544336773,144.558448373,11.5079745298,2.58090057932,1.43876141789,4.23710296111,6.38142772305,4.6196693789,2.64701164141,2.88583998881,1.82724487735,2.029131767,3.49816388439,59.493854818,41.3506091713,0,0,1.83924232965,0.0416281337481,11.7705908842,2.42912881309,3.84772627145,9.60791147609,15.78248373,4.0219615394,3.59611306972,0.954177044551,110.476631493,8.94303478163,0.6876152621,1.6172838487,2.43145251489,1.57390596056,2.26609376893,1.6506405359,1.94409731257,1.89266278563,0.451696894839,7.82566498282,4.99980442256,1.54748187951,2.40589399591,0.529703573703,0.463169162665,0.448519355856,2.00943407004,1.16751073535
refine__sobol__0001387__pro_sup__m2@@subscapularis@@0.00,23.30069038,95.97368253,56.78712474,29.38006971,54.62021019,14.28208941,-8.82218351,Subscapularis,SUBSC,0,1,usable,Converged with independently replayed constrained generalized-force equilibrium and small reserve torques,342.502454,1.09658994325,8.09735496432e-08,1.07217800391e-12,5.42503967573e-05,12,1,0.0465141980953,0.999997635553,0.23559448372,0.0100019068114,0.134690306638,0.00111408388282,0.0100110531093,0.0100029783421,0.0100033204797,0.010000482789,0.0100004663937,0.0100021070213,0.0100015276641,0.0100015320415,0.0100012269188,0.0100063647262,0.0712527769585,0.0652274002459,0.0101227279148,0.0101227279148,0.0100021564617,0.0100191828281,0.010016106088,0.0100231872086,0.0100618484033,0.0327299186239,0.0532461121699,0.0100085274054,0.0100150111432,0.0100230250215,0.0179771959351,0.0145033215953,0.0100442257935,0.0100238965681,0.010019712382,0.0100284693056,0.0100291345818,0.0100347804666,0.0100288162603,0.0100278277424,0.0115541266373,0.0407474545512,0.0327528563895,0.0153166982171,0.0209050065281,0.0120143675415,0.0101978079525,0.0100727001822,0.0100268624903,0.0100356994112,56.6496306653,407.898155049,47.4427593934,4.66204228306,132.61932937,0,2.43196932978,1.43828914906,4.31041112791,6.45296614698,4.66018792436,2.62717219593,2.85544932258,1.81539716138,1.89871722415,3.30988037784,45.41249911,38.0545377844,0,0,1.93967323317,0.112252072215,11.7924768581,2.57790054375,3.10289207757,7.81374198689,10.2667916405,3.92370004636,4.61299930442,0.962519240794,10.0162262803,3.56474700758,0.756295738914,1.71598786568,2.59299198438,1.62673089602,2.37476956827,1.73492211595,2.08555337717,1.97833346843,0.390618065554,4.44957407396,3.08556471745,0.747449210579,1.50068163028,0.537664570987,0.640833386306,0.436680660525,1.58836329405,1.11449135683
refine__sobol__0003073__shoulder_rot__p5@@biceps@@0.00,39.69229194,81.85014738,-50.82273854,85.01727674,19.23739769,-6.67860394,5.44539462,Biceps,BIClong;BICshort,0,0,reserve_too_high,The posture requires more reserve torque than the quality limit permits,268.159452,410.726680162,7.0928936502e-08,1.73648684409e-06,0.280216294537,22,4,,,,,,,,,,,,,,,,,,,,,,,,,,,,,,,,,,,,,,,,,,,,,,,,,,,,,,,,,,,,,,,,,,,,,,,,,,,,,,,,,,,,,,,,,,,,,,,,,,,,
refine__sobol__0003073__shoulder_rot__p2@@subscapularis@@0.00,39.69229194,81.85014738,-53.82273854,85.01727674,19.23739769,-6.67860394,5.44539462,Subscapularis,SUBSC,0,1,usable,Converged with independently replayed constrained generalized-force equilibrium and small reserve torques,341.238295,3.65241351267,8.14835221519e-08,2.17825986139e-12,0.000209551280895,23,1,0.0100000892718,0.435550298949,0.0100001044807,0.0100000426457,0.051004590878,0.000674226074957,0.999999451605,0.0100001424414,0.802389487776,0.0100000980577,0.0100000988997,0.010000079683,0.0100000597349,0.0100000788859,0.424257968839,0.0100001856232,0.629446134206,0.616250513795,0.12519006554,0.0100452368763,0.568500452876,0.0100002660183,0.0100003942605,0.0100004653729,0.0100013213658,0.0291241998863,0.0151227775443,0.0100010276594,0.0100009783425,0.0100028744191,0.591173433161,0.391159814097,0.0100045215433,0.0100024338649,0.0100097822933,0.0100215119222,0.0100090340697,0.0100116903403,0.0100162717706,0.0100224327411,0.0178981294355,0.0832772463452,0.072043332503,0.0405958735592,0.0163154718908,0.0158093996326,0.010021671949,0.0100244110798,0.0100053515845,0.0100095351178,11.308339791,341.850457713,2.00076197974,4.64687606617,47.7806256071,0,238.058975556,1.43346809349,356.173635444,6.57075010522,4.81463579507,2.70059009604,2.92884516781,1.84932017608,88.2520367589,1.24004756446,442.19980641,423.853649338,32.2749022665,0,287.577706472,2.19016555311,11.096879947,2.54736790811,3.15411252618,7.33892894012,2.19570271855,3.77155879313,4.28462621452,0.927322349616,314.303441841,106.517906285,0.663795244702,1.6010181041,2.58621726929,1.62843361858,2.36999939398,1.73074583326,2.06269929823,1.97698141669,0.407625321966,7.77068343742,5.8873656917,1.95158125631,0.822002822132,0.648495677975,0.717631791188,0.46095777178,1.99462564921,1.1650898307
refine__sobol__0000603__shoulder_elv__p5@@subscapularis@@0.00,9.85342476,118.42973722,-41.13767995,109.2970619,6.85458519,23.7669527,39.40047274,Subscapularis,SUBSC,0,0,capacity_limited,At least one muscle reached the conservative capacity threshold while nontrivial reserve torque was still required,285.686045,12.9604029273,2.33383055104e-07,1.34772898264e-06,0.0348889320618,26,4,,,,,,,,,,,,,,,,,,,,,,,,,,,,,,,,,,,,,,,,,,,,,,,,,,,,,,,,,,,,,,,,,,,,,,,,,,,,,,,,,,,,,,,,,,,,,,,,,,,,
refine__sobol__0000625__elbow_flexion__p2@@coracobrachialis@@0.00,52.04092476,70.77348722,-38.79392995,56.4533119,79.35458519,9.0013277,-41.22452726,Coracobrachialis,CORB,0,1,usable,Converged with independently replayed constrained generalized-force equilibrium and small reserve torques,336.653723,2.28397390767,3.44463302326e-08,1.2099416589e-12,9.13902084385e-05,23,1,0.379551956004,0.270050860105,0.0100002814973,0.0100001356797,0.999998964573,0.0100000656687,0.806526992028,0.0100003365733,0.541770086597,0.0100001951472,0.0100001642678,0.0100001949221,0.0100001505079,0.0100001837754,0.000674624442749,0.0100002437919,0.0100207560018,0.0100210133274,0.0100413616159,0.0100452369842,0.0100038907674,0.0100013530387,0.0150462321408,0.0100013576425,0.0277819537275,0.0360139014362,0.0100032757541,0.010001939172,0.0100012732238,0.0100063523135,0.333356586924,0.055081483925,0.0100066240945,0.0100033012028,0.0100054937024,0.0100109382831,0.0100056142428,0.0100075487011,0.0100074777683,0.0100142223028,0.0103934383303,0.0256856553556,0.0368291074965,0.0245145961196,0.010023430187,0.0101599973133,0.0101574509441,0.0115072277667,0.0100204084091,0.0175455111987,462.246137112,261.281563732,2.01418604075,4.84386511471,986.560938628,13.024754617,196.826461437,1.43840834498,239.034370656,6.44189450651,4.5905312685,2.67898141291,2.88935029065,1.82460735292,0,2.64565597604,6.75280613146,6.60037761448,0.958006378598,0,3.89595886932,1.12816010703,17.5892525945,2.76024015122,9.34808124427,9.04885662023,1.92961362719,3.45974958032,4.79833949339,0.711777568351,176.333208363,10.4319874722,0.742630527418,1.70975591465,2.49411044672,1.48038101659,2.31291210908,1.71037447793,2.1251722185,1.91620507244,0.394402783422,2.74643048353,3.4647131529,1.16860007919,0.725495906881,0.479983163532,0.792342176118,0.511278253287,1.09700552209,1.86298839587
refine__sobol__0004077__elbow_flexion__p5@@posterior_deltoid@@0.00,90.14151069,110.66850675,-38.97703542,123.91376112,35.64364769,18.44346637,45.17195712,Posterior deltoid,DELT3,0,1,usable,Converged with independently replayed constrained generalized-force equilibrium and small reserve torques,346.672023,1.02134961408,4.73180250538e-08,1.31416193968e-12,0.000253081742137,22,0,0.290111076361,0.410043771908,0.000673806779007,0.0100004522262,0.120745603611,0.0100000456626,0.855250243887,0.0100003594968,0.0100000866356,0.0100000314421,0.0100000426155,0.010000111665,0.0100000971605,0.0100001566875,0.0100001881318,0.0100452376665,0.0501176524397,0.0501174811481,0.0134012580471,0.0100452376665,0.0100001094208,0.0100001398606,0.0100058730173,0.0100431549777,0.0100016957206,0.0100062936773,0.0762532696435,0.010007529288,0.0100452376665,0.0100452376665,0.0604533968388,0.0514996981791,0.0100452376665,0.0100413951373,0.0100078958639,0.0100091795187,0.0190668424798,0.0100956674235,0.0100298036229,0.0100081105107,0.0131598158271,0.0273882136497,0.019913977504,0.0100514397541,0.0201274255829,0.0100266663221,0.0100114751936,0.0100056557563,0.0100018195234,0.0100020578052,230.879460308,396.708629295,0,3.78568337348,125.438194062,11.1366535923,209.194305813,1.24907103596,4.4196944851,6.55302805055,4.95179680968,2.75792243799,2.99926187876,1.88069181381,2.07451837891,0,35.9489995306,35.9486330246,3.78510464993,0,4.84211237525,3.16804406068,7.93004785383,0.00929980923322,2.9536031875,1.33502642855,12.3155342741,1.2843310974,0,0,18.6794307126,13.5061016211,0,0.437361316852,2.42509981893,1.57400995756,4.29876425676,1.65851318218,1.94334489772,1.8959788223,0.286750750951,2.02345208317,1.23123685433,0.356228641157,0.893436229659,0.217736519071,0.386598276697,0.422871561917,2.00998501797,1.16707173639
refine__sobol__0000603__deviation__m2@@teres_major@@0.00,9.85342476,113.42973722,-41.13767995,109.2970619,6.85458519,21.7669527,39.40047274,Teres major,TMAJ,0,1,usable,Converged with independently replayed constrained generalized-force equilibrium and small reserve torques,313.662074,3.99847595427,8.3776129145e-08,7.53175299906e-12,0.0007426069704,24,2,0.0100000340772,0.538376904883,0.999999921462,0.774891324312,0.422793429016,0.177411167635,0.010000110107,0.000673949640582,0.999999632921,0.010000008421,0.010000006402,0.010000286568,0.0100001000111,0.0100000652011,0.0100000385347,0.920577103669,0.0575914425012,0.0570892540961,0.0135103056615,0.0100452377856,0.0100000079301,0.0100000229941,0.0100040502196,0.0100090740364,0.0100042658107,0.0451846917623,0.142322182436,0.0100015915675,0.0100452377856,0.0100111867318,0.0220963626382,0.0223489913514,0.0100452377856,0.0100053900855,0.0100017573899,0.0100025682329,0.0100029761094,0.0100035563553,0.0100027690416,0.0100024557427,0.0221295422553,0.0834297343961,0.0611350349883,0.0288788302675,0.0455844135274,0.0148699315306,0.0100240367842,0.0100075758397,0.0100017815901,0.0100023968217,12.1373977215,4.90897981835,192.923239873,22.564161203,416.059585452,227.653276197,2.59217542372,0,443.744362152,6.22214139406,4.97023181065,2.71283284648,2.98096259064,1.87873861631,1.27756072059,60.7743867021,41.3112374958,40.59379467,3.79050397616,0,4.78158842579,2.42280308052,10.2973086476,1.25555797974,3.15279257263,7.26578937133,24.9085573851,2.50972489779,0,0.204296251198,11.2521169444,6.25343890573,0,0.856762824504,2.47573768203,1.6039262162,2.28770446873,1.66767663661,1.97309329552,1.93181222245,0.500637957684,6.50290809647,3.9985247738,1.06459382614,2.24169431702,0.36398680291,0.419249255521,0.402073869282,2.00968357684,1.16028263318
refine__sobol__0003073__elv_angle__m5@@posterior_deltoid@@0.00,34.69229194,81.85014738,-55.82273854,85.01727674,19.23739769,-6.67860394,5.44539462,Posterior deltoid,DELT3,0,1,usable,Converged with independently replayed constrained generalized-force equilibrium and small reserve torques,372.997491,1.63281161036,8.10441296295e-08,1.10005599314e-12,7.71105898896e-05,17,0,0.218013027473,0.257503163658,0.00101200259243,0.0100003205331,0.506812192232,0.0100002530378,0.698561974901,0.0100009074526,0.32811131346,0.0100007220754,0.0100007148607,0.0100005370937,0.0100004146845,0.0100005451082,0.20342444518,0.0100010609416,0.386628205656,0.3785228047,0.0769082324619,0.0101015683452,0.348948793184,0.0100013169503,0.0100014675356,0.0100017258474,0.0100051365818,0.0437819623514,0.0300906047332,0.0100029416818,0.0100030782983,0.0100081519496,0.362546121663,0.240026374785,0.0100134634824,0.0100071027044,0.0100127648025,0.0100215757747,0.0100155486291,0.0100196872708,0.010019871602,0.0100209508684,0.0147027222701,0.0687459699718,0.0577326962526,0.0317571235811,0.0175824554378,0.0151907515651,0.0100752298039,0.0100516073687,0.010012748465,0.0100208589155,236.688934577,190.103424725,0,4.55500608771,463.767067626,13.0325842745,166.054812822,1.43545405999,145.649650947,6.57145704004,4.84786830417,2.69780813984,2.92183701673,1.84655251308,42.2835639458,1.39632521879,271.614850588,260.345863476,19.8274972984,0,176.102736875,2.09783187655,11.0980709003,2.54768898233,3.15531572925,11.0324991521,4.36890792147,3.77228060351,4.28552587859,0.927811606096,192.751377973,65.3623045463,0.664388537988,1.60176541179,2.58698785713,1.62844399422,2.37154195059,1.73212828255,2.06344062887,1.97668910894,0.33485074065,6.41475545336,4.71790356351,1.52667258263,0.885835732126,0.623118964811,0.721466961489,0.462208353051,1.99610026094,1.16640789805
refine__sobol__0003073__elbow_flexion__p2@@biceps@@0.00,39.69229194,81.85014738,-55.82273854,87.01727674,19.23739769,-6.67860394,5.44539462,Biceps,BIClong;BICshort,0,0,solver_failed,The static optimization solver did not converge,786.291159,,7.98769077548e-08,,,0,0,,,,,,,,,,,,,,,,,,,,,,,,,,,,,,,,,,,,,,,,,,,,,,,,,,,,,,,,,,,,,,,,,,,,,,,,,,,,,,,,,,,,,,,,,,,,,,,,,,,,
refine__sobol__0000673__deviation__m5@@teres_minor@@0.00,31.65029976,97.68754972,55.54200755,18.3986244,74.97958519,8.78648395,40.80672274,Teres minor,TMIN,0,1,usable,Converged with independently replayed constrained generalized-force equilibrium and small reserve torques,375.579976,1.10771030828,2.44142910333e-08,1.66235132779e-12,3.41794003537e-05,27,0,0.0467642841067,0.990596523712,0.114354651052,0.0100015512755,0.116616074445,0.0100006300437,0.000673621668632,0.0100018524275,0.0100024402984,0.010000297118,0.0100002916952,0.0100013230557,0.010000953311,0.0100009498928,0.0100006707241,0.0100028259936,0.101497196745,0.0831961069125,0.0100452378766,0.0100452378766,0.010001039013,0.0100223617732,0.0100042525348,0.010005970949,0.0184693963951,0.0741533535483,0.089182395065,0.0100006500882,0.0100009830595,0.0100021148629,0.200721628683,0.0461579919069,0.0100035027602,0.0100015733466,0.0100011908151,0.010001840615,0.0100016606141,0.0100021030075,0.010001737417,0.0100018051783,0.0206915315923,0.0995970594702,0.077853238151,0.0429896089652,0.0456187883176,0.0233232514628,0.0116381621401,0.0100135541585,0.01000252945,0.0100039184254,56.7599497172,404.144853044,23.0334560688,4.45441942635,122.083308245,11.5079839679,0,1.43876393433,4.23713612061,6.38143053452,4.61967124454,2.64701614167,2.8858425248,1.82724650121,2.02913301682,3.59482068112,60.1637453993,40.4224001517,0,0,1.80245041116,0.029362175346,11.7649997657,2.41200789194,4.30712453575,10.3520666816,16.3475367478,4.0083867343,3.97938770342,0.948613866028,111.834933158,9.09597839122,0.688941359942,1.618178385,2.42134971678,1.56717381423,2.2645535227,1.64849711314,1.93948816318,1.88393655864,0.442393536372,7.93768812261,5.20701424116,1.62899096876,2.4702144612,0.563486779523,0.509285707708,0.459744585209,1.99142707229,1.16483033495
refine__sobol__0001387__deviation__m2@@pectoralis_major@@0.00,23.30069038,95.97368253,56.78712474,29.38006971,56.62021019,12.28208941,-8.82218351,Pectoralis major,PECM1;PECM2;PECM3,0,1,usable,Converged with independently replayed constrained generalized-force equilibrium and small reserve torques,330.880083,1.0378960008,2.01618970408e-08,8.95283847058e-13,3.50837516095e-05,18,0,0.043636830181,0.985016773093,0.158754581444,0.010001141664,0.140874788449,0.0100004841748,0.0100056569479,0.0100016379051,0.000673966651495,0.000673966651495,0.000673966651495,0.010001150838,0.0100008429999,0.0100008477626,0.0100006846841,0.0100042932934,0.0715147699017,0.065464772629,0.0100452377908,0.0100452377908,0.0100011955866,0.0100109752086,0.0100058664837,0.0100083762043,0.0100187589498,0.0303515195072,0.054642032252,0.0100030336777,0.0100057697347,0.0100083080252,0.0199708268719,0.0146030536463,0.0100161810441,0.0100087171935,0.0100071784473,0.0100103574822,0.0100107421171,0.010012766122,0.0100105327697,0.0100101214661,0.0111164848179,0.0408314009108,0.0326770186228,0.0150116926353,0.0209602742828,0.0114009190514,0.0100684910488,0.0100253422479,0.0100093795965,0.010012174556,53.1452849753,401.787473531,31.9691500885,4.66168563606,138.708719567,11.5397941995,2.43065844791,1.43809641287,0,0,0,2.62692104319,2.85525385041,1.81527295678,1.89861428078,3.30919519113,45.5794786318,38.1930240228,0,0,1.9087497608,0.0977860469894,11.7804212453,2.57036778272,3.12336395248,7.27767556224,10.5398223615,3.93793154188,4.6385529675,0.964911362109,11.1265731179,3.53610126917,0.754202992033,1.71342493343,2.58974754797,1.6241862884,2.37041496001,1.73111868207,2.08181668002,1.97486912556,0.368859753229,4.45876460213,3.07562392243,0.732563886763,1.49571674212,0.509152271189,0.642720723981,0.444081399309,1.62079110653,1.134224871
refine__sobol__0001387__elv_angle__p5@@triceps@@0.00,28.30069038,95.97368253,56.78712474,29.38006971,56.62021019,14.28208941,-8.82218351,Triceps,TRIlong;TRIlat;TRImed,0,1,usable,Converged with independently replayed constrained generalized-force equilibrium and small reserve torques,423.231658,3.84087180404,4.87980891251e-08,4.33077987424e-12,0.000614264680307,25,0,0.0349671462009,0.93260725997,0.127809318336,0.0100015727024,0.167664158208,0.0100006102133,0.0100030404018,0.0100018814411,0.0100022519144,0.0100003060017,0.010000297623,0.0100013193847,0.0100009740889,0.0100009759227,0.0100007285786,0.000673746776885,0.000673746776885,0.000673746776885,0.0100452402955,0.0100452402955,0.0100000697437,0.0100007644282,0.0100000104544,0.0100000299745,0.0100000740509,0.0100003338933,0.696422804018,0.0100000849915,0.0100000648254,0.0100004843539,0.0100000440208,0.0711298959176,0.0100004321362,0.0100001911916,0.304000024519,0.258088515504,0.0100045277197,0.0100284925879,0.101469525241,0.293769330666,0.141090349319,0.687085005442,0.557194364558,0.313955155899,0.353860256202,0.010006229478,0.127926701978,0.277561582122,0.673900282612,0.776008920206,42.5897080894,395.126574493,25.7428908889,4.55743271599,170.877891968,11.5026477885,2.57056965309,1.43857992454,4.26739587176,6.39946916453,4.62417245234,2.63606085116,2.86805076747,1.81937888105,1.99745912821,0,0,0,0,0,2.13691337161,0.207645264978,11.7735266409,2.56822429083,3.07735082425,2.38155731491,134.291855151,3.9097331095,4.61055127447,0.957205389005,5.57143786248,17.2239670763,0.753007594435,1.71194743892,78.6718799432,41.8664768952,2.36894296525,1.73383489859,21.0996228866,57.9562887785,4.76123599282,75.0289890447,52.4833769931,15.3208845314,25.3967069928,0.447736362913,8.02157043813,12.0330966731,106.753081988,86.177873537
refine__sobol__0001387__pro_sup__m5@@triceps@@0.00,23.30069038,95.97368253,56.78712474,29.38006971,51.62021019,14.28208941,-8.82218351,Triceps,TRIlong;TRIlat;TRImed,0,1,usable,Converged with independently replayed constrained generalized-force equilibrium and small reserve torques,315.779277,4.67014025974,1.87920576877e-08,5.03093852141e-12,0.00067575277782,25,1,0.052562538151,0.999999499868,0.287182590415,0.010000543034,0.128747579484,0.0100002476144,0.0100033769398,0.0100008786803,0.0100009725403,0.0100001356477,0.0100001309403,0.0100006209312,0.0100004462408,0.0100004471597,0.0100003555637,0.000673950951572,0.000673950951572,0.000673950951572,0.0100452376719,0.0100452376719,0.0100000624583,0.0100009641793,0.010000008594,0.010000025457,0.0100000668681,0.0100003095292,0.774325434819,0.0100000767696,0.0100000576315,0.0100004408195,0.0100000380945,0.0180884579047,0.0100003948958,0.0100001740056,0.339165460624,0.28446236409,0.0100041669357,0.0100293939382,0.111312709906,0.320854678343,0.154921923907,0.754391756735,0.609214044019,0.344319546878,0.387871050695,0.010005674086,0.145706694318,0.308173510527,0.748990957994,0.861799497058,64.015902564,407.898914415,57.8312969131,4.66140660505,126.76797671,11.539521227,2.43010456958,1.43798724691,4.30939940524,6.45274214903,4.66003160458,2.62678185692,2.85514057524,1.81520024262,1.89855179782,0,0,0,0,0,1.98575733952,0.134343318188,11.7735244505,2.57729509851,3.09330064485,2.39614874133,149.285247429,3.93480642825,4.59984071112,0.964627071575,5.57178825446,4.52134975483,0.752976093288,1.71189590824,87.7723173264,46.1395660681,2.36885759758,1.73399117125,23.1515437129,63.2992053086,5.2510593193,82.3784518543,57.4049531093,16.8026765965,27.8524263582,0.447870526841,9.18738719224,13.3602122278,118.648255838,95.7051473566
refine__sobol__0001369__shoulder_rot__m2@@infraspinatus@@0.00,54.23819038,98.00493253,-17.86912526,47.66131971,-5.87978981,3.89146441,-10.69718351,Infraspinatus,INFSP,0,1,usable,Converged with independently replayed constrained generalized-force equilibrium and small reserve torques,354.163671,1.05286772678,7.52418971572e-09,9.18660715772e-13,6.93049634912e-05,17,0,0.145870582385,0.461261662791,0.102274633403,0.0100005030971,0.000674086547888,0.0100001143139,0.820428304848,0.0100009627721,0.0100002975624,0.0100001283793,0.0100001746908,0.0100005405543,0.0100004338284,0.0100005242497,0.0100008492966,0.0100013800143,0.128257895409,0.125035883482,0.0100578652153,0.0100024092389,0.213620808635,0.0100008272515,0.0100031810054,0.0100053137845,0.0314075919632,0.0398046314345,0.0140267421357,0.0100051007151,0.0100032132674,0.0100110779961,0.201171185549,0.0955207350039,0.0100162226963,0.0100100956093,0.0100187202614,0.0100294435501,0.0100143225426,0.0100188292202,0.0100213313112,0.0100277215855,0.0102208099672,0.035875843311,0.0100452379728,0.0182484205339,0.0109192499465,0.0107573072608,0.0100763131153,0.0100492862649,0.010011882786,0.010029234297,168.268170618,287.494697477,20.5967412477,4.69532792754,0,13.0303680939,210.692890699,1.41250152275,4.36723974308,6.56975527539,4.82122167916,2.7189769674,2.98015852405,1.87515178187,2.08027778897,2.06371946811,85.1587960256,80.933550579,0.208488603626,3.75939758081,112.162286663,1.37066430696,11.7695428704,2.76072882481,10.5937807692,10.0500892296,2.70223011904,4.08071885206,4.62388686419,1.01007334178,106.646645963,27.1870912491,0.749599243834,1.71074736593,2.59205293615,1.6086351677,2.36994379202,1.73200332972,2.10922355617,1.97575443315,0.312512191577,3.91642352403,0,0.890516947219,0.730256643306,0.490836047765,0.756377574522,0.461708362949,1.70368398907,1.16917119339
refine__sobol__0000463__shoulder_rot__m2@@triceps@@0.00,-42.35360649,88.16606534,75.66114818,12.43182752,74.51083519,-8.80628949,-44.15421476,Triceps,TRIlong;TRIlat;TRImed,0,0,solver_failed,The static optimization solver did not converge,884.218531,,2.37550541016e-07,,,0,0,,,,,,,,,,,,,,,,,,,,,,,,,,,,,,,,,,,,,,,,,,,,,,,,,,,,,,,,,,,,,,,,,,,,,,,,,,,,,,,,,,,,,,,,,,,,,,,,,,,,
refine__sobol__0000463__elbow_flexion__m5@@infraspinatus@@0.00,-42.35360649,88.16606534,77.66114818,7.43182752,74.51083519,-8.80628949,-44.15421476,Infraspinatus,INFSP,0,1,usable,Converged with independently replayed constrained generalized-force equilibrium and small reserve torques,514.86143,2.10314000156,2.44551081607e-07,3.1334934647e-12,7.06681054445e-05,23,0,0.0100019780054,0.37828083285,0.0100018291056,0.675475196306,0.000673974973135,0.0100000799308,0.0100452378287,0.010000754967,0.717527884506,0.0100001272711,0.0100001688627,0.0100004992429,0.0100006939616,0.0100003884185,0.0100009235029,0.0891550129102,0.296521117133,0.22647984851,0.0100452378287,0.0100452378287,0.166528189055,0.0100452378287,0.0100013441766,0.0100031007111,0.0100452378287,0.625131040057,0.0100004567264,0.309627982773,0.0100003248284,0.0100156321607,0.387033677375,0.100171524335,0.0100049736628,0.0100024616732,0.179019317238,0.188781044369,0.0100023725763,0.0100075501639,0.0972975796343,0.276208309014,0.0100049799121,0.0100014534156,0.0100222061657,0.0280938834666,0.0100029920583,0.0533188130557,0.0100029331962,0.0503154619783,0.0100046920014,0.0699369106642,2.1369551266,264.370100232,1.65944322334,123.994997302,0,12.1246362289,0,1.35203294886,279.619933191,5.92180357405,4.97254956518,2.32963677491,0.56941019105,1.78012863708,1.15838357395,60.0383947997,148.544125773,86.6566385101,0,0,7.29395171699,0,11.6688304525,2.33428528704,0,155.02556063,1.92065610819,83.9655326861,2.99835216511,0.515228277597,215.623891529,19.8342403216,0.489743340388,1.42612312557,44.8595983908,28.6165989551,2.19924507607,1.67540285579,20.6635801135,53.8239398216,0.387877330376,1.0573807514,0.915984559799,1.27956631708,0.724209006555,2.5079631543,0.774728074276,2.31417585106,1.05854854981,8.04093283078
refine__sobol__0004077__elv_angle__p5@@triceps@@0.00,95.14151069,110.66850675,-38.97703542,118.91376112,35.64364769,18.44346637,45.17195712,Triceps,TRIlong;TRIlat;TRImed,0,1,usable,Converged with independently replayed constrained generalized-force equilibrium and small reserve torques,334.58764,2.25949002126,3.0619034419e-08,1.63790865849e-12,0.000309741617194,25,0,0.722741158705,0.714358137371,0.0100008878344,0.15843215174,0.76092196146,0.0100000402225,0.602260843094,0.0100002798197,0.0100000661182,0.0100000222794,0.010000030639,0.0100000851816,0.010000072318,0.0100001212142,0.0100001441321,0.000673959130328,0.000673959130328,0.000673959130328,0.482866769193,0.0100452375881,0.0100000460733,0.0100000677399,0.0100001448931,0.0100008749944,0.0100002644483,0.0103016025796,0.0846933787655,0.01000145961,0.0100452375881,0.0100452348071,0.0100008806923,0.122961914731,0.0100452375881,0.010004791966,0.0100059323689,0.0100073604623,0.0155548956222,0.0100471343634,0.0100209293505,0.0100066093647,0.0101029527904,0.0100517558351,0.0101279824049,0.0100220788406,0.0170951915903,0.010026139727,0.0100096555041,0.0100047232993,0.0100014655836,0.0100016782307,494.508810517,702.251189768,1.63704500229,56.4150783992,791.646372227,10.5434369722,147.283464279,1.2470290174,4.4118739616,6.55342292722,4.95222545013,2.75841318097,3.01153482424,1.88068682919,2.06934772792,0,0,0,136.747600109,0,4.99823780586,3.16741781149,8.93595744872,0.385574346863,3.04589679561,1.41302761844,13.65990965,1.49920125802,0,2.16294634747e-06,3.59303904902,32.2474922105,0,0.518339373059,2.42462402749,1.57372389886,3.50696920001,1.65054018579,1.94162544512,1.89569443886,0.215114238919,0.728475000615,0.618460938072,0.350513223412,0.75350151535,0.217725083666,0.386528008425,0.422832153223,2.00991388955,1.16702744643
refine__sobol__0000463__elv_angle__m2@@brachioradialis@@0.00,-44.35360649,88.16606534,77.66114818,12.43182752,74.51083519,-8.80628949,-44.15421476,Brachioradialis,BRD,0,1,usable,Converged with independently replayed constrained generalized-force equilibrium and small reserve torques,439.998246,2.20336131532,2.42611573498e-07,6.53566771021e-13,6.70424989262e-05,23,0,0.0100018839284,0.486454057706,0.0100019182751,0.814076293501,0.0100003877053,0.0100000755393,0.0100452383801,0.0100007015561,0.590622524628,0.0100001202228,0.0100001550163,0.0100003534769,0.010000638903,0.0100003497933,0.0100008240771,0.186269858179,0.164163235744,0.129257062993,0.0100452383801,0.0100452383801,0.232130398149,0.0100452383801,0.0100025665216,0.000673937294762,0.0100452383801,0.630381938807,0.0100004713308,0.321570843627,0.0100003293579,0.0100162703429,0.405140528292,0.0924667462473,0.0100052307621,0.0100025468547,0.167283333517,0.178517671191,0.0100024049035,0.0100073980972,0.0896248190637,0.261973534528,0.0100050643601,0.0100014634628,0.0100184009808,0.0251871728707,0.0100030259572,0.0530543856688,0.0100030521247,0.0479249085741,0.0100046549111,0.0643981334492,1.9773386289,343.682286257,1.73335538796,152.945592197,1.46051098547,12.1505864648,0,1.35063512853,229.818492351,5.89226762492,4.97258966471,1.47938949978,0.566101732483,1.78102417933,1.15883053827,123.035541217,89.4825690221,55.4741361988,0,0,12.8975020558,0,11.7300710037,0,0,155.757233577,1.91215983951,89.9456312724,3.13071080331,0.523974226875,225.735962024,18.3086728377,0.499769682898,1.4406467747,41.9187341113,27.0608133395,2.19925218429,1.67537739792,19.0340770638,51.0500491767,0.383771084355,1.06301100192,0.91911709468,1.15157764409,0.724171945782,2.49552525299,0.774737285263,2.20422632976,1.05854462624,7.40411694797
refine__sobol__0001369__flexion__p5@@triceps@@0.00,54.23819038,98.00493253,-15.86912526,47.66131971,-5.87978981,3.89146441,-5.69718351,Triceps,TRIlong;TRIlat;TRImed,0,0,solver_failed,The static optimization solver did not converge,1062.731139,,5.11370146228e-09,,,0,0,,,,,,,,,,,,,,,,,,,,,,,,,,,,,,,,,,,,,,,,,,,,,,,,,,,,,,,,,,,,,,,,,,,,,,,,,,,,,,,,,,,,,,,,,,,,,,,,,,,,
refine__sobol__0000673__shoulder_elv__m5@@middle_deltoid@@0.00,31.65029976,92.68754972,55.54200755,18.3986244,74.97958519,13.78648395,40.80672274,Middle deltoid,DELT2,0,0,solver_failed,The static optimization solver did not converge,721.210284,,3.94159087591e-08,,,0,0,,,,,,,,,,,,,,,,,,,,,,,,,,,,,,,,,,,,,,,,,,,,,,,,,,,,,,,,,,,,,,,,,,,,,,,,,,,,,,,,,,,,,,,,,,,,,,,,,,,,
refine__sobol__0000625__elbow_flexion__m5@@supraspinatus@@0.00,52.04092476,70.77348722,-38.79392995,49.4533119,79.35458519,9.0013277,-41.22452726,Supraspinatus,SUPSP,0,1,usable,Converged with independently replayed constrained generalized-force equilibrium and small reserve torques,361.803039,2.32144854551,2.01493861596e-08,8.4906011384e-13,9.26677015132e-05,23,1,0.376960628268,0.301737893479,0.0100002784849,0.000673661355109,0.999999023632,0.0100000649191,0.815463021192,0.0100003317609,0.542167022482,0.0100001904574,0.0100001606558,0.0100001921441,0.0100001483733,0.010000181098,0.0778853767574,0.0100002124274,0.0100080422607,0.010008206845,0.0100398032325,0.0100452378034,0.0100141378754,0.0100016477448,0.0501319628872,0.0100019222515,0.0100452378034,0.0829601699073,0.0100022444111,0.0100024858371,0.0100009290644,0.0100073140263,0.32187524872,0.0502279614368,0.0100063541292,0.0100031113865,0.0100051251523,0.0100109757389,0.0100042630008,0.0100060546496,0.0100063022076,0.0100146452212,0.0100718914084,0.0111589630989,0.0348906252468,0.028345093801,0.0100146860775,0.010251256639,0.0150067144833,0.0221513951545,0.0100223463389,0.039533500937,459.090228633,291.939631747,2.01418543401,0,986.560996902,13.0247536406,199.007227878,1.43840765277,239.209502729,6.44189148525,4.59052961027,2.67898066868,2.88934967386,1.82460686439,15.7793064183,2.95654314901,6.66588443825,6.50367489925,0.358264764081,0,3.58920599034,0.963678340316,58.9538401081,2.75224969131,0,20.8742799008,1.92939134377,3.28385923387,4.79771723189,0.668367055564,172.534021977,9.51276957456,0.718281790834,1.70160002294,2.49401857657,1.48038655532,2.31259975398,1.71011913189,2.12492257828,1.91628599709,0.385063925113,1.18921844707,3.27613592387,1.34825412767,0.725013044334,0.484294477643,1.17061385538,0.984209824599,1.0972176808,4.19768068615
refine__sobol__0000447__elv_angle__p2@@infraspinatus@@0.00,-50.19735649,125.74419034,83.52052318,119.07245252,-41.73916481,5.13902301,37.40828524,Infraspinatus,INFSP,0,1,usable,Converged with independently replayed constrained generalized-force equilibrium and small reserve torques,366.406426,0.250622693938,2.33363550706e-08,3.48165940522e-13,0.00018269035054,20,0,0.234085151869,0.010000379456,0.0100003344705,0.0100003081031,0.000674146719217,0.0100001258631,0.0100004184644,0.0100016887577,0.0100000905474,0.0100002805776,0.0100006013141,0.0100010085037,0.0301320996619,0.253559443992,0.0100032786163,0.0100155604893,0.152215474748,0.15208967839,0.0385796492126,0.0100035001147,0.222367503125,0.0100022603837,0.0100018654703,0.0100220918965,0.0100023348327,0.0100059564908,0.106086647801,0.0100095660159,0.0100452382088,0.0100387180979,0.118850887167,0.0531044399894,0.0100452382088,0.0108495668572,0.0100177700434,0.0100152428362,0.0264386258476,0.0122664931535,0.0100667502022,0.0100108483741,0.0101957306187,0.0189714877523,0.0107477112384,0.0100345841039,0.01663191052,0.0100275280491,0.0100113871393,0.0100075455358,0.0100032420056,0.0100030424831,174.513126054,2.00155834821,1.70694879129,3.38908842362,0,12.3561262537,2.36449769228,1.43856747806,4.05215337221,3.32557838513,3.15478956999,2.64771793809,9.02524456247,47.6740743291,1.51008276672,0.0324723618653,109.197184216,109.016922124,10.9257146856,3.63427490416,96.6587824802,2.38253253058,8.90643087968,1.00997798959,3.0330433648,1.86431484382,15.9431205477,2.33081319826,0,0.107471295799,64.0113865561,14.4345299384,0,1.00018061606,2.49788074187,1.6134046696,6.11503960886,2.06439117315,2.00370029353,1.93753921608,0.199992743843,1.35840743598,0.672098947936,0.377385922933,0.737505065024,0.269562309577,0.578203043425,0.460305810931,1.98848161829,1.15664104681
refine__sobol__0003073__pro_sup__p5@@latissimus_dorsi@@0.00,39.69229194,81.85014738,-55.82273854,85.01727674,24.23739769,-6.67860394,5.44539462,Latissimus dorsi,LAT1;LAT2;LAT3,0,1,usable,Converged with independently replayed constrained generalized-force equilibrium and small reserve torques,294.557709,4.0963914364,8.39547302789e-08,1.67688085639e-12,0.000269034923943,20,1,0.0100000317421,0.406258499702,0.0100000789543,0.0100000296396,0.0100011129423,0.0100000190269,0.999999707156,0.010000106767,0.734379670247,0.0100000707837,0.0100000742496,0.000673962667658,0.000673962667658,0.000673962667658,0.490644119646,0.0100001398288,0.716611513794,0.701588508129,0.142525400167,0.0100452375413,0.643110867664,0.0100002167782,0.0100003454725,0.0100003757795,0.0100010936082,0.0245209052782,0.0100216450064,0.0100009066005,0.010000819469,0.0100025419094,0.690371798627,0.462634028814,0.0100039072331,0.0100020984173,0.0100133179521,0.010048819497,0.0100095412373,0.0100127781842,0.0100240625285,0.0100939055921,0.0191409784258,0.0883063392241,0.0790027710914,0.0457049961628,0.0129350775965,0.0159660916695,0.0100192841266,0.0100286966984,0.0100054219834,0.0100109761964,11.0374698094,321.138230893,1.99999902296,4.6559846045,9.29514976648,12.9837812335,235.972563628,1.43267325208,325.988545731,6.57080611863,4.81934666698,0,0,0,102.061236081,1.2170156756,503.435410042,482.54864353,36.7440766258,0,326.889749035,2.11633118942,11.0968258095,2.54865360464,3.15518290494,6.17514983886,1.44635741651,3.77221521819,4.29153470708,0.927775724364,364.464840758,124.562409543,0.665045598456,1.60127019604,2.58597370328,1.63287044909,2.37011328151,1.7308849174,2.06245263506,1.99093343145,0.435454399965,8.2293473953,6.44428011404,2.19576887175,0.64998812291,0.654377872955,0.712499760652,0.461154839634,1.99463968383,1.16525756934
refine__sobol__0001369__pro_sup__m5@@coracobrachialis@@0.00,54.23819038,98.00493253,-15.86912526,47.66131971,-10.87978981,3.89146441,-10.69718351,Coracobrachialis,CORB,0,0,reserve_too_high,The posture requires more reserve torque than the quality limit permits,300.200295,766.347754774,1.21290923971e-08,1.18242490288e-06,0.492555690784,22,5,,,,,,,,,,,,,,,,,,,,,,,,,,,,,,,,,,,,,,,,,,,,,,,,,,,,,,,,,,,,,,,,,,,,,,,,,,,,,,,,,,,,,,,,,,,,,,,,,,,,
refine__sobol__0001387__shoulder_elv__m5@@latissimus_dorsi@@0.00,23.30069038,90.97368253,56.78712474,29.38006971,56.62021019,14.28208941,-8.82218351,Latissimus dorsi,LAT1;LAT2;LAT3,0,1,usable,Converged with independently replayed constrained generalized-force equilibrium and small reserve torques,309.020991,0.777172439515,1.44823317783e-08,6.53699316899e-13,2.57530774993e-05,10,0,0.0299929701583,0.847977147365,0.121438858662,0.0100036222699,0.15167971869,0.0100015622175,0.0100135683481,0.010003979712,0.0100044336892,0.0100006742377,0.0100006464513,0.000911878759445,0.000911878759445,0.000911878759445,0.0100016284379,0.0100094255205,0.0662139544564,0.0606139815098,0.0100825001228,0.0100825001228,0.0100029168679,0.0100149389868,0.0100114881475,0.010016256206,0.0100423568741,0.032947941389,0.0538557979572,0.0100056845971,0.0100102178888,0.0100153460243,0.0195477837406,0.0139565873155,0.0100296583883,0.0100160030153,0.0100130341144,0.0100188309754,0.0100193850963,0.0100231221901,0.0100191100643,0.0100184108681,0.0114162905346,0.0410005723775,0.0329103652223,0.0152816912785,0.0210494102092,0.0119325122246,0.0101324439214,0.0100480709421,0.01001772645,0.0100234399638,36.484293359,411.059784802,24.451752251,4.67287588567,147.021536378,11.4614066462,2.48429740702,1.43593038888,4.3160475762,6.41722043514,4.61828388881,0,0,0,1.97932772223,3.43450767307,42.2010380021,35.3630076014,0,0,1.97833684482,0.189376867979,11.7870399192,2.57239153791,3.09036263481,7.84647909278,10.385063465,3.91192238624,4.61523236602,0.958627886965,10.8908783035,3.37956069434,0.755208258311,1.71465428827,2.59126366506,1.62522983531,2.37246100017,1.73290640579,2.08337866482,1.97648240562,0.385254226657,4.47722111729,3.09990052815,0.745740348976,1.51072547463,0.533929352287,0.635349081595,0.435612911816,1.58691604736,1.11312991246
refine__sobol__0000447__deviation__m2@@brachioradialis@@0.00,-52.19735649,125.74419034,83.52052318,119.07245252,-41.73916481,3.13902301,37.40828524,Brachioradialis,BRD,0,1,usable,Converged with independently replayed constrained generalized-force equilibrium and small reserve torques,339.425114,0.578386483452,2.60509835925e-08,8.95283847058e-13,0.000330481863725,21,0,0.308230605908,0.0100002341318,0.0100001788706,0.0100001293939,0.0100000178863,0.0100001059931,0.0100001830076,0.0100009790648,0.010000042022,0.0100001002437,0.0100003018591,0.0100007242292,0.154428404301,0.501506135915,0.0100006884927,0.0100060191316,0.196354682723,0.19619268932,0.0497582007863,0.0100027573107,0.289394700608,0.0100011174325,0.0100014574813,0.000673978100773,0.010002393886,0.0100062440947,0.10541909967,0.0100109129393,0.0100452378177,0.0100400096707,0.15349997816,0.0684111367211,0.0100452378177,0.0103739615554,0.0100200337781,0.0100164362094,0.0248542947725,0.0115048417201,0.0100650063374,0.0100111448096,0.0101723979682,0.0197194999348,0.0111394117876,0.0100364685388,0.015988459984,0.0100288095788,0.0100117379105,0.0100080368339,0.0100037133312,0.0100032910223,231.642234069,1.95151314854,1.68721188306,3.53259404583,10.7204310768,12.3693993744,2.32781862073,1.43839710789,4.11626909621,3.34147389993,3.17206423487,2.64914428637,46.2936813148,94.295400062,1.57747308422,0.0560483633605,140.862014828,140.629682167,14.0914683299,3.6340050434,124.066357462,2.38136192792,8.90606757546,0,3.01870531646,1.89472235655,15.4308210353,2.27045274619,0,0.09510247856,82.6728909842,18.5951043156,0,0.96222618393,2.49597660075,1.61186259011,5.75055633179,1.93630591586,2.00268360096,1.93493079827,0.195257673771,1.39813548683,0.693891973312,0.379349564503,0.696617242338,0.273715678589,0.593274446727,0.460354117666,1.9794377079,1.14877103115
refine__sobol__0000463__shoulder_rot__m2@@brachioradialis@@0.00,-42.35360649,88.16606534,75.66114818,12.43182752,74.51083519,-8.80628949,-44.15421476,Brachioradialis,BRD,0,1,usable,Converged with independently replayed constrained generalized-force equilibrium and small reserve torques,418.799655,2.17176222857,2.40757495718e-07,7.22977233636e-13,8.01161026537e-05,23,0,0.0100013641947,0.372739688519,0.0100025366735,0.697953092055,0.010000297127,0.010000068311,0.010045237232,0.0100007332595,0.774101104882,0.0100001122791,0.0100001482382,0.010000482238,0.010000613031,0.0100003505259,0.0100008214551,0.114746701384,0.218966828298,0.172407025833,0.010045237232,0.010045237232,0.214242763901,0.010045237232,0.0100019494619,0.000674710559597,0.010045237232,0.627199141839,0.0100004693628,0.314675680924,0.010000324837,0.0100158537743,0.393870802353,0.0944592579607,0.0100051485496,0.0100024892082,0.169729793149,0.180711851964,0.0100023971934,0.0100074252114,0.0912509470082,0.265068446425,0.0100050774898,0.0100014652256,0.0100198161153,0.0262381708295,0.0100030311812,0.0531048855804,0.0100030249807,0.0484449704653,0.0100046636173,0.0656090422254,2.17094841025,255.312888817,1.62364110348,121.784410258,1.79259038169,12.0840065794,0,1.35098313974,301.671561812,5.94667052061,4.97251117477,2.32201976897,0.589642764892,1.77902886816,1.16163880993,74.8386710649,119.355068974,73.9931003392,0,0,9.73180009538,0,11.7293473739,0,0,154.970815661,1.91215946321,88.0170056692,3.13070938769,0.523952435208,219.456702733,18.7031956965,0.499765576302,1.44063847197,42.5317807833,27.3934208399,2.19925048907,1.6753819372,19.3794260969,51.6531459928,0.383771587979,1.06301118929,0.91924692321,1.19963010951,0.724172323975,2.49790062315,0.774735182943,2.22814571005,1.05854554741,7.54334008556
refine__sobol__0002303__elv_angle__m2@@subscapularis@@0.00,-53.09872368,96.64018644,-31.57957448,101.96551893,-71.62197731,15.62364215,40.07430087,Subscapularis,SUBSC,0,1,usable,Converged with independently replayed constrained generalized-force equilibrium and small reserve torques,281.068009,2.03493506811,2.36554704713e-08,2.16715534407e-12,0.000244247826241,31,1,0.784608509388,0.999999404554,0.0100004452713,0.0100000784184,0.0100000454684,0.000675733950105,0.0100007750803,0.0100009505091,0.0100000628772,0.0100000359995,0.010000049697,0.324956655611,0.010000284802,0.0100002248197,0.0100001944455,0.47735385666,0.0100053985802,0.0100054797724,0.0100173857469,0.23397906897,0.0100000534751,0.0100002211365,0.133668398847,0.0100011673436,0.0100017036962,0.0121193025377,0.0723028332348,0.0100009559738,0.0100452369624,0.0100041436295,0.0100012558333,0.0100057652947,0.0100296930214,0.0100032036941,0.0100017703938,0.0100026380449,0.0100032137415,0.0100037987939,0.0100029192464,0.0100026252631,0.0129019860818,0.0420697537556,0.0310296100684,0.0117687183732,0.030075275099,0.0101213102475,0.0100194624603,0.0100073832923,0.0100020680132,0.0100025785738,314.589632799,278.552328797,1.31230552291,4.98067087622,8.06428172177,0,2.69397424012,1.37442784414,4.01177057392,5.4110530493,4.93021747645,80.3039324246,2.59984407692,1.79605762729,2.06153551776,194.925008086,7.16697109951,7.04669697686,2.74207423454,79.6815509899,5.24436894935,2.35477275277,142.119518888,2.50883522994,3.32771669622,2.22864276503,11.6586948819,3.61397458612,0,0.614415463648,5.5345622808,2.37946368695,0.0569623437657,1.35829352669,2.52416074071,1.6235460935,2.31977621762,1.6904887319,2.0035652108,1.9559339426,0.25952171776,2.95457644735,1.91287196707,0.416531624605,1.41281344743,0.249817494909,0.510057856411,0.438639448847,2.01026471554,1.16723383301
refine__sobol__0003073__shoulder_rot__m2@@teres_major@@0.00,39.69229194,81.85014738,-57.82273854,85.01727674,19.23739769,-6.67860394,5.44539462,Teres major,TMAJ,0,1,usable,Converged with independently replayed constrained generalized-force equilibrium and small reserve torques,272.227631,5.12826438868,8.09824678427e-08,4.05412579271e-12,0.000362499680665,21,1,0.0100000121967,0.386228265304,0.0100000556239,0.0100000186397,0.0100002822276,0.0100000107447,0.999999825946,0.000673797745053,0.758750317254,0.0100000613544,0.0100000657431,0.0100000395402,0.0100000292947,0.010000040046,0.60901293463,0.0100001002132,0.857341837583,0.839368728325,0.170514135556,0.0100452379275,0.77691821775,0.0100001636841,0.0100002875041,0.0100003399598,0.0100009712839,0.021532480564,0.0100306732732,0.010000866972,0.0100007546312,0.0100024161789,0.806674594473,0.533394258844,0.0100036624467,0.0100019957588,0.0100320181892,0.0146095555831,0.0100121230966,0.0100166302075,0.010076783994,0.0179805499742,0.0207971724169,0.0965007508337,0.0861685982776,0.0496324253994,0.0143760580484,0.0169210947733,0.0100167178963,0.0100277038242,0.0100050716396,0.0100103033767,10.748316227,307.54182076,1.99927129169,4.66508556507,9.21457349481,12.9395088283,233.381098968,0,336.809367494,6.57086615764,4.82388957901,2.70192226372,2.93258798804,1.85128338823,126.683451911,1.19288214296,602.301569592,577.313106726,43.9597745745,0,392.59212407,2.16847900056,11.0967614854,2.54733596228,3.15400212113,5.42591196933,1.45637112677,3.77149819489,4.28453037148,0.927279868096,428.876852829,145.250196031,0.66373824393,1.60094797952,2.59196233506,2.37396229718,2.37073083236,1.7315998004,2.07516087303,3.54676495008,0.473650284531,9.00458191035,7.04167938169,2.38599893568,0.724291663974,0.694096997946,0.717277041342,0.461109183779,1.9945698407,1.16517925447
refine__sobol__0000625__shoulder_elv__m5@@coracobrachialis@@0.00,52.04092476,65.77348722,-38.79392995,54.4533119,79.35458519,9.0013277,-41.22452726,Coracobrachialis,CORB,0,1,usable,Converged with independently replayed constrained generalized-force equilibrium and small reserve torques,343.066642,0.859926879853,3.03377163391e-08,1.1226575225e-12,4.5858058413e-05,23,0,0.325897240105,0.223860013154,0.0100011405115,0.0100006287388,0.712178013305,0.0100002502223,0.255647844774,0.0100011719158,0.0745565888123,0.0100005811037,0.0100005049045,0.0100006924564,0.0100005567557,0.0100006683731,0.000674020236139,0.0100007822261,0.0100103920613,0.0100105793898,0.0100371277857,0.0100452376962,0.0100022524849,0.0100022782864,0.0407353482876,0.0100015930165,0.0100452376962,0.0823406215761,0.010002215978,0.0100022706498,0.0100009114234,0.0100067626701,0.325969902813,0.0521587603284,0.010006039952,0.0100030111331,0.0100050869058,0.0100109506783,0.0100042356025,0.0100060155349,0.0100062737001,0.0100147861471,0.0100794318792,0.0125959665304,0.0362242542846,0.0291816212764,0.0100145643199,0.0102307856467,0.0148103857646,0.0223749577974,0.0100229089356,0.0401532277528,396.669460367,220.399117095,2.01429270111,4.85603143806,703.373113124,13.0048075514,62.1986010482,1.43873747736,32.8675743012,6.39400027015,4.53595026133,2.66810772213,2.86739174948,1.81273772513,0,2.94025645651,6.7238933416,6.56968377222,0.786810634135,0,3.67627102532,1.18169602357,47.7324982421,2.75970234599,0,20.6967845208,1.92940812985,3.40840976111,4.79816858739,0.698865411018,173.093779759,9.87844726613,0.736948007066,1.70820573594,2.49400904257,1.48038284934,2.31259342046,1.71011244684,2.12491652448,1.91631296294,0.383242013322,1.34565744843,3.40623294158,1.39029058162,0.724911571486,0.483327377812,1.15529903632,0.994142948341,1.09727927199,4.2634834917
refine__sobol__0004077__elv_angle__p2@@brachialis@@0.00,92.14151069,110.66850675,-38.97703542,118.91376112,35.64364769,18.44346637,45.17195712,Brachialis,BRA,0,1,usable,Converged with independently replayed constrained generalized-force equilibrium and small reserve torques,364.10702,1.4471557336,3.28268043859e-08,2.82381998741e-12,0.000307710042753,22,0,0.461800088682,0.543414004752,0.0100010454818,0.0100006703356,0.386886030333,0.0100000375011,0.874311905192,0.0100002899547,0.0100000685486,0.0100000235591,0.0100000324754,0.0100000885606,0.0100000762071,0.0100001254971,0.0100001504368,0.0100452379232,0.0621587200898,0.0621046609856,0.0158017139118,0.0100452379232,0.0100000876555,0.0100001151804,0.000673614287908,0.0100140769243,0.0100016298018,0.0100063802073,0.0768273064655,0.0100064128675,0.0100452379232,0.0100452372963,0.05459458395,0.0452729741884,0.0100452379232,0.010037668747,0.010007597396,0.0100089062957,0.016741052269,0.0100709524292,0.0100262117218,0.0100078856788,0.0125801647587,0.026249880986,0.0192424849595,0.0100506545569,0.0200165072474,0.0100270901019,0.0100116867896,0.0100057273525,0.0100018398887,0.0100020839533,346.489444564,529.618966583,1.68211549204,3.68464596877,402.241454433,10.9007749061,213.821182472,1.2482396167,4.41671977219,6.55339525424,4.95169511999,2.75815206273,3.00436397486,1.88068694318,2.07250262039,0,44.5917905149,44.514221422,4.47503657927,0,4.95894706971,3.16692133239,0,0.386083336091,3.04631265744,1.37253320379,12.3912173567,1.49994374283,0,2.16294695197e-06,19.6143197881,11.873106284,0,0.520042689864,2.42502749458,1.57396699142,3.77439721284,1.6544530104,1.94264894163,1.89593622919,0.267859567737,1.90239221674,1.17503416002,0.351512633439,0.882263791059,0.217745721729,0.386606447511,0.422874587757,2.00998911062,1.16707478743
refine__sobol__0000447__flexion__m5@@teres_minor@@0.00,-52.19735649,125.74419034,83.52052318,119.07245252,-41.73916481,5.13902301,32.40828524,Teres minor,TMIN,0,1,usable,Converged with independently replayed constrained generalized-force equilibrium and small reserve torques,335.409299,0.53041295675,2.08370352084e-08,1.22213350551e-12,0.00031342562666,21,0,0.295820076371,0.0100002459302,0.0100001898089,0.0100001382966,0.0100000196261,0.0100001101371,0.000674066575896,0.0100010234829,0.0100000449692,0.0100001061429,0.0100003192275,0.0100007516203,0.137706322787,0.469703531543,0.0100007275288,0.0100063183147,0.196666586481,0.19650436994,0.0498372181382,0.0100028412295,0.287143725163,0.010001150432,0.0100014552285,0.0100167423088,0.010002578454,0.0100071639465,0.10092247812,0.0100098282555,0.0100452376912,0.0100343740561,0.145077997417,0.066277593693,0.0100452376912,0.0104603664398,0.0100258138045,0.0100195647024,0.0249313730938,0.0122507455988,0.0100973653172,0.0100131877844,0.0101821118749,0.0213242530099,0.0121730343967,0.0100415661651,0.0159568491636,0.0100316590314,0.010012683423,0.0100088005107,0.0100037538674,0.0100035870203,222.315441807,1.9515154522,1.68721372793,3.53259718944,10.7204329415,12.3694045,0,1.43840349636,4.11627030932,3.34147587254,3.17206974424,2.64915154204,41.2808294606,88.3157338375,1.57747924185,0.0560500397823,141.085770081,140.853092869,14.113845958,3.63403553106,123.101342143,2.38136978573,8.90606556836,1.00943888353,3.01304010324,1.95234533932,15.4714571506,2.67461270625,0,0.227048327483,78.1369327111,18.0151774625,0,1.11443185829,2.52579544617,1.6246756711,5.81343463009,2.07856198324,2.02677651906,1.95422403156,0.21010625879,1.61891075834,0.798773912778,0.39478107851,0.73610726084,0.289799273479,0.597690826397,0.460346285152,2.00688359129,1.16264055511
refine__sobol__0000673__elbow_flexion__m5@@coracobrachialis@@0.00,31.65029976,97.68754972,55.54200755,13.3986244,74.97958519,13.78648395,40.80672274,Coracobrachialis,CORB,0,1,usable,Converged with independently replayed constrained generalized-force equilibrium and small reserve torques,372.135155,1.13263337378,1.90222522178e-08,1.79767312147e-12,5.09929318134e-05,27,1,0.0566380238822,0.999999061065,0.160564261191,0.0100009613989,0.0879893483842,0.0100004273078,0.0100014370377,0.0100012777317,0.0100016696677,0.0100001988616,0.0100001954102,0.0100009187406,0.0100006524326,0.010000647435,0.000673990432441,0.0100015583792,0.108680195783,0.0860827493613,0.0100452374088,0.0100452374088,0.0100007847597,0.0100318193528,0.0100038165484,0.0100067905609,0.0211943147933,0.0700610796652,0.07986925837,0.010000689362,0.0100009511722,0.0100023054915,0.196924292977,0.0462666883996,0.0100037287975,0.0100016848956,0.0100013176237,0.0100020485159,0.0100018050744,0.0100022905988,0.0100019043676,0.0100020324105,0.0207771245228,0.100495764659,0.0765988114468,0.0430950383155,0.0440971904929,0.0231685948183,0.0131461636626,0.0100204220208,0.0100032006134,0.0100055970173,68.7441591146,407.980912662,32.3410532265,4.45415671047,92.1144944524,11.5077506743,2.58067501569,1.4386812645,4.23680967337,6.38136783448,4.61962676511,2.646909133,2.88575570431,1.82719123997,0,3.83385204001,60.1443539383,37.7324498862,0,0,1.71131234729,0.00854648856818,11.7391459114,2.37590474484,4.57496486256,9.16375815551,15.2294480214,4.0508678071,3.8438832491,0.958841137321,109.722212434,9.11739832058,0.692540449899,1.62519232143,2.43145191009,1.57390646845,2.26608750794,1.65063602906,1.94409434189,1.89266438447,0.482762867181,8.48969689514,5.33934582022,1.66552651499,2.52620637632,0.546730516334,0.53061531839,0.448663343811,2.0094847347,1.167591973
refine__sobol__0001711__flexion__p2@@posterior_deltoid@@0.00,-47.18759087,105.74907316,38.18360911,69.37030409,-34.16103981,17.0506441,29.62312899,Posterior deltoid,DELT3,0,1,usable,Converged with independently replayed constrained generalized-force equilibrium and small reserve torques,335.245378,2.09154028505,2.81150533965e-08,1.38431882106e-12,0.00014257094288,21,1,0.511108560514,0.999991227025,0.000673962458733,0.0100008901721,0.0100002347561,0.492910102709,0.0100452377753,0.0100005721398,0.0100002319716,0.0100000689309,0.0100000925627,0.010000583704,0.0100002149086,0.0100002556597,0.010000898061,0.0439973345047,0.380959178871,0.372751969046,0.0637441704517,0.0100015162608,0.428269579285,0.0100008193854,0.0100007252239,0.0100022950624,0.0100056399544,0.0247212690629,0.0921852904082,0.0100032671267,0.0100076974431,0.0100082320728,0.278184696634,0.139993584479,0.0100140660047,0.0100074943517,0.0100135708694,0.0100179583363,0.0100142141226,0.0100165712675,0.0100161782208,0.0100136980886,0.0109613846095,0.047502203589,0.035745459687,0.0189969535596,0.0213250633885,0.0102969845211,0.010035296213,0.0100235409832,0.0100067313613,0.0100094534408,227.930756027,247.513440009,0,1.84547999318,2.49847993132,570.620839311,0,1.39722344171,4.14712272049,5.18973232501,4.91621612352,2.50427024414,2.79863838383,1.8218487605,0.546798654042,14.6441171561,261.83176111,250.67167026,12.7975871975,3.69594861829,160.578892017,0.809254295097,11.4527509361,2.72563175111,3.36879696949,5.0110496599,17.233702878,3.85243732624,1.49278493677,0.921614929093,145.760984093,38.9613274353,0.52276262671,1.56685769706,2.54791201947,1.62764063875,2.34031492096,1.70580203613,2.02188075621,1.97138458882,0.251824909317,3.98361684131,2.53293968705,0.753951517237,1.15651223077,0.297667049541,0.523942525379,0.429272659061,2.00809817932,1.16557735347
refine__sobol__0004077__deviation__m2@@brachialis@@0.00,90.14151069,110.66850675,-38.97703542,118.91376112,35.64364769,16.44346637,45.17195712,Brachialis,BRA,0,1,usable,Converged with independently replayed constrained generalized-force equilibrium and small reserve torques,360.054648,0.98442285565,6.6459378445e-08,1.98951966013e-12,0.000247155456666,22,0,0.287975717314,0.41127788651,0.0100014327256,0.0100004624655,0.110839536626,0.0100000470355,0.833917118306,0.0100003678115,0.0100000888548,0.0100000323706,0.0100000437875,0.0100001144315,0.0100000995892,0.010000160436,0.0100001924799,0.010045237833,0.0636532251599,0.0635978191657,0.0161749354711,0.010045237833,0.0100001093788,0.0100001425044,0.000673964185563,0.010013842978,0.010001767037,0.0100070030805,0.0766064125183,0.0100067136026,0.010045237833,0.010045237833,0.0560289709019,0.0464317888327,0.010045237833,0.0100329241456,0.0100072074293,0.0100086557766,0.0104619655962,0.0100401775417,0.010020171484,0.0100076487865,0.0116182737586,0.024881596749,0.0178965911821,0.0100508074994,0.0184978736445,0.0100283208535,0.0100123677756,0.0100060801381,0.0100020043488,0.0100022573834,229.180074615,397.902608856,1.71242073068,3.78568724761,115.147143171,11.1366551226,203.976220913,1.24907207443,4.41969546618,6.55302865831,4.95179739076,2.75792320103,2.99926260729,1.88069251877,2.07451928109,0,45.6639274075,45.5844595137,4.58073271699,0,4.93212975793,3.16643260763,0,0.386074315542,3.03817848681,1.38388331573,12.1658420242,1.40834085199,0,0,20.1296552359,12.1770123053,0,0.504939785569,2.41957287553,1.57059565619,2.35683269884,1.64772761838,1.9385844085,1.89177601411,0.241507360829,1.77281343632,1.07881568594,0.34960234939,0.820372672621,0.218231061338,0.39819530219,0.434807909232,2.0083969965,1.16720601226
refine__sobol__0000625__elv_angle__m5@@triceps@@0.00,47.04092476,70.77348722,-38.79392995,54.4533119,79.35458519,9.0013277,-41.22452726,Triceps,TRIlong;TRIlat;TRImed,0,1,usable,Converged with independently replayed constrained generalized-force equilibrium and small reserve torques,358.317244,0.632756248055,2.89114581165e-08,3.13461239942e-12,4.67894996231e-05,23,0,0.281890183017,0.23590442042,0.0100018221571,0.0100009905045,0.584529405698,0.0100003878294,0.187712929046,0.010001690613,0.0100212913296,0.010000701291,0.010000670825,0.0100010072988,0.0100008119466,0.0100009873126,0.0100089690905,0.000673951844488,0.000673951844488,0.000673951844488,0.010042510044,0.010045237677,0.0100025234553,0.0100027913854,0.0121771913162,0.0100014522473,0.010045237677,0.0763814012591,0.0100022618585,0.0100021734288,0.0100009151689,0.0100066073876,0.322592959621,0.0532195980252,0.0100059588348,0.0100029638382,0.0100051464972,0.0100110767658,0.0100043201673,0.0100061206785,0.0100063843925,0.0100150878276,0.0100839705371,0.01340733073,0.0362324186914,0.0288637440799,0.0100149221072,0.0101978158176,0.0140794913342,0.0217641382405,0.0100235869726,0.0391610534664,342.996180656,223.193782288,2.0138536521,4.75842510015,574.942156989,13.0531707323,45.9979322588,1.43873402173,4.43455069429,6.47590200474,4.62043203404,2.6749734712,2.88146178449,1.82130007873,2.04975986668,0,0,0,0.787232550831,0,3.88358794462,0.993984832418,14.2688791803,2.75966350407,0,19.1989005308,1.92941698012,3.40837663272,4.79817038438,0.69885456649,171.300583952,10.0793613441,0.736942032859,1.70819765948,2.49402389735,1.48040149484,2.31261296868,1.7101304168,2.12494003093,1.91637068911,0.383414582952,1.43233744056,3.40700065581,1.3751460608,0.724937470181,0.481769802322,1.09828488114,0.967003591945,1.0973535019,4.15813408621
refine__sobol__0002761__shoulder_elv__m5@@middle_deltoid@@0.00,69.66299507,109.79448331,76.3794099,89.90497205,32.59677269,20.57969684,-39.26163663,Middle deltoid,DELT2,0,1,usable,Converged with independently replayed constrained generalized-force equilibrium and small reserve torques,272.106643,0.273132971274,5.69828166874e-08,2.79243295154e-12,2.56879643643e-05,11,0,0.107718133294,0.0010578559629,0.0383453789014,0.0100054182938,0.336109530646,0.0100024984309,0.29658557236,0.0100182046565,0.010003595568,0.0100017712877,0.01000246398,0.0100101352173,0.0100087593765,0.0100102457307,0.0177894243995,0.0101109007379,0.139004428452,0.136133599103,0.0282489692337,0.0101109007379,0.0661204999131,0.0100049328379,0.0100043162823,0.0100045795088,0.0101109007379,0.0536808483212,0.0214682856838,0.0100066463711,0.0100074787807,0.0100178530379,0.054399798153,0.0531051149234,0.0100307258484,0.0100171401088,0.0100239479173,0.010037042607,0.0100333376842,0.0100394140384,0.0100344652149,0.0100365406045,0.0129700854373,0.0386797239756,0.035576072904,0.0161850186748,0.0169499085437,0.0125507038753,0.01030487609,0.0100954654843,0.0100340314574,0.0100540222731,87.5523773581,0,7.23252482344,2.36044032433,361.333641281,11.4049965718,79.8912686499,1.43557318515,3.97869767688,6.28562791439,4.57962363165,2.70824697415,2.99630037315,1.87794274218,3.68989729361,0,98.3024747319,94.2835643973,7.41757345708,0,33.1815255254,2.71743933856,10.9795418051,2.49935548599,0,13.5157701026,4.07672817276,4.08168845646,4.30380368182,1.00869185383,28.0268936968,14.0270219607,0.713464262031,1.67482687748,2.49932433884,1.45703251334,2.35767501874,1.72821896401,2.13064511905,1.88148640262,0.509961009748,4.06020442129,3.32940668791,0.771995205649,1.22716560453,0.591589836677,0.784645681549,0.397000547988,0.995181402452,0.94243248465
refine__sobol__0001387__deviation__p2@@triceps@@0.00,23.30069038,95.97368253,56.78712474,29.38006971,56.62021019,16.28208941,-8.82218351,Triceps,TRIlong;TRIlat;TRImed,0,1,usable,Converged with independently replayed constrained generalized-force equilibrium and small reserve torques,294.624965,4.73590417899,3.63278758186e-08,2.09610107049e-12,0.000689373346438,25,1,0.0528029173613,0.999999503831,0.288055890496,0.0100005406538,0.128087214728,0.0100002466647,0.010003367395,0.0100008755828,0.0100009689933,0.010000135127,0.0100001304396,0.0100006187793,0.0100004446314,0.0100004455408,0.0100003542472,0.000673940345784,0.000673940345784,0.000673940345784,0.0100452379182,0.0100452379182,0.0100000653683,0.0100013184201,0.0100000082268,0.0100000256185,0.0100000652439,0.0100002874625,0.783827108384,0.0100000755587,0.0100000575016,0.0100004429707,0.0100000381775,0.0820470826157,0.0100003866817,0.0100001704108,0.360436445015,0.300823508519,0.0100046867198,0.0100579507215,0.122587889973,0.339072415702,0.155477553949,0.74628479341,0.601774501928,0.338662306457,0.388257568273,0.0100049859417,0.140476489721,0.305901020251,0.772499215208,0.859894450798,64.308660347,407.898915437,58.0071574214,4.66140549517,126.117765651,11.5395201317,2.43010225038,1.43798680155,4.30939787661,6.45274181315,4.66003137144,2.62678129185,2.85514011608,1.8151999489,1.89855154764,0,0,0,0,0,1.90853405758,0.0976917206535,11.7735240182,2.56822317167,3.03900195739,2.36743939733,150.965602142,3.88055269956,4.58654563551,0.949276055555,5.57143460694,19.8675427777,0.752990013638,1.7119245612,93.277030654,48.7868536587,2.36897986448,1.73892491229,25.4894798066,66.8928757483,5.33636034161,81.4918661762,56.7191155947,16.5265994834,27.9716242702,0.448934896031,8.65318629325,12.9476746177,119.51394066,93.3058796057
refine__sobol__0001387__flexion__p5@@teres_major@@0.00,23.30069038,95.97368253,56.78712474,29.38006971,56.62021019,14.28208941,-3.82218351,Teres major,TMAJ,0,1,usable,Converged with independently replayed constrained generalized-force equilibrium and small reserve torques,265.713405,1.12672682064,2.65792916565e-08,1.91135995919e-12,6.94066939662e-05,25,1,0.055207857038,0.999999530899,0.29418274639,0.0100005237413,0.122508801748,0.0100002399593,0.0100033004992,0.000673887873542,0.0100009442675,0.010000131469,0.0100001269202,0.0100006036502,0.0100004332894,0.0100004341339,0.0100003449774,0.0100016892475,0.0724889492147,0.0663565856218,0.0100452377656,0.0100452377656,0.0100006249831,0.0100064127834,0.0100057975891,0.0100081395329,0.0100247111349,0.0345035370255,0.0545097232147,0.0100027608843,0.0100047346147,0.0100074255685,0.0247552949199,0.0162001364413,0.0100144804996,0.0100077682892,0.0100063662948,0.010009412867,0.0100094529911,0.0100114478529,0.0100095537894,0.0100093376976,0.0113354587192,0.0437677650739,0.0343750405656,0.0163884779974,0.021678348405,0.0120937486964,0.0100780998888,0.0100260776445,0.0100091260093,0.0100123574532,67.2376358001,407.898926924,59.2409509524,4.66139761241,120.625125451,11.5395123938,2.43008599958,0,4.30938722249,6.45273945273,4.66002973127,2.62677731789,2.85513687768,1.81519787832,1.89854978795,3.30833383017,46.2003655521,38.7133196545,0,0,1.90864086053,0.0977414817986,11.7803401321,2.57030700045,3.02510303983,7.90438078239,10.5142484042,4.01746351746,4.56205903552,0.998020004352,13.792198027,3.92283178721,0.75359262575,1.71266455078,2.58942215591,1.62577559413,2.37007072048,1.73078017215,2.07070354795,1.97476018304,0.367882946934,4.77918772934,3.21207797067,0.799512548647,1.53522443304,0.517075463612,0.60819996666,0.436205092011,1.66503797246,1.1268085315
refine__sobol__0001711__flexion__p2@@supraspinatus@@0.00,-47.18759087,105.74907316,38.18360911,69.37030409,-34.16103981,17.0506441,29.62312899,Supraspinatus,SUPSP,0,1,usable,Converged with independently replayed constrained generalized-force equilibrium and small reserve torques,302.941312,2.10235650469,2.91548687414e-08,3.33308766032e-12,0.000143158268142,21,1,0.517338823718,0.999992107347,0.0100004232263,0.000673641998854,0.0100002339751,0.495404492624,0.0100452380096,0.0100005688234,0.0100002307454,0.0100000685752,0.0100000920938,0.0100005800054,0.0100002137781,0.0100002543724,0.0100008939019,0.0423847096656,0.381799062761,0.373573620614,0.0638846738664,0.0100015137009,0.428874917036,0.0100008162217,0.010000723633,0.0100022887655,0.0100056304517,0.0247188822975,0.0921847051798,0.0100032690682,0.010007683004,0.0100082357552,0.278581454723,0.140237019264,0.0100140598486,0.0100074938651,0.0100136471698,0.0100180485715,0.0100142519721,0.0100166152357,0.0100162395568,0.0100137486904,0.0109598422467,0.0475050343988,0.0357509492957,0.0190049409645,0.0213156106087,0.0102970618027,0.0100353125825,0.0100235853376,0.0100067440069,0.0100094749965,230.70916508,247.513657506,1.81956555035,0,2.498479731,573.50848731,0,1.39722297844,4.1471222112,5.18973213827,4.91621589243,2.50426931813,2.79863806775,1.82184852607,0.546798425927,14.1073694774,262.409010034,251.224222054,12.8257953347,3.69594767211,160.805862318,0.80925403833,11.4527491145,2.72563003531,3.36879376998,5.01056585818,17.2335934722,3.85243807413,1.49278278468,0.921615268253,145.968874174,39.0290772679,0.522762305679,1.56685762094,2.54793143384,1.62765529948,2.34032376639,1.70580952385,2.02189313761,1.97139455076,0.251789475367,3.98385423825,2.53332868344,0.754268521594,1.15599958265,0.297669283639,0.523943380072,0.429274558603,2.00810071698,1.16557986358
refine__sobol__0002761__pro_sup__m2@@triceps@@0.00,69.66299507,114.79448331,76.3794099,89.90497205,30.59677269,20.57969684,-39.26163663,Triceps,TRIlong;TRIlat;TRImed,0,1,usable,Converged with independently replayed constrained generalized-force equilibrium and small reserve torques,259.33772,1.98493899699,5.98909295491e-08,3.62376795238e-12,0.000210456246708,28,0,0.15395627438,0.371129995422,0.248502041216,0.0100020994254,0.0100003096761,0.0100003241116,0.984242827386,0.0100012396412,0.010000343872,0.0100001239844,0.0100001685421,0.0100007199919,0.0100005683419,0.0100006552033,0.010000928333,0.000673899332721,0.000673899332721,0.000673899332721,0.852458352392,0.0100452378882,0.0100001643347,0.0100001786436,0.0100000502261,0.0100000743031,0.0100452378882,0.133907758189,0.115169626999,0.0100005134839,0.0100003192045,0.0100020089311,0.0100000841245,0.0100004159324,0.0100021719719,0.0100011508711,0.0461393633045,0.0100649422908,0.0105767940282,0.0135309049082,0.0100216447144,0.0100176038361,0.010003285983,0.0100013117485,0.0100015915694,0.0100030938722,0.0100071923907,0.0100059931514,0.0226076582531,0.0228850188266,0.141069058821,0.0911026736392,118.047323083,166.157059087,47.0352118337,1.989527439,9.98332732667,11.4352827565,262.435967809,1.42349366666,3.99959861993,6.3661470325,4.64654700662,2.71736542703,3.01655784757,1.87948089878,2.07999276453,0,0,0,223.837280451,0,5.01914363673,2.62036783111,10.9748598907,2.49660143492,0,33.7046407207,21.8593960631,4.07918726686,4.29645458217,1.00735647496,5.16722138239,2.65372494208,0.710981299032,1.67170841721,11.4913163923,1.45855388668,2.48475235127,2.32889093941,2.1279688314,1.87514363164,0.393322180427,1.04970552204,0.935865753733,0.477060453409,0.724516109842,0.471624185539,1.72554587441,0.89994513173,13.9913158918,8.53967862268
refine__sobol__0003073__flexion__m2@@supraspinatus@@0.00,39.69229194,81.85014738,-55.82273854,85.01727674,19.23739769,-6.67860394,3.44539462,Supraspinatus,SUPSP,0,1,usable,Converged with independently replayed constrained generalized-force equilibrium and small reserve torques,238.145578,4.19070766435,5.27991019794e-08,3.60271984652e-12,0.000271561911871,20,1,0.010000084148,0.407696784839,0.0100001911804,0.00101806669851,0.0100025750365,0.010000055579,0.999999330784,0.010000254007,0.737207673333,0.0100001725304,0.0100001804347,0.0100001437902,0.0100001108482,0.0100001440161,0.495005434233,0.0100003290242,0.736307367427,0.720871667159,0.146446387243,0.0101026781104,0.665991536364,0.0100004899197,0.0100007798502,0.0100009189717,0.0100026102548,0.0221736096431,0.0100884379398,0.010002267236,0.0100019865915,0.0100062567264,0.692144456213,0.457822168627,0.0100094957591,0.0100052364374,0.0100651287503,0.0116274203281,0.0100298656608,0.0100403111226,0.0101368820217,0.0141666972564,0.0188264010114,0.0869958057297,0.0771139889203,0.0437276420012,0.0136535661724,0.0155450505569,0.0100419343235,0.0100646671607,0.0100126612696,0.0100252317048,11.0375276427,322.275162987,2.00002146792,0,9.29650865073,12.9838286909,235.972474745,1.4326943465,327.243886328,6.57087297392,4.8193978412,2.70127536872,2.93074880348,1.8503235915,102.968454042,1.21703870198,517.272182035,495.811492194,37.7549353801,0,336.710364531,2.17929254394,11.0973078154,2.54748345152,3.14742538691,5.59340842525,1.47665499388,3.78786677183,4.31786751041,0.933795986902,367.985725765,124.670932679,0.671130947556,1.60728892105,2.60285559642,1.88937892401,2.37494207295,1.73581177708,2.09276622267,2.79476801893,0.437981035312,8.27668690336,6.40864195594,2.11420188998,0.69792670782,0.64868523965,0.725412272769,0.462847584747,1.98062617349,1.16817019386
refine__sobol__0000463__shoulder_elv__p2@@coracobrachialis@@0.00,-42.35360649,90.16606534,77.66114818,12.43182752,74.51083519,-8.80628949,-44.15421476,Coracobrachialis,CORB,0,1,usable,Converged with independently replayed constrained generalized-force equilibrium and small reserve torques,399.868445,1.96264424407,2.2777248887e-07,1.2393090979e-12,6.67848809461e-05,23,0,0.0100024121989,0.341890566359,0.0100016926392,0.633450545257,0.0100004983311,0.0100000976534,0.010045237707,0.0100008452658,0.68582205866,0.0100001509179,0.0100002003776,0.0100005565853,0.0100003697856,0.0100004477126,0.000673992720962,0.0315477536347,0.280580237449,0.220918596609,0.010045237707,0.010045237707,0.173262646657,0.010045237707,0.0100015337922,0.0100032311705,0.010045237707,0.628618442345,0.0100004616878,0.308124808238,0.0100003164854,0.0100150963382,0.393634413128,0.099149642835,0.010004994006,0.0100023921448,0.173961100779,0.184996841407,0.0100023646755,0.010007381623,0.0939805266821,0.271418347798,0.0100050471037,0.0100014524391,0.010021554144,0.0276936528939,0.0100030026393,0.0536206507593,0.0100029642723,0.0495477784922,0.010004639533,0.0677758209637,2.29849811985,226.955838972,1.77516983294,116.325283111,1.44802270922,12.1244548558,0,1.35904360525,270.666396094,5.80748995815,4.97265054362,2.36773424475,2.54222392915,1.78645684305,0,20.1963292749,152.939483328,94.8131423392,0,0,9.40892142431,0,11.7288599155,2.368776044,0,155.321501974,1.91215799559,86.1846804041,3.13070677116,0.523912811865,219.324991523,19.631904939,0.499757856595,1.44062449194,43.5920840171,28.0429660573,2.19924333916,1.67537463987,19.9591207664,52.890533495,0.383770422429,1.06300983028,0.919406374986,1.26617591101,0.724170257681,2.52216072927,0.774730480996,2.27886752804,1.05854299898,7.7924635045
refine__sobol__0001387__deviation__m2@@triceps@@0.00,23.30069038,95.97368253,56.78712474,29.38006971,56.62021019,12.28208941,-8.82218351,Triceps,TRIlong;TRIlat;TRImed,0,1,usable,Converged with independently replayed constrained generalized-force equilibrium and small reserve torques,304.625903,4.67706674442,8.3867092826e-08,3.07665004584e-12,0.00067700665648,25,1,0.0531620116867,0.999999512951,0.290345433741,0.0100005354993,0.127764693276,0.0100002444576,0.0100033430087,0.0100008682483,0.0100009606476,0.0100001338954,0.0100001292523,0.0100006136178,0.0100004408262,0.0100004417172,0.0100003511534,0.000673979952348,0.000673979952348,0.000673979952348,0.0100452384383,0.0100452384383,0.0100000666343,0.0100013376911,0.0100000085596,0.0100000262861,0.0100000660508,0.0100003123734,0.753446120984,0.0100000756907,0.0100000569266,0.0100004302464,0.0100000389086,0.0717452617439,0.0100003897849,0.0100001718592,0.322694965679,0.277901796021,0.0100037277138,0.0100196136759,0.106712284044,0.3189527261,0.156597024336,0.774782996654,0.632566050281,0.357574427194,0.394220153164,0.0100064178308,0.143705030413,0.311914328911,0.725465038628,0.865938000218,64.7460012385,407.898920939,58.468213417,4.66140309301,125.800203185,11.539517583,2.43009632746,1.43798574693,4.30939428073,6.45274101771,4.66003081729,2.6267799358,2.85513902896,1.81519925455,1.89855096196,0,0,0,0,0,1.90853430009,0.0976919105513,11.77352441,2.56822334308,3.11753641169,2.39787101744,145.331129661,3.93676706131,4.63590457892,0.964151857717,5.57143501423,17.3729767255,0.75301393456,1.71196202978,83.5099024677,45.0897270581,2.36875403955,1.73230256357,22.1921667895,62.9252995002,5.19609756833,84.6058406706,59.5383348502,17.4494721252,28.1313915616,0.446875408953,9.17339060266,13.8165209962,117.472543816,98.0974124294
refine__sobol__0000625__flexion__p2@@middle_deltoid@@0.00,52.04092476,70.77348722,-38.79392995,54.4533119,79.35458519,9.0013277,-39.22452726,Middle deltoid,DELT2,0,1,usable,Converged with independently replayed constrained generalized-force equilibrium and small reserve torques,303.37146,4.6446439971,2.77658500636e-08,2.25242047236e-12,0.000603704090912,29,2,0.507219808825,0.000673956753021,0.0100001830978,0.0100003398257,0.999999939254,0.0100000896604,0.981647196736,0.0100000841169,0.0100002236347,0.0100000120372,0.0100000115802,0.0100000496918,0.0100000390258,0.0100000433438,0.0100000861724,0.0100000592716,0.403240823728,0.393985346429,0.0263839024056,0.0100452377331,0.725954847986,0.0100000986403,0.0100009037629,0.0100000941806,0.0100452377331,0.010000802581,0.010000377312,0.0100001878868,0.0100001902589,0.0100007759216,0.999999855644,0.686497849657,0.0100008300717,0.0100003780193,0.0100011789333,0.0100036045841,0.0100013471653,0.0100018267741,0.0100021168225,0.0159169702483,0.0572679058859,0.118323231391,0.164178430381,0.119389098645,0.0100027076006,0.0100112834755,0.0100077778868,0.0681691568128,0.100211297399,0.169788368516,617.729387473,0,2.01416622183,4.84396399935,986.561900233,13.0247858652,239.563146702,1.43837203265,4.41219849901,6.44177655106,4.59046117775,2.67894250676,2.88931808009,1.82458173016,2.02598267467,2.73320378333,270.853356504,258.562370481,2.06823460094,0,275.970645055,1.07867589669,11.7187686211,2.75928877777,0,2.51983271862,1.92905451332,3.4659992975,4.79781594811,0.719449908699,531.011462341,130.017139275,0.742484408139,1.70942193465,2.51271135535,1.49345114995,2.32313736606,1.71405973538,2.12379523068,3.06379265784,2.14954863307,12.6961376084,15.4728673723,5.71185844736,0.723864234266,0.47332116562,0.773365202043,3.03410539701,11.3308508488,18.1542307309
