sample_id,elv_angle,shoulder_elv,shoulder_rot,elbow_flexion,pro_sup,deviation,flexion,usable,status,reason,duration_ms,objective,max_assembly_error_deg,max_equilibrium_residual,max_reserve_torque_nm,muscles_at_floor,muscles_at_capacity,activation__DELT1,activation__DELT2,activation__DELT3,activation__SUPSP,activation__INFSP,activation__SUBSC,activation__TMIN,activation__TMAJ,activation__PECM1,activation__PECM2,activation__PECM3,activation__LAT1,activation__LAT2,activation__LAT3,activation__CORB,activation__TRIlong,activation__TRIlat,activation__TRImed,activation__ANC,activation__SUP,activation__BIClong,activation__BICshort,activation__BRA,activation__BRD,activation__ECRL,activation__ECRB,activation__ECU,activation__FCR,activation__FCU,activation__PL,activation__PT,activation__PQ,activation__FDSL,activation__FDSR,activation__FDSM,activation__FDSI,activation__FDPL,activation__FDPR,activation__FDPM,activation__FDPI,activation__EDCL,activation__EDCR,activation__EDCM,activation__EDCI,activation__EDM,activation__EIP,activation__EPL,activation__EPB,activation__FPL,activation__APL,active_force_n__DELT1,active_force_n__DELT2,active_force_n__DELT3,active_force_n__SUPSP,active_force_n__INFSP,active_force_n__SUBSC,active_force_n__TMIN,active_force_n__TMAJ,active_force_n__PECM1,active_force_n__PECM2,active_force_n__PECM3,active_force_n__LAT1,active_force_n__LAT2,active_force_n__LAT3,active_force_n__CORB,active_force_n__TRIlong,active_force_n__TRIlat,active_force_n__TRImed,active_force_n__ANC,active_force_n__SUP,active_force_n__BIClong,active_force_n__BICshort,active_force_n__BRA,active_force_n__BRD,active_force_n__ECRL,active_force_n__ECRB,active_force_n__ECU,active_force_n__FCR,active_force_n__FCU,active_force_n__PL,active_force_n__PT,active_force_n__PQ,active_force_n__FDSL,active_force_n__FDSR,active_force_n__FDSM,active_force_n__FDSI,active_force_n__FDPL,active_force_n__FDPR,active_force_n__FDPM,active_force_n__FDPI,active_force_n__EDCL,active_force_n__EDCR,active_force_n__EDCM,active_force_n__EDCI,active_force_n__EDM,active_force_n__EIP,active_force_n__EPL,active_force_n__EPB,active_force_n__FPL,active_force_n__APL
anchor__abduction_45,0,45,0,0,0,0,0,1,usable,Converged with independently replayed constrained generalized-force equilibrium and small reserve torques,351.992566,0.735703778635,0.000546006453053,2.13162820728e-12,1.95445340621e-05,26,0,0.296442285871,0.364102821114,0.0100059590589,0.12230849818,0.0615417024816,0.12330584943,0.0100076940888,0.0100052216428,0.0376748084323,0.0100038487203,0.0100025328078,0.0100039115708,0.0100047397027,0.0100041531111,0.0100077176414,0.417253452148,0.429519481454,0.31239062485,0.0100452377657,0.045830984406,0.0100071516986,0.0100057978228,0.0100007816867,0.01000286328,0.0408948825773,0.0484052954809,0.0563076287386,0.010001542689,0.0100009962993,0.0100054588676,0.0100025557845,0.0100128210827,0.0100075217934,0.0100039493152,0.0100038017036,0.0100060363438,0.0100044957238,0.0100060250181,0.0100053304819,0.0100060269426,0.0198674699459,0.0863669330666,0.0100452377657,0.0380421269853,0.0361489903693,0.017291576347,0.0201860448995,0.0100746596966,0.0100079524634,0.0100340818507,206.903899966,360.237615933,1.89134592309,58.3968040177,66.1649072771,153.856210049,2.66796156817,1.35570880206,16.7158377666,6.36744705568,4.41941311449,2.40858584723,1.80164522971,1.70193505681,2.07968483447,315.767074356,187.889533298,99.3875509076,0,16.577894676,1.98036909422,0.955086642954,11.4985544995,2.32060147187,12.5948251688,11.4979369864,10.8616391935,3.90466937138,4.79267487677,0.994205316894,3.79973857256,2.83824059755,0.753444928696,1.71262172931,2.58882876679,1.6248516768,2.36893285999,1.72995503701,2.08090763196,1.9741052744,0.66049694442,9.43087366046,0,1.85609507466,2.5587734986,0.727908861442,1.4598842109,0.463417307664,1.92416969905,1.17091486081
anchor__external_rotation,0,20,60,90,0,0,0,1,usable,Converged with independently replayed constrained generalized-force equilibrium and small reserve torques,410.274886,0.0193081015267,1.97890396381e-08,1.20792265079e-13,6.87280108873e-06,8,0,0.0246960647157,0.0238362756611,0.0100614336513,0.0100436055513,0.0513162071534,0.0208740559132,0.0100396809142,0.0100251419407,0.0100694913973,0.0101713690776,0.0131702365662,0.0100208117883,0.0100295904031,0.0100260153614,0.0100359660768,0.0100265247902,0.0100123363802,0.0100125247524,0.0100293766851,0.0100429907516,0.0227317552076,0.0274041132653,0.0480818869022,0.0380776011896,0.0448969207972,0.0435661189839,0.0330378810088,0.0100041727208,0.010006666564,0.0100101799709,0.0159473202231,0.0100465875666,0.0100197152189,0.0100105245309,0.0100059956888,0.0100088053937,0.0100085238012,0.0100104543693,0.0100087643729,0.0100085048116,0.0101119094936,0.0294440317004,0.0100452385343,0.0121325128278,0.0123808197011,0.0104232832497,0.0101052095532,0.0100276417269,0.01000905384,0.0100133175076,18.4627160408,25.3359976993,1.99485950188,5.0135860694,35.9339414677,25.17730287,2.70429070526,1.27735710707,4.3371427067,6.1344059233,4.15212338405,1.88235359361,0.991723199809,1.56369810226,1.94188299271,3.27001091634,7.0815142554,6.93541695126,2.63438884031,3.63273111128,11.7928192494,8.65344417145,52.7572830002,9.50508925911,14.1077019543,10.9784571627,5.53454005473,3.81719365562,3.94585256296,0.937281940142,8.62668516617,2.84781206646,0.651298931929,1.60136527555,2.58939653613,1.6253013349,2.36988665567,1.73072083347,2.08162181227,1.97459413719,0.256934739617,2.9539476611,0,0.587535936071,0.686321050728,0.438780137248,0.730823494546,0.461254560578,1.92438145421,1.16849179129
sobol__0000004,17.06045601,57.44340909,79.71192943,2.52948377,21.07333519,20.10972613,27.79891024,1,usable,Converged with independently replayed constrained generalized-force equilibrium and small reserve torques,305.155335,0.50516383364,1.47782115434e-07,2.16715534407e-12,2.4134567745e-05,27,0,0.0290011419366,0.4078229913,0.0100037976943,0.0100070243337,0.0100008742489,0.0100005394481,0.0100452378004,0.0100084897113,0.0100027740709,0.0100011517188,0.0100015644398,0.0100128002847,0.0100063236877,0.0100054266691,0.0100059692274,0.104638442507,0.441774498657,0.326933305165,0.0100452378004,0.0100452378004,0.0100058201979,0.0100047619411,0.0100008162272,0.0100029456538,0.0100176351112,0.0204193431964,0.0720833187109,0.0100015675423,0.0100011711348,0.010006370355,0.0100056500203,0.0402727876066,0.010007852514,0.010004145408,0.0100041357617,0.0100064746297,0.010004658906,0.0100060654542,0.0100054024378,0.0100064615128,0.0173777399854,0.0835993940138,0.0590159988081,0.0348296241702,0.0332622602252,0.0140517248178,0.0149999580105,0.0128862834719,0.0140289668175,0.026110731063,26.7608468634,397.06797678,2.00891984702,4.94823179414,7.07444769602,11.7377392175,0,1.35884190345,4.38502422179,6.28721588906,4.33737396431,2.35409515785,1.93347671234,1.70733815544,2.08004033181,56.6591459537,202.483809854,110.893626647,0,0,2.32651054182,0.722166610973,11.567565108,2.33025557495,2.26419087952,3.25720075449,13.8883377423,4.07961532088,4.11979733195,0.996877385704,4.61483744796,10.9214030996,0.71319228952,1.66198201004,2.51563164205,1.62180181428,2.31965277371,1.69080429447,2.00011527977,1.95558344034,0.540154440704,9.04062403875,5.1539914001,1.63905257009,2.29024708676,0.412460138551,0.687152462197,0.528316066502,2.7815555371,3.00247461521
sobol__0000008,-16.68954399,33.06840909,51.58692943,75.65448377,-28.92666481,13.54722613,20.29891024,1,usable,Converged with independently replayed constrained generalized-force equilibrium and small reserve torques,286.279283,0.0287181878634,1.39388411924e-08,4.61852778244e-13,3.89312805931e-06,12,0,0.0100053827296,0.0909598197889,0.0510059619044,0.010012205968,0.0560161449315,0.0381659786394,0.0120882452245,0.0100562771648,0.0100075046908,0.0100033853948,0.0100047851753,0.0100435129459,0.0100547746082,0.0100228261853,0.0100089060964,0.0329989652363,0.0100095424157,0.010009706025,0.0100263628624,0.029787195621,0.0301940058713,0.0177883630675,0.0638310157622,0.022004164029,0.0125889383306,0.0211207020041,0.0294035452118,0.0100051147438,0.0100221584612,0.0100125543129,0.0100116693059,0.0100181038293,0.0100246964581,0.0100127637859,0.0100068029811,0.010009691749,0.0100102628673,0.0100121303851,0.0100099554144,0.0100094558258,0.0100741274313,0.0171172366944,0.0123410908682,0.0101088982969,0.0104315945291,0.0100846592165,0.0100527688335,0.0100260898693,0.0100102351287,0.0100127992343,5.43826384332,94.4438776166,9.70787545144,4.96121818263,40.2481899922,45.3965696615,3.25143385067,1.26545359145,4.40430559731,6.24333330656,4.1518561225,1.8560123347,0.988302488253,1.597345956,2.0392297392,14.2960575705,6.94089261304,6.79296116843,2.41078261016,11.1444769857,15.8498097831,5.58201179577,72.2296627147,5.87028775724,4.2461445859,4.66192976079,5.48734900603,3.85699029868,2.07422755505,0.928955665644,5.54819196881,2.83022007492,0.570287316883,1.57953189624,2.57553136701,1.62651261304,2.36306583574,1.72262895735,2.0428829985,1.97446934474,0.241302575979,1.52857029279,0.922888082027,0.428745474483,0.579071217421,0.332403620527,0.581840464793,0.446153453234,1.9974015611,1.16705668967
sobol__0000012,5.81045601,16.81840909,-42.16307057,59.40448377,-48.92666481,9.17222613,35.29891024,1,usable,Converged with independently replayed constrained generalized-force equilibrium and small reserve torques,347.530012,0.0537229652282,1.77714412075e-08,4.5134149776e-13,5.37166269026e-06,14,0,0.0662201257485,0.163332654793,0.0100186065204,0.0396372420306,0.0598645997468,0.0101014059313,0.0100295788482,0.0100114267124,0.0100120931615,0.0100035945725,0.0100042028449,0.0100094528311,0.0100115298143,0.0100089982541,0.0100143677157,0.0100036872455,0.0100107540382,0.0100109394993,0.0100342405458,0.0100237100854,0.0850548845318,0.0100124622232,0.0430645240193,0.0406706915843,0.0129735926222,0.0189139584733,0.0370359056305,0.0100044110834,0.0100200152872,0.01001130031,0.0236187950845,0.0100718397627,0.010020767936,0.0100106506392,0.0100055863278,0.0100078878623,0.0100083518124,0.0100099115976,0.0100080834139,0.0100074486213,0.0100803716479,0.0189685022565,0.0143999991686,0.0101333909693,0.011043001312,0.0100770789047,0.0100421737672,0.0100206009654,0.0100072091909,0.0100089186757,42.9124071886,173.546322839,1.90997812098,19.1172563553,60.0731439413,13.0791183824,2.32646319793,1.35743277443,4.44301377565,6.21884867546,3.29693201575,2.4566058895,1.76936308939,1.67930715856,1.93634813293,5.51409010466,6.77783620304,6.62744381341,1.20700998488,3.58662686651,43.6882869066,3.13327788641,50.1390811546,11.2251019948,4.26119987728,3.77837449516,6.46828593208,3.87393738201,2.51549811994,0.924409470363,10.0508458467,2.64611027681,0.602445922423,1.58053189498,2.51799070902,1.62253236811,2.32579345334,1.69358109796,2.00473543875,1.95269770653,0.205039201067,1.4525995131,0.960027983011,0.386841940411,0.554053126155,0.273402380456,0.563391407522,0.459583559655,2.00995979114,1.16763799565
sobol__0000016,-44.81454399,53.38090909,-28.10057057,39.09198377,6.07333519,-9.42152387,-20.95108976,1,usable,Converged with independently replayed constrained generalized-force equilibrium and small reserve torques,305.120494,4.60727358998,4.96476026512e-07,3.54093617343e-12,0.000412646963146,26,3,0.0100231516639,0.373648992425,0.0326249952402,0.0557782076266,0.0100097066743,0.0100418402884,0.0100100841449,0.0100105637732,0.0100043664518,0.0100012619936,0.0100012382171,0.0100111704606,0.0100119366416,0.0100055390229,0.0100038102687,0.129099654286,0.120487297769,0.116379000548,0.0100452375859,0.0100452375859,0.323721158457,0.120653851306,0.0100035322136,0.0100037860008,0.0100452375859,0.999999926934,0.0100000855411,0.999999169294,0.0100000202276,0.0100006180844,0.0100003684607,0.01000096765,0.0100004536968,0.0100002310703,0.0100005131452,0.0100035252747,0.0100001796711,0.0100003380185,0.0100005376837,0.139821514598,0.0100046597185,0.0100007525764,0.99999721934,0.925277796355,0.0100010754712,0.600316789603,0.0100034237673,0.243541461774,0.0100002260346,0.0100064095944,1.60733701637,365.244712662,2.43905201838,26.92550479,10.7643727738,12.834956303,2.57653034902,1.27494462017,4.4216247868,6.57174210668,4.74766803636,2.05375188032,1.26346370276,1.68210533837,1.92517704659,99.5301185118,78.7060457228,73.4301367097,0,0,59.5635931884,10.7267872736,11.7776272799,2.73793355207,0,249.118994959,1.79257428729,406.772584697,4.78553752381,0.94666755803,5.36848752266,2.80290233572,0.751731958883,1.71186034425,2.58321861647,1.5910465592,2.33778898912,1.7242116882,2.11797615887,27.5272236347,0.317303535315,1.09207543357,94.398867379,44.5321507629,0.663156303158,28.3768528366,0.799027473371,11.202486186,1.51206802801,1.16764455157
sobol__0000020,22.68545601,4.63090909,28.14942943,87.84198377,66.07333519,-5.04652387,-35.95108976,1,usable,Converged with independently replayed constrained generalized-force equilibrium and small reserve torques,428.212141,0.0347549707028,5.78362655546e-08,1.70530256582e-13,9.75243737435e-06,15,0,0.028894585488,0.0100057975032,0.0100277919691,0.010013248101,0.0267439285583,0.010004930386,0.0122443838971,0.0100443633146,0.0305744765783,0.0810954181143,0.0264736190223,0.010028256842,0.010030560014,0.0100393140646,0.0158346157149,0.0100287535607,0.0100091660535,0.0100093209255,0.0100252803014,0.0100452378127,0.0100447531214,0.0341166237351,0.0705534159139,0.0186559438164,0.0353410866897,0.0517944858951,0.0461765592379,0.0100026348933,0.0100067497366,0.0100074111674,0.0563561005633,0.0109822864246,0.0100164665237,0.0100085817612,0.0100053918709,0.0100081804779,0.0100083979995,0.0100098123987,0.0100076646267,0.010007679231,0.0138914864218,0.052337145099,0.0414416976556,0.0197549075495,0.0238549016558,0.014814314574,0.0101589552944,0.0100243842939,0.0100083969102,0.0100102740774,25.3959428287,10.8554457729,2.00213917444,4.96504644435,24.2727671781,12.5274850742,3.25468899163,1.30423208226,12.8940405995,46.0267709466,4.5082068912,2.07496180494,1.20051067187,1.60580595167,2.90106325585,4.07428293081,7.05880108295,6.91205101336,2.61282911384,0,4.85346391611,10.8081384486,77.7979959463,4.78975398352,10.6193371071,12.8195040554,7.5703171029,4.07889060964,4.77930619998,1.00953530507,27.7098366293,2.39593444351,0.745130327564,1.70835769697,2.55919915165,1.55246482402,2.2915107322,1.71171207475,2.12434419525,1.9615906499,0.464215456874,5.71506455271,3.91191239948,0.943602466957,1.56957811824,0.70066894004,0.795447291286,0.461052960875,1.23863479334,1.16110578371
sobol__0000024,-33.56454399,29.00590909,56.27442943,30.96698377,-63.92666481,1.51597613,-43.45108976,1,usable,Converged with independently replayed constrained generalized-force equilibrium and small reserve torques,358.53239,0.0506162180865,1.17429763691e-08,1.30748528604e-13,1.07759254825e-05,13,0,0.0100017349535,0.117851894327,0.109497994288,0.0100025828929,0.0100011037185,0.0100035924285,0.0100452376365,0.0598184298746,0.0100031298893,0.0100009835829,0.0100011236709,0.0868950283293,0.0298880687949,0.0100585096958,0.0100039695891,0.0220896645524,0.010011856311,0.0100125167918,0.0100452376365,0.0100553776454,0.0284550748929,0.0100036434938,0.0268152678367,0.0104162308857,0.0100452376365,0.0726731531766,0.0100303132395,0.0100078173401,0.0100037820035,0.0100185667214,0.0100665155493,0.0100424463854,0.0100213465222,0.0100115412674,0.0100089023154,0.0100139615813,0.0100097810096,0.0100122782016,0.0100101453728,0.0100130475186,0.0101858478463,0.0234790457177,0.02733084547,0.014650828537,0.011683905875,0.0117939495591,0.0101404826711,0.0100427053392,0.0100120111422,0.0100196536341,4.32271201436,124.771685529,20.5373201198,4.55569996326,6.54788270504,12.0590307191,0,6.60723680901,4.39633890706,6.24442562288,4.22261599797,14.4331050423,2.15223059204,1.54094590299,2.0261122838,15.0175657582,6.41270609054,5.95518527327,0,3.48818442452,10.126723287,2.16940151226,31.5713859156,2.65342049251,0,17.6975773277,1.93477138088,2.58056246723,4.23826030808,0.463996052265,2.52583028147,2.46412956948,0.55276788481,1.47022503791,2.16317272492,1.27270997281,2.07476195042,1.57044895027,2.12482426141,1.70469248387,0.399938349116,2.44685326349,2.49622587142,0.673173337334,0.845908900257,0.555336761029,0.88968255893,0.460133453677,1.09631083139,1.11939146053
sobol__0000028,-11.06454399,45.25590909,0.02442943,112.21698377,-3.92666481,5.89097613,-28.45108976,1,usable,Converged with independently replayed constrained generalized-force equilibrium and small reserve torques,332.17094,0.0651304034692,4.94948864116e-08,3.90798504668e-13,6.13414590393e-06,11,0,0.0221922180159,0.19342065119,0.0102879227367,0.0686197099653,0.0788340034048,0.0100177599458,0.0100250648108,0.0100119030526,0.0100097680985,0.0100029529258,0.0100029060596,0.0100093434634,0.010011577443,0.0100086344737,0.0100081398546,0.0100088134557,0.0100120266484,0.0100120749537,0.0100272749782,0.0100207609437,0.036594766005,0.0100075899432,0.0479777894048,0.021337314021,0.0521340021824,0.0543866173262,0.0110872674084,0.0100058807323,0.0100054686046,0.0100129621721,0.0313282890201,0.0101227727487,0.0100221807286,0.0100125281641,0.010008527402,0.010013170819,0.0100101615489,0.0100127880445,0.010011130035,0.0100124822723,0.0101537876329,0.027694851036,0.0278393839444,0.0144304358496,0.0114742479102,0.0109426063462,0.0102516131544,0.0100419967316,0.0100120822507,0.0100226772646,12.4241963482,191.722905431,1.89844881889,33.2147253041,84.509812842,12.4464041536,2.6709045595,1.33683092587,4.44310311248,6.42735417292,4.48473236701,2.31813901536,1.62842617143,1.6900645843,2.08177196592,3.39994933702,7.18233268006,7.14328788851,2.83425087047,3.73379702959,18.3222330514,3.15620842781,48.1276620738,2.24971378685,10.7946486537,13.7268045026,2.13176002427,3.91928471785,3.78756429514,0.975078921115,16.1304518757,2.87969078099,0.653565461926,1.61650148757,2.54203204869,1.50135336311,2.33766925041,1.72147440264,2.12555748102,1.92349036362,0.358186328303,3.02171655633,2.62801770668,0.698820843837,0.79505171415,0.517567040247,0.828211326098,0.458019726149,1.35598144636,1.13803136983
sobol__0000032,-58.87704399,43.22465909,86.74317943,53.31073377,63.57333519,-7.78089887,-49.07608976,1,usable,Converged with independently replayed constrained generalized-force equilibrium and small reserve torques,285.060817,0.78141111993,1.25687842356e-07,3.00559577227e-12,6.25277167915e-05,22,0,0.0100027370572,0.174252795264,0.460897441387,0.3846721268,0.010000338388,0.0100001148352,0.0100452377931,0.0100039917361,0.010000615326,0.0100001715381,0.010000198991,0.0100026558932,0.0100027730729,0.0100007904083,0.0100007444341,0.17812795534,0.0532712725908,0.052035979243,0.0100647458484,0.0100452377931,0.44036797135,0.010001239617,0.0100062320813,0.0100018556938,0.0100452377931,0.204855322724,0.0100015400425,0.0381817339584,0.0100007227233,0.0100106040241,0.305677717501,0.09262001596,0.0100076304366,0.0100040996068,0.0339094037799,0.0481223034362,0.0100054689021,0.0100115721337,0.0155576673053,0.0775849010304,0.0100160788268,0.0100051304591,0.0104767514377,0.0152477532772,0.010009242111,0.0211515299414,0.0100077209313,0.0154985763516,0.0100102930219,0.0151656015374,0.929289192333,185.585636685,68.2807081764,133.370850277,3.5056373773,12.6417953902,0,0.829943242391,4.4380506199,6.54136427964,4.6539493471,1.48144375419,0.722160697893,1.63377428322,2.07976829324,118.362480206,35.7143544653,34.0768790816,0.690741607471,0,113.459297946,0.844963314923,11.7383689099,2.76033790238,0,49.0037719434,1.76981568792,13.8969375886,4.08462288833,0.685541449257,164.498266361,20.8312430234,0.66738028069,1.67623339882,8.34877962043,7.14092631626,2.16437084126,1.65475827086,3.30427617033,14.9455746268,0.365038261987,1.08261527796,0.973040092006,0.70479217981,0.719497355034,0.98697760516,0.788748284536,0.712681040504,0.972301546501,1.71991980752
sobol__0000036,8.62295601,26.97465909,-7.00682057,69.56073377,3.57333519,-3.40589887,-4.07608976,1,usable,Converged with independently replayed constrained generalized-force equilibrium and small reserve torques,300.89931,0.0654550680248,3.78138054202e-08,3.39006087728e-13,9.42503183501e-06,17,0,0.0717306114024,0.175834163149,0.0100280296449,0.0636226143511,0.0739775166721,0.0101751515733,0.0100265804801,0.0100119467882,0.0100118580875,0.0100034306977,0.0100041858466,0.0100096259454,0.0100124041088,0.0100092352339,0.0100117127496,0.0100051091603,0.0100131267317,0.0100133308161,0.0100320565347,0.0100194104308,0.0507428179548,0.0100091027743,0.039396068156,0.0343803527605,0.0474042874218,0.0554326648781,0.0477505174113,0.0100029531698,0.0100048100057,0.0100076371673,0.0330181142425,0.0101785865705,0.0100159032267,0.0100083668617,0.0100048781957,0.010007244326,0.0100071979469,0.0100088540056,0.0100073165114,0.0100069484672,0.0102785111244,0.0402222934809,0.0100452380759,0.0162579967039,0.0174175266855,0.0127777877135,0.0101400989832,0.0100237140957,0.0100071421609,0.0100104648302,56.1014456557,182.057376686,1.9378043376,31.2281062422,79.5592810021,13.0650787611,2.58032620387,1.34907986985,4.40834288537,6.16170054065,3.29978909304,2.3777494802,1.66197432792,1.67792988418,1.97251911737,4.75063658745,6.88386902355,6.7357531999,2.02849202416,3.49246369363,24.6305577072,2.95830932041,45.1004128203,9.25378050201,15.5472708803,13.996119521,8.04082141454,3.97266934052,4.5006719842,0.987911715388,18.3936948133,2.86708443166,0.712712893346,1.66069703178,2.58915342516,1.62373002438,2.36930580104,1.7304477449,2.08992357179,1.97425105454,0.266681091402,4.17815969732,0,0.792632223012,0.997655026005,0.561564946169,0.760626557932,0.46107398662,1.86749813562,1.16814210596
sobol__0000040,-25.12704399,2.59965909,-53.88182057,12.68573377,-6.42666481,-1.21839887,-11.57608976,1,usable,Converged with independently replayed constrained generalized-force equilibrium and small reserve torques,386.353611,0.0213060483609,1.12633964822e-07,1.2412908845e-13,1.47885229047e-05,12,0,0.0331489967336,0.0101379475773,0.0100147751422,0.0100297411085,0.0469080688824,0.0100067485345,0.0100891600241,0.0100172140888,0.0102091033618,0.0303023170789,0.0131050799797,0.0100135309892,0.0100152954576,0.0100180639123,0.0101529618251,0.010002532428,0.0100055165834,0.0100067767532,0.010045236984,0.0101377669009,0.0284311017982,0.0230694117999,0.0729907191056,0.0204809576728,0.0296973781479,0.046691672782,0.0431964918421,0.0100044072726,0.010007281057,0.0100108781672,0.0128715493029,0.0100331680366,0.0100217568854,0.0100125896321,0.0100067049333,0.0100096998367,0.0100098539245,0.0100118395094,0.0100095609329,0.0100093268768,0.0101773231702,0.0285996156571,0.010045236984,0.011127761904,0.0157955314654,0.010729122356,0.0100972184696,0.0100253063453,0.0100090938279,0.0100120545523,18.5173183886,11.1339230185,1.91512623136,4.91197642853,45.8586820438,11.5170657617,1.75347497713,1.3508998339,4.5245285297,18.4841637704,3.09957598104,2.45268989323,1.71923093085,1.66889853737,1.89347463323,7.66791539135,5.47583291285,4.31869447245,0,3.8168646581,6.42087308926,4.86049473339,85.6120063778,4.95201828558,9.9182726008,11.7849168891,8.33240497532,3.76686333025,4.80121784911,0.899662767319,5.07469536991,2.85584944538,0.747213359898,1.71182634554,2.58869067155,1.60547776474,2.36677840786,1.73048630187,2.10982191851,1.97235995319,0.345928709322,3.1213734996,0,0.540649250168,1.12570274376,0.494689037459,0.78453804781,0.461141671035,1.72043673942,1.16831532237
sobol__0000044,-2.62704399,51.34965909,39.86817943,126.43573377,-66.42666481,3.15660113,-56.57608976,1,usable,Converged with independently replayed constrained generalized-force equilibrium and small reserve torques,308.593921,0.114826920585,7.69788925936e-08,2.30508356863e-13,1.06717013457e-05,13,0,0.0100033611205,0.177547618945,0.0744426020796,0.0134087383484,0.123322331193,0.0100077525203,0.0133192442538,0.0100222432688,0.0100045747974,0.0100019162889,0.010002214263,0.0100151074258,0.0100217011257,0.0100106621481,0.0100053743659,0.0100262037667,0.010002723605,0.0100027227252,0.0100087191218,0.0408872450769,0.059888617398,0.0143319645081,0.194238664998,0.0530180495813,0.0100452380658,0.092920633369,0.0100027784341,0.0493879186471,0.0100016044208,0.0100330545687,0.0155782008653,0.0100198403761,0.0100161099154,0.010009432324,0.0100194574464,0.0100524884536,0.0100069859468,0.010010747698,0.0100128690634,0.010181004548,0.0100222778331,0.0100106912451,0.0100451003653,0.010934147238,0.0100136531014,0.0100625399945,0.0100358177145,0.0189195351935,0.0100320927148,0.0313604049903,6.7072720986,173.878094697,14.2032028153,6.69181983539,103.590823572,11.6590677137,3.58788728366,1.33471189967,4.43225618535,6.36535109384,4.44620725641,2.23805774144,1.61087373208,1.688917081,2.08125235899,1.71738796985,7.17304864143,7.17550509934,2.79805139082,14.1050753796,26.5318591703,4.28050397909,143.872907686,4.72076097019,0,22.0961326734,1.92066682699,20.1451750473,4.45649482387,1.0058697656,8.55225479329,2.43296797668,0.715262464486,1.69913918862,1.98348761457,1.17450727211,1.95729693076,1.48660476364,2.11397243507,1.61571926518,0.394834946338,1.0381483121,0.912389385616,0.496020487405,0.724981512466,0.462386646474,0.884905662301,0.858679714703,0.851051031029,3.30034841674
sobol__0000048,-42.00204399,22.91215909,16.43067943,97.99823377,28.57333519,21.75035113,14.67391024,1,usable,Converged with independently replayed constrained generalized-force equilibrium and small reserve torques,307.833855,0.0229716844997,8.28440533951e-08,1.20792265079e-13,5.98238142289e-06,10,0,0.0100319439838,0.0581802222636,0.0101216932978,0.0218022901387,0.0352104864397,0.0100296588132,0.0100456839981,0.0100282006934,0.0100142824457,0.010008730834,0.010013996739,0.0100279279582,0.0100360136712,0.010028563773,0.0100223196606,0.0100130930232,0.010011016356,0.0100111791637,0.0100273197183,0.0100452378054,0.0308162479519,0.0100851374031,0.0564380969014,0.0391918245534,0.0200312635355,0.0300868071432,0.0597320792691,0.0100036754785,0.0100411556815,0.0100092616955,0.0301482637226,0.0101125043408,0.0100285496627,0.0100107126613,0.010005581179,0.0100080610167,0.010008866658,0.0100104732828,0.0100085882476,0.0100079181429,0.0104459157632,0.0389116720527,0.026696151044,0.0136779948147,0.0190840013564,0.0105413830216,0.0100490371372,0.0100215850293,0.0100073404052,0.0100093319457,4.72452815824,62.0637422194,1.87860861529,10.7171820906,33.7444357219,12.4477724927,2.61355040261,1.20602409383,4.39185830752,6.16090322163,3.44752504657,1.86253144169,0.863157559877,1.55211253975,1.9881886696,4.90305707925,7.14983551163,7.01250926903,2.7077501422,0,16.1505522741,3.19478673668,60.7056454127,8.80630151679,6.43426120005,6.13528527229,11.4249188092,3.72718547501,0.167753357857,0.88216611291,15.2926059933,2.69596506488,0.288884289047,1.51242509425,2.56904480963,1.62624056605,2.35681396647,1.71842062346,2.03463853526,1.97388295198,0.288926875123,3.86175933317,2.12760583605,0.610552577651,1.12981461044,0.372143673347,0.501573765423,0.399332566105,1.78071766545,1.09035937237
sobol__0000052,25.49795601,39.16215909,-39.81932057,16.74823377,48.57333519,17.37535113,59.67391024,1,usable,Converged with independently replayed constrained generalized-force equilibrium and small reserve torques,356.571873,0.15829480957,2.90558190841e-08,4.98418676945e-13,2.59462008961e-05,23,0,0.106992949242,0.241384305246,0.0100246097336,0.0623703502429,0.102195621429,0.0119392824933,0.0100349097069,0.0100088706199,0.0100117584703,0.0100022495206,0.0100020320647,0.0100063302898,0.0100065018114,0.0100059024613,0.0100078416166,0.0100013563712,0.010002398363,0.0100029279641,0.010045237893,0.010045237893,0.107004837691,0.0100616252231,0.172481489691,0.0633242666802,0.0100086782941,0.0131897517174,0.131198564706,0.0100011752304,0.0249603513597,0.0100033749288,0.0100118944769,0.0100105630969,0.0100104322049,0.0100036389588,0.0100015615988,0.0100022186903,0.0100027566129,0.0100032429537,0.0100024922874,0.0100020456206,0.0172794422056,0.0562856342028,0.045042919184,0.0152480634502,0.0417809325092,0.0100717723344,0.0100173689912,0.010004972521,0.0100012901702,0.010001637472,92.5968833673,245.255169804,1.94584407685,29.2233958859,101.650816062,15.5808928026,2.42899479538,1.40824051208,4.44362286801,6.35340138949,4.35830144764,2.57446318825,2.39516658545,1.73557743315,2.00391388138,6.3593712143,5.80860850812,4.70317401857,0,0,25.9747960008,1.00004024281,202.731503544,15.3532678114,2.08712899489,1.44268616079,24.7838347615,3.85307346412,2.89846788893,0.90086552721,5.5687977847,2.53365315433,0.483449179577,1.5416764705,2.34137376145,1.52907177475,2.20052896676,1.60273064373,1.85894652713,1.84285807068,0.362944899273,4.06831805585,2.78144254761,0.51225464887,2.16021243934,0.158288605245,0.33445067951,0.431466037189,1.94526296565,1.16691950012
sobol__0000056,-30.75204399,63.53715909,7.05567943,89.87323377,-41.42666481,15.18785113,52.17391024,1,usable,Converged with independently replayed constrained generalized-force equilibrium and small reserve torques,335.920236,0.164688628561,1.85804420738e-08,6.89226453687e-13,4.07878569394e-05,5,0,0.0100395315172,0.33230996833,0.0894708591018,0.0404561683451,0.0692961224782,0.0100131712965,0.0101511691302,0.0100615531377,0.0100175127615,0.0100057676317,0.010006001043,0.0100560475109,0.0100533520044,0.0100274079531,0.0100200882957,0.0617877573657,0.0100740069597,0.0100750719962,0.0101629882553,0.0948506672137,0.0415112477582,0.0100384450656,0.039955288761,0.0100214460716,0.010005015098,0.010015244778,0.132615626245,0.0100137670502,0.0102336762373,0.0100544806797,0.0100145508431,0.0100455154875,0.0102336762373,0.0123133338096,0.0100224937054,0.010026124769,0.0304331072943,0.0107833180364,0.0100933551493,0.0100226378885,0.0137810967752,0.0170146574088,0.0137713738566,0.0101188299384,0.0280652897395,0.0100907768972,0.0100349545916,0.0100170100482,0.0100059317886,0.0100062410491,3.16224279098,292.449862732,12.7145058644,20.1950116075,63.9233838163,12.0222759051,2.72072522661,1.31673253376,4.44488008321,6.57451090172,4.76144755848,2.1591079788,1.5644253509,1.70861495747,1.72471590504,29.5326233722,7.12393122746,6.9774920158,2.66828146967,34.4827369913,21.785839186,2.79924675694,43.8533802601,2.56596495232,3.37402025622,1.65042954367,21.2836935725,3.04242655546,0,0.346145066842,5.57791300027,2.73439803261,0,1.27413961023,2.44403030301,1.58756108301,6.8795879292,1.77567990419,1.96593702709,1.90865578918,0.241673506829,1.03233646821,0.759652499373,0.318627397349,1.20633528188,0.197001742869,0.456453929596,0.443412139866,1.97430340419,1.16750720368
sobol__0000060,-8.25204399,14.78715909,63.30567943,41.12323377,-21.42666481,10.81285113,7.17391024,1,usable,Converged with independently replayed constrained generalized-force equilibrium and small reserve torques,394.186361,0.0159301092664,7.90319223398e-08,1.19043777786e-13,4.46784117733e-06,6,0,0.0100071496692,0.0209889370538,0.0217949912278,0.0100134974497,0.0206463866628,0.0265674875258,0.0102440971369,0.0100639090009,0.0100132035398,0.0100065828946,0.0100126958087,0.0100648428716,0.0100611766768,0.0100419517349,0.0100172320018,0.0100143115834,0.0100062735554,0.0100064440956,0.0100452377894,0.0107339739018,0.0330474393349,0.021421999636,0.0618682496856,0.0407917967992,0.0246961946015,0.0293828344954,0.0306047044662,0.0100056389572,0.010013408476,0.0100125734698,0.0101213991195,0.0100297089501,0.0100240551623,0.0100144721327,0.0100076189532,0.0100108463878,0.0100112841915,0.0100133453464,0.0100110780969,0.010010570948,0.01008431628,0.0209552690991,0.0150950516294,0.0101566310941,0.0109470767952,0.0101202319372,0.0100610256623,0.0100276253731,0.0100110730479,0.0100140998398,7.22813226711,22.6033496592,4.32472576797,4.99821432577,13.7472287473,32.3152407757,2.75896792391,1.25266268234,4.29972940019,6.0075756485,3.16107997799,1.81156405113,0.876808864784,1.52835625648,1.91658922889,5.46410072968,6.56334655334,6.36216825076,0,4.07156641142,14.2031762729,5.78210335108,72.8376459481,11.1782738171,8.07979714869,7.01154960443,5.90292399185,4.08126798208,4.39706716133,1.01107936572,4.52931413873,2.85331025014,0.728753971085,1.68545930407,2.58972835307,1.6255673964,2.3704805609,1.73105259686,2.073951161,1.97499849229,0.288047316824,2.24071989769,1.32940011526,0.490128866729,0.709517398481,0.390664889358,0.651662647317,0.453895916185,1.90153537591,1.16601374517
sobol__0000064,-51.84579399,60.49028409,31.66505443,25.88885877,-15.17666481,9.44566363,-6.88858976,1,usable,Converged with independently replayed constrained generalized-force equilibrium and small reserve torques,337.420696,0.207993662266,9.63068202964e-09,6.60804744257e-13,1.86247041127e-05,5,0,0.0100206275262,0.339255435146,0.138964230297,0.0100030916909,0.0100017505903,0.0433648022557,0.210896955485,0.0408662028004,0.0101382345244,0.0100031222191,0.0100030634595,0.0831703481266,0.0100473916407,0.010011903921,0.0100094202199,0.0645715133669,0.0278695692761,0.0246333802595,0.0101880347722,0.0350241102189,0.0100417019119,0.0100265746635,0.0100532209081,0.0100746637712,0.0142232917714,0.046536040325,0.05567429918,0.0100129425771,0.0100215189185,0.0100342223231,0.0100334477492,0.0100671519681,0.0100682296602,0.0100366175063,0.0100245918582,0.0100360962019,0.010036993471,0.0100448735121,0.0100358944631,0.0100351334121,0.0111939237459,0.0378256246479,0.0300863722203,0.0141394819169,0.021036597534,0.0124115217812,0.0104958048257,0.0101051695749,0.0100370027531,0.0100495847719,0.964380008814,332.801922564,10.0318265388,3.20449520376,6.65227207316,50.9254659027,53.9943789876,4.46156252532,4.50031325212,6.57265660576,4.74450110401,14.0249700632,1.06323860365,1.67637527119,1.72745006986,49.7220579656,17.5204950989,13.6677817915,0,13.2951519208,1.1385012755,0.60833709552,11.8350125202,2.58091576699,4.59936405267,11.6608996353,10.7358365947,3.94095067175,4.65305230421,0.968262929245,4.11412819805,2.86605965024,0.758124299715,1.71823935206,2.59383989873,1.6101398838,2.37636418907,1.73665515747,2.10801756925,1.97717487044,0.374743015671,4.13048239077,2.83770031186,0.689998722211,1.50313430264,0.549847272421,0.748604635341,0.458276530053,1.70421124725,1.16276728561
sobol__0000068,15.65420601,11.74028409,-24.58494557,107.13885877,-75.17666481,13.82066363,-51.88858976,1,usable,Converged with independently replayed constrained generalized-force equilibrium and small reserve torques,324.471168,0.0669412059965,2.16424176358e-08,3.19744231092e-13,2.44162034583e-05,15,0,0.0657202145348,0.102647696212,0.0100216246176,0.0297790317557,0.0456815001116,0.0100261986673,0.0100347583826,0.0100154330124,0.0100169255524,0.0100055691916,0.0100087981726,0.0100133240416,0.0100164287366,0.0100129173555,0.0100221388687,0.0100079845332,0.0100158307984,0.0100159477921,0.0100318129377,0.138851533346,0.103199836667,0.0196536870158,0.0334117949363,0.0100016595494,0.0100452377303,0.0396278402493,0.0100015535257,0.0305684193508,0.0100010286903,0.0100469418141,0.0100019708584,0.0100094250965,0.0100087268769,0.010004918418,0.0100333451172,0.011864261547,0.0100054989892,0.0100087038229,0.0100112368853,0.0199333203394,0.0100101126705,0.0100042956939,0.0100071192075,0.0100315132963,0.0100057761153,0.010017040255,0.0141600117601,0.0386909815734,0.0394548418658,0.0892716035726,51.2830777017,110.060445812,1.94574293605,14.8518624698,48.059614984,13.0974256633,2.46771358843,1.3463437785,4.39340982386,6.0500824048,2.29581753895,2.39708335605,1.64546950131,1.66527683637,1.89678419897,3.6378412545,7.18347443871,7.10260630568,2.79476230913,46.7694543625,49.7108586225,5.60963316585,34.8202738022,2.44940236029,0,9.54481490656,1.92886352217,12.2026368544,4.45292960282,0.892082849921,5.56323327025,2.3483201715,0.733245340763,1.7117463627,2.00146409344,1.37530899733,2.06495157555,1.54275340128,2.12005720876,3.138193782,0.39437648615,1.0347464462,0.916606700287,0.465390682384,0.72437618774,0.461939350509,1.24529963587,1.62641144013,3.41124059827,8.68595888928
sobol__0000072,-18.09579399,19.86528409,3.54005443,34.01385877,74.82333519,20.38316363,-59.38858976,1,usable,Converged with independently replayed constrained generalized-force equilibrium and small reserve torques,376.001291,0.0489946713662,5.90585393923e-08,1.35003119794e-13,8.78204669245e-06,10,0,0.0119355951913,0.123412921735,0.0100598375162,0.0434440994642,0.0378583783073,0.0181774464367,0.0100271074613,0.0100183041377,0.010010597051,0.0100046694513,0.0100072809153,0.0100178751398,0.0100238250225,0.0100168918909,0.0100147943832,0.0100030038586,0.010004618923,0.0100048432388,0.0100452378448,0.0100452378448,0.0100383679195,0.0100137697784,0.0845396765292,0.0173253829944,0.0100452378448,0.0767816675232,0.0100114883195,0.0100059002687,0.0100042593801,0.0100168937369,0.094953027018,0.0124661480546,0.0100194501956,0.0100099288607,0.0100068990584,0.0100107236199,0.0100107772869,0.0100125622315,0.0100098170664,0.0100106374886,0.0151129871706,0.039343642406,0.0372835701614,0.0157616853779,0.0196691168746,0.0143953801716,0.0116196671461,0.0100375524048,0.0100155820721,0.0100176013448,7.54197090559,130.565358879,1.91413528749,21.6864931036,40.415712248,22.9987077647,2.59539477423,1.30567953297,4.38933725612,6.11383155909,2.9873967408,2.13058361793,1.23247444625,1.6232905379,1.95939613553,6.98908748068,6.46091687096,6.12853755523,0,0,1.44422291385,1.50381943099,99.5344772699,4.49533861079,0,18.9056764072,1.85148448311,2.28204724819,4.78422732674,0.377916723881,52.3931611264,2.46048149569,0.607016670412,1.56164795273,2.27001222992,1.32598767927,2.26570765597,1.6748146437,2.12600416517,1.75795802912,0.592275726205,3.85781298236,3.30752254424,0.717848171595,1.3782213998,0.653159391549,0.952998695305,0.390652205816,0.673887244704,0.881804577262
sobol__0000076,4.40420601,36.11528409,59.79005443,82.76385877,14.82333519,24.75816363,-14.38858976,1,usable,Converged with independently replayed constrained generalized-force equilibrium and small reserve torques,341.83761,0.412225957805,1.22594240537e-06,8.881784197e-13,3.93932146058e-05,12,0,0.021822927509,0.0894363817493,0.0160430821817,0.0124629728599,0.101485303374,0.0629825468503,0.0100278741782,0.0100169771393,0.0100212227486,0.010008500882,0.0100126422353,0.0100125862553,0.0100191282924,0.0100142160979,0.0100140961928,0.0100813739283,0.0100177147955,0.0100179451422,0.0100346449124,0.0100452379574,0.0100120683674,0.0100224289801,0.0274737098238,0.0219987339983,0.0100015143306,0.0220341144457,0.430779787513,0.0100010864186,0.345031743195,0.0100031083285,0.0108366736605,0.0100486282431,0.0101011959567,0.0100267233486,0.0100033360338,0.0100042055384,0.0197024898863,0.0100317451048,0.0100090942067,0.0100039251944,0.0619396996513,0.19250142463,0.132568355134,0.0450382308358,0.129613252173,0.042564220715,0.0100091356978,0.0100050820143,0.0100020645374,0.0100019602366,16.3062455629,91.7700232789,3.15649274339,6.22110757364,73.6836354428,74.3142100873,2.70128439387,1.31032992665,4.37528287172,6.18101078809,3.8419621686,2.04136859295,1.28019566373,1.64038094996,2.02032767714,3.15184171523,7.01582947568,6.86817494129,2.561975979,0,5.255319877,3.04531512229,30.6354059856,5.65300006208,3.290966354,5.55401860837,82.6898211992,4.06045804101,111.91455844,1.00852392509,5.82936563205,2.76356061372,0.693070568837,1.63694562075,2.58721580717,1.58544160771,4.66518187352,1.7344003613,2.10298285109,1.9654482385,2.22054377994,21.0155207213,12.5079922426,2.19785045929,9.33418930155,2.00276160121,0.639589672523,0.378110023856,1.30033635369,0.954831149445
sobol__0000080,-46.22079399,7.67778409,73.85255443,78.70135877,-50.17666481,6.16441363,56.86141024,1,usable,Converged with independently replayed constrained generalized-force equilibrium and small reserve torques,400.666596,0.104084039864,4.306858159e-08,2.27373675443e-13,6.01439960656e-05,10,0,0.0100026653056,0.0100008097911,0.0100532544691,0.0434749409536,0.0100016769022,0.0100008748893,0.0647519741755,0.10193203539,0.0745973693674,0.0453100032295,0.0100050412924,0.0938105874263,0.0352847391753,0.0454603033803,0.0791884562751,0.144015926519,0.0236128017457,0.0231144222708,0.010118305087,0.010010911368,0.143922561037,0.0169980633336,0.0100129728078,0.0432353644255,0.0100035801265,0.0100078049469,0.0898647691926,0.0100131661034,0.010065366019,0.0100326067134,0.0706881385685,0.0202876225133,0.0100654827175,0.0116969784668,0.0100127865572,0.0100139370854,0.012651655366,0.0100812801976,0.0100339474454,0.0100109700525,0.0101437332362,0.0104201487599,0.0101583891315,0.0100437798836,0.0136666963729,0.0100367202414,0.0100163284669,0.0100091250288,0.0100040303651,0.0100036163137,6.6747449387,11.0085940164,1.99827721405,21.699587227,5.75547949409,12.3961739391,17.4240593935,11.3708405331,31.9016402006,27.1258209887,3.44979411605,15.5569464561,2.42258606236,6.66891560409,14.8711846421,59.0483053657,16.4438178936,15.7550746853,2.52214564523,3.57282930297,73.1307260112,5.25727669855,11.260937109,11.5706364522,3.3729613394,1.69284983273,13.3169245072,3.16516404485,0,0.36665725844,36.40339001,5.29833400488,0.0011874306911,1.307705302,2.40202278348,1.56170509602,2.83498682461,1.64380375132,1.92887276054,1.87572629236,0.149483629504,0.558274938511,0.515665307531,0.302295554806,0.531958117481,0.191086467295,0.507150870685,0.460380831439,1.88807922923,1.13190970854
sobol__0000084,21.27920601,56.42778409,-19.89744557,62.45135877,-30.17666481,1.78941363,11.86141024,1,usable,Converged with independently replayed constrained generalized-force equilibrium and small reserve torques,319.196825,0.134814317302,1.73701260042e-08,4.27636620792e-13,8.00735393088e-06,20,0,0.0949949830441,0.284804716548,0.0107432780516,0.105476485318,0.128465178601,0.0234584299835,0.0100293242091,0.0100087545685,0.0100119403589,0.0100018783877,0.0100016910747,0.0100061368921,0.010005975622,0.0100055595183,0.0100052935106,0.0100057218577,0.010018006285,0.0100182474148,0.0100382241159,0.0100249686974,0.0642319397588,0.0100051106953,0.0215650311998,0.0228155004799,0.0418702506655,0.0492681102033,0.0390305287081,0.0100033512342,0.0100047958718,0.0100083321899,0.0190607849592,0.0100761506948,0.0100151767268,0.0100079349937,0.0100047720139,0.0100071040889,0.0100067296821,0.0100083225319,0.0100069452727,0.0100067894139,0.0101162618084,0.0309541896285,0.0237920225771,0.0128661149404,0.0138154520044,0.0105144853,0.0101101809809,0.0100254192028,0.0100080815645,0.0100114449996,93.6945778329,268.016424415,2.09025790711,47.8142283008,133.684720578,30.3747994676,2.58116432363,1.42007724639,4.44049747114,6.42407343091,4.53749865394,2.5899250089,2.58166833591,1.75811323713,2.07910267601,3.81401738013,6.8148845542,6.6656417268,1.46174117601,3.73954388762,33.7205927482,2.39918726843,24.990661849,6.29154175141,14.1227609784,12.1868891898,6.83973571538,3.97002387169,4.31203457545,0.97097434893,9.66372157299,2.83914445103,0.698345875078,1.64097412585,2.58794195266,1.62598888447,2.36937737493,1.73001940128,2.06575971368,1.97423824407,0.23841275268,2.89629541758,1.90005784746,0.59595746051,0.761567869782,0.394733432031,0.702184348629,0.461151173452,2.00867170008,1.16808605608
sobol__0000088,-34.97079399,48.30278409,-48.02244557,119.32635877,39.82333519,-4.77308637,4.36141024,1,usable,Converged with independently replayed constrained generalized-force equilibrium and small reserve torques,317.659168,0.11078930826,5.23321048718e-08,2.41780066103e-13,1.76457104589e-05,22,0,0.0100076565098,0.225982702081,0.0668415785846,0.0998237152982,0.0626812693262,0.0100031078804,0.0101079205893,0.0100462717794,0.0100043120264,0.0100013755327,0.0100013977542,0.0100566904354,0.0100375961554,0.0100093663375,0.0100044234592,0.051845444035,0.0100069359733,0.0100069404252,0.0100188539186,0.0100452377836,0.0364913583718,0.0100044495475,0.0841141756163,0.0118442149222,0.0308743387871,0.0709129691632,0.0905751670974,0.010001732148,0.010006988219,0.0100057973965,0.0404980801388,0.0133773797767,0.0100185763377,0.0100048877253,0.0100024354024,0.0100036673903,0.0100038375568,0.010004718938,0.0100037813295,0.0100034603354,0.0167159674438,0.0761558460052,0.0535056926415,0.0266185072941,0.0311607310679,0.0195671258557,0.0102672757876,0.010014483094,0.010004217102,0.0100055968731,2.09446173093,222.887751002,6.96247975957,44.2392771715,65.017205013,13.0671971772,2.49893686223,1.32490078993,4.39821552813,6.5718445356,4.74131047768,2.3038825482,1.55882116212,1.69920711909,2.05092039711,24.2367366272,7.17882398244,7.17339818405,2.83731403799,0,18.6585420467,3.16215503369,74.4818708011,0.451309733238,5.27153710475,17.0376539448,12.8080167339,3.36185521185,2.15733170773,0.693184165093,13.4262211632,3.47281736573,0.275187285433,1.51159714602,2.58237436758,1.625532701,2.36874363154,1.72940845399,2.05607548484,1.97296314609,0.419142719669,7.50104580549,4.46216836775,1.29091950194,1.57825434389,0.800627420835,0.710680244492,0.460610262559,1.98795366516,1.16645831943
sobol__0000092,-12.47079399,32.05278409,45.72755443,5.57635877,59.82333519,-9.14808637,49.36141024,1,usable,Converged with independently replayed constrained generalized-force equilibrium and small reserve torques,414.433474,1.80999043923,3.51328042214e-07,1.38555833473e-12,9.55066397318e-05,17,0,0.0587635840258,0.14298598449,0.0100064430503,0.0100682882541,0.0100014627681,0.198084822539,0.0100089266598,0.0100317437617,0.0100676449182,0.0100059575898,0.0100048129795,0.0187071812152,0.0100504453131,0.0100311356623,0.0100179732986,0.139079668117,0.292211893455,0.220605015545,0.0100452377953,0.0100452377953,0.0100052162158,0.0100044012241,0.0100013155569,0.0100040334245,0.984441036081,0.504613512569,0.010000533729,0.0681284125324,0.0100001864056,0.0100140616128,0.222964694817,0.102369556264,0.0100035028037,0.0100021240176,0.182271480456,0.199314146157,0.0100027308984,0.0100070846056,0.0456789079817,0.29448547013,0.0100120582523,0.010022265899,0.0648558879375,0.115385458321,0.0100040408852,0.0752631204079,0.15240671636,0.203661891579,0.0100009390167,0.228101744461,35.0998569559,148.294980033,1.91554503605,5.02073155304,7.70920071075,235.980535213,2.693811479,1.28158914552,4.41872987406,6.20923917267,3.95088687971,3.59237115912,1.06783126479,1.60931135717,2.02812524572,102.654819878,141.607872983,80.7087744147,0,0,1.27747255387,0.939448715273,11.6360038044,2.33291301244,245.163021594,77.0224954178,1.58436134669,26.6559495391,4.39506125856,0.911088498721,123.800633222,24.0400145518,0.675752501937,1.59765076422,42.7977431978,30.3851369625,2.2383091962,1.62545179041,8.64527317487,53.8786039907,0.191142055746,0.773739871232,4.33529751242,4.68855055567,0.486081769896,1.94903444502,8.40729411428,9.1875701985,1.90163827472,24.8525609864
sobol__0000096,-54.65829399,25.95903409,-36.30369557,96.98260877,-37.67666481,3.43003863,28.73641024,1,usable,Converged with independently replayed constrained generalized-force equilibrium and small reserve torques,321.999364,0.0372322201886,2.92079462838e-08,2.0605739337e-13,7.88682073304e-06,15,0,0.0100096674523,0.12450891289,0.0417313437463,0.0553336482153,0.0407942863141,0.0100113133544,0.0100644350356,0.0100712758224,0.0100062240595,0.0100026397088,0.0100030505179,0.0101408429876,0.0100852506225,0.0100251244409,0.0100093775843,0.0201619521468,0.0100125996077,0.0100127802695,0.010029308322,0.0166096687796,0.0664433565047,0.0100174914105,0.0470713885457,0.0135676140045,0.0209649501506,0.0336767063241,0.0391139195906,0.0100031476489,0.0100201617775,0.0100109974263,0.0100193057104,0.0100255956167,0.0100281113525,0.0100075272157,0.0100039878214,0.0100058163751,0.010005845031,0.0100071466913,0.0100058259038,0.0100055464546,0.0100957306223,0.0246369065361,0.0189785952808,0.0105377111077,0.0127897377303,0.0101423387665,0.010062533076,0.010020489427,0.0100070049955,0.0100085976681,2.65495349929,131.856038381,6.68310235034,26.785014457,42.9015515569,13.0779165687,2.42832273022,1.25993518868,4.4418017409,6.381492867,4.24129939389,2.05740025777,1.03462706014,1.60929712756,2.02046486948,11.9637952174,7.14340637976,7.00377616338,2.69886701113,6.08877999065,34.4651949539,3.11281165159,50.7685120918,3.35259618015,6.76571538046,7.23677584379,6.05121943688,3.55314662544,0.787290760724,0.613699356956,5.58207808734,2.74820249442,0.185457073791,1.46341862168,2.5334926357,1.62464669495,2.3452201601,1.70632485062,2.01796954096,1.95996859598,0.199387480915,1.86539543569,1.26058583405,0.418206357501,0.594379509847,0.310785488408,0.624981061668,0.460924604728,2.01013901317,1.16201039006
sobol__0000100,12.84170601,42.20903409,19.94630443,48.23260877,-57.67666481,-0.94496137,43.73641024,1,usable,Converged with independently replayed constrained generalized-force equilibrium and small reserve torques,335.421363,0.0923986870146,7.97298653765e-08,3.22296078232e-13,1.46642617911e-05,21,0,0.0351745031691,0.23334562489,0.0128773982483,0.0736458773753,0.0960557071829,0.0162415179415,0.0100273227104,0.0100111130812,0.0100084178552,0.0100024280548,0.0100026939444,0.0100084580022,0.0100107553282,0.0100076707422,0.0100070265695,0.0100063978687,0.0100126039573,0.0100128344353,0.010042902676,0.0421959850637,0.0816756854272,0.0100143040711,0.0272838339108,0.0100146129902,0.0230562598722,0.0505255740677,0.0560079028868,0.0100015707103,0.0100030601584,0.010004566119,0.0100091450907,0.0100179828477,0.0100080110985,0.0100035099114,0.010002097318,0.0100031130565,0.010003050049,0.0100037923788,0.0100030535825,0.010002956685,0.0101620418304,0.0360204389651,0.0296335280697,0.0149524355903,0.0198745594464,0.0104317257361,0.0100729916336,0.010014225333,0.0100046489915,0.0100051864448,30.9318571155,233.503054842,2.52045375846,35.7818297223,98.4405783615,19.7637352376,2.69759105228,1.35917365156,4.37818937205,6.19671141988,3.89396384113,2.39930573923,1.79964940531,1.69636196776,2.03410930153,4.82675812314,6.6547289617,6.4894602079,0.25537011676,14.8306366357,38.7618735681,2.56424707358,32.0972764852,2.75065413527,7.29765842852,9.93879620087,8.73970587553,3.8603341149,3.57979807364,0.915737563419,3.44910718058,2.52648526806,0.630440727143,1.5822240874,2.46682510885,1.59531428602,2.2994637927,1.67193744463,1.97484131595,1.91318133724,0.177809416774,2.50264236909,1.85781132325,0.558207881588,0.901359693874,0.270941096141,0.614351489797,0.46041812943,1.93180356732,1.12266388173
sobol__0000104,-20.90829399,50.33403409,66.82130443,105.10760877,52.32333519,-3.13246137,36.23641024,1,usable,Converged with independently replayed constrained generalized-force equilibrium and small reserve torques,363.123662,0.114854066679,5.08156623447e-08,1.81188397619e-13,3.39271067027e-05,22,0,0.010000965416,0.169591370503,0.159352017011,0.010000853021,0.0100004138999,0.0100003648668,0.0100452385904,0.0698420913672,0.0100013212442,0.0100004497826,0.0100005314314,0.130460414271,0.02182944696,0.0100053356543,0.0100020130827,0.0100051202499,0.0120921768275,0.0119469250942,0.0100613453005,0.0100452385904,0.0823652045373,0.0100010002542,0.0100144830282,0.0100054667578,0.0100901365325,0.0680084467116,0.0778783712454,0.0100017567704,0.0100143406323,0.0100120229886,0.085731819999,0.0408606007155,0.0100451474083,0.0100034349524,0.0100015106771,0.0100022692206,0.0100021908863,0.0100027431294,0.0100022279982,0.0100021382977,0.0134970729821,0.0625003618091,0.0500403811113,0.0267177602012,0.0276086162185,0.0161212931186,0.0100715321903,0.0100105091955,0.0100034320763,0.0100036879619,3.85160024625,170.214419865,29.460423301,4.35688703472,5.74964716408,11.810599506,0,8.88234430446,4.43934491282,6.49817995288,4.57702937348,24.3318639567,2.60124654814,1.6614491107,2.07652485147,2.86959624424,8.67026498283,8.44950517055,2.7838121877,0,43.244366971,2.73132196107,10.5303399308,1.8561265373,3.12693505722,12.5479647292,9.80439274731,2.21607367603,0.370140318067,0.179670048857,35.4778338038,10.178294365,0.000179232581882,1.07329037475,2.43011543174,1.57023520029,2.28724536109,1.66181439262,1.95326831394,1.88633016781,0.231809745721,4.23603289927,3.01235198625,1.00709805682,1.08481736872,0.462031416239,0.560926726834,0.459811384269,1.96590343337,1.12766986048
sobol__0000108,1.59170601,1.58403409,10.57130443,23.85760877,32.32333519,-7.50746137,21.23641024,1,usable,Converged with independently replayed constrained generalized-force equilibrium and small reserve torques,390.817664,0.0343663915844,1.86612432618e-07,3.05533376377e-13,4.44684345154e-05,15,0,0.0100046481744,0.010002335678,0.0158989735054,0.0100068784954,0.0266302627912,0.0100037008054,0.0284080148731,0.0204952117358,0.023593308645,0.0930561680579,0.0264516336657,0.0124128399384,0.0101907881383,0.0165568017366,0.0162499064013,0.0145383408219,0.0100046206688,0.0100052692364,0.0100452378577,0.0100452378577,0.0101131100701,0.0540660394168,0.0822879384942,0.0406406768903,0.0624723372921,0.0460941690097,0.0167006266103,0.0100048606072,0.0100047842035,0.0100103596848,0.010412241851,0.0100243508541,0.0100167215657,0.0100091666265,0.0100051473846,0.0100074931932,0.0100068227364,0.0100085504255,0.0100072601239,0.0100071685056,0.0100666131133,0.018067139354,0.0154725774626,0.0102276440955,0.0101815299921,0.0101356709552,0.010096289229,0.0100300008182,0.0100112877812,0.0100151848103,8.44747047225,10.9089167366,3.14758522287,4.90038620628,27.471297669,12.8036026917,7.36645432901,2.67382307707,10.0071276342,52.9839381174,3.85487084659,2.66225449464,1.28340515177,2.67587528916,2.96098234815,10.4585966732,6.22148349682,5.37071445029,0,0,2.06355382558,12.4873328599,96.8592332185,10.2582691735,20.0829274646,10.2697210601,2.78804690034,4.02756703144,4.59088147943,0.979413217912,5.75166039702,2.64948263623,0.726222256234,1.67215038144,2.51423292253,1.61575098155,2.35394129753,1.70924365226,2.01085125669,1.94077263262,0.231025160512,1.69463677251,1.24984340783,0.485109270851,0.554830911305,0.359495843917,0.661879921634,0.459821697728,2.01210632128,1.14342953497
sobol__0000112,-37.78329399,38.14653409,-12.86619557,11.67010877,-72.67666481,11.08628863,-35.01358976,1,usable,Converged with independently replayed constrained generalized-force equilibrium and small reserve torques,303.551078,0.0929073074074,3.56671776558e-08,4.61852778244e-13,1.51876997008e-05,15,0,0.0100055514358,0.234894422345,0.0869321832935,0.0372211351556,0.0100245042644,0.0210463637871,0.0100303803435,0.0104673460061,0.0100039897609,0.0100014598153,0.0100016081517,0.0153322108746,0.010281296384,0.0100150792152,0.0100046229084,0.0585950155223,0.0100078845043,0.0100096016406,0.0100452375754,0.087399320409,0.0263585734294,0.0100170272949,0.0487478908331,0.0100159616476,0.0100452375754,0.0894361602905,0.0100037088487,0.0100080418385,0.0100013491522,0.0100185180927,0.0100102729997,0.0100129956116,0.0100129946631,0.0100062391506,0.0100068736935,0.0100127336045,0.0100056381766,0.0100078041673,0.0100072798888,0.0100134854578,0.0100341608352,0.0100344863469,0.0136719066075,0.0134439945165,0.0100193229521,0.0101791493917,0.0226136944942,0.0181056574279,0.0100312893916,0.0351161273303,3.0581220572,238.205299721,13.8225674602,18.4179717218,10.7766416387,26.7074208332,2.57541354372,1.32839720544,4.4408366192,6.46155923705,4.48222678674,3.09473856726,1.13668306427,1.64193586651,2.08079543967,45.2037609541,5.38868469559,4.2239700934,0,29.6747198328,5.74390851103,1.4795367929,57.133896549,2.37399238679,0,22.5754164662,1.87325709368,2.09315686255,4.66776439106,0.392013500084,1.48695735331,2.37149546682,0.52466485109,1.41325459577,2.23369742772,1.2981965573,2.19985169345,1.63941701277,2.12534636135,1.72981641213,0.395331455971,1.02534935074,1.24774184637,0.623027100348,0.723497821919,0.481383555044,1.93155861694,0.7943917234,1.18919875248,3.72971110891
sobol__0000116,29.71670601,21.89653409,80.88380443,125.42010877,-12.67666481,15.46128863,-20.01358976,1,usable,Converged with independently replayed constrained generalized-force equilibrium and small reserve torques,339.587781,0.0497602205254,6.83372434196e-08,3.5527136788e-13,3.57125589716e-06,2,0,0.0156071424145,0.0175873086323,0.0100749509625,0.0100230597503,0.0313170327289,0.0413150251355,0.0100452378165,0.0100315680828,0.0100661593445,0.0100405700202,0.0100674850678,0.010027507643,0.0100347054482,0.0100298526982,0.0100304504356,0.0100189002696,0.0100037323127,0.0100037316671,0.0100113941278,0.010041047044,0.0720014263803,0.0829336641237,0.143003973884,0.0100496567667,0.0746111289746,0.0234045805736,0.0100114942479,0.0188608397173,0.0100182750379,0.0100754219116,0.0576055003423,0.0100478237909,0.010042226889,0.0100314201926,0.0100179384522,0.0100271472814,0.0100138558345,0.0100183016553,0.0100184758213,0.0100275449419,0.0100439884514,0.0100672272257,0.0101313721803,0.0101076686245,0.0100335286885,0.0100649790977,0.010512743012,0.0102318205208,0.0101152450827,0.0193111141219,14.3098247211,18.6399146899,2.02920254426,4.91922423984,19.8374171558,50.1726673584,0,1.30190530071,4.29624939649,5.98657241574,2.88049045016,1.95280438503,1.15382874584,1.59271204744,1.90475719114,0.966864708618,7.17468076653,7.17602954132,2.81488375888,3.81118491468,18.5849818917,22.4518727328,108.907382133,0.0123976244318,12.5213015131,5.9021670896,1.93119853018,7.24607991005,1.14069250417,0.947827470714,29.067039919,2.860580957,0.386181583128,1.56837846704,2.57353060402,1.5284544532,2.36658529159,1.73060719645,2.12370243524,1.94254175275,0.368295495557,1.09765518553,0.956366452353,0.492930364917,0.713472308069,0.475298010536,0.776221497508,0.433839825617,1.39878484314,2.04676359985
sobol__0000120,-26.53329399,13.77153409,34.00880443,52.29510877,17.32333519,17.64878863,-27.51358976,1,usable,Converged with independently replayed constrained generalized-force equilibrium and small reserve torques,428.62289,0.0199671224326,8.3094054304e-08,1.28927616651e-13,4.73757617332e-06,5,0,0.0228591984897,0.0380795727789,0.0100316948214,0.0146812435372,0.0292864973424,0.0100390669962,0.0100384674624,0.0100245737873,0.0100317361837,0.0100370319148,0.0100791828043,0.0100233418341,0.0100306487268,0.0100284724314,0.0100399300704,0.0100066878834,0.010007698725,0.0100078517614,0.0100364104394,0.0100452373957,0.0291599374615,0.0191636802035,0.0564597221648,0.0468649672895,0.045077455825,0.0403614221139,0.0274715937121,0.0100071407242,0.0100099367623,0.010015876205,0.0336354308918,0.0100921149361,0.0100273465724,0.0100172911432,0.010010035727,0.0100145375669,0.010014219633,0.0100167308648,0.0100139306555,0.0100138216943,0.0101493500788,0.0245841494415,0.0218161725905,0.0105871009128,0.0122620700612,0.0103946116724,0.0101023502124,0.0100358922319,0.01001493692,0.0100214773496,15.4425535343,41.0926967011,1.94899102142,7.24591811194,24.9181447708,12.3611354309,2.66954422347,1.25828376541,4.31131936553,6.00061387711,2.70849004369,1.90669725127,0.952029561488,1.55036435514,1.92365212508,5.83582106727,6.69803175984,6.54107437334,0.601588053915,0,10.0980746746,5.09974127891,66.2899546079,12.9347308395,15.2046257752,10.1904964882,5.21168817216,3.93191744859,4.56417485048,0.898609649901,18.7409792008,2.7600710319,0.754163396216,1.71451642211,2.56815953712,1.52375479153,2.36601893025,1.73004892084,2.12283625581,1.93670999797,0.386160219149,2.63720195669,2.0589541303,0.513067228525,0.887720817684,0.491654981375,0.740440166882,0.412186374452,1.22770452393,1.01042824991
sobol__0000124,-4.03329399,62.52153409,-59.74119557,68.54510877,77.32333519,22.02378863,-42.51358976,1,usable,Converged with independently replayed constrained generalized-force equilibrium and small reserve torques,289.816039,0.24913083015,9.26599490469e-08,1.32274808309e-12,2.74245404732e-05,22,0,0.0718325645063,0.400046198244,0.0299612618407,0.0836393408192,0.151381265934,0.0287635101898,0.0100256206804,0.0100060332979,0.0100090358384,0.0100013164348,0.0100011229629,0.0100042589858,0.0100038638804,0.0100036145223,0.0100034865577,0.0100040276442,0.0100150435921,0.01001526373,0.0100341502911,0.0100452377838,0.0100026479005,0.0100050832423,0.0317977461513,0.0100021253107,0.0100452377838,0.0491092087624,0.0100062734561,0.0100025138672,0.0100019328877,0.0100080277457,0.202745736457,0.0366157965149,0.0100091425213,0.0100047576387,0.0100060929287,0.0100108485539,0.0100070195745,0.0100090494144,0.0100082411223,0.0100117716709,0.0112586523797,0.0322503178036,0.0345488306332,0.0196544834274,0.0100583866545,0.0105581309637,0.0124026039111,0.0101136751253,0.0100196985742,0.010168102829,38.0929523877,332.086846564,5.30465436834,18.8387260574,144.559845591,37.5213843075,2.40490097445,1.41471616925,4.41576253911,6.56896323613,4.86412602766,2.59281876785,2.59403812307,1.76923140909,1.94027926781,4.54717147788,6.87509285241,6.72689614299,1.95131146911,0,4.01235788718,0.722001657597,36.4688834584,2.74994107536,0,12.3738166339,1.89338614673,3.56893949946,4.63929279616,0.742313115655,104.707814045,7.05572977383,0.753679518868,1.71279146856,2.46586069081,1.44359230516,2.34742176978,1.72061366477,2.12518826262,1.87955007945,0.443218124651,3.36392881183,3.21995790899,0.936228970751,0.728106885476,0.494684173924,0.920340509946,0.390114810985,0.92088656936,0.926636236334
sobol__0000128,-49.73641899,34.59184659,-56.81150807,108.66229627,-55.80166481,1.10581988,-57.04483976,1,usable,Converged with independently replayed constrained generalized-force equilibrium and small reserve torques,459.204143,0.0919236113411,7.15183432476e-08,3.01202862893e-13,8.73398093662e-06,10,0,0.0100104077828,0.180703533984,0.0715175186048,0.122999127871,0.07103890257,0.0100027674685,0.0140161162473,0.016178753166,0.0100039029192,0.0100013900701,0.0100014908806,0.0217657943375,0.0130999026038,0.0100156737274,0.0100051152264,0.0938170043904,0.0100099333704,0.0100100074431,0.0100248680711,0.010084009258,0.0614513788788,0.0100052995795,0.0634338211049,0.0368352915352,0.0100452377287,0.089988348269,0.0100034572372,0.05142231871,0.0100016693782,0.0100327332567,0.0129860139106,0.0100385780762,0.0100172559441,0.0100110990943,0.0100322121963,0.0100959939582,0.0100087945689,0.010013727456,0.0100184786738,0.0113090416499,0.0100236244103,0.0100116836594,0.0100490830249,0.0101725676223,0.0100158776514,0.0100797088262,0.0100276721863,0.0141746416432,0.0100272999037,0.0214387962705,1.0073788672,187.114456416,7.69823798218,55.4382465456,72.0269539974,13.0004255771,3.20233939602,2.06624051865,4.42533969639,6.56585035572,4.58522156567,4.6121333786,1.53882592459,1.65465889454,2.08021117003,52.4891197407,7.1800534409,7.11211333913,2.80690629178,3.55782601612,30.0751332234,3.09274495327,65.559591207,8.03581955747,0,21.1090037458,1.90947323304,20.9630032507,4.63869659275,0.950391604696,7.23463360759,2.55342712151,0.738096419,1.71320530913,2.02334395513,1.20384445305,1.95952356317,1.49348011387,2.11835924635,1.82317587227,0.394277880081,1.04805150623,0.915823971333,0.462729226021,0.725063206002,0.462994908895,0.883617088994,0.646917646323,0.846125313827,2.28250490418
sobol__0000132,17.76358101,18.34184659,36.93849193,27.41229627,-35.80166481,5.48081988,-12.04483976,1,usable,Converged with independently replayed constrained generalized-force equilibrium and small reserve torques,423.563385,0.03315389481,1.44428824456e-08,1.26874764417e-13,5.25344743377e-06,7,0,0.0328241427073,0.109704538183,0.0100672251259,0.0288427483485,0.0610004707165,0.0201583562765,0.0100410991799,0.0100171539346,0.0100130389315,0.0100054682561,0.0100126999162,0.0100151178994,0.0100210868269,0.0100155628771,0.0100163305002,0.01000437563,0.0100056467282,0.0100062057943,0.0100452378206,0.0100793452269,0.042794118633,0.0102390352954,0.0659109322424,0.0280017244966,0.0334495578327,0.0410136769414,0.0297434359203,0.0100060355211,0.0100092838843,0.0100137020786,0.0113145969125,0.0100375012192,0.0100250691673,0.0100154031839,0.0100084117742,0.0100122943336,0.0100117073206,0.0100140394249,0.0100115592535,0.0100116080517,0.0101077950899,0.0229845232451,0.0100452378206,0.0103565740196,0.0120613619803,0.0102877890324,0.010091123991,0.0100296817165,0.010011274854,0.0100154315,29.2165721108,116.085887788,2.00900422673,14.3977966934,53.1020402968,24.63775187,2.70269284325,1.3143426672,4.26878283081,5.91035338977,2.2914832646,2.11902933218,1.2866961015,1.62301654436,1.90753585835,6.10724225602,6.33170476536,5.68147870082,0,3.7106509464,15.7168086479,2.64177055766,77.5972770458,7.16957665906,11.1854856585,10.3537884992,5.73742440152,3.71475058087,4.77899524429,0.876097679276,3.82031841782,2.77487405115,0.753850702288,1.71403181542,2.57943121713,1.55310334253,2.36424405143,1.72973475049,2.12122480664,1.95848822994,0.341084380291,2.50955807541,0,0.505196177658,0.861626550702,0.474585595553,0.781831764862,0.459964574451,1.66248589584,1.16532062405
sobol__0000136,-15.98641899,10.21684659,83.81349193,84.28729627,34.19833519,-9.83168012,-4.54483976,1,usable,Converged with independently replayed constrained generalized-force equilibrium and small reserve torques,361.031618,2.88257495065,1.75886658127e-06,2.83506551568e-12,8.32291001557e-05,18,1,0.0100011090558,0.010000481635,0.0100103480853,0.198917524379,0.0100007437696,0.0100003704193,0.0100452384212,0.131437464241,0.0100114563115,0.0338294725629,0.0100019935129,0.134047272389,0.0518859150593,0.0891253809738,0.117104117862,0.240533840522,0.339877403105,0.332740020474,0.0674169137045,0.0100452384212,0.0100008131388,0.0100008400772,0.0100007348199,0.0100007549591,0.999998878091,0.815594182275,0.0100005398958,0.738822351999,0.010000201725,0.036833611745,0.17130134539,0.142499145744,0.0100037429802,0.0100023561572,0.210666880057,0.211803952674,0.0100026527769,0.0100097097835,0.0919407527243,0.272336174045,0.0100118670688,0.0100026074166,0.118771770784,0.122123681561,0.0100032354163,0.0504933146778,0.0100681967088,0.0850149607114,0.0100024947845,0.135968634249,6.84242912647,10.9281245077,2.00451436133,99.2780565671,5.36138792441,12.3908261654,0,15.50853463,4.31360419923,20.4334541113,3.68192828152,22.4341801329,3.83146608686,13.1726489716,22.1658658493,81.5503234034,238.531796538,228.618779846,17.3281480163,0,5.25110940754,3.16700607793,11.1149794967,2.56175100324,310.076910827,205.928692627,1.39639532177,284.118791481,4.50288998215,3.53560710238,89.305041138,37.4988598098,0.696219178955,1.63595554837,54.5161664046,34.4112492294,2.36821955783,1.73059712701,19.1148987304,53.7294826302,0.248801442875,1.00266948081,10.6048987197,5.95823594661,0.525335362274,2.26846581397,0.742775223548,3.90965148772,1.83624625131,15.8631932227
sobol__0000140,6.51358101,58.96684659,-9.93650807,35.53729627,54.19833519,-5.45668012,-49.54483976,1,usable,Converged with independently replayed constrained generalized-force equilibrium and small reserve torques,323.160882,0.19149130123,5.74681742194e-08,5.0182105592e-13,9.58201135789e-06,20,0,0.0521129644455,0.362080051325,0.0260911533721,0.122577726372,0.100328978195,0.0457878546539,0.0100138757355,0.0100077888157,0.0100091315498,0.0100014578232,0.0100013175467,0.0100056175503,0.0100057718936,0.0100046960637,0.0100037401573,0.0100030142377,0.0100056617286,0.0100058912594,0.0100452375855,0.0100452375855,0.0665715056259,0.0100206222476,0.0676981612927,0.0707787823856,0.0100452375855,0.0799140983358,0.0486323102974,0.0100052883203,0.0100099676844,0.0100146521128,0.0100048507263,0.0100099096849,0.0100268499726,0.0100145449053,0.0100059287302,0.0100087491799,0.0100090540309,0.0100104872402,0.0100077753128,0.0100077422938,0.0117703905777,0.0387282862664,0.0315572110393,0.0147434294335,0.0251391185068,0.0151166495697,0.0104113208237,0.0100269666632,0.0100107114989,0.0100111249921,41.9859942436,317.520207358,4.94688786464,55.6322591122,107.793056815,57.7444121463,2.65816517056,1.3957836813,4.44253779143,6.49306461784,4.6011164828,2.54581148223,2.33121495647,1.74447905028,2.0802454253,5.53012524914,6.48528745327,6.19717430552,0,0,15.3134568753,0.626526488942,79.7057193919,18.8579493481,0,19.2835820022,9.31934914012,3.22140018664,3.88038713659,0.598086766449,5.57072844297,2.4670536675,0.602475562505,1.59188673936,2.44843864935,1.46905212941,2.17298416369,1.65492274089,2.12555524863,1.91005985998,0.453575593371,4.1087975209,2.89472572859,0.674565669192,1.81965547467,0.705847457566,0.839281052552,0.460925751907,0.974698806947,1.12839457228
sobol__0000144,-44.11141899,30.52934659,13.50099193,63.97479627,-10.80166481,13.13706988,6.70516024,1,usable,Converged with independently replayed constrained generalized-force equilibrium and small reserve torques,331.757581,0.0308045024313,1.46954395319e-08,1.46936152559e-13,4.98800018943e-06,11,0,0.0100085309046,0.115330592546,0.0452688511133,0.0157189316493,0.0344049310502,0.0100575688999,0.0101219980962,0.0100666015882,0.0100067903021,0.0100030440567,0.0100039569022,0.0100856977135,0.0100632407059,0.010026076628,0.0100094309653,0.02165856677,0.0100096374699,0.0100098060784,0.0100304361434,0.0217092207514,0.0348086418817,0.0100580136722,0.0539881501513,0.0346926465499,0.0290490297283,0.0342421531942,0.0347273424973,0.0100048832724,0.010010071009,0.010011453386,0.0100182418948,0.0100210991908,0.0100222106318,0.0100124648321,0.010006869598,0.0100098917873,0.0100100770929,0.0100120796661,0.0100100199384,0.0100097011386,0.0100922049879,0.0237394231401,0.0171787662623,0.0102868657889,0.0119918843804,0.0101673025659,0.0100734436705,0.0100285546285,0.0100110642196,0.0100144686693,3.58934821018,121.215628771,8.10634289829,7.72856150215,32.9022333716,12.4119176965,2.62776487941,1.15747550376,4.43172180838,6.28127326104,4.12817892358,1.82011132758,0.815971847673,1.56495255834,2.04342197726,14.1641710566,6.82499676091,6.67622425703,1.58586218587,8.23527316852,13.4996148334,2.72851145748,62.4095347353,9.5111288788,9.79820915998,8.24624441865,6.68831824762,4.0093237417,3.87508019786,0.982069256705,5.56763042837,2.85295917198,0.693349646533,1.63502845217,2.58937323924,1.62583428668,2.37009022669,1.73066446399,2.06939212114,1.9748315294,0.277117572162,2.44925539346,1.45257118078,0.485702441379,0.743323444166,0.393339289847,0.629568753981,0.444877263038,1.8512267982,1.15892853601
sobol__0000148,23.38858101,46.77934659,69.75099193,80.22479627,-70.80166481,8.76206988,51.70516024,1,usable,Converged with independently replayed constrained generalized-force equilibrium and small reserve torques,334.258586,0.0778726815728,5.66273925529e-08,7.17648163118e-13,2.51782599871e-05,17,0,0.026137373983,0.127118192778,0.0240637330053,0.0100641211376,0.125011495784,0.119693235763,0.0100452378772,0.010014096971,0.0100186469644,0.010004924603,0.0100059448732,0.0100094929415,0.0100130160944,0.0100100758729,0.0100090155865,0.0100701661227,0.0100195993191,0.0100198376682,0.0100360563038,0.10885095132,0.0548813574306,0.0274552138963,0.022910459844,0.010002407635,0.0100011863469,0.0100034385262,0.0981646808867,0.010002596174,0.0101458406279,0.010009038797,0.0100029301716,0.0100108122086,0.0100520414892,0.0100530744706,0.0100061289756,0.0100070484782,0.024212530838,0.010141161767,0.0100230198531,0.0100061098362,0.0101642167834,0.0101266378962,0.010060716061,0.010021416392,0.0175571555891,0.0100193230251,0.0100082541296,0.0100045898755,0.0100018878694,0.01000178625,26.1158412756,127.456821082,4.84429491877,4.90552395718,94.5303675146,139.906715608,0,1.35003985403,4.32367226325,6.12796435723,3.61144462902,2.30012350166,1.75174999342,1.68736652063,2.01813257587,2.23635489761,6.99244237395,6.8445708411,2.52829294538,37.1515490178,27.7530568426,8.69775754673,25.6846877711,2.70365848659,3.36854573193,1.75147405342,14.7114777523,3.62199435127,0.0604710061968,0.616635355646,4.5494157817,2.38830830202,0.133864036734,1.38865025226,2.45043113261,1.58852367026,5.50078476739,1.67733262138,1.9606225776,1.90608771661,0.163080266946,0.585097292893,0.54122806953,0.315352907451,0.726753098962,0.206978711705,0.513220205997,0.459611777051,1.93419364846,1.15158394977
sobol__0000152,-32.86141899,54.90434659,22.87599193,7.09979627,79.19833519,24.07456988,59.20516024,0,reserve_too_high,The posture requires more reserve torque than the quality limit permits,348.537265,241.420605718,3.15579278265e-07,3.18368288288e-07,0.266258312178,22,8,,,,,,,,,,,,,,,,,,,,,,,,,,,,,,,,,,,,,,,,,,,,,,,,,,,,,,,,,,,,,,,,,,,,,,,,,,,,,,,,,,,,,,,,,,,,,,,,,,,,
sobol__0000156,-10.36141899,6.15434659,-33.37400807,120.84979627,19.19833519,19.69956988,14.20516024,1,usable,Converged with independently replayed constrained generalized-force equilibrium and small reserve torques,344.604339,0.0320181814874,4.67099141588e-08,6.22002449546e-14,8.63667856247e-06,6,0,0.0580330833433,0.0452970059901,0.0100166113781,0.0102581835548,0.0414240750051,0.010009786151,0.0100517961923,0.0100169032068,0.0100416444811,0.0100304230541,0.0100317508456,0.0100141434059,0.010016796991,0.0100170151362,0.0100527203294,0.0100066203233,0.010006879783,0.0100068822948,0.0100185940477,0.010045237791,0.0645170463436,0.019110450555,0.0817501013054,0.010095680643,0.045922477508,0.0208513701568,0.0393864252982,0.0100055982894,0.010045237791,0.0100165977642,0.06157216558,0.0187477969226,0.0100451239837,0.0100151721691,0.0100071289578,0.0100103147797,0.0100103392976,0.0100123205815,0.0100105075797,0.0100101443651,0.0101904283573,0.0325929518111,0.0225008674922,0.0123018644027,0.0136249618298,0.0101884799211,0.0100549719395,0.0100277770209,0.0100103103922,0.0100134264942,39.9991659642,49.2333746625,1.92493650388,5.11530580158,42.7770113607,13.0476736289,2.39120008473,1.33982521559,4.41992304501,6.06761666109,2.17564728084,2.3822352706,1.58521563388,1.65781691668,1.88888853055,3.46220670682,7.17867633002,7.17559387463,2.83682075406,0,31.8248610735,5.51721649767,69.9021230588,0.146524216993,12.7557714266,4.05284459954,7.48348686249,3.40558475648,0,0.561525340432,26.767742359,5.10571871055,0.00167481259921,1.2508543665,2.5726049619,1.62661176916,2.36031519367,1.72094715984,2.03843678785,1.97452134754,0.293188899915,3.32701702938,1.83051787311,0.564767996341,0.80348918528,0.360615532356,0.524221757832,0.411152738997,1.82117730382,1.1165704554
sobol__0000160,-58.17391899,0.06059659,43.96974193,45.69354627,-78.30166481,15.87144488,34.83016024,1,usable,Converged with independently replayed constrained generalized-force equilibrium and small reserve torques,355.846392,0.0665982187114,4.92220993637e-06,2.48191694911e-13,0.000856320753815,17,0,0.0404933230365,0.0100057739284,0.0100252300202,0.0100149100724,0.0124390834958,0.010005558858,0.0101377953335,0.0100481218517,0.0406053358295,0.0811066269633,0.0261108480643,0.0100267789949,0.0100314492496,0.0100327410254,0.0159054674889,0.0391899276533,0.0190754415448,0.0185790585552,0.010045686176,0.138643615755,0.121134573953,0.109083069693,0.0100154672118,0.0100028332667,0.0100035830103,0.010013169962,0.0339983401899,0.0100017711878,0.0172653684379,0.0100054808233,0.0100037210166,0.0100097516109,0.0100120773711,0.0100057231004,0.0100044136512,0.0100064351253,0.0100088674829,0.010009820131,0.0100075787421,0.0100065497128,0.0101506839501,0.022994939978,0.0154521516123,0.0100793056866,0.0151479935314,0.0100495980702,0.0100222868529,0.0100125806304,0.0100042843791,0.0100050286529,34.8372162129,10.9622757709,2.01123390372,4.96811571309,9.73994064762,12.4429762704,2.72272249887,1.27557201534,17.0244572261,45.4538469549,5.33544986765,1.95380545551,1.03419723607,1.5645015269,2.8564442494,22.3011545069,12.6207568727,11.9697568487,0.0632094909133,46.1067837285,60.7336367241,34.5575029851,11.7878027585,2.68705155249,2.82885449093,1.87682962569,6.33090674684,4.06740402303,5.76481288756,0.981712672112,2.64899860083,2.32244556085,0.694116654758,1.63703048957,2.55440014804,1.62589830654,2.34174135056,1.70676585565,2.02357448085,1.9702945993,0.235788244114,1.94849684363,1.10989174889,0.401086561266,0.840852272364,0.270546686628,0.529847083332,0.436533718242,2.01080015035,1.16728153827
sobol__0000164,9.32608101,48.81059659,-49.78025807,94.44354627,-18.30166481,11.49644488,19.83016024,1,usable,Converged with independently replayed constrained generalized-force equilibrium and small reserve torques,292.44685,0.112379282855,5.60639712432e-09,9.92879048963e-13,9.21958033244e-06,20,0,0.109572000825,0.257936238961,0.0100187137388,0.064156025752,0.120665072871,0.0102292870506,0.0100403889375,0.0100074910815,0.0100211319569,0.0100023648655,0.0100020052779,0.0100052057873,0.0100051118241,0.0100050843447,0.0100069401549,0.0100055556929,0.0107210663276,0.0106202496478,0.0100570504995,0.0100175571222,0.0489878136113,0.0100037076275,0.0100160916481,0.0100387848043,0.0300341464005,0.0504121400775,0.0511862820335,0.0100028573708,0.0100157906881,0.0100078920993,0.0188636956384,0.0102374473469,0.0100217552552,0.0100068078889,0.0100040648642,0.0100060604395,0.0100057713398,0.0100071428435,0.0100059446252,0.010005822457,0.0101855865943,0.0364098276862,0.027173738699,0.0148102364215,0.0168739092143,0.0113110209458,0.01009932922,0.0100236022199,0.0100070047889,0.0100098787911,73.245017007,253.142198074,1.87542041294,27.7764270584,117.105341829,13.3416763762,2.40203521645,1.41003921063,4.44772339043,6.55824920958,4.63115467268,2.58080408835,2.45549487479,1.74763161202,2.08122440798,3.21617750802,7.62627562001,7.40246827773,2.68286868921,3.80247940919,24.280914036,3.1534503761,10.8733098851,2.46836560104,9.72869364949,10.9306230565,9.14948404474,3.69195598156,0.744221923587,0.817844708559,10.3891381838,2.91411633453,0.287949236542,1.51616957487,2.56607743557,1.62591008357,2.35967678909,1.71925363929,2.03684460208,1.97318275832,0.239936255726,3.19282002219,1.99678785334,0.626895242595,0.897707284299,0.375181624101,0.59035065837,0.453947863712,2.00468242565,1.16784048833
sobol__0000168,-24.42391899,40.68559659,-21.65525807,21.31854627,11.69833519,22.43394488,27.33016024,1,usable,Converged with independently replayed constrained generalized-force equilibrium and small reserve torques,326.54168,0.131498194637,1.0781781512e-07,7.95807864051e-13,3.26652566072e-05,0,0,0.0100366767325,0.25811238446,0.0935391375438,0.065878376465,0.0159517351596,0.0103178823562,0.0102466333106,0.0106515751579,0.0100331096384,0.0100117247602,0.0100125185819,0.0114198341109,0.010919095522,0.0101061702257,0.0100368026902,0.0259396161386,0.0100460243938,0.0100535409297,0.0103802419206,0.0103802419206,0.108170849757,0.0285286145035,0.0710669868069,0.0454136805932,0.0101350333361,0.0466948195531,0.13346833984,0.0100145469803,0.029565943349,0.0100388760812,0.0100104502301,0.0100215782981,0.0101170097756,0.010052228761,0.0100209458076,0.0100293232648,0.0100399321,0.0100465395834,0.0100338429214,0.0100283055896,0.0153708396345,0.0566072142269,0.0363885395764,0.0142611064568,0.0439237317427,0.0120618648619,0.01027725843,0.0100828406911,0.0100231738799,0.0100292745159,3.98170879753,258.89591885,16.2539566196,31.2949999472,17.1459541667,13.2903101115,2.61846446657,1.40461771205,4.45370256832,6.50763535418,4.53579419508,2.5695380224,1.59556400698,1.69502866556,2.08771443586,19.9511239013,6.13328853736,5.16140358974,0,0,20.104238829,2.85329060757,83.6261789221,11.3708811684,2.55403672584,8.2561702579,25.7441351021,4.08373415804,10.3770633465,0.993749732494,4.92430204274,2.77517184709,0.710899786992,1.6535753387,2.53266735129,1.62839601847,2.33392697513,1.70250362707,2.01312931675,1.96804605152,0.447941385651,5.88822329906,3.03964322848,0.644653000976,2.90131011439,0.359417267911,0.470298559827,0.399646192644,1.9481712735,1.12916368875
sobol__0000172,-1.92391899,24.43559659,72.09474193,102.56854627,71.69833519,18.05894488,42.33016024,1,usable,Converged with independently replayed constrained generalized-force equilibrium and small reserve torques,390.50693,0.0478403383054,3.1285104285e-08,2.37665279793e-13,1.86504122431e-05,16,0,0.0100077924037,0.0210127504116,0.0199428321242,0.0100132178129,0.0107706088276,0.025375269092,0.0100452377769,0.01006543533,0.0100146081624,0.0100072909001,0.0100111039422,0.0100671306496,0.0100603309432,0.0100399386684,0.0100174462449,0.0100267961974,0.010007143017,0.0100072422843,0.0100209095114,0.0100452377769,0.0100166792705,0.0100209107192,0.0966119022364,0.0132053655675,0.0100192024446,0.0500572139787,0.119986422435,0.0100012363146,0.0100452377769,0.0100066956183,0.0571329103553,0.0122803056295,0.0100452377769,0.0100038981651,0.0100014992786,0.0100022206259,0.0100023848323,0.010002902091,0.01000229281,0.010002126825,0.0205206616739,0.079841821645,0.0593310811604,0.0294148769399,0.0398004929621,0.0153317670642,0.0100318063753,0.010007751508,0.0100017882264,0.0100024536655,6.92200965531,22.2216539272,3.94648700236,4.99842511582,6.7487316584,30.6110753685,0,1.27592304006,4.35230945476,6.12512226531,3.6921464621,1.83875632851,0.96632384437,1.56835085976,1.9668570608,2.52328893694,7.17011922911,7.05368813552,2.74870141871,0,5.25925953114,3.1718464751,102.519856844,3.05408128309,3.27435534118,7.22911094742,18.5640261805,2.96161352379,0,0.366725234609,20.8430251304,2.50630349133,0,1.04628466885,2.43351833104,1.57606534329,2.26318670442,1.64926828174,1.94359687158,1.89602813979,0.414948526627,5.58951861379,3.51821730173,1.00071459179,1.75253802705,0.349319322481,0.374619657939,0.424844272797,2.01027639699,1.16701358568
sobol__0000176,-41.29891899,60.99809659,58.03224193,122.88104627,-33.30166481,-0.53480512,-28.91983976,1,usable,Converged with independently replayed constrained generalized-force equilibrium and small reserve torques,347.021228,0.13005846521,3.95284729393e-08,3.3195398131e-13,8.53096797009e-06,14,0,0.010004818402,0.188214997005,0.165324887427,0.0100016184973,0.010001068876,0.0100010025281,0.167985964815,0.015799835328,0.010004889832,0.0100009182869,0.0100009751981,0.0241817623103,0.010012039218,0.0100050811337,0.0100032586485,0.0356068785285,0.0100043221916,0.0100043227172,0.0100130061553,0.010032431181,0.0832496768502,0.0100029323198,0.131236675444,0.0308808933821,0.0518801940842,0.0386588305844,0.0100096245403,0.0253007319456,0.0100058993899,0.0100581187401,0.057256231235,0.0100560703646,0.0100372139776,0.0100286223398,0.0100216930203,0.0100337415851,0.0100142345316,0.0100194882169,0.0100215937333,0.0100371634432,0.0100491253029,0.0100574356322,0.0117321793484,0.0102578271682,0.0100350379465,0.0100740094863,0.0100754127649,0.010102428667,0.0100244298319,0.0103742638989,1.55359792477,184.385684074,21.5767937764,2.83508925114,5.07526283054,11.8184947746,43.5944993726,1.91789883431,4.44117721251,6.5712630098,4.75264638345,4.28247381875,1.23049295726,0.505327197785,1.73273593307,11.2485980247,7.17642347004,7.17546145816,2.83222791802,3.71480116229,40.8988042152,3.16764110501,106.791117914,1.53046434018,5.54950191938,9.70083761767,1.81944539524,9.8683397276,4.03837952568,0.974573324326,30.1564236024,2.80756422036,0.651628871295,1.62394905916,2.46578206489,1.45041500666,2.26506464116,1.69488864496,2.12847136978,1.88814435282,0.349927640744,1.0979957884,1.10749885359,0.492667679584,0.675055971258,0.476490405336,0.854924562438,0.464464556354,1.3819315643,1.20461693452
sobol__0000180,26.20108101,12.24809659,1.78224193,9.13104627,-53.30166481,3.84019488,-43.91983976,1,usable,Converged with independently replayed constrained generalized-force equilibrium and small reserve torques,311.915387,0.0281611802825,5.83751535999e-08,9.18376364805e-14,5.46938919336e-06,6,0,0.0350680492096,0.0957489384567,0.010038254245,0.0339277179634,0.0326992080114,0.017730561139,0.0100303456867,0.0100199005577,0.0100140718124,0.0100053353154,0.0100115522222,0.01001903041,0.0100240513145,0.0100172863048,0.0100194441078,0.0100034404462,0.0100075299335,0.0100093020361,0.0100452377924,0.0100163705618,0.0204616590436,0.01002044643,0.0535920478804,0.0168509004012,0.0100452377924,0.0839446438302,0.0100054976087,0.0125875434731,0.0100026171763,0.0100368495125,0.0192195545722,0.0101378781981,0.0100257846455,0.0100165298373,0.0100176203805,0.0100309199701,0.0100100265524,0.0100142710524,0.0100153815445,0.010033896506,0.0100368652828,0.0100277333145,0.010784763949,0.0108180926964,0.0100243564915,0.0101059255485,0.0101130860073,0.0106625939062,0.0100212669051,0.0145553745385,31.1070374848,102.337815409,1.98515800572,16.9356704031,35.1241683866,22.8049158799,2.58871065228,1.33481881108,4.29963539571,5.89799000748,1.82082200925,2.29733200409,1.50408499225,1.65191584627,1.87848885436,7.48377179505,5.16414041896,3.98629301046,0,3.55200206493,5.90051654366,2.46216166602,62.6593817011,4.00980484002,0,20.7945573727,1.89999829783,2.68754777067,4.07452025495,0.376632801857,3.96004333413,2.60879143204,0.484226268881,1.36162636582,2.19178933605,1.285345139,2.10793330273,1.5901134776,2.12646433959,1.71364987167,0.395451474421,1.01429960553,0.967205371018,0.489198099315,0.723350774324,0.475498217382,0.886095405793,0.486130703268,1.08085746271,1.5990502935
sobol__0000184,-30.04891899,20.37309659,-26.34275807,66.00604627,56.69833519,-7.09730512,-36.41983976,1,usable,Converged with independently replayed constrained generalized-force equilibrium and small reserve torques,344.06575,0.0515779266486,9.54445198431e-08,8.92302568497e-14,1.00735668009e-05,16,0,0.0335322239818,0.142567757613,0.0100219729985,0.0489967255216,0.048131095489,0.01009358988,0.0100247321184,0.0100130217006,0.0100114424434,0.0100049685119,0.0100060070111,0.0100121687472,0.0100162767791,0.0100126203315,0.0100154894107,0.0100035171776,0.0100084497325,0.010008601742,0.0100277131547,0.010045237245,0.0426961136505,0.0100191195968,0.065932453725,0.0396362254933,0.0414808019639,0.053271842668,0.0503414532912,0.0100027242691,0.0100072927965,0.0100082294911,0.0424341118444,0.0101563285692,0.0100171459079,0.0100090189339,0.0100053353637,0.0100080502052,0.0100083016636,0.0100096719538,0.0100075065434,0.0100075014025,0.0131699773451,0.0506418825144,0.0393623566606,0.0186447243435,0.02460286545,0.0147846987634,0.0102013401078,0.0100249052123,0.0100085276363,0.0100104267688,16.6543537691,150.989097425,1.8489772602,23.9961285103,50.9587644384,13.1843118713,2.4731452372,1.31192740205,4.44279160117,6.25350695711,3.57281477983,2.21871885688,1.31696564872,1.64021759178,1.97778752651,6.14028078438,6.84499501884,6.69658923066,1.74994403359,0,13.0701565855,2.24415539667,75.9563490563,10.8718612978,13.1674842383,13.0545807274,8.51734152754,4.07602838755,4.7949618935,0.924249220312,22.4220613627,2.45773424012,0.754155127527,1.71351952738,2.56037516016,1.55478591381,2.27981357115,1.70934326749,2.12439526118,1.96221451142,0.438649008231,5.52988922067,3.7148829491,0.8858698251,1.65767306307,0.6992244599,0.799709874104,0.46111088897,1.22026721889,1.1623719377
sobol__0000188,-7.54891899,36.62309659,29.90724193,49.75604627,36.69833519,-2.72230512,-21.41983976,1,usable,Converged with independently replayed constrained generalized-force equilibrium and small reserve torques,312.138246,0.0661379389753,3.20230606476e-08,7.64984106838e-13,1.09671479182e-05,18,0,0.010032605319,0.182580065329,0.0188681331713,0.0478379744511,0.0761488288477,0.0151543215303,0.0100301707055,0.0100144397085,0.0100077650312,0.0100030270667,0.0100037238449,0.0100123379616,0.010017134707,0.0100108542085,0.0100084999227,0.010006943381,0.0100077522212,0.0100079113787,0.0100392324476,0.010045237641,0.0219848445575,0.0100206563573,0.0527904928014,0.0476112392578,0.010045237641,0.0909503485604,0.0371657534308,0.0100028937816,0.0100030453188,0.0100074448201,0.01007856936,0.0100285593197,0.0100144727551,0.0100076269901,0.0100047801334,0.0100073177282,0.0100062328849,0.0100079758243,0.0100066565284,0.0100070707704,0.011683286066,0.045856275304,0.0444097525806,0.0232544982506,0.0211476949392,0.0175305203214,0.0110187991623,0.0100271532422,0.0100066467863,0.0100109864969,6.38630944723,186.306350528,3.5952083595,23.8794471514,68.2217722422,18.1814062411,2.69724304483,1.31015423742,4.41172024804,6.24307738871,4.06284846756,2.09947914308,1.29862549918,1.64883308196,2.04853426893,5.44249131226,6.66918211024,6.50764305942,0.384036174816,0,6.06191830724,1.68970962556,62.0728876092,13.1396601314,0,22.9513141316,6.92169837696,4.07732449813,4.79792768068,0.98687151016,5.60578048476,2.6234422961,0.75408167881,1.71325278149,2.58751793524,1.60568664578,2.36030482437,1.72888969217,2.11192278129,1.97222054215,0.36798767237,5.0074604233,4.19193573782,1.13281071812,1.40685503353,0.827785482006,0.848479460352,0.461219152009,1.52940971397,1.16763358964
sobol__0000192,-53.95516899,17.32622159,66.23536693,2.02167127,0.44833519,-5.18324262,20.76766024,1,usable,Converged with independently replayed constrained generalized-force equilibrium and small reserve torques,410.095069,0.347147835102,1.66042157801e-07,5.0448534239e-13,3.88299159476e-05,22,0,0.0100010013503,0.102963941923,0.0284332163145,0.191443683557,0.0100004087805,0.0100005822009,0.0970417557776,0.0928229408906,0.0100012820013,0.0100004496096,0.0100005120328,0.17411931872,0.0470079517631,0.0183770070178,0.0100034361497,0.15473912586,0.343413843357,0.253272057149,0.0100452376634,0.0100035164039,0.156449970618,0.0100015415331,0.0100010337223,0.0100035469083,0.0101729752382,0.020948527943,0.0292401871148,0.0100022901499,0.0100014543742,0.0100079104175,0.0228349343816,0.0661635289519,0.0100105873371,0.0100057118406,0.0100058591686,0.0100093145641,0.0100060998686,0.0100081310303,0.0100077907836,0.0100091836495,0.0129248379918,0.0647353682904,0.0529162076148,0.0307368113143,0.0211327510398,0.0112169622601,0.0103617980491,0.0100582218095,0.0100098089046,0.01002718285,4.86558198275,113.012912797,5.44849021818,89.4123989989,5.92245363619,12.3457830249,25.6906746935,8.94098267401,4.3238699815,6.11379470804,3.87373861077,27.2286797452,2.6370081039,2.68379718799,1.94408903575,119.207874683,155.933029693,84.8156444684,0,3.60317164265,36.9962583536,1.69071925807,11.5548391112,2.33542214976,3.02350581772,4.42928666373,5.54696498091,4.07988380733,4.6533560565,1.00243067042,8.82912134001,18.7419163611,0.740780822793,1.70016249886,2.53637649521,1.6246772759,2.36120259637,1.71657042973,2.02454587535,1.95830002604,0.350909710138,6.8685868778,4.6840007432,1.49676398986,1.30383753701,0.395641089693,0.70026337361,0.462168739929,2.01184004608,1.14981358918
sobol__0000196,13.54483101,33.57622159,9.98536693,115.77167127,60.44833519,-9.55824262,35.76766024,1,usable,Converged with independently replayed constrained generalized-force equilibrium and small reserve torques,309.239505,4.27212206368,6.66006190642e-07,4.24904555985e-12,0.000292992236684,16,2,0.0760573862164,0.138698400367,0.0100306776564,0.0545908700829,0.0886771863755,0.0100145120753,0.0100431677722,0.010012936494,0.0100160146218,0.0100045647077,0.0100054584611,0.0100098399507,0.010012490847,0.0100100266187,0.0100140162763,0.0739857956348,0.283042721156,0.282385150491,0.0696879323607,0.0100452380928,0.0100002130109,0.0100003368416,0.0100009495034,0.0100007134995,0.999999845682,0.999999662455,0.0100002267892,0.305647234372,0.0100004572152,0.0100163009299,0.513752436311,0.363774624036,0.0100452380928,0.0100007559949,0.146707982031,0.362322665122,0.0100005103057,0.0100010370323,0.0100034276389,0.630507621576,0.010005793097,0.0100117094652,0.260967544094,0.377233751082,0.0100017129789,0.258683771657,0.442565018355,0.4918172287,0.0100003882048,0.554894279041,65.5965778168,141.571404681,1.96177457922,26.7742177596,94.6556973256,12.4710055952,2.66332987369,1.35332628417,4.37629881079,6.14251617277,3.40035296162,2.37605070053,1.70663546948,1.68545103826,1.99192700942,18.174702322,203.050675993,202.108319399,19.734582928,0,5.1309122615,3.15243240411,9.51845050615,0.98562171796,274.833713439,192.32168383,1.07628847666,51.9468764706,0.561251049265,0.0654484438099,136.695436445,84.8486365126,0,0.995438872405,35.6601479781,56.8045215276,2.29684708083,1.66676742317,1.95630980471,118.58435514,0.170884137893,0.694181606305,16.2590349219,15.1216328571,0.372651902923,7.97128890077,26.4492338548,22.327102087,1.97020633456,61.8526829283
sobol__0000200,-20.20516899,57.95122159,-36.88963307,58.89667127,-69.55166481,5.75425738,43.26766024,1,usable,Converged with independently replayed constrained generalized-force equilibrium and small reserve torques,309.911347,0.19564894383,7.3525541211e-09,6.49759607131e-13,1.62530849513e-05,25,0,0.0100076982804,0.381486455835,0.0803259371821,0.112733977458,0.0479950320045,0.0100070344995,0.0100155074984,0.0100107553625,0.0100044586292,0.0100010668641,0.0100010098923,0.0100088149693,0.010008350657,0.0100048181348,0.0100031476153,0.019025259188,0.0100154292496,0.0100156593153,0.0100381207545,0.0880050018352,0.0760205049906,0.0100056539055,0.0257317522072,0.0100041616622,0.0101515861957,0.061038347797,0.0539104859618,0.0100011963231,0.010003177441,0.0100036936969,0.0100045693803,0.0100124816144,0.0100072463802,0.0100028648499,0.010001822504,0.0100027438658,0.0100026586396,0.0100033158947,0.0100026767177,0.0100026620684,0.0103002008931,0.0422149148461,0.034416707388,0.017975370399,0.0228238608829,0.0120120646598,0.010106998517,0.0100142544645,0.0100035977979,0.010004852631,4.01330585901,332.964996281,12.2003896604,49.3979554876,50.4269475952,13.0376155396,2.55428832655,1.36126991057,4.42524684595,6.57169844892,4.78895884524,2.47342400936,2.01967911193,1.73072570184,1.91624313368,11.5434992846,6.77558007302,6.62487469033,1.16472043133,30.1337658208,37.7453254242,1.95956699051,29.980982442,2.76079405574,3.23201477199,11.5920964697,8.63277269344,3.85237338046,2.48605328693,0.912979839375,3.52225898477,2.4005475417,0.562533287301,1.57010156649,2.48708525624,1.60767755805,2.30422029166,1.67711234502,1.98405397629,1.92870649104,0.185394040041,2.87870565311,2.10909145029,0.641090532327,1.0497021349,0.295210172336,0.570362518404,0.460601812652,1.96275234975,1.15114221306
sobol__0000204,2.29483101,9.20122159,19.36036693,75.14667127,-9.55166481,1.37925738,28.26766024,1,usable,Converged with independently replayed constrained generalized-force equilibrium and small reserve torques,389.919037,0.0233150902132,2.98599438509e-08,2.13162820728e-13,9.44003499997e-06,2,0,0.0582870629755,0.0291493792039,0.0100508529482,0.0120692864248,0.047556401438,0.0100203881376,0.0101613993596,0.0100465673835,0.0102486668145,0.0171077450127,0.0117028547843,0.0100401543606,0.0100522051856,0.0100488410492,0.0101829825633,0.0100233383751,0.0100289608317,0.0100294136509,0.0100693855557,0.010075670901,0.0454624066154,0.0266872429095,0.0440470017201,0.036489133689,0.0313686751242,0.0376162871231,0.0489154272331,0.0100064327989,0.0100201984455,0.0100183613582,0.019954912418,0.010127974938,0.0100400569085,0.0100152544957,0.0100082896468,0.0100120582014,0.0100121222156,0.010014860013,0.0100121136206,0.0100114071895,0.0102575228221,0.02937559896,0.0226627123257,0.0119367950204,0.0150142593443,0.0104246643091,0.0101361495311,0.010042372463,0.0100143993227,0.0100172437269,47.8888557451,31.3805306707,1.98415658355,6.01293004819,46.4682835306,12.5851232555,2.67735444173,1.31109965076,4.37425789685,10.0193234477,2.25723070702,2.11028623246,1.2205418769,1.61694589464,1.91009401537,4.723202072,6.94939945673,6.80136812513,2.39884830275,3.81817200755,23.7844713709,8.44745962031,49.8926088331,9.6735357709,10.5577847838,8.2030604724,7.77086039581,3.70232212379,2.4535455152,0.829526547646,11.118424155,2.88334331278,0.436757482577,1.54289452695,2.50994066818,1.61829650356,2.33565706534,1.69866123286,2.0053702937,1.94616931207,0.197794751617,2.24338268119,1.52243442682,0.478316323204,0.705371139436,0.32330549851,0.621151414502,0.461932422372,2.01032070854,1.15685051882
sobol__0000208,-48.33016899,45.76372159,42.79786693,87.33417127,45.44833519,19.97300738,-42.98233976,1,usable,Converged with independently replayed constrained generalized-force equilibrium and small reserve torques,348.104155,0.0653247345947,5.01519323848e-08,3.5527136788e-13,1.90424939772e-05,13,0,0.0100046236446,0.125898077587,0.0987633219417,0.0100012487503,0.0100006074858,0.010002866582,0.114443724438,0.0476993933065,0.0100141493947,0.010001153309,0.0100011205898,0.0831718701473,0.0112430901099,0.0100076223701,0.0100035886059,0.0100054943129,0.0100143567725,0.0100145642219,0.0100316192129,0.010045238062,0.032816633368,0.0100026615355,0.038558806932,0.0100994656417,0.0442727288981,0.0483636140456,0.0199824610904,0.0100047431341,0.010006892094,0.0100116143028,0.0613597751068,0.0194351193681,0.0100217079315,0.0100125635379,0.010009242488,0.0100138464466,0.0100138189541,0.0100160606702,0.0100132472166,0.010013407138,0.011743446532,0.0339589169206,0.0303575443341,0.0134320966514,0.016153570946,0.0114635063006,0.0101459162228,0.0100365205275,0.0100145096073,0.0100205287942,1.78990902122,129.023973754,13.9125724884,3.49221598358,6.64128632648,11.9360693718,29.0898986076,4.62526299371,4.44466190121,6.48669913575,4.56381908507,13.2045014367,0.836436823172,1.61155456921,2.0786201108,5.4330690726,7.05760336713,6.91069087934,2.60955728729,0,12.7341269381,2.23623479701,42.5668689791,2.56646853554,13.9692583394,12.1317025116,3.8011533354,4.07844129665,4.40987705866,0.976525725167,31.2412325778,4.96928348957,0.72612760264,1.69180062413,2.47092618055,1.44080265934,2.34498463867,1.72063495644,2.1263857434,1.86710812643,0.462354427239,3.54138101613,2.824883884,0.636938031607,1.16950290912,0.537400100827,0.781036159197,0.396593351862,0.94162186516,0.935470231683
sobol__0000212,19.16983101,29.51372159,-50.95213307,38.58417127,25.44833519,24.34800738,-27.98233976,1,usable,Converged with independently replayed constrained generalized-force equilibrium and small reserve torques,343.884067,0.241468952898,4.64632709196e-07,6.8212102633e-13,1.91357520652e-05,20,0,0.108066427465,0.230543606839,0.0100131494519,0.041049202174,0.101202399903,0.0100357794826,0.0100397730448,0.0100078046967,0.0100133111357,0.0100025024862,0.0100022389819,0.0100056433403,0.0100060800609,0.0100054640737,0.0100098750794,0.0100019611373,0.0100046601365,0.0100048123414,0.0100452376537,0.0100452376537,0.0791875670901,0.0100132512847,0.085540844354,0.0583412422408,0.0100057403957,0.0844909950838,0.252606433352,0.0100018711546,0.175678916386,0.0100055390806,0.0697053612162,0.0149760659581,0.0100300883049,0.0100136540954,0.0100039082261,0.010005436917,0.0100211374983,0.0100153213458,0.0100083049688,0.0100051181322,0.0435565721646,0.129067343556,0.0981017522071,0.0340601536007,0.0830188017197,0.0372208733764,0.0100256788785,0.0100095577416,0.0100039996707,0.0100039134995,73.5939274486,239.142503749,1.91810394198,19.2187962643,98.0326123738,12.6630886175,2.20055903378,1.39267188958,4.44489290181,6.3532241068,4.2529023973,2.55000247284,2.18846549262,1.71706428006,1.98098733992,5.75361524821,6.5284207095,6.29884399795,0,0,25.8156660878,1.61570105514,100.711782626,15.9291270957,3.33337150641,21.3330843253,46.4187410626,3.49215754688,80.5081412949,0.77475823279,38.8187773374,4.02115637173,0.755258014732,1.71431494486,2.56501337155,1.51500780011,2.37031602755,1.73058627298,2.12021608594,1.92969412213,1.7131830664,13.5285287803,9.20241949989,1.63556625875,6.00796801069,1.76050529638,0.700466056277,0.378033857926,1.10842788114,0.923439865548
sobol__0000216,-37.08016899,5.13872159,-4.07713307,111.70917127,-24.55166481,9.03550738,-20.48233976,1,usable,Converged with independently replayed constrained generalized-force equilibrium and small reserve torques,383.840917,0.0218053384818,5.63665736308e-08,9.23705556488e-14,5.62871029889e-06,2,0,0.0604138195416,0.0262692985612,0.0100168805445,0.0103149605549,0.0371670616933,0.0100092016791,0.0100509164311,0.0100190392446,0.0101745322335,0.0317530224938,0.0143735931478,0.0100163445426,0.0100204434361,0.0100225200787,0.0101221463821,0.0100086326015,0.01001136069,0.0100114118971,0.0100264874492,0.0100243135499,0.0510247395863,0.024052650391,0.0520781634895,0.0303737584109,0.0506064748021,0.0127122251337,0.0100124036242,0.0238944357809,0.0100123391001,0.010094191079,0.0304574703587,0.0100809452211,0.0100425140854,0.010040915184,0.0100473688654,0.0100557619766,0.010025395341,0.0100319996053,0.0100373116463,0.010061081092,0.0100389182221,0.0100325987289,0.0100457048065,0.010054293439,0.0100305168053,0.0100468305705,0.0100755106408,0.0101018126981,0.0101111688746,0.0138679165019,44.5726090607,28.6419399387,1.94521386139,5.13434904685,39.963526334,12.9989327885,2.54684954096,1.31022103241,4.38388965488,18.7227703055,2.50578168055,2.19001093143,1.29589494423,1.62111089776,1.88670905572,3.91127218787,7.18180102911,7.13886788906,2.8315272216,3.78782825261,25.0281493211,6.70085674688,52.5291689709,4.12786902941,13.5070926834,3.20970074455,1.92757128327,9.34835073165,3.02938265821,0.975533914833,16.2504035195,2.86346750659,0.620353753055,1.61203753148,2.56666024482,1.51678138034,2.35969917933,1.73009313419,2.13029119502,1.94087049329,0.340037013617,1.09554744684,0.947863622253,0.490553059428,0.683679152232,0.474295853627,0.78882476871,0.455863527178,1.4836804735,1.5699022657
sobol__0000220,-14.58016899,53.88872159,89.67286693,30.45917127,-44.55166481,13.41050738,-35.48233976,1,usable,Converged with independently replayed constrained generalized-force equilibrium and small reserve torques,295.890359,0.632808015014,1.18361711543e-08,5.47117906535e-13,9.37662988553e-05,17,0,0.0100003097932,0.321328023602,0.470916447709,0.0100004938538,0.0100001735681,0.0100000735955,0.0100452374796,0.0100048688254,0.0100003061857,0.0100001115461,0.0100001379195,0.0100084487068,0.0100019363646,0.0100011217541,0.0100005544998,0.0100020833175,0.202223254753,0.186964642944,0.0100452374796,0.0100015107886,0.367229588899,0.0100006785394,0.0100022499976,0.0202711582111,0.0100452374796,0.082007214005,0.0356963790915,0.0379526940759,0.010004209509,0.0101054441774,0.249843302077,0.12473727346,0.0100509749827,0.0104642002666,0.0208331135529,0.013692697463,0.0100328426082,0.0100496270471,0.0103991791707,0.0102825208321,0.0140419907688,0.0450198971924,0.0459568374683,0.0247955766425,0.0176975373919,0.0141330179518,0.0102642934314,0.0100797493823,0.010011625159,0.0100438985769,4.06569875259,323.428875238,88.9343414489,4.47212337697,4.5008122339,12.1481814664,0,1.29915495428,4.43916657342,6.55377618573,4.63689715758,1.9600376663,1.4113091859,0.458535050524,2.06570094555,5.27961859538,129.329014487,110.548161162,0,3.61163985137,133.092684354,1.14552799519,11.776278408,5.23884050732,0,20.5826937182,6.69006032551,10.7307598859,4.79974265829,0.582430391341,79.2910855025,33.4633867012,0.686240980597,1.72648184048,4.83119907678,1.83636537384,2.26569616549,1.68362222474,2.20870151348,1.81524150598,0.552471613583,4.67618561563,4.24755357978,1.16546782848,1.28093206555,0.668301661069,0.861370101801,0.431802499907,1.15201739092,1.03851347386
sobol__0000224,-56.76766899,51.85747159,-1.73338307,73.11542127,22.94833519,18.33238238,-14.85733976,1,usable,Converged with independently replayed constrained generalized-force equilibrium and small reserve torques,294.228762,0.0839931879589,7.84838789514e-08,7.1054273576e-13,5.44939655968e-06,8,0,0.0100173513802,0.238478470835,0.03981324841,0.0419363588841,0.0226910766038,0.010006084007,0.0100536271848,0.0100313184267,0.010004171495,0.0100015422507,0.0100017266718,0.0100436007334,0.0100292251844,0.0100093708181,0.0100050649172,0.0782319763176,0.0100107685427,0.0100109474146,0.0100283748207,0.0100452375552,0.0101423736181,0.0100135595894,0.0538043280382,0.0492725800227,0.0387848794031,0.0465225522866,0.0497012465771,0.010005000962,0.0100115776061,0.010011574476,0.0100110884645,0.0100151845996,0.0100265918559,0.0100151533906,0.0100074589954,0.0100105309789,0.0100114249999,0.0100135175229,0.0100107309418,0.0100100673466,0.0101969461812,0.0309584320168,0.0251142950741,0.0113556540201,0.0175855818536,0.0115636379985,0.0101044444213,0.0100291189331,0.010011605575,0.0100153819957,0.951310754112,239.745392377,2.3558164563,20.297592748,21.6470515876,12.2624744998,2.60671889934,1.0201619484,4.44055018105,6.5690644626,4.66195038392,1.70768040272,0.845079097867,1.64105644532,1.99082183524,55.7805560996,6.91700439061,6.76902213908,2.27741551272,0,2.84540479126,1.83029056337,61.1861864929,13.1088566375,12.9801402401,11.7337978211,9.58591186344,4.0792260883,4.21782274726,1.01110726825,5.43987108472,2.70445545846,0.708966176198,1.65973919953,2.58920443299,1.60217747119,2.37047340925,1.73124747199,2.10091140647,1.97100547327,0.347156552824,3.38063082482,2.36636104097,0.55415198724,1.247239896,0.541304908822,0.670040625097,0.412020669331,1.41687500971,1.04014919373
sobol__0000228,10.73233101,3.10747159,54.51661693,56.86542127,42.94833519,22.70738238,-59.85733976,1,usable,Converged with independently replayed constrained generalized-force equilibrium and small reserve torques,394.83532,0.114059181628,1.22647513479e-07,1.98392686716e-13,6.12884907998e-05,10,0,0.0100011601444,0.0100007203274,0.0100375870439,0.0100126692851,0.0100009241521,0.0100014847701,0.0100780583833,0.116292000007,0.0443976496131,0.129634984222,0.0100039333558,0.124652623545,0.0585820472371,0.0893502852567,0.0586603348096,0.06220852625,0.0100078740916,0.0100080236799,0.0100325369651,0.0100452384216,0.0876757279493,0.0421081716117,0.0605607759662,0.0188287963557,0.0100452384216,0.0681219273103,0.0175754396063,0.0100036825114,0.0179211917229,0.0100112980904,0.116915325618,0.0354324338792,0.0100261279167,0.0100140168958,0.010007462028,0.0100105452971,0.0100356787085,0.01002544623,0.0100151692032,0.0100110112085,0.0274376825982,0.0691254792326,0.0558787009276,0.0168570848243,0.0424480122109,0.0188299734397,0.0101341170604,0.0100208474073,0.0100120625522,0.0100094937513,8.46992170239,10.9234023953,2.01679702917,4.99640248166,7.18327410764,12.3387994554,2.71399073563,14.6594516439,18.6913361209,74.5080902951,2.36613924839,23.5105659606,5.61694630726,13.752933439,10.7066907779,30.5489499103,6.74860148253,6.59662305282,0.992202481881,0,34.1834217691,11.9651940442,70.7587835566,5.19655604487,0,16.4799059278,3.25342125418,3.04279690589,8.53435713459,0.566897891283,63.905576308,9.12399391769,0.750989683054,1.71160065772,2.26301137996,1.30940369804,2.28440775966,1.68337502615,2.1271410128,1.73113216386,1.07466331453,6.79368941992,4.96426173103,0.77010483648,2.99190993293,0.851350910454,0.845766107122,0.379853169072,0.639325991755,0.855777085821
sobol__0000232,-23.01766899,27.48247159,26.39161693,129.99042127,-47.05166481,11.76988238,-52.35733976,1,usable,Converged with independently replayed constrained generalized-force equilibrium and small reserve torques,412.623783,0.113958490212,3.10573427953e-05,1.68753899743e-13,1.41084549451e-05,14,0,0.0100023306983,0.0975832944939,0.0974397557493,0.0100113397501,0.0553182658934,0.010014421843,0.0324167482873,0.0249636240206,0.0100040244831,0.0100018037305,0.010002701641,0.0265090362674,0.0180040039811,0.0100655298859,0.01000621148,0.0100371826885,0.010002119641,0.0100021171738,0.0100070213506,0.0280089057991,0.109243588473,0.0574975949898,0.22434045747,0.0159018481037,0.0100452377101,0.089938390559,0.0100022559765,0.0616689581988,0.0100015747174,0.0101351544383,0.0559394032797,0.0100208831297,0.0100154507026,0.0100086166601,0.0100125011084,0.0100301631317,0.0100052638031,0.010007929994,0.0100085516212,0.0100372249762,0.0100210793862,0.0100114261941,0.0100439249215,0.016709828114,0.0100108711983,0.0100449473884,0.0185979321206,0.028560811882,0.0101384232266,0.0547386674946,5.46364386128,102.236787468,18.3657192513,4.98999469353,49.6023370538,12.1970888653,8.60561947822,3.16136034443,4.39447400259,6.18497926557,3.69515500253,5.12200691262,1.81926972388,1.59965041864,2.00816234646,2.94142161144,7.16662911927,7.17534831614,2.68118410841,10.0611163213,48.0941267562,16.0111535698,149.903611832,0.237177019561,0,21.9637962785,1.92901628042,25.1487910813,3.9295263868,1.02364045462,29.6267467424,2.65645384761,0.683907462615,1.65753478817,2.09096685864,1.21631725261,2.10136157185,1.57294937214,2.12344359355,1.63017214793,0.394828751358,1.02365894653,0.9127452073,0.765932845793,0.724738479885,0.463773396402,1.63418095203,1.22504448339,0.887180537384,5.43239020012
sobol__0000236,-0.51766899,43.73247159,-29.85838307,16.24042127,-27.05166481,16.14488238,-7.35733976,1,usable,Converged with independently replayed constrained generalized-force equilibrium and small reserve torques,320.974964,0.120786529341,3.54347520215e-08,5.99359413739e-13,4.8585079992e-06,13,0,0.0310557669837,0.280715290168,0.0144884387371,0.0928415943383,0.0638397474099,0.0448893485738,0.0100179026114,0.0100102303964,0.0100090578542,0.0100019960939,0.0100018293138,0.0100078000536,0.0100089791194,0.010006562121,0.0100056469689,0.0100018845805,0.0100037665399,0.0100045795731,0.0100452378242,0.0100817530682,0.0713849534128,0.0100157676638,0.107009201717,0.0306282739977,0.0387489823386,0.047015331904,0.0202379133201,0.0100086141997,0.0100084119128,0.0100155088207,0.0201313537414,0.0100367987724,0.0100278681453,0.0100183188383,0.0100087786286,0.0100126872486,0.0100119280309,0.0100144155981,0.0100120522354,0.0100121472944,0.0100836780644,0.0177625345076,0.0156193450491,0.010166836039,0.0103332036823,0.010307275914,0.0101015036557,0.0100348474204,0.0100141010886,0.0100202428981,19.665440893,278.474976742,2.69060211102,42.3710124424,66.1686532557,58.6037243356,2.52205860625,1.37328357444,4.44309578704,6.4822170173,4.5312628371,2.50054242359,2.01308589326,1.71685014627,2.08006993737,7.19284487888,5.77007135585,4.655588455,0,3.78873278377,21.3780882931,1.22030050276,125.752166332,7.49980633617,11.6489466016,11.5426907873,3.82574533407,3.52304846636,4.62895143478,0.86284330194,6.60452898583,2.84388414053,0.754971976369,1.714985928,2.58792056524,1.58136972532,2.37037510121,1.73135368858,2.10914108498,1.96670300323,0.37102904041,1.9290366727,1.47445457905,0.496009553301,0.747947938714,0.461710960964,0.69524191846,0.425888688697,1.57474409249,1.09377888062
sobol__0000240,-39.89266899,15.29497159,-43.92088307,20.30292127,67.94833519,-2.44886762,48.89266024,1,usable,Converged with independently replayed constrained generalized-force equilibrium and small reserve torques,434.657118,0.0503203066273,2.87816255273e-08,2.01339886838e-13,2.38566021145e-05,0,0,0.0100432484656,0.0937573414286,0.0549433051971,0.0563215351021,0.0230734648979,0.0106014991467,0.0107017375572,0.0179798039925,0.0100576689111,0.0100240001224,0.0100329019391,0.0252297696811,0.0202659348931,0.0109445297727,0.0100946096229,0.0102689213714,0.0100477180131,0.0100560579772,0.0104221950597,0.0104221950597,0.010736996836,0.0101752559363,0.077433744009,0.0242643533543,0.0366683922403,0.0525712766241,0.106110087669,0.0100112253914,0.0100212979943,0.010032388816,0.0356687318709,0.0104793513104,0.0100544959794,0.0100240358478,0.0100137449946,0.0100202480851,0.0100200525819,0.0100248664463,0.0100199818237,0.0100187805418,0.0132668893084,0.0556817064162,0.0443394544666,0.0212541301292,0.0334995167083,0.0130936890092,0.0104174263607,0.0100847713809,0.010030742807,0.0100294144919,4.35368203149,100.789515354,10.1058227324,27.1073955882,23.3595779461,13.7553117251,2.40514466226,2.36623153967,4.46431344507,6.2728589952,3.45981121351,5.76010184585,2.80566903335,1.79417609706,1.96579274429,7.913193488,6.07803778269,5.06694858439,0,0,1.36430326176,1.34893920321,91.1021206158,5.9130478465,9.30114985251,7.73282143577,16.994422646,3.88280270681,4.12431468541,0.90914577249,19.8736837783,2.23467635785,0.661730556451,1.58724506381,2.35981977684,1.53325106778,2.23818611729,1.6273202323,1.89856225335,1.84159098988,0.235050063265,3.89113488096,2.71099547105,0.777155420322,1.57434372854,0.309990950972,0.51807021783,0.462735174436,1.90486706611,1.11060150931
sobol__0000244,27.60733101,64.04497159,49.82911693,101.55292127,7.94833519,-6.82386762,3.89266024,1,usable,Converged with independently replayed constrained generalized-force equilibrium and small reserve torques,345.864909,0.121143877834,8.28551263155e-08,3.12638803734e-13,1.55099111766e-05,22,0,0.0249884892526,0.195647500404,0.0360689136908,0.0584648111128,0.228176489916,0.0100060475879,0.0156513869452,0.0100090484174,0.0100088767208,0.0100022616849,0.0100022372539,0.0100055170238,0.0100060439865,0.0100058984599,0.0100058234473,0.0100702323343,0.0100249838184,0.0100251772262,0.0100384806098,0.0100452376864,0.037313638069,0.0100104499464,0.0148321132418,0.0100574500206,0.028866787471,0.0817126125952,0.0774335982725,0.0100017584663,0.0100038227968,0.0100051178225,0.010006841768,0.0100129292436,0.0100129061893,0.010004983229,0.0100026164149,0.010003923587,0.0100040503755,0.0100050138619,0.0100039873225,0.0100037027461,0.0121484501045,0.0581781174092,0.0425016884836,0.0205356934451,0.0262559573268,0.0173996219335,0.0115139682305,0.0100173071882,0.0100050545379,0.0100069695798,29.549733213,174.888066984,7.26230539503,27.4580897736,213.533861184,11.5083090857,4.19572882447,1.3981049469,4.29330096307,6.18577151018,4.19589349345,2.53879428211,2.42836272621,1.7420141995,2.07478862437,1.09343542326,7.17950984175,7.0566183574,2.7439723606,0,18.7563100026,3.17121686142,15.7903690562,1.96425348003,8.3743770965,20.5925555464,11.0775711114,3.65930298167,3.63213037486,0.885697567084,5.1944510792,2.79526376966,0.50946192968,1.56777296861,2.5875009848,1.62554487689,2.36883039909,1.72974243135,2.0689823393,1.97358632194,0.287079670248,5.56006048308,3.5369678687,0.99479275262,1.32465172928,0.725249303727,0.843959384762,0.460652959136,1.98305246724,1.16572619155
sobol__0000248,-28.64266899,39.66997159,77.95411693,44.67792127,-2.05166481,4.11363238,11.39266024,1,usable,Converged with independently replayed constrained generalized-force equilibrium and small reserve torques,358.993256,0.303805408202,1.50104142449e-08,1.35003119794e-12,5.81237110719e-05,19,0,0.0100005968804,0.164697379361,0.341632461268,0.0100011808871,0.0100002750514,0.0100001546523,0.0100452382979,0.0925069481919,0.0100006221635,0.010000212738,0.0100002495661,0.151505043481,0.0102645101638,0.0100021724733,0.0100010651453,0.0100183332151,0.109219861413,0.106275320313,0.0100460360721,0.0100029605705,0.25541784,0.0100008956607,0.0100037627141,0.0100057094676,0.0109378842329,0.0323444069144,0.0313629854674,0.0100036026955,0.0100037094471,0.0100088186261,0.160248938816,0.0782330448765,0.0100139992415,0.0100078257231,0.010007836713,0.0100118881938,0.0100093746934,0.0100116953667,0.01001091942,0.0100112929217,0.0101739796138,0.0367204659108,0.028757583987,0.0164010924565,0.0129215595338,0.0103499916479,0.0100666471337,0.0100333743616,0.0100100631896,0.0100164448413,3.37363509642,171.410300019,63.5174725326,4.36284829814,4.94271483064,12.1423937765,0,10.7234790276,4.43753309671,6.43157049794,4.52648086648,25.2502766077,0.892064363981,1.60980368885,2.08005489191,5.6277374284,72.1278325521,68.2909717681,0.0194700713691,3.68162413932,89.6759592027,1.55483522539,11.7752629273,2.75820554289,3.66890938411,7.67995640097,5.92711505325,4.04569439682,4.39483409035,0.990073442136,85.1739601865,22.2299929516,0.71463634076,1.66030254712,2.58137470871,1.62686977575,2.36929891552,1.72910287892,2.05261542231,1.97487989009,0.25842873028,3.64737501257,2.38437787259,0.774013661559,0.762602398574,0.385028233416,0.658704121193,0.461418320656,2.00474060655,1.16885247292
sobol__0000252,-6.14266899,23.41997159,-15.79588307,93.42792127,-62.05166481,-0.26136762,56.39266024,1,usable,Converged with independently replayed constrained generalized-force equilibrium and small reserve torques,284.620903,0.0538060974655,2.12313011616e-08,1.93177771272e-13,2.14949856699e-05,14,0,0.0448396749224,0.145075248342,0.0100278460351,0.0516492224778,0.0556499750056,0.0100988686608,0.0100268701105,0.0100136103763,0.0100122508786,0.0100042398877,0.0100051021517,0.0100117305331,0.010015339192,0.0100114535981,0.0100139695208,0.010006494744,0.0100165091175,0.010016724898,0.0100333106826,0.0233379590061,0.0862011611496,0.0100238753079,0.0315732928568,0.0100150820875,0.0100678598128,0.0479873137951,0.0807673002252,0.0100017347639,0.0100452382273,0.0100147415632,0.0100113475105,0.0100253857133,0.0100452382273,0.0100040130725,0.0100014352893,0.0100021143308,0.0100021481693,0.010002646821,0.0100020940983,0.010001964267,0.0102897702166,0.0380385799738,0.0336373016509,0.0162354559491,0.0248570192638,0.010293043229,0.0100333255941,0.0100083364676,0.0100027986485,0.0100028442617,29.2573335966,151.606050083,1.90085632561,25.3346183614,59.7477500151,13.1279635982,2.53872110199,1.33380751655,4.43555221631,6.20764702241,3.43729177142,2.31055162918,1.50564400543,1.66578024068,1.97672452371,4.34311220649,7.11609705638,6.97188285558,2.66717839628,8.12845291342,43.5472149257,3.07219890307,34.3615791606,2.5750543704,3.37960474176,8.55311969629,10.5369888483,2.55068652325,0,0.159996650707,5.47241056166,2.47981382628,0,0.951015140736,2.39974370352,1.55824308862,2.2482326569,1.63479203964,1.9261199727,1.86908632336,0.139544274051,1.94006006829,1.65835210499,0.498409656559,0.891716820104,0.216192379721,0.564972568254,0.460051118298,1.8602418354,1.10284539592
sobol__0000256,-51.49423149,56.17387784,73.55958568,89.11151502,-76.11416481,21.68199176,3.18953524,1,usable,Converged with independently replayed constrained generalized-force equilibrium and small reserve torques,285.509468,0.399994707687,8.25823285311e-08,6.61559049562e-13,3.34950717046e-05,16,0,0.0100033360979,0.260324135751,0.265873000424,0.0100045993643,0.0100004721461,0.0100001946658,0.0100452378857,0.0100057481684,0.0100023596174,0.0100003560619,0.0100003690555,0.0100038156564,0.0100452378857,0.0100011602039,0.0100014138626,0.263021161725,0.158118359159,0.154842532162,0.0319776795181,0.0100053158722,0.365250071468,0.0100006301709,0.0100015410867,0.0100071026585,0.0100057572049,0.0100256814081,0.0496024297985,0.0100396703965,0.0197859335291,0.0100418739827,0.0289872909113,0.0228959385669,0.0100631914069,0.0105956826043,0.0178060144538,0.0101929467861,0.0196628140796,0.0136868485962,0.014353911533,0.0100916994985,0.0100729769001,0.0137509633122,0.0103016942401,0.0100608312744,0.0103678140984,0.0100458484423,0.0100273957293,0.010024628495,0.0100136002,0.0100133997502,0.553938633065,264.257632054,28.4662505623,2.51374294178,3.88711917162,12.2646940286,0,1.05643225143,4.44008963549,6.57068456049,4.74889915856,1.64099868257,0,1.67858422147,1.84250823959,129.940729363,111.701217544,107.120766144,8.37285177404,3.35857508754,191.245647109,2.91594212107,10.9966338281,2.64280312456,3.36908054294,2.47084734265,9.55977681173,4.07730104306,5.22789489567,1.00289874368,14.0988174635,5.35854438682,0.686783187685,1.73410145556,4.59960786026,1.59119933992,4.65567141915,2.36630547993,3.02529452708,1.979988187,0.303255242073,1.4729030735,0.902544003517,0.482620601646,0.680144169043,0.413574136325,0.636314611489,0.39790710774,1.61680284657,1.0516691498
sobol__0000260,16.00576851,7.42387784,-20.19041432,40.36151502,-16.11416481,17.30699176,48.18953524,1,usable,Converged with independently replayed constrained generalized-force equilibrium and small reserve torques,411.41139,0.0349056106546,4.10014706631e-08,1.91846538655e-13,1.25463942865e-05,16,0,0.0544456979833,0.0651393041519,0.0100227639884,0.0189014214629,0.0370948399465,0.0100171871742,0.0100418399799,0.0100187443637,0.0100237864361,0.0100090274754,0.0100156960503,0.0100164843137,0.0100200773975,0.0100166254412,0.0100316983123,0.0100033800138,0.0100052475638,0.0100053997054,0.0100452373893,0.0101204318186,0.072043355774,0.0348200648031,0.0755747657072,0.0524033635326,0.0100072584225,0.0100266520756,0.0667493328227,0.0100028961381,0.0361288833149,0.0100076379182,0.0163736247357,0.0100339585298,0.0100236089476,0.0100104574595,0.0100040659161,0.0100055793522,0.0100080553491,0.0100089053651,0.01000670007,0.0100051900695,0.0102506841478,0.0262736899369,0.0199944418718,0.0101108210452,0.019098200951,0.0100500490146,0.0100205001139,0.0100094178435,0.010002837038,0.0100034566809,43.0680042212,70.4315049016,1.95336282967,9.43524934959,39.5257535055,13.0855806028,2.47943382854,1.33800829547,4.36401083846,5.97683418006,1.89108075295,2.35551707706,1.56178683501,1.65434880152,1.87526171648,6.49073723933,6.55271235344,6.34438896615,0,3.84171353825,24.5362072575,9.74903049231,88.9759434579,14.3514573726,2.745223477,1.61322481869,12.618319397,3.84924394836,4.69936113796,0.909806252257,7.60403104467,2.85655640924,0.49512230271,1.55122841828,2.44165502492,1.58553529016,2.26515392312,1.65049525881,1.95131522757,1.90892747201,0.21703814901,1.98234261564,1.29745667955,0.360829606971,0.992033074554,0.20967208743,0.435113586738,0.430350534522,2.00462111904,1.16734603633
sobol__0000264,-17.74423149,31.79887784,-48.31541432,113.48651502,13.88583519,15.11949176,55.68953524,1,usable,Converged with independently replayed constrained generalized-force equilibrium and small reserve torques,323.092847,0.0868676321901,2.76423008927e-08,2.13162820728e-13,2.65422350673e-05,17,0,0.0390762426355,0.179950496306,0.0100210412587,0.0528266894739,0.0660357792866,0.0118242651647,0.0100263143532,0.010010394761,0.0100128764865,0.0100036191311,0.0100033001918,0.0100082305564,0.0100101323498,0.0100083963155,0.0100107129589,0.0100052561434,0.0100147591817,0.0100148008398,0.0100302002561,0.0100452386766,0.0628362480759,0.0100076164441,0.0353356187273,0.0120597350864,0.0130049405007,0.0618313998161,0.135014405241,0.0100032015196,0.0100452386766,0.0100452386766,0.0323844922812,0.0104787012568,0.0100452386766,0.0100089450879,0.010001108757,0.0100016378412,0.0100016938176,0.0100020755107,0.0100016413486,0.0100015367819,0.0201541947749,0.0790784526686,0.0633221462522,0.0313187667995,0.0445071811626,0.0142423106282,0.0100298699586,0.0100061908869,0.0100013322081,0.0100019100755,15.6030323722,184.921097771,1.79718709067,24.0152623629,65.9930821011,15.4127697377,2.36367999622,1.34641662758,4.4434299477,6.49443770759,4.48753284791,2.41867396676,1.69299173884,1.68892735325,2.05577171246,3.94671391307,7.18438111631,7.1544402647,2.8386994506,0,31.1646782166,3.15519467716,34.8840127744,1.01181934376,4.05781695405,8.18546634792,20.7887877667,0.846775112751,0,0,15.995838729,2.88783411492,0,0.286462202874,2.37234059582,1.54585096264,2.22044523975,1.61709497084,1.89757286334,1.86323423871,0.361774751776,4.77571490664,3.39120331133,0.970983251543,1.80026086201,0.251656245376,0.392728825158,0.443815800243,1.95331475991,1.16656208008
sobol__0000268,4.75576851,48.04887784,45.43458568,32.23651502,73.88583519,10.74449176,10.68953524,1,usable,Converged with independently replayed constrained generalized-force equilibrium and small reserve torques,320.890184,0.115603233977,5.15835978376e-08,2.55795384874e-13,1.51340622555e-05,22,0,0.0100168411913,0.262996183337,0.0352550269889,0.0379822254903,0.104528862883,0.0484589132253,0.0100253418244,0.0100109164496,0.0100063714471,0.0100020679325,0.0100022927041,0.0100080589722,0.0100106402199,0.0100070810089,0.0100052717179,0.0164990069326,0.028464265216,0.0266993634378,0.0100452383088,0.0100452383088,0.0100054072159,0.010007734311,0.0100122513805,0.0100063023313,0.0100240149496,0.0402510516095,0.0570451553402,0.0100015893857,0.0100027456944,0.0100044599365,0.114702705151,0.0254318796184,0.0100085688863,0.0100042025857,0.0100033318324,0.0100051290079,0.0100049645712,0.010006142474,0.0100051620526,0.0100051510888,0.0131790379517,0.0584797212095,0.0430340287852,0.0225129526532,0.0250152206902,0.0146870235732,0.010087231882,0.0100201518051,0.0100057689009,0.0100081193342,7.71524232296,260.711231672,6.85749797266,18.9164929609,86.9032633677,56.4522887206,2.7006067151,1.33793238297,4.40213242246,6.27644066311,4.28903569984,2.25603784388,1.62889549417,1.68475424923,2.07797665035,8.71097608722,18.297350241,16.0962809092,0,0,1.70509613586,0.782822266056,11.7881201744,2.57292777623,2.91558843968,8.10564120447,10.9525377419,4.07952421599,4.48452033669,1.0104053373,63.4874530376,5.06834978599,0.739195232638,1.69465864233,2.56655371519,1.62571029453,2.36378344469,1.72273986782,2.03515821573,1.97131374983,0.354357578768,5.9577148793,3.56252230305,1.04495787242,1.5785401225,0.536859276766,0.554183488924,0.454409091032,1.94853715769,1.16660671387
sobol__0000272,-45.86923149,11.48637784,31.37208568,3.79901502,-31.11416481,-5.66175824,-53.06046476,1,usable,Converged with independently replayed constrained generalized-force equilibrium and small reserve torques,461.170256,0.0695014350055,7.61259744131e-08,2.62900812231e-13,9.03898070786e-06,10,0,0.0568709233722,0.0536966017827,0.0100119920289,0.0253757664556,0.0100051501903,0.0803451620196,0.0100123968264,0.0100259008142,0.0123512599021,0.0209133217617,0.0100399481873,0.0100388924449,0.0100360749777,0.0100399627808,0.0100691130217,0.111116962153,0.136471893224,0.101853335752,0.0100452373784,0.0343584508131,0.0100451934981,0.0100137730504,0.0100026368408,0.0100085055042,0.0100452373784,0.075318622786,0.0102948048134,0.0100044252643,0.0100030587736,0.0100151047545,0.0100068724886,0.0100167207665,0.0100172984575,0.0100075848971,0.0100069926091,0.0100113576785,0.0100078905913,0.0100100041402,0.0100081407855,0.010010937041,0.0125739095764,0.0364950521875,0.0384874873299,0.0195680249135,0.0237579742448,0.0160293869231,0.0100523367155,0.0100357001699,0.0100113254325,0.0100138324449,36.6958446871,58.5705516514,1.9359573061,12.1099675153,8.62196184401,99.7049754723,2.64086074262,1.22427028781,5.29073756128,12.4437163056,2.58585402993,1.87233100269,0.888495588868,1.53406476359,1.91552519587,85.6851243672,64.0285652436,35.6638857798,0,12.7879547402,2.35743765975,2.22417699195,11.6000674459,2.35506191865,0,18.0304504822,1.98540085389,2.22253341606,3.05471791108,0.35034526504,2.71250032859,2.8157493139,0.430363029792,1.29380033123,2.19194000002,1.30405443513,2.00819703853,1.54373411936,2.1244262249,1.73877465983,0.495410349284,3.68124831938,3.38931638021,0.854739278486,1.71406923995,0.741150435165,0.874075928886,0.461215972339,0.908620207435,1.11571276496
sobol__0000276,21.63076851,60.23637784,-24.87791432,117.54901502,-51.11416481,-1.28675824,-8.06046476,1,usable,Converged with independently replayed constrained generalized-force equilibrium and small reserve torques,287.973339,0.0952615422671,3.24977769139e-08,6.53699316899e-13,8.04520714967e-06,20,0,0.0812602984802,0.226908621705,0.0103416598347,0.0865768695046,0.11355669428,0.0134214663759,0.0100378386951,0.0100100089005,0.0100147112797,0.0100022282341,0.0100020143081,0.0100070538456,0.0100066287794,0.0100064025269,0.0100061482452,0.010014785035,0.010033910605,0.0100339221641,0.010041754485,0.0460935146284,0.0619335992235,0.0100063017915,0.0100951603783,0.0100081648081,0.0137196165503,0.0684101696677,0.0230046199636,0.0100027514818,0.0100041699497,0.0100072561073,0.0100051004067,0.0100160308277,0.010015377085,0.0100070301574,0.0100048803099,0.0100076326392,0.0100067551363,0.0100085765179,0.0100071128765,0.010007426888,0.0101423269114,0.0321393584743,0.0100452376933,0.0148493897838,0.013753391424,0.0126286909387,0.01092870761,0.0100305302821,0.0100083316444,0.0100142155576,81.2469350436,205.218977261,2.00897904026,38.6279546107,116.459345014,17.4695377872,2.56671982735,1.42978766862,4.44396562701,6.47796574589,4.59736892255,2.60635373373,2.68368799603,1.76978478948,2.08120018351,1.51215247028,7.19819296981,7.18841836303,2.84382235506,16.4188609633,20.9709522891,3.06869178375,9.28504280293,1.34105109113,3.25006204399,17.2727858676,3.74762886583,3.8203925708,3.24742366058,0.937197382533,5.48403653097,2.60416350129,0.573518617583,1.5975708411,2.5793426977,1.56134363282,2.35871661208,1.72801346215,2.12083996955,1.96331110882,0.288675828004,3.44945557014,0,0.724613883047,0.804261827075,0.57308944679,0.875226734233,0.461387160145,1.7878839239,1.16860075641
sobol__0000280,-34.61923149,35.86137784,3.24708568,60.67401502,58.88583519,0.90074176,-0.56046476,1,usable,Converged with independently replayed constrained generalized-force equilibrium and small reserve torques,308.236495,0.0621773023738,4.37948415311e-08,3.8369307731e-13,1.30459602533e-05,19,0,0.0100083183104,0.168874419356,0.0500960239155,0.0405277344818,0.0477792828086,0.0100216683946,0.0100503826149,0.0100330258547,0.0100054809437,0.0100022850157,0.0100026666237,0.0100354100199,0.0100409390543,0.0100159166892,0.0100071660067,0.0100858517999,0.0100089298985,0.0100090912379,0.0100313462612,0.0100452378576,0.0100338272664,0.0100118807646,0.0559157804359,0.0362865932503,0.0308740033965,0.065126740787,0.0873956525374,0.01000191144,0.0100049280527,0.0100052706457,0.0318250787329,0.010079794872,0.0100123458508,0.0100061113053,0.0100033547972,0.0100049956229,0.0100053932142,0.0100065458346,0.0100052468338,0.0100047830917,0.013259810029,0.0608640578313,0.0100452378576,0.0214824391625,0.0280495095919,0.0170347094109,0.0101206678421,0.010016125547,0.0100048364566,0.0100064221104,3.66931964331,173.840735208,8.85943238828,20.2307329465,49.3565527074,12.4459609277,2.63203753999,1.26113796187,4.44088360975,6.37400785234,4.37809880378,1.96373022032,1.0342250999,1.62285888219,2.07679884354,6.56894292181,6.79006214414,6.64026945616,1.31303009082,0,2.24398341581,1.61908573867,64.9781315896,10.0132138531,10.4124539776,16.1514933158,14.9696465434,4.05060488992,4.53069041803,1.00460713047,16.9608517907,2.39029873581,0.726481958855,1.67459177322,2.58769027548,1.62572829773,2.36913921802,1.72994258859,2.06458376214,1.97378159189,0.339308983324,6.17228054281,0,1.03806741495,1.6188371655,0.713111185281,0.675100324472,0.460715019345,1.90880018325,1.16769159412
sobol__0000284,-12.11923149,19.61137784,59.49708568,76.92401502,38.88583519,5.27574176,-45.56046476,1,usable,Converged with independently replayed constrained generalized-force equilibrium and small reserve torques,423.909406,0.020918485748,1.94482616678e-08,2.2008552088e-13,6.50248614498e-06,1,0,0.0214129539222,0.0225650668368,0.0100509100429,0.0101246891211,0.0286442418488,0.0174956847935,0.0100453079069,0.0100369831491,0.0100832833195,0.010247980207,0.011080857983,0.0100335841744,0.0100442508983,0.0100411009781,0.0100561621145,0.0100185660179,0.0100135846673,0.0100138124875,0.0100362436051,0.0100601007586,0.0111436095553,0.0125115394836,0.058972787769,0.038138579174,0.0495703186025,0.0457012528219,0.0295890795355,0.0100061736338,0.0100126898765,0.0100159071017,0.0440872027956,0.0108556287416,0.010030747173,0.0100178098048,0.010011154359,0.0100165325377,0.0100170470583,0.0100194652203,0.0100153810572,0.0100153331848,0.0117878334857,0.0354332268524,0.030440665337,0.0135843893373,0.0183353141017,0.011726103359,0.0101360250091,0.0100390282772,0.0100167102636,0.0100189389701,14.3383956462,24.0992159637,1.97208803231,5.05051080746,19.6153654514,21.1543102147,2.70462512021,1.25005366556,4.35933124841,6.21756014791,3.74835865462,1.81146411421,0.892659290053,1.54158420426,1.95593917649,4.06520224939,6.95607420891,6.80815310502,2.45821300398,0,5.39914224274,3.68369524187,66.5631046338,10.0503283331,15.5891485781,11.2143084832,5.70660682644,4.07122971102,4.73467793117,0.927945977783,23.2383480495,2.82474215674,0.754416671255,1.71476755929,2.45504703953,1.44976257563,2.26718278036,1.6927805081,2.12713890301,1.87910769059,0.45278402697,3.77337374136,2.8420901386,0.638529806583,1.32556331958,0.551592240692,0.835820120959,0.454920661882,1.0431516062,1.08232243843
sobol__0000288,-59.93173149,21.64262784,-8.47166432,18.01776502,-58.61416481,-8.39613324,-24.93546476,1,usable,Converged with independently replayed constrained generalized-force equilibrium and small reserve torques,363.537524,0.315122034497,1.81898993645e-07,3.14415160574e-13,4.09952749412e-05,16,0,0.0100085723783,0.117042834953,0.0373197954355,0.0297454157623,0.0147115060383,0.0233171427117,0.0100431626516,0.0100875434681,0.0100069119928,0.0100031379535,0.0100046203786,0.0103158545184,0.0100958407262,0.0100373760224,0.010010615499,0.0751640231341,0.0228791059285,0.0187210504252,0.0100452380489,0.177891190277,0.0798522404286,0.0510919037443,0.0100142721083,0.0100076834706,0.0100452380489,0.420612300327,0.0100007593141,0.224475560884,0.0100004262235,0.0100282902553,0.0100033109174,0.0100061824058,0.0100069226093,0.0100035280006,0.029571940149,0.0536707698956,0.0100032304493,0.0100068549343,0.0100568443083,0.0893187409741,0.0100104864213,0.0100030375481,0.0242754540286,0.0415865119818,0.0100045784622,0.0228226910793,0.010012225575,0.0413276973512,0.0100067252572,0.0687111134911,3.84910684165,125.982553405,6.71958475926,14.8417174833,15.8135454395,29.9644818849,2.52324525334,1.19024211538,4.42125395671,6.19341450701,3.38637702553,1.95611603787,0.878661670085,1.55565005985,1.97724761908,57.986314772,13.5008510609,9.02828278878,0,62.4033191155,18.3177985186,11.3226816587,11.7755084494,2.44209504584,0,104.867309471,1.90987039104,69.4324149033,4.00562359416,0.629979160854,2.18973675137,2.51287386855,0.57699789803,1.52419335461,7.20697509916,7.74130071082,2.20820155681,1.6713798157,2.13598390833,16.896230812,0.359732723434,1.08350218218,2.27520000849,1.95282185189,0.717833270125,1.07946320431,0.854209913658,1.90100948465,1.44080189577,8.01598864676
sobol__0000292,7.56826851,37.89262784,85.27833568,99.26776502,-38.61416481,-4.02113324,-39.93546476,1,usable,Converged with independently replayed constrained generalized-force equilibrium and small reserve torques,344.274145,0.0242174722726,3.58642404663e-08,4.76063632959e-13,2.84263114813e-06,9,0,0.010002931756,0.0873092857263,0.0489613655565,0.0100056024256,0.010020643418,0.0345720579587,0.0100452377366,0.0100767256053,0.0100057077391,0.0100025059301,0.0100033326775,0.010144085991,0.0100816076237,0.0100216723688,0.0100072171988,0.0100660072183,0.0100093505252,0.0100094912161,0.0100248958127,0.0191485416248,0.0148315739855,0.0100151190477,0.0696971950415,0.0263098789029,0.0470761695198,0.0212960916303,0.0100127946055,0.0129580585341,0.0100079661775,0.0100443679519,0.0100219735171,0.0100241240381,0.0100371882131,0.0100298518044,0.0100311906187,0.0100411791962,0.0100221530944,0.0100280787855,0.0100306219236,0.0100474851702,0.0100391917342,0.0100276856629,0.0100486937365,0.0100548772576,0.0100333464469,0.0100519822259,0.0100431953267,0.0100601123925,0.0100358175629,0.010075428063,7.28036695577,89.9554602119,9.75788928658,4.99311812181,5.93245552576,41.6259464514,0,1.31631951458,4.39665703394,6.24017854752,4.1795427347,2.0104104247,1.28290891201,1.64251174259,2.02417532032,1.90280015102,7.15702984297,7.02360533494,2.7188922567,7.00474117412,7.14050980731,3.12713780931,74.7041011418,6.40355031256,11.7398146539,5.12303244503,1.78461105654,5.28161060542,4.63574069327,1.01438873279,5.58236152319,2.73553714832,0.728254826368,1.70336158808,2.32065165332,1.37101079021,2.13040213161,1.62061554278,2.13038137531,1.81217781027,0.356009859143,1.09317293793,0.946174690413,0.473297774767,0.695603271781,0.474919651612,0.871503284267,0.462591223588,1.16665639424,1.16044779495
sobol__0000296,-26.18173149,62.26762784,38.40333568,42.39276502,31.38583519,2.54136676,-32.43546476,1,usable,Converged with independently replayed constrained generalized-force equilibrium and small reserve torques,339.922104,0.159079488373,1.18079510614e-08,3.6675558145e-13,2.50416341888e-05,18,0,0.0100105697235,0.35358698906,0.0831630787285,0.0100442436055,0.0568957264792,0.0364593035557,0.0100452376886,0.0100094786591,0.0100039545967,0.0100012859089,0.0100013661452,0.0100084186256,0.0100089929943,0.0100051475255,0.0100038047201,0.0647996747545,0.0201948132789,0.0196114913576,0.0100452383052,0.0100452376886,0.0416268597415,0.010086814531,0.0100150666912,0.0336576814272,0.0100452376886,0.0830028209946,0.0536408537022,0.0100055972026,0.010005293156,0.0100142936727,0.0100013066462,0.0100033523995,0.0100258529004,0.0100139758573,0.0100055570343,0.0100079772272,0.010008109232,0.0100099417019,0.010007422783,0.0100072302616,0.0100828975916,0.0209665786599,0.0191057772224,0.0102287925668,0.0194499209373,0.0115294582831,0.014637371105,0.0100316435834,0.0100111136125,0.0100155441938,3.45047853464,327.36688989,14.4258510538,4.53197061497,40.7687629552,41.8939124115,0,1.29957054666,4.44082647293,6.56974463702,4.69956350807,2.03339317928,1.46946352924,1.69550697199,1.80889100972,38.6220132655,13.2790994205,12.5204963006,8.32855319122e-05,0,6.67316881921,0.561645359708,11.7902545972,9.25559219576,0,20.8434338152,10.3471130998,3.79677149424,4.8002693407,0.831728034681,5.57252295946,2.64967701479,0.75222616544,1.71378712907,2.56228021371,1.53700596619,2.33471321368,1.72168222752,2.12394095128,1.9491101949,0.365372420506,2.26756062423,1.80177783401,0.48838561927,1.40240211741,0.545332896681,1.16670819436,0.460147740559,1.30208967172,1.1475139936
sobol__0000300,-3.68173149,13.51762784,-55.34666432,91.14276502,51.38583519,6.91636676,-17.43546476,1,usable,Converged with independently replayed constrained generalized-force equilibrium and small reserve torques,469.365682,0.0548246279774,2.000956556e-08,3.39659786973e-13,8.22361185182e-06,18,0,0.0643816665333,0.153169109975,0.0100121506731,0.0228492529347,0.0710872625341,0.0100220775336,0.0100386314923,0.0100096483128,0.0100147122255,0.0100045820239,0.0100048989889,0.0100079013727,0.0100095216301,0.0100081301503,0.0100185498711,0.0100039274682,0.0100118348619,0.0100120174652,0.0100287358699,0.0100452391536,0.0381404446449,0.0100073196583,0.0509857948075,0.0102731622851,0.0455898234537,0.0525841259521,0.0342130028707,0.0100035004865,0.0100049394928,0.0100086439137,0.0642729738325,0.0187085849544,0.0100175632939,0.0100094878581,0.0100065590522,0.0100098203372,0.0100089049899,0.010011010526,0.0100093057324,0.0100096301714,0.0105398615523,0.0404933429389,0.0360710939058,0.0173138238607,0.0158934050764,0.0131391199258,0.0101454281526,0.0100299740277,0.0100092269627,0.0100143260692,32.5857798668,164.378245495,1.89086112557,10.8508574933,68.8532219773,11.9483518321,1.85783840773,1.3555956161,4.44541548621,6.26034229729,3.46641704918,2.46165502326,1.75716294121,1.67561775474,1.93215483191,4.38055689012,7.09185777037,6.94625731103,2.64486010226,0,19.7546111769,3.13767249556,55.7939820746,2.57531055718,14.3062739862,13.2718418723,6.41850329545,3.98493292638,4.31148269508,0.994526962248,32.015258557,4.68146719728,0.695901705291,1.64140901812,2.58929542114,1.61453568746,2.36915037219,1.73073167502,2.10080366221,1.9737814129,0.32991917361,4.42065238815,3.38084321417,0.844908935349,1.02470459965,0.61587879838,0.719465520751,0.457860962662,1.5483734609,1.15529375668
sobol__0000304,-43.05673149,41.95512784,-31.90916432,70.83026502,-13.61416481,23.32261676,31.31453524,1,usable,Converged with independently replayed constrained generalized-force equilibrium and small reserve torques,332.43105,0.322543091925,1.55456902462e-07,6.03961325396e-13,8.97981680429e-05,18,0,0.0100095371634,0.23391152155,0.0574025751873,0.0785531624883,0.0511976327567,0.0100054703953,0.0100409495191,0.0100326095094,0.0100042598872,0.0100015159731,0.0100016120471,0.010038278892,0.0100361097484,0.0100104925038,0.0100049624024,0.0506403600588,0.0100108810935,0.0100110619183,0.0100290941219,0.0324208185352,0.0688209154275,0.0100096992483,0.0518953531388,0.0245868681604,0.0100005213135,0.0100016337449,0.372041773676,0.0100011330198,0.217930326153,0.0100030641662,0.0100106089568,0.0100167201117,0.0280460468771,0.0671300495953,0.010003325997,0.0100035869996,0.108443743766,0.0483720504759,0.0102459044238,0.0100032457348,0.0502745683808,0.12276693066,0.080632974345,0.0107620532904,0.107418556306,0.010016155003,0.0100035901277,0.0100020044005,0.010000563725,0.0100006701906,2.06341194831,236.776211054,6.51734404777,37.4069590447,54.9923668256,13.0125964543,2.5209889364,1.27765063585,4.43698573809,6.56366060529,4.60509507663,2.06841036837,1.17589589767,1.65999371667,2.08106385303,34.930541072,6.8948206514,6.74677853129,2.12188066189,12.3066317477,30.2486050853,2.42979225578,59.2707440457,6.61699104423,3.36835744194,1.93258039015,71.0698023188,3.81978232166,14.392766275,0.911788321163,5.57610207467,2.85172580281,1.22214721163,10.3742888066,2.53291024848,1.62482818052,25.2066455636,8.19759108572,2.05799932988,1.96605506519,1.21774278319,10.6077654511,5.80474035649,0.427264624232,6.01667346875,0.283687922183,0.463188459022,0.391791545388,1.97296270811,1.12936906393
sobol__0000308,24.44326851,25.70512784,24.34083568,54.58026502,-73.61416481,18.94761676,16.31453524,1,usable,Converged with independently replayed constrained generalized-force equilibrium and small reserve torques,282.893542,0.0509485778309,3.879343069e-08,5.11590769747e-13,8.83109775829e-06,7,0,0.0517392331652,0.140261733372,0.0100660483279,0.0468759596601,0.0947446575569,0.0100188224242,0.0100669484473,0.0100137053734,0.0100107684128,0.0100039649623,0.0100074183623,0.0100111453947,0.0100142650984,0.0100111086138,0.0100133877772,0.0100080100162,0.0100125416107,0.0100127532572,0.0100385913357,0.050611086986,0.0966074158912,0.0131739197315,0.0317783868192,0.0100086634585,0.010162343358,0.0105731598415,0.0100151203785,0.0100084104668,0.0100068006566,0.0100188288355,0.0100087186343,0.0100187361147,0.010023039354,0.010014046179,0.0100147500977,0.010021350939,0.0100163149106,0.0100197468104,0.0100183690345,0.0100235247309,0.010041463396,0.0100396930991,0.0100434789025,0.0100486998788,0.0100367739138,0.0100537633542,0.0100801748389,0.0100820526287,0.0122766923884,0.0126880980556,49.5713809449,145.925449105,2.00873359715,23.3789074019,93.0254569884,12.3507061611,2.70134315145,1.3417811422,4.28787031561,5.96475342745,2.42778927218,2.29253754644,1.58732183141,1.66582292942,1.92913152051,4.70760501699,6.7267395699,6.57265021279,0.797797137669,17.1354441017,50.4011512171,4.16704686772,37.2318951538,2.75676761899,3.19660020742,2.35568116929,1.92866228355,4.0824085904,4.03035390883,1.0117044565,3.19301635997,2.36437177352,0.717471606752,1.67465495027,2.59170511353,1.62400399799,2.37159586841,1.73213318645,2.07946865934,1.97744476612,0.275882510231,1.01038103457,0.82955129073,0.457013412435,0.629840521912,0.352316715277,0.592779279722,0.418116966577,2.29158406392,1.43481323213
sobol__0000312,-31.80673149,1.33012784,71.21583568,127.70526502,76.38583519,12.38511676,23.81453524,0,solver_failed,The static optimization solver did not converge,341.332917,0.655216632052,2.24010767269e-07,,,0,0,,,,,,,,,,,,,,,,,,,,,,,,,,,,,,,,,,,,,,,,,,,,,,,,,,,,,,,,,,,,,,,,,,,,,,,,,,,,,,,,,,,,,,,,,,,,,,,,,,,,
sobol__0000316,-9.30673149,50.08012784,14.96583568,13.95526502,16.38583519,8.01011676,38.81453524,1,usable,Converged with independently replayed constrained generalized-force equilibrium and small reserve torques,354.673885,0.141105899697,4.39478284875e-08,4.97379915032e-13,3.20565552958e-05,21,0,0.0100045161349,0.316824567611,0.0676196011593,0.0363375221195,0.0305415362045,0.0350224170066,0.0100197485436,0.0100155987696,0.0100041002912,0.0100013672381,0.0100014550587,0.0100137277479,0.0100167848981,0.0100074187718,0.0100038655583,0.0271238023595,0.0100740514937,0.010065517308,0.0100452377631,0.0100452377631,0.0570113242693,0.010073693652,0.0100325809425,0.0166654996561,0.0430344263452,0.0645940369943,0.119265222665,0.010001395422,0.0100030639911,0.0100041486894,0.0100011823825,0.0100025260391,0.0100081335001,0.010003605339,0.0100018864905,0.0100027129838,0.0100029092046,0.0100035914691,0.0100027684602,0.010002565854,0.0105474219815,0.047064478234,0.0328518012965,0.0141326856252,0.0335352587238,0.0108658527813,0.0101339644932,0.010011808613,0.0100032751437,0.010004173353,5.86857178776,309.558454673,12.575938251,17.9095445688,30.3833395516,42.3076102988,2.69128676517,1.33559004178,4.44008071289,6.42812937197,4.50465525233,2.28145155754,1.61214915852,1.69241637404,2.08090118431,19.466319838,5.6226547352,4.46515442323,0,0,9.38493830458,0.781209465591,11.7768240815,4.03319549199,10.777596824,10.3863870567,22.9170935328,3.98344534198,3.70429434195,0.942208250283,4.81648270817,2.74131841872,0.68183863807,1.61209987221,2.44194364642,1.58220271576,2.27908328989,1.65878966622,1.95700842732,1.90441831151,0.252750432937,4.19556469376,2.42084773745,0.586486658419,1.91691384432,0.275536301399,0.502671417446,0.460003496389,1.99630147278,1.16458389765
sobol__0000320,-52.90048149,4.37700284,-30.73728932,61.68964002,20.13583519,10.47105426,-38.99796476,1,usable,Converged with independently replayed constrained generalized-force equilibrium and small reserve torques,410.003332,0.0408613287666,6.78825236022e-08,1.13686837722e-13,1.06788228687e-05,11,0,0.0689362221722,0.0546214263078,0.010013318095,0.0104973301688,0.044575437719,0.0100087047938,0.0100440007126,0.0100144754686,0.0100500593306,0.0224318835116,0.0115448738774,0.0100124601778,0.0100153508441,0.0100172516012,0.0100738799383,0.0100036604471,0.0100079228821,0.0100080694618,0.0100292533896,0.0100452378569,0.0382120221452,0.0113590962285,0.065994716066,0.0521725536402,0.0100452378569,0.109556549444,0.0100031210488,0.0104899885521,0.0100013328945,0.010023608025,0.0539376264968,0.0129862717257,0.0100128527257,0.0100075269039,0.0100099191751,0.0100206316146,0.0100057445369,0.0100085158528,0.010009336211,0.0100229564838,0.0100310303684,0.0100236415842,0.0142782587298,0.0168961855976,0.0100156825761,0.0101309811343,0.0210029770731,0.0229508800057,0.010034094266,0.044294581002,45.6668651824,59.8537827824,1.91712712668,5.23990989988,46.4778853995,13.0602889748,2.39529830028,1.32536840319,4.405038029,13.4816275696,2.25599680089,2.32148070806,1.46814709912,1.64265221811,1.88024365938,6.05838066362,6.80006180343,6.65066050619,1.39733140219,0,13.7607550751,3.42129486182,76.5702735596,14.3440730114,0,27.2689823449,1.92763426304,4.14950572082,4.69540082866,0.876321606967,30.0027339036,3.52916595499,0.753909316185,1.71323717204,2.49090478019,1.46099257931,2.31981726536,1.71281315841,2.12568910882,1.88578637048,0.385678190022,1.06633027891,1.33964416876,0.803428151168,0.725018836042,0.478886976042,1.69736646021,1.00908667927,1.12494482146,4.67123208657
sobol__0000324,14.59951851,53.12700284,25.51271068,77.93964002,40.13583519,14.84605426,-23.99796476,1,usable,Converged with independently replayed constrained generalized-force equilibrium and small reserve torques,305.398559,0.0995886334111,2.37879298481e-08,6.97766828025e-13,7.04318998957e-06,15,0,0.0505942397776,0.232626222001,0.0158942486556,0.0769979974328,0.142460984593,0.0100081608655,0.0100578643404,0.0100097677899,0.0100095423774,0.0100024218215,0.0100023839551,0.0100068631273,0.0100075650733,0.0100065567826,0.0100065418602,0.0100117200307,0.0100151178278,0.0100153351307,0.0100327074085,0.0100452382325,0.0100913803278,0.0100070755723,0.0344626703849,0.0235658294056,0.0416177795369,0.0546151050992,0.049613773421,0.0100038842417,0.0100067808778,0.0100095493568,0.0213038501502,0.0100771542628,0.0100205542086,0.0100113607524,0.0100069313073,0.0100101773457,0.0100103691672,0.010012409564,0.0100100262952,0.0100097090793,0.0111277678907,0.040184650012,0.0342920065993,0.015503520188,0.0201132948799,0.0137760053374,0.0101561185778,0.0100292041206,0.0100102341976,0.0100146251042,47.5011871793,223.766273628,3.12112061604,36.8029561521,143.856515503,11.9771245735,2.70929967428,1.37584241256,4.38256513315,6.26425499782,4.31028026492,2.4738549276,2.08647878494,1.71873797453,2.07726392822,3.13282778615,6.96704330666,6.81912128723,2.48435215302,0,4.75361693087,2.27886524067,38.818375457,6.19073816842,13.6243512373,13.7897117388,9.5703399545,4.08040543927,4.37991994045,1.01092489169,11.1845517175,2.61401044635,0.718915333894,1.67477105162,2.5850171827,1.57692147959,2.36840224989,1.73058725921,2.11319514472,1.96468775483,0.392288946754,4.38591907794,3.2369953211,0.756396705936,1.43703662792,0.651354309872,0.719087879956,0.426968368902,1.32803560845,1.05633280498
sobol__0000328,-19.15048149,45.00200284,53.63771068,4.81464002,-49.86416481,17.03355426,-16.49796476,1,usable,Converged with independently replayed constrained generalized-force equilibrium and small reserve torques,363.281995,0.193438375979,6.1619923386e-08,3.52863824536e-13,2.10859977187e-05,22,0,0.0100017563746,0.290965089367,0.0549605851181,0.0100013321441,0.0100006140807,0.0100054656538,0.0100452379915,0.0423789114665,0.0100025757117,0.0100008090453,0.0100009141251,0.0951114902995,0.0256217448447,0.0100128821829,0.0100029570909,0.0482081303246,0.220125855463,0.165374827645,0.0100452379915,0.0572387708016,0.0100238007684,0.0100037275298,0.0100017058225,0.0100054404073,0.0359417965941,0.0332010524688,0.0403206981081,0.0100028236749,0.0100019498465,0.0100089249464,0.0100055896868,0.0100136756398,0.0100108111225,0.0100050629455,0.0100055320341,0.0100089354766,0.0100071031131,0.0100090227541,0.0100074876472,0.0100085964933,0.0141017810332,0.04879377207,0.0420908103354,0.0209148666269,0.0232103287186,0.0133282130837,0.0148339855088,0.0100529010827,0.0100147072828,0.0100366626583,4.48408064371,294.239967229,10.2253542183,4.77659030131,6.80348839383,11.7320005116,0,5.38650742652,4.43783074056,6.4040394084,4.48118553842,17.9107855342,2.87388802871,1.64446562557,2.08074198102,35.6011652397,105.210795184,59.3818666505,0,20.441281545,2.27309177233,1.11974714034,11.6211319082,2.35240910524,10.9325483192,8.30028152191,7.46489665836,2.70281555092,4.78728186042,0.624564795392,2.04781120814,2.6190783753,0.68402745232,1.64721813772,2.52657012663,1.47053322857,2.35965973028,1.7265395357,2.12454789782,1.90095560622,0.554254918003,5.11632940833,3.95208451377,1.0016298447,1.68001654317,0.627670219631,1.1030926551,0.419308145361,1.41493436638,1.05450219085
sobol__0000332,3.34951851,28.75200284,-2.61228932,118.56464002,-29.86416481,21.40855426,-31.49796476,1,usable,Converged with independently replayed constrained generalized-force equilibrium and small reserve torques,304.146179,0.0472609104703,7.33244966966e-08,3.90798504668e-13,4.4078593269e-06,7,0,0.0469027775507,0.13861062658,0.0100351361047,0.0529754568012,0.0671113607878,0.0100342204467,0.0100320663309,0.0100141322291,0.0100129647714,0.0100042559254,0.0100050908788,0.0100115304609,0.0100149458225,0.0100112032165,0.0100134906549,0.0100086644324,0.0100096486197,0.0100096560834,0.0100234587899,0.0100292581256,0.0683911305988,0.0100219066135,0.0572467844147,0.0216526975157,0.0631353639981,0.016096335051,0.0100081994308,0.0268502184854,0.0100098157267,0.0101675626694,0.0291803099822,0.0100623234511,0.0100349453511,0.0100274841567,0.0100342264925,0.0100485128372,0.0100167999761,0.0100224212102,0.0100249775387,0.0100501757646,0.0100315171159,0.0100228845829,0.0100329124091,0.0100518361696,0.0100223263586,0.0100418406007,0.0102567945172,0.0103070388237,0.0109029889461,0.0211267140796,34.7962544022,142.97565818,1.92818421736,26.0256951942,72.1749215068,12.7550502289,2.60255821534,1.34246396794,4.41505526747,6.18601142329,3.49038148013,2.33381125839,1.58690377629,1.67383764206,1.99016116478,2.90442803488,7.1807862348,7.17376639789,2.8386429817,3.74393114664,32.0374532564,2.91833701943,51.5435469432,1.78632623542,15.1854488629,4.06371309719,1.9086747566,10.7808707777,2.10786276738,1.0136873467,15.4423996945,2.83726573962,0.610085629781,1.61519575691,2.4185769217,1.39257173148,2.33774770108,1.71682397764,2.12917270195,1.81717488113,0.393850386407,1.0616166146,0.945175067415,0.482605089113,0.725597123259,0.474916484328,0.801434770468,0.403145936786,1.20237113169,2.0061563645
sobol__0000336,-47.27548149,57.18950284,-16.67478932,106.37714002,65.13583519,5.00230426,17.25203524,1,usable,Converged with independently replayed constrained generalized-force equilibrium and small reserve torques,343.939629,0.131126573115,1.29951018835e-08,1.10134124043e-12,1.88832553998e-05,22,0,0.0100121658945,0.267588525904,0.0501945183057,0.062000726292,0.0568224290432,0.0100024063312,0.0100620622111,0.0100235113074,0.0100036274658,0.0100012403618,0.0100013100847,0.0100282558893,0.0100204359364,0.0100071308606,0.0100045419965,0.0781586046778,0.0100076986164,0.0100077772334,0.010021546333,0.0100452376859,0.0100055751596,0.0100042119645,0.0877414978031,0.0148250625628,0.0232009201526,0.0666977182115,0.110465916621,0.0100013359468,0.0100092928606,0.0100045380125,0.0534430876114,0.0150309413246,0.010015447432,0.0100037615047,0.0100019693162,0.0100029388172,0.0100030909531,0.0100038044166,0.0100030506942,0.0100028136269,0.0183373539643,0.0798338419396,0.0567508216489,0.0287773446419,0.035718649553,0.0197022881786,0.0100689001704,0.0100106611454,0.0100029963778,0.0100038018796,1.46143071881,258.869227718,3.34630777259,30.9260852348,59.5884955926,12.4831277356,2.63560543739,1.25285856802,4.42783474315,6.57179170625,4.76514168602,1.96685932619,1.20529475836,1.68149852967,1.81423397883,43.3328257096,7.17704979205,7.08982516856,2.78476326995,0,4.48839495487,2.37137610433,91.7685140754,2.85701332139,7.18150379528,13.4192980432,16.7632561968,3.57223660443,1.3443457312,0.719322700891,18.5272070095,3.31700277902,0.269648089807,1.49355774393,2.53203070342,1.6227142129,2.35015132711,1.70981477364,2.01542891678,1.95432433423,0.418312862094,6.91813973038,4.09492345779,1.23521832397,1.75084815385,0.676440258817,0.567934757019,0.46033355145,2.00988096126,1.16733619522
sobol__0000340,20.22451851,8.43950284,77.07521068,25.12714002,5.13583519,0.62730426,32.25203524,1,usable,Converged with independently replayed constrained generalized-force equilibrium and small reserve torques,413.626383,0.0329573695084,3.14454311479e-08,9.23705556488e-14,1.10964070814e-05,18,0,0.0100030746189,0.0100023048185,0.0157214549063,0.0100236719845,0.0100049871297,0.010002776598,0.0100651021923,0.0448285389298,0.0100284624063,0.0343359054237,0.0100122613505,0.0446389518891,0.0215204933576,0.0361552817138,0.0234826656455,0.0318404638059,0.0100082270913,0.010009235348,0.0100651021923,0.0100651021923,0.067639909804,0.0424137746574,0.0649496892073,0.032328046476,0.029237463404,0.0415522745149,0.0607679643846,0.0100033430209,0.0100068738343,0.0100090559268,0.0272102647563,0.0100842665028,0.0100162426982,0.0100079457943,0.0100044137645,0.0100064428454,0.0100064583879,0.0100079445811,0.0100064436752,0.0100060705144,0.0102507746612,0.0357638832725,0.0268449380724,0.0131054357172,0.0185806315683,0.0103532706279,0.0100832735828,0.010023672181,0.0100079175204,0.0100092508385,8.25831976381,10.8664311288,3.16555504109,4.99592893408,5.99593939726,12.3098179296,0,5.61145446777,4.26543373318,20.2943966606,2.98533413546,8.01344341483,1.91340899905,5.47299104598,4.35847334105,18.3406110629,6.2681993198,5.4867173066,0,0,25.6526219141,9.93925475146,76.4579003103,8.2653738118,8.5894389337,8.08269200406,11.1296886955,3.9644114061,4.29256831208,0.947939296302,13.1435137239,2.8316816757,0.692724172221,1.62510858615,2.47581624692,1.59974748177,2.31298373325,1.68168321285,1.98341857325,1.92324748546,0.228309165034,3.12302889795,1.9866493423,0.56332380857,1.00606601333,0.305498357877,0.592749729696,0.461062694548,1.99489302676,1.14753850605
sobol__0000344,-36.02548149,16.56450284,48.95021068,82.00214002,-4.86416481,-1.56019574,39.75203524,1,usable,Converged with independently replayed constrained generalized-force equilibrium and small reserve torques,362.1377,0.0186809399009,2.39684279091e-08,7.58311897825e-14,1.16695701172e-05,15,0,0.0100069877935,0.0100032501618,0.0130688133528,0.0100091998211,0.0100062204965,0.0100062424682,0.0155887137095,0.022673923879,0.0153830617494,0.0104060211948,0.0100205558381,0.0227127141816,0.0105925741027,0.0130903414457,0.0101809856606,0.0260132321416,0.0100125027914,0.0100126969417,0.0100298881213,0.0100352962351,0.0395399578878,0.033636091174,0.0460957375073,0.0375214471801,0.0244263278019,0.0325823555328,0.0551030302802,0.0100026648213,0.0100143420041,0.010011544327,0.0190531117431,0.0100533165111,0.0100276633084,0.0100059181936,0.010002822395,0.0100041027671,0.0100041714521,0.0100051090868,0.0100041052763,0.0100038259718,0.0101153581473,0.0286646435489,0.0229546852662,0.0114278196924,0.015851010799,0.0101444509144,0.0100463439568,0.0100146953212,0.0100055414732,0.0100057461832,5.884606847,10.8329245808,2.52146097551,4.82674789725,7.30081387019,12.2200766468,4.16000954669,2.63049541453,6.63566836787,6.29485956506,3.2808254366,3.95487990225,0.805314396801,1.96473356752,1.97173865012,11.9558685981,7.00478072775,6.85710910694,2.55143845675,3.75673809121,20.761469335,10.6553998774,51.4841638497,9.69854337572,8.13565006528,6.54559271204,7.91146471245,3.1643751077,1.16479675215,0.42580419182,10.5648913934,2.86078995349,0.132498899816,1.3332758445,2.44130356882,1.58040927615,2.2888872433,1.66366475111,1.96109423771,1.89946769393,0.164981869915,1.86810745435,1.36235901115,0.416079986162,0.651982146929,0.276662143983,0.589552600587,0.460394471,1.95147208129,1.12723465218
sobol__0000348,-13.52548149,32.81450284,-44.79978932,33.25214002,-64.86416481,-5.93519574,24.75203524,1,usable,Converged with independently replayed constrained generalized-force equilibrium and small reserve torques,332.064798,0.085227342526,8.70136087627e-08,1.91846538655e-13,6.58781331778e-06,17,0,0.0100228389035,0.226849536962,0.0243684721228,0.0777315071858,0.0485857265422,0.0274545884559,0.0100234577779,0.0100146996217,0.0100070166824,0.0100021474162,0.0100021070644,0.0100122980457,0.0100150800833,0.0100091531312,0.0100067568832,0.0100030004045,0.0100047012678,0.0100049488407,0.0100452378345,0.0100488500694,0.095174675326,0.0100154095615,0.0826239778442,0.0339433558023,0.028508167241,0.0320894820097,0.0274627602904,0.0100044173265,0.0100087618665,0.0100103922409,0.0142968106409,0.0100442500957,0.0100178822028,0.01000975985,0.0100050403947,0.0100073387537,0.0100072651713,0.0100088256594,0.0100072706151,0.0100068817021,0.0100725706519,0.0186139318832,0.0144240736267,0.0101361404428,0.010370072231,0.0100981253026,0.0100622799393,0.0100249415848,0.0100113216291,0.0100123702458,4.52793874624,232.269273369,4.4181081005,35.505272915,48.8596829089,35.8443647988,2.40280323713,1.35260056659,4.44163356544,6.47946500091,4.47759997252,2.4392351845,1.75265386664,1.69348017897,2.05512237908,7.07398556277,6.4485303234,6.0894670833,0,3.47877442343,37.9509067529,1.96668738412,97.2789927114,8.72894324023,9.31596086825,7.44237219849,4.4459096346,4.07889055197,4.58605408764,1.00182837575,3.67361936966,2.45482779087,0.734078533493,1.69187187004,2.57102305738,1.62610685361,2.36840649933,1.72702503593,2.04549502522,1.97120482163,0.22241889072,1.67962765993,1.13645576802,0.469739518106,0.550399351818,0.34808579232,0.7208641397,0.459997192837,2.01058281636,1.14029800558
sobol__0000352,-55.71298149,38.90825284,18.48146068,124.65839002,2.63583519,6.64292926,45.37703524,1,usable,Converged with independently replayed constrained generalized-force equilibrium and small reserve torques,390.583993,0.0735720076474,6.35804005e-08,2.1142413599e-13,9.69542362982e-06,19,0,0.0100069608131,0.0981922725483,0.0942862144822,0.0100053245964,0.0100062104646,0.0182636324798,0.0359931847313,0.0275887035212,0.0100073046779,0.0100021261529,0.0100024402671,0.0358740059486,0.0117729238955,0.0100280964254,0.0100060641673,0.0592911567027,0.0100034436949,0.0100034434196,0.0100107093945,0.0101623730912,0.0754967306977,0.0427173884491,0.159677594778,0.0100458572565,0.0338803914337,0.0100423108232,0.0754620832785,0.0100090655732,0.0100452376707,0.0100452376707,0.0493112980492,0.0100320010603,0.0100452376707,0.0100196869376,0.0100029822191,0.0100042139954,0.0100050081065,0.0100058769485,0.0100045464425,0.0100038874375,0.0104072187482,0.0332597279474,0.0242804226304,0.0105806202509,0.0195920619836,0.0100677178358,0.0100247349024,0.0100098798419,0.0100032227789,0.0100036769053,1.99592909997,102.322477322,12.9763423078,4.25531747921,8.675165641,22.2698466057,9.27835937426,2.55107874145,4.44028602299,6.39813803067,4.44677387244,5.80952152814,0.753734681328,1.56375786953,2.08115916029,28.1603603078,7.17499421443,7.17561294023,2.82245812171,3.57925583583,38.117909559,12.974142663,124.106589141,0.00173661309382,9.23940176461,1.53860437339,11.3003493092,0.844375491789,0,0,23.7548418596,2.83087769561,0,0.376181876455,2.41511869219,1.56777938782,2.2598006643,1.64451940808,1.93862608981,1.88705647967,0.198042525466,2.25905230322,1.42773520496,0.373799241475,0.818969882626,0.232157209039,0.497173668521,0.46033350628,1.95652684809,1.1517297211
sobol__0000356,11.78701851,22.65825284,-37.76853932,10.90839002,62.63583519,2.26792926,0.37703524,1,usable,Converged with independently replayed constrained generalized-force equilibrium and small reserve torques,348.721736,0.0724688870067,7.84837457246e-08,3.41060513165e-13,9.40559694468e-06,17,0,0.0538862540064,0.175295096943,0.0100291170489,0.0496683090074,0.0570559797333,0.0189192440892,0.0100272940489,0.0100124126281,0.010010811379,0.0100030899118,0.0100034020904,0.0100100684039,0.0100121065668,0.0100091212581,0.0100115375046,0.0100016790119,0.0100036608333,0.0100045906443,0.0100452384405,0.0100452384405,0.0394542240184,0.0100331988001,0.117927890606,0.0297776989511,0.0389678820707,0.0545686309729,0.069757248843,0.0100031317861,0.010010963016,0.0100072391922,0.0230874556199,0.0100280964396,0.0100162594687,0.0100089125651,0.0100044826579,0.010006513516,0.0100072143846,0.0100086232237,0.0100068988463,0.0100061948071,0.0104797310862,0.0401340120237,0.0281332009093,0.0126567634291,0.0217579948358,0.012453112551,0.0100790938636,0.0100186013753,0.0100061800958,0.0100079118353,38.2032946905,183.79877267,1.91940768802,23.825162431,57.7331810123,24.6832562629,2.40740546895,1.36704513949,4.44246242841,6.24698432904,3.60229842626,2.48395970384,1.87574927595,1.69163551045,1.95634180611,7.43424883685,5.31947961606,4.15023859433,0,0,6.51116241301,1.16061012538,138.12593828,7.04957125132,11.3204287482,12.1172275336,13.4404163859,3.97862536186,4.77611317389,1.00299286167,12.8583106195,2.28088980784,0.754197652256,1.71350320901,2.58754719288,1.62598719739,2.3695501933,1.73022234645,2.06221439063,1.97402239041,0.319907872383,4.38022669267,2.62130434986,0.617611610494,1.48342411323,0.515050352019,0.658464689255,0.460785765362,1.913123123,1.16786575147
sobol__0000360,-21.96298149,14.53325284,9.10646068,67.78339002,-67.36416481,-4.29457074,7.87703524,1,usable,Converged with independently replayed constrained generalized-force equilibrium and small reserve torques,380.689716,0.0210964131261,4.57638593687e-08,7.81597009336e-14,2.89060930832e-06,2,0,0.0264578279742,0.0749790699801,0.0100311900388,0.0304819726271,0.0439206621108,0.0100234856378,0.0100386825646,0.0100193358898,0.010016757881,0.0100099575212,0.010019257725,0.0100183419832,0.010024308557,0.0100206785895,0.0100262875546,0.0100070384473,0.0100112481631,0.0100114340912,0.0100306900983,0.0100473574511,0.0615358973429,0.0137847390679,0.04721380538,0.0315450053497,0.0206383718557,0.0147282064994,0.0110274540425,0.0100105808174,0.0100184691563,0.0100208201764,0.0110266458398,0.0100446403359,0.0100315211486,0.0100213158007,0.0100123093267,0.0100167428726,0.0100165298898,0.0100191840993,0.0100165280642,0.0100160833399,0.0100553210218,0.0103257217249,0.0101375067219,0.0100691777951,0.0100741295742,0.0100636187466,0.010055035698,0.0100356518454,0.0100189266492,0.0100232420468,17.7846293303,80.3283042141,1.92901790009,15.2090460235,45.7172690227,12.6597456868,2.60651688935,1.29728000902,4.34787879653,6.02527612539,2.5171584896,2.08661400304,1.16576831519,1.6042802069,1.92812420629,5.49847338034,6.86486624206,6.71664177498,1.89139829885,3.45858677946,32.2532259499,4.36471215801,54.2232496012,8.70483109426,6.95522794869,3.71688963682,1.69499139515,4.04339117498,4.51256017509,1.00024453375,4.42943302748,2.42961270975,0.722834119524,1.68147371223,2.59106794362,1.6218186745,2.37147751293,1.73222923521,2.09801580752,1.97598000662,0.231574732118,0.967071744825,0.833253954813,0.481967089652,0.537095054925,0.405363777044,0.77072112804,0.461573878988,2.00755048559,1.16712779105
sobol__0000364,0.53701851,63.28325284,65.35646068,51.53339002,-7.36416481,-8.66957074,52.87703524,1,usable,Converged with independently replayed constrained generalized-force equilibrium and small reserve torques,364.788977,0.439213931823,2.0927007327e-07,4.61852778244e-13,3.25821222264e-05,18,0,0.0100324768886,0.332887735651,0.0371276621223,0.0100085683953,0.0328859967269,0.0812842874886,0.0100452377857,0.0100083782333,0.0100063218043,0.0100016555476,0.0100017077018,0.0100063991458,0.0100067794965,0.0100050282129,0.0100038151016,0.0301672256036,0.101967201475,0.0995550672651,0.0100819022285,0.101699830694,0.0100066116272,0.0100070570275,0.0100036101422,0.0100034925838,0.419621624431,0.219756330666,0.0100018460764,0.0482169083306,0.0100009696535,0.0101407568597,0.0100022897403,0.0100070494046,0.010021416413,0.0100108595325,0.102187933455,0.0909259402672,0.0100163149341,0.010171456903,0.0421235417807,0.124577566283,0.0100228323144,0.0100175632592,0.0100728419317,0.0248979638693,0.0100111639308,0.0225199776821,0.0601925975238,0.0781556038744,0.0100028086699,0.105787085588,6.98280441148,304.189624025,7.17460153874,4.99545781205,23.012899892,93.5136693687,0,1.34865951325,4.43975633365,6.47133573695,4.56575766798,2.30511859032,1.88214966183,1.71347688563,2.05987641298,11.4587542658,68.157840704,64.971158517,0.538595582371,38.3810697162,3.74268059801,1.43036492776,11.7516736079,2.76095696068,140.170066362,42.5238626526,1.38421676478,17.3548042797,2.79325449805,0.589288310019,5.38999084468,2.84866333358,0.312836952114,1.46307041396,24.1244243774,13.954763019,2.24367808783,1.65411127311,8.02271874995,22.9601479329,0.141883898584,0.598247258623,0.565762585017,0.87904171953,0.388376796169,0.560676494442,3.60645955154,3.52340317817,1.88238370157,11.4566619184
sobol__0000368,-38.83798149,26.72075284,88.79396068,47.47089002,47.63583519,7.73667926,-10.87296476,1,usable,Converged with independently replayed constrained generalized-force equilibrium and small reserve torques,366.253676,0.299996116886,2.02494803148e-08,3.27543573604e-13,4.94878595265e-05,18,0,0.010000559288,0.0821130460084,0.350917045318,0.0701747999796,0.0100003716429,0.0100001741058,0.010045237803,0.0738845792038,0.0100005260951,0.0100001989953,0.0100002481564,0.119660986082,0.0163122930246,0.0100025292779,0.0100010880404,0.0876986828296,0.0474194573864,0.0462242057709,0.0100488906291,0.010045237803,0.293466539653,0.0100009610723,0.0100077296462,0.0100040716001,0.0176973907516,0.0439549999055,0.0123390057052,0.0100024989087,0.0100026552516,0.0100065995754,0.1799381343,0.0699772425036,0.0100114750014,0.0100060720151,0.0100067692502,0.0100108034326,0.0100082191294,0.0100104759568,0.0100096201686,0.0100111904179,0.0108656178719,0.0434105172026,0.0395828450104,0.0205814342245,0.013753749128,0.0131341416312,0.0101327897674,0.0100390397835,0.0100101004585,0.0100200295827,3.65446069804,88.9831956952,66.6737535203,34.1182840972,4.35029718641,12.4731266664,0,7.38697497933,4.41861894866,6.32364924451,4.4544256425,18.2830199085,1.00417983163,1.52275049115,2.01768093468,49.3013858587,31.474242132,29.9071178953,0.192808213565,0,96.3918818819,1.50036883731,11.7753657139,2.75892014796,5.96703036299,11.0429554038,2.37839825302,4.07858691196,4.59991140192,1.00858257174,99.4392720495,17.7689103299,0.749647032103,1.70877703801,2.58964413606,1.62317182443,2.36978324364,1.73072940394,2.08777387527,1.97500917106,0.336291071606,4.73870321899,3.69975701496,1.00433200739,0.929444798575,0.59549057598,0.688730084211,0.458052174269,1.65564258095,1.16131507782
sobol__0000372,28.66201851,42.97075284,-4.95603932,96.22089002,27.63583519,12.11167926,-55.87296476,1,usable,Converged with independently replayed constrained generalized-force equilibrium and small reserve torques,350.53655,0.0846902488953,1.91765607838e-08,3.96872916174e-13,1.259693029e-05,14,0,0.0910728767653,0.191448656078,0.0100517444548,0.0710135760198,0.115875640759,0.0100210434257,0.010049660921,0.0100111223765,0.0100113565248,0.0100027069592,0.0100027885428,0.0100078951167,0.0100086997695,0.0100076958627,0.0100089043351,0.0100092132014,0.0100160588637,0.0100162666021,0.0100327912035,0.0100452378469,0.0208925809179,0.0100049771189,0.0330354831114,0.0184549870058,0.0100452378469,0.0996765271017,0.0100024621167,0.0258129409376,0.0100012454759,0.0100251878892,0.0449187433082,0.0158229456129,0.0100118208547,0.0100068626961,0.0100131261391,0.0100330161763,0.010005453689,0.010008230864,0.0100094168369,0.0100403072979,0.010022419449,0.0100127211595,0.0100640789918,0.0169584351409,0.0100117562056,0.0100544685415,0.0140438851014,0.0246470101887,0.0100526964423,0.0439053198519,95.1808000932,191.945037246,1.99304777284,33.8823625277,124.553867452,12.8074296134,2.61862403949,1.3954351958,4.37608023727,6.19083215519,3.87195538968,2.54129691548,2.24794358139,1.72682820765,1.99746261257,2.64563420228,7.13981971994,6.9988070709,2.69276767691,0,10.9045634778,3.16816254476,35.701226706,4.33231324574,0,24.1846300211,1.92885815249,10.5277533389,4.5068261247,0.978496159166,22.9356892797,4.22740754152,0.727075720185,1.69783067488,2.30285594006,1.34763951432,2.21933411613,1.65557016799,2.12591674467,1.76804741958,0.394880264587,1.02699437737,0.9158809011,0.781013020546,0.724821282613,0.462146904882,1.19678731882,1.05020696891,0.816045186165,4.28641537303
sobol__0000376,-27.58798149,51.09575284,-51.83103932,23.09589002,-22.36416481,18.67417926,-48.37296476,1,usable,Converged with independently replayed constrained generalized-force equilibrium and small reserve torques,290.764244,0.183956530895,3.99172321863e-08,9.87654402707e-13,1.67476492572e-05,11,0,0.0100098647513,0.332193752694,0.10631090106,0.116845304371,0.0204669321762,0.0100078263347,0.0100615048396,0.0101338554549,0.0100062264401,0.0100020860469,0.0100020713462,0.0105071403694,0.0101047201328,0.0100151159244,0.0100063966223,0.0390519356578,0.0100062754779,0.0100072491885,0.0100927936245,0.0101364347763,0.029920721742,0.0100237113766,0.129849712763,0.0533248835928,0.0100927936245,0.118008524722,0.0100042509056,0.0338442158173,0.0100021388544,0.0101106185741,0.0302984138025,0.0100795181818,0.0100265688471,0.0100150530991,0.0100200301389,0.010046026613,0.0100093007516,0.0100138194697,0.010014557494,0.0100456653237,0.0100338621955,0.010018697091,0.0100461379042,0.0116559315269,0.0100183240868,0.0100939978238,0.0326468268952,0.0322451372785,0.0121021762752,0.0655002855501,2.67515467036,321.796627396,12.8365379803,46.1588820884,20.8392684348,13.0731831056,2.47094658521,1.36091614336,4.3880927268,6.57228823616,4.77954018688,2.54054114808,1.82660496644,1.71802296933,2.01874701599,30.0821122344,6.1922037633,5.30229829854,0,3.84236764198,8.32847338345,0.797179870752,152.832044037,13.4449537399,0,29.1474420329,1.8040394647,8.19303867566,4.79865272424,0.455299215826,11.2633537955,2.86653080083,0.639837711885,1.58791505059,2.23273403337,1.28845482254,2.23487284581,1.65683477409,2.12695350615,1.70231580974,0.394700612286,0.988153653505,0.894863924932,0.531158338095,0.706155738442,0.467656755959,2.79036291331,1.28880458132,1.05224649608,6.10453673376
sobol__0000380,-5.08798149,2.34575284,41.91896068,104.34589002,-42.36416481,23.04917926,-3.37296476,1,usable,Converged with independently replayed constrained generalized-force equilibrium and small reserve torques,412.791328,0.0794085464326,1.56210816726e-07,5.6132876125e-13,8.0534415193e-05,1,0,0.01001693633,0.010008725645,0.0154303917105,0.0100381096677,0.0100163784278,0.0100278586456,0.0143844881661,0.0679575563438,0.0638706698161,0.130859600477,0.0101350760343,0.0658893408661,0.0339876176106,0.0482623476311,0.0347191399964,0.0655008969235,0.0101104777606,0.0101116034061,0.0102407852001,0.0105414589026,0.0513430582777,0.0772555537168,0.0426907572987,0.0256922346613,0.0100233151525,0.0100477909479,0.107370621128,0.0100812095626,0.0835337348314,0.0102174632029,0.0110585143831,0.010312758977,0.0153877698417,0.0364286372541,0.0150485969515,0.0104113465992,0.0486782988379,0.0299415233367,0.0254434600532,0.0103563760685,0.0132884230768,0.0297397258107,0.014834762309,0.0103649450858,0.0269964106416,0.0102980859649,0.0100968751822,0.0100881810861,0.0100438422716,0.0100383918541,8.4806794491,10.9324700849,3.08766792472,4.98211045713,8.01642187049,12.4465961769,3.8600479524,8.65284517106,26.8710654436,74.4211189778,2.08230524714,12.8891922465,3.50527702581,7.53201573996,6.33058228894,21.7252678774,7.24819887853,7.14424946532,2.82612342531,3.82452650644,24.6330232827,21.4713428025,45.0211967096,5.81638569968,3.17073965398,2.49934311398,20.7115973124,3.9618503529,10.1900024518,0.98230290701,6.15175717296,2.79511703871,0.822356753929,5.78254129461,3.88878538314,1.62810221961,11.5258203878,5.17656983088,5.36091539681,2.02962231035,0.437964254167,3.24606985823,1.37046502586,0.505181511899,1.8530460446,0.453482866425,0.651842391277,0.391887540091,1.49798126134,1.01388575106
sobol__0000384,-49.38485649,30.27544034,38.98927318,80.47870252,60.76083519,0.21714801,-16.96671476,1,usable,Converged with independently replayed constrained generalized-force equilibrium and small reserve torques,414.119268,0.035369273255,5.42737481624e-08,1.20792265079e-13,9.13648917423e-06,21,0,0.0100043918627,0.0293148871828,0.0630663119305,0.0100032294078,0.0100015401842,0.0479175029859,0.0323954329905,0.0387017782001,0.0100135417463,0.0100023475095,0.0100023286366,0.0567485369487,0.0174719095467,0.0100941633676,0.0100075550845,0.0134162810512,0.010009599328,0.010009762325,0.0100262504808,0.010045237756,0.010820424396,0.0100071773316,0.0649049726637,0.0331871795964,0.0388986801343,0.0528544741607,0.0522162322601,0.0100028704836,0.0100062303091,0.0100076559304,0.0416211926412,0.0101518166561,0.0100174591334,0.0100091741325,0.0100054766944,0.010008074973,0.010008059904,0.0100097843292,0.0100079031967,0.0100077956392,0.0113048216708,0.0471846293602,0.0392876792026,0.0187569815951,0.0204648511072,0.0143279759656,0.0101275020583,0.010022812862,0.0100073326177,0.0100099642603,3.32568372327,31.1298116444,11.4062056064,4.12839663473,7.51328361023,58.17589347,8.46554450028,3.75648953171,4.40611663851,6.26014823895,4.21446369802,9.16015169093,1.08530145436,1.52983131932,2.03957388651,7.56377085209,6.98793490809,6.84017477299,2.52967923983,0,3.80028078092,2.42524905898,72.7256766908,8.72304359436,12.4602840569,13.3451775654,8.95470637823,4.04336050978,4.5587503863,1.01004272213,21.1699340939,2.35964830243,0.72355092961,1.67652794112,2.58913262619,1.6185632086,2.36780319802,1.73040179124,2.10044007282,1.97408228418,0.331049097927,5.13663631597,3.66986679808,0.915334563211,1.25594857669,0.67134623336,0.739395517126,0.460945631718,1.61019546293,1.16740921967
sobol__0000388,18.11514351,46.52544034,-54.76072682,64.22870252,0.76083519,4.59214801,-31.96671476,1,usable,Converged with independently replayed constrained generalized-force equilibrium and small reserve torques,349.921071,0.140679653071,3.96493113897e-08,9.94759830064e-14,5.0480700288e-06,11,0,0.134825828785,0.283066639201,0.0100115275825,0.0412062340944,0.14611210548,0.0100167333415,0.0101064632643,0.0100061041441,0.0100206110014,0.0100020764535,0.0100017611887,0.0100041403665,0.0100039109903,0.0100040994616,0.0100069988751,0.0100030397432,0.0100196673087,0.0100199129517,0.010038549066,0.0100079655911,0.0695139886596,0.0100047386428,0.0191633599397,0.0254601557258,0.0497374639941,0.0234758850365,0.0100209657091,0.0100230369151,0.0100073232097,0.0100279979223,0.076208973295,0.0262311541969,0.0100301402666,0.0100230669922,0.0100257494777,0.010035282983,0.0100209595892,0.0100258624082,0.010027454487,0.0100354213244,0.0100597970381,0.0102729004602,0.0115041057571,0.01013278301,0.0100513207389,0.0100721209082,0.010058816466,0.0100547862255,0.0100235526939,0.0100483453213,95.5441538743,282.163698728,1.90594577321,18.5025278388,137.653407194,12.854261616,2.28905221277,1.42159006008,4.44805731772,6.52762355361,4.58528357503,2.5977246431,2.56617444899,1.75305895506,2.06614635873,4.07300196063,6.83445609856,6.6856402215,1.60789752614,3.59387096903,36.3751854644,2.10965440026,22.1432554783,6.9620092369,16.3317077181,5.84813603803,1.93291009907,4.08190230457,4.7007088045,0.971133166492,42.4620148826,7.42667863162,0.754138653835,1.7155380675,2.52807512692,1.49132548642,2.32213888739,1.71788315371,2.12938483248,1.91716821225,0.355514632211,1.11802826428,1.0858399714,0.487564589145,0.718987641062,0.476402086031,0.824198670641,0.459659674706,1.30119453808,1.14014501004
sobol__0000392,-15.63485649,54.65044034,-7.88572682,121.10370252,-9.23916481,-6.34535199,-39.46671476,1,usable,Converged with independently replayed constrained generalized-force equilibrium and small reserve torques,318.607837,0.0915379239942,7.28627700397e-08,1.22568621919e-13,7.29277416535e-06,14,0,0.0100106865455,0.235455707101,0.0455462178237,0.0626732382905,0.0717663518989,0.0100076157298,0.0100284732076,0.0100138813481,0.0100059704621,0.0100018159483,0.0100018280233,0.0100110607419,0.0100122925665,0.0100076955712,0.0100051971392,0.0100135029023,0.0100064889483,0.0100064911003,0.0100178221,0.0100266925251,0.0490087438483,0.0100069934124,0.0869683829771,0.0117876982849,0.0103218569091,0.0879480336527,0.0100140716998,0.0100082599989,0.0100028468376,0.0100122539481,0.0407936656572,0.0100716026631,0.0100194748173,0.0100110126555,0.0100090942078,0.010015323934,0.0100083587952,0.0100113020623,0.0100108961243,0.0100155627803,0.0101029576388,0.0182002253517,0.0298740681111,0.0173845233357,0.0102821111312,0.0138467661845,0.0100447234835,0.0100440227655,0.0100099820329,0.0100181949435,4.90885977367,221.25514018,8.14267809505,29.7934297254,77.1405919916,12.4873302578,2.67137676722,1.3455879333,4.44170309131,6.55769943317,4.64296885058,2.38014784616,1.79495218082,1.71041869519,2.0536948917,3.21246278412,7.17836425803,7.17559251072,2.83643636858,3.79807229608,23.9203364394,3.15084870809,73.9179918923,0.332289476429,0.155946230814,21.4782434821,1.70963849529,3.90324750764,4.40904815729,0.982917406683,20.6988648393,2.86727587128,0.67907548912,1.63763011371,2.43673306611,1.44567316239,2.18347812141,1.65967775367,2.12622898082,1.88428447073,0.365673106542,1.9810137126,2.80763276452,0.812748288342,0.701796783363,0.654338427417,0.849486627645,0.46195620997,1.16435685528,1.1585875448
sobol__0000396,6.86514351,5.90044034,85.86427318,7.35370252,-69.23916481,-1.97035199,-24.46671476,1,usable,Converged with independently replayed constrained generalized-force equilibrium and small reserve torques,434.616849,0.0318835526903,5.03297918897e-08,4.96987469958e-14,1.74717166054e-05,7,0,0.0100022686147,0.0100013866951,0.010037051573,0.0537749685923,0.0100022675288,0.0100011605094,0.0100452378708,0.0491309500766,0.01001555984,0.0295177454094,0.010005156483,0.0474264781841,0.0196828497889,0.0353826154783,0.0373084198186,0.0697995503392,0.010021435115,0.0100244868426,0.0100452378708,0.0100058483054,0.0688102657729,0.0100525855212,0.0124733678098,0.0237576588291,0.0100452378708,0.065344079032,0.0146699088835,0.0100437634936,0.0100066690946,0.0100337129094,0.0313230021748,0.0203922980274,0.0100395694152,0.0100348274432,0.0100155894356,0.0100218324266,0.0100143573535,0.0100182339515,0.0100169586797,0.0100189659334,0.0101059578586,0.018363380255,0.0222834304169,0.0123048417396,0.0103601199564,0.0103189185316,0.0100951014806,0.0100412021004,0.0100119314853,0.0100220386263,7.69351545416,10.9452891151,2.02100654905,26.6739126305,5.38151864748,12.4295954219,0,5.96830665537,4.2834957191,17.6028619982,3.41327080693,8.13583656471,1.55352328169,5.25444648166,6.91562767101,45.9930313271,5.01337103826,3.82846247931,0,3.42877778819,29.8440381673,2.50967025705,14.5514413199,5.57098019972,0,16.4970786276,2.82979870562,2.60492453418,4.24884790806,0.533873043677,4.55555506557,4.8952687693,0.533398097037,1.44690925896,2.40292763227,1.41355417764,2.23139023024,1.67556917304,2.12751918696,1.86177882123,0.386392728933,1.94983303264,2.0777031163,0.577644334808,0.749864360368,0.487995194482,0.863155968614,0.461827965504,1.46956764603,1.16788926502
sobol__0000400,-43.75985649,34.33794034,62.42677318,27.66620252,25.76083519,14.43589801,39.28328524,1,usable,Converged with independently replayed constrained generalized-force equilibrium and small reserve torques,293.032689,0.264659994891,1.30952049204e-08,5.88756764566e-13,6.73532740585e-05,25,0,0.0100008143848,0.13233088656,0.245548907856,0.010001100184,0.010000216483,0.0100002210658,0.0100452377781,0.150303905162,0.0100010466717,0.0100002642635,0.0100002765059,0.253841903383,0.0476038873158,0.0100036855601,0.0100013690575,0.010001594758,0.0553273530699,0.0497785479895,0.0100452377781,0.0100452377781,0.272403287029,0.0100015490564,0.0100073379803,0.0100097959971,0.0100071112726,0.0100323814322,0.0645298982258,0.0100025901055,0.0134464276818,0.0100076106125,0.0783528119083,0.0406915165249,0.0100155219537,0.0100078597536,0.0100050261015,0.010007047842,0.0100087425466,0.0100098864249,0.0100078851707,0.0100066375534,0.0104447380997,0.0341183046091,0.0245784451537,0.0107522919268,0.0191117826445,0.010064919433,0.0100259839618,0.0100129012394,0.0100040714241,0.0100050036211,2.94561138686,139.751454711,44.6666946385,3.95585931844,5.76665214881,12.1295741141,0,14.4717336727,4.42307573172,6.34950281204,4.44499273244,39.3303740954,3.00821000301,1.54777055209,2.06963415287,7.2822457449,35.046790694,28.3682450206,0,0,53.4449918204,1.16405463564,11.7817734932,2.58723533296,2.59067527386,1.60437745515,12.3815506935,3.94100960894,3.73687891981,0.935815473761,43.0759256786,10.9181252846,0.660843403378,1.59234255153,2.44740529564,1.5863593027,2.27707385681,1.65871994434,1.95789190529,1.91025753404,0.243763565183,2.89674886543,1.73702845936,0.421754008703,1.06903012318,0.245522509215,0.442258392961,0.445002891735,2.01056407523,1.16752654614
sobol__0000404,23.74014351,18.08794034,6.17677318,108.91620252,45.76083519,10.06089801,24.28328524,1,usable,Converged with independently replayed constrained generalized-force equilibrium and small reserve torques,334.315089,0.0522691625552,2.14236379747e-08,2.13162820728e-13,1.59733026645e-05,13,0,0.0786174795883,0.0899245844371,0.0100243641258,0.0331667580124,0.0688248059592,0.0100120912509,0.0100536569233,0.0100156870094,0.0100209261241,0.010006982008,0.0100125652428,0.0100126334883,0.0100162520018,0.0100132224637,0.0100244855235,0.0100094532923,0.0100105969223,0.0100106719776,0.0100257725076,0.0100452378292,0.0353338927774,0.0100203195611,0.0582774134089,0.0181764598657,0.0393611214856,0.0607135906055,0.0919562463025,0.0100018253343,0.0100451390266,0.0100078198598,0.0417756337294,0.0134848326345,0.0100372788387,0.0100048527408,0.0100022456975,0.0100033387754,0.0100033838777,0.0100041859212,0.010003389383,0.0100032077326,0.0148797848655,0.0647201997226,0.0468092330972,0.0244461633239,0.0298003150613,0.0165208015317,0.0100740450965,0.0100129958724,0.0100034590506,0.0100046203108,71.1261879946,94.9469473472,1.98403721335,16.5559718833,73.6977125213,12.7368488139,2.62338273754,1.34032019155,4.31313667095,5.95399109001,2.14243939295,2.31509296665,1.55333398075,1.66095255537,1.90575041511,3.05771326746,7.18062676686,7.11483095722,2.80946810934,0,18.3497339784,3.08587331578,60.1353910759,2.59657882936,12.1477298038,11.1839343123,14.9209137791,3.12147597586,0.000702238215051,0.453004423508,16.9974449475,3.44464349376,0.0329280795738,1.25266039962,2.50480689113,1.61453995119,2.32464012513,1.69226777178,1.99687855957,1.94266177796,0.339027814211,5.42821199236,3.25774324266,0.997005849697,1.46353638397,0.511036552001,0.516186372759,0.457397818866,2.01036008808,1.16748174767
sobol__0000408,-32.50985649,9.96294034,-40.69822682,35.79120252,-44.23916481,20.99839801,16.78328524,1,usable,Converged with independently replayed constrained generalized-force equilibrium and small reserve torques,277.099316,0.027286099709,6.72430111592e-08,2.77111666946e-13,4.84720926434e-06,6,0,0.0122608692544,0.0866284224853,0.010034035168,0.0260698229472,0.0306970142898,0.0100577561616,0.0100350674789,0.0100200385475,0.0100136546899,0.0100067021735,0.0100099186842,0.0100195058384,0.0100237716082,0.0100197267896,0.0100212410438,0.0100031370862,0.0100052116446,0.0100054204818,0.010045237703,0.0100518365787,0.0720283132196,0.0205211833288,0.0744528548712,0.0400480458169,0.0128884422894,0.0183021763065,0.0227030285829,0.0100088486768,0.0100808439979,0.0100168515051,0.0163210586053,0.0100428782326,0.010031986349,0.0100221968598,0.0100101985403,0.0100140064375,0.0100153898281,0.0100175175319,0.0100146952223,0.0100137281205,0.0100715865829,0.0150642783347,0.0108925841912,0.0100882381664,0.0102200948171,0.0100770333753,0.0100455361288,0.0100288602012,0.0100125526049,0.0100152252308,6.76243435426,93.8712015148,1.88874414381,12.7809146688,31.1843698903,13.0335746322,2.28458265787,1.33095263418,4.44065236124,6.16065885001,2.78324911233,2.34660101423,1.4972104292,1.65025243163,1.91465508528,7.20012531369,6.48881138426,6.20697948531,0,3.63222967971,25.4801832959,5.50881619646,87.6584562313,10.6339561345,3.73065004826,3.91439293364,4.37929142459,4.08198612216,4.21664557357,1.01168383017,5.55077941496,2.69819975943,0.725840101386,1.68521895974,2.59019567701,1.62627267111,2.37046840208,1.73071962345,2.06549937699,1.97562542095,0.30020545525,1.61314167933,0.950238822529,0.476378788836,0.686678461397,0.351010950818,0.565021440844,0.404232014769,1.82973480823,1.10870418539
sobol__0000412,-10.00985649,58.71294034,15.55177318,84.54120252,-24.23916481,16.62339801,31.78328524,1,usable,Converged with independently replayed constrained generalized-force equilibrium and small reserve torques,348.687288,0.117362409289,2.41399966683e-08,1.91655351905e-13,8.39812665176e-06,21,0,0.0100102609398,0.290885829612,0.0513445068555,0.0617639298254,0.100459594468,0.0100054195754,0.0100260781193,0.0100103542078,0.0100051237979,0.01000154993,0.0100015796439,0.0100077642629,0.0100087988434,0.0100059824657,0.0100043307158,0.0100324802321,0.0100186042397,0.0100188373215,0.010035241108,0.0454201646997,0.0363783919331,0.0100065568425,0.0254834225068,0.0100152490159,0.0100222713506,0.0390248816259,0.0658713658762,0.0100022565618,0.0100362228072,0.0100070230016,0.0100060072541,0.0100135790849,0.0100225478369,0.0100061141826,0.0100032485485,0.0100047321873,0.0100050905574,0.0100061565986,0.0100048995606,0.0100045734752,0.0102677382228,0.0359913161816,0.0264344571416,0.0129728884468,0.0205941167613,0.0102853942988,0.0100490200369,0.0100160807018,0.0100045897908,0.0100060516137,5.81669025398,264.18251716,9.47690309131,30.3603918067,98.3964723583,11.9882653235,2.69962725114,1.34617580519,4.44117042419,6.51685540361,4.60794188923,2.35750793899,1.82357947229,1.71126648411,2.04172207915,3.93958842838,7.03368638263,6.88622763477,2.5820848879,17.1727282458,19.0986466382,2.77884118137,28.3070144483,2.58590216899,3.37735250584,7.64701645478,11.8824419203,3.69700421541,0.159067297078,0.786893119842,5.57514024355,2.84495304246,0.245498569717,1.48962514234,2.52554135128,1.6241540676,2.32568174544,1.69472851357,2.0073600456,1.96107124291,0.226611860409,2.87379681723,1.79431496655,0.498224987096,1.06062791337,0.286964927745,0.509896580857,0.431833901291,2.01005601275,1.16649153456
sobol__0000416,-57.82235649,64.80669034,-43.04197682,9.38495252,43.26083519,12.79527301,11.15828524,1,usable,Converged with independently replayed constrained generalized-force equilibrium and small reserve torques,363.524599,0.193936228663,3.13370840388e-08,7.55057415786e-13,1.1287768631e-05,22,0,0.0100228662721,0.376178785881,0.0100607160386,0.0100025119101,0.0100009992882,0.12708864661,0.0100069385275,0.0182474856189,0.0100036261572,0.0100012244442,0.0100011641241,0.0491621561221,0.0100583346537,0.0100071372585,0.0100043152366,0.0863045068777,0.0100063135798,0.010007849299,0.0100452377713,0.0100452377713,0.0100397845178,0.0100452377713,0.0656707932031,0.0166452003474,0.0314075084854,0.0597322589483,0.0816488284967,0.0100021870022,0.0100046352959,0.0100054222803,0.0181158428772,0.0100368673419,0.0100115284065,0.010005854208,0.0100034114775,0.0100050671829,0.0100052281276,0.0100064116615,0.0100052231168,0.010004899394,0.0136813286839,0.0565973641011,0.0414616897238,0.0198201192161,0.0297291971511,0.0154488079632,0.0100924803079,0.010017675152,0.0100051384863,0.0100069167366,0.486524609981,340.276245679,0.0278219191708,4.84164796972,10.7498583492,163.610019256,2.5766668801,2.30225765093,4.28326487314,6.48676035794,4.93312512007,9.9002223087,1.3750089494,1.70626786052,1.52542064728,65.1561654472,5.18605014441,4.00928587093,0,0,0.0313770460062,0,76.8032370398,3.94280390619,8.07352110442,11.5207568371,15.748541648,4.06983322309,4.48057261102,1.01053730708,9.85482506082,2.58233603754,0.744187756927,1.70477267732,2.56633404149,1.62572920159,2.36239314251,1.72160006144,2.03577027894,1.97252320992,0.429796298274,6.1724548958,3.78072589921,0.96367880325,2.0685525268,0.562198702609,0.558634187775,0.447047932327,1.92060506149,1.16342561481
sobol__0000420,9.67764351,16.05669034,50.70802318,123.13495252,23.26083519,8.42027301,56.15828524,1,usable,Converged with independently replayed constrained generalized-force equilibrium and small reserve torques,430.244465,0.0586308297008,6.99054325537e-08,2.13162820728e-13,2.65241669524e-05,11,0,0.0155995460301,0.0190338242077,0.0101127887937,0.0100312504061,0.0643662097442,0.0100216024112,0.0101063045561,0.0100248806767,0.0100369071158,0.0100436212118,0.0105385088521,0.0100195973973,0.0100279699012,0.0100244937632,0.0100341882012,0.0100183695941,0.010005365686,0.0100053661713,0.0100153340346,0.0100452377902,0.0618041887605,0.0506226070475,0.102340551829,0.0100480948095,0.0322317680814,0.0404232151428,0.131435249169,0.0100155962356,0.0100452377902,0.0100452377902,0.0515234390419,0.0128611841282,0.0100452377902,0.0100224538928,0.0100011378166,0.0100016674934,0.0100017479948,0.0100021368339,0.010001694224,0.0100015453188,0.0183110398397,0.0706513345119,0.0563996773149,0.0268549777102,0.039591115171,0.0114449283614,0.0100241496735,0.0100056176862,0.0100013811638,0.0100018117127,12.9753825001,20.304580988,2.01871149292,5.00742491782,49.3192839251,12.1627967714,2.7221135947,1.29254931504,4.28212719001,5.9540260166,2.71703989475,1.97083769606,1.08959592214,1.58135676528,1.9094907177,2.05682413285,7.17708753572,7.17635307412,2.83210739367,0,29.2251779733,14.5763293105,82.7449854718,0.0124043458633,9.46940713524,5.1660912339,18.8950617807,0.1371139987,0,0,20.1115057954,3.47051375651,0,0.0771265612963,2.3421339855,1.52925210897,2.20945868802,1.60780235679,1.87266147395,1.84242484243,0.316270465468,4.19696008187,2.95827064362,0.845056367068,1.50749652617,0.209389477122,0.425791474413,0.459866364878,1.90583747284,1.1434230469
sobol__0000424,-24.07235649,24.18169034,78.83302318,50.00995252,-26.73916481,23.73277301,48.65828524,1,usable,Converged with independently replayed constrained generalized-force equilibrium and small reserve torques,329.062603,1.42201201762,2.24891810063e-07,6.01119154453e-12,0.000321469768895,24,0,0.0100008600163,0.0760839093593,0.168739573685,0.0100030352368,0.0100009527233,0.0100007248935,0.0100452390468,0.0749485342485,0.0100014038685,0.0100005443068,0.0100006798119,0.102484031149,0.0367233933235,0.0100219742103,0.010002690018,0.0626617895472,0.010009569097,0.010009755107,0.0100402221331,0.0102472084505,0.126056802609,0.0100020189014,0.0409655984731,0.0276490554361,0.0100001774912,0.0100005008483,0.78227503437,0.0100003369561,0.642859642264,0.0100006751374,0.0100522175941,0.0100316988332,0.0702478305081,0.13670044147,0.0100007686003,0.01000091168,0.235599368614,0.079085750993,0.0100075795502,0.0100008084595,0.138310213762,0.271820212631,0.227871176382,0.0101798452573,0.298382352967,0.0100052344098,0.0100012167201,0.0100005573038,0.0100001520393,0.0100001738987,5.1060881891,81.5465902469,32.6767351117,4.97369971821,5.36604248756,12.2404552152,0,8.59324011867,4.386113874,6.21931328453,4.24364979332,16.8482402184,2.68907859408,1.52226280896,1.98819704375,32.2390803958,6.6733131434,6.51230107818,0.405755370055,3.8537110986,60.2444412256,2.53390526756,48.1636132675,7.62961256136,2.84683750113,1.63342311768,147.886920779,3.8457487506,36.7729855194,0.914076539159,4.67506894481,2.84354992996,3.17113922646,21.0874036378,2.46748111709,1.60068691054,53.6035244061,13.1182498641,1.96623161289,1.92673467916,3.02743403288,20.7003595911,14.9442654714,0.361627983038,13.8410926212,0.208964272699,0.409291577072,0.391105509921,2.0099743391,1.16315767019
sobol__0000428,-1.57235649,40.43169034,-14.91697682,66.25995252,-46.73916481,19.35777301,3.65828524,1,usable,Converged with independently replayed constrained generalized-force equilibrium and small reserve torques,323.40308,0.0859941945239,4.35612257377e-08,4.19220214098e-13,3.14060255817e-06,2,0,0.0499570895116,0.241891990304,0.0101788254674,0.0841742192664,0.0812245386128,0.0176173339475,0.0100557034707,0.0100273780823,0.0100268180363,0.0100065977871,0.0100061628975,0.0100210614054,0.0100259652836,0.0100192328008,0.0100191505486,0.010013039649,0.0100428061547,0.0100434162119,0.0100954219819,0.0101021420637,0.0629255969129,0.0100176329695,0.0281628660962,0.0228616585963,0.0361074817918,0.0173742798014,0.01007058166,0.0100883208254,0.0100259784599,0.0100925313216,0.0113898755386,0.0101310947074,0.0100918387001,0.0100706670888,0.0100587039002,0.0100771686897,0.0100552625293,0.0100665154454,0.0100643788295,0.0100770193842,0.0101186790087,0.010147191533,0.0101573850048,0.0101541000343,0.010112588143,0.0101559974594,0.0102165228822,0.0101894850458,0.0103126758375,0.0108472220963,32.6891873397,242.344601082,1.90819657527,39.6920562768,87.1984182219,22.6087487449,2.59666165266,1.35948658527,4.45055990888,6.38915310743,4.41740729636,2.43272414754,1.80851351419,1.70253948845,2.07199912195,5.00605683934,6.87108034901,6.72250577143,1.78222310329,3.6311770264,32.9473155446,2.84836114688,32.4303516917,6.30028932489,12.1747224694,4.27766192323,1.94258414216,4.11424805446,3.8821245788,1.01840070032,5.30196276525,2.68968918498,0.711959166271,1.67065967314,2.60280960961,1.6144806141,2.38095708,1.74041737304,2.10779088429,1.98532238956,0.303577806628,1.09521399758,0.902516720939,0.489496335169,0.672003171321,0.412033099372,0.646953232706,0.417567652257,1.72463576109,1.17604369987
sobol__0000432,-40.94735649,3.86919034,-0.85447682,94.69745252,8.26083519,2.95152301,-45.09171476,1,usable,Converged with independently replayed constrained generalized-force equilibrium and small reserve torques,499.370156,0.0235483101451,7.46525916639e-08,9.23705556488e-14,6.68644094108e-06,3,0,0.0721394384726,0.0258447908457,0.0100153953725,0.0101523601145,0.0367471275529,0.0100084949328,0.0100497072141,0.0100181981636,0.0123716155315,0.0447349008193,0.0179535039733,0.0100153958592,0.0100193376245,0.0100217915799,0.010236450297,0.0100077864846,0.0100129767706,0.0100131656596,0.0100298625244,0.0100452378763,0.0236797236838,0.0112001338225,0.0451210004287,0.0389173087046,0.0578398690522,0.0237462885158,0.0100142663978,0.0100607796903,0.0100072270248,0.0100334578266,0.0437886390552,0.0123423686612,0.0100327419343,0.0100254366193,0.0100275049518,0.0100378760686,0.0100202214289,0.0100254828623,0.0100273648841,0.010039852955,0.0100498995484,0.0100614120039,0.010157542911,0.0100929165419,0.010040895644,0.0100611846014,0.0100510796747,0.0100609852847,0.0100287883454,0.0100600143273,54.9423852856,28.2246597155,1.9538295301,5.0313134878,39.4643010876,12.9639848605,2.55807350212,1.30898639258,5.30735058539,26.1713834928,2.92816579376,2.18173963626,1.2891918501,1.61947787812,1.8959501399,4.52182382341,7.124796629,6.98179892068,2.67795140349,0,12.4340108918,3.41000990761,48.9515538718,9.34389440747,15.8979465532,5.78803302214,1.92775687889,4.10261053121,4.5642101681,1.01310894803,23.1168997138,3.44327978522,0.724444860714,1.69316004738,2.40601450913,1.41616779695,2.22221381033,1.67030247509,2.12972965814,1.84499250187,0.383214386223,1.07567727849,0.948843992776,0.473106790911,0.723428697232,0.473448539324,0.854530878893,0.459532978587,1.06305130458,1.10745852335
sobol__0000436,26.55264351,52.61919034,55.39552318,45.94745252,68.26083519,7.32652301,-0.09171476,1,usable,Converged with independently replayed constrained generalized-force equilibrium and small reserve torques,351.652525,0.112834393462,2.45208298111e-08,1.9291112698e-13,9.91668288135e-06,22,0,0.0413741593277,0.23013537141,0.0302576494399,0.0421996984944,0.184472161011,0.0419903754367,0.0100411139453,0.0100092482653,0.0100090942731,0.0100024108524,0.0100027850673,0.010005929134,0.0100073423324,0.0100062098837,0.0100058563417,0.0100191982038,0.0100121320576,0.0100123684599,0.0100444535923,0.0100452383199,0.0100077286055,0.0100085756685,0.0279579209003,0.0100585253975,0.0176286158602,0.0511929751948,0.071914601498,0.0100022693845,0.0100051698917,0.0100060459698,0.0449978851458,0.010257092123,0.0100133132915,0.0100068582617,0.0100042470591,0.0100063264573,0.0100067055322,0.010008108899,0.0100066309364,0.0100061905654,0.0118959097162,0.0524635487919,0.0374987946957,0.0185933020228,0.0243000776577,0.0144725111485,0.0100836181225,0.010018936559,0.0100059496222,0.0100079017927,45.52806367,225.982071759,6.09145560442,20.245385056,159.111328413,48.6346359786,2.69459102723,1.3714594192,4.2957696606,6.11800519754,3.67015413915,2.44656720541,2.04357142797,1.7108233523,2.03204505582,3.64967995453,6.62731792411,6.45463395183,0.0788274608456,0,2.87162724703,1.30023189912,32.904306822,2.76245187934,5.88724060254,11.9761827201,13.6504008491,4.07989872054,4.55400108119,1.01060042114,24.4465588867,2.17906452185,0.743188964319,1.69977941532,2.58802414802,1.62592245592,2.36938879787,1.7300724498,2.0623609284,1.97409053401,0.328480679953,5.54701882903,3.25620017308,0.898057647945,1.53009514787,0.596073619886,0.626879593453,0.458949331864,1.84532620127,1.16678660793
sobol__0000440,-29.69735649,44.49419034,27.27052318,102.82245252,-61.73916481,-7.98597699,-7.59171476,1,usable,Converged with independently replayed constrained generalized-force equilibrium and small reserve torques,369.098319,0.0885127678983,1.44429509241e-07,5.47117906535e-13,2.11081401639e-05,12,0,0.0100081520929,0.159402890053,0.0599580487867,0.0201840756813,0.0709235073481,0.0100130775558,0.0101317841343,0.0100296008986,0.0100056798592,0.0100024053519,0.0100028746224,0.0100258573839,0.0100325068904,0.0100139245678,0.0100069085754,0.0428588071338,0.0100186710891,0.010018848535,0.0100345008917,0.12773793664,0.0566629003783,0.0111068255442,0.0258481382056,0.0100019170331,0.103366915864,0.0895339089145,0.0100029493523,0.0740043690855,0.0100015851023,0.0100569627307,0.0100020059846,0.0100085050348,0.0100156513781,0.0100094914259,0.0202102466856,0.023235301419,0.0100132967058,0.0100252254149,0.0101379952628,0.0361711950385,0.0100224487379,0.010007772467,0.0100251707778,0.0100692704054,0.0100122584741,0.0100466410411,0.0100662276492,0.018548730332,0.0109096968966,0.0424076577831,3.59181404403,161.12120795,10.6690723098,9.91487460307,59.2142523134,11.9319184603,2.6970162712,1.25335587864,4.44105201147,6.43640208087,4.49976772047,1.88861331332,1.05257376946,1.63909141777,2.08156842754,18.0562561564,7.17908811432,7.06428706102,2.75481937135,44.5196269622,28.8229987767,3.49860190069,27.4056939428,2.46568779926,30.8953026704,22.5825885734,1.42600175777,28.8556720529,4.38609764086,0.974923153788,5.57152053916,2.47899883303,0.688969498924,1.64446180783,5.20060693532,3.61673814864,2.3442439092,1.72775666678,2.15062567504,7.10003312618,0.263596335976,1.03295515058,0.915984454235,0.491371058481,0.55132778197,0.462170765292,0.827855295897,0.853154900304,1.95224504621,4.94851608933
sobol__0000444,-7.19735649,28.24419034,-28.97947682,21.57245252,-1.73916481,-3.61097699,-52.59171476,1,usable,Converged with independently replayed constrained generalized-force equilibrium and small reserve torques,347.728951,0.0808912777608,3.56499758603e-08,8.10018718767e-13,8.98196910366e-06,13,0,0.016510695288,0.203785341282,0.010179197854,0.0678980439441,0.0510901638246,0.0293882647811,0.0100224255929,0.0100132873992,0.0100083081991,0.0100026247309,0.0100026857861,0.010011345194,0.0100145976486,0.0100095688721,0.0100086221584,0.0100021228561,0.0100039747492,0.0100046409061,0.0100452378361,0.010044963733,0.053371855414,0.0100200330872,0.097506955916,0.0420236843696,0.0100452378361,0.103321842821,0.0100137269424,0.0100081563403,0.0100034413446,0.0100162529261,0.0304128352308,0.010045389472,0.0100207058523,0.0100111376545,0.0100076614017,0.0100125863263,0.0100081094349,0.0100104787015,0.0100090663934,0.0100121841481,0.0101308165376,0.0191695846231,0.027719259763,0.0152337354842,0.0123171872701,0.0156995517227,0.0100505643464,0.0100391810167,0.0100111998303,0.0100149510557,9.74763851268,210.630175661,1.89994309863,32.2823957486,53.2882248448,38.3882476039,2.4865627495,1.34491359783,4.44249733244,6.33100689744,4.14461549462,2.38765147209,1.64292971553,1.68242721352,2.01147330721,7.39451424818,6.12063872097,5.15999578451,0,3.68819878066,13.6537233078,1.5491061587,114.743103473,10.5459389182,0,24.6569907441,1.93160546725,2.81677073297,3.77143768717,0.501128300588,13.5159403011,2.85358855184,0.549722679964,1.49143309581,2.29857674716,1.36422001876,2.09017762259,1.59678537279,2.1257486714,1.79640704274,0.399034379192,1.97067987545,2.48300203036,0.681133136903,0.891640952055,0.728226965813,0.863668134862,0.461095644361,0.923403350709,1.11040428245
sobol__0000448,-53.60360649,47.54106534,12.03614818,36.80682752,-35.48916481,-2.24378949,53.34578524,1,usable,Converged with independently replayed constrained generalized-force equilibrium and small reserve torques,355.767201,0.093515899204,2.880183958e-08,3.688510624e-13,1.98686329958e-05,23,0,0.0100103921937,0.224190713506,0.0769498282047,0.0100113743802,0.0100083890182,0.0244110170799,0.0176971850581,0.0108614905075,0.0100044320607,0.0100014933358,0.0100017027531,0.0183781709001,0.0100617926709,0.0100113418756,0.0100044285273,0.0740814221077,0.0100048611483,0.0100050411648,0.0100452379414,0.0752449918842,0.0215572315424,0.0100467558246,0.0808943932142,0.0169823218453,0.0181929461321,0.0472930059499,0.0884072175952,0.0100012749461,0.0100035560813,0.0100039058583,0.0100059193155,0.0100098515035,0.0100078922698,0.0100027490727,0.0100015061193,0.0100022144683,0.0100022566256,0.0100027860959,0.0100022016669,0.0100020673794,0.0103683770167,0.0420089667062,0.0344932739517,0.0153851684234,0.0269444536899,0.010256854153,0.0100412030076,0.0100092137079,0.010003641766,0.0100032700022,1.41295206933,228.14919894,7.45614762965,4.43774094562,8.7827389376,29.58520564,4.57917759955,1.07595505015,4.44099196072,6.52953336038,4.58573113148,3.05441846893,0.773216895991,1.61853920118,2.07114977268,57.116617313,6.50351625123,6.24400206306,0,27.7208420339,4.54000939471,1.52033450081,95.2422899769,4.5596604304,5.36135457771,8.37357403567,14.1899462499,3.78634488291,3.01986219973,0.853756173597,3.76863827066,2.77092474083,0.489779886319,1.54486838793,2.39086522951,1.55308998836,2.24814473933,1.63409646294,1.92305789828,1.86505582791,0.172762562218,2.7655714684,2.05120403741,0.546680289846,1.18740280639,0.231965250704,0.57562468533,0.459071627623,1.8743922226,1.10029262352
sobol__0000452,13.89639351,31.29106534,68.28614818,85.55682752,-55.48916481,-6.61878949,8.34578524,1,usable,Converged with independently replayed constrained generalized-force equilibrium and small reserve torques,352.455989,0.0266428304234,9.83378249941e-08,1.7763568394e-13,3.79485341098e-06,3,0,0.0248073437964,0.0574823601631,0.0119705307262,0.0100321845317,0.0785599305715,0.0730905874246,0.0100452376612,0.0100205705793,0.0100380219264,0.010014708223,0.0100267684399,0.0100156492855,0.0100230480315,0.0100177403227,0.0100181447548,0.0100314889708,0.010010678091,0.0100108519245,0.0100275243259,0.0189542010872,0.0319274134883,0.0314536025009,0.0576759369286,0.0111941626955,0.0261669705173,0.0255124907096,0.0104461748919,0.0100061588677,0.0100083514793,0.0100141519593,0.0100187087437,0.0100265984543,0.0100228500774,0.0100130833434,0.0100081415853,0.0100117598448,0.0100110452632,0.0100133973777,0.0100113829458,0.010011489695,0.0100598010323,0.0127276813221,0.0109373047978,0.010100660463,0.010092073513,0.0100826784015,0.0100723418808,0.010034934726,0.0100152575607,0.0100210649848,20.7741974535,59.6406496669,2.39699249991,4.99961230073,54.5826380481,87.0168364521,0,1.31136947174,4.34015102133,6.09601293314,3.3849669704,2.02871542956,1.26298966716,1.62847050827,1.97410593737,2.72655862827,7.03792896123,6.89069930502,2.59075784541,6.69165389207,15.9744310784,9.8633027917,63.9238303046,2.94195219194,8.44776936813,6.44069978465,1.48614004022,3.87727086122,4.33668596255,0.953899409859,5.32388910765,2.55405212549,0.685747434569,1.63200463306,2.58999808109,1.6243022571,2.37032262481,1.73123467733,2.09126216508,1.97517656036,0.222951978945,1.15275079933,0.881732134132,0.4821255004,0.508668807098,0.408527545601,0.77684420734,0.461371952809,2.00783290398,1.16374456167
sobol__0000456,-19.85360649,6.91606534,21.41114818,28.68182752,54.51083519,4.31871051,0.84578524,1,usable,Converged with independently replayed constrained generalized-force equilibrium and small reserve torques,398.337386,0.0260889732126,5.96320059998e-08,3.19744231092e-13,8.14407293195e-06,15,0,0.0373701401399,0.0162594260833,0.0100242718178,0.0101421914557,0.0206025038247,0.0100159206802,0.0100449962144,0.0100260425823,0.0101322878739,0.0214511488279,0.0110262902896,0.0100233445165,0.0100284435563,0.0100292289414,0.0100769876735,0.0100036007909,0.0100046207659,0.0100050322746,0.0100452382698,0.0100452382698,0.0221190999907,0.0246182976079,0.0828534483796,0.0430066283316,0.0350585725002,0.0469575890532,0.0589436903797,0.0100033381375,0.0100085085458,0.0100081795374,0.0258162160745,0.0100374936463,0.0100181640467,0.0100099998025,0.0100050590743,0.0100073632965,0.010007927084,0.0100094987184,0.0100077240084,0.0100070737923,0.010264415078,0.0380685142285,0.0267905108172,0.0127408374154,0.0188434130023,0.0113826286468,0.0100748844128,0.0100207058232,0.0100069741982,0.0100090941138,29.1076789812,17.6446254881,1.97117540548,5.01124831213,19.6268042033,12.5792252675,2.64223783317,1.29308889695,4.31833501801,12.5330498134,2.16329144488,2.05577145933,1.14108088027,1.59116027498,1.88371466827,6.93578404375,6.36118133039,5.78332177285,0,0,4.14182966354,5.04981681504,97.5466285703,11.0182972486,11.1262747715,10.9145246355,11.3214195173,4.0782101861,4.64837670237,1.0106665904,14.3840295551,2.46888011308,0.753488410797,1.71230560622,2.58747788378,1.62612303947,2.36968168484,1.73027763812,2.06120589701,1.97422424116,0.295694516413,4.12344346166,2.42057979295,0.620732706857,1.22694050876,0.466997946215,0.649161131011,0.460638309693,1.90010242638,1.16795522164
sobol__0000460,2.64639351,55.66606534,-34.83885182,109.93182752,34.51083519,-0.05628949,45.84578524,1,usable,Converged with independently replayed constrained generalized-force equilibrium and small reserve torques,305.098567,0.155331697507,1.93618870589e-08,2.20268248086e-13,4.10427302183e-05,8,0,0.0810193748155,0.255915807986,0.0103362898893,0.0917716560009,0.104988957888,0.0128054505315,0.0101465048641,0.0100492249019,0.0101065125442,0.0100130395577,0.0100112100083,0.0100350833466,0.0100352035931,0.010032689718,0.0100339994327,0.0100440299614,0.0101541238675,0.0101546138995,0.0102211254353,0.0102546275638,0.0252028375646,0.0100219477624,0.0128775832186,0.0102621823269,0.0355563877071,0.0966598164118,0.167180850978,0.0100110014947,0.0102546275638,0.0102546275638,0.0295335728128,0.0130070104611,0.0102546275638,0.0100202981981,0.010004786848,0.0100071058467,0.0100071127975,0.010008850476,0.0100070391484,0.0100065965333,0.0216361748957,0.0955266769852,0.0766407416605,0.0384867765005,0.0505237086005,0.0223388845991,0.0102394406796,0.010030608588,0.0100089997802,0.0100098138191,55.5541114464,235.261318419,1.91534722942,38.8733982519,107.013610248,16.7210511123,2.5577220044,1.40566070943,4.48620507157,6.57333592596,4.68080902371,2.56976196626,2.38674701338,1.75224482027,2.08603190033,2.82075083358,7.28389314899,7.22609236679,2.87328817369,0,12.7239437507,3.08445523701,13.1952698448,1.26354102141,10.9275769594,15.7921349272,22.074005605,1.20926834639,0,0,13.3667984646,3.42030307487,0,0.615121155999,2.38341310534,1.54719526032,2.24884340455,1.63507524786,1.91852644748,1.86106301823,0.353211171074,5.91449791699,4.24198567649,1.32632130491,1.90489280771,0.541541746709,0.525789457804,0.461279433074,1.92383056509,1.12305034162
sobol__0000464,-47.97860649,19.10356534,-58.27635182,113.99432752,-70.48916481,16.34996051,-2.90421476,1,usable,Converged with independently replayed constrained generalized-force equilibrium and small reserve torques,355.207984,0.0469607306116,2.31273986628e-08,3.22253578279e-13,1.27298718929e-05,11,0,0.0100069700264,0.107310263996,0.0557068307303,0.0738113090737,0.0441739880947,0.0100084217941,0.0101428189478,0.0136545482607,0.0100056979627,0.0100023052414,0.0100026660052,0.0190706590028,0.0153658708719,0.0100448712772,0.0100091648061,0.023714886218,0.0100086398481,0.010008665876,0.0100223341466,0.0739832809417,0.0867793519268,0.0100241466192,0.0718411855881,0.0100049737476,0.0100108911225,0.0100155614718,0.0100067520112,0.0122793630163,0.0100299847164,0.010158088807,0.0100040999027,0.0100142516413,0.0100382663479,0.0100298558434,0.012818809779,0.0105166521618,0.0100802324096,0.0100768817997,0.0101649610363,0.0137894954505,0.0100266859841,0.0100118378537,0.0100148499673,0.0100235448331,0.0100192733134,0.0100274035134,0.0100471639301,0.0101777501853,0.0298160296252,0.0244478537518,2.4563835378,115.037418639,9.85701290574,34.2253423032,43.4246017146,12.2416100506,1.86459423536,1.78689314173,4.44153718801,6.3857213003,4.16531611531,4.32428509364,2.05865858349,1.64644758367,1.9802173098,10.9536720181,7.18001261144,7.15341839829,2.83717845951,25.2717737951,41.0565332852,2.92949112722,70.4075856931,2.05464640456,3.10282289512,2.4975900201,1.9199149084,4.82217277818,1.49035074742,0.973010041613,5.57406312965,2.39206793568,0.550410454381,1.59924228383,3.30204473322,1.61791214371,2.38562064442,1.74180527947,2.15081332091,2.69338105895,0.311401592429,1.0860495569,0.899868123384,0.487727092204,0.651996782671,0.433919382877,0.694220203784,0.432135164051,4.88161046837,2.69674300009
sobol__0000468,19.52139351,35.35356534,35.47364818,0.24432752,-10.48916481,20.72496051,-47.90421476,1,usable,Converged with independently replayed constrained generalized-force equilibrium and small reserve torques,424.003961,0.647093068625,1.22456656718e-06,1.3175500406e-12,1.84098598561e-05,23,0,0.192945334974,0.291318297837,0.0100135838984,0.0879443713317,0.010056546694,0.181829912175,0.0100087988258,0.0100092227668,0.0100339531286,0.0100031213698,0.0100038461184,0.0100076601975,0.0100093970468,0.0100069244391,0.0100080179153,0.458522973489,0.40875337201,0.297794827949,0.0100452368645,0.0258086622137,0.0100039329134,0.010003616992,0.0100008273427,0.0100029949695,0.0100452368645,0.0715438577533,0.0100057629053,0.0100036679869,0.0100008011225,0.0100154008585,0.0100033036303,0.0100191531639,0.0100092922271,0.0100047035455,0.0100054895613,0.0100101243207,0.0100043875177,0.0100061106441,0.0100055943511,0.0100095416264,0.0136298202816,0.0440607453129,0.0519128218291,0.0346061342458,0.0124961119093,0.0118815592324,0.0352565727071,0.0207430194965,0.0100210619173,0.0348399301541,182.489176034,297.358153871,1.99474366147,43.4298278384,9.24785015677,218.527766601,2.69604477642,1.34457518192,4.32408895239,6.0610572069,3.08924052459,2.31145420133,1.64229320961,1.67493342954,1.9791438756,312.451205508,179.610472609,95.332739517,0,9.7885093538,2.60614816116,1.59880626958,11.5057093495,2.3259368714,0,17.9916359018,1.74793786702,2.02064340212,4.79135379652,0.388308115761,3.4068786673,2.85239835348,0.592817302205,1.50741954091,2.27734869613,1.30997289503,2.27109421684,1.67807476008,2.12510622329,1.72349539081,0.525798994448,4.00856211381,4.53692597259,1.54993439586,0.861648901992,0.550195887987,2.95808287606,0.809895129679,0.852708499484,3.17248678846
sobol__0000472,-36.72860649,59.72856534,82.34864818,73.36932752,19.51083519,9.78746051,-55.40421476,1,usable,Converged with independently replayed constrained generalized-force equilibrium and small reserve torques,324.366236,0.92595243892,4.92107545824e-08,1.64780597876e-12,8.98194642475e-05,22,0,0.0100011575005,0.264996557794,0.506945072814,0.010001574669,0.0100002033696,0.0100000718068,0.0100452382146,0.0100017638926,0.010000535573,0.0100001341263,0.0100001476761,0.010001439268,0.0100002863913,0.0100008429177,0.0100006606971,0.0410708326768,0.329363789766,0.322314362968,0.0615621390301,0.0100452382146,0.418930361397,0.0100004721417,0.0100007990541,0.0100009089224,0.0100452382146,0.0890568443427,0.0100024042859,0.0100029859664,0.0100008030209,0.0100072024265,0.372312889768,0.223550360001,0.0100058382054,0.0100034425315,0.0101548637301,0.0200325769105,0.0100070615111,0.010011416699,0.0100235255924,0.0271819045362,0.0100718651397,0.0108374622219,0.0372598811893,0.0334238969214,0.0100155288435,0.0101295624078,0.010042711639,0.0231833399221,0.0100223884947,0.0349956307305,1.61912893988,265.275919343,81.951289825,3.04638876865,3.60036997973,12.2086354201,0,1.25070374783,4.43906112604,6.57096904392,4.77616017615,1.82065334177,1.9962208167,0.451706927593,1.77415684369,18.586219342,227.65736325,218.016481035,14.0768979681,0,177.140334608,1.41841765863,11.3673389537,2.65768545901,0,21.397883574,1.9283303649,3.87025020769,4.7487877331,0.803098707122,203.149741801,60.8381343189,0.75342486082,1.71256673248,2.32606808303,2.68364853231,2.19638501512,1.64411886905,2.12890126401,4.77528468493,0.396773567714,1.11662590605,3.39165577506,1.53844761879,0.72508849426,0.466602878518,0.862773282727,1.0097949105,0.839207845351,3.5015701541
sobol__0000476,-14.22860649,10.97856534,-11.40135182,57.11932752,79.51083519,14.16246051,-10.40421476,1,usable,Converged with independently replayed constrained generalized-force equilibrium and small reserve torques,340.720665,0.14721269733,2.65543160793e-08,3.4279700055e-13,4.68070988781e-05,17,0,0.0569010529888,0.0891794286088,0.0100191234151,0.0296442949043,0.0395845942737,0.0100258300066,0.0100309741615,0.0100159159881,0.0100208220233,0.0100101400312,0.0100169421255,0.0100145105461,0.0100184013602,0.0100162911969,0.0100285920598,0.0100047050753,0.0100112351224,0.0100114286685,0.0100360609088,0.0100452381622,0.0100022344038,0.0100021025405,0.0388620189638,0.0100014655795,0.0100084292203,0.0571937290998,0.0105363831028,0.0100010525664,0.0100015864817,0.0100030975772,0.328138460527,0.0525361638758,0.0100060008205,0.0100028681359,0.0100029812831,0.0100049233801,0.010004325803,0.0100054648597,0.0100046674291,0.0100053590684,0.0208376522914,0.0832182719693,0.0702431167746,0.0362302724275,0.0244202739024,0.0227345526522,0.0107227348266,0.010028167128,0.0100068646575,0.0100119305864,40.0044221033,95.8936935067,1.92816259909,14.7978872363,42.5701413824,13.06480022,2.52618229191,1.32236357756,4.37586746357,6.03107490046,2.26681249484,2.2514720721,1.38832008128,1.63836475262,1.90862233361,5.98045932794,6.75361993668,6.6018098296,1.01411939852,0,2.2989104786,2.16474121921,45.3909541368,2.76034330199,3.37316379156,14.0131390804,2.03148420521,4.07261273756,4.5302689517,1.002066595,173.334488696,9.93757440607,0.746539837142,1.70584696773,2.58866271929,1.62147571735,2.36889444072,1.72986205008,2.08461957533,1.97385846683,0.646403907279,9.07843892328,6.47007061898,1.76622598778,1.66786551485,1.02933887941,0.668911670769,0.434841408267,1.56190412302,1.10841018093
sobol__0000480,-56.41610649,13.00981534,61.25489818,99.77557752,-17.98916481,19.08433551,-31.02921476,1,usable,Converged with independently replayed constrained generalized-force equilibrium and small reserve torques,423.091173,0.0778565555534,3.58518121857e-08,1.28217606911e-13,3.12184957443e-05,10,0,0.0100024964519,0.0100006069508,0.0100158685655,0.0110573343526,0.0100008527964,0.0100007259348,0.0532837084725,0.0969680266317,0.0899692724225,0.010023228375,0.0100026258345,0.106863190059,0.035059884193,0.0415532774583,0.0646777724625,0.0731425999248,0.0317616878222,0.0311790902334,0.0101360724185,0.0100052496148,0.11133858256,0.0100063269796,0.010006735822,0.0160567911912,0.0532133538245,0.0134279210342,0.0100095305745,0.0303679198117,0.0100058847271,0.010119078448,0.0988386614059,0.0401570072924,0.0100312314838,0.0100291057684,0.0118110798838,0.0104607436962,0.0100276619699,0.0100374297111,0.0100663710058,0.0106550724475,0.0100357089858,0.0100302773348,0.0100469979205,0.0100639208138,0.0100239591622,0.0100443296576,0.0100911107801,0.0102000175586,0.0101960938203,0.0186318638145,5.68226589749,11.0050997912,1.94255257798,5.28772881537,6.3652375749,12.3473737677,14.186192394,10.0050264674,38.5870695911,6.04323914488,3.44412302831,17.427919252,2.20221386398,6.0839126028,12.3666274784,28.774239466,22.7200772915,21.8934557124,2.75382931124,3.79786644431,55.5281108039,3.00427740744,10.7100555658,3.64945556415,16.3332280127,3.3877746786,1.91856272939,12.3608060392,3.63301304048,1.02186795196,53.7328785318,11.4311189433,0.686872564818,1.64742937014,2.90832153259,1.48779703006,2.34886717041,1.72448405283,2.13782615222,1.96542562056,0.387018213922,1.07439397577,0.948090923485,0.48631665618,0.725478871764,0.475073731284,0.785420171165,0.410660757562,1.16924062457,1.82522986192
sobol__0000484,11.08389351,61.75981534,5.00489818,18.52557752,-77.98916481,23.45933551,-16.02921476,1,usable,Converged with independently replayed constrained generalized-force equilibrium and small reserve torques,297.95419,0.310176914136,1.84216048638e-07,1.06581410364e-12,4.39876983989e-05,23,0,0.0130804630263,0.413049340647,0.0406211342147,0.116204060064,0.0896476823274,0.0792904031401,0.0100108418811,0.0100075413732,0.0100065967413,0.0100012056239,0.0100011231714,0.0100054902579,0.0100055991684,0.0100043654937,0.0100030346039,0.01000640329,0.0184128540788,0.0151514469829,0.0100452376645,0.246376982992,0.143463885089,0.0100197573829,0.0100165300541,0.0100038955214,0.0100026440825,0.0100084454174,0.104508357919,0.0100018066562,0.0647628104225,0.0100061478606,0.0100036126053,0.0100060002689,0.0100105372976,0.0100046495725,0.0100042159813,0.0100065582057,0.010013100758,0.010012126454,0.0100078849862,0.0100067253717,0.0252966604107,0.0680654920178,0.0459917303129,0.0146480647939,0.0440296850974,0.0140869625583,0.0100169035236,0.0100114418543,0.010005457264,0.0100049576328,11.8787942935,349.880618937,7.83982437,53.5069092838,96.4040439405,97.5216148078,2.68805755156,1.39857371241,4.43194597052,6.42561870734,4.55365043827,2.54619180972,2.36694329922,1.7463112631,2.08057604613,5.93091884738,10.9305233065,7.37986542186,0,82.0552222891,50.5366587932,1.32922708615,11.7798438729,2.41154700681,2.98063799474,2.51154841307,19.3677069319,2.56587511527,30.7049166727,0.561117017165,1.562578055,2.32597298103,0.683757921638,1.64118509402,2.44418694546,1.40843353508,2.35497701272,1.72306212083,2.1253910707,1.84768904516,0.994021760015,7.16651029185,4.32906774218,0.706285780346,3.18686815072,0.664994040824,0.721598091533,0.38459508502,1.30211539531,0.967434299702
sobol__0000488,-22.66610649,37.38481534,-23.12010182,91.65057752,72.01083519,8.14683551,-23.52921476,1,usable,Converged with independently replayed constrained generalized-force equilibrium and small reserve torques,294.429023,0.0793690062067,3.30249960712e-08,2.20194784566e-13,8.77973834495e-06,19,0,0.0464001844575,0.202633829679,0.0100189250303,0.0745497269104,0.0734357031118,0.0100645936622,0.0100195545131,0.0100093981355,0.0100119584363,0.0100035161359,0.0100032688655,0.0100077723772,0.0100101333382,0.010007920262,0.0100097616338,0.0100036407576,0.010010211029,0.0100103759636,0.0100266172344,0.0100452380322,0.0108692250067,0.0100062210772,0.0619932822285,0.0100127017667,0.0251299866755,0.0574138445205,0.0468644765719,0.0100025828847,0.0100049464325,0.0100069117376,0.0732446141509,0.014591289805,0.0100151226782,0.0100078072932,0.010005420743,0.0100082133608,0.0100081487854,0.010009866908,0.0100080036676,0.010008038065,0.0139106924633,0.0529546990879,0.0452636012222,0.0210618267599,0.0221528438502,0.0157943137453,0.0101503993543,0.0100248504571,0.010007965944,0.0100111119563,19.7436143543,205.546837603,1.78173594276,35.4033539409,78.7262469129,13.0366673612,2.54248810401,1.32276552771,4.44439138346,6.46373066758,4.48083075698,2.26741936276,1.46915352036,1.67553628318,2.08020033142,5.02660089138,7.09541762894,6.950088056,2.6490191788,0,4.77445929776,2.40217184731,67.7579196763,2.54324720885,7.91650296235,14.4957113497,8.87562186732,4.06515150428,4.42634305803,1.01059976038,34.1840657943,2.96756164447,0.712901402684,1.66645200281,2.58616264507,1.59496920016,2.36623260234,1.72986265623,2.11127761376,1.97076300033,0.458757536915,5.78262168741,4.26825040263,1.02775628967,1.48621697553,0.746317777184,0.727457320539,0.45394685512,1.42421020313,1.13253426288
sobol__0000492,-0.16610649,21.13481534,33.12989818,42.90057752,12.01083519,12.52183551,-38.52921476,1,usable,Converged with independently replayed constrained generalized-force equilibrium and small reserve torques,311.970912,0.0422642612803,1.58541197948e-08,4.83169060317e-13,8.30034911629e-06,8,0,0.0223857762173,0.112964150416,0.0100999234296,0.0329816271274,0.0595791217507,0.0149383894261,0.0100505992144,0.0100237446928,0.0100170370914,0.0100076352464,0.0100147416218,0.010021278605,0.0100301638515,0.0100219167504,0.0100217806239,0.0100071640027,0.0100086206393,0.0100088381588,0.0100619465636,0.01006196502,0.033617181835,0.0101020437085,0.0623754573041,0.0494391542358,0.01006196502,0.102889944409,0.0100092704192,0.0100115495898,0.0100025560721,0.0100215775783,0.0254417954187,0.010064863794,0.0100196785755,0.0100111543104,0.0100096177769,0.0100166324464,0.0100087665152,0.0100119893003,0.010011190777,0.0100162005389,0.0100954957439,0.0152618230616,0.0260781213944,0.0175045949177,0.010061956565,0.0121474719456,0.0195796544955,0.0114072363392,0.0100214255755,0.015552158267,17.126144855,119.102113448,1.97941587862,16.4637338001,52.6356590314,18.2165287032,2.69825995434,1.30406037946,4.32387239611,6.02595174936,2.80588172917,2.06068422882,1.18882396049,1.61203681263,1.94643146118,5.70761540574,6.58757828679,6.39970783791,0.000591793722095,0,10.9809739579,2.34203138177,73.4299051408,13.6135052966,0,25.7309906924,1.89563247049,3.47154832637,4.78168517977,0.741635977201,14.1045682946,2.78525430427,0.752743072615,1.71306944121,2.47606742116,1.4455884676,2.32326342916,1.71347077232,2.12613692278,1.86860014363,0.395791293734,1.59983085565,2.42519606446,0.826652942482,0.728474589864,0.574160293448,1.58077500408,0.49189374757,1.11039808753,1.60754351316
sobol__0000496,-39.54110649,49.57231534,47.19239818,55.08807752,-52.98916481,-3.88441449,25.22078524,1,usable,Converged with independently replayed constrained generalized-force equilibrium and small reserve torques,393.248498,0.0748365004942,3.80393450072e-08,3.94889648613e-13,1.07719183204e-05,23,0,0.0100044051147,0.194411550031,0.120968331009,0.0100019189444,0.0100012579378,0.010005930766,0.069876504997,0.0278085094632,0.0100049468995,0.0100011915516,0.0100013114687,0.0465954450207,0.0100937558483,0.0100083649162,0.010003597097,0.0244535367999,0.0100119575421,0.0100121621172,0.0100378903875,0.0442361527849,0.027018675708,0.0100055600902,0.0342852218034,0.010014120981,0.0107073257016,0.0449632810334,0.0489541828153,0.0100019983306,0.0100038964079,0.0100056446766,0.0100079801046,0.0100167211446,0.0100103459779,0.0100049226472,0.0100029220102,0.010004358607,0.010004372618,0.0100053920677,0.010004352106,0.0100041424251,0.0101336967507,0.0328918679048,0.0254117933435,0.0124696410929,0.0168862640016,0.0103544443669,0.0100873172095,0.0100181977484,0.010006855725,0.0100076570511,2.21040670922,196.309165248,19.1041623299,3.70302517171,6.39800400881,11.8113824027,18.0218716187,3.1206037196,4.44108803698,6.52594611142,4.60193170378,7.87321111773,0.929712764679,1.64103184937,2.06019130503,15.0752467938,6.73194243407,6.57838219177,0.841190040319,15.6970058465,10.4670311567,2.0334206233,40.1461958158,2.76354076124,3.60914428519,10.660265152,7.58563744954,3.94866133558,4.35710266719,0.958265954923,3.91744160371,2.58139424776,0.696115067892,1.63535876624,2.55992711599,1.62553736645,2.36538576284,1.72244428447,2.03744195665,1.96848389264,0.203114412639,2.69782160935,1.85195079509,0.542138141187,0.832521402095,0.349006003433,0.702608948869,0.460459785917,2.00941133053,1.14383363466
sobol__0000500,27.95889351,0.82231534,-46.55760182,71.33807752,-32.98916481,-8.25941449,40.22078524,1,usable,Converged with independently replayed constrained generalized-force equilibrium and small reserve torques,478.974433,0.0939150741729,3.60515020614e-07,7.09807899181e-13,2.95078627522e-05,6,0,0.0142713887274,0.010012542065,0.0100259018951,0.0100275382589,0.0254579549247,0.0100082373133,0.0100999608713,0.0100318203009,0.0105204413643,0.0233368399342,0.0102526774801,0.0100245090581,0.0100266138198,0.0100289851654,0.01012261921,0.0143902950822,0.0313773955691,0.0307048354383,0.0101013352203,0.061440187414,0.0556716744762,0.0430757257572,0.0100073549378,0.0100042120218,0.211634054477,0.125675318666,0.0100033135763,0.062961814303,0.0100017522946,0.0100723877092,0.0100035656015,0.0100112894402,0.0100244405951,0.0100137211289,0.0455053218756,0.0427662907855,0.0100171020767,0.0100430637517,0.0180658648582,0.0596108059314,0.0100282449037,0.0100190900986,0.0100484140644,0.0121138547844,0.0100162805461,0.0111974326397,0.030182859189,0.0366348852891,0.0100106774639,0.0621826604902,9.43598497037,11.0052972322,1.9351228811,4.99242208857,25.4044955707,12.0899017227,2.01112672728,1.3487173965,4.63563109093,14.0618372768,2.00491943005,2.43942455781,1.69342644901,1.66557267124,1.86571338003,7.62993041201,21.6261869745,20.708250505,2.17381363291,22.766669664,29.071691336,13.6211979537,11.4187765227,2.7096386007,71.3599415915,27.9028148792,1.31921362547,22.8247981342,3.0141329927,0.7036192282,5.35980706468,2.79810226788,0.385620386706,1.52474254139,11.1959578792,6.79711057915,2.31199318821,1.6828850941,3.56825359805,11.3623865424,0.154617381514,0.652918863497,0.614634992184,0.464123980896,0.402903554287,0.329520437154,1.99422410826,1.66340086863,1.94757437505,6.89014179217
sobol__0000504,-28.29110649,25.19731534,-18.43260182,14.46307752,37.01083519,7.05308551,32.72078524,1,usable,Converged with independently replayed constrained generalized-force equilibrium and small reserve torques,385.492917,0.0603573155004,2.74800928679e-08,3.8369307731e-13,1.20840460991e-05,21,0,0.0100036127231,0.153767614206,0.0744530768794,0.0512964424966,0.0214294441843,0.0172779675824,0.0100642793721,0.0163064241368,0.0100044586963,0.0100018160831,0.0100022639712,0.0228133623293,0.0171778586686,0.010038672238,0.0100065033001,0.0223702136011,0.0100055116689,0.0100067072529,0.0100452379361,0.0100452379361,0.0261070797677,0.0100451973831,0.0714657075167,0.0311632949367,0.0364863718441,0.0521075973023,0.0931488855599,0.0100020310315,0.0100047336125,0.0100055040076,0.0100033733752,0.0100066849368,0.0100108609125,0.0100051758855,0.0100025883737,0.0100037247248,0.0100039404695,0.0100048283701,0.0100038048268,0.0100034970106,0.0104051590196,0.0426044071178,0.0299569813971,0.0135167306747,0.026280856183,0.0105818244482,0.0100633959565,0.0100134978842,0.0100039687321,0.0100049694315,4.76870040862,161.06358574,13.6472383259,25.213455807,23.0319656044,22.4372597298,2.53312082874,2.12727273372,4.44001274062,6.28709930145,3.89792084112,4.94800526597,2.17910007501,1.6446727427,2.00644606701,17.2544852221,5.62701423125,4.48734172268,0,0,3.69707821319,1.28925639595,83.9141074719,7.51788162575,9.24593257677,8.65955439978,17.8610857168,4.02935222817,4.18450029474,0.958285227364,5.43249786178,2.61575591739,0.698162505148,1.63323697245,2.46180966831,1.59175581713,2.29664754612,1.67131475849,1.97066884798,1.91495905348,0.255448062367,3.92995463715,2.27381503168,0.580453450649,1.53210782768,0.294729481021,0.509842625377,0.460284687386,2.00935188608,1.16633498161
