sample_id,elv_angle,shoulder_elv,shoulder_rot,elbow_flexion,pro_sup,deviation,flexion,capacity_target,capacity_muscles,capacity_scale,usable,status,reason,duration_ms,objective,max_assembly_error_deg,max_equilibrium_residual,max_reserve_torque_nm,muscles_at_floor,muscles_at_capacity,activation__DELT1,activation__DELT2,activation__DELT3,activation__SUPSP,activation__INFSP,activation__SUBSC,activation__TMIN,activation__TMAJ,activation__PECM1,activation__PECM2,activation__PECM3,activation__LAT1,activation__LAT2,activation__LAT3,activation__CORB,activation__TRIlong,activation__TRIlat,activation__TRImed,activation__ANC,activation__SUP,activation__BIClong,activation__BICshort,activation__BRA,activation__BRD,activation__ECRL,activation__ECRB,activation__ECU,activation__FCR,activation__FCU,activation__PL,activation__PT,activation__PQ,activation__FDSL,activation__FDSR,activation__FDSM,activation__FDSI,activation__FDPL,activation__FDPR,activation__FDPM,activation__FDPI,activation__EDCL,activation__EDCR,activation__EDCM,activation__EDCI,activation__EDM,activation__EIP,activation__EPL,activation__EPB,activation__FPL,activation__APL,active_force_n__DELT1,active_force_n__DELT2,active_force_n__DELT3,active_force_n__SUPSP,active_force_n__INFSP,active_force_n__SUBSC,active_force_n__TMIN,active_force_n__TMAJ,active_force_n__PECM1,active_force_n__PECM2,active_force_n__PECM3,active_force_n__LAT1,active_force_n__LAT2,active_force_n__LAT3,active_force_n__CORB,active_force_n__TRIlong,active_force_n__TRIlat,active_force_n__TRImed,active_force_n__ANC,active_force_n__SUP,active_force_n__BIClong,active_force_n__BICshort,active_force_n__BRA,active_force_n__BRD,active_force_n__ECRL,active_force_n__ECRB,active_force_n__ECU,active_force_n__FCR,active_force_n__FCU,active_force_n__PL,active_force_n__PT,active_force_n__PQ,active_force_n__FDSL,active_force_n__FDSR,active_force_n__FDSM,active_force_n__FDSI,active_force_n__FDPL,active_force_n__FDPR,active_force_n__FDPM,active_force_n__FDPI,active_force_n__EDCL,active_force_n__EDCR,active_force_n__EDCM,active_force_n__EDCI,active_force_n__EDM,active_force_n__EIP,active_force_n__EPL,active_force_n__EPB,active_force_n__FPL,active_force_n__APL
sobol__0002818@@pectoralis_major@@0.50,84.07705757,31.76713956,78.43019115,88.1276283,61.65927269,-8.47303754,25.66023837,Pectoralis major,PECM1;PECM2;PECM3,0.5,1,usable,Converged with independently replayed constrained generalized-force equilibrium and small reserve torques,498.29454,0.254939864317,1.82639885438e-07,7.24753590475e-13,2.12770111952e-05,11,0,0.0834370177359,0.0100006332824,0.015142158478,0.0100014555071,0.0583725810079,0.0100009077283,0.0514891031518,0.051073756307,0.158023912454,0.177356517566,0.0337858473978,0.010207178063,0.0100748911591,0.0100222010455,0.0895695522184,0.154387375507,0.0510934334097,0.0500319098557,0.0108300423299,0.0100452377981,0.0100009631223,0.0228696662646,0.010004479709,0.0100021308135,0.276840013405,0.167176712518,0.0100025750112,0.0700404380908,0.0100010008778,0.0100209774504,0.123069333166,0.0479828972976,0.0100129737893,0.0100061559353,0.0349046350749,0.0433099028764,0.0100080075218,0.0100164447084,0.0103725299891,0.0634506573162,0.0100290645375,0.0100248118311,0.0173268616872,0.025380938151,0.0100133337774,0.0154899460965,0.0270702501161,0.0382584920977,0.0100094418126,0.0650951947609,101.625219172,10.6523146983,3.01628296494,4.81974441908,40.0076425793,12.2777511525,13.5780956574,6.77133051955,31.5556666351,40.9094379122,1.78779202514,2.28789195963,1.66922589757,1.67210557083,14.2895259959,32.9645218164,36.0467248403,34.5641035073,2.82555901472,0,5.23098368743,7.23523660774,11.0246190683,2.55741362699,88.9556984827,36.9400556545,1.18863041759,25.0696223113,3.59863289423,0.768776012655,60.9240077268,11.0394159482,0.461526805731,1.54032040222,8.67412519065,6.92125302326,2.33721905155,1.69751209288,2.06492035343,12.1629600952,0.176411041723,0.737036699568,1.15347347468,1.05941493741,0.413042283445,0.527125176826,1.68759165481,1.74857654691,2.00960618235,7.37668377243
sobol__0001065@@posterior_deltoid@@0.50,65.13662788,116.54008878,85.79103099,115.96210096,-3.06728981,-6.70423871,42.50594149,Posterior deltoid,DELT3,0.5,1,usable,Converged with independently replayed constrained generalized-force equilibrium and small reserve torques,310.923696,1.5572005692,8.06790421137e-08,3.61666252502e-12,0.000134755413716,25,0,0.0100006449359,0.564807727086,0.27304800553,0.107353343324,0.0100452376857,0.249131555791,0.982733700374,0.0100009442769,0.0100002998789,0.0100000871565,0.0100001131631,0.0100005269711,0.0100004463978,0.0100004912489,0.0100005058746,0.0100452376857,0.148873024589,0.148545532641,0.0367246803115,0.0100032039694,0.174166815937,0.0100003098077,0.0100017864089,0.0100081221573,0.0100080089224,0.0733002994068,0.119002904265,0.0100028402491,0.0100452376857,0.0100452376857,0.0977167515089,0.0714625501763,0.0100452376857,0.0100041460411,0.0100011591891,0.0100017242632,0.0100017057877,0.0100021255166,0.0100017006504,0.0100015813183,0.0153784677986,0.0712354907629,0.0579575001595,0.0286758590511,0.0353294730105,0.0167052225693,0.0100402191315,0.0100079423963,0.0100038908307,0.0100029626225,8.76196273075,218.749549934,25.5677903358,16.6652435881,0,285.33484338,248.267588,1.42780763484,3.98514851135,6.33346548132,4.62681965048,2.71377846441,3.01246178718,1.87912122078,2.08023717683,0,106.799342977,106.329989095,10.4000143123,3.70807621367,63.3691450623,3.1606823143,9.48643889764,0.697010519926,2.83115623104,13.9745218851,14.7736258779,1.1372451545,0,0,49.7215588501,20.3209812479,0,0.678330079473,2.42121328765,1.56744100665,2.28113170511,1.65651155989,1.94945672755,1.8826205946,0.250708103438,4.61967394507,3.42210380213,1.08008875704,1.33022062468,0.465037928254,0.616454802591,0.455526362784,1.93246731885,1.10691455597
sobol__0003163@@supraspinatus@@0.25,10.16104194,88.95952238,-42.93211354,118.53290174,-59.51260231,-9.68641644,12.00789462,Supraspinatus,SUPSP,0.25,1,usable,Converged with independently replayed constrained generalized-force equilibrium and small reserve torques,418.707374,5.71694751854,9.32076709148e-07,3.75956340425e-12,0.000506506838491,26,3,0.010001143902,0.600124203738,0.225134968817,0.0487753701376,0.155197324184,0.160902158043,0.010006184168,0.010005595962,0.0100052392163,0.0100004748037,0.0100004420095,0.0100049858944,0.0100035216124,0.0100022908704,0.0100012882503,0.101086587569,0.500656013834,0.500160713948,0.126232794042,0.999999793572,0.41350570248,0.147365890452,0.0100005697782,0.010000098184,0.999999182265,0.999999768444,0.0100001537182,0.357246708868,0.0100000854377,0.010001207061,0.0100000693675,0.0100004032649,0.0100012597254,0.0100003588481,0.0930383402907,0.342215977757,0.0100005241325,0.0100011393665,0.0100051083917,0.679604641041,0.0100024962901,0.0100008323155,0.0389931932403,0.203305089093,0.0100009906182,0.15889568044,0.322665529665,0.399093432065,0.0100009548264,0.695599867033,9.98258737362,233.452259867,42.5507124107,1.95715361414,152.491862457,209.778897917,2.53864439575,1.4393701168,4.44139298552,6.55562693968,4.96463190184,2.66667541225,2.88156080576,1.8346903338,1.65070349135,10.9362349867,359.163853958,358.453791815,35.7491223217,350.145624883,116.226034305,46.6852724381,9.01040331247,1.43524054604,245.002102702,251.930290945,1.2568911938,129.439390725,2.69906294054,0.818900580822,5.53171868493,2.50136547543,0.37709357897,1.55319337774,24.0768547426,55.5821368006,2.36795005607,1.72911378947,2.0826493609,134.080246685,0.222130121686,0.888873531574,3.10256468109,9.75378824088,0.475894908046,6.35146685264,24.968275742,18.3134363824,2.00891023405,80.2332067272
sobol__0001218@@pectoralis_major@@0.50,81.30850288,1.26665128,74.65821849,32.17303846,48.80771019,-1.91908246,38.28719149,Pectoralis major,PECM1;PECM2;PECM3,0.5,1,usable,Converged with independently replayed constrained generalized-force equilibrium and small reserve torques,395.505364,0.195475491856,3.18432242796e-07,2.87540262728e-13,0.000317406833132,23,0,0.0100005088507,0.0100005237396,0.0936864531872,0.0100082278961,0.0100010226251,0.0100006481652,0.0919119563929,0.156348133803,0.0100051857089,0.010004711954,0.010002653388,0.155641991783,0.0737127500341,0.105936198533,0.0192478379107,0.181421070479,0.0100025591978,0.0100027203905,0.010045237468,0.010045237468,0.133610686459,0.0288501675408,0.158772637418,0.0870526317201,0.0430310093689,0.0485072117035,0.0920522789286,0.0100015018795,0.0100042267413,0.0100042233372,0.0866121756589,0.0102751521704,0.0100078684398,0.010003589755,0.0100018572318,0.0100027293742,0.0100027996601,0.0100034451685,0.0100027463963,0.0100025395817,0.0110698435218,0.0482362138351,0.0367461162724,0.0167165103025,0.0269006557587,0.0111419867345,0.0100424401681,0.0100102819531,0.0100037078774,0.0100037599027,8.32630628802,10.990493547,18.8663974801,4.99464936535,5.92201557268,12.4174405414,24.7588672172,19.0837909989,2.11001093193,2.90894139462,1.44882476246,27.5948418928,6.20319825145,15.9309111503,3.44933435199,103.308513778,6.42871418268,6.02653197422,0,0,44.5442598384,6.55629950452,186.934061354,22.8431492967,12.6923293874,8.6691606994,14.9562634645,3.87734894277,4.22105259783,0.920687161249,48.2579417215,2.59841192737,0.672794443149,1.59582554634,2.42007279536,1.56529897814,2.27809917692,1.65557698003,1.94594165481,1.88111406037,0.210123486199,3.65112773246,2.42464514138,0.6576212224,1.30043659591,0.30709685908,0.545295665304,0.460143673647,1.95783611063,1.12821563566
sobol__0003903@@brachioradialis@@0.25,-53.99911431,107.11381925,16.68702708,116.37469862,-9.98135231,-2.47450238,-15.29679288,Brachioradialis,BRD,0.25,1,usable,Converged with independently replayed constrained generalized-force equilibrium and small reserve torques,399.178054,1.83390391538,4.18452898998e-08,4.08562073062e-12,0.000341619328626,13,0,0.568051299136,0.694824138341,0.0100019714793,0.311312198039,0.0100012077484,0.0100037749652,0.0101862987633,0.0100059905351,0.0100006948758,0.0100002768621,0.0100003512283,0.0341694106253,0.0100014008553,0.0100013015227,0.0100042087042,0.881713393448,0.111318909357,0.111101910913,0.0276460901014,0.0100091960528,0.243250061976,0.0100018105067,0.0100099669903,0.0101536532253,0.0196844493031,0.0529761357672,0.0254723287864,0.0100195574174,0.010016545244,0.0100403659768,0.21266295169,0.104345711704,0.0100760904591,0.0100425700369,0.0100534179979,0.0100821314279,0.0100513281646,0.010065755849,0.0100671223678,0.010074853081,0.0116825314654,0.0446500024085,0.0429817869171,0.0218259589997,0.0136777740694,0.0137704245044,0.0102261226071,0.010125615635,0.0100325374049,0.0100559888523,265.487227239,154.301632204,1.8109215733,74.9250517988,3.0723959282,11.5373965532,0,1.39664130819,4.03194634784,5.03994371186,4.8482041747,8.54005175787,2.79698621739,1.82375717358,0.62588281806,158.701610126,79.8586069802,79.5475683457,7.8292133507,3.79468736866,127.728160548,2.31912575724,9.42169610415,0.185061471027,3.18085122649,13.3758690664,4.27443488191,3.78016873481,3.55652695926,0.933671186358,109.452803538,29.706489426,0.550504197521,1.59341796808,2.59781267875,1.59858806663,2.36995327583,1.73847246175,2.12985317838,1.98177871905,0.353218239338,4.86892388174,4.04049365633,1.06504507036,0.824701148463,0.645270254053,0.814351902969,0.465759622167,1.65454713977,1.17339798813
sobol__0002973@@middle_deltoid@@0.75,80.56143257,115.55620206,-13.56199635,51.0573158,78.53427269,5.06211871,-35.74601163,Middle deltoid,DELT2,0.75,1,usable,Converged with independently replayed constrained generalized-force equilibrium and small reserve torques,297.132728,2.48304432922,7.39151175821e-08,2.47268872045e-12,0.000167531454445,25,1,0.615128870639,0.721240421942,0.010005859578,0.0100000931134,0.69428344086,0.0100000413622,0.999999157615,0.010000354936,0.0100000983851,0.0100000306716,0.0100000425612,0.0100001372373,0.0100001284351,0.0100001519067,0.0100001834923,0.0100008182668,0.0566506029037,0.0553028198591,0.0100587639039,0.0100452377837,0.0100001586639,0.0100007320646,0.0100061743649,0.0100013863761,0.0100452377837,0.0517517627087,0.0100019844865,0.010003207524,0.0100009294079,0.0100085188544,0.286154754215,0.053425039196,0.0100066365181,0.0100033990276,0.0100098377128,0.0100305188141,0.0100055183541,0.0100083650356,0.0100108106336,0.0105354311373,0.0100339399464,0.0100186452015,0.0170122970207,0.0202417328982,0.010010418045,0.0100477880462,0.0101812535807,0.0270731275055,0.0116821856759,0.058739720928,548.3388889,394.023245407,1.85482309273,4.94903341526,725.785546276,13.0619078635,254.121025096,1.2787553086,4.39923730262,6.54160144279,4.96555580073,2.75510930801,3.06793497228,1.88072582519,2.0800994365,0.523227228002,37.8363312838,36.0570742916,0.496404387494,0,3.78341021841,0.488977532802,11.7581189207,2.75627539007,0,13.0513439498,1.92832203046,3.55925206534,4.79777399081,0.749484201905,152.993499281,10.1866187392,0.737734249376,1.7091686845,2.54709202179,1.53007843888,2.32874961274,1.71863064223,2.12500262888,2.0514855993,0.359900730795,1.08725645924,1.60556453285,0.972645083386,0.721790544619,0.475238417801,0.785627738282,1.2342764303,1.43037671144,6.57227297364
sobol__0003935@@biceps@@0.50,-58.21786431,122.34819425,74.10890208,97.07782362,71.26864769,13.11143512,-33.10929288,Biceps,BIClong;BICshort,0.5,1,usable,Converged with independently replayed constrained generalized-force equilibrium and small reserve torques,253.594806,3.70823015167,2.99396809567e-08,1.96003903124e-07,0.00239779753998,28,1,0.565528506807,0.0100000715988,0.0100000175835,0.0100000077222,0.01,0.0100000524527,0.0100000109673,0.0100000856696,0.01,0.0100000008382,0.0100000303887,0.0100000910366,0.404003480485,0.999999764352,0.010000973744,0.0100000292278,0.61002561241,0.59810825071,0.128341913957,0.010045237824,0.835912673492,0.0100009458181,0.0100003985069,0.0100001776405,0.0100005091153,0.0100104736475,0.0100012477055,0.0100004982287,0.0100004771806,0.010001552098,0.800784253484,0.312100614036,0.0100022511827,0.0100011345499,0.0100059432831,0.0100276643055,0.0100048494334,0.0100067792263,0.0100097313199,0.0295369082599,0.0202557596546,0.0500817858276,0.0612758210227,0.0443037740003,0.0100072991586,0.0100256037762,0.0100263654083,0.0287520078567,0.0374177412319,0.0701046156088,388.212075694,1.37029301392,1.53023284679,3.38435858973,10.6704185493,12.2770905725,2.32020314069,1.43857805797,4.2349571248,3.70610059721,3.23963213004,2.63234335893,120.195519882,187.974269105,0.087550502541,1.16263517177,435.262536551,418.422191042,34.5478215644,0,216.87974563,0.186847923298,10.7831445005,2.4718089126,3.09170068439,2.52751882589,1.92906941682,4.07836296056,4.38424522703,1.0101161957,338.156395739,64.0070017643,0.711615274533,1.66917198558,2.56078886619,1.53467041549,2.35671456193,1.72613583696,2.1228381293,5.75002647504,0.752730742264,5.42035557885,5.78426455565,2.14696252457,0.718713920594,0.474197900984,0.738161876001,1.23819791441,4.47285221865,7.32978618617
sobol__0003163@@brachialis@@0.00,10.16104194,88.95952238,-42.93211354,118.53290174,-59.51260231,-9.68641644,12.00789462,Brachialis,BRA,0,1,usable,Converged with independently replayed constrained generalized-force equilibrium and small reserve torques,352.128778,5.66829470762,9.42863703557e-07,4.96669372296e-12,0.000495864838979,25,3,0.0100014925467,0.567217633659,0.198964460556,0.181456471137,0.153169559353,0.161322522743,0.0100064777704,0.0100054625557,0.0100066659429,0.0100005118566,0.0100004733002,0.0100046979816,0.0100033739145,0.0100023278487,0.0100013832247,0.0942248057474,0.500113384541,0.499618932007,0.12609583199,0.999999786644,0.414680796886,0.160428235652,0.0100452377785,0.0100001002696,0.999999172833,0.999999763545,0.0100001561427,0.364706276137,0.0100000867764,0.0100012325462,0.0100000709851,0.0100004120544,0.0100012799077,0.0100003650774,0.0940344018203,0.338817152359,0.0100005317668,0.0100011566056,0.0100052342124,0.670784656973,0.0100025350813,0.0100008475969,0.0406046412444,0.201751429454,0.0100010052628,0.157238014434,0.318199826955,0.393415640325,0.0100009628971,0.684981244125,9.9829353703,220.651388038,37.6044627168,29.1243869794,150.499446435,210.326955473,2.53871888488,1.43935092544,4.44202631902,6.55565122918,4.96464743575,2.66659867346,2.88151826059,1.83469711657,1.65071916729,10.193880737,358.77457904,358.065509037,35.710334674,350.145622447,116.556323751,50.8234019772,0,1.43524084603,245.002100425,251.930289715,1.25689149897,132.142177977,2.69906330405,0.81890266831,5.53171957988,2.50136767375,0.377094340512,1.55319434537,24.3346197531,55.0301053624,2.36795186373,1.72911676997,2.08267555167,132.340138439,0.222130983228,0.888874890073,3.23078248726,9.67924968888,0.475895605061,6.28520570296,24.6227138963,18.0528961948,2.00891185521,79.0084132724
sobol__0003903@@triceps@@0.50,-53.99911431,107.11381925,16.68702708,116.37469862,-9.98135231,-2.47450238,-15.29679288,Triceps,TRIlong;TRIlat;TRImed,0.5,1,usable,Converged with independently replayed constrained generalized-force equilibrium and small reserve torques,383.212733,3.28349797058,2.90526789293e-08,2.59348098552e-12,0.00077486234554,21,2,0.552439390545,0.999998880434,0.0100002309974,0.560663367173,0.010000106822,0.0100009426881,0.0100452380961,0.0100009765394,0.01000006671,0.0100000203373,0.010000028309,0.44129890455,0.0100001571353,0.0100001369798,0.0100004546758,0.999997388571,0.350607661045,0.349924365201,0.173508781132,0.0100010375769,0.285734173273,0.0100001658856,0.0100003867875,0.0100018597022,0.0100025442151,0.0697337957557,0.0327567421181,0.0100023091214,0.0100016389248,0.0100052323656,0.211082491306,0.225430838627,0.0100090212065,0.010004839485,0.0188856589333,0.0158466907398,0.010046163974,0.0100571185889,0.0123178619631,0.0128326505522,0.0105649787064,0.0440042436809,0.044454063689,0.0212467399092,0.0111527499058,0.0135284910754,0.0100273083016,0.0100273854642,0.0100072375689,0.0100118055883,258.190769005,222.072681957,1.81060644746,134.937635182,3.072057717,11.5341300745,0,1.39594145193,4.03169309295,5.03981442942,4.84804762295,110.29500995,2.79663839889,1.82354481677,0.625647959585,89.9959086221,125.760482066,125.270718244,49.1366866243,3.79159432646,150.036140017,2.31874441841,9.41267891568,0.729179470039,1.61633198602,17.6069867691,5.49681037361,3.77366131459,3.55123424323,0.930404050396,108.639376381,64.1785725028,0.546839888807,1.58743139897,4.8800720545,2.51259675538,2.36873563673,1.73698070703,2.60603144516,2.52425256915,0.319429328135,4.7985061903,4.1788947183,1.03678081691,0.672454860588,0.633933461538,0.798519430143,0.461241215694,1.65037473874,1.16824239838
sobol__0000234@@biceps@@0.00,111.98233101,59.98247159,63.89161693,97.49042127,72.94833519,3.01988238,-22.35733976,Biceps,BIClong;BICshort,0,1,usable,Converged with independently replayed constrained generalized-force equilibrium and small reserve torques,308.839898,1.23988343174,5.96208238335e-08,1.70493358519e-12,0.000113280246623,20,0,0.23749712489,0.0100001165232,0.0167015629729,0.0100001357233,0.0100004283407,0.010000052638,0.610041987028,0.260681113891,0.690214052,0.0100002355612,0.0100004396003,0.0435461595652,0.010001767238,0.010000741985,0.010021473834,0.492894251161,0.0100091765876,0.0100093209933,0.0100247608561,0.0100452375572,0.0100452375572,0.0100452375572,0.0713600105499,0.0100100443263,0.0107211129258,0.0414960254987,0.0349530410658,0.0100028163027,0.0100059863982,0.0100075913678,0.0754666765047,0.016421097042,0.0100161493215,0.0100084763924,0.0100061080983,0.0100091958055,0.0100091235311,0.0100109371808,0.0100089564542,0.0100091129851,0.012100473724,0.0462717284981,0.0387114385808,0.0185370312731,0.0175959803588,0.0126195051179,0.0100881408206,0.0100253301126,0.0100087941876,0.0100116677298,266.665982588,10.5151176865,3.0666717723,4.98893165502,7.79980876629,12.7931599356,164.19320604,36.1185878999,200.315913694,4.79215623493,1.87870097573,11.1715925798,2.68730166537,1.76762544582,1.52054446166,69.6526894774,7.14482442823,7.00628495493,2.70235387491,0,0,0,76.8610191954,2.4730063364,3.27785985826,10.4772465311,6.1270261091,4.00580569062,4.44087266126,1.00494877082,31.2089954863,3.30547404946,0.705768866315,1.65645514606,2.58743399086,1.60433195831,2.36484630398,1.72986262926,2.11055397136,1.97271773768,0.382814286202,5.05251442677,3.64657289591,0.904546085032,1.12090919738,0.595849407967,0.739405476979,0.460355739122,1.49147773781,1.16196553623
sobol__0001218@@teres_major@@0.50,81.30850288,1.26665128,74.65821849,32.17303846,48.80771019,-1.91908246,38.28719149,Teres major,TMAJ,0.5,1,usable,Converged with independently replayed constrained generalized-force equilibrium and small reserve torques,419.077164,0.224912086656,2.3163381857e-07,1.92557081391e-12,0.000342021530683,22,0,0.0100004123334,0.0100004744702,0.110335080305,0.0100141056667,0.0100008086705,0.0100005580948,0.106268510001,0.0923011443374,0.010001890428,0.010001602132,0.0100010443989,0.19155663584,0.0902396675319,0.130962154672,0.0120102740158,0.198605359643,0.0100024950789,0.0100026524991,0.0100452382674,0.0100452382674,0.164006950281,0.0101328437448,0.163081352207,0.0879471357251,0.0430251429552,0.0482185125625,0.0918127892513,0.0100014894855,0.0100042166161,0.010004191077,0.0963379966706,0.0116763638643,0.0100078100892,0.0100035626558,0.0100018480287,0.01000271773,0.0100027864678,0.0100034287526,0.0100027345669,0.0100025297163,0.0111443796731,0.0486047080541,0.0370573331912,0.0168763558177,0.0269520877745,0.0111810372264,0.0100418857231,0.0100102266088,0.0100036861705,0.0100037366896,8.32622591569,10.9904394008,22.2190659396,4.99758269221,5.92188888088,12.4173287043,28.6261769604,5.63312047221,4.21863196944,5.81607438474,2.89718342777,33.9623967554,7.59399895528,19.6943677274,2.15231710416,113.093944884,6.42867297304,6.02649107056,0,0,54.6780231328,2.30272348718,192.007010747,23.0778726845,12.6905990452,8.61756467663,14.9173521945,3.87734413758,4.2210483256,0.920684192248,53.676903894,2.95275462934,0.672790520354,1.59582122325,2.42007056844,1.56529715589,2.27809617235,1.65557426313,1.94593935343,1.88111220496,0.211538302502,3.67902004221,2.44518038845,0.66390948476,1.30292293178,0.308173173692,0.545265559546,0.460141129627,1.95783186219,1.1282130176
sobol__0001262@@teres_major@@0.75,44.74600288,60.17290128,-58.93553151,17.95428846,-63.69228981,12.84654254,-53.58780851,Teres major,TMAJ,0.75,1,usable,Converged with independently replayed constrained generalized-force equilibrium and small reserve torques,303.904777,3.64675378744,3.3858242432e-08,5.52091705686e-12,0.00030725820072,13,2,0.0196086395164,0.681300077594,0.0100000725063,0.0100000425355,0.313617129927,0.0100000245835,0.999999015758,0.0100001457133,0.999999821266,0.0100002652692,0.0100001024149,0.010000059638,0.0100000456763,0.010000058718,0.940587746835,0.0100000313967,0.0402098869603,0.0328529141104,0.0100452377809,0.0100011367104,0.261836949081,0.0100011946172,0.010009380124,0.102241299517,0.0100452377809,0.124362517276,0.0129305461733,0.119745738441,0.0128807018804,0.0177499490898,0.237774670281,0.127766167208,0.0221773630177,0.0669148045942,0.0496489487759,0.0286699600033,0.0133618225061,0.0156719529521,0.0306776052869,0.0225271441799,0.0101100512423,0.0172060029934,0.0265210358643,0.0178019529139,0.0101902485176,0.010523907068,0.0101128015802,0.0101464733099,0.0100170916712,0.0100715250413,18.7386046622,678.12596739,2.00250448323,4.77391494823,287.212292651,12.0250047088,208.048716139,1.07894148641,443.873429124,6.48468288143,4.58401240009,2.66501519264,2.85229564341,1.80501196393,190.564932235,4.86432669786,23.7095073566,15.8236063352,0,3.47113098752,117.950779252,1.4784271274,11.7695352339,24.8696072873,0,30.3670863392,2.38708445868,21.3351809031,5.57672156846,0.457122680621,47.8361117005,31.3814337819,1.05766348163,8.92714365685,9.97974367366,3.34835753548,2.75677634473,2.41824141117,6.49826845538,3.55873493125,0.396645740267,1.676750906,2.33156335658,0.796107276991,0.718240330857,0.484111665433,0.890211585368,0.430118943879,0.846046796823,0.984067586629
sobol__0002997@@supraspinatus@@0.00,117.12393257,125.71245206,-53.40574635,77.4635658,-33.96572731,18.73399371,7.37898837,Supraspinatus,SUPSP,0,1,usable,Converged with independently replayed constrained generalized-force equilibrium and small reserve torques,489.467504,0.708626271969,3.46251951555e-08,1.87681545919e-12,2.02731302011e-05,11,0,0.369274017809,0.479182363596,0.0141223256482,0.0100452378389,0.243605788402,0.257023462249,0.010005381531,0.0100102058734,0.0100065156762,0.390169287406,0.0423493852695,0.150506751206,0.109084835435,0.0114959422821,0.0100074849861,0.0100452378389,0.0984775434855,0.0963832525886,0.0190351466082,0.0100090227777,0.0100006634765,0.0100033168467,0.0100025305208,0.0100047526542,0.0100067066005,0.0153328122711,0.0590980892073,0.0100041115532,0.0100203212415,0.0100103815747,0.0144537576268,0.0196922201181,0.0100212297829,0.0100130265348,0.0100110388452,0.0100146393254,0.0100194766806,0.0100207037941,0.010016999063,0.0100139447123,0.010171436605,0.0304054531619,0.0209368287944,0.0104641521858,0.0164630376063,0.0101158854241,0.0100355791831,0.0100219542155,0.0100088382,0.0100102497964,121.971969713,472.747106058,2.15865347721,0,252.730347326,250.644031804,2.04232040901,1.16166256575,4.44194438643,254.821377451,20.3049587093,41.9091433145,34.2039878598,2.11196531847,2.08136809744,0,68.4605168501,65.5794565864,4.69115424196,3.70040101748,5.00128064047,2.46792138364,11.2776455389,2.66088358095,3.37443228308,3.6826007481,11.3935779885,3.98189865147,2.67848540898,0.973240630735,7.97423296862,5.48457021455,0.670951072202,1.61694561672,2.590747423,1.62191040915,2.372442089,1.73241502915,2.08274517379,1.97533828208,0.289724617456,3.1685993624,1.77783417757,0.492097127237,1.04102595005,0.392334724743,0.612252242193,0.414987544288,1.74237887382,1.10613750504
sobol__0002973@@brachioradialis@@0.00,80.56143257,115.55620206,-13.56199635,51.0573158,78.53427269,5.06211871,-35.74601163,Brachioradialis,BRD,0,1,usable,Converged with independently replayed constrained generalized-force equilibrium and small reserve torques,321.895063,2.24929229619,3.00320124325e-08,3.53139739673e-12,0.000171359408177,23,1,0.615128828984,0.540930980248,0.0100039391159,0.010000089447,0.694283468949,0.010000038503,0.999999226781,0.0100003660485,0.0100001002376,0.0100000322637,0.0100000449456,0.0100001427921,0.0100001326179,0.0100001570671,0.0100001962963,0.0100008429028,0.0507608081871,0.0495544994563,0.0100569959562,0.0100452387731,0.0100001481764,0.0100007688223,0.0100067848401,0.0100452387731,0.0100452387731,0.052191822302,0.0100020128001,0.010003387222,0.0100009486897,0.0100088398749,0.277893914473,0.0515890468312,0.0100068148298,0.0100035029601,0.0100101464087,0.0100316020051,0.0100056142696,0.0100085186689,0.0100110431634,0.0106075254305,0.010033421342,0.0100182138871,0.0161782197877,0.0196912660595,0.0100104822536,0.0100475033444,0.0101811677238,0.0267953337935,0.0116999698917,0.0581813707308,548.33885214,394.023728293,1.85446709018,4.94903160195,725.785575607,13.0619041289,254.121042679,1.27875672934,4.39923811782,6.54160248356,4.96555698495,2.75511083847,3.06793625566,1.8807267957,2.08010209983,0.523228515217,33.9026004386,32.3092072518,0.496317139802,0,3.78340625479,0.488979329068,11.7588362817,0,0,13.1623231472,1.92832748915,3.5593160032,4.79778324089,0.749508241088,148.576816485,9.83654779066,0.73774739523,1.70918644226,2.54717057193,1.53024367104,2.32877193651,1.71865702397,2.12505198817,2.0655239809,0.359882129433,1.0872096515,1.5268470721,0.946194340821,0.721795174332,0.475224952032,0.785621113368,1.22161168621,1.43255422494,6.50980025677
sobol__0003872@@anterior_deltoid@@0.00,-59.62411431,46.17631925,2.62452708,14.81219862,5.01864769,24.86924762,-56.54679288,Anterior deltoid,DELT1,0,1,usable,Converged with independently replayed constrained generalized-force equilibrium and small reserve torques,406.024755,0.741115310194,2.2805872284e-06,2.12948818913e-12,0.000210324518018,21,0,0.0100452378114,0.270179046536,0.0763962251968,0.0100092746116,0.0100041344251,0.0609991983684,0.0137524097095,0.0148727349395,0.0100039852905,0.0100012606702,0.0100014118924,0.027864811429,0.010089184549,0.010010498582,0.0100037723513,0.132174625246,0.0100083833351,0.0100100261933,0.0100452378114,0.0100452378114,0.189341135682,0.250263737444,0.0434641315839,0.0975984605943,0.0100452378114,0.345972523416,0.490847246361,0.0100009861686,0.24729686208,0.010004042432,0.0100001866383,0.0100003976655,0.0100302359103,0.0100048323862,0.0100010834532,0.0100015363074,0.0100062684913,0.0100046685573,0.0100019190945,0.0100014822093,0.074849637448,0.175174009656,0.124496377644,0.0100299078446,0.21440610195,0.064563855131,0.0563232651379,0.0100049066091,0.0100038140861,0.0100021105653,0,276.677033706,6.01319093561,4.65189281231,9.48293384485,74.941592755,3.53812919164,1.37446416494,4.44080757646,6.52630381672,4.5741966076,4.56336346196,0.711795697192,1.60532166905,2.07735323966,101.200561508,5.65760560761,4.52205825443,0,0,11.4505714626,20.9255263434,51.0442258519,23.7467546312,0,84.9922322253,85.8551917886,2.10662495644,118.646160311,0.362480954016,4.44587588422,2.80879873659,0.619143570193,1.55234397777,2.21469980294,1.26936021769,2.26892106391,1.67222823261,2.12431401153,1.68235460464,2.85353927228,14.5463723205,10.7546792709,0.447225165184,14.6206162976,2.92794408082,4.77739725235,0.370592612164,0.662196853175,0.841912706896
sobol__0001047@@supraspinatus@@0.75,-22.05087212,86.07133878,-38.42771901,8.30585096,-55.56728981,15.71763629,36.88094149,Supraspinatus,SUPSP,0.75,1,usable,Converged with independently replayed constrained generalized-force equilibrium and small reserve torques,327.313653,1.45961300783,3.91941981093e-08,1.83570843839e-12,9.71327436567e-05,11,1,0.350686704639,0.999997302225,0.489518132395,0.0100034869564,0.0100011025362,0.0241090753986,0.0100042036103,0.0100090407048,0.0100036701849,0.0100010284241,0.0100008775075,0.0100115370743,0.0100048158698,0.0100036375174,0.0100037294315,0.118015008499,0.0100230403614,0.0100295625832,0.0104459455202,0.151997933789,0.0100036668356,0.0103405863491,0.207741196142,0.0231791295612,0.0297734523034,0.0597843906942,0.0478357385984,0.0100127627858,0.010021634963,0.0100356027498,0.0100601915741,0.0100699033327,0.0100675861046,0.0100313490633,0.0100193946521,0.01002928161,0.0100295351588,0.0100365802478,0.0100292390607,0.0100290258284,0.0129426571919,0.0519162390444,0.037810566324,0.0187688825936,0.0266534281337,0.0140929818723,0.0109428413909,0.0101517043038,0.0100374911543,0.0100525802315,196.790241002,365.463766002,78.0737191593,3.22560012311,10.7253995491,30.9716070502,2.64698043065,1.4125350505,4.41951463724,6.34565534364,4.97274240055,2.58466144898,2.7250895388,1.7971509266,1.19019370009,88.9549680968,5.09875403041,3.9179178362,0,53.6533138876,2.09753400481,0.0042883727609,242.653302191,5.49590632192,7.39269466663,9.62482667235,9.22735202529,4.08396500457,4.12962337946,1.00738073937,1.96484229153,2.5641596996,0.723240126464,1.67916399886,2.53175550017,1.62838800925,2.32985918233,1.69884725913,2.01212216379,1.96473535367,0.359534984272,5.19865617548,3.07266739648,0.830631292808,1.68879728644,0.365789141894,0.563679200318,0.44385488587,2.01748961614,1.17298768063
sobol__0003903@@triceps@@0.75,-53.99911431,107.11381925,16.68702708,116.37469862,-9.98135231,-2.47450238,-15.29679288,Triceps,TRIlong;TRIlat;TRImed,0.75,1,usable,Converged with independently replayed constrained generalized-force equilibrium and small reserve torques,433.576029,2.35283224848,2.44112241532e-08,2.87769807983e-12,0.00045771873868,19,0,0.529025834711,0.866568508158,0.0100003793245,0.402577897983,0.0100002025804,0.0100009078797,0.0100452370316,0.0100013507966,0.0100001187119,0.0100000417906,0.0100000552377,0.166927225921,0.0100002626482,0.0100002351211,0.0100007688037,0.964060174151,0.176965606035,0.176620754162,0.058391888474,0.0100017825916,0.250462001032,0.0100003134176,0.0100011492395,0.0100068402209,0.0100166753264,0.0591000025472,0.0228180243677,0.0100039627462,0.0100029283199,0.010008282115,0.211309980011,0.129531661139,0.0100148967394,0.0100081946149,0.0100178146346,0.0100278426494,0.0100142106114,0.0100184237147,0.0100209878076,0.0100244805226,0.0107189988673,0.0433376482265,0.0431590119622,0.0217353278867,0.0120944565421,0.0134374209991,0.0100467361209,0.0100310473837,0.010007740963,0.0100137102399,247.24809521,192.441408252,1.81063330301,96.8904206774,3.0720871313,11.5340899294,0,1.39599369091,4.03171405851,5.03982524148,4.84806067811,41.7205659324,2.79666790654,1.82356271301,0.62566761191,130.142546879,95.2144621901,94.8436759383,16.5362462155,3.79187677647,131.515077197,2.31877862678,9.41339655895,0.729542571232,1.61861546132,14.9220754675,3.82902403976,3.77428519242,3.55169206208,0.930687651884,108.756459661,36.8767518962,0.547160896645,1.58796374516,2.58861273617,1.58998022484,2.3612015104,1.73029765468,2.12009270896,1.97187016127,0.324086086802,4.72581632796,4.05715365856,1.06062252837,0.729235045683,0.629665996038,0.800066554299,0.461409657229,1.65045775776,1.16846464548
sobol__0001218@@teres_minor@@0.00,81.30850288,1.26665128,74.65821849,32.17303846,48.80771019,-1.91908246,38.28719149,Teres minor,TMIN,0,1,usable,Converged with independently replayed constrained generalized-force equilibrium and small reserve torques,364.960992,0.212404125623,2.27091458971e-07,9.59232693276e-13,0.000296028063099,23,0,0.0100004329162,0.0100005182951,0.114010723732,0.0100079743166,0.0100009377805,0.0100006393567,0.0100452375999,0.168715825139,0.0100018930136,0.0100016818905,0.0100011198073,0.174907917895,0.0833389171367,0.122459113031,0.0100605753131,0.187729090634,0.0100024528633,0.0100026077922,0.0100452375999,0.0100452375999,0.138299927908,0.0101432888291,0.166038392526,0.0924883951398,0.0436772370694,0.0481195507624,0.0928076882614,0.0100015228668,0.0100044899526,0.0100042722935,0.0832774782078,0.0101252812503,0.0100080058644,0.01000365292,0.0100018642936,0.0100027362088,0.0100028189672,0.0100034654173,0.0100027583673,0.0100025436628,0.01100684378,0.0476686748182,0.0361922055105,0.0163062071171,0.0268227588823,0.0110193064538,0.0100416405148,0.0100102071732,0.0100037081291,0.0100037405038,8.32624305116,10.990487564,22.9592599328,4.99452281542,5.92196533002,12.4174296045,0,20.5933864702,4.21863306013,5.81612076578,2.89720527429,31.0106307532,7.01327550022,18.4156622155,1.80291875907,106.900556267,6.42864584116,6.02646413647,0,0,46.1075987734,2.30509716826,195.488539841,24.2695272615,12.882939256,8.59987832324,15.0789991569,3.87735707864,4.22116365395,0.920691666573,46.3999392636,2.56051211053,0.67280368164,1.59583562265,2.42007450391,1.56530004757,2.27810357396,1.65558033117,1.94594398358,1.88111482777,0.208927649338,3.60816918831,2.38809605273,0.641480049486,1.29667088969,0.303715529554,0.545252245019,0.460140236227,1.95783615971,1.12821344773
sobol__0001262@@posterior_deltoid@@0.25,44.74600288,60.17290128,-58.93553151,17.95428846,-63.69228981,12.84654254,-53.58780851,Posterior deltoid,DELT3,0.25,1,usable,Converged with independently replayed constrained generalized-force equilibrium and small reserve torques,320.537468,3.58442161559,3.3858242432e-08,2.48762005123e-12,0.000299834579425,13,2,0.0179950119124,0.677593659289,0.0100003262561,0.0100000438369,0.308172278021,0.0100000254412,0.999998933001,0.0100001096949,0.999999814475,0.0100002701182,0.0100001048526,0.0100000613176,0.0100000470218,0.0100000603706,0.914903900086,0.0100000323906,0.0376443781559,0.0307585130329,0.0100452379113,0.0100011543567,0.25735931011,0.0100012137253,0.0100098810737,0.101119961842,0.0100452379113,0.122577778105,0.0124293447333,0.11821799941,0.0128840438251,0.0175234342028,0.234338946325,0.125775817119,0.0218914431613,0.0660439420093,0.0489259295892,0.0282613153947,0.0131514899738,0.0154322631431,0.0302213780453,0.0222206874557,0.0101060126423,0.0167510276312,0.0259744278099,0.0174782252468,0.0101738957709,0.0104645292432,0.0101102525978,0.0101428256655,0.0100172852811,0.0100716460451,17.1965736753,674.436816924,0.500638824093,4.77391556947,282.225867325,12.0250057401,208.048698922,1.43858346706,443.87342611,6.48468602576,4.58401351754,2.66501564024,2.85229602719,1.80501226223,185.361334239,4.8643271813,22.1967711996,14.81483804,0,3.47113711208,115.933718605,1.47842995206,11.7701242758,24.5968483557,0,29.9312851856,2.29455857833,21.0629825849,5.57816846902,0.45128913756,47.1449040343,30.8925716608,1.04402764086,8.81096136434,9.83441237597,3.30063203275,2.71338108563,2.38125637021,6.40162834724,3.51032230333,0.39648729463,1.63241287171,2.28350900017,0.781630104023,0.717087738537,0.481380218124,0.889987203066,0.429964316659,0.846063149181,0.984079409666
sobol__0001065@@middle_deltoid@@0.00,65.13662788,116.54008878,85.79103099,115.96210096,-3.06728981,-6.70423871,42.50594149,Middle deltoid,DELT2,0,0,reserve_too_high,The posture requires more reserve torque than the quality limit permits,265.772524,651.982094975,8.48275023557e-08,1.74184911073e-06,0.353558781493,23,3,,,,,,,,,,,,,,,,,,,,,,,,,,,,,,,,,,,,,,,,,,,,,,,,,,,,,,,,,,,,,,,,,,,,,,,,,,,,,,,,,,,,,,,,,,,,,,,,,,,,
sobol__0000261@@anterior_deltoid@@0.00,106.00576851,72.42387784,54.80958568,105.36151502,63.88583519,-0.19300824,-11.81046476,Anterior deltoid,DELT1,0,0,solver_failed,The static optimization solver did not converge,966.380965,,6.55804655025e-08,,,0,0,,,,,,,,,,,,,,,,,,,,,,,,,,,,,,,,,,,,,,,,,,,,,,,,,,,,,,,,,,,,,,,,,,,,,,,,,,,,,,,,,,,,,,,,,,,,,,,,,,,,
sobol__0001720@@triceps@@0.50,-30.31259087,4.18657316,52.24610911,0.30780409,-59.16103981,2.8318941,8.87312899,Triceps,TRIlong;TRIlat;TRImed,0.5,1,usable,Converged with independently replayed constrained generalized-force equilibrium and small reserve torques,495.166394,1.97636632487,9.61384108211e-07,3.90798504668e-12,6.79165050841e-05,15,0,0.146046621364,0.010003408596,0.0100014409035,0.554301946174,0.0100002577517,0.14260767779,0.0100016403381,0.132794744352,0.115274660128,0.0257637441429,0.0100011733832,0.23551368923,0.0841492698538,0.127529128001,0.113903206749,0.752521921273,0.756040565832,0.551052059772,0.0100452376976,0.0598046131857,0.012163953495,0.0100009181827,0.0100002198814,0.0100008655449,0.0100113197884,0.0100025112872,0.0741950970231,0.0100008702726,0.0100005190581,0.0100045625256,0.0100020606802,0.0100144769681,0.0100063185769,0.0100024507708,0.0188323871201,0.0202010550605,0.0100150074764,0.0100257647012,0.0100609113392,0.0278969025411,0.0314018720232,0.135888951167,0.101368658321,0.0583307452224,0.0513497972137,0.0100518000447,0.0201006394628,0.0322033192858,0.0694880112041,0.0866059496215,115.222770889,10.9551677131,1.9965279123,275.952112098,7.25356546728,176.034722333,2.69060532965,16.4757199256,48.7112651028,14.9789562497,2.50301416112,43.560298271,7.62283528223,19.443717249,21.025565334,285.16318664,166.300517167,88.3462433407,0,20.9555364408,3.90194198495,2.5135008008,11.5068447283,2.30934493521,3.02160243647,2.19923139463,14.3120056701,3.58001060523,4.77929909698,0.933260980019,1.59548646615,2.50881143028,0.750924938277,1.71050090183,4.87361833725,3.27383977092,2.37142288373,1.73337050736,2.09966233552,5.50357269595,1.0119334431,14.8389286783,9.53597735693,2.84652123466,3.58004914481,0.389677187556,1.44418522449,1.48119876578,13.8795498736,10.1062713967
sobol__0001720@@triceps@@0.25,-30.31259087,4.18657316,52.24610911,0.30780409,-59.16103981,2.8318941,8.87312899,Triceps,TRIlong;TRIlat;TRImed,0.25,1,usable,Converged with independently replayed constrained generalized-force equilibrium and small reserve torques,431.592374,9.7857691472,9.36286001785e-07,2.35677453279e-12,0.000860200900446,20,7,0.0963901531833,0.0100034708268,0.0100019912361,0.39179446122,0.010000359331,0.0842620966971,0.0100022817469,0.0993111330667,0.0894812767946,0.0302025555728,0.0100016270638,0.172089245801,0.0618435766359,0.0935847854066,0.0852181594267,0.999999945567,0.999999889998,0.999999827428,0.0100452314686,0.381709061053,0.0100000439487,0.0100000553992,0.0100000082352,0.0100000612421,0.0100012279809,0.0100002052778,0.999988989859,0.0100000631754,0.010000032911,0.0100004107519,0.0100001737493,0.0100030929046,0.0100005972616,0.0100002043625,0.290525723027,0.283604102605,0.0100019102836,0.0100054585143,0.0633666607945,0.367695455111,0.404560740389,0.999999402189,0.999998517631,0.748428950077,0.666882944467,0.0223493205753,0.248691184544,0.398659037721,0.83909694438,0.99999319618,76.0465420368,10.9552358648,1.99663777181,195.049845713,7.25363914637,104.013016865,2.69077787913,12.3214395396,37.8118329822,17.5596666419,2.50312770593,31.8293976869,5.60222802378,14.2683960493,15.7305490335,189.471670588,109.981200952,80.1614171216,0,133.750854868,3.20780503933,2.51328395914,11.5066011948,2.30915920985,3.01855654115,2.19872437673,192.894795844,3.5797216882,4.77906676482,0.932873687832,1.59518547022,2.50595951211,0.750495581731,1.71011674765,75.1849185212,45.9616781166,2.36832163965,1.7298597382,13.2243080683,72.5399052526,13.037074437,109.198869224,94.0721064986,36.5230872828,46.4943163319,0.866414010067,17.8678959351,18.3364102749,167.601398953,116.691782488
sobol__0001262@@infraspinatus@@0.50,44.74600288,60.17290128,-58.93553151,17.95428846,-63.69228981,12.84654254,-53.58780851,Infraspinatus,INFSP,0.5,1,usable,Converged with independently replayed constrained generalized-force equilibrium and small reserve torques,296.795865,3.9084203194,2.15809663473e-08,1.44240175359e-12,0.000325124031919,14,2,0.010000204361,0.667154747414,0.0100000684192,0.0100000395854,0.556593852958,0.0100000201458,0.999999424894,0.0100000979835,0.999999810688,0.0100001891601,0.0100000878095,0.010000054249,0.0100000415051,0.0100000536685,0.932894104166,0.0100000285193,0.0713237593378,0.0582640486803,0.010045237856,0.0100009586767,0.316190085438,0.0100009036379,0.0100058076449,0.115841968467,0.010045237856,0.145910082112,0.0190704514559,0.138415330597,0.0127075674905,0.0205244236021,0.279443683424,0.151863721375,0.0256516804981,0.0775074614596,0.0585212528757,0.0336958318395,0.015970175379,0.0186077791529,0.0362638026443,0.026321763949,0.0101967839678,0.0226074726822,0.03305608345,0.0217118011646,0.0110637797979,0.0119226857148,0.0101554378717,0.0102133823936,0.0100150835221,0.0100711729705,9.55649554204,664.046538895,2.00250366469,4.77391353948,254.865856094,12.0249993763,208.048801384,1.4385817823,443.873424429,6.48463352838,4.58400570499,2.66501375637,2.8522944535,1.80501105243,189.006185064,4.86432529914,42.0556068378,28.0628795047,0,3.4710691967,142.435462619,1.47838411363,11.7653345323,28.1778916826,0,35.6286134933,3.52056113342,24.6615550296,5.50176274219,0.528575010905,56.2191895451,37.3001822027,1.22335760489,10.3403162739,11.7631312951,3.93532786351,3.29492490137,2.87125045949,7.68156192734,4.15819156056,0.400048508985,2.20313226242,2.90608380749,0.970956556679,0.77980952563,0.548457070213,0.893964780803,0.432955285501,0.84587718774,0.984033186539
sobol__0000261@@infraspinatus@@0.50,106.00576851,72.42387784,54.80958568,105.36151502,63.88583519,-0.19300824,-11.81046476,Infraspinatus,INFSP,0.5,1,usable,Converged with independently replayed constrained generalized-force equilibrium and small reserve torques,416.464638,0.705511474958,1.02322587736e-07,6.67910171614e-13,7.71350220872e-05,25,0,0.267624305945,0.0100001403035,0.0101834039566,0.0100001323823,0.0100015141658,0.0100000573387,0.699389916392,0.159994719022,0.222015021692,0.0100005476493,0.0100007664107,0.0276390209852,0.0100025157432,0.0100013538244,0.169047985342,0.148122167473,0.0363925805373,0.0359082265058,0.0102191480566,0.0100452373778,0.0100001442684,0.010002509583,0.010006021461,0.0100036016821,0.010008303911,0.0482319328109,0.055117518431,0.0100020236351,0.010004224949,0.0100057356656,0.0483488878038,0.0260283663107,0.0100126242063,0.0100063443422,0.01000491365,0.0100073536964,0.0100075366615,0.0100090847217,0.0100073772018,0.0100073148428,0.0132102318164,0.0554052690132,0.0100452373778,0.0208714053942,0.021425651053,0.0144853001291,0.0100837646083,0.0100202284753,0.0100066281147,0.010008674237,263.822639785,10.2140155767,1.91709529619,4.98154595723,4.49947036659,12.8212617067,188.393717213,22.8802417602,77.8101393982,5.76287430755,3.05803685248,7.25579891169,2.85101878999,1.80849244166,30.0326162709,7.48975324618,26.0951849324,25.40472574,2.82991354081,0,5.06494602706,3.12584476341,10.5107345098,1.99610156151,2.8896839344,12.1528504676,8.78598853801,3.84193086451,4.21657707568,0.953945783389,17.5085296826,5.8319859502,0.666983680597,1.60995301747,2.58916396892,1.62361312951,2.36921655823,1.73047750963,2.08997163862,1.97433792933,0.379458730787,5.99134884421,0,1.01845803174,1.24103978225,0.663763231289,0.717639104805,0.460887883185,1.71138371772,1.1678523578
sobol__0003163@@infraspinatus@@0.50,10.16104194,88.95952238,-42.93211354,118.53290174,-59.51260231,-9.68641644,12.00789462,Infraspinatus,INFSP,0.5,1,usable,Converged with independently replayed constrained generalized-force equilibrium and small reserve torques,537.182757,5.72192616589,9.43570533707e-07,2.56861198977e-12,0.000488836743708,23,3,0.0100753502111,0.604596984631,0.153506602776,0.183181164387,0.165156433393,0.0949631747633,0.0100104512692,0.010003613916,0.0100147910498,0.0100004913215,0.0100004475073,0.0100026736824,0.0100020391264,0.0100017700627,0.0100013900958,0.0694806728201,0.513184291346,0.512676968193,0.129391198859,0.999999781821,0.464287913305,0.124674960216,0.0100005558002,0.0100001013744,0.999999163125,0.999999760846,0.0100001576123,0.368890846686,0.0100000875011,0.0100012464547,0.0100000719756,0.0100004180696,0.0100012909094,0.010000368578,0.0949226398856,0.337026459514,0.0100005362221,0.0100011667841,0.0100053155189,0.665670882514,0.0100025585842,0.0100008573083,0.0419692515674,0.201074960388,0.0100010140817,0.156436603197,0.315638356592,0.390082265096,0.0100009661419,0.678545107197,10.0566559962,235.192201242,29.0128865463,29.4012061652,81.1386802504,123.809838146,2.53972699149,1.43908498658,4.44563310863,6.55563776777,4.96463463108,2.66605912761,2.88113376869,1.83459480355,1.65072030128,7.51689203872,368.151470824,367.423906157,36.6435824421,350.145620762,130.499634271,39.496822949,9.01039071863,1.43524100422,245.002098023,251.930289034,1.25689168371,133.658352229,2.6990634991,0.818903807046,5.53172012775,2.50136917839,0.377094755236,1.55319488904,24.564481752,54.7392640776,2.36795291867,1.72911852975,2.08269247629,131.331233998,0.222131505167,0.888875753225,3.33936020145,9.64679533145,0.475896024705,6.25317124547,24.4245040085,17.8999356339,2.00891250699,78.2660440897
sobol__0003163@@infraspinatus@@0.75,10.16104194,88.95952238,-42.93211354,118.53290174,-59.51260231,-9.68641644,12.00789462,Infraspinatus,INFSP,0.75,1,usable,Converged with independently replayed constrained generalized-force equilibrium and small reserve torques,442.194183,5.69886210763,9.53275604232e-07,1.98315129805e-12,0.000493868309287,26,3,0.0100024886283,0.581394314673,0.180183646981,0.18182013455,0.167486673147,0.135320240083,0.010007631377,0.0100045360856,0.0100086270169,0.010000504467,0.010000463473,0.0100036066979,0.0100026746944,0.0100020690623,0.010001388342,0.0847761142226,0.509172542059,0.5086691163,0.12837980618,0.999999785295,0.433588306987,0.145577871083,0.0100005602023,0.010000100457,0.999999168775,0.999999763037,0.0100001564901,0.365598974515,0.0100000869103,0.0100012350917,0.0100000712192,0.0100004137455,0.0100012819606,0.0100003657787,0.0943783825976,0.338489531847,0.0100005327467,0.010001158892,0.010005255016,0.669615834292,0.0100025406203,0.0100008500628,0.0411117226721,0.201698542148,0.0100010073235,0.157127271471,0.317626885165,0.392634898254,0.0100009629633,0.683383349159,9.98392959991,226.16620984,34.0548719887,29.1827561421,123.425233952,176.426041609,2.53901156378,1.43921764668,4.44289685297,6.55564638496,4.9646425572,2.66630780849,2.88131684696,1.83464964814,1.65072001087,9.17165700047,365.273496137,364.551569989,36.357156075,350.145621971,121.870748664,46.118830834,9.01039468636,1.43524087348,245.002099584,251.930289582,1.25689154284,132.465624858,2.699063338,0.818902876562,5.53171970948,2.50136809669,0.3770944177,1.55319445425,24.4236365518,54.9768937964,2.36795209576,1.72911716528,2.08267988206,132.109539612,0.222131106211,0.888875109124,3.27112934722,9.67671236064,0.475895703104,6.28077902231,24.5783789178,18.0170698215,2.00891186851,78.8241058224
sobol__0001218@@coracobrachialis@@0.50,81.30850288,1.26665128,74.65821849,32.17303846,48.80771019,-1.91908246,38.28719149,Coracobrachialis,CORB,0.5,1,usable,Converged with independently replayed constrained generalized-force equilibrium and small reserve torques,375.450538,0.202750021303,3.18432247015e-07,1.20081722343e-12,0.000299875846862,23,0,0.0100004707062,0.010000532792,0.101803972072,0.0100093057845,0.0100009709096,0.0100006498191,0.0950229040757,0.160936252572,0.0100021993676,0.010001938427,0.0100012210909,0.164872531614,0.0781880258242,0.113782402499,0.0100867710852,0.177510816509,0.0100025661546,0.0100027277558,0.0100452373711,0.0100452373711,0.138014909106,0.0145919770585,0.15831821731,0.0873357744041,0.0430946656434,0.0485471931912,0.0921889388035,0.0100015072316,0.010004253432,0.0100042367295,0.0836899269465,0.0101813280338,0.0100078972536,0.0100036030752,0.0100018603891,0.0100027331656,0.0100028050611,0.01000345153,0.0100027507291,0.0100025426289,0.0110441717833,0.0480830262024,0.0366096927771,0.0166341966943,0.0268793042885,0.0111200205528,0.0100425121883,0.0100102896282,0.0100037137602,0.0100037642872,8.32627452935,10.9905034955,20.5010877968,4.9951872902,5.92198494985,12.4174425949,25.5968815912,19.6438149501,4.21876227452,5.81626994369,2.89723460551,29.2313879452,6.57980912193,17.110840013,0.903806603276,101.081856615,6.42871865383,6.02653641176,0,0,46.0125768058,3.31607682426,186.399040976,22.9174476893,12.7111052984,8.67630615118,14.9784673808,3.87735101764,4.22106385938,0.920688393745,46.6297444503,2.57468539255,0.6727963802,1.59582767126,2.42007355932,1.56529957144,2.27810040697,1.65557803286,1.94594249772,1.88111463344,0.209636195192,3.63953255179,2.4156434128,0.654383036043,1.29940441909,0.30649142438,0.545299575939,0.46014402645,1.95783726196,1.12821613015
sobol__0002687@@supraspinatus@@0.50,-49.16512993,86.86479581,24.2309724,2.05340955,19.47177269,8.41172809,9.95711337,Supraspinatus,SUPSP,0.5,1,usable,Converged with independently replayed constrained generalized-force equilibrium and small reserve torques,311.870758,1.49606027649,1.79800438982e-07,1.23634436022e-12,4.10690989956e-05,26,0,0.0100098922466,0.988161561968,0.0100045597027,0.0100008932248,0.0100002313533,0.292611724556,0.200905139516,0.0100018061877,0.0100006190165,0.0100001826896,0.0100002285882,0.0100027284666,0.0100007619294,0.0100006736872,0.0100014623396,0.174797240844,0.471063124567,0.347489528459,0.0100452377011,0.0100452377011,0.0100452377011,0.0100452377011,0.0100007562937,0.010002759585,0.0100150166084,0.0165294135147,0.0510788590843,0.0100017436982,0.0100011422677,0.0100066660339,0.0100038625222,0.0262896020057,0.0100083060369,0.0100045272324,0.010004954768,0.0100079429409,0.0100054060208,0.0100071937817,0.0100066405451,0.0100079815325,0.0173652922929,0.0795908762334,0.0624123334788,0.0350872868183,0.0311128957375,0.0138847469537,0.0166807767316,0.0106492022382,0.0100257109093,0.0174983161425,2.32096548467,567.074071593,1.15577154672,1.45872771169,5.11180419914,331.894187279,54.1021623915,1.3267286071,4.36470643332,6.19480876379,4.97215397188,2.17453174872,2.12100565404,1.75809981047,0.974737225141,133.971253569,214.019768338,116.460418511,0,0,0,0,11.5553430506,2.32741434715,2.68035885394,3.34229617525,9.85141196596,4.06068750051,4.56460581228,1.01066322093,4.54854896806,7.15521691098,0.748935906289,1.71006096488,2.57629015776,1.62622688378,2.36716322228,1.72661280639,2.04582890711,1.97405372261,0.559338872175,8.6904470312,5.81754243196,1.71169781901,2.1839377947,0.516884618963,1.01686764546,0.487527183195,1.97439093262,2.04159284641
sobol__0001065@@infraspinatus@@0.50,65.13662788,116.54008878,85.79103099,115.96210096,-3.06728981,-6.70423871,42.50594149,Infraspinatus,INFSP,0.5,1,usable,Converged with independently replayed constrained generalized-force equilibrium and small reserve torques,321.452267,1.40555942098,8.08318372236e-08,2.95585778076e-12,0.000109185552192,24,0,0.0384498024666,0.520845988901,0.418463746372,0.130103400697,0.0100452378899,0.20567374939,0.877647377443,0.010001000881,0.0100003853044,0.010000100792,0.01000013001,0.0100005607358,0.0100004603553,0.0100005156407,0.0100005972941,0.0100452378899,0.151865051931,0.151530980802,0.0374621238132,0.010003135436,0.178226320625,0.0100003517921,0.0100017523865,0.0100079999113,0.0100078384198,0.0732457013842,0.118952946404,0.0100028391217,0.0100452378899,0.0100452378899,0.100273640334,0.0731377133857,0.0100452378899,0.0100041424304,0.0100011604469,0.0100017262828,0.0100017072,0.0100021272562,0.0100017024175,0.0100015829396,0.0153927674942,0.0713086985936,0.0580317181422,0.0287238858435,0.0353127904406,0.0167126165945,0.0100399570363,0.0100079421657,0.0100038888508,0.010002962072,33.6874010135,201.72320638,78.3685880387,20.1969011746,0,235.561837534,221.719675828,1.42781571609,3.98518255362,6.333474117,4.62682744498,2.71378762688,3.01246599157,1.87912580407,2.08025619329,0,108.945779883,108.466994933,10.6088499756,3.70805080917,64.8461620133,3.16069558376,9.48640662654,0.697002005271,2.83110799716,13.9641129064,14.767423855,1.13724502622,0,0,51.0225895957,20.7973280909,0,0.678329834628,2.42121359217,1.56744132316,2.28113202724,1.656511848,1.94945707199,1.88262089978,0.250941224837,4.62442152709,3.42648600723,1.08189770721,1.32959249484,0.46524376224,0.616438710344,0.45552635229,1.93246693642,1.10691449507
sobol__0003903@@infraspinatus@@0.00,-53.99911431,107.11381925,16.68702708,116.37469862,-9.98135231,-2.47450238,-15.29679288,Infraspinatus,INFSP,0,1,usable,Converged with independently replayed constrained generalized-force equilibrium and small reserve torques,395.61812,1.80319422121,2.99722957564e-08,5.47594275555e-13,0.000338741465776,16,0,0.567169072457,0.688737853614,0.0100004693286,0.313218843251,0.0100452377783,0.0100008909675,0.0100452377783,0.0100014380002,0.0100001603115,0.0100000593778,0.0100000773439,0.0326744626794,0.0100003312243,0.0100003071742,0.0100010100234,0.873391236536,0.107680072584,0.107470087182,0.0266698591299,0.0100022589651,0.237416213175,0.01000043211,0.0100024553173,0.0100246813588,0.0197180158085,0.0531334819464,0.0256855087394,0.0100046298517,0.0100039873011,0.0100096420856,0.206481559199,0.101221040367,0.0100183057049,0.010010172803,0.0100123812445,0.0100190460214,0.0100121036497,0.0100155005426,0.0100156582372,0.0100174020351,0.0109753160543,0.0444169020524,0.0426956955526,0.0215671631267,0.0133867246786,0.0133908594216,0.0100565236128,0.0100301818757,0.0100077965184,0.0100133881483,265.074905016,152.950033552,1.81064959887,75.3839335296,0,11.534070425,0,1.39600586287,4.03173082998,5.03983410509,4.84807139523,8.16641543674,2.79668708454,1.82357585205,0.625682703218,157.203686343,77.2481570812,76.9472283146,7.55275036705,3.79205737928,124.664865229,2.31880614813,9.41462588055,0.73084326863,3.18627530803,13.4155971791,4.31020796819,3.77453687739,3.5520680692,0.930814117946,106.271380854,28.816917497,0.547347144493,1.58827761706,2.58720874306,1.58858546173,2.36070472025,1.72979278906,2.11896515712,1.97047778403,0.331835768969,4.84350511732,4.01359969891,1.05241656369,0.807152330435,0.627484160553,0.800845976088,0.461369845456,1.65046691976,1.16842706174
sobol__0002687@@subscapularis@@0.25,-49.16512993,86.86479581,24.2309724,2.05340955,19.47177269,8.41172809,9.95711337,Subscapularis,SUBSC,0.25,1,usable,Converged with independently replayed constrained generalized-force equilibrium and small reserve torques,458.367517,1.75049335677,1.28589342729e-07,1.17744519469e-12,6.77610965032e-05,16,0,0.0100027884588,0.942778286545,0.0100267976498,0.0100004006144,0.0100002241399,0.21226941061,0.522202321355,0.0100053713014,0.0100012891048,0.0100002796328,0.0100003585429,0.0444564526135,0.0100012666387,0.0100010442135,0.0100022349799,0.0768740997406,0.576638840723,0.425369904159,0.0100889160704,0.0100889160704,0.0100889160704,0.0100889160704,0.0100012295162,0.0100045215404,0.0100184857692,0.0101373967103,0.0538752697963,0.0100032787301,0.0100020579311,0.0100137414399,0.0100057208905,0.0248047686044,0.010015914844,0.0100087796615,0.0100107471599,0.0100173915413,0.0100111206771,0.0100149351016,0.0100140341554,0.0100176354842,0.0186077361693,0.0850770285777,0.0663239777278,0.0375408952885,0.0331123048296,0.0132869341878,0.0175392325722,0.0130639830414,0.0101072130483,0.0259207550094,2.31931834506,541.030073404,1.15834057148,2.91731172307,5.11180052001,60.1915248188,140.624947967,1.32720151534,4.36499888939,6.19486881926,4.97221858587,9.66455981694,2.12111269262,1.75816494815,0.974812527369,58.9192338602,261.986355019,142.561870039,0,0,0,0,11.5558898327,2.32782431365,2.68128731858,2.04981151997,10.3907465252,4.06131072034,4.56502372901,1.01137782984,4.5493939298,6.75109116276,0.749505284254,1.71078782711,2.57778170689,1.62776222107,2.36851524378,1.72794847173,2.04734050944,1.97595794468,0.5993581903,9.28947443999,6.18215235966,1.83139462797,2.3242842645,0.494629966011,1.06919949925,0.598077368732,1.99044137421,3.02426973944
sobol__0003163@@biceps@@0.50,10.16104194,88.95952238,-42.93211354,118.53290174,-59.51260231,-9.68641644,12.00789462,Biceps,BIClong;BICshort,0.5,1,usable,Converged with independently replayed constrained generalized-force equilibrium and small reserve torques,349.677965,6.01473867023,9.54794073138e-07,6.02540239925e-12,0.00064779171514,24,3,0.0219026462441,0.528931459767,0.128469222362,0.157703646137,0.20267288338,0.161051803189,0.0100076625014,0.0100043035395,0.0100466026885,0.0100005889922,0.0100005292649,0.0100032870627,0.0100024791394,0.0100020953448,0.0100015945093,0.0576725087506,0.421359438023,0.420943077209,0.10624039441,0.999999856695,0.411125336156,0.302832016729,0.0100006772382,0.0100000777184,0.999999305249,0.999999816394,0.010000127893,0.262991350998,0.0100000714324,0.0100009598872,0.0100000531671,0.0100003137864,0.0100010527514,0.0100002952423,0.0783444431718,0.384418241058,0.0100004430813,0.0100009573527,0.0100038904015,0.792113596847,0.0100020863775,0.010000673924,0.0157086612834,0.221668899327,0.0100008345556,0.179007447676,0.37944480562,0.471781333726,0.0100008702963,0.832846058342,21.8620071804,205.757814611,24.2807990379,25.3119769454,199.139808755,209.974000295,2.53901946011,1.43918419342,4.45975450906,6.55570179395,4.96467521897,2.66622261468,2.88126051649,1.83465446907,1.65075403923,6.2394044908,302.277562797,301.680315859,30.08727553,350.145646986,57.7784866746,47.9683431512,9.01050013246,1.43523760862,245.002132749,251.930303034,1.25688794894,95.2883243017,2.6990591645,0.818880343653,5.5317097234,2.5013430945,0.377085776176,1.55318349914,20.2743059715,62.4365565945,2.36793086455,1.7290823208,2.08239582598,156.277311916,0.222121018779,0.888859454477,1.24988834369,10.6348125064,0.475887482201,7.15538564526,29.3619295103,21.648909122,2.00889325427,96.0637187344
sobol__0001720@@teres_major@@0.75,-30.31259087,4.18657316,52.24610911,0.30780409,-59.16103981,2.8318941,8.87312899,Teres major,TMAJ,0.75,1,usable,Converged with independently replayed constrained generalized-force equilibrium and small reserve torques,582.183108,0.731330176315,9.63086593586e-07,1.26164207722e-12,3.34474487623e-05,12,0,0.0953566160868,0.0100049428722,0.0100022709867,0.342989086402,0.0100004207628,0.0831809718825,0.0100025948443,0.0616212953867,0.0751284521632,0.0246452265212,0.0100018949444,0.145259628115,0.0517377177992,0.0788454228751,0.0723271701485,0.261659058842,0.547067543315,0.398738749408,0.0100452376581,0.0100035831909,0.0954672838075,0.0100019135534,0.0100006197685,0.0100027385707,0.0315582941395,0.0100144528665,0.048066485437,0.0100037724796,0.0100014138101,0.0100184976972,0.010028372351,0.0410772650594,0.0100207674205,0.0100095588181,0.0154315614009,0.0125740976702,0.0100222208394,0.0100336931745,0.0100642675118,0.0111770364785,0.0136147393797,0.0605694305431,0.047871506257,0.0278804117696,0.0230920198634,0.01009170562,0.0109538097446,0.0132302486216,0.0139518982695,0.0312124585185,75.2311380021,10.9568479657,1.99669361681,170.752716046,7.25368370565,102.678477874,2.69086210749,5.73397243154,31.7468032097,14.3286537775,2.50319474803,26.867027339,4.68676794599,12.0211604422,13.3509818103,198.307926784,240.668608255,127.853875007,0,3.5052555468,30.6239088306,2.51375096412,11.507304862,2.30977744403,9.52487988235,2.20185696452,9.27187697997,3.58104950786,4.77972670335,0.934560902136,1.59968359261,10.290613522,0.752009252849,1.71171643607,3.99352138081,2.03779361588,2.37313091383,1.73474127379,2.1003627521,2.20503450855,0.438738495848,6.61411727883,4.50338011046,1.36055494972,1.60994921994,0.391224203207,0.787006314486,0.608528200317,2.78675507477,3.64226220166
sobol__0001720@@brachialis@@0.50,-30.31259087,4.18657316,52.24610911,0.30780409,-59.16103981,2.8318941,8.87312899,Brachialis,BRA,0.5,1,usable,Converged with independently replayed constrained generalized-force equilibrium and small reserve torques,475.326813,0.721562343837,9.36286201791e-07,1.42108547152e-13,3.26628315441e-05,1,0,0.100863158664,0.0100483781312,0.0100193205077,0.338579703446,0.010003683855,0.0865859703929,0.010022060084,0.0785255001137,0.0729913526674,0.0247862742645,0.0100163630015,0.140396351405,0.0497904227654,0.0761820135937,0.0704622522923,0.261451797246,0.542577459988,0.395470096353,0.0103665401514,0.0100318519386,0.0936957273428,0.0100163569487,0.0100104624163,0.0100229674143,0.0308390570226,0.010119227665,0.0473058815155,0.0100303837804,0.0100118679921,0.0101441762917,0.0101968553251,0.0386385463496,0.0101655006089,0.0100764929998,0.0139243276361,0.0124571027614,0.0101745211676,0.0102584569166,0.0104305951305,0.0117070738814,0.0143161182309,0.0603681882482,0.0476878127314,0.0278640882975,0.0232599214,0.0106842470808,0.0122070249623,0.013853954311,0.0142954948947,0.0307958345475,79.5754979324,11.0044158064,2.00009711079,168.557561312,7.25605054948,106.881603375,2.69609857628,9.74258546943,30.8437355285,14.4106584732,2.50681569925,25.9675221532,4.51036820484,11.6150839804,13.0067338013,198.150845996,238.693308892,126.805795295,0,3.51516091601,30.0556305427,2.51738097872,5.7593151971,2.3144485773,9.30780074972,2.22489358195,9.12515882642,3.59057555234,4.78472281051,0.946284645907,1.6265592843,9.67966944649,0.762870765966,1.72316272866,3.60346556537,2.01883309207,2.40919364111,1.77360103695,2.17681351064,2.30960165087,0.461340610674,6.59214183465,4.48609964801,1.35975836964,1.62165512313,0.414195202339,0.877046977372,0.637215680917,2.85538513651,3.59364527708
sobol__0002818@@infraspinatus@@0.25,84.07705757,31.76713956,78.43019115,88.1276283,61.65927269,-8.47303754,25.66023837,Infraspinatus,INFSP,0.25,1,usable,Converged with independently replayed constrained generalized-force equilibrium and small reserve torques,431.832874,0.223750870425,1.86849213435e-07,3.46276222302e-13,2.09217297957e-05,14,0,0.0774759890619,0.0100015304222,0.0703346782348,0.0100011449584,0.126988525881,0.0279776200854,0.0559635532144,0.0100106535804,0.0836112439062,0.15527558798,0.0309962999552,0.0100049145401,0.0100079826335,0.0100074976319,0.0100294210397,0.123033106954,0.0474710883467,0.0464849191957,0.0104868611334,0.0100452374908,0.0100006129428,0.0100026574779,0.0100047862797,0.0100022944606,0.277628930485,0.165481850361,0.0100026275787,0.0724518568945,0.0100010218159,0.0100220961895,0.11351019947,0.0443147229869,0.0100133082961,0.010006357227,0.0337841531927,0.0420879061938,0.0100080557286,0.0100164309289,0.0102578613689,0.0616985968246,0.0100290861869,0.0100246591345,0.0168273829052,0.0248099949743,0.0100135340962,0.015304920792,0.026826000975,0.0375921228213,0.0100095166337,0.0638663578728,94.3647625798,10.653270299,14.0105053121,4.81959476418,21.7589811358,34.3471079404,14.758044563,1.32720694568,33.3925226693,71.6324058588,3.28036394532,2.24255552287,1.65814037489,1.66965245113,1.60004900227,26.2698133288,33.4911385937,32.1136963049,2.73602301003,0,5.23080052651,3.16452337871,11.0249568989,2.55745546924,89.2091974854,36.565551938,1.18863666454,25.9327431132,3.59864043199,0.768861839693,56.1918724232,10.1954797868,0.461542224922,1.54035138873,8.39567506322,6.72596862771,2.33723030973,1.69750975779,2.04209259916,11.8271047602,0.176411422663,0.737025473606,1.12022247249,1.03558344171,0.413050546632,0.520828738399,1.67236487265,1.71812062399,2.00962120434,7.23743015897
sobol__0003935@@pectoralis_major@@0.50,-58.21786431,122.34819425,74.10890208,97.07782362,71.26864769,13.11143512,-33.10929288,Pectoralis major,PECM1;PECM2;PECM3,0.5,1,usable,Converged with independently replayed constrained generalized-force equilibrium and small reserve torques,305.456112,2.36557311984,2.09894324144e-08,9.69397712233e-08,0.00125958579477,28,1,0.450562521174,0.0100001424009,0.0100000428173,0.0100000245181,0.01,0.0100000867486,0.0100000307443,0.0100001671215,0.0100000153128,0.0100000311565,0.0100001436871,0.0100001708817,0.0608867619709,0.999998863575,0.0100017829078,0.010000065143,0.507469368482,0.497555527128,0.106766663078,0.0100452377506,0.336068956654,0.0100007881393,0.0100004801734,0.0100002158769,0.0100006541004,0.0100412100544,0.0100013839315,0.0100005945891,0.0100005251687,0.0100018229375,0.663046487584,0.258725958928,0.0100025885845,0.0100013083256,0.0100058949752,0.0100219767407,0.0100047002773,0.0100066310768,0.0100088228046,0.0193677047195,0.0161122442295,0.041709988391,0.0552693148409,0.0407717093531,0.0100080922243,0.0100319231778,0.0100443253147,0.0289113428973,0.0303867762631,0.068285365457,309.292651659,1.37030271958,1.53023670754,3.38436427207,10.6704185478,12.2771326776,2.32020772967,1.43858977536,2.11748180458,1.85305591702,1.61983441719,2.63236437662,18.1144875284,187.974099781,0.0875575860924,1.16263934776,362.087099386,348.077916632,28.7400702653,0,174.387952578,0.373689955087,10.7832325591,2.47181836365,3.09174550721,2.53527938247,1.92909569247,4.07840225786,4.38426626482,1.0101435494,279.992281876,53.0606867316,0.711639279132,1.6692009884,2.56077650288,1.53379996974,2.35667942716,1.72611028167,2.1226454537,3.77036126858,0.598752244639,4.51427529043,5.21726732524,1.9757985413,0.718770877783,0.474496800387,0.739484121596,1.24505963722,3.63238279826,7.13957453439
sobol__0003872@@anterior_deltoid@@0.75,-59.62411431,46.17631925,2.62452708,14.81219862,5.01864769,24.86924762,-56.54679288,Anterior deltoid,DELT1,0.75,1,usable,Converged with independently replayed constrained generalized-force equilibrium and small reserve torques,380.632962,0.741596822306,2.27404583342e-06,9.02389274415e-13,0.00021034565001,22,0,0.0100132985275,0.270423885885,0.0767974729626,0.0100091495787,0.0100041032566,0.0612115361129,0.0139855216134,0.0150919705754,0.010003980003,0.0100012570079,0.010001407635,0.0281650438396,0.0100908175007,0.0100104944913,0.0100037614316,0.132768782902,0.0100082710709,0.0100098978472,0.0100452371665,0.0100452371665,0.189294126708,0.250242546124,0.0441864674325,0.0978404111673,0.0100452371665,0.346053452061,0.490795440431,0.0100009863652,0.247341897505,0.010004042814,0.010000186641,0.0100003976321,0.0100302774387,0.010004835072,0.0100010833899,0.0100015362247,0.0100062672908,0.0100046680138,0.0100019189392,0.0100014821249,0.0748327752733,0.175133343661,0.124460268605,0.0100298715664,0.214383957082,0.0645642147549,0.0563289198814,0.0100049065642,0.0100038140826,0.0100021105506,0.842578708276,276.927761636,6.04477341363,4.65183470478,9.48290430285,75.2024638722,3.59810268363,1.39472483264,4.4408052293,6.52630142613,4.57419465958,4.61253191447,0.711910902464,1.60532101278,2.07735097229,101.65548309,5.65754214697,4.52200027473,0,0,11.4477286209,20.9237545167,51.8925362372,23.8056238076,0,85.0121133014,85.8461302956,2.10662499797,118.667767056,0.362480967873,4.44587588503,2.80879872736,0.619146133697,1.55234439457,2.21469978887,1.26936020715,2.26892079174,1.67222814178,2.12431397854,1.68235459041,2.85289642511,14.5429954345,10.7515599743,0.447223547576,14.6191062118,2.92796038961,4.77787689347,0.370592610472,0.662196852905,0.841912705599
sobol__0003935@@supraspinatus@@0.50,-58.21786431,122.34819425,74.10890208,97.07782362,71.26864769,13.11143512,-33.10929288,Supraspinatus,SUPSP,0.5,1,usable,Converged with independently replayed constrained generalized-force equilibrium and small reserve torques,301.448453,2.98523674036,1.33807560587e-08,1.60152474562e-07,0.00182379193341,28,1,0.539780346523,0.0100000986173,0.0100000259791,0.0100000361433,0.01,0.0100000817896,0.0100000172738,0.0100001156776,0.01,0.010000004225,0.0100000430949,0.0100001240749,0.326146031629,0.999999625515,0.0100012894816,0.0100000414797,0.591184617876,0.579635338255,0.124378185113,0.0100452379567,0.402618618753,0.0100005839049,0.0100004114054,0.0100001836633,0.0100005308208,0.0100121436321,0.0100012706568,0.010000513556,0.0100004853203,0.0100015956704,0.775479348378,0.302294751252,0.0100023063991,0.0100011629332,0.010005933822,0.0100264042633,0.0100048208574,0.0100067509118,0.0100095494429,0.027663387849,0.019492401478,0.0485442925885,0.0601749907536,0.0436570671911,0.010007432866,0.010026572533,0.0100284935921,0.0287837728963,0.0361249949265,0.0697751637897,370.537021654,1.37029671922,1.53023413081,1.69218410281,10.6704185473,12.2771265892,2.32020460447,1.43858237483,4.2349571242,3.70610185327,3.23963624633,2.63235205555,97.032064624,187.974243006,0.0875532667471,1.16263659702,421.819200886,405.498984424,33.4808420206,0,208.92092292,0.373682323417,10.7831584086,2.47181040131,3.09170739486,2.52794047601,1.92907384373,4.07836921128,4.3842487952,1.01012059634,327.470601805,61.9959711882,0.711619202918,1.66917672267,2.56078644483,1.534477574,2.35670783068,1.72613095282,2.12279955729,5.38530340142,0.724363345788,5.25395256575,5.6803492853,2.11562308872,0.71872352335,0.474243721911,0.738318557239,1.23956586752,4.3183195553,7.29534035864
sobol__0001262@@triceps@@0.25,44.74600288,60.17290128,-58.93553151,17.95428846,-63.69228981,12.84654254,-53.58780851,Triceps,TRIlong;TRIlat;TRImed,0.25,1,usable,Converged with independently replayed constrained generalized-force equilibrium and small reserve torques,336.306352,3.51383581435,3.97810531183e-08,3.38143212636e-12,0.000296397294493,13,2,0.0162168456163,0.686921644257,0.0100000754943,0.0100000444631,0.307516473816,0.0100000258544,0.999998890051,0.0100001109737,0.999999811067,0.0100002707469,0.0100001057191,0.0100000620854,0.0100000476391,0.0100000611217,0.90045242318,0.0100001623664,0.0366380563893,0.029936726372,0.0100452377672,0.0100012511783,0.208751290357,0.0100011642325,0.0100030216094,0.06620006649,0.0100452377672,0.101340393634,0.0103866208916,0.100029345403,0.0100139665307,0.0151980931838,0.200855207679,0.115897028307,0.0166038367582,0.0514116852396,0.0484478400731,0.0285965720235,0.0112318449276,0.0141403941081,0.0291981065655,0.0234948450498,0.0100960708954,0.0161920053186,0.0249229476128,0.0175955035592,0.0101268811172,0.0101585156959,0.0100986343633,0.0102429830539,0.0100205217191,0.0102507517764,15.4973045788,683.721343722,2.00250508147,4.77391586799,281.625278274,12.0250062407,208.048690106,1.43858365102,443.873424597,6.48468643332,4.5840139146,2.66501584476,2.85229620303,1.80501239771,182.433436521,1.21609760147,5.40084997479,3.60475612489,0,3.47117071627,94.0370618429,1.47842263677,11.762058571,16.1027849213,0,24.7454984837,1.91745506938,17.8222975367,4.33556367013,0.391403550119,40.4085605314,28.4661816098,0.791855721332,6.85886333361,9.73831344329,3.33978657043,2.31732492949,2.18191610834,6.18487437571,3.71160787598,0.39609725193,1.57793530523,2.19106944709,0.786874816055,0.713773999857,0.467303247699,0.888964470981,0.43421008648,0.846336498942,1.00157945487
sobol__0000317@@subscapularis@@0.25,80.69326851,115.08012784,89.96583568,78.95526502,-63.61416481,-9.48988324,-21.18546476,Subscapularis,SUBSC,0.25,1,usable,Converged with independently replayed constrained generalized-force equilibrium and small reserve torques,358.39384,2.91380887648,5.84335406728e-07,3.44613226844e-12,0.000110883271838,26,0,0.0100004127122,0.0100116393812,0.422065198528,0.010000759143,0.43377570213,0.0100017658406,0.421306486912,0.0100027407637,0.0100003132147,0.0100001925842,0.0100002634163,0.0100015416025,0.0100017896815,0.010001847304,0.0100014179787,0.0100452377319,0.602319215437,0.589539688805,0.116661567293,0.664877217591,0.369252336108,0.0100007210718,0.0100004225341,0.0100002333327,0.66535214787,0.520307386819,0.0100004791167,0.419381694053,0.0100002033486,0.0100135757524,0.0100003461532,0.0100019747211,0.0100027495534,0.010001574757,0.179137245831,0.169400794805,0.0100039127751,0.010023170323,0.108531832036,0.24940384761,0.0100053260867,0.010001187731,0.0100054282921,0.0122320842777,0.0100023863745,0.010038187471,0.0100061130584,0.0803681144325,0.0327049789679,0.180899487556,4.97560785374,5.78215265295,80.6278905087,2.23535852922,466.51161338,2.84081724385,111.795561925,1.42303414975,3.93833664479,6.34223129209,4.62278625168,2.7178976843,3.02361614338,1.88001722696,2.06780526293,0,419.6004523,401.983820883,29.1372118371,230.800336821,171.583437785,3.15443720073,11.2409475253,2.69920281953,210.177860402,127.394086303,1.53225498991,171.062513601,4.78744731802,1.00942270094,4.71633849304,2.45746427124,0.750644543201,1.71196985453,44.1978718425,24.7756678534,2.23016604902,1.68663965144,23.0508870965,47.6752022251,0.294425780545,1.08879524428,0.944337637654,0.594411782169,0.609616840863,0.474664316175,0.848624346267,3.69679502172,4.92795847703,21.108991117
sobol__0002818@@teres_major@@0.00,84.07705757,31.76713956,78.43019115,88.1276283,61.65927269,-8.47303754,25.66023837,Teres major,TMAJ,0,1,usable,Converged with independently replayed constrained generalized-force equilibrium and small reserve torques,478.349609,0.191239398872,1.80202295752e-07,3.12638803734e-13,2.12039154358e-05,12,0,0.061028156001,0.0100018197173,0.0102317347177,0.010003354547,0.0621118398731,0.0100028058164,0.0199724206843,0.010045237656,0.114611588308,0.129163854028,0.0245263394726,0.0100262634831,0.0100299662636,0.0100218696729,0.0286913543834,0.0681592769201,0.0549212127558,0.0537802050128,0.0113819083755,0.010045237656,0.0100011421053,0.0100036123017,0.0100041956453,0.0100021533132,0.276466479328,0.167685548665,0.0100025951392,0.0710874627587,0.0100010034616,0.0100213511458,0.112455033228,0.0452048922004,0.0100130584028,0.0100062087859,0.034523033085,0.0428532970604,0.0100079973431,0.0100163854641,0.0103051796503,0.0627562175665,0.0100289266468,0.0100244458851,0.0170259468528,0.0251179832296,0.0100134079549,0.0154815782326,0.0271518503351,0.0381155622309,0.010009437577,0.0647979725687,74.3315125297,10.6535784457,2.03813790318,4.82065957437,42.5704713927,12.2800813662,5.26688992318,0,45.7733898242,59.5864278296,2.5956427021,2.2473407899,1.66178266142,1.67205028462,4.57729043208,14.5532493339,38.7472462114,37.1535801467,2.96954091554,0,5.23107730403,3.16482545471,11.024306039,2.55741937984,88.8356725331,37.0524901923,1.18863280943,25.4443845742,3.59863382529,0.768804681594,55.6695249485,10.4002808493,0.461530706036,1.54032853796,8.57929356105,6.84828392918,2.33721667451,1.69750205264,2.0515125267,12.0298418061,0.176408616254,0.737009794868,1.13344115244,1.04843904808,0.413045343246,0.526840417253,1.69267870987,1.74204404134,2.00960533199,7.34300211403
sobol__0003872@@middle_deltoid@@0.25,-59.62411431,46.17631925,2.62452708,14.81219862,5.01864769,24.86924762,-56.54679288,Middle deltoid,DELT2,0.25,1,usable,Converged with independently replayed constrained generalized-force equilibrium and small reserve torques,338.949891,1.34023164998,2.27322762214e-06,9.05936654643e-13,0.000279243328715,25,0,0.0100033971125,0.576118571971,0.342059112638,0.324606739297,0.0100113935822,0.257033343346,0.0100044773407,0.010005321568,0.0100005181677,0.0100001868274,0.0100002161804,0.0100110799961,0.0100086314287,0.010001470279,0.0100006295761,0.18982055304,0.0100034957115,0.0100042932839,0.0100452377455,0.0100452377455,0.206487917229,0.137498027958,0.117773029064,0.14914230619,0.0100452377455,0.365500296985,0.556868894888,0.0100009238491,0.227797681325,0.0100038121897,0.0100001391692,0.0100002977324,0.0100291377291,0.010004234928,0.0100009257107,0.0100013186336,0.0100042338977,0.0100035769451,0.0100015503441,0.0100012601272,0.0597371476359,0.14520374423,0.0885677180374,0.0100124463488,0.215243905757,0.0596552914133,0.0693476821397,0.0100046604682,0.0100040470617,0.0100020703193,1.1223273908,147.493652458,26.9236701104,150.863655626,9.4898148121,315.782643988,2.57388589167,0.92464203934,4.43926850727,6.52560308211,4.57364974207,1.63949419867,0.706112644985,1.60387385587,2.07670062053,145.337628303,5.65484270008,4.51946839714,0,0,12.4875381956,11.4967459579,138.312509092,36.2879263549,0,89.7894601932,97.4031862774,2.10661182935,109.290995404,0.362472611508,4.44585478016,2.80877066862,0.619075782007,1.55225127654,2.21466487138,1.26933259121,2.26845971989,1.67204577532,2.1242356924,1.68231724802,2.27739642573,12.0576547275,7.65096478522,0.446446571753,14.6777471714,2.70534274985,5.88214169232,0.370583494804,0.662212274733,0.841909319164
sobol__0001065@@teres_minor@@0.00,65.13662788,116.54008878,85.79103099,115.96210096,-3.06728981,-6.70423871,42.50594149,Teres minor,TMIN,0,1,usable,Converged with independently replayed constrained generalized-force equilibrium and small reserve torques,308.747917,3.35057697359,7.48532063e-08,9.37916411203e-13,0.000427461876677,24,2,0.0312810997492,0.999999733675,0.999999393107,0.575612570286,0.0100452383202,0.344763097598,0.0100452383202,0.0100002313435,0.0100000877537,0.0100000166649,0.0100000235081,0.0100001263429,0.0100001014,0.0100001144778,0.0100001274475,0.0100452383202,0.432283838632,0.431332932969,0.106596043391,0.0100010390502,0.558689849048,0.0100000776652,0.0100006251096,0.0100033150513,0.0100026121676,0.0681169788769,0.114281046096,0.0100027373188,0.0100452383202,0.0100452383202,0.339903657069,0.230145133615,0.0100452383202,0.0100038299051,0.0100012917186,0.0100019390348,0.0100018508236,0.0100023039916,0.0100018860266,0.010001751124,0.0167449094491,0.0781627405741,0.0649817153062,0.0332291519857,0.033752861666,0.0173952485551,0.0100247841238,0.010007920123,0.0100037129753,0.010002911325,27.4066154494,387.299042314,187.276774064,89.3565434857,0,394.863365014,0,1.42770585125,3.98506397882,6.3334208362,4.62677816932,2.71366974855,3.01235786258,1.87905042442,2.08015845899,0,310.114139702,308.751298294,30.1867944798,3.70727370185,203.274647249,3.16060894371,9.48533743655,0.696675732208,2.82962954883,12.9863345662,14.1874303829,1.13723345053,0,0,172.954375041,65.4437174843,0,0.678308643232,2.42124537198,1.56747466493,2.28116478395,1.6565411181,1.94949285957,1.88265255739,0.272984574506,5.06891118611,3.83684897285,1.25159052407,1.27085826339,0.48424678652,0.61550711558,0.455525348968,1.93243296211,1.1069088794
sobol__0000317@@triceps@@0.25,80.69326851,115.08012784,89.96583568,78.95526502,-63.61416481,-9.48988324,-21.18546476,Triceps,TRIlong;TRIlat;TRImed,0.25,1,usable,Converged with independently replayed constrained generalized-force equilibrium and small reserve torques,323.38921,7.85549393579,5.74992734315e-07,6.26792324435e-12,0.000457320045936,27,5,0.181945329777,0.0100001160741,0.812787996763,0.010000088727,0.159516344951,0.0100000658912,0.999999634041,0.0100004973416,0.0100000555596,0.0100000248469,0.0100000395414,0.0100002768833,0.0100002243068,0.0100002496683,0.0100016971855,0.0100452376811,0.999999138921,0.999999081465,0.999997470511,0.65752839143,0.184551159924,0.0100000606999,0.0100000331683,0.0100000429711,0.4723102716,0.999999297273,0.0100002093235,0.0427158320624,0.0100000502949,0.0100010653367,0.0100001077088,0.0100020075866,0.0100006623245,0.0100003772754,0.594551620058,0.514214922836,0.0100016867509,0.0101089408583,0.346900938105,0.697106525956,0.010002675611,0.0100005741899,0.0109697773044,0.129499509613,0.010001172729,0.0375552527319,0.0100024465612,0.197729104926,0.0100057312897,0.399718231972,90.5251251214,5.7754974436,155.268384686,2.23520867588,171.554623918,11.361337618,265.354378549,1.42271499056,3.93823517482,6.34212491142,4.62268276197,2.71755399956,3.02314291891,1.87971692418,2.06786298936,0,174.160179613,170.464965832,249.757814906,228.249322128,85.7568642836,3.15422890539,11.2405098602,2.69915143839,149.197928711,244.843721216,1.5322136528,17.4234538769,4.78737404622,1.00816158318,4.71622603767,2.45747234631,0.750487909641,1.71176488158,146.69152794,75.2063657412,2.22966980234,1.70107260816,73.6776870706,133.256543201,0.294347785349,1.0887284502,1.03535533741,6.29296140753,0.609542872811,1.77583238093,0.848313388528,9.09519871036,1.50765509872,46.6427446643
sobol__0002997@@teres_minor@@0.25,117.12393257,125.71245206,-53.40574635,77.4635658,-33.96572731,18.73399371,7.37898837,Teres minor,TMIN,0.25,1,usable,Converged with independently replayed constrained generalized-force equilibrium and small reserve torques,581.648382,0.698131443088,3.95554593524e-08,7.77831015945e-12,2.06427210408e-05,10,0,0.362111955756,0.484512862969,0.0142834050641,0.0902007782292,0.239394118002,0.231074717274,0.0100163823869,0.010010938011,0.0100074725415,0.378905120613,0.0376012593027,0.158007491856,0.120845962161,0.0205539211623,0.0100077845083,0.0100452377354,0.0984776021061,0.0963832546519,0.0190350483767,0.0100090227718,0.0100006650858,0.0100033499964,0.01000253052,0.0100047526532,0.0100067066012,0.015332775537,0.0590980466629,0.0100041115517,0.0100203212134,0.0100103815704,0.0144537797469,0.0196921969848,0.0100212297647,0.0100130265276,0.0100110388402,0.0100146393198,0.0100194766688,0.0100207037826,0.0100169990547,0.0100139447074,0.0101714345486,0.0304055080699,0.0209368369753,0.0104642514778,0.0164630604475,0.0101158844285,0.0100355791445,0.0100219542015,0.0100088381977,0.0100102497949,119.606325728,478.006018617,2.18327510494,40.0562608999,248.360923519,225.339345716,0.511141480874,1.16174752851,4.4423691439,247.464697668,18.0284085023,43.9977513828,37.8917363369,3.77604267549,2.08143039241,0,68.4605576034,65.5794579913,4.69113003358,3.70040101572,5.00128144411,2.46792956286,11.2776455378,2.66088358052,3.37443228332,3.68259192429,11.3935697862,3.98189865039,2.67848539647,0.973240630161,7.97424517355,5.48456377258,0.670951070797,1.61694561539,2.59074742171,1.6219104083,2.37244208621,1.73241502716,2.08274517195,1.97533828112,0.289724558785,3.16860508349,1.77783487168,0.492101796516,1.04102739412,0.392334685948,0.61225223959,0.414987543698,1.74237887395,1.10613750496
sobol__0000317@@middle_deltoid@@0.75,80.69326851,115.08012784,89.96583568,78.95526502,-63.61416481,-9.48988324,-21.18546476,Middle deltoid,DELT2,0.75,1,usable,Converged with independently replayed constrained generalized-force equilibrium and small reserve torques,359.703978,2.92854058657,5.85445262047e-07,6.10117285811e-12,0.000110534873186,26,0,0.0100004015086,0.0100130738952,0.430908147903,0.010000745159,0.434374520402,0.0100004395659,0.426581809089,0.0100027273615,0.0100003078974,0.0100001902147,0.0100002602375,0.0100015311792,0.0100017939158,0.0100018468522,0.0100014024192,0.0100452374576,0.603804213783,0.590993107431,0.11694915526,0.662794223643,0.371281889829,0.010000710755,0.0100004214804,0.0100002335526,0.665333071438,0.520265053029,0.0100004796266,0.419442209623,0.0100002034352,0.0100136054765,0.0100003468161,0.0100019807208,0.0100027515432,0.0100015763591,0.179239425493,0.169408916729,0.0100039175995,0.0100232657222,0.108579799386,0.249316853761,0.0100053320171,0.0100011891769,0.0100054450645,0.0123234424297,0.0100023889907,0.0100383598005,0.0100061156908,0.0802948157374,0.0324877818434,0.180677561354,4.97560228588,4.33723585836,82.3171753721,2.23535540115,467.155622892,11.3617621596,113.195392268,1.42303224313,3.93833455065,6.34222978909,4.62278478205,2.71789485175,3.02361742339,1.88001714203,2.067802046,0,420.634963496,402.97484961,29.2090393576,230.07726241,172.526526796,3.1544339465,11.2409463413,2.69920287898,210.171834352,127.383721125,1.53225506837,171.087197429,4.78744735967,1.00942569724,4.71633880502,2.45746574541,0.750644692575,1.71197012877,44.2230822466,24.7768557191,2.23016712419,1.68665570449,23.0610747986,47.658572768,0.294425955151,1.08879540173,0.944339220684,0.59885128408,0.609617000478,0.474672464926,0.84862456957,3.69342340784,4.89523139626,21.0830947571
sobol__0003935@@infraspinatus@@0.50,-58.21786431,122.34819425,74.10890208,97.07782362,71.26864769,13.11143512,-33.10929288,Infraspinatus,INFSP,0.5,1,usable,Converged with independently replayed constrained generalized-force equilibrium and small reserve torques,314.958184,2.31438477336,1.50084531469e-08,1.48481320987e-12,0.000996303780483,29,0,0.43165633313,0.0100001747883,0.0100000581217,0.0100000357119,0.0100000069728,0.010000078889,0.0100000438905,0.0100002063075,0.0100000061978,0.0100000160194,0.0100000875011,0.0100001993579,0.0100032862938,0.985955467438,0.0100021309809,0.0100000861193,0.507279492357,0.497369360745,0.106726658777,0.0100452384272,0.33591800153,0.0100009115899,0.010000480355,0.0100002159622,0.0100006544429,0.0100414313714,0.0100013842124,0.0100005948021,0.0100005252671,0.0100018235277,0.662791492314,0.258627168433,0.0100025893051,0.0100013086974,0.0100058949091,0.0100219686101,0.0100047000254,0.0100066308335,0.010008821327,0.0193491326416,0.0161046441817,0.0416944062487,0.0552580460758,0.0407651765005,0.0100080938579,0.0100319380284,0.0100443809582,0.028911544814,0.0303736883931,0.0682817967276,296.31433072,1.37030715514,1.53023904994,3.38436806011,5.33521299393,12.277123028,2.32021078017,1.43859541253,4.23495974887,3.70610622363,3.23965063217,2.6323718725,2.97608870876,185.334302035,0.08756063311,1.16264178615,361.951619886,347.947679091,28.7293016747,0,174.30962116,0.373694567614,10.783232755,2.47181838484,3.09174561316,2.53533526223,1.92909574667,4.07840234472,4.38426630802,1.01014360901,279.884602112,53.0404263274,0.711639330411,1.66920105047,2.56077648598,1.53379872544,2.35667936783,1.72611023971,2.12264514033,3.76674579408,0.598469816811,4.51258883401,5.21620358562,1.97548195904,0.7187709951,0.474497502801,0.739488218174,1.24506833273,3.63081829715,7.13920140622
sobol__0001047@@posterior_deltoid@@0.75,-22.05087212,86.07133878,-38.42771901,8.30585096,-55.56728981,15.71763629,36.88094149,Posterior deltoid,DELT3,0.75,1,usable,Converged with independently replayed constrained generalized-force equilibrium and small reserve torques,320.793918,1.61697679898,5.78533132511e-08,1.52766688188e-12,0.000131283826537,29,1,0.413939884133,0.999999840183,0.515505369962,0.0100001767754,0.010000069233,0.0258227699002,0.0100002935661,0.0100006602685,0.0100002508843,0.0100000644369,0.0100000537714,0.0100008694635,0.0100003460852,0.010000255446,0.0100002591215,0.198659762214,0.0100015147398,0.0100019556418,0.010045237791,0.156987244257,0.0100002504741,0.0100311435284,0.311446978712,0.0480955880609,0.0272982930593,0.065376994413,0.0480442308771,0.0100012628016,0.0100023401711,0.0100034270492,0.0100067909283,0.0100066326233,0.0100068009762,0.0100031501988,0.0100017844997,0.0100026916535,0.0100027761447,0.0100034263299,0.0100027200604,0.0100026598391,0.0115207155603,0.0496750862987,0.0363405125745,0.0168706264635,0.0263182064254,0.0132849435697,0.0100770435839,0.0100127903471,0.0100031773636,0.0100043682036,232.285194757,365.464694202,61.6638365251,4.29937701795,10.7242914123,33.1730963999,2.64594588437,1.41135235364,4.41800402666,6.34504369401,4.97233281373,2.58190740994,2.72387206815,1.79654333824,1.18978082057,149.741740826,5.08780387019,3.9071335396,0,55.4144762609,2.09681767203,0.00416004280435,363.787439565,11.4037434299,6.77811707337,10.5251928088,9.26756947999,4.07927443774,4.12167255533,1.00415092024,1.95441268502,2.54804870139,0.718873414882,1.67444374448,2.52730567022,1.62407077415,2.32364306805,1.69323544291,2.00680177313,1.95957012692,0.320034767779,4.97423732773,2.95320380028,0.746622511928,1.66755718547,0.344816175053,0.519080891438,0.437781261332,2.01059270182,1.16736204886
sobol__0001218@@infraspinatus@@0.50,81.30850288,1.26665128,74.65821849,32.17303846,48.80771019,-1.91908246,38.28719149,Infraspinatus,INFSP,0.5,1,usable,Converged with independently replayed constrained generalized-force equilibrium and small reserve torques,427.396945,0.198235248999,2.28889221798e-07,7.57728930569e-13,0.000287485607534,23,0,0.0100004738282,0.0100005442721,0.104220761457,0.0100078938062,0.0100019967845,0.0100006761027,0.0944284119206,0.157371741942,0.010002174391,0.0100019522248,0.010001239645,0.161127929859,0.0767485974337,0.112217644043,0.010129359209,0.176298009977,0.0100025338389,0.010002693541,0.0100452373943,0.0100452373943,0.130619578338,0.0145448059149,0.160450550475,0.0894773085022,0.043375580388,0.0484471911713,0.0925718451535,0.0100015193017,0.0100043673723,0.0100042656818,0.0799665367317,0.0101133108418,0.0100079707045,0.0100036369044,0.0100018656412,0.010002738896,0.010002816566,0.0100034642126,0.0100027587304,0.0100025467409,0.0110004819666,0.0477511278825,0.036296792523,0.0164193009095,0.0268334831412,0.0110580692222,0.0100422918768,0.0100102701551,0.0100037190314,0.0100037613413,8.32627711549,10.9905161125,20.9877761878,4.9944826364,2.96129620643,12.4174752303,25.4367397238,19.2087321921,4.21875174032,5.81627796866,2.897239988,28.5674816665,6.45867593156,16.8755282992,1.81524526846,100.39123543,6.42869788509,6.02651580043,0,0,43.547058909,3.30535701943,188.909585017,23.4793994956,12.7939632877,8.65843389701,15.0406803653,3.8773556967,4.22111193567,0.920691058196,44.555172987,2.55748499675,0.672801318098,1.5958330679,2.42007483016,1.56530046818,2.27810302726,1.6555801319,1.94594405435,1.88111540675,0.208806891858,3.61441028144,2.39499709257,0.645929116914,1.29718932382,0.304783914135,0.545287613676,0.460143131317,1.95783829354,1.12821579775
sobol__0003935@@teres_major@@0.50,-58.21786431,122.34819425,74.10890208,97.07782362,71.26864769,13.11143512,-33.10929288,Teres major,TMAJ,0.5,1,usable,Converged with independently replayed constrained generalized-force equilibrium and small reserve torques,301.040473,3.15273551492,1.40768605661e-08,1.71462920705e-07,0.0019608945388,28,1,0.562095943277,0.0100000916274,0.0100000233763,0.0100000113449,0.01,0.0100000816892,0.0100000152231,0.0100002243022,0.01,0.0100000032309,0.0100000393715,0.010000116361,0.39627107229,0.999999679903,0.0100012092996,0.0100000378067,0.607560930022,0.595691758082,0.127823377325,0.0100452416395,0.415636993141,0.0100005501835,0.0100004001493,0.010000178407,0.0100005118554,0.0100106655383,0.0100012506592,0.0100005001831,0.0100004782294,0.0100015576634,0.797474030033,0.310817793152,0.0100022582555,0.010001138184,0.0100059420242,0.0100274926048,0.0100048456555,0.0100067754877,0.0100097070935,0.0292917466583,0.0201562195565,0.0498805885733,0.0611317250578,0.0442192606934,0.0100073163688,0.0100257268782,0.0100266259266,0.0287559652853,0.0372485711602,0.0700616783021,385.85576163,1.37029576107,1.53023373268,3.38435981293,10.6704185472,12.2771264659,2.32020412876,0.719299000593,4.23495712412,3.70610148461,3.23963504004,2.632350025,117.895042607,187.97425323,0.0875525647112,1.16263616973,433.503948246,416.73167074,34.4082388633,0,215.676225992,0.37368106334,10.7831462715,2.47180910208,3.0917015316,2.52756727591,1.92906998653,4.07836375759,4.38424568655,1.01011675779,336.758549522,63.7439150678,0.711615777719,1.6691725921,2.56078854397,1.53464413776,2.35671367205,1.72613519207,2.12283299141,5.70230023066,0.749031701043,5.39857998419,5.77066230327,2.1428670066,0.718715156643,0.474203723549,0.738181055831,1.23836833983,4.45262991932,7.32529687576
sobol__0003903@@pectoralis_major@@0.00,-53.99911431,107.11381925,16.68702708,116.37469862,-9.98135231,-2.47450238,-15.29679288,Pectoralis major,PECM1;PECM2;PECM3,0,1,usable,Converged with independently replayed constrained generalized-force equilibrium and small reserve torques,489.883349,1.55529255817,3.57935880935e-08,2.35900188272e-12,0.000313497984587,14,0,0.537373541276,0.640570296035,0.0100005044212,0.291636045695,0.010000310627,0.0100009410603,0.0100452377741,0.0100015276377,0.0100452377741,0.0100452377741,0.0100452377741,0.0239402237456,0.0100003566594,0.0100003315999,0.0100010884476,0.803644347135,0.0976590611257,0.0974687175903,0.0241948988972,0.0100024480721,0.219571231405,0.0100004676255,0.0100026932592,0.0100265299717,0.0202890071543,0.0534026566773,0.0263941431312,0.0100045333379,0.0100040907276,0.01000961602,0.190463817141,0.0930252217959,0.0100184856437,0.0100101573679,0.0100114568544,0.010017564728,0.0100116650845,0.0100148932785,0.0100146755366,0.0100161606674,0.0108807742427,0.0438108005893,0.0419571011806,0.021156025539,0.0135722442317,0.0133243058472,0.0100598964313,0.0100299938115,0.0100078393199,0.0100133414667,251.149520106,142.253323022,1.81065595246,70.1894945601,3.07212033044,11.5341281972,0,1.39601837446,0,0,0,5.98344384921,2.79669419752,1.82358030606,0.625687609656,144.649784313,70.0592255668,69.7863737025,6.85185589607,3.79212907354,115.294644814,2.31881438289,9.41484984138,0.730978041892,3.27854299328,13.4835607235,4.42912177479,3.77450046496,3.5521047935,0.930811694122,98.0274118891,26.4836256565,0.547356975654,1.58827516809,2.58696987977,1.5883505929,2.36060131311,1.72968790751,2.11875725183,1.97023360021,0.32897732241,4.77741190952,3.9441682935,1.0323542122,0.818338228737,0.624365517289,0.801114568728,0.46136119485,1.65047397827,1.16842161463
sobol__0003872@@supraspinatus@@0.75,-59.62411431,46.17631925,2.62452708,14.81219862,5.01864769,24.86924762,-56.54679288,Supraspinatus,SUPSP,0.75,1,usable,Converged with independently replayed constrained generalized-force equilibrium and small reserve torques,454.653111,0.741563215117,2.27377831763e-06,6.08827880362e-13,0.000210337474861,21,0,0.0100108025099,0.271155899018,0.0765176372969,0.0100117957017,0.0100041940224,0.0597344300129,0.0137587585899,0.0147625836684,0.0100039650072,0.0100012572075,0.0100014087674,0.027697269296,0.0100882469133,0.0100104656442,0.0100037663378,0.132341659791,0.0100083514251,0.0100099897303,0.0100452378424,0.0100452378424,0.189357511607,0.250228117732,0.0436675779089,0.0976688783774,0.0100452378424,0.345996312931,0.490838860097,0.0100009862165,0.247307452099,0.010004042516,0.0100001866336,0.0100003976449,0.0100302471354,0.0100048330602,0.0100010834201,0.0100015362631,0.0100062679045,0.0100046682868,0.0100019190129,0.0100014821638,0.0748436318301,0.175160324806,0.124483430612,0.0100298943514,0.214400159121,0.0645634203931,0.0563259198964,0.010004906576,0.0100038141053,0.0100021105581,1.12315823686,277.677380168,6.02274738085,3.4897983845,9.48299034046,73.3877402899,3.53976258978,1.36428453354,4.44079857261,6.52630155657,4.57419517767,4.53592542943,0.711729546696,1.60531638682,2.07735199105,101.328452853,5.65758756956,4.5220417825,0,0,11.4515618667,20.9225480898,51.2831529807,23.7638880352,0,84.9980763996,85.8537249264,2.10662496639,118.651241108,0.362480957009,4.44587588155,2.80879873092,0.619144263103,1.55234408236,2.21469979551,1.269360212,2.26892093088,1.6722281874,2.12431399419,1.68235459693,2.85331031633,14.5452359344,10.7535608352,0.447224563533,14.6202110486,2.92792436561,4.77762243172,0.370592610909,0.662196854346,0.841912706215
sobol__0002818@@biceps@@0.00,84.07705757,31.76713956,78.43019115,88.1276283,61.65927269,-8.47303754,25.66023837,Biceps,BIClong;BICshort,0,1,usable,Converged with independently replayed constrained generalized-force equilibrium and small reserve torques,557.380781,0.182130453701,1.95700501138e-07,7.06788363833e-13,2.01659893498e-05,10,0,0.0629799845959,0.0100018125391,0.0101505604124,0.0100034427309,0.0550592194222,0.0100027301735,0.0194699281041,0.0126991753991,0.116627257052,0.130105212361,0.0246654392662,0.0100279599039,0.0100310364067,0.0100222941095,0.029580049976,0.0628312823127,0.0393481126638,0.0385309336881,0.0101991817828,0.010045237812,0.010045237812,0.010045237812,0.0100056536143,0.0100027445436,0.279368081308,0.161803289859,0.0100027462814,0.0775179050809,0.0100010696014,0.0100249002767,0.0938833712695,0.0366709473484,0.0100140790267,0.0100068309428,0.031385442416,0.0394855696677,0.0100081598802,0.0100163990958,0.0101488967498,0.057976091097,0.010029147084,0.0100243751958,0.0157863575775,0.0236081334172,0.0100139797536,0.0149101223813,0.0262948802711,0.03617013209,0.0100096803128,0.0612441234215,76.7088147646,10.6535707996,2.02196816924,4.8207020706,37.7367170298,12.279988502,5.13437853927,1.68364968967,46.5784043312,60.0206993313,2.61036374818,2.24772103484,1.66195996461,1.67212109768,4.71906895501,13.4156252632,27.7603303505,26.6187555919,2.66096744153,0,0,0,11.0259126744,2.55757054964,89.7680306412,35.7527220295,1.18865077043,27.7460372306,3.59865762235,0.769076959123,46.4758448684,8.43687779931,0.461577749431,1.54042431108,7.79957321162,6.31009538921,2.33725463261,1.69750436283,2.02040037351,11.1135315589,0.176412493774,0.737004597772,1.05091995646,0.985417049582,0.41306892957,0.507393689332,1.63925417455,1.65312957216,2.0096540663,6.94027467126
sobol__0002973@@triceps@@0.50,80.56143257,115.55620206,-13.56199635,51.0573158,78.53427269,5.06211871,-35.74601163,Triceps,TRIlong;TRIlat;TRImed,0.5,1,usable,Converged with independently replayed constrained generalized-force equilibrium and small reserve torques,330.15271,2.26889795364,4.22186801075e-08,3.2684965845e-12,0.000170809059586,26,1,0.613738927061,0.54073712114,0.010003952459,0.0100000897628,0.691871766038,0.0100000386623,0.999999219874,0.0100003671547,0.0100001005711,0.0100000323877,0.0100000451054,0.0100001432413,0.0100001330405,0.0100001575601,0.0100001968814,0.0100017123671,0.112001346765,0.109335815866,0.0103834063038,0.0100452386615,0.0100001384132,0.0100007380847,0.0100017309541,0.0100008659015,0.0100452386615,0.0476867963687,0.0100018646676,0.0100020621978,0.0100007575983,0.0100062898251,0.283035125528,0.0644616574261,0.0100052453599,0.0100026107005,0.0100082302418,0.0100253039464,0.0100048945498,0.0100074031259,0.0100094291596,0.0103169159012,0.0100395550256,0.0100253075587,0.0252930885218,0.0252495062345,0.0100105883516,0.0100502993386,0.0102210173727,0.0295792599863,0.0116392865047,0.0638093461943,547.099864309,393.882517816,1.8544695638,4.94903175916,723.264445165,13.0619043371,254.121040937,1.27875687103,4.39923826431,6.54160256513,4.96555706415,2.75511096217,3.06793638521,1.88072688843,2.08010222152,0.261637004316,37.4022503109,35.6431158945,0.51242562773,0,3.78340255991,0.488977825452,11.7528975296,2.75613195274,0,12.0261948324,1.9282989301,3.55884454384,4.79769156805,0.749317281274,151.325580441,12.2909844787,0.737631686639,1.70903399181,2.54668298628,1.52928295073,2.32860442419,1.71846546357,2.12470938231,2.00893576385,0.360102134431,1.08797948018,2.38707834734,1.2132759689,0.721802824416,0.475357196445,0.788696077521,1.34853217166,1.42512409988,7.13950347139
sobol__0003903@@brachioradialis@@0.75,-53.99911431,107.11381925,16.68702708,116.37469862,-9.98135231,-2.47450238,-15.29679288,Brachioradialis,BRD,0.75,1,usable,Converged with independently replayed constrained generalized-force equilibrium and small reserve torques,403.851345,1.83390561545,2.9766471954e-08,1.24996500105e-12,0.000341610233372,17,0,0.568020271051,0.69489237866,0.0100004643905,0.311035573046,0.0100002815066,0.0100008968828,0.010045237536,0.0100014266155,0.0100001587832,0.0100000586863,0.0100000764937,0.0340675669703,0.0100003277869,0.0100003040186,0.0100010001209,0.88184134536,0.112077014766,0.111858447617,0.0277561491176,0.0100021969797,0.243160096209,0.0100004257281,0.0100023636478,0.0100268477291,0.0193016596716,0.0531660318134,0.0253649408269,0.010004657551,0.0100039373254,0.0100096365277,0.211931157193,0.104213049237,0.0100182053532,0.0100101526791,0.010012753178,0.0100196497137,0.0100122620866,0.0100157255163,0.0100160438216,0.0100179048628,0.0110057096345,0.0446117544438,0.0429649287318,0.0217187455878,0.0133074506617,0.0134208036459,0.0100554350267,0.0100302726707,0.0100077800999,0.0100134137302,265.472725321,154.316786977,1.8106487048,74.8584750472,3.07211137982,11.534077247,0,1.39600427378,4.03173021378,5.03983375645,4.84807098299,8.51459770054,2.79668612323,1.82357527662,0.62568208379,158.724640775,80.40246105,80.0892390936,7.86038142964,3.79203387936,127.680920429,2.31880466831,9.41453959855,0.548250905015,3.11899545122,13.4238156486,4.25641443105,3.77454732781,3.55205032523,0.93081360113,109.076165487,29.6687213557,0.547341661904,1.58827442411,2.587304851,1.58868118108,2.36074207728,1.72983164462,2.11904673338,1.97057669298,0.332754710817,4.86475307726,4.03890890619,1.05981335908,0.802372505006,0.628887321172,0.800759287123,0.461374021862,1.65046421191,1.16843004681
sobol__0001720@@teres_minor@@0.50,-30.31259087,4.18657316,52.24610911,0.30780409,-59.16103981,2.8318941,8.87312899,Teres minor,TMIN,0.5,0,solver_failed,The static optimization solver did not converge,647.929766,,9.70648512122e-07,,,0,0,,,,,,,,,,,,,,,,,,,,,,,,,,,,,,,,,,,,,,,,,,,,,,,,,,,,,,,,,,,,,,,,,,,,,,,,,,,,,,,,,,,,,,,,,,,,,,,,,,,,
sobol__0003872@@subscapularis@@0.00,-59.62411431,46.17631925,2.62452708,14.81219862,5.01864769,24.86924762,-56.54679288,Subscapularis,SUBSC,0,1,usable,Converged with independently replayed constrained generalized-force equilibrium and small reserve torques,454.170095,0.850365052004,2.27673459463e-06,1.4068746168e-12,0.000237644541889,20,0,0.0100052171402,0.31790625115,0.143218801984,0.0100004448338,0.0100002311535,0.0100452376736,0.0100191037427,0.122088758006,0.110676212561,0.0100009430538,0.0100007647386,0.223079646473,0.0536471593532,0.0100121501563,0.010001644651,0.070135016397,0.0347768329472,0.0278029192883,0.0100452376736,0.0100452376736,0.173701440649,0.226324763264,0.0100102687362,0.0831450443308,0.0100452376736,0.342148404898,0.527458700354,0.0100009306368,0.231959574493,0.0100038845616,0.0100001624185,0.0100003511748,0.0100246534061,0.010004217129,0.0100010172352,0.0100014445586,0.0100053137401,0.0100041874256,0.0100017590414,0.0100013879906,0.0708177473901,0.168333792078,0.114374500257,0.0100209821788,0.21812724886,0.0623776320611,0.0611442462038,0.0100048029901,0.0100039125169,0.0100020950699,1.12253158977,325.552109624,11.2728345523,4.64778910406,9.47923393278,0,2.57764887575,11.2828355801,49.1295967557,6.5260965559,4.57390062753,36.5332997434,3.78482691061,1.60558652148,2.07691140801,53.6994376052,19.6588798199,12.5600491259,0,0,10.5047472363,18.9238954884,11.7560480239,20.2300830845,0,84.0527923943,92.258983249,2.10661325999,111.287756058,0.36247523404,4.44586511792,2.80878567877,0.618798975107,1.55224851507,2.21468513939,1.26934857333,2.26870457422,1.67214781401,2.12428001775,1.68233875616,2.69982902055,13.9783636831,9.88029604054,0.446827177262,14.8743658914,2.82879977042,5.18631782227,0.37058877399,0.662203368855,0.841911402579
sobol__0002687@@brachioradialis@@0.75,-49.16512993,86.86479581,24.2309724,2.05340955,19.47177269,8.41172809,9.95711337,Brachioradialis,BRD,0.75,1,usable,Converged with independently replayed constrained generalized-force equilibrium and small reserve torques,361.265309,1.50525281164,1.72219299266e-07,2.87461391162e-12,4.17218978879e-05,26,0,0.0100089126585,0.989922551267,0.0100046596415,0.0100004373724,0.0100002271578,0.29999767054,0.207176294118,0.0100018152595,0.0100006163693,0.0100001810293,0.0100002266322,0.0100027858443,0.010000758353,0.0100006690197,0.0100014505927,0.175166653739,0.47015560891,0.346819745379,0.0100452377704,0.0100452377704,0.0100452377704,0.0100452377704,0.0100007577484,0.0100036159345,0.0100150950369,0.0166232959399,0.0510818974135,0.0100017449069,0.0100011436624,0.010006665887,0.0100038596643,0.0260956383329,0.0100083113726,0.0100045295554,0.010004951879,0.0100079365861,0.0100054059849,0.0100071929275,0.0100066379245,0.0100079742765,0.0173457864297,0.0795055880037,0.0623436948141,0.0350455861388,0.0310925803937,0.0138814714672,0.0166717112389,0.0106350046815,0.0100256115626,0.0174191365977,2.32073834939,568.084646837,1.15578309161,2.91732244311,5.11180205642,340.271679823,55.7909346422,1.32672981043,4.36470527808,6.19480773597,4.97215299934,2.17454422204,2.12100489494,1.75809898989,0.974736080634,134.254385668,213.607453523,116.235942032,0,0,0,0,11.5553447312,1.7457102001,2.68037984434,3.36127947844,9.85199795861,4.06068799142,4.56460644904,1.01066320609,4.54854766874,7.10242599557,0.748936305557,1.71006136194,2.57628941376,1.62622585116,2.36716321377,1.726612659,2.04582837129,1.97405229137,0.558710584984,8.6811344959,5.8111445239,1.70966349351,2.18251177956,0.516762683013,1.01631500911,0.486877210145,1.9743713685,2.03235467797
sobol__0001047@@middle_deltoid@@0.50,-22.05087212,86.07133878,-38.42771901,8.30585096,-55.56728981,15.71763629,36.88094149,Middle deltoid,DELT2,0.5,0,solver_failed,The static optimization solver did not converge,568.272544,,3.07950216438e-08,,,0,0,,,,,,,,,,,,,,,,,,,,,,,,,,,,,,,,,,,,,,,,,,,,,,,,,,,,,,,,,,,,,,,,,,,,,,,,,,,,,,,,,,,,,,,,,,,,,,,,,,,,
sobol__0001720@@supraspinatus@@0.00,-30.31259087,4.18657316,52.24610911,0.30780409,-59.16103981,2.8318941,8.87312899,Supraspinatus,SUPSP,0,1,usable,Converged with independently replayed constrained generalized-force equilibrium and small reserve torques,496.367563,0.897040802732,9.6370877628e-07,4.97379915032e-13,4.73734106213e-05,11,0,0.137980904174,0.0100051393327,0.0100016261659,0.0100452380385,0.0100002958755,0.14174933282,0.0100018398239,0.112964169539,0.0958647370708,0.0136383926199,0.0100013297763,0.204148989451,0.0725587387358,0.110207708832,0.0973386799292,0.168640892897,0.667771401982,0.486715626154,0.0100452380385,0.0100019842177,0.152574922108,0.010001390898,0.010000507229,0.0100024624294,0.0479760329504,0.010018666555,0.0725500305611,0.0100048378809,0.0100012580282,0.010035141579,0.0309884871581,0.0768807697387,0.0100301750774,0.0100134606194,0.033468488318,0.0237699331728,0.0100295344813,0.0100554706473,0.0122429032298,0.0193992717954,0.017218276665,0.0768888493328,0.0612044334221,0.0356070210207,0.0298537314872,0.0101555533061,0.012452112255,0.0157856142837,0.0130279375179,0.0364036650768,108.859362522,10.957063118,1.99656489499,0,7.25359312097,174.975182471,2.69065899458,14.0153590258,40.5092725195,7.92931668869,2.50305330303,37.7591251722,6.5728830977,16.802808603,17.9678942595,127.810693775,293.769235468,156.063284352,0,3.50469526657,48.9428453056,2.51361960607,11.5071753674,2.309713679,14.4800586851,2.20278341987,13.9946774169,3.58143088905,4.77965225455,0.936113502126,4.94315256028,19.2600526714,0.752715251155,1.71238367599,8.66128321099,3.85222219035,2.37486268866,1.73850641593,2.55503322936,3.82713824294,0.554863416395,8.39618042239,5.75763851402,1.73761094689,2.08136802261,0.393699380522,0.894655941939,0.726062806956,2.60220296121,4.24803746981
sobol__0002973@@infraspinatus@@0.75,80.56143257,115.55620206,-13.56199635,51.0573158,78.53427269,5.06211871,-35.74601163,Infraspinatus,INFSP,0.75,1,usable,Converged with independently replayed constrained generalized-force equilibrium and small reserve torques,322.35386,2.63033409683,4.23920596404e-08,1.40065736787e-12,0.000267917750003,25,1,0.615096900459,0.540930805778,0.0100029755612,0.0100000551038,0.925628984152,0.0100000210231,0.999999700455,0.0100002420932,0.0100000625524,0.0100000183284,0.0100000269707,0.0100000927174,0.010000085593,0.0100001021379,0.0100001298085,0.0100005632567,0.0566505626017,0.0553027981968,0.0100587638522,0.0100452377925,0.0100000959152,0.0100005292419,0.010006174372,0.0100013863772,0.0100452377925,0.0517518481898,0.0100019844886,0.0100032075315,0.0100009294065,0.0100085188573,0.286154686832,0.053424981237,0.0100066365199,0.0100033990282,0.0100098377104,0.0100305187902,0.0100055183545,0.010008365036,0.0100108106298,0.010535601386,0.0100339399846,0.0100186452512,0.0170122212353,0.0202416939533,0.0100104180656,0.0100477880751,0.0101812526994,0.0270729688139,0.0116821533856,0.0587396190567,548.310390278,394.023601181,1.85428847242,4.94901460529,725.721043832,13.0618812969,254.121163048,1.27874087896,4.39922153945,6.54159336742,4.96554805953,2.75509704254,3.06792182893,1.8807164652,2.08008826995,0.523213884901,37.8363043659,36.0570601673,0.496404384082,0,3.78338648157,0.488967614342,11.7581189291,2.75627539038,0,13.0513655069,1.92832203087,3.55925206703,4.79777399009,0.74948420171,152.99346326,10.186607692,0.737734249346,1.70916868457,2.54709202089,1.53007843494,2.32874961254,1.71863064222,2.12500262808,2.05151875039,0.359900732295,1.08725646455,1.60555738047,0.972643211905,0.721790546132,0.475238419169,0.785627670492,1.2342691955,1.43037275682,6.5722615751
sobol__0000317@@coracobrachialis@@0.00,80.69326851,115.08012784,89.96583568,78.95526502,-63.61416481,-9.48988324,-21.18546476,Coracobrachialis,CORB,0,1,usable,Converged with independently replayed constrained generalized-force equilibrium and small reserve torques,364.138995,2.92250834352,5.85813896947e-07,2.91449154926e-12,0.000110275333465,26,0,0.0100004048039,0.0100095517329,0.428164257434,0.0100007447694,0.429656093808,0.0100004403833,0.425100398214,0.0100027373127,0.0100003089309,0.0100001907825,0.0100002610987,0.0100015368497,0.0100017975607,0.0100018511648,0.0100452377886,0.0100452377886,0.604917616762,0.592082904839,0.117164774298,0.661232383418,0.372803633656,0.0100007126591,0.0100004206938,0.0100002337177,0.665318757425,0.520233326978,0.0100004800096,0.419487563449,0.0100002035001,0.0100136278948,0.0100003473147,0.0100019852221,0.0100027530377,0.0100015775627,0.179315992145,0.169415027622,0.0100039212264,0.0100233379109,0.108615809023,0.24925166138,0.0100053364749,0.0100011902633,0.0100054577104,0.0123922201867,0.0100023909563,0.0100384904056,0.0100061176696,0.0802398865845,0.0323250339214,0.180511235349,4.97560392755,5.78094694596,81.7930049316,2.23535531258,462.081109054,11.3617630879,112.80229325,1.4230336589,3.93833495741,6.34223014874,4.62278517981,2.71789639267,3.02361852519,1.88001795266,0,0,421.410606014,403.717939404,29.2628920334,229.535097271,173.233647689,3.15443454715,11.2409454571,2.69920292355,210.167312717,127.375953207,1.53225512677,171.1056969,4.78744739051,1.00942795717,4.71633904031,2.45746685142,0.750644804678,1.71197033478,44.2419732643,24.777749472,2.23016793321,1.68666785222,23.0687228227,47.6461108184,0.294426086213,1.08879551996,0.94434041423,0.602193503504,0.609617120083,0.474678640697,0.848624737323,3.69089676128,4.87070868072,21.063686332
sobol__0003163@@posterior_deltoid@@0.50,10.16104194,88.95952238,-42.93211354,118.53290174,-59.51260231,-9.68641644,12.00789462,Posterior deltoid,DELT3,0.5,1,usable,Converged with independently replayed constrained generalized-force equilibrium and small reserve torques,365.345887,5.7319512605,9.43428428712e-07,4.82458517581e-12,0.000527027764712,23,3,0.0100005000732,0.60658483313,0.162205924849,0.217501863847,0.110039283307,0.0990776231156,0.0100061907396,0.0100111920975,0.0100024150691,0.0100004199822,0.010000407172,0.0100210920375,0.0100101468463,0.0100030357507,0.0100011545034,0.136882211082,0.486171196581,0.48569053476,0.12258074781,0.999999805785,0.382124242479,0.149232552905,0.010000586825,0.0100000946998,0.999999203415,0.999999776707,0.0100001494167,0.343721430273,0.0100000831478,0.010001164293,0.0100000665392,0.0100003873092,0.0100012253281,0.010000348156,0.0908512008638,0.348244731864,0.0100005107458,0.0100011090843,0.0100048872196,0.695788602804,0.0100024276298,0.0100008050391,0.0355390159867,0.205896085602,0.0100009646816,0.161752706324,0.33082740991,0.409559436763,0.010000942003,0.715407137022,9.98194473786,235.965487349,15.3285331368,34.909796324,108.121034584,129.174119466,2.53864606302,1.44017515733,4.44013932759,6.55559100259,4.96461460703,2.67096825741,2.88346923503,1.83482696491,1.65068141688,14.8088491539,348.772641938,348.08334397,34.7148629721,350.145629148,107.405496609,47.2766280422,9.01041867147,1.43524004635,245.002107904,251.93029303,1.25689065359,124.53884505,2.69906232401,0.818897079624,5.53171712051,2.5013614843,0.377092282506,1.55319171722,23.5108575621,56.5613167838,2.36794688634,1.72910855394,2.08260332212,137.273205435,0.222128596996,0.888871107513,2.8277267559,9.87809418686,0.475893674003,6.46566948765,25.5998525866,18.793696131,2.00890765818,82.5178546484
sobol__0000317@@supraspinatus@@0.00,80.69326851,115.08012784,89.96583568,78.95526502,-63.61416481,-9.48988324,-21.18546476,Supraspinatus,SUPSP,0,1,usable,Converged with independently replayed constrained generalized-force equilibrium and small reserve torques,387.166303,2.91695525604,5.75910686251e-07,5.53512791157e-12,0.000110984810326,25,0,0.0100004099156,0.0100120674544,0.424112247854,0.010045237836,0.435276602592,0.0100004463608,0.422192416488,0.0100027381286,0.0100003123348,0.0100001922395,0.0100002629114,0.0100015396554,0.0100017915202,0.0100018481327,0.0100014119893,0.010045237836,0.601883941571,0.589113623886,0.116577273918,0.665487830894,0.368657410266,0.0100007198176,0.0100004228439,0.0100002332683,0.665357746014,0.520319772563,0.0100004789674,0.419363972174,0.0100002033233,0.0100135670599,0.0100003459593,0.0100019729796,0.0100027489705,0.0100015742879,0.179107294235,0.169398396999,0.0100039113631,0.0100231424992,0.108517753389,0.249429374547,0.0100053243505,0.0100011873077,0.0100054233946,0.0122053862208,0.0100023856085,0.0100381372499,0.0100061122869,0.0803895495361,0.0327686179343,0.180964548504,4.97560646643,5.78239988287,81.0189420989,0,468.125782852,11.3617698793,112.030647293,1.42303377492,3.93833629811,6.34223107317,4.62278601804,2.71789715514,3.02361669917,1.88001738272,2.0678040246,0,419.297222532,401.693304041,29.1161588515,231.012300403,171.30698887,3.15443680505,11.2409478739,2.69920280225,210.179628789,127.397118866,1.53225496706,171.055284986,4.78744730618,1.00942182464,4.71633840097,2.45746384339,0.75064449951,1.71196977425,44.1904819895,24.7753171594,2.23016573388,1.68663496924,23.0478969573,47.6800818647,0.294425729524,1.08879519824,0.944337175417,0.593114403926,0.609616794295,0.474661941428,0.848624280866,3.69778099962,4.93754753999,21.1165830178
sobol__0003163@@brachialis@@0.50,10.16104194,88.95952238,-42.93211354,118.53290174,-59.51260231,-9.68641644,12.00789462,Brachialis,BRA,0.5,1,usable,Converged with independently replayed constrained generalized-force equilibrium and small reserve torques,383.110092,5.67605112655,9.43428428712e-07,1.40865097364e-12,0.000496517203592,26,3,0.0100015061747,0.566752910516,0.198317142554,0.18120764667,0.153377611379,0.161425516604,0.010006484037,0.0100054523266,0.0100067186984,0.0100005125896,0.0100004738674,0.0100046834764,0.0100033652685,0.0100023264721,0.0100013851153,0.0945017062423,0.503328688503,0.502831062465,0.126906487545,0.999999787081,0.414120075498,0.159810945696,0.0100011290218,0.0100001000662,0.999999172636,0.999999764,0.0100001559522,0.364073150149,0.0100000866513,0.0100012301434,0.0100000708577,0.0100004115048,0.0100012780299,0.0100003645204,0.0940279340775,0.339133105363,0.0100005311282,0.0100011551875,0.010005225126,0.671493918757,0.0100025320241,0.0100008464851,0.0405770194038,0.20192954635,0.0100010040997,0.157409191261,0.318565452913,0.393862311834,0.0100009618919,0.68576885151,9.98294897262,220.470607625,37.4821190293,29.0844497868,150.703871618,210.461235452,2.53872047479,1.43934945392,4.44204973758,6.55565170962,4.96464771735,2.66659480732,2.88151577009,1.83469686407,1.65071947915,10.2238377176,361.081194623,360.367569776,35.9399122956,350.145622599,116.398719108,50.6278455314,4.50545359238,1.43524081654,245.002100363,251.930289828,1.25689147503,131.912780642,2.69906326963,0.818902471462,5.53171950937,2.50136753628,0.377094269608,1.55319425884,24.3329460033,55.0814219117,2.36795171253,1.7291165248,2.08267366024,132.480069789,0.222130915329,0.888874791236,3.22858470493,9.68779504536,0.475895549705,6.29204807845,24.6510065051,18.0733928745,2.00891165329,79.0992589854
sobol__0000317@@latissimus_dorsi@@0.25,80.69326851,115.08012784,89.96583568,78.95526502,-63.61416481,-9.48988324,-21.18546476,Latissimus dorsi,LAT1;LAT2;LAT3,0.25,1,usable,Converged with independently replayed constrained generalized-force equilibrium and small reserve torques,335.902301,2.91745637742,5.75910686251e-07,4.22903730529e-12,0.000111056412102,27,0,0.0100003916236,0.0100097458588,0.435660105586,0.0100007437124,0.423691403465,0.0100004390873,0.423339088231,0.0100027848907,0.0100003076549,0.0100001920885,0.0100002627218,0.0100056766571,0.0100066585686,0.0100067975018,0.0100014106028,0.0100452377977,0.601578810462,0.588814953637,0.116518194915,0.665915882749,0.368240363876,0.0100007192408,0.0100004230613,0.0100002332232,0.665361694933,0.520328389515,0.0100004788629,0.419351527811,0.0100002033055,0.0100135609679,0.0100003458236,0.010001971787,0.010002748562,0.0100015739593,0.179086328472,0.169396757322,0.0100039103733,0.0100231230127,0.108507878072,0.249447246206,0.0100053231339,0.0100011870113,0.0100054199668,0.0121868012868,0.010002385072,0.0100381020611,0.0100061117447,0.0804046691989,0.0328132427377,0.18101010464,4.97559736545,5.78105906153,83.224950583,2.23535507743,455.66627922,11.3617616157,112.334921772,1.4230404275,3.93833445505,6.34223097736,4.62278593038,0.679755344139,0.756272011117,0.470236925195,2.06780373795,0,419.084655594,401.489652598,29.1014033716,231.160891015,171.113196587,3.15443662313,11.2409481183,2.69920279008,210.180876212,127.399228674,1.53225495104,171.050209027,4.78744729767,1.00942121053,4.71633833694,2.45746355038,0.750644468856,1.71196971799,44.1853091839,24.7750773488,2.23016551322,1.68663169018,23.0457995557,47.683498151,0.294425693726,1.08879516596,0.9443368519,0.592211278709,0.609616761599,0.474660277495,0.848624234883,3.6984764781,4.94427156749,21.1218989205
sobol__0003872@@posterior_deltoid@@0.00,-59.62411431,46.17631925,2.62452708,14.81219862,5.01864769,24.86924762,-56.54679288,Posterior deltoid,DELT3,0,1,usable,Converged with independently replayed constrained generalized-force equilibrium and small reserve torques,401.930491,0.748550379854,2.2772804158e-06,1.31355212965e-12,0.000210845262957,23,0,0.0100096819205,0.27968501974,0.0100452378446,0.0100070714925,0.0100035275986,0.0648168955706,0.0196747376172,0.0202319888684,0.0100038056705,0.0100011641137,0.0100013015383,0.0351790455086,0.0101551362827,0.010010294235,0.0100034914255,0.147503079604,0.010006208519,0.0100075123709,0.0100452378446,0.0100452378446,0.188193879299,0.249570972426,0.0621030151174,0.103876071424,0.0100452378446,0.348072177275,0.489582824852,0.0100009911712,0.248434006042,0.0100040520085,0.0100001866419,0.010000396669,0.0100313455095,0.0100049015913,0.0100010816298,0.0100015339131,0.0100062346342,0.0100046531235,0.0100019146227,0.0100014797631,0.0744048912382,0.174097240228,0.123529945023,0.0100289655491,0.213840356613,0.0645674411758,0.0564791990674,0.0100049051855,0.0100038142373,0.0100021101456,1.12303250423,286.411631941,0,4.65086889083,9.4823586288,79.6318889613,5.06178662284,1.86973974691,4.44072784245,6.52624080898,4.57414613665,5.76120069022,0.716448615864,1.60528889916,2.07729490343,112.936915481,5.65637621522,4.52092263039,0,0,11.381190127,20.8676015698,72.9337091128,25.2741648322,0,85.5080369666,85.6340289893,2.10662601066,119.191730375,0.362481301087,4.44587588482,2.80879845703,0.619212063313,1.55235471572,2.21469939905,1.26935991374,2.26891338679,1.67222565291,2.12431306175,1.68235419309,2.83658393604,14.4569578675,10.6711935259,0.447183149033,14.5820374263,2.92810670649,4.79062372863,0.370592559419,0.66219686324,0.841912671551
sobol__0000317@@subscapularis@@0.50,80.69326851,115.08012784,89.96583568,78.95526502,-63.61416481,-9.48988324,-21.18546476,Subscapularis,SUBSC,0.5,1,usable,Converged with independently replayed constrained generalized-force equilibrium and small reserve torques,338.495429,2.91874422196,5.64578540363e-07,2.66124044322e-12,0.000110711526618,26,0,0.0100004087746,0.0100110319369,0.425120258846,0.0100007535874,0.433411070025,0.0100008898234,0.423172965917,0.0100027366634,0.0100003112658,0.0100001917251,0.0100002622776,0.0100015382,0.010001791555,0.0100018475025,0.0100014135271,0.0100452378198,0.603056308535,0.590261618272,0.116804540158,0.663842899988,0.370260093124,0.010000717248,0.0100004220103,0.0100002334419,0.665342674708,0.520286436442,0.0100004793698,0.419411754936,0.0100002033916,0.0100135905036,0.0100003464821,0.0100019776927,0.0100027505412,0.0100015755522,0.179187862678,0.169404697796,0.0100039151692,0.0100232176165,0.108555708384,0.249360736206,0.0100053290299,0.0100011884486,0.0100054366074,0.0122773088138,0.0100023876729,0.0100382729319,0.0100061143641,0.0803317653638,0.0325972062174,0.180789437814,4.97560590035,5.78180182867,81.21150429,2.23535728359,466.119463449,5.68113685424,112.290840461,1.42303356653,3.93833587686,6.34223074656,4.62278572477,2.71789675959,3.02361670963,1.88001726426,2.06780434249,0,420.113941802,402.476076057,29.1729205156,230.441291801,172.051720341,3.15443599466,11.2409469368,2.69920284908,210.17486791,127.388956715,1.53225502835,171.0747752,4.78744733898,1.00942418788,4.71633864737,2.45746500129,0.750644617392,1.71196999066,44.2103603433,24.7762386807,2.23016658226,1.6866476095,23.0559581525,47.66696119,0.294425867212,1.08879532243,0.94433842248,0.596609444966,0.609616920081,0.474668357269,0.848624457024,3.69512302709,4.91171936745,21.096149516
sobol__0000234@@pectoralis_major@@0.00,111.98233101,59.98247159,63.89161693,97.49042127,72.94833519,3.01988238,-22.35733976,Pectoralis major,PECM1;PECM2;PECM3,0,1,usable,Converged with independently replayed constrained generalized-force equilibrium and small reserve torques,395.498982,2.67227842484,2.96852320503e-08,1.06710868182e-12,0.000276049055169,22,0,0.378232501574,0.0100000463584,0.0100027044335,0.0100000700121,0.0100000873146,0.0100000213618,0.632232566912,0.871467600055,0.0100452384366,0.0100452384366,0.0100452384366,0.597899865422,0.0100031018551,0.0100003913835,0.0100353741716,0.989545948057,0.0100067729194,0.0100068867504,0.0100206096032,0.0100452384366,0.010000087702,0.0100005613392,0.103059685997,0.0100085676524,0.0102395481211,0.0392348325006,0.0320513540129,0.010002625263,0.0100058665823,0.0100071467867,0.10396652624,0.0222406884339,0.0100152701156,0.0100079159302,0.0100058665139,0.0100089373842,0.0100088226638,0.0100105779028,0.0100086990626,0.0100089673694,0.0130753680173,0.0496677033027,0.0413402320618,0.0199437516996,0.0176802263045,0.0128353044949,0.0100823927988,0.0100249923072,0.0100086439553,0.0100114388551,424.686158585,10.5150439072,1.83665513138,4.98889887237,7.79954278925,12.7931199257,170.16581536,120.745913082,0,0,0,153.38881242,2.68766025592,1.76756347749,1.52265354217,139.83635732,7.1431086239,7.00458104299,2.70123483014,0,5.23290708865,3.13661236909,111.00436285,2.47264152067,3.13062682847,9.90632253997,5.61838046003,4.00572918553,4.44081948422,1.00490412662,42.9950144954,4.47692491515,0.705706914759,1.65636238665,2.58737152063,1.60429053701,2.36477521836,1.72980054701,2.11049969608,1.97268903796,0.413656340176,5.42332857724,3.89420221191,0.973189409621,1.12627588097,0.606038708563,0.738984178411,0.460340227342,1.49145535052,1.16193897273
sobol__0002997@@subscapularis@@0.00,117.12393257,125.71245206,-53.40574635,77.4635658,-33.96572731,18.73399371,7.37898837,Subscapularis,SUBSC,0,1,usable,Converged with independently replayed constrained generalized-force equilibrium and small reserve torques,539.012791,0.827683304832,3.73310058421e-08,7.18161622736e-12,2.12201573043e-05,14,0,0.487885415367,0.489018646664,0.0107787076009,0.253901460527,0.217406207301,0.0100452376861,0.0100032011312,0.0100048661335,0.0100020394156,0.455445124179,0.0312583619633,0.0415224160161,0.0100067135799,0.0100035058756,0.0100038924107,0.0100452376861,0.0984771246407,0.0963828331141,0.0190349727444,0.0100090228515,0.0100006440124,0.0100025044986,0.0100025305312,0.0100047526624,0.010006706608,0.0153327989278,0.0590980831264,0.0100041115477,0.0100203212654,0.0100103815634,0.0144534048013,0.0196920033698,0.0100212297648,0.0100130265194,0.0100110388048,0.0100146392789,0.0100194766092,0.0100207037267,0.0100169990026,0.010013944673,0.0101714317596,0.030405438262,0.0209368177031,0.0104642652489,0.0164630553527,0.0101158829503,0.0100355791378,0.0100219541899,0.0100088381918,0.0100102497877,161.149559114,482.451291172,1.64756819969,112.752277022,225.549428202,0,2.04187533946,1.1610429006,4.43995735105,297.453330237,14.9872246062,11.5620652869,3.13764519543,1.83778388543,2.08062090954,0,68.4602256755,65.5791711764,4.69111139465,3.70040104492,5.00127090724,2.46772096987,11.2776455502,2.66088358295,3.3744322856,3.682597543,11.3935768161,3.981898649,2.67848541288,0.973240629555,7.97403831328,5.48450984733,0.670951070881,1.61694561415,2.59074741255,1.62191040164,2.37244207209,1.73241501749,2.0827451612,1.97533827432,0.289724479394,3.16859780924,1.77783323552,0.492102444204,1.04102707209,0.392334628738,0.612252239368,0.414987543245,1.74237887266,1.10613750416
sobol__0000317@@brachioradialis@@0.75,80.69326851,115.08012784,89.96583568,78.95526502,-63.61416481,-9.48988324,-21.18546476,Brachioradialis,BRD,0.75,1,usable,Converged with independently replayed constrained generalized-force equilibrium and small reserve torques,398.363048,2.91945455801,5.85445262047e-07,2.65075462408e-12,0.000109735522607,27,0,0.0100004015228,0.0100098108761,0.431095747695,0.0100007417771,0.432587481924,0.0100004382428,0.42722762682,0.0100027257539,0.0100003072599,0.010000189846,0.0100002598016,0.0100015299531,0.0100017921231,0.0100018449261,0.0100014051901,0.0100452381137,0.603090741318,0.590294879861,0.116810938393,0.657995167925,0.372205237966,0.0100007083013,0.010000421986,0.0100003157179,0.665630718835,0.519448882267,0.0100004812397,0.419823615682,0.0100002040176,0.0100137826793,0.0100003489065,0.0100019946207,0.0100027622576,0.0100015835262,0.179119923032,0.169148885027,0.0100039307932,0.0100234319051,0.108477249021,0.248761786262,0.0100053499454,0.0100011935134,0.0100054822177,0.0124745419034,0.0100023969507,0.0100387169502,0.0100061287653,0.0800378088374,0.0320132152146,0.179986791377,4.97560229293,5.78109661054,82.3530129052,2.23535464523,465.23372132,11.3617606564,113.366762894,1.42303201443,3.9383342996,6.34222955524,4.62278458053,2.71789451857,3.02361688145,1.88001677999,2.06780261889,0,420.137929097,402.498755817,29.1745185275,228.411355311,172.955586363,3.15443317253,11.2409469096,2.02441879241,210.265858086,127.183886698,1.53225531553,171.242769978,4.78744763852,1.00944356024,4.71633979091,2.4574691606,0.750645496627,1.71197135556,44.1935978453,24.7388248522,2.23017006545,1.68668366876,23.039294305,47.5524679283,0.294426482725,1.08879587384,0.944342727296,0.606193884524,0.609617485616,0.474689353054,0.848625678426,3.68160153252,4.8237240994,21.0024894579
sobol__0000234@@supraspinatus@@0.00,111.98233101,59.98247159,63.89161693,97.49042127,72.94833519,3.01988238,-22.35733976,Supraspinatus,SUPSP,0,1,usable,Converged with independently replayed constrained generalized-force equilibrium and small reserve torques,409.477688,1.24243793313,2.96852320503e-08,1.85352793007e-12,0.000113081325613,20,0,0.238305850878,0.0100001167045,0.0170420206168,0.0100452365733,0.0100004310878,0.0100000526889,0.610778201335,0.259646680661,0.688122905153,0.0100002358988,0.0100004401877,0.0423144048082,0.0100017624502,0.010000742267,0.010021406116,0.49485938811,0.0100121839789,0.0100123594699,0.01002879566,0.0100452365733,0.0100001510046,0.0100008936921,0.0492980252762,0.0100040074437,0.0100155124107,0.0388250198906,0.0312907304102,0.0100023533054,0.0100048583807,0.0100065220343,0.10255935215,0.025488184304,0.0100136071584,0.0100070263987,0.0100058004715,0.0100088832432,0.0100087777843,0.0100105060885,0.0100086566816,0.0100089756847,0.0133204236872,0.0504709206422,0.0420035989282,0.020223982545,0.0177005421485,0.012784131981,0.0100775806505,0.0100248149957,0.0100086453185,0.0100113596666,267.574034374,10.5151178761,3.12918519416,0,7.79981091427,12.7931600028,164.391358614,35.9752623427,199.70901512,4.79215640511,1.87870109378,10.8555908391,2.68730038102,1.76762549595,1.52053418828,69.9303901498,7.14697118639,7.00841181556,2.7034415284,0,5.23294021401,3.13671660945,53.0983170833,2.47151490977,3.06213042636,9.80284979302,5.48504840844,4.00562027527,4.4403720226,1.00484138984,42.4130822854,5.13062748445,0.705589737646,1.65621516453,2.58735444303,1.60428185899,2.3647646147,1.7297881377,2.11049075935,1.97269067685,0.42140899627,5.51103369064,3.95669060614,0.986863752094,1.12757005248,0.603622519351,0.738631474287,0.460332085328,1.49145555366,1.16192978202
sobol__0001065@@latissimus_dorsi@@0.00,65.13662788,116.54008878,85.79103099,115.96210096,-3.06728981,-6.70423871,42.50594149,Latissimus dorsi,LAT1;LAT2;LAT3,0,1,usable,Converged with independently replayed constrained generalized-force equilibrium and small reserve torques,327.491299,1.35411656367,7.85586378171e-08,3.80850906367e-12,0.000107280911219,21,0,0.0357046337902,0.508849893013,0.410841063938,0.127357193147,0.0100452377798,0.204071434326,0.861259182453,0.0100010205945,0.0100003924714,0.0100001029155,0.0100001327096,0.0100452377798,0.0100452377798,0.0100452377798,0.0100006095356,0.0100452377798,0.149863809499,0.149534170517,0.0369688747545,0.010003180945,0.175511076365,0.0100003586684,0.0100017749972,0.0100080812618,0.0100079516282,0.0732821894265,0.118986334651,0.0100028398754,0.0100452377798,0.0100452377798,0.0985634533176,0.0720172705991,0.0100452377798,0.0100041448444,0.0100011596052,0.0100017249312,0.010001706255,0.0100021260922,0.010001701235,0.0100015818546,0.0153831967172,0.0712597628275,0.057982105568,0.0286918194943,0.0353239560509,0.0167076776063,0.0100401319439,0.0100079423182,0.0100038901689,0.0100029624395,31.2822495704,197.07712859,76.941035797,19.7705873155,0,233.72667733,217.579533251,1.42781853052,3.98518540978,6.33347546202,4.62682869414,0,0,0,2.08025873967,0,107.510117663,107.037663387,10.4691674181,3.70806767883,63.8582430547,3.16069775716,9.4864280744,0.697007672053,2.83114002328,13.9710692621,14.771568841,1.13724511194,0,0,50.1523891142,20.4787206972,0,0.678329998318,2.42121338836,1.56744111133,2.28113181169,1.6565116552,1.94945684149,1.88262069553,0.25078519681,4.62124800609,3.42355662973,1.08068991409,1.33001290079,0.465106271267,0.616449449409,0.455526359225,1.932467191,1.10691453572
sobol__0003163@@middle_deltoid@@0.50,10.16104194,88.95952238,-42.93211354,118.53290174,-59.51260231,-9.68641644,12.00789462,Middle deltoid,DELT2,0.5,1,usable,Converged with independently replayed constrained generalized-force equilibrium and small reserve torques,303.493792,6.13039746331,9.32076707372e-07,2.2372234824e-12,0.000571735011253,27,3,0.0100012970267,0.537489800161,0.333937276058,0.334478187523,0.287598970935,0.353622677201,0.0100035021031,0.0100027498728,0.0100062803078,0.0100002767219,0.0100002520266,0.0100022495341,0.0100016199853,0.0100011898677,0.0100007563439,0.089654838981,0.463438830296,0.462980644587,0.116849512961,0.999999828142,0.474478555298,0.010006761028,0.0100006156972,0.0100000876751,0.999999244138,0.99999979321,0.0100001406945,0.313766843587,0.0100000784233,0.0100010790503,0.0100000609686,0.0100003564889,0.010001155069,0.0100003265018,0.0862384479207,0.361677624485,0.0100004834052,0.0100010475437,0.0100044634258,0.731515048758,0.0100022888701,0.0100007509786,0.0282132245873,0.211770599551,0.010000912001,0.168169531327,0.348864010923,0.432634832115,0.0100009139422,0.75893899942,9.98274021416,104.54353259,63.1144467313,53.6848980717,282.585430833,461.041519914,2.53796393565,1.43896068834,4.44185513302,6.55549709086,4.96453758648,2.66594607741,2.88101303326,1.83448838017,1.65061570068,9.69947062584,332.464749775,331.807682933,33.0917774876,350.145636988,133.363966964,3.17012548413,9.01044468499,1.43523903777,245.002117861,251.930297184,1.25688955689,113.685551344,2.69906104732,0.818890099283,5.53171403896,2.50135377553,0.377089632941,1.55318835391,22.3171498688,58.7430643466,2.36794041254,1.72909791408,2.0825151057,144.321731001,0.222125515413,0.888866302351,2.24483677459,10.1599305403,0.475891167063,6.72216639807,26.9955480842,19.8525704464,2.00890202156,87.5389897549
sobol__0001218@@anterior_deltoid@@0.00,81.30850288,1.26665128,74.65821849,32.17303846,48.80771019,-1.91908246,38.28719149,Anterior deltoid,DELT1,0,1,usable,Converged with independently replayed constrained generalized-force equilibrium and small reserve torques,433.72064,0.184911363823,3.18432242574e-07,2.0108359422e-12,0.000307294127796,8,0,0.010169829532,0.0100020895998,0.0900065547412,0.0100350761024,0.0100039736647,0.0100025558158,0.0888505335288,0.152021910841,0.0100105974182,0.0100094566344,0.0100053019556,0.151985870741,0.0718803956594,0.103267326153,0.0186470631327,0.172158110772,0.010010061213,0.0100106917535,0.010169829532,0.010169829532,0.1328316135,0.0268244244184,0.153645776487,0.0841085859151,0.042697122818,0.048781743212,0.0917684151915,0.0100057192426,0.0100156875493,0.0100160442504,0.0845583781897,0.0107882384908,0.0100297771504,0.0100136049305,0.0100070906459,0.0100104103375,0.0100106582552,0.0100131150183,0.0100104664561,0.010009691086,0.0116741943859,0.0483741840196,0.0369174500622,0.0170187688,0.0269797814107,0.0117708329928,0.010161697005,0.0100393029312,0.0100141556312,0.0100143897594,0,10.9922144145,18.1253466194,5.00804807868,5.92376300428,12.4198092016,23.9341936365,18.5557339455,4.22230443337,5.82064188861,2.89841678341,26.9466229839,6.0489989108,15.5295604379,3.34167171013,98.0338089267,6.43353577988,6.03133463509,0,0,44.2845259113,6.09594243342,180.897851642,22.070613458,12.5938469641,8.71822469794,14.9101424897,3.87898391606,4.2258882213,0.921775038105,47.1136217939,2.72816276633,0.674267290122,1.59742322011,2.42133908448,1.56650095046,2.27988894174,1.65717734675,1.94744352094,1.88245899835,0.221595040443,3.66157106387,2.43595038077,0.669511957907,1.30426170316,0.324429199837,0.551771206624,0.461477683974,1.95988085143,1.12941446197
sobol__0003935@@latissimus_dorsi@@0.00,-58.21786431,122.34819425,74.10890208,97.07782362,71.26864769,13.11143512,-33.10929288,Latissimus dorsi,LAT1;LAT2;LAT3,0,0,reserve_too_high,The posture requires more reserve torque than the quality limit permits,250.997607,630.449629299,1.40768605661e-08,9.17489655805e-07,0.420556504649,29,8,,,,,,,,,,,,,,,,,,,,,,,,,,,,,,,,,,,,,,,,,,,,,,,,,,,,,,,,,,,,,,,,,,,,,,,,,,,,,,,,,,,,,,,,,,,,,,,,,,,,
sobol__0000261@@triceps@@0.00,106.00576851,72.42387784,54.80958568,105.36151502,63.88583519,-0.19300824,-11.81046476,Triceps,TRIlong;TRIlat;TRImed,0,1,usable,Converged with independently replayed constrained generalized-force equilibrium and small reserve torques,373.771528,0.838870009535,2.20092301051e-08,5.66999334413e-13,8.062228694e-05,23,0,0.269611123889,0.0100001338148,0.0101518740183,0.0100001269326,0.0100007055473,0.0100000547773,0.722382087216,0.170818649585,0.241620232802,0.0100005324525,0.0100007432502,0.0350865896274,0.0100025028867,0.0100013158563,0.178152450078,0.0100452366099,0.0100452366099,0.0100452366099,0.307893290199,0.0100452366099,0.0100000666305,0.010000222812,0.010000173254,0.0100002143362,0.010000398281,0.0544941420054,0.0620898902811,0.0100005523494,0.0100007066189,0.0100017544405,0.0100019022579,0.12585959472,0.0100030730379,0.0100015542155,0.0100057534914,0.0100090514074,0.0100123939865,0.0100126284168,0.0100102535041,0.0100101997616,0.011600534917,0.0450980292427,0.0100452366099,0.0128306386181,0.0194174831033,0.0102567162568,0.0100240361137,0.0100158838828,0.0100077413017,0.0100071870966,265.781235093,10.2140089519,1.91115956977,4.98154324201,8.99821316357,12.8212584244,194.587087215,24.4281312712,84.6812248444,5.76286554733,3.05802976247,9.21093547192,2.85101512494,1.80848557585,31.6500912778,0,0,0,85.2626252466,0,5.06490670499,3.12513013296,10.5045913134,1.99542565527,2.88740135348,13.730719889,9.89741701681,3.84136572128,4.21509416922,0.953566213826,3.62197788796,28.2004402211,0.666347436359,1.60918231847,2.58938131083,1.62388856953,2.37036649704,1.7310901815,2.0905723345,1.97490709346,0.333220818474,4.87675685402,0,0.626094252211,1.12472050228,0.469995862311,0.713388360499,0.460688050412,1.71157410012,1.16767883228
sobol__0000317@@supraspinatus@@0.75,80.69326851,115.08012784,89.96583568,78.95526502,-63.61416481,-9.48988324,-21.18546476,Supraspinatus,SUPSP,0.75,1,usable,Converged with independently replayed constrained generalized-force equilibrium and small reserve torques,375.473946,2.92574986824,5.75661806224e-07,3.54231668238e-12,0.000110520917552,26,0,0.0100004032783,0.0100104389093,0.429450970793,0.0100009931006,0.433330418224,0.0100004405252,0.425727631517,0.0100027309015,0.0100003086483,0.0100001905774,0.0100002607441,0.010001533468,0.0100017943916,0.010001847926,0.0100014065203,0.0100452377866,0.603869484528,0.591057057936,0.116961795077,0.662702604659,0.37137114536,0.0100007122172,0.0100004214342,0.0100002335623,0.66533222909,0.520263231753,0.010000479649,0.419444854953,0.010000203439,0.0100136068163,0.0100003468453,0.0100019809814,0.0100027516311,0.0100015764298,0.17924388967,0.169409295797,0.0100039178131,0.0100232700336,0.10858194026,0.24931306668,0.01000533228,0.0100011892405,0.0100054458061,0.0123274835886,0.010002389106,0.0100383676514,0.0100061158096,0.0802915948671,0.0324782813334,0.180667842936,4.97560316259,5.78145932624,82.0388081536,1.6765581149,466.032725068,11.3617632494,112.968732428,1.42303274671,3.93833484644,6.34223001933,4.62278501638,2.71789547376,3.02361756731,1.88001734388,2.06780289394,0,420.680433793,403.018454932,29.2121962582,230.045458502,172.568001876,3.15443440764,11.2409462894,2.69920288161,210.171568257,127.383275192,1.53225507153,171.088276438,4.7874473616,1.0094258323,4.71633881866,2.45746580943,0.750644699183,1.71197014086,44.2241836763,24.7769111597,2.23016717174,1.68665642996,23.0615294951,47.6578488428,0.294425962876,1.08879540866,0.944339290675,0.599047662094,0.609617007476,0.474672836163,0.848624579632,3.69327525334,4.89379986709,21.0819607241
sobol__0002687@@pectoralis_major@@0.25,-49.16512993,86.86479581,24.2309724,2.05340955,19.47177269,8.41172809,9.95711337,Pectoralis major,PECM1;PECM2;PECM3,0.25,1,usable,Converged with independently replayed constrained generalized-force equilibrium and small reserve torques,341.839831,1.43310579218,1.42858472607e-07,1.30781442857e-12,3.8568172122e-05,25,0,0.0100120569776,0.954799755714,0.0100043166282,0.0100004642579,0.0100002413643,0.288622138177,0.185949232111,0.0100018362357,0.0100025225746,0.0100007868592,0.0100009739359,0.0100027128267,0.0100007864214,0.0100006999556,0.010001527796,0.166895819179,0.479558053324,0.353755909734,0.0100452377878,0.0100452377878,0.0100452377878,0.0100452377878,0.0100007429444,0.0100027144032,0.0100145266865,0.0158553919973,0.0512545620363,0.010001733075,0.0100011299485,0.0100066679355,0.010003758194,0.0261204380946,0.0100082646864,0.0100045067574,0.0100049693587,0.0100079739067,0.0100054009715,0.0100071936308,0.0100066483335,0.0100080177875,0.0174770242733,0.0801540079808,0.0628425113765,0.0353591426064,0.0313044971669,0.0138842923467,0.0168267487709,0.010796325111,0.0100268314754,0.0182636964366,2.32146741185,547.928806675,1.15574346439,2.91733028554,5.11180931778,327.369007949,50.0746550159,1.32673259284,1.09138430731,1.54879575731,1.24313114044,2.17452834814,2.12101084736,1.75810442834,0.974743604913,127.9153035,217.879299088,118.560583516,0,0,0,0,11.5553276252,2.32740383411,2.680227734,3.20600703532,9.88529921788,4.06068318766,4.56460018991,1.01066341299,4.54850153128,7.10917572414,0.748932811964,1.7100574651,2.57629391479,1.62623191553,2.36716202767,1.72661278033,2.04583049936,1.97406087382,0.562937777207,8.75193481539,5.85763992577,1.72496002882,2.19738706016,0.516867695274,1.02576616668,0.494262560977,1.97461160933,2.13089257793
sobol__0003872@@teres_minor@@0.25,-59.62411431,46.17631925,2.62452708,14.81219862,5.01864769,24.86924762,-56.54679288,Teres minor,TMIN,0.25,1,usable,Converged with independently replayed constrained generalized-force equilibrium and small reserve torques,426.754431,0.74199173823,2.27569181277e-06,2.88480350719e-12,0.000210334623394,22,0,0.0100106470641,0.269754524404,0.0777282852622,0.010008836912,0.0100040410492,0.061091121887,0.0100708632969,0.0157297458527,0.0100039793092,0.010001251423,0.0100014010717,0.0289752383882,0.0100959939743,0.0100105251009,0.0100037448349,0.134434083915,0.010007972448,0.0100095557117,0.0100452377164,0.0100452377164,0.189156651241,0.250266658366,0.0462072178208,0.0984960554113,0.0100452377164,0.346270478618,0.490590646401,0.0100009869876,0.247488071799,0.0100040441195,0.010000186701,0.010000397646,0.0100303996715,0.0100048434012,0.0100010833603,0.0100015361967,0.0100062663366,0.0100046676314,0.0100019188699,0.0100014820981,0.0747973985512,0.175040978284,0.124386011911,0.0100298027754,0.214319764085,0.0645692514742,0.0563338916062,0.0100049066517,0.0100038138912,0.0100021105427,1.12314079771,276.242301563,6.11803818668,4.6516893904,9.48284533649,75.0545269467,0.647741308059,1.45366485058,4.44080492131,6.52629778174,4.57419165779,4.74521582696,0.71227610457,1.60532592146,2.07734752586,102.930534161,5.65737333943,4.52184571399,0,0,11.4394146711,20.925770636,54.2657031556,23.9651491003,0,85.0654284358,85.8103093134,2.10662512913,118.737897419,0.36248101519,4.44587591166,2.80879873124,0.619153678848,1.55234568691,2.21469978233,1.2693602036,2.26892057535,1.67222807786,2.12431396383,1.68235458592,2.85154773635,14.5353254552,10.7451452743,0.44722048024,14.6147288123,2.92818880275,4.77829860028,0.370592613722,0.66219684027,0.841912704953
sobol__0003903@@pectoralis_major@@0.50,-53.99911431,107.11381925,16.68702708,116.37469862,-9.98135231,-2.47450238,-15.29679288,Pectoralis major,PECM1;PECM2;PECM3,0.5,1,usable,Converged with independently replayed constrained generalized-force equilibrium and small reserve torques,539.753033,1.69160431194,5.59956845336e-08,1.74082970261e-12,0.000327555222153,17,0,0.552694971626,0.667749871833,0.0100004835675,0.301268676379,0.0100002953477,0.0100009185736,0.0100452377992,0.0100014753192,0.0100003405114,0.0100001331153,0.010000170117,0.0289885200669,0.0100003416144,0.0100003172173,0.010001042404,0.842772715809,0.105065498253,0.104860710938,0.0260239779413,0.0100023165247,0.231344679062,0.0100004456574,0.010002513264,0.010024857168,0.0197303623411,0.0533279168912,0.0258625728346,0.0100045914892,0.0100040084581,0.0100096212439,0.201002604133,0.0985852993655,0.0100183334438,0.0100101466018,0.0100120652535,0.0100185421354,0.0100119511797,0.0100152926518,0.0100153230103,0.0100169830429,0.0109397844208,0.044200288078,0.0424579228944,0.0214360580415,0.0134367308944,0.013373490535,0.0100576120545,0.0100301386744,0.0100078094533,0.010013379976,258.310219177,148.289170366,1.81065217739,72.5078275564,3.07211563348,11.5341022646,0,1.39601107208,2.01590173985,2.51993563268,2.42405818548,7.24517798928,2.79668999084,1.8235776836,0.62568472762,151.692588505,75.3724985329,75.0789478,7.36984053763,3.79207920127,121.476763743,2.31880928712,9.41468042878,0.730856089548,3.18827041827,13.4646897814,4.33992056339,3.77452240448,3.55207558324,0.930812179979,103.451486814,28.0665405922,0.54734866059,1.58827345992,2.58712709065,1.58850556718,2.36066877007,1.72975688391,2.11889423479,1.97039536595,0.330761479524,4.81988413427,3.99124793127,1.04601900633,0.810167454569,0.626670269484,0.800932653575,0.461367858276,1.65046905249,1.16842610815
sobol__0001065@@brachioradialis@@0.75,65.13662788,116.54008878,85.79103099,115.96210096,-3.06728981,-6.70423871,42.50594149,Brachioradialis,BRD,0.75,1,usable,Converged with independently replayed constrained generalized-force equilibrium and small reserve torques,337.275932,1.40532619096,8.10130007523e-08,3.17612602885e-12,0.000109172993564,23,0,0.0384286115418,0.520893003321,0.418433118122,0.130100002397,0.0100452377711,0.205569147426,0.877576854498,0.0100010009337,0.0100003853402,0.0100001008,0.0100001300193,0.0100005607645,0.0100004603776,0.0100005156671,0.0100005973036,0.0100452377711,0.151503157265,0.151170025705,0.0373727125513,0.0100031324971,0.178371761415,0.0100003518654,0.0100017564359,0.0100101072453,0.0100078791764,0.0732342012702,0.118942119759,0.0100028396857,0.0100452377711,0.0100452377711,0.100649547956,0.0732113042695,0.0100452377711,0.0100041429636,0.0100011604333,0.0100017262826,0.0100017071163,0.0100021271716,0.010001702382,0.0100015829388,0.0153960715233,0.0713238739534,0.0580447189734,0.0287341423374,0.0353136661195,0.0167160154822,0.0100399614516,0.0100079425454,0.0100038884459,0.010002962081,33.6688347919,201.741414998,78.3628520768,20.1963736221,0,235.442035025,221.701859678,1.4278157236,3.98518256789,6.33347412217,4.62682744941,2.7137876347,3.01246599834,1.87912580903,2.08025619526,0,108.686161912,108.20862061,10.5835297169,3.70804971984,64.8990794335,3.16069560696,9.48641046843,0.522861577589,2.83111952737,13.9619204364,14.7660797797,1.13724508968,0,0,51.2138639964,20.8182542819,0,0.678329870428,2.4212135888,1.56744132309,2.28113200809,1.65651183394,1.949457065,1.88262089959,0.250995088857,4.62540565939,3.42725364145,1.08228402237,1.3296254656,0.465338379968,0.616438981388,0.455526369568,1.93246685812,1.10691449604
sobol__0001047@@teres_major@@0.50,-22.05087212,86.07133878,-38.42771901,8.30585096,-55.56728981,15.71763629,36.88094149,Teres major,TMAJ,0.5,1,usable,Converged with independently replayed constrained generalized-force equilibrium and small reserve torques,329.941033,1.46310979218,7.32649034774e-08,2.63611354967e-12,9.75441591775e-05,29,1,0.350561861754,0.999999747648,0.492157170492,0.0100002448943,0.0100000979289,0.0259608587406,0.0100003990055,0.0100017166124,0.0100003472376,0.0100000908383,0.0100000761894,0.0100011143588,0.0100004592011,0.0100003444058,0.010000353129,0.119340887957,0.0100022209124,0.0100028526967,0.0100452378201,0.151913328519,0.0100003468249,0.0100339436354,0.209439615954,0.0233090366906,0.0298338296504,0.0600387598024,0.0477982038596,0.0100012347912,0.010002096469,0.0100034597918,0.0100058860084,0.0100068179501,0.0100065812458,0.010003045514,0.0100018781923,0.0100028407051,0.0100028647339,0.0100035508494,0.0100028361946,0.0100028155558,0.01165232487,0.051904143696,0.0377337158093,0.0183356202676,0.0264445041682,0.0131490380023,0.0101114449246,0.0100148386597,0.0100036407056,0.0100051127971,196.720184664,365.464659743,78.4946219371,4.29940630469,10.7243221867,33.3504915581,2.64597378247,0.705750715625,4.41804659474,6.34506044604,4.97234396063,2.5819706343,2.7239028791,1.79655931995,1.18979200484,89.9543627187,5.08816310448,3.90748396436,0,53.6234493185,2.09683787569,0.00416120409189,244.637151238,5.52670805674,7.40768625535,9.66577814196,9.22011170125,4.079263013,4.12157213848,1.00415420697,1.9542359452,2.54809589162,0.718857629887,1.67442622125,2.52732934509,1.62409497468,2.32366364748,1.69325651986,2.00682507274,1.95960063262,0.323690751861,5.1974450016,3.06642215592,0.811456936349,1.67555958083,0.341288690488,0.520852947561,0.437870818586,2.01068583143,1.16744893193
sobol__0000234@@anterior_deltoid@@0.00,111.98233101,59.98247159,63.89161693,97.49042127,72.94833519,3.01988238,-22.35733976,Anterior deltoid,DELT1,0,0,solver_failed,The static optimization solver did not converge,1291.987995,,1.98824636755e-08,,,0,0,,,,,,,,,,,,,,,,,,,,,,,,,,,,,,,,,,,,,,,,,,,,,,,,,,,,,,,,,,,,,,,,,,,,,,,,,,,,,,,,,,,,,,,,,,,,,,,,,,,,
sobol__0001047@@posterior_deltoid@@0.00,-22.05087212,86.07133878,-38.42771901,8.30585096,-55.56728981,15.71763629,36.88094149,Posterior deltoid,DELT3,0,1,usable,Converged with independently replayed constrained generalized-force equilibrium and small reserve torques,315.05872,2.14892217215,7.87676466274e-08,8.70359339331e-13,0.000249778558639,29,1,0.629820335901,0.999999934144,0.0100452377739,0.0100000862422,0.0100000309349,0.0260094443642,0.0100001492665,0.010000355349,0.0100001238301,0.0100000287639,0.0100000233191,0.0100004899403,0.010000183072,0.0100001311382,0.0100001309217,0.48048333787,0.0100007076426,0.0100009201041,0.0100452377739,0.175028023228,0.0100001236381,0.0100241437577,0.673874187038,0.136228587329,0.0182734150728,0.0843188737254,0.048911819886,0.0100013736003,0.0100039836305,0.0100033159484,0.0100149404998,0.0100060478276,0.0100077177214,0.0100035889912,0.0100015157493,0.010002268674,0.0100025016708,0.0100030470971,0.0100023747646,0.0100022229471,0.0110862361647,0.0417430773818,0.0313815573674,0.0118032832266,0.0258645881122,0.0137650874131,0.0100364818872,0.0100085788663,0.0100021867253,0.0100028770109,353.427985667,365.464727307,0,4.29933810044,10.7242503422,33.4129068436,2.64590770509,1.41130932163,4.41794789546,6.34502105751,4.97231767189,2.58180942911,2.72382766751,1.7965210065,1.18976556594,362.169020149,5.08739330505,3.90672902848,0,61.7826389885,2.09679107582,0.00415713983093,787.122630416,32.3005897372,4.53725609962,13.5746895628,9.43492446254,4.07931962985,4.12234977483,1.00413976792,1.95600436885,2.54789979108,0.718939272447,1.67451719464,2.52723776111,1.62400209779,2.32357930791,1.69317125193,2.00673249806,1.95948453778,0.307965334133,4.17996201234,2.55021539082,0.522363350867,1.63881531525,0.357278506076,0.516991508337,0.437597125787,2.01039358806,1.16718804868
sobol__0000261@@brachialis@@0.25,106.00576851,72.42387784,54.80958568,105.36151502,63.88583519,-0.19300824,-11.81046476,Brachialis,BRA,0.25,1,usable,Converged with independently replayed constrained generalized-force equilibrium and small reserve torques,446.325038,0.710525585515,5.11745099629e-08,1.04449782157e-12,7.78295632211e-05,14,0,0.269330357995,0.0100002795242,0.0102352676408,0.0100002651199,0.0100014391157,0.0100001201478,0.698576259657,0.163449853053,0.230733102019,0.010001071554,0.0100014932616,0.0317078765095,0.0100049586266,0.0100026364352,0.17105717948,0.148518954054,0.0296388306402,0.0292453310657,0.0102438875171,0.010087455117,0.0100002900196,0.0100052498376,0.010037808745,0.0100076569557,0.0100180656297,0.0482622489704,0.055175344393,0.010004004827,0.0100084536842,0.0100113079072,0.0487633727676,0.0251374346747,0.0100249875753,0.0100125673967,0.0100095533799,0.0100142822067,0.010014627475,0.0100176385893,0.0100143220947,0.0100141937157,0.0133001416475,0.0553038404745,0.010087455117,0.0208820226186,0.0214612175728,0.0145905527074,0.0101628618899,0.0100393227645,0.0100128781405,0.0100168786179,265.504457898,10.2141577785,1.92685898818,4.98161207974,8.99887319588,12.8213422369,188.174543597,23.3743474499,80.8655858617,5.76317620585,3.05825909584,8.32395532208,2.85171508456,1.80872436909,30.3895643299,7.50981675589,21.2524298996,20.6907911417,2.83676445774,0,5.06501984894,3.12670110869,2.63603129349,1.99691074371,2.89250242342,12.1604891358,8.7952062702,3.84269187075,4.21835939952,0.954477040275,17.6586266671,5.63236140522,0.667807257307,1.61095426469,2.59036468108,1.62473722492,2.37089526032,1.73195639366,2.09142203151,1.97569505858,0.38204135548,5.980380686,0,1.01897611843,1.24309990499,0.668586244229,0.723268282236,0.461766139259,1.71245262865,1.16880967796
sobol__0000317@@pectoralis_major@@0.75,80.69326851,115.08012784,89.96583568,78.95526502,-63.61416481,-9.48988324,-21.18546476,Pectoralis major,PECM1;PECM2;PECM3,0.75,1,usable,Converged with independently replayed constrained generalized-force equilibrium and small reserve torques,411.372878,2.90222302633,5.75661804447e-07,4.12174499589e-12,0.000111254243147,26,0,0.0100004114339,0.0100113578663,0.421212121249,0.0100007633178,0.427458569649,0.0100004499784,0.417600971743,0.0100027769982,0.0100004224215,0.0100002622618,0.010000357235,0.0100015607057,0.0100018244379,0.0100018794517,0.0100014291932,0.0100452376809,0.600732231178,0.58798635743,0.116354207068,0.667103382146,0.367083333197,0.0100007295846,0.0100004236658,0.0100002330982,0.665372504323,0.520352583048,0.010000478573,0.419317065614,0.0100002032562,0.0100135440988,0.0100003454474,0.01000196837,0.0100027474295,0.0100015730483,0.179028085136,0.169392126171,0.0100039076314,0.0100230691345,0.10848058628,0.249496807095,0.0100053197611,0.0100011861895,0.0100054104781,0.0121351409943,0.0100023835845,0.0100380047439,0.010006110244,0.0804464609912,0.0329370844684,0.181136624348,4.97560722032,5.78199006349,80.4649255847,2.23535945907,459.717743527,11.3617739894,110.812286885,1.42303930464,2.95378473956,4.75670661175,3.46712221568,2.71790287556,3.0236266505,1.88002326966,2.06780758159,0,418.494893483,400.924665581,29.0604460209,231.573110375,170.575549887,3.15443988569,11.2409487978,2.69920275634,210.184290786,127.405152311,1.53225490666,171.036152166,4.78744727412,1.00941951003,4.71633815941,2.45746271082,0.750644383878,1.71196956206,44.1709390199,24.7744000207,2.23016490193,1.68662262384,23.0400030995,47.6929720437,0.294425594484,1.0887950765,0.944335956328,0.589700873625,0.609616670956,0.474655675768,0.848624107615,3.70039882866,4.96293193408,21.1366623862
sobol__0000261@@brachioradialis@@0.75,106.00576851,72.42387784,54.80958568,105.36151502,63.88583519,-0.19300824,-11.81046476,Brachioradialis,BRD,0.75,1,usable,Converged with independently replayed constrained generalized-force equilibrium and small reserve torques,555.856366,0.710865525455,1.72301226065e-08,1.84030568562e-12,7.78234406452e-05,11,0,0.26933717931,0.0100003573365,0.0102937055073,0.0100003390591,0.0100018285901,0.0100001551254,0.698522403487,0.163434985757,0.230711317318,0.0100013621956,0.0100018972292,0.0317109210649,0.0100062936727,0.0100033476099,0.1710425578,0.148842777137,0.03438193072,0.0339252161747,0.0104111145489,0.0101106975376,0.0100003697655,0.010006498966,0.0100156006441,0.0100121016447,0.0100216442127,0.0484031208604,0.0553516892386,0.0100050648187,0.0100106031499,0.0100143064492,0.0461164479453,0.0248090211615,0.0100315298887,0.0100158710578,0.0100121534531,0.0100181561588,0.0100186183949,0.0100224408607,0.0100182144375,0.0100180363474,0.0132937593659,0.0550097796873,0.0101106975376,0.0207647091674,0.021459048033,0.0145999297347,0.0102045761192,0.0100498690574,0.0100163715917,0.0100214293867,265.511181933,10.2142372539,1.9378603156,4.98164891243,8.99922363055,12.8213870825,188.160036433,23.3722213359,80.8579509695,5.7633436918,3.05838262682,8.32475457966,2.85209561333,1.80885296724,30.3869666939,7.52619073627,24.6534548313,24.0017649565,2.88307341028,0,5.06506023902,3.12709146914,10.5207968755,1.49834822154,2.89353566226,12.195984189,8.82331646044,3.84309903006,4.21926535588,0.954762921021,16.7000986847,5.55877618835,0.668243068813,1.61148580143,2.59103755204,1.62536574265,2.37184008359,1.73278666163,2.09223492049,1.97645316939,0.381858027082,5.94858189225,0,1.01325159609,1.24297423891,0.669015930027,0.72623699127,0.462251223869,1.71305009553,1.16934067996
sobol__0000234@@supraspinatus@@0.50,111.98233101,59.98247159,63.89161693,97.49042127,72.94833519,3.01988238,-22.35733976,Supraspinatus,SUPSP,0.5,1,usable,Converged with independently replayed constrained generalized-force equilibrium and small reserve torques,403.669571,1.27374712451,6.06621597399e-08,5.68434188608e-13,0.000114417743861,21,0,0.239153966936,0.0100001150741,0.0183913626598,0.0100002764194,0.0100004303876,0.0100000518262,0.622276869113,0.261827434633,0.694305948396,0.0100002330498,0.010000434908,0.0407882256276,0.0100017305704,0.0100007322031,0.0100212812553,0.501925331067,0.0100120463361,0.0100122205789,0.0100286332613,0.010045237805,0.0100001487373,0.0100008846521,0.0500674699835,0.0100040383671,0.0100157279767,0.038833956129,0.0312995947515,0.0100023568227,0.0100048700245,0.0100065302217,0.102577608231,0.0254413021037,0.0100136283141,0.0100070376603,0.0100058013632,0.0100088839828,0.0100087781947,0.0100105069231,0.0100086571776,0.010008975538,0.0133171268145,0.0504590248846,0.0419945019801,0.0202203032388,0.0177001242344,0.0127850217303,0.0100776574298,0.010024818396,0.0100086452829,0.0100113611092,268.526314216,10.5151161631,3.37694578741,2.49450092314,7.79981036418,12.7931588981,167.486232683,36.2774160017,201.503475681,4.79215503209,1.87870009489,10.4640556899,2.68729181355,1.76762371689,1.52051524194,70.9289044997,7.14687293326,7.00831459527,2.70339775103,0,5.23293902731,3.13671377362,53.9270768306,2.47152254932,3.06219633327,9.80510608555,5.48660226441,4.00562168343,4.44037718987,1.00484221188,42.4206320151,5.12119036217,0.705591228261,1.65621702826,2.58735467364,1.60428197769,2.36476471171,1.72978828193,2.11049086385,1.97269064796,0.42130469522,5.50973476602,3.95583368396,0.986684214069,1.12754342989,0.603664530222,0.738637101641,0.460332241471,1.49145554926,1.16192994951
sobol__0000261@@supraspinatus@@0.25,106.00576851,72.42387784,54.80958568,105.36151502,63.88583519,-0.19300824,-11.81046476,Supraspinatus,SUPSP,0.25,1,usable,Converged with independently replayed constrained generalized-force equilibrium and small reserve torques,465.653136,0.664306343981,4.98456245168e-08,4.97118938357e-13,7.50112212371e-05,25,0,0.265995674087,0.0100001449109,0.0101031940629,0.0100005726383,0.0100007642208,0.0100000595792,0.672816234165,0.156857139683,0.221823511052,0.0100005652378,0.0100007897677,0.0296819504791,0.0100026223656,0.0100013985069,0.164282182069,0.143520512007,0.0365547567493,0.0360681481257,0.0102226613258,0.0100452372868,0.0100001491019,0.010002549749,0.0100059982292,0.0100035943073,0.0100082825683,0.048231044734,0.0551162268436,0.0100020228312,0.0100042220807,0.0100057336886,0.0483391573932,0.026050352392,0.0100126184604,0.0100063414362,0.0100049136056,0.0100073537461,0.0100075368439,0.0100090848188,0.0100073773265,0.0100073150539,0.0132112186597,0.0554076075521,0.0100452372868,0.0208716187007,0.021425731175,0.0144851150029,0.0100837294086,0.0100202275455,0.0100066281105,0.0100086738577,262.217143616,10.2140202849,1.90199523595,1.24544131744,8.99826595508,12.8212645795,181.23560032,22.4315483601,77.743020091,5.76288443969,3.05804398554,7.7921089922,2.85104917996,1.8085005211,29.1859362903,7.25707196456,26.211472873,25.5178687524,2.83088644481,0,5.06494847529,3.12585731487,10.5107101053,1.99610008895,2.88967777332,12.1526267008,8.78578265669,3.84193055557,4.21657586413,0.953945594796,17.5050060025,5.83691220799,0.666983297629,1.60995254975,2.58916395743,1.6236131376,2.36921660142,1.73047752642,2.08997166456,1.97433797099,0.379487077448,5.99160172602,0,1.01846844041,1.2410444232,0.663754748013,0.717636599389,0.460887840416,1.7113837176,1.16785231355
sobol__0003872@@brachialis@@0.50,-59.62411431,46.17631925,2.62452708,14.81219862,5.01864769,24.86924762,-56.54679288,Brachialis,BRA,0.5,1,usable,Converged with independently replayed constrained generalized-force equilibrium and small reserve torques,419.006127,0.745097698587,2.27184694168e-06,2.05346850635e-12,0.000209251623205,23,0,0.0100091777189,0.270829813121,0.09219209037,0.0100062506706,0.0100034165357,0.0576581871526,0.0249212811973,0.0241949723224,0.0100038254612,0.0100011470795,0.0100012827164,0.0398011765071,0.0103239763604,0.0100106196142,0.0100034488775,0.124349285193,0.010004057154,0.0100049672773,0.0100452375054,0.0100452375054,0.187693371515,0.25056981374,0.0500869627188,0.115637720303,0.0100452375054,0.351915084691,0.484179643812,0.0100010050879,0.251709661005,0.0100040830992,0.010000189167,0.0100003997371,0.0100341545,0.0100050908573,0.0100010849313,0.0100015386988,0.0100062791187,0.0100046755628,0.0100019228647,0.010001484735,0.0740269431029,0.172918867156,0.122830814122,0.0100285251682,0.2125626854,0.0647702709482,0.0563050145288,0.0100049123489,0.0100038058676,0.0100021108516,1.12297594415,277.343451682,7.2564926268,4.65048741304,9.48225335806,70.836937145,6.41158272359,2.23597896356,4.44073662761,6.52622969279,4.57413752763,6.5181576822,0.728360346355,1.60534107807,2.0772860682,95.2090271658,5.65516007583,4.51977287538,0,0,11.3509215353,20.9511186216,29.4110355378,28.1359004389,0,86.4520925103,84.6889464846,2.1066289412,120.763298572,0.36248242735,4.44587700792,2.80879931859,0.61938545576,1.55238408194,2.21470012998,1.26936052102,2.26892347361,1.67222940348,2.12431481228,1.68235502931,2.82217518406,14.3591062778,10.6107987671,0.447163512791,14.4949114509,2.9373049525,4.77584921722,0.370592824734,0.662196308813,0.841912730863
sobol__0000317@@teres_major@@0.00,80.69326851,115.08012784,89.96583568,78.95526502,-63.61416481,-9.48988324,-21.18546476,Teres major,TMAJ,0,1,usable,Converged with independently replayed constrained generalized-force equilibrium and small reserve torques,363.36997,2.92559926819,5.64578545692e-07,3.28877921801e-12,0.000110503045601,26,0,0.0100003997999,0.0100099290344,0.431617728621,0.0100007434383,0.430672570522,0.0100004390506,0.425925058815,0.0100452377891,0.0100003077378,0.0100001905507,0.0100002607198,0.0100015374381,0.0100018083295,0.0100018594852,0.0100014070552,0.0100452377891,0.6039439267,0.591129924312,0.116976224352,0.662598196841,0.371472886904,0.0100007120668,0.0100004213815,0.0100002335733,0.665331269322,0.52026112689,0.0100004796746,0.419447913284,0.0100002034433,0.0100136083054,0.0100003468786,0.0100019812878,0.0100027517309,0.0100015765101,0.179249005107,0.169409655709,0.0100039180549,0.0100232748259,0.10858432685,0.249308734535,0.0100053325774,0.0100011893131,0.0100054466495,0.0123320690011,0.0100023892373,0.0100383763496,0.0100061159409,0.0802879200561,0.0324673993388,0.180656702427,4.97560143504,5.78116485502,82.4527278813,2.23535501507,463.174296592,11.3617615736,113.021120629,0,3.93833448747,6.34223000174,4.62278500468,2.71789655254,3.0236217807,1.88001951661,2.06780300441,0,420.73229329,403.068139639,29.2158000932,230.009215174,172.615278931,3.15443436037,11.24094623,2.69920288456,210.171265067,127.382759826,1.53225507506,171.089523908,4.78744736375,1.00942598241,4.71633883438,2.45746588459,0.750644706672,1.71197015462,44.2254457893,24.7769637989,2.23016722558,1.68665723635,23.0620363788,47.6570207251,0.294425971605,1.08879541655,0.944339370277,0.599270487828,0.609617015423,0.474673247465,0.848624590753,3.69310621835,4.89216017715,21.0806607485
sobol__0003872@@biceps@@0.00,-59.62411431,46.17631925,2.62452708,14.81219862,5.01864769,24.86924762,-56.54679288,Biceps,BIClong;BICshort,0,1,usable,Converged with independently replayed constrained generalized-force equilibrium and small reserve torques,477.159257,0.98598178111,2.2772804158e-06,2.145839062e-12,0.000490953009477,21,0,0.0100120539186,0.243006290641,0.066507742212,0.0100121634652,0.0100051596952,0.0477046485406,0.0113546611666,0.011849456106,0.01000436244,0.0100014184688,0.01000159285,0.0226375028095,0.0100720474626,0.0100113416167,0.0100042361259,0.112943050511,0.010009367132,0.0100111444057,0.0100452399945,0.0100452399945,0.0100452399945,0.0100452399945,0.0378744767506,0.207109094933,0.0100452399945,0.386032141092,0.78736812546,0.0100007259467,0.145850567141,0.0100031525706,0.0100000741414,0.0100001655442,0.0100173778478,0.0100026543471,0.0100006445245,0.0100009252819,0.0100021439473,0.0100021028389,0.0100009814144,0.0100008686073,0.0172271795161,0.0636912329683,0.01001920193,0.0100046584757,0.224578574923,0.0425497925027,0.107711339658,0.0100040602416,0.0100051408689,0.0100019791849,1.12329862967,248.850754821,5.23486272986,4.65323542707,9.48390569559,58.608349599,2.92125227376,1.09506777632,4.44097499456,6.5264067879,4.57427936954,3.70729776563,0.710586668915,1.60545686127,2.07744954566,86.4757521267,5.65816173699,4.52256341264,0,0,0,0,44.4797416825,50.3918691942,0,94.8333499368,137.720323219,2.10657014331,69.9750479034,0.362448711349,4.44582586943,2.80873354129,0.618349871433,1.55200603462,2.21460260384,1.26928266838,2.26798582368,1.67179938612,2.12411485705,1.68225139025,0.656762477111,5.28889183048,0.865513562324,0.446099317047,15.3142897652,1.92961546126,9.13618656303,0.37056126178,0.662284678877,0.841901648129
sobol__0003935@@posterior_deltoid@@0.00,-58.21786431,122.34819425,74.10890208,97.07782362,71.26864769,13.11143512,-33.10929288,Posterior deltoid,DELT3,0,1,usable,Converged with independently replayed constrained generalized-force equilibrium and small reserve torques,286.372871,2.93011437055,1.33807560587e-08,1.56716497366e-07,0.00178548125772,27,1,0.531422425814,0.010000100795,0.0100452374057,0.0100000136097,0.01,0.010000082316,0.010000017895,0.0100001182388,0.01,0.0100000045302,0.0100000442364,0.0100001265524,0.310187724885,0.99999960783,0.0100013145235,0.010000042603,0.584620745588,0.573199720925,0.122997333749,0.0100452374057,0.397400670083,0.0100005946924,0.0100004160924,0.0100001858534,0.0100005388149,0.0100128575986,0.0100012788526,0.010000519115,0.0100004882211,0.0100016114271,0.766663614165,0.298878513892,0.0100023262756,0.0100011731557,0.0100059305541,0.0100259919631,0.0100048110002,0.0100067411268,0.0100094877131,0.0270108678104,0.0192264340755,0.0480086288539,0.0597914423198,0.0434317406253,0.0100074806139,0.010026927313,0.0100293177072,0.0287947610037,0.0356747106703,0.0696601717752,364.799652617,1.37029701763,0,3.38436057946,10.6704185473,12.2771272354,2.32020474861,1.43858274327,4.2349571242,3.70610196639,3.23963661611,2.6323527077,92.2842912305,187.974239682,0.0875534859691,1.16263672762,417.135778348,400.996780849,33.1091364331,0,206.213301858,0.373682726505,10.7831634625,2.47181094264,3.09170986625,2.5281207436,1.92907542456,4.07837147833,4.3842500669,1.0101221877,323.747880118,61.2953538204,0.711620617042,1.6691784288,2.56078560849,1.53441447407,2.35670550875,1.72612926492,2.12278646579,5.25827563454,0.714479646347,5.19597763806,5.6441433957,2.10470375502,0.718726952556,0.474260502538,0.738379230305,1.24003906757,4.26449335234,7.28331737167
sobol__0000261@@infraspinatus@@0.00,106.00576851,72.42387784,54.80958568,105.36151502,63.88583519,-0.19300824,-11.81046476,Infraspinatus,INFSP,0,1,usable,Converged with independently replayed constrained generalized-force equilibrium and small reserve torques,404.201698,0.699859052298,2.20092301051e-08,8.52651282912e-13,7.64518441595e-05,24,0,0.265940885875,0.0100001414637,0.0103243741504,0.0100001330316,0.0100452390348,0.0100000576292,0.700266685922,0.156565120073,0.213339475578,0.0100005481011,0.0100007683728,0.0236043106266,0.0100024826968,0.0100013542469,0.167061740017,0.147267913799,0.0364226496685,0.0359378843995,0.010219699585,0.0100452390348,0.0100001448368,0.0100024754688,0.0100060171673,0.0100036003259,0.0100082999889,0.048231950356,0.0551174041171,0.0100020234931,0.0100042244285,0.0100057353202,0.0483470054872,0.0260326065055,0.0100126232081,0.0100063438256,0.0100049136589,0.0100073537345,0.0100075367224,0.0100090847767,0.0100073772529,0.0100073149107,0.0132108550198,0.0554057654584,0.0100452390348,0.02087090388,0.0214252835059,0.0144847316919,0.0100837708084,0.0100202285172,0.0100066281493,0.0100086742061,262.163133665,10.2140167644,1.94363389696,4.9815462802,0,12.8212620808,188.629891437,22.3897877364,74.769599756,5.76287456495,3.05803744446,6.19660629174,2.85100937019,1.80849251783,29.6797451746,7.44655824258,26.116745908,25.4257084156,2.83006627161,0,5.0649463155,3.12583410186,10.510729999,1.99610128985,2.88968280282,12.152854888,8.785970324,3.84193081017,4.21657685432,0.953945750473,17.5078480381,5.83293602044,0.666983614,1.60995293429,2.58916397125,1.62361313567,2.36921657264,1.73047751914,2.0899716493,1.97433794273,0.379476632236,5.99140252887,0,1.01843355944,1.24101849338,0.663737183663,0.717639545894,0.460887885113,1.71138372322,1.1678523542
sobol__0002818@@coracobrachialis@@0.00,84.07705757,31.76713956,78.43019115,88.1276283,61.65927269,-8.47303754,25.66023837,Coracobrachialis,CORB,0,1,usable,Converged with independently replayed constrained generalized-force equilibrium and small reserve torques,597.04943,0.191991686837,1.88613135776e-07,8.74814338759e-13,2.1199247781e-05,6,0,0.0616590450645,0.0100058541941,0.0106087898779,0.010010885095,0.0610242048127,0.0100089605826,0.0203400728769,0.0128332229626,0.117174530224,0.131821540166,0.0250916060633,0.0100872707153,0.0100987629161,0.0100716045464,0.0101465606365,0.0689954628309,0.0547746519903,0.0536376744985,0.0118307379551,0.0101465606365,0.0100037652122,0.0100120430768,0.0100137890485,0.0100070793742,0.276522048486,0.167676658546,0.0100085184306,0.0710087006421,0.01000330715,0.0100696578668,0.112459671867,0.0452037652782,0.0100427148557,0.0100203313156,0.0344421075228,0.0427963946902,0.0100261548746,0.0100534628008,0.0107421696075,0.0626750737008,0.0100943180074,0.0100798866122,0.0171809336748,0.0251865178506,0.0100438803216,0.0156629710628,0.0272071720596,0.0381293556942,0.0100308749718,0.0647633578284,75.0999273302,10.6578758255,2.11324641949,4.82428857796,41.825023542,12.2876373492,5.36384279952,1.70142164185,46.7969734,60.8124830912,2.65546533063,2.26101527988,1.67318101287,1.68034805857,0,14.7317902892,38.6438467091,37.0551141985,3.08664059309,0,5.23244931486,3.16749268437,11.0348776648,2.558678909,88.8535283111,37.0505257895,1.18933668881,25.4161931947,3.59946275337,0.772510612133,55.671821252,10.4000215792,0.462897657159,1.54250252167,8.55918280899,6.83919049607,2.34145709181,1.70378564218,2.13850667928,12.0142872058,0.177558848957,0.741085866396,1.14375884235,1.05129972241,0.414302304842,0.533013242255,1.69612753192,1.74267446156,2.01390934032,7.33907952044
sobol__0001720@@coracobrachialis@@0.75,-30.31259087,4.18657316,52.24610911,0.30780409,-59.16103981,2.8318941,8.87312899,Coracobrachialis,CORB,0.75,1,usable,Converged with independently replayed constrained generalized-force equilibrium and small reserve torques,575.010355,0.730731098487,9.67997390633e-07,1.8260948309e-12,3.31417076523e-05,12,0,0.101421660786,0.0100052861748,0.0100022706994,0.342157751007,0.0100004250658,0.0839058443796,0.0100026009664,0.0802447485928,0.0756227170955,0.0281008051029,0.0100019271246,0.142760229219,0.0505937908009,0.077522580139,0.0541725904992,0.261782151516,0.546699029228,0.398470118682,0.0100452372519,0.0100036508667,0.0946153731671,0.0100019275529,0.0100006201868,0.0100027324787,0.0311783543568,0.0100142718774,0.0476255124248,0.0100037299611,0.0100014116494,0.0100182010661,0.0100264915614,0.0402513377888,0.0100205316395,0.0100094427343,0.0150531402555,0.0123627681525,0.010022051399,0.0100333504333,0.0100624586287,0.0110650778117,0.0135825911237,0.0604179665931,0.0477349257442,0.0278014967425,0.0230196735073,0.0100909382993,0.0109506722401,0.0132250184918,0.0140772687086,0.0312377028127,80.0161255024,10.9572239313,1.99669355949,170.338846386,7.25368682663,103.573259493,2.69086375444,9.95589102398,31.9556632494,16.337715818,2.50320280142,26.4047418493,4.58314295852,11.8194733413,7.49985035555,198.401217081,240.506489771,127.767739729,0,3.50527926043,30.3506337109,2.51375448289,11.5073053435,2.30977603735,9.41020699359,2.20181717117,9.18681464425,3.58103428782,4.77972567085,0.93453323137,1.5993835772,10.0837034874,0.751991558644,1.71169658479,3.89559007652,2.00354496016,2.37309079254,1.73468201671,2.09998524716,2.18294701475,0.43770250994,6.59757757687,4.49053167486,1.35670392228,1.60490531459,0.391194456583,0.786780892031,0.608287639346,2.81179659252,3.64520802339
sobol__0001218@@teres_minor@@0.25,81.30850288,1.26665128,74.65821849,32.17303846,48.80771019,-1.91908246,38.28719149,Teres minor,TMIN,0.25,1,usable,Converged with independently replayed constrained generalized-force equilibrium and small reserve torques,515.624558,0.211664118775,2.27963379951e-07,5.39770366022e-13,0.000296299326551,23,0,0.0100004353193,0.0100005191984,0.113209569783,0.0100080328691,0.010000940345,0.0100006401544,0.0252623453559,0.168175529865,0.0100019116416,0.0100016980563,0.0100011264374,0.174196041406,0.0829782559556,0.121855340893,0.0100647430017,0.187067703118,0.0100024589032,0.0100026141889,0.010045237646,0.010045237646,0.138277262798,0.0101751476985,0.16560886837,0.0922184208039,0.0436475820954,0.0481437914629,0.0927781374134,0.0100015221735,0.0100044773759,0.0100042707557,0.083217436858,0.0101265144646,0.0100080007902,0.0100036505924,0.0100018641765,0.0100027361582,0.0100028183742,0.0100034648548,0.0100027580837,0.0100025436991,0.0110081000553,0.0476866031874,0.036210951419,0.0163216331217,0.0268253690725,0.0110239322262,0.0100416887743,0.0100102118359,0.0100037086042,0.0100037419107,8.32624505262,10.9904885567,22.7979250937,4.99455203634,5.9219668498,12.4174305949,1.70126683951,20.5274382449,4.21864091703,5.81613016626,2.89720719417,30.8844172642,6.98292454032,18.3248656762,1.80366563521,106.523935406,6.42864972307,6.02646799032,0,0,46.1000424811,2.31233720574,194.982831198,24.1986843249,12.8741922909,8.60421059628,15.0741978611,3.8773568098,4.22115834717,0.920691525014,46.3664858613,2.56082396963,0.672803340477,1.59583525131,2.42007447553,1.56530003964,2.27810343888,1.65558023804,1.94594392838,1.88111483458,0.208951495462,3.6095262342,2.3893329772,0.642086902654,1.29679707197,0.30384302564,0.545254865419,0.460140450559,1.95783625266,1.12821360638
sobol__0003163@@biceps@@0.00,10.16104194,88.95952238,-42.93211354,118.53290174,-59.51260231,-9.68641644,12.00789462,Biceps,BIClong;BICshort,0,1,usable,Converged with independently replayed constrained generalized-force equilibrium and small reserve torques,385.944382,6.54455332332,9.41742738902e-07,8.96704932529e-12,0.00102521539679,24,5,0.0665775355416,0.411521697307,0.0910090438481,0.121290313278,0.193572368825,0.104913245234,0.0100109886201,0.0100049913117,0.0100907478504,0.0100007567948,0.0100006792898,0.0100037288694,0.0100028580608,0.0100025291265,0.0100020638846,0.0312593555537,0.268312945574,0.268047638345,0.0676562261613,0.999999923832,0.0100452377742,0.0100452377742,0.0100010600149,0.0100000478941,0.999999501202,0.99999988383,0.0100000863966,0.0651004807366,0.010000048308,0.0100006293067,0.0100000307534,0.01000019513,0.010000731766,0.0100001997845,0.0782696327679,0.524129673345,0.0100003166004,0.0100006868457,0.0100027207279,0.999996315964,0.0100014330058,0.0100004390359,0.0100071108517,0.268512647744,0.0100005801347,0.231061301479,0.531209268004,0.671616780075,0.0100007130753,0.999997880705,66.454004877,160.084645316,17.2007914716,19.4675119501,190.197937999,136.782410067,2.53986332147,1.43928313391,4.47935084335,6.55581179386,4.96474969748,2.66634037151,2.88136966657,1.83473403637,1.65083150953,3.38184982007,192.484078761,192.103637235,19.1602405954,350.145670483,0,0,9.01084501122,1.43523332904,245.002180873,251.930320019,1.25688273276,23.5875274838,2.69905292159,0.818853274984,5.531697325,2.50131341523,0.377073673081,1.55316867311,20.2549462192,85.1282496973,2.36790091607,1.72903555239,2.08215234825,197.290813852,0.222106508921,0.888838577196,0.796234063332,12.8821935447,0.47587537543,9.2361113503,41.1056597686,30.8188764517,2.00886167303,115.343663068
sobol__0003903@@posterior_deltoid@@0.00,-53.99911431,107.11381925,16.68702708,116.37469862,-9.98135231,-2.47450238,-15.29679288,Posterior deltoid,DELT3,0,1,usable,Converged with independently replayed constrained generalized-force equilibrium and small reserve torques,447.622339,1.81505325707,2.90526789293e-08,9.67309598158e-13,0.000340121221083,16,0,0.563517191221,0.69077192346,0.0100452370657,0.311248944981,0.0100002833351,0.01000090048,0.0100452370657,0.0100014385364,0.0100001596287,0.0100000590415,0.0100000769338,0.0353252644986,0.0100003299826,0.010000305845,0.0100010055604,0.878897172024,0.110540213642,0.110324726672,0.0273764845252,0.0100022220342,0.240868164229,0.0100004287918,0.0100023948986,0.0100238980775,0.0193967643433,0.0532005668429,0.0254741475183,0.0100046430001,0.0100039527358,0.0100096332601,0.20954625401,0.102983505081,0.0100182333428,0.0100101514983,0.0100125962815,0.0100193965945,0.0100121928325,0.010015628898,0.0100158806389,0.0100176950115,0.0109913003201,0.0445220310873,0.0428541963415,0.0216569787259,0.0133357060326,0.0134098501283,0.0100558951871,0.0100302429745,0.0100077864905,0.0100134062512,263.368143979,153.401745407,0,74.9098283351,3.07211194226,11.5340813958,0,1.3960059377,4.0317305547,5.03983393561,4.84807119639,8.8289373918,2.79668673728,1.82357560966,0.625682424,158.194712278,79.2999817166,78.9911142217,7.75286260566,3.79204337805,126.477450002,2.31880537864,9.41456901308,0.730786164325,3.1343636138,13.4325353491,4.27474007741,3.77454183805,3.55205579706,0.930813297269,107.848709847,29.3186787918,0.547343191127,1.58827423675,2.58726430882,1.58864104736,2.36072574821,1.72981495751,2.1190122096,1.9705354141,0.332319049015,4.85496906449,4.02849953159,1.05679931091,0.804076162088,0.62837404875,0.800795931754,0.461372655891,1.65046526586,1.16842917411
sobol__0001065@@biceps@@0.50,65.13662788,116.54008878,85.79103099,115.96210096,-3.06728981,-6.70423871,42.50594149,Biceps,BIClong;BICshort,0.5,1,usable,Converged with independently replayed constrained generalized-force equilibrium and small reserve torques,358.44923,1.44629049103,8.10130007523e-08,3.00559577227e-12,0.000115717679789,22,0,0.0504432683275,0.491901362253,0.433846445106,0.131185561762,0.0100452375474,0.263480535923,0.913429490911,0.0100009766378,0.0100003685738,0.0100000970454,0.0100001256091,0.0100005450851,0.0100004487524,0.0100005028863,0.0100005941072,0.0100452375474,0.0898011182251,0.0896035724459,0.0221785773721,0.0100056302575,0.196725112689,0.0100007836081,0.0100028927088,0.0100116287537,0.0100140261444,0.0743746212813,0.119990970385,0.0100028626926,0.0100452375474,0.0100452375474,0.0472353244941,0.0383917980408,0.0100452375474,0.010004218672,0.0100011349016,0.0100016853325,0.0100016783868,0.0100020917569,0.010001666502,0.0100015499723,0.0150947988842,0.0697909151189,0.0564923947625,0.0277259283662,0.0356582942455,0.0165608370571,0.0100461977605,0.0100079468601,0.0100039301377,0.0100029735051,44.1953533979,190.512977191,81.2494119838,20.3648929313,0,301.768987924,230.759295647,1.42781225493,3.98517588645,6.33347174424,4.62682540891,2.71378337989,3.01246249642,1.87912340748,2.08025553036,0,64.4220163557,64.1388987719,6.28072239539,3.70897561174,35.7883966994,1.58041603143,9.4874881943,0.697254734787,2.83285843738,14.1793387079,14.8962894317,1.13724770538,0,0,24.0349165355,10.9170328534,0,0.678335003831,2.42120740774,1.56743490551,2.28112545562,1.65650596871,1.94945007155,1.88261469422,0.246083579274,4.52599215202,3.33559657258,1.04430920276,1.34260135803,0.461018542083,0.616821881656,0.455526565958,1.93247491178,1.10691576021
sobol__0003935@@anterior_deltoid@@0.50,-58.21786431,122.34819425,74.10890208,97.07782362,71.26864769,13.11143512,-33.10929288,Anterior deltoid,DELT1,0.5,1,usable,Converged with independently replayed constrained generalized-force equilibrium and small reserve torques,254.717859,4.52885951897,1.46165461956e-08,3.95814804932e-07,0.00427741024207,27,2,0.999999758201,0.0100000433723,0.0100000041357,0.01,0.01,0.0593955426871,0.0100000006469,0.0100000408703,0.01,0.01,0.0100000127954,0.0100000474733,0.294647966781,0.999999892032,0.0100006154763,0.0100000108935,0.722953619416,0.708830166191,0.152099407662,0.01004523781,0.507368586073,0.0100002806406,0.010000335181,0.0100001481588,0.0100004084428,0.0100057373295,0.0100011257469,0.0100004223641,0.010000433515,0.0100013335754,0.952455470613,0.37087612845,0.0100019685336,0.0100009895869,0.0100060011396,0.0100387433923,0.0100050285834,0.0100069546966,0.0100109867643,0.0407757487926,0.0248395778445,0.0592979962863,0.0678716882322,0.0481779347168,0.0100065887752,0.0100210097716,0.0100182052096,0.0285589021139,0.0451677358717,0.07207333597,343.229365848,1.37028914873,1.53023078841,3.38435597313,10.670418547,72.9200632292,2.32020074687,1.4385716133,4.23495712406,3.70610028726,3.23962643036,2.63233189155,87.6610407039,187.974293105,0.0875473662809,1.16263304079,515.838384149,495.880588274,40.943001658,0,263.276232951,0.373670991545,10.7830762181,2.47180162545,3.09166956118,2.52632296511,1.92904589309,4.07833202176,4.3842260836,1.01009412581,402.204348606,76.0609493844,0.711595165309,1.6691477915,2.56080367317,1.5363659994,2.35675676204,1.726166105,2.12310438072,7.93792068654,0.923071471536,6.41782675401,6.40689580361,2.334704496,0.718662901625,0.473980610598,0.737561105131,1.22988186438,5.39927320308,7.53562568842
sobol__0002973@@teres_minor@@0.75,80.56143257,115.55620206,-13.56199635,51.0573158,78.53427269,5.06211871,-35.74601163,Teres minor,TMIN,0.75,0,reserve_too_high,The posture requires more reserve torque than the quality limit permits,328.991908,104.886736649,2.83818337721e-08,1.95259135438e-06,0.172597377038,25,2,,,,,,,,,,,,,,,,,,,,,,,,,,,,,,,,,,,,,,,,,,,,,,,,,,,,,,,,,,,,,,,,,,,,,,,,,,,,,,,,,,,,,,,,,,,,,,,,,,,,
sobol__0003163@@teres_major@@0.75,10.16104194,88.95952238,-42.93211354,118.53290174,-59.51260231,-9.68641644,12.00789462,Teres major,TMAJ,0.75,1,usable,Converged with independently replayed constrained generalized-force equilibrium and small reserve torques,371.317612,5.68349093446,9.51849942865e-07,1.21502807815e-12,0.000497232023483,26,3,0.0100015069843,0.566046520399,0.198109731614,0.18098998372,0.153160344318,0.161203928328,0.0100064908654,0.0100070010841,0.0100067218492,0.0100005132081,0.01000047445,0.010004690187,0.0100033700717,0.010002329503,0.010001386738,0.0949710395757,0.506493296635,0.505992580499,0.127704357141,0.999999787559,0.413327998993,0.159319685239,0.0100005631804,0.0100000998522,0.999999172509,0.999999764481,0.0100001557484,0.363398912555,0.0100000865194,0.0100012276107,0.0100000707214,0.0100004109039,0.0100012760475,0.0100003639307,0.0940146038486,0.339467305206,0.0100005304483,0.0100011536757,0.010005215334,0.67225240781,0.010002528753,0.0100008452874,0.0405385645238,0.202115263494,0.010001002856,0.157588831937,0.318956043002,0.394340984251,0.0100009608496,0.686616996985,9.9829497857,220.195816374,37.4429181745,29.049514008,150.490392038,210.172336003,2.53872220732,1.07967918957,4.44205113623,6.55565211474,4.96464800686,2.66659659608,2.88151715401,1.83469742019,1.65071974518,10.2746133633,363.351441701,362.633357747,36.1658689339,350.145622768,116.176086227,50.4722150242,9.01039736181,1.435240783,245.002100137,251.930289945,1.25689144964,131.668487539,2.69906323017,0.818902263689,5.53171943363,2.50136738599,0.377094194354,1.55319416716,24.3294963503,55.1357020815,2.36795155154,1.72911626343,2.08267162194,132.629713263,0.222130842715,0.88887468483,3.22552497208,9.69670503223,0.47589549056,6.29922877538,24.6812308699,18.0953579989,2.00891144393,79.1970873988
sobol__0001065@@triceps@@0.50,65.13662788,116.54008878,85.79103099,115.96210096,-3.06728981,-6.70423871,42.50594149,Triceps,TRIlong;TRIlat;TRImed,0.5,1,usable,Converged with independently replayed constrained generalized-force equilibrium and small reserve torques,381.786945,1.47304899794,8.18103522704e-08,3.51400180148e-13,0.000116987101401,24,0,0.0516991057167,0.491384448744,0.43766575426,0.131949455534,0.0100452371474,0.27081782128,0.92176745955,0.0100009693668,0.0100003650246,0.010000096136,0.0100001244907,0.0100005407727,0.0100004453172,0.010000499067,0.0100005907658,0.0100452371474,0.148475469456,0.148149007735,0.0732271184516,0.0100030631129,0.0874481481637,0.0100003110934,0.0100009087196,0.0100037452573,0.010002814634,0.0757712964236,0.121371017755,0.0100026726485,0.0100452371474,0.0100452371474,0.027436401266,0.0749866264937,0.0100452371474,0.010003950849,0.0100011823492,0.0100017550229,0.0100017525334,0.0100021774348,0.0100017382189,0.0100016061347,0.0147152887927,0.0679936414928,0.0553154143249,0.0264454673148,0.0347816313499,0.0158710219879,0.0100355080332,0.0100078289034,0.0100039858021,0.0100029520024,45.2956424725,190.312777006,81.9646803154,20.4834777369,0,310.172512568,232.865713047,1.42781121686,3.98517447207,6.33347116835,4.62682489147,2.71378220966,3.01246146167,1.87912268982,2.08025483532,0,53.2570713524,53.0230768198,20.7370921539,3.70802399971,31.8172802129,3.16068272065,9.48560643176,0.696705692957,2.82968682365,14.4456113922,15.0676155331,1.13722609992,0,0,13.9605606932,21.3230821887,0,0.678316844617,2.42121889458,1.56744582723,2.28114236662,1.65652015838,1.94946405013,1.88262526586,0.239896600447,4.40943763689,3.26610169805,0.996080078065,1.30959336331,0.44181555524,0.61616554804,0.455521196986,1.93248566464,1.10691338078
sobol__0000317@@brachioradialis@@0.00,80.69326851,115.08012784,89.96583568,78.95526502,-63.61416481,-9.48988324,-21.18546476,Brachioradialis,BRD,0,1,usable,Converged with independently replayed constrained generalized-force equilibrium and small reserve torques,386.398941,2.89192734366,5.74992736091e-07,3.20454773828e-12,0.000107844424495,26,0,0.010000402764,0.0100093121408,0.430691857062,0.0100007389838,0.432304822741,0.010000437135,0.428192731927,0.0100027175415,0.0100003067251,0.0100001892966,0.0100002591191,0.0100015255852,0.0100017825227,0.010001836199,0.0100014066406,0.0100452377918,0.598768987764,0.586064865657,0.115973873969,0.646657748585,0.371993954167,0.0100007040808,0.010000425074,0.0100452377918,0.666551660582,0.51706204762,0.0100004853748,0.420879175359,0.0100002056544,0.0100142943875,0.0100003543076,0.0100020282285,0.0100027918876,0.0100016029813,0.178611602562,0.168356710221,0.0100039636265,0.0100237961268,0.108099270965,0.247224207515,0.0100053954957,0.0100012045278,0.0100055707706,0.012796572633,0.0100024172034,0.010039555695,0.0100061643644,0.0793746103423,0.0309082282146,0.178239980698,4.97560290548,5.78080856798,82.275856939,2.23535402054,464.929730592,11.3617593979,113.622857861,1.42303084602,3.93833408914,6.34222920721,4.6227842654,2.71789333165,3.02361397928,1.88001513958,2.06780291886,0,417.127217002,399.614476259,28.9654546166,224.475771217,172.857407426,3.15443184122,11.2409503808,0,210.556774048,126.599484804,1.53225594887,171.673324516,4.78744842226,1.00949514318,4.71634233802,2.45747741796,0.750647720191,1.7119746857,44.0681818092,24.6229655375,2.2301773848,1.68674495775,22.9590162028,47.2585495364,0.294427823139,1.08879707294,0.944351085146,0.621842800553,0.609618719964,0.474729013824,0.848628697604,3.65109554252,4.65722559512,20.7986557622
sobol__0000234@@pectoralis_major@@0.50,111.98233101,59.98247159,63.89161693,97.49042127,72.94833519,3.01988238,-22.35733976,Pectoralis major,PECM1;PECM2;PECM3,0.5,1,usable,Converged with independently replayed constrained generalized-force equilibrium and small reserve torques,403.878879,1.99987210358,2.96852320503e-08,9.47325491696e-13,0.000196084480161,24,0,0.308942702978,0.0100000673177,0.0100057513674,0.0100000921465,0.010000149221,0.0100000313822,0.633712287577,0.568293560035,0.69801077346,0.0100002822096,0.0100005298459,0.318884649478,0.0100021953219,0.0100005081082,0.0100265002408,0.750041526438,0.0100086241484,0.0100087619762,0.0100238916727,0.0100452356061,0.0100001102023,0.0100006842879,0.0770829256748,0.010005536103,0.0100306351298,0.0391393967282,0.0316155315229,0.0100024870304,0.0100053182094,0.0100068306629,0.103224937572,0.023791834138,0.0100144135223,0.0100074568536,0.0100058325874,0.0100089093944,0.010008792688,0.010010535959,0.0100086742783,0.0100089697458,0.0131891923699,0.0500479089724,0.0416734363354,0.0200902379805,0.0176817447487,0.0128194085142,0.0100801973546,0.0100249279108,0.0100086434751,0.0100114097802,346.886344257,10.515065946,1.83721459675,4.9889099149,7.79959107298,12.7931327449,170.56408316,78.7397314609,101.289350396,2.39608929871,0.939358968567,81.8085778427,2.68741668614,1.76758410853,1.52130711284,105.991111481,7.14443008189,7.00589365615,2.70211957077,0,5.23291886276,3.13665093114,83.0251030596,2.47189256887,3.06675402787,9.88222615717,5.54198379483,4.00567382781,4.44057610447,1.0048723819,42.6883329446,4.78916178093,0.70564655654,1.65628640707,2.58736274774,1.60428605065,2.36476813599,1.72979329924,2.11049446991,1.97268950634,0.417257322196,5.46484409208,3.92558967044,0.980337457759,1.12637260978,0.605288155304,0.738823264373,0.460337270305,1.49145527896,1.16193559826
sobol__0002997@@coracobrachialis@@0.50,117.12393257,125.71245206,-53.40574635,77.4635658,-33.96572731,18.73399371,7.37898837,Coracobrachialis,CORB,0.5,1,usable,Converged with independently replayed constrained generalized-force equilibrium and small reserve torques,598.714711,0.698711313439,3.73310058421e-08,1.23421273202e-11,2.06471574979e-05,10,0,0.362259541336,0.484571452461,0.014287928471,0.0903359116356,0.239557089044,0.231335958997,0.0100056090629,0.0100109315862,0.0100074658368,0.379163040786,0.0376985878621,0.158011224635,0.120809111729,0.0204999338582,0.0100132906442,0.0100452376349,0.0984775436856,0.0963832548765,0.0190353454336,0.0100090228238,0.0100006649348,0.0100033501085,0.0100025305204,0.0100047526496,0.0100067066101,0.0153327691102,0.059098017993,0.0100041115469,0.0100203211332,0.0100103815617,0.01445377705,0.0196922083459,0.0100212297393,0.0100130265081,0.0100110388205,0.0100146392951,0.0100194766083,0.0100207037258,0.0100169990139,0.0100139446877,0.0101714374886,0.0304055684701,0.0209367730702,0.0104642446634,0.016463132934,0.0101158815833,0.0100355791755,0.0100219542088,0.0100088382044,0.0100102498018,119.655073779,478.063821286,2.18396652549,40.116270748,248.529998874,225.594103111,2.04236685176,1.16174678316,4.44236616765,247.633146557,18.0750739366,43.9987907878,37.8801817353,3.76612445331,1.0412877824,0,68.4605169909,65.5794581449,4.69120324278,3.70040103467,5.00128137041,2.46792959056,11.2776455381,2.66088357954,3.37443228632,3.68259038147,11.393564259,3.98189864869,2.67848537755,0.973240629387,7.97424368528,5.48456693615,0.670951069174,1.61694561233,2.59074741661,1.62191040426,2.37244207189,1.73241501735,2.08274516354,1.97533827722,0.289724642581,3.16861137842,1.77782944555,0.492101476131,1.04103197787,0.392334575719,0.61225224167,0.414987544031,1.74237887485,1.10613750572
sobol__0001720@@coracobrachialis@@0.50,-30.31259087,4.18657316,52.24610911,0.30780409,-59.16103981,2.8318941,8.87312899,Coracobrachialis,CORB,0.5,1,usable,Converged with independently replayed constrained generalized-force equilibrium and small reserve torques,745.931173,0.732385728899,9.60386674242e-07,3.97903932026e-13,3.33708066558e-05,12,0,0.101426325995,0.0100049806918,0.0100022565306,0.343464026805,0.0100004218932,0.0815557992875,0.0100025898001,0.0812584302706,0.0773396423079,0.0306526466291,0.0100019190271,0.143988981678,0.0510595543293,0.0782592731819,0.0366631560546,0.261125784338,0.547663499126,0.399173170506,0.0100452376649,0.0100035830628,0.0954871154324,0.0100019238219,0.0100006190927,0.0100027353365,0.031554747031,0.0100144247712,0.0480952625297,0.0100037669739,0.0100014123351,0.0100184764505,0.0100282518623,0.0410790375249,0.0100207477223,0.010009546703,0.0154467054245,0.0125862559095,0.0100222154865,0.0100336927546,0.0100643157384,0.0111886996281,0.013626420358,0.0606223625462,0.04791166652,0.0279038441039,0.0231115043032,0.0100917200859,0.0109594135623,0.0132435617402,0.0139802980531,0.0312496328122,80.0198060972,10.9568893836,1.99669073107,170.989159033,7.25368452515,100.672367047,2.69086075052,10.0816575632,32.6811791529,17.8213481025,2.50320077495,26.6320102674,4.62533510898,11.9317931811,3.38385373413,197.903765113,240.930784015,127.993170265,0,3.50525550195,30.6302704046,2.51375354507,11.5073040843,2.3097766972,9.52380930021,2.20185078755,9.2774279925,3.581047537,4.7797259986,0.934558920126,1.5996643729,10.2910575576,0.752007774588,1.71171436429,3.99744049052,2.03976401431,2.37312964632,1.7347412012,2.10037281676,2.20733544471,0.439114918386,6.61989739717,4.50715807663,1.36169843995,1.61130765276,0.391224764044,0.787408936141,0.609140540139,2.7924276535,3.64660016577
sobol__0003935@@brachioradialis@@0.00,-58.21786431,122.34819425,74.10890208,97.07782362,71.26864769,13.11143512,-33.10929288,Brachioradialis,BRD,0,1,usable,Converged with independently replayed constrained generalized-force equilibrium and small reserve torques,406.381495,3.14358089018,2.31427819131e-08,1.72315976531e-07,0.00197050816844,27,1,0.566875634572,0.0100000913089,0.0100000231844,0.0100000112077,0.01,0.0100000831308,0.0100000150601,0.0100001069859,0.01,0.0100000031653,0.0100000391283,0.0100001161261,0.408043578099,0.999999684246,0.0100012057787,0.0100000375473,0.601894126607,0.590135708154,0.126631227827,0.0100452374635,0.419013504122,0.0100005496833,0.0100004039755,0.0100452374635,0.010000518059,0.0100111062601,0.0100012571429,0.0100005045732,0.0100004806069,0.0100015701601,0.79035626737,0.308012074802,0.0100022741324,0.0100011463398,0.0100059395635,0.0100271273893,0.010004837585,0.0100067675492,0.0100096550585,0.0287578043451,0.0199386722012,0.049443080606,0.0608173187383,0.0440352395422,0.0100073540796,0.0100259978595,0.0100272120276,0.0287654277633,0.036880203028,0.0699678571691,389.136823335,1.37029571673,1.53023370364,3.3843597669,10.6704185475,12.2771282358,2.32020409094,1.43858112447,4.23495712409,3.70610145985,3.23963496119,2.6323499632,121.397493762,187.974254046,0.0875525336929,1.16263613916,429.460597969,412.844791431,34.0873291393,0,217.428315335,0.373681044545,10.7831503972,0,3.09170344941,2.52767855262,1.92907123714,4.07836554796,4.38424672917,1.0101180199,333.752849864,63.1685056927,0.711616907333,1.66917395334,2.56078791408,1.53458824366,2.35671177093,1.72613382268,2.12282195599,5.59835629658,0.740947354549,5.35122846255,5.74098323411,2.13394933471,0.718717865027,0.474216540609,0.738224205925,1.23877583901,4.40859582676,7.3154874091
sobol__0003935@@anterior_deltoid@@0.75,-58.21786431,122.34819425,74.10890208,97.07782362,71.26864769,13.11143512,-33.10929288,Anterior deltoid,DELT1,0.75,1,usable,Converged with independently replayed constrained generalized-force equilibrium and small reserve torques,267.530843,3.44137072245,1.912861336e-08,1.86986760414e-07,0.0021793651436,28,1,0.755425164201,0.0100000837026,0.0100000195787,0.0100000089525,0.01,0.0100000931637,0.0100000123165,0.0100000947784,0.01,0.0100000018534,0.0100000344729,0.0100001040478,0.407093809632,0.999999730108,0.0100011106231,0.0100000326275,0.611491827232,0.599545747903,0.128650362171,0.0100452378994,0.418761823158,0.0100005068309,0.0100003975364,0.0100001771876,0.0100005074995,0.0100103628047,0.0100012459548,0.0100004970739,0.0100004765584,0.0100015488072,0.802753460009,0.312863622039,0.0100022469977,0.0100011323993,0.0100059440207,0.01002776737,0.0100048516707,0.0100067814405,0.0100097457596,0.0296827365846,0.0203152411321,0.0502014443954,0.0613614273248,0.044354094749,0.0100072889678,0.0100255314447,0.0100262131116,0.0287494763864,0.0375183111023,0.070130275948,388.926244074,1.37029467464,1.53023315167,3.38435900169,10.6704185461,12.2771405528,2.32020345486,1.43857936833,4.2349571237,3.7061009741,3.23963345298,2.63234678376,121.114927097,187.974262667,0.0875517008405,1.16263556728,436.30870309,419.427829612,34.630851446,0,217.297716746,0.373679443503,10.783143454,2.47180880063,3.09170018496,2.52749083948,1.92906907913,4.07836248958,4.38424495394,1.01011586335,338.987955234,64.1634828814,0.71161497677,1.66917162661,2.56078905497,1.53468618889,2.35671508898,1.7261362189,2.12284119162,5.77841525295,0.754941152454,5.43330623491,5.79234554895,2.14940106994,0.718713188718,0.474194479799,0.738150663504,1.23808889709,4.48487416718,7.33246910119
sobol__0000261@@brachialis@@0.00,106.00576851,72.42387784,54.80958568,105.36151502,63.88583519,-0.19300824,-11.81046476,Brachialis,BRA,0,1,usable,Converged with independently replayed constrained generalized-force equilibrium and small reserve torques,463.930252,0.710242091117,2.20092300773e-08,3.95239396767e-13,7.78327060218e-05,24,0,0.269316644108,0.0100001391386,0.0101249551561,0.010000131719,0.0100007364715,0.0100000570413,0.698604808331,0.163455325285,0.230740759455,0.0100005471365,0.0100007643685,0.0316918246992,0.0100025495208,0.0100013532471,0.171062815879,0.148365008683,0.0273893385936,0.0270254430687,0.0101139933106,0.0100452376931,0.0100001448316,0.0100027548705,0.0100452376931,0.0100040648333,0.0100096902982,0.0482825553486,0.0551885372916,0.0100020694089,0.0100043909538,0.0100058479902,0.0488928209968,0.0248105513283,0.0100129526471,0.0100065104098,0.0100049164435,0.0100073514627,0.0100075271168,0.0100090800277,0.0100073708306,0.0100073036703,0.0131678676065,0.0552717836592,0.0100452376931,0.0208406012206,0.0214284425432,0.014509105079,0.0100856239006,0.0100202817675,0.0100066288211,0.010008695921,265.490938466,10.2140143895,1.90609191024,4.98154562633,8.99824098786,12.8212613272,188.182233715,23.375130015,80.8682696211,5.76287400905,3.05803622002,8.31974139953,2.85102841705,1.80849233704,30.3905656893,7.50203251895,19.6394387324,19.1202416823,2.80079381019,0,5.06494631282,3.12592141659,0,1.99619397687,2.89008422493,12.165605671,8.79730928254,3.84194844713,4.21664704136,0.953956492415,17.7055036096,5.5591190417,0.667005559344,1.60997973656,2.58916469185,1.62361276709,2.3692142986,1.73047669808,2.08997030804,1.97433572511,0.37824183564,5.976914165,0,1.01695488629,1.24120147457,0.664854050969,0.717771426341,0.460890334399,1.71138383811,1.16785488797
sobol__0000261@@triceps@@0.25,106.00576851,72.42387784,54.80958568,105.36151502,63.88583519,-0.19300824,-11.81046476,Triceps,TRIlong;TRIlat;TRImed,0.25,1,usable,Converged with independently replayed constrained generalized-force equilibrium and small reserve torques,445.890038,0.765991166832,2.17943232073e-08,1.46371803567e-12,8.04101305237e-05,26,0,0.269588530887,0.0100001342093,0.0101494344668,0.0100001272879,0.0100007078267,0.0100000549453,0.720560335149,0.170254455555,0.240786708159,0.0100005335502,0.0100007448268,0.0348261852152,0.010002506395,0.0100013186467,0.177609220947,0.0454725509463,0.107923281219,0.106485120203,0.0966672242132,0.0100452377462,0.0100001032963,0.0100005783207,0.0100005686071,0.0100005933766,0.0100011333925,0.0459642263097,0.0520363587354,0.0100010246286,0.0100015859086,0.010003110942,0.0245138689549,0.0795416898041,0.0100059738758,0.0100029916064,0.0100047949365,0.0100074539415,0.0100079837995,0.0100092983219,0.0100076696804,0.0100078417944,0.0151039248906,0.061262151729,0.0100452377462,0.0222071990611,0.0213041879533,0.0134477452472,0.0100427288272,0.0100181347089,0.0100065978804,0.0100078173549,265.758962945,10.2140093546,1.91070030762,4.98154341897,8.99821521566,12.8212586399,194.096364321,24.3474480099,84.3890974719,5.76286618037,3.05803024588,9.14257407638,2.85101612498,1.80848608048,31.5535826361,0.574826501943,19.3465119836,18.8343002244,26.7693437104,0,5.06492527588,3.12524123173,10.5050066088,1.99550128897,2.88761360152,11.5814634959,8.29483737409,3.84154713102,4.21546477209,0.953695542546,8.87718046533,17.8223255347,0.666540673591,1.60941358495,2.58913324716,1.62362939346,2.36932241512,1.73051443912,2.09003272076,1.97444189133,0.433854322251,6.62469343679,0,1.08364050331,1.23400426555,0.616219115884,0.714718679361,0.460791578835,1.71137854647,1.16775237334
sobol__0001262@@pectoralis_major@@0.75,44.74600288,60.17290128,-58.93553151,17.95428846,-63.69228981,12.84654254,-53.58780851,Pectoralis major,PECM1;PECM2;PECM3,0.75,0,reserve_too_high,The posture requires more reserve torque than the quality limit permits,302.713219,207.750756443,1.93386640035e-08,1.53753203946e-06,0.212417356548,14,5,,,,,,,,,,,,,,,,,,,,,,,,,,,,,,,,,,,,,,,,,,,,,,,,,,,,,,,,,,,,,,,,,,,,,,,,,,,,,,,,,,,,,,,,,,,,,,,,,,,,
sobol__0001720@@latissimus_dorsi@@0.50,-30.31259087,4.18657316,52.24610911,0.30780409,-59.16103981,2.8318941,8.87312899,Latissimus dorsi,LAT1;LAT2;LAT3,0.5,1,usable,Converged with independently replayed constrained generalized-force equilibrium and small reserve torques,607.004275,0.75423752024,9.38260585281e-07,1.69109171111e-12,3.7228468964e-05,2,0,0.0646833219252,0.0100291894491,0.0100212466295,0.363949828567,0.0100037838395,0.0697559873111,0.0100241841096,0.100207776033,0.0832586476378,0.0195613552318,0.0100164673411,0.0847537758838,0.0311427188259,0.0461737310646,0.0804436597326,0.251745185568,0.561784773613,0.40946981043,0.0104295487033,0.0100283787718,0.108928944386,0.0100176888207,0.0100060390167,0.0100273694829,0.0368793236721,0.0101670390133,0.0551999921468,0.0100421416861,0.010014036936,0.0102195197138,0.0113714508455,0.0522329976526,0.0102319960906,0.0101083424028,0.0201793173019,0.0157785930534,0.0102326608442,0.010359784948,0.0107999257431,0.0136390385614,0.01511949877,0.0639958953593,0.0507923370377,0.0296749021894,0.0248832879113,0.0108851320822,0.012508134764,0.0142957672702,0.0133274399266,0.0312314405355,51.0315919209,10.9834014464,2.00048161113,181.187752606,7.25612306986,86.1066952887,2.69666997406,12.432685196,35.1823553649,11.3729077023,2.50684181208,7.83797274972,1.4105637293,3.51993691636,14.8492169066,190.79433385,247.143083508,131.294743755,0,3.51394391855,34.9421281237,2.51771571469,11.513540569,2.31546507884,11.1308655222,2.23540576429,10.6479084507,3.59478452846,4.78575935997,0.953312946675,1.81392580074,13.0853305651,0.767860924431,1.72860923709,5.22218931718,2.55712314591,2.42296035672,1.7911198025,2.25389097917,2.69074461276,0.487229756279,6.98828358588,4.77814922219,1.44812549362,1.73483438018,0.421982892393,0.898681031814,0.65753696532,2.66202563483,3.64447726214
sobol__0000317@@coracobrachialis@@0.25,80.69326851,115.08012784,89.96583568,78.95526502,-63.61416481,-9.48988324,-21.18546476,Coracobrachialis,CORB,0.25,1,usable,Converged with independently replayed constrained generalized-force equilibrium and small reserve torques,383.205223,2.92405494223,5.76469789237e-07,5.1344593253e-12,0.000110298281863,27,0,0.0100004038748,0.0100096570797,0.42893105648,0.010000744254,0.430412767937,0.0100004399394,0.425552000369,0.0100027351043,0.0100003085565,0.0100001905938,0.0100002608308,0.0100015354854,0.0100017970094,0.0100018503358,0.0100051904684,0.0100452382138,0.604821014759,0.591988312878,0.117146090203,0.661367896861,0.372671580402,0.0100007119216,0.010000420762,0.0100002337034,0.665319975889,0.520236155097,0.0100004799764,0.419483660391,0.0100002034945,0.0100136259982,0.0100003472715,0.0100019848324,0.010002752909,0.0100015774587,0.179309303128,0.169414420027,0.0100039209146,0.0100233317986,0.108612588636,0.249257381104,0.0100053360908,0.0100011901692,0.0100054566123,0.0123861997827,0.0100023907862,0.0100384792881,0.0100061175026,0.0802445879876,0.0323392575756,0.18052574349,4.97560345944,5.78100778604,81.939487967,2.23535519797,462.894887389,11.3617625838,112.922127917,1.42303334463,3.93833481027,6.34223002967,4.62278505644,2.71789602199,3.02361835867,1.88001779684,0.517146307447,0,421.343309067,403.653440882,29.2582255226,229.582138357,173.172285434,3.15443431443,11.2409455338,2.69920291971,210.167697598,127.376645639,1.53225512171,171.104104873,4.78744738816,1.00942776593,4.71633901962,2.4574667556,0.750644795081,1.71197031699,44.2403228977,24.7776606025,2.23016786314,1.68666682341,23.0680388504,47.647204175,0.294426075016,1.08879550976,0.944340310591,0.601900945048,0.609617109882,0.474678114997,0.848624723222,3.69111301774,4.87285188529,21.0653792733
sobol__0000261@@latissimus_dorsi@@0.75,106.00576851,72.42387784,54.80958568,105.36151502,63.88583519,-0.19300824,-11.81046476,Latissimus dorsi,LAT1;LAT2;LAT3,0.75,1,usable,Converged with independently replayed constrained generalized-force equilibrium and small reserve torques,421.514074,0.709422731113,1.72301222179e-08,7.04213777142e-13,7.80159167315e-05,25,0,0.267385767718,0.0100001388541,0.0101055400707,0.0100001317905,0.0100007205266,0.0100000570867,0.695538691419,0.165439820646,0.236070002501,0.0100005496758,0.0100007668444,0.0260039105835,0.0100033896994,0.0100017975243,0.171988752919,0.149103780125,0.0363581075025,0.0358740937955,0.0102183988311,0.0100452379236,0.0100001438074,0.0100025777477,0.0100060264546,0.0100036032649,0.0100083085007,0.0482321858215,0.0551178388567,0.0100020238102,0.0100042255671,0.0100057360984,0.0483510348559,0.0260238361594,0.0100126254658,0.0100063449739,0.0100049136687,0.0100073537014,0.0100075366372,0.0100090847207,0.0100073771904,0.0100073148135,0.0132100571768,0.0554046500709,0.0100452379236,0.0208710917119,0.0214257320047,0.0144854718846,0.0100837743633,0.010020228766,0.0100066281295,0.0100086743394,263.587490597,10.2140140988,1.90243688793,4.98154566197,8.99822664175,12.8212613853,187.356317943,23.6589252173,82.7360222703,5.76287547248,3.05803697747,5.11991215762,2.13845092,1.35642950503,30.5550652066,7.5393882747,26.0704661517,25.3805771752,2.82970606337,0,5.06494579413,3.12586606468,10.510739755,1.99610187657,2.88968526036,12.1529142176,8.78603962296,3.84193093202,4.21657733458,0.953945824683,17.5093071904,5.83097091299,0.666983764432,1.60995311907,2.58916397377,1.6236131303,2.36921655249,1.73047750946,2.08997163626,1.97433792355,0.379453714508,5.99128191445,0,1.01844272504,1.24104447181,0.663771101701,0.717639798925,0.460887896554,1.71138371977,1.16785236975
sobol__0003903@@latissimus_dorsi@@0.50,-53.99911431,107.11381925,16.68702708,116.37469862,-9.98135231,-2.47450238,-15.29679288,Latissimus dorsi,LAT1;LAT2;LAT3,0.5,1,usable,Converged with independently replayed constrained generalized-force equilibrium and small reserve torques,477.136076,1.8074178178,2.76144849209e-08,7.46069872548e-13,0.000340484562934,17,0,0.553138652237,0.687849538445,0.0100004706805,0.312907461841,0.0100002833092,0.0100009109824,0.0100452375216,0.0100014589849,0.0100001597456,0.0100000590648,0.0100000769555,0.0207913055598,0.010000668357,0.0100006190408,0.0100010071291,0.883948013923,0.109343827416,0.109130583677,0.0270810581847,0.0100022312073,0.24026232228,0.0100004301622,0.0100024198145,0.0100243768658,0.0196123436963,0.0530989463373,0.0255674528888,0.0100046451861,0.010003970197,0.0100096452297,0.20903378846,0.102540745362,0.010018274541,0.0100101734945,0.0100125438058,0.0100193078424,0.0100121766031,0.0100156022269,0.0100158282735,0.0100176197714,0.0109906140816,0.044512885038,0.0428145291126,0.0216334200195,0.0133556433459,0.0134011755425,0.0100560184181,0.0100302135363,0.0100077895557,0.0100133961621,258.517579105,152.752763046,1.81064984344,75.3089918081,3.07211193213,11.5340935075,0,1.39600879183,4.03173060207,5.03983394774,4.8480712072,2.59821317219,1.39839068331,0.911816360745,0.625682523007,159.103824998,78.4417112042,78.1361228836,7.66919956902,3.79204685576,126.159328489,2.31880569726,9.41459246189,0.730821068579,3.16919952859,13.4068773323,4.29039737077,3.77454266266,3.55206199538,0.930814410296,107.584955433,29.1926282171,0.547345441708,1.58827772676,2.58725074904,1.58862697518,2.36072192158,1.7298103511,2.11900113088,1.97052061396,0.332298300767,4.85397172035,4.02477062223,1.05564971267,0.805278282009,0.627967565107,0.800805745171,0.461371301788,1.65046577151,1.16842799684
sobol__0001047@@latissimus_dorsi@@0.25,-22.05087212,86.07133878,-38.42771901,8.30585096,-55.56728981,15.71763629,36.88094149,Latissimus dorsi,LAT1;LAT2;LAT3,0.25,1,usable,Converged with independently replayed constrained generalized-force equilibrium and small reserve torques,329.262544,1.42953353572,3.04483869229e-08,1.32160948851e-12,9.35559689381e-05,29,1,0.33122665219,0.999999729524,0.474009161689,0.0100002549598,0.010000102241,0.0273114572688,0.0100004158275,0.0100009094068,0.0100003615673,0.0100000950568,0.0100000798203,0.0100043642007,0.0100018898211,0.0100014338101,0.0100003682803,0.115693424704,0.0100022694581,0.0100029140592,0.0100452364865,0.15168039613,0.0100003624044,0.010034309367,0.204748330637,0.0221713997748,0.0299502908776,0.0597930830698,0.0477868257038,0.0100012335348,0.0100020864796,0.01000346132,0.0100058501253,0.0100068263838,0.0100065714922,0.0100030408739,0.0100018827422,0.0100028479639,0.0100028689529,0.0100035568037,0.0100028417818,0.0100028231632,0.0116585521674,0.0520066269827,0.0377978140016,0.0184032168705,0.0264503631153,0.0131434019887,0.0101137424414,0.0100149486807,0.0100036652827,0.0100051531715,185.870099531,365.464653378,75.6001784559,4.29941063223,10.7243268111,35.0855314232,2.64597823325,1.41138751357,4.41805292534,6.34506312233,4.97234576602,0.645702410093,0.681073136972,0.449188757779,1.18979380747,87.2050515872,5.08818780193,3.90750793698,0,53.5412271847,2.09684114259,0.00416135581886,239.157468375,5.25696773317,7.43660336658,9.62622607701,9.2179168935,4.07926250053,4.12156801954,1.00415436039,1.95422893793,2.54809803923,0.718856929156,1.67442544449,2.52733049481,1.62409615324,2.32366462752,1.69325752772,2.00682619367,1.95960212298,0.323863740458,5.20770721224,3.07163108153,0.814448475757,1.67593081186,0.341142405335,0.520971295117,0.43787562868,2.01069077133,1.16745364302
