sample_id,elv_angle,shoulder_elv,shoulder_rot,elbow_flexion,pro_sup,deviation,flexion,capacity_target,capacity_muscles,capacity_scale,usable,status,reason,duration_ms,objective,max_assembly_error_deg,max_equilibrium_residual,max_reserve_torque_nm,muscles_at_floor,muscles_at_capacity,activation__DELT1,activation__DELT2,activation__DELT3,activation__SUPSP,activation__INFSP,activation__SUBSC,activation__TMIN,activation__TMAJ,activation__PECM1,activation__PECM2,activation__PECM3,activation__LAT1,activation__LAT2,activation__LAT3,activation__CORB,activation__TRIlong,activation__TRIlat,activation__TRImed,activation__ANC,activation__SUP,activation__BIClong,activation__BICshort,activation__BRA,activation__BRD,activation__ECRL,activation__ECRB,activation__ECU,activation__FCR,activation__FCU,activation__PL,activation__PT,activation__PQ,activation__FDSL,activation__FDSR,activation__FDSM,activation__FDSI,activation__FDPL,activation__FDPR,activation__FDPM,activation__FDPI,activation__EDCL,activation__EDCR,activation__EDCM,activation__EDCI,activation__EDM,activation__EIP,activation__EPL,activation__EPB,activation__FPL,activation__APL,active_force_n__DELT1,active_force_n__DELT2,active_force_n__DELT3,active_force_n__SUPSP,active_force_n__INFSP,active_force_n__SUBSC,active_force_n__TMIN,active_force_n__TMAJ,active_force_n__PECM1,active_force_n__PECM2,active_force_n__PECM3,active_force_n__LAT1,active_force_n__LAT2,active_force_n__LAT3,active_force_n__CORB,active_force_n__TRIlong,active_force_n__TRIlat,active_force_n__TRImed,active_force_n__ANC,active_force_n__SUP,active_force_n__BIClong,active_force_n__BICshort,active_force_n__BRA,active_force_n__BRD,active_force_n__ECRL,active_force_n__ECRB,active_force_n__ECU,active_force_n__FCR,active_force_n__FCU,active_force_n__PL,active_force_n__PT,active_force_n__PQ,active_force_n__FDSL,active_force_n__FDSR,active_force_n__FDSM,active_force_n__FDSI,active_force_n__FDPL,active_force_n__FDPR,active_force_n__FDPM,active_force_n__FDPI,active_force_n__EDCL,active_force_n__EDCR,active_force_n__EDCM,active_force_n__EDCI,active_force_n__EDM,active_force_n__EIP,active_force_n__EPL,active_force_n__EPB,active_force_n__FPL,active_force_n__APL
sobol__0002997@@brachialis@@0.25,117.12393257,125.71245206,-53.40574635,77.4635658,-33.96572731,18.73399371,7.37898837,Brachialis,BRA,0.25,1,usable,Converged with independently replayed constrained generalized-force equilibrium and small reserve torques,501.339391,0.69674374726,3.6772231482e-08,3.87245790989e-12,2.06455652432e-05,11,0,0.362606929573,0.485087861983,0.0142790621094,0.0904381912942,0.239191145343,0.231759080515,0.0100055991987,0.0100109022721,0.0100074216542,0.378933466348,0.0373399111307,0.157871195862,0.120583595074,0.0203134498225,0.0100077560752,0.0100452370452,0.0921021322165,0.0901434195555,0.0178133754733,0.0100093778785,0.0100006784408,0.0100035168805,0.010009171941,0.0100050877291,0.0100069590208,0.0153356914917,0.0590884106868,0.0100041427579,0.0100218905811,0.010010441452,0.0147192918671,0.0187688862014,0.0100215429077,0.0100132132802,0.0100108537087,0.0100144224575,0.0100192297525,0.0100204598718,0.0100167506801,0.0100137575626,0.0101728690208,0.0304159904283,0.0209125857921,0.0104559798937,0.0165042872006,0.0101164556949,0.0100355305534,0.0100218200311,0.0100087718617,0.0100101639215,119.769816891,478.57329562,2.18261126702,40.1616909855,248.15034829,226.006722565,2.04236483743,1.16174338128,4.44234655478,247.483210418,17.9031017534,43.959799275,37.8094700832,3.73186472883,2.08142447886,0,64.0284002979,61.3338553186,4.39005244592,3.70053230071,5.00128812438,2.46797073502,2.82128340052,2.660972698,3.37451740351,3.68329227258,11.3917120571,3.98191107155,2.67890489986,0.973246452127,8.12072995274,5.22740826623,0.67097203675,1.61697577309,2.59069951171,1.62187528656,2.37238362061,1.73237285898,2.08269352972,1.97530136516,0.289765418546,3.16969746687,1.77577560208,0.491712809251,1.04363433236,0.392356842079,0.612249275328,0.414981988016,1.74236732563,1.10612801589
sobol__0003163@@supraspinatus@@0.00,10.16104194,88.95952238,-42.93211354,118.53290174,-59.51260231,-9.68641644,12.00789462,Supraspinatus,SUPSP,0,1,usable,Converged with independently replayed constrained generalized-force equilibrium and small reserve torques,314.861968,5.71943848756,9.45089787763e-07,2.36757584063e-12,0.000507182512669,26,3,0.0100011237099,0.602568944485,0.227119522695,0.0100452383022,0.15531378988,0.160856912861,0.010006163175,0.0100056074159,0.0100051548905,0.0100004722395,0.010000439836,0.0100050104554,0.0100035341978,0.0100022884455,0.0100012816534,0.101542241793,0.500230452524,0.499735989041,0.126125173115,0.999999793996,0.413501790806,0.14651131427,0.010000570265,0.0100000980646,0.999999182964,0.999999768727,0.0100001535725,0.356799249288,0.01000008536,0.0100012055936,0.0100000692708,0.0100004027201,0.010001258555,0.010000358484,0.092967049543,0.342416261712,0.0100005236792,0.0100011383403,0.0100051008015,0.680139367817,0.0100024939626,0.0100008313874,0.0388805961296,0.203391441049,0.01000098974,0.158990696708,0.322935311417,0.399439074854,0.010000954392,0.696253101772,9.98256721794,234.403280392,42.9257948862,0,152.60629788,209.71990875,2.53863906963,1.43937176452,4.44135555273,6.55562525892,4.9646308227,2.66668195856,2.88156443093,1.83468988894,1.6507024032,10.9855307695,358.858562028,358.149401147,35.7186440795,350.145625024,116.224934865,46.4145441051,9.0104037529,1.43524052998,245.00210296,251.93029102,1.256891176,129.277264985,2.6990629218,0.818900461463,5.53171863162,2.50136533904,0.377093535448,1.55319332133,24.0584058217,55.6146665793,2.36794994873,1.72911361205,2.08264778103,134.185743754,0.222130070082,0.888873449369,3.09360568689,9.75793107292,0.475894866413,6.35526489732,24.9891518045,18.3292970979,2.00891014677,80.3085533784
sobol__0001047@@biceps@@0.50,-22.05087212,86.07133878,-38.42771901,8.30585096,-55.56728981,15.71763629,36.88094149,Biceps,BIClong;BICshort,0.5,1,usable,Converged with independently replayed constrained generalized-force equilibrium and small reserve torques,297.054884,1.45555262568,4.63780693849e-08,1.6122334295e-12,9.65981651805e-05,29,1,0.348092903111,0.999999743583,0.487065877997,0.0100002475713,0.0100000990603,0.0243556980194,0.0100004031287,0.0100008779025,0.0100003508183,0.010000091831,0.0100000770345,0.0100011234011,0.0100004634464,0.0100003477576,0.0100003566902,0.116773225934,0.0100022397081,0.0100028764594,0.010045237508,0.154027292955,0.0100007061939,0.0100388476361,0.207599329543,0.0224329680093,0.0298339804602,0.0599124550254,0.0476570844849,0.0100012260811,0.0100020797726,0.0100034411639,0.0100057691444,0.0100067379253,0.0100065413796,0.0100030251339,0.010001872389,0.010002832629,0.0100028558303,0.0100035403149,0.0100028277668,0.0100028087509,0.0116768122525,0.052061538194,0.0378370599032,0.0183942142913,0.0265027799875,0.0131681604528,0.0101133031711,0.0100148593903,0.0100036438097,0.0100051192048,195.334711567,365.464658585,77.6826067632,4.29940745515,10.7243233999,31.2884296056,2.64597487331,1.41138306751,4.41804817661,6.34506107611,4.97234438087,2.5819729687,2.72390403515,1.79655992206,1.18979242887,88.0189623274,5.08817266858,3.9074932497,0,54.369651555,1.04845661388,0.00208161896996,242.487594092,5.31898708182,7.40772370045,9.6454440474,9.19289025163,4.07925946035,4.121565257,1.00415233717,1.95421312308,2.54807551493,0.718854765968,1.67442280982,2.52732787886,1.62409366343,2.32366157926,1.69325473682,2.00682338201,1.95959929962,0.324370988731,5.21320577284,3.07482039192,0.814050059919,1.67925201619,0.341785021671,0.520948667888,0.437871724693,2.01068645534,1.16744967961
sobol__0003903@@anterior_deltoid@@0.50,-53.99911431,107.11381925,16.68702708,116.37469862,-9.98135231,-2.47450238,-15.29679288,Anterior deltoid,DELT1,0.5,1,usable,Converged with independently replayed constrained generalized-force equilibrium and small reserve torques,301.484824,2.48168034047,2.44112241532e-08,7.74491581979e-13,0.000406415942771,19,1,0.804633887347,0.999994837985,0.0100002746474,0.421399812489,0.0100002648622,0.0100003438338,0.0100452378379,0.0100006176346,0.0100001198304,0.0100000451962,0.0100000594645,0.0100009810294,0.0100002026542,0.0100002113609,0.010000749479,0.713249868754,0.121395992068,0.121159372414,0.0300592289399,0.0100022382291,0.23270779921,0.0100003233435,0.0100021902447,0.0100186392546,0.0161333571404,0.0553170867003,0.0245570550652,0.0100045016528,0.0100037556027,0.0100093950731,0.201653822744,0.102203570305,0.0100176964859,0.0100097546569,0.0100124395525,0.0100192186839,0.0100119936356,0.0100154236799,0.0100156737446,0.0100175751995,0.0108958511793,0.0440417131431,0.0427771003417,0.0216370666348,0.0131704832113,0.0134820212423,0.0100570467413,0.0100305709848,0.0100077756258,0.010013537026,188.028809686,222.071784348,1.81061435055,101.420384254,3.07210626444,11.5334394129,0,1.39589135578,4.03171450946,5.03982695783,4.84806272728,2.49957181115,2.79665112864,1.8235583803,0.62566640292,128.379475292,87.0877632157,86.7485840578,8.51260035921,3.79204951779,122.19252442,2.31878092831,9.41437638579,0.730402772577,2.60702283538,13.9669324333,4.12084555065,3.77448851056,3.55198580145,0.9307911478,103.786654267,29.0966368525,0.54731385996,1.58821127134,2.58722380991,1.58861283855,2.36067878057,1.72977951399,2.11896843794,1.97051184643,0.329433169532,4.80259210179,4.02125213862,1.05582765718,0.794114054883,0.631755925092,0.800887635137,0.46138774376,1.65046347428,1.16844443375
sobol__0001047@@coracobrachialis@@0.50,-22.05087212,86.07133878,-38.42771901,8.30585096,-55.56728981,15.71763629,36.88094149,Coracobrachialis,CORB,0.5,1,usable,Converged with independently replayed constrained generalized-force equilibrium and small reserve torques,311.572546,1.45579060625,3.04483851465e-08,1.76925141204e-12,9.6710858136e-05,29,1,0.348356061695,0.999999744067,0.487642537191,0.0100002471976,0.0100000989021,0.025249948802,0.0100004025769,0.0100008770662,0.0100003504068,0.010000091716,0.0100000769363,0.0100011226329,0.0100004629964,0.0100003473792,0.0100007166741,0.117711808354,0.0100022423376,0.0100028797833,0.0100452378103,0.151809246596,0.0100003501168,0.0100340192519,0.207344382012,0.0228007512999,0.0298858574572,0.0599289353524,0.0477930580112,0.0100012342295,0.0100020919939,0.0100034604726,0.0100058699349,0.0100068218476,0.0100065768867,0.0100030434384,0.0100018802205,0.0100028439409,0.0100028666148,0.0100035535043,0.0100028386856,0.0100028189466,0.011655064436,0.0519499783157,0.0377623519725,0.0183656968039,0.0264472585465,0.0131468963826,0.0101124638785,0.0100148876242,0.0100036516398,0.0100051307558,195.48238474,365.464658693,77.7745786662,4.29940729504,10.7243232303,32.4372245467,2.64597472733,1.41138294947,4.41804799475,6.3450610026,4.97234433201,2.58197277035,2.72390391254,1.79655985408,0.594917628808,88.7264280243,5.08817400561,3.90749454756,0,53.5867097402,2.09683856618,0.00416123550445,242.189801155,5.40619063718,7.42060466416,9.64809724871,9.21911908451,4.07926278388,4.12157029182,1.00415427533,1.95423280691,2.54809688415,0.71885731669,1.67442587376,2.52732985761,1.62409550005,2.32366408437,1.69325696923,2.00682557248,1.95960129692,0.323766854521,5.20203467225,3.06874926749,0.812787996436,1.67573410218,0.341233103766,0.520905434768,0.437872959155,2.01068802916,1.16745102745
sobol__0003903@@infraspinatus@@0.50,-53.99911431,107.11381925,16.68702708,116.37469862,-9.98135231,-2.47450238,-15.29679288,Infraspinatus,INFSP,0.5,1,usable,Converged with independently replayed constrained generalized-force equilibrium and small reserve torques,355.152277,1.81869115734,2.44112241532e-08,1.33404398639e-12,0.000340177042547,10,0,0.567644311502,0.691844649197,0.0100034895937,0.312069443251,0.01000427298,0.0100066246927,0.0103230806546,0.0100105742026,0.0100012343709,0.0100004966464,0.0100006279253,0.0334506017123,0.0100024816182,0.0100023062025,0.0100074397091,0.877622929012,0.110155174392,0.109940811525,0.0274370768713,0.0100164219467,0.240277036609,0.0100032109265,0.0100177018326,0.0101745433286,0.0196843286009,0.0531784258046,0.0256112009228,0.0100341783757,0.0100291275512,0.0100707757495,0.208902452917,0.102676396037,0.0101334303917,0.010074566162,0.0100922918378,0.0101416085222,0.0100894139407,0.0101144212418,0.0101161978684,0.010129332896,0.0120986587335,0.0445092568907,0.0428486488134,0.0218509159657,0.0140068737949,0.0140706722289,0.010394070479,0.0102193710704,0.0100572550556,0.0100983379491,265.297014941,153.639968831,1.81119643735,75.1073016891,1.5366687841,11.5406831543,0,1.39728109867,4.03216385501,5.04005447987,4.848338319,8.36039793102,2.79728846244,1.82394037882,0.626084956775,157.965358378,79.0237600187,78.7162358141,7.77002200879,3.79742685018,126.167054835,2.31945047391,9.42897638079,0.741768863817,3.18083172119,13.4269449898,4.29773859647,3.78568491529,3.5609944982,0.936499044219,107.517360006,29.2312470092,0.553636947387,1.59849467653,2.60785771563,1.60801855017,2.37893333388,1.74687753798,2.14023584848,1.99249519674,0.365799736805,4.85357608378,4.02797803735,1.06626289972,0.844544210496,0.659339604271,0.827726343476,0.470072199075,1.65862352848,1.17833955536
sobol__0003872@@anterior_deltoid@@0.25,-59.62411431,46.17631925,2.62452708,14.81219862,5.01864769,24.86924762,-56.54679288,Anterior deltoid,DELT1,0.25,1,usable,Converged with independently replayed constrained generalized-force equilibrium and small reserve torques,454.4506,0.741275505719,2.27377831763e-06,1.2636225628e-12,0.000210331245657,22,0,0.0100251848841,0.270260748558,0.0765300765189,0.0100092324865,0.0100041239688,0.0610700810432,0.0138301553458,0.0149458049628,0.0100039835215,0.0100012594439,0.0100014104659,0.0279649561336,0.0100897242279,0.0100104972174,0.0100037686986,0.132372955912,0.0100083455335,0.0100099829948,0.0100452379971,0.0100452379971,0.189325455919,0.250256647835,0.0437052464669,0.0976792520609,0.0100452379971,0.345999529628,0.4908299804,0.0100009862342,0.247311873424,0.0100040425595,0.0100001866392,0.0100003976544,0.0100302498866,0.0100048332828,0.0100010834321,0.0100015362799,0.0100062680924,0.0100046683766,0.0100019190428,0.0100014821812,0.0748439924905,0.175160424519,0.124484374776,0.0100298959258,0.214398727285,0.0645639188572,0.056325030098,0.010004906594,0.0100038140846,0.0100021105603,0.281192965487,276.760700739,6.0237264792,4.65187323727,9.48292393659,75.0286768638,3.55813107584,1.38121693398,4.44080679117,6.52630301592,4.57419595446,4.57976395811,0.711833771792,1.60532145002,2.07735248128,101.352414979,5.65758423909,4.52203873971,0,0,11.4496232708,20.9249336028,51.3273908917,23.7664120639,0,84.9988666194,85.8521717587,2.10662497012,118.653362337,0.362480958586,4.44587588404,2.80879873358,0.619144432928,1.55234411689,2.21469979818,1.26936021413,2.26892097348,1.67222820241,2.12431400054,1.68235459985,2.85332406601,14.5452442145,10.7536423973,0.447224633735,14.6201134099,2.92794697075,4.77754695811,0.370592611577,0.662196852973,0.841912706401
sobol__0003872@@teres_minor@@0.50,-59.62411431,46.17631925,2.62452708,14.81219862,5.01864769,24.86924762,-56.54679288,Teres minor,TMIN,0.5,1,usable,Converged with independently replayed constrained generalized-force equilibrium and small reserve torques,411.512015,0.74191889704,2.27448754586e-06,6.60804744257e-13,0.000210337459515,22,0,0.0100106687249,0.269921033533,0.0775514453379,0.0100088957665,0.0100040524522,0.0611335232328,0.0101558751327,0.0156043692038,0.010003979073,0.0100012523887,0.0100014022085,0.0288177374782,0.0100949311074,0.0100105179723,0.0100037477043,0.134108713627,0.0100080290766,0.0100096206744,0.0100452376965,0.0100452376965,0.189183731513,0.250259745976,0.0458124790771,0.0983685821256,0.0100452376965,0.346228321341,0.490632181553,0.0100009868641,0.24745899882,0.0100040438579,0.0100001866879,0.0100003976405,0.0100303755937,0.0100048417505,0.0100010833622,0.0100015361968,0.0100062664597,0.0100046676761,0.0100019188738,0.0100014820978,0.0748039909627,0.175058487623,0.124399820724,0.0100298153802,0.214332379865,0.0645681595856,0.0563331835561,0.0100049066285,0.0100038139327,0.0100021105433,1.12314322816,276.412815351,6.10411901549,4.65171674346,9.4828561454,75.1066198344,1.30641825809,1.44207816446,4.44080481646,6.52629841184,4.5741921777,4.71942222342,0.712201118883,1.60532477827,2.07734812172,102.681411792,5.65740535108,4.52187506136,0,0,11.4410523772,20.9251926676,53.8021224317,23.9341334798,0,85.0550720034,85.8175743198,2.10662510319,118.723949012,0.362481005734,4.44587590596,2.80879872969,0.619152192603,1.55234543083,2.21469978277,1.26936020363,2.2689206033,1.67222808534,2.12431396466,1.68235458588,2.85179906296,14.5367794236,10.7463381553,0.447221042283,14.6155890979,2.92813928606,4.77823854269,0.370592612858,0.662196843032,0.84191270499
sobol__0002818@@supraspinatus@@0.25,84.07705757,31.76713956,78.43019115,88.1276283,61.65927269,-8.47303754,25.66023837,Supraspinatus,SUPSP,0.25,1,usable,Converged with independently replayed constrained generalized-force equilibrium and small reserve torques,827.540015,0.189171707137,1.95700501138e-07,2.81581143643e-13,2.1216997868e-05,11,0,0.0635913725476,0.0100018960259,0.0101664041846,0.0100113769149,0.0591662285126,0.0100029004132,0.0189899786999,0.0114366614014,0.111730238628,0.124999673541,0.0236990326114,0.0100261211547,0.0100296552167,0.0100217837305,0.0278268911019,0.0659667341547,0.055217711733,0.0540703499317,0.0114306049833,0.010045237665,0.0100011524789,0.0100035382966,0.0100041751444,0.0100021480559,0.276420256534,0.167773270394,0.0100025938639,0.0710330535239,0.0100010027451,0.0100213225568,0.112412953164,0.0452401253312,0.0100130486526,0.010006203027,0.0345524260136,0.0428837528607,0.0100079950426,0.0100163836712,0.0103075240646,0.062798125577,0.0100289203141,0.0100244374786,0.0170340877677,0.025130090827,0.0100134029822,0.0154884973744,0.0271647895161,0.038136561021,0.0100094344679,0.0648350239687,77.4534774609,10.6536597268,2.02512421202,1.206131397,40.5515960184,12.2801974991,5.00781197426,1.51626627826,44.6226410737,57.6653900792,2.50808813612,2.24730888767,1.6617311266,1.67203594597,4.43937782459,14.0851014444,38.956428025,37.3540242044,2.98224586496,0,5.23108272988,3.16480204185,11.0242834475,2.55741803557,88.8208199815,37.0718735421,1.18863265828,25.4249098401,3.59863356564,0.768802488374,55.6486937124,10.4083869287,0.46153025652,1.54032765143,8.58659797622,6.85315099861,2.33721613727,1.69750174879,2.051979243,12.0378752212,0.176408504897,0.737009176884,1.13398310455,1.04894442609,0.413045138197,0.527075876643,1.69348535365,1.74300377581,2.00960470777,7.34720083368
sobol__0002818@@infraspinatus@@0.50,84.07705757,31.76713956,78.43019115,88.1276283,61.65927269,-8.47303754,25.66023837,Infraspinatus,INFSP,0.5,1,usable,Converged with independently replayed constrained generalized-force equilibrium and small reserve torques,468.350198,0.201383435111,2.45316917002e-07,5.48911837473e-13,2.11164955991e-05,12,0,0.0685539274634,0.0100017754142,0.0297059646829,0.0100020393616,0.109256975102,0.0100049574747,0.031820048713,0.0100307308856,0.100079966565,0.133841669287,0.0259235172787,0.0100102898217,0.0100150598808,0.0100129882979,0.015575332616,0.085492877336,0.0525745320041,0.0514821930174,0.0110243440689,0.0100452375694,0.0100008797394,0.0100031362402,0.0100043653618,0.0100021958728,0.276832508055,0.166991295958,0.0100026052707,0.0715175134517,0.0100010091731,0.0100215804847,0.11278719576,0.0449243386505,0.0100131361189,0.0100062548081,0.0342905877958,0.0426124252239,0.0100080156733,0.0100163998541,0.010288858255,0.0624231415109,0.0100289766586,0.0100245125383,0.0169635299718,0.0250208770071,0.0100134474206,0.0154257471053,0.0270491561129,0.0379507132379,0.0100094623628,0.0645045889811,83.4978058016,10.6535312559,5.91735949395,4.82002578101,37.4415002216,12.282722879,8.39120588224,1.32986878372,39.9697743549,61.7444177923,2.74350717927,2.24376036717,1.65931294518,1.67056851463,2.48481894571,18.2542893177,37.0916488146,35.5660188343,2.87625235588,0,5.23094007407,3.16467484396,11.0244930613,2.55743026177,88.9532868353,36.8990852235,1.18863401507,25.5983129176,3.59863587156,0.768822275474,55.8339580552,10.3357339491,0.461534287532,1.54033562235,8.52152875309,6.80979077138,2.33722095513,1.69750449128,2.0482633308,11.9659939133,0.176409496036,0.737014695327,1.12928597283,1.04438577808,0.413046971386,0.524940475339,1.68627662864,1.73450973821,2.00961030822,7.3097554523
sobol__0001047@@coracobrachialis@@0.25,-22.05087212,86.07133878,-38.42771901,8.30585096,-55.56728981,15.71763629,36.88094149,Coracobrachialis,CORB,0.25,1,usable,Converged with independently replayed constrained generalized-force equilibrium and small reserve torques,318.660208,1.44965818099,5.00453154473e-08,2.40163444687e-12,9.59999238818e-05,29,1,0.345759995697,0.999999740927,0.484068946676,0.0100002490967,0.0100000997092,0.0249896025304,0.010000405614,0.0100008835198,0.0100003530508,0.0100000924677,0.0100000775792,0.0100011308441,0.0100004664715,0.0100003500094,0.0100014307422,0.116657766585,0.0100022564224,0.0100028975858,0.0100452376839,0.151741937756,0.0100003529211,0.0100340841387,0.205988696594,0.0224719973907,0.0299195155806,0.0598579979119,0.0477897626105,0.0100012338654,0.0100020891082,0.0100034609114,0.0100058595754,0.0100068243446,0.0100065740644,0.0100030420952,0.0100018815344,0.0100028460372,0.0100028678319,0.0100035552227,0.0100028402985,0.0100028211437,0.0116568583345,0.0519796718524,0.0377808646829,0.0183851860748,0.0264489528482,0.0131447978624,0.0101131359868,0.010014919468,0.0100036587477,0.0100051424382,194.0255846,365.464657699,77.2046232819,4.29940810971,10.7243240953,32.1027719695,2.64597553078,1.41138386026,4.41804916288,6.34506147999,4.97234465171,2.58197489024,2.72390485913,1.79656032659,0.297480053573,87.9319337178,5.0881811707,3.90750150192,0,53.5629505905,2.0968391552,0.00416126244712,240.606284984,5.32824117489,7.4289619158,9.63667686771,9.21848341288,4.07926263537,4.12156910254,1.00415431937,1.95423078498,2.54809752043,0.718857113933,1.67442564891,2.52733018962,1.62409584042,2.32366436713,1.69325726011,2.00682589608,1.95960172735,0.32381668738,5.2050080484,3.07025369903,0.813650509107,1.67584145553,0.341178635848,0.520940055878,0.437874351413,2.01068945781,1.1674523906
sobol__0002687@@brachialis@@0.00,-49.16512993,86.86479581,24.2309724,2.05340955,19.47177269,8.41172809,9.95711337,Brachialis,BRA,0,1,usable,Converged with independently replayed constrained generalized-force equilibrium and small reserve torques,320.657582,1.49445904719,1.40453406683e-07,1.59015432466e-12,4.19877127241e-05,25,0,0.0100086141482,0.989587943684,0.0100047658617,0.0100004369244,0.0100002268411,0.298528870758,0.20917521242,0.0100018232869,0.0100006143115,0.0100001805304,0.0100002259936,0.0100028141818,0.0100007590608,0.0100006686012,0.0100014474683,0.174587778727,0.46339742393,0.341834722377,0.0100452376541,0.0100452376541,0.0100452376541,0.0100452376541,0.0100452376541,0.0100028016625,0.0100154847967,0.0171359745452,0.0509242490039,0.0100017533925,0.010001153655,0.0100066643647,0.0100039617589,0.0264423893459,0.0100083438665,0.0100045459608,0.0100049417445,0.0100079152731,0.0100054107427,0.0100071940945,0.010006633667,0.0100079491466,0.017264850647,0.0790830114397,0.0620237940075,0.0348417444578,0.0309405507643,0.0138847086117,0.0165473693829,0.0105399818758,0.0100247735288,0.0168052684649,2.32066913146,567.892626684,1.15579536143,2.91732231119,5.11180189338,338.605696988,56.3292275038,1.32673087517,4.36470438007,6.19480742718,4.9721526818,2.17455038191,2.1210050443,1.75809891628,0.97473577633,133.810713854,210.536983418,114.56522148,0,0,0,0,0,2.32742413735,2.68048415685,3.46494460429,9.82159282706,4.06069143646,4.56461100978,1.01066305234,4.548594088,7.19680090145,0.748938737132,1.71006416608,2.57628680411,1.62622238794,2.36716433943,1.72661286034,2.04582750085,1.97404733455,0.556103630425,8.63499378959,5.78132611466,1.69971928316,2.17184021588,0.516883191508,1.00873507366,0.482527006273,1.97420633219,1.9607324271
sobol__0003163@@anterior_deltoid@@0.00,10.16104194,88.95952238,-42.93211354,118.53290174,-59.51260231,-9.68641644,12.00789462,Anterior deltoid,DELT1,0,1,usable,Converged with independently replayed constrained generalized-force equilibrium and small reserve torques,334.341685,5.67935052632,9.54794073138e-07,2.96296320812e-12,0.0004922148964,24,3,0.0100452377542,0.565589451023,0.173250001118,0.17566156756,0.165375778246,0.176953827099,0.010006485587,0.010004845782,0.0100108060746,0.0100005309578,0.0100004846417,0.0100039548297,0.0100029001161,0.010002185534,0.0100014290908,0.0858635514006,0.510059912901,0.509555647301,0.128603558876,0.999999784165,0.42157248266,0.158354185251,0.0100005592227,0.0100001007668,0.999999167034,0.999999762301,0.0100001568626,0.366704466519,0.0100000871094,0.010001238914,0.0100000714699,0.0100004151558,0.0100012849726,0.0100003667171,0.0945498597773,0.337994172023,0.0100005339063,0.0100011615211,0.0100052749118,0.668296704531,0.0100025465838,0.0100008524521,0.0413838395235,0.201482405884,0.010001009569,0.156890875634,0.316961058434,0.391782745121,0.0100009640745,0.681775034394,0,220.018014169,32.744406661,28.1942850225,162.49288165,230.706531736,2.53872086805,1.43926219853,4.44386415134,6.55566375056,4.96465306619,2.66640059773,2.88138178076,1.83467101221,1.65072673706,9.28930334073,365.910083979,365.186926566,36.4205228298,350.14562159,118.493403007,50.1663462114,9.01039380172,1.43524091659,245.002098887,251.930289406,1.25689159006,132.866172199,2.69906339578,0.818903190412,5.53171984788,2.50136844968,0.377094531986,1.55319460017,24.4680121408,54.8964382961,2.36795237033,1.72911761982,2.08268402372,131.849286469,0.222131238794,0.888875322044,3.29278082354,9.66634298463,0.475895810175,6.27132967903,24.5268563896,17.977966567,2.00891209168,78.6385965188
sobol__0001065@@subscapularis@@0.00,65.13662788,116.54008878,85.79103099,115.96210096,-3.06728981,-6.70423871,42.50594149,Subscapularis,SUBSC,0,1,usable,Converged with independently replayed constrained generalized-force equilibrium and small reserve torques,333.801135,1.48416839888,8.18103522704e-08,7.44184664678e-13,0.000124769516718,24,0,0.0324150156275,0.396467342808,0.448738295213,0.123906963975,0.0100452376444,0.0100452376444,0.942988014338,0.0100009810443,0.0100003509435,0.0100000948001,0.0100001234982,0.0100005434105,0.0100004511791,0.0100005055042,0.0100006199553,0.0100452376444,0.207817284976,0.207360151933,0.051253355458,0.0100022387608,0.254141012539,0.010000333481,0.0100012914648,0.0100062422908,0.01000560557,0.0722239593096,0.118019767121,0.0100028182076,0.0100452376444,0.0100452376444,0.14808784282,0.104464989005,0.0100452376444,0.0100040760576,0.0100011844794,0.0100017649391,0.0100017340513,0.010002160323,0.0100017361525,0.0100016138809,0.0156620609591,0.0726764536515,0.0594187477908,0.0296229523594,0.0350014615911,0.0168489444915,0.0100356124584,0.0100079378051,0.0100038524275,0.0100029518151,28.4000842616,153.551463004,84.0383113241,19.2349830301,0,0,238.226652589,1.42781288402,3.98516886073,6.33347032225,4.62682443226,2.71378292547,3.01246322744,1.8791238994,2.08026090712,0,149.085098229,148.42992786,14.5143708752,3.70771842157,92.4670902625,3.16068979643,9.48596945578,0.696879597564,2.83047634891,13.7693202919,14.6515742322,1.13724264885,0,0,75.3520586599,29.7055041751,0,0.678325334374,2.42121941027,1.56744738127,2.28113815131,1.65651732439,1.94946364737,1.88262672393,0.255331392609,4.71312144799,3.50838324948,1.11576144023,1.31787038235,0.469038841441,0.616171959593,0.45552615381,1.93245990046,1.10691336005
sobol__0003903@@coracobrachialis@@0.25,-53.99911431,107.11381925,16.68702708,116.37469862,-9.98135231,-2.47450238,-15.29679288,Coracobrachialis,CORB,0.25,1,usable,Converged with independently replayed constrained generalized-force equilibrium and small reserve torques,389.939609,1.82739852192,2.99722957564e-08,1.51345602717e-12,0.00034099952077,14,0,0.567163774351,0.693653296786,0.0100011589122,0.310591038664,0.0100007083965,0.0100022235092,0.0101105601874,0.0100035293342,0.0100004058909,0.0100001592521,0.0100002031306,0.0339672946503,0.0100008223217,0.0100007637652,0.0100093217565,0.88026552435,0.112077380442,0.111858982605,0.0277915371902,0.0100054363415,0.242526342939,0.0100010637341,0.0100058284113,0.0100576137839,0.0192669671047,0.0532402985891,0.0253736375172,0.0100114554578,0.010009692268,0.0100236974207,0.210984451748,0.103855281071,0.0100447247766,0.0100249508027,0.010031280113,0.0100481494112,0.0100301154392,0.0100386049886,0.0100393506647,0.0100439013038,0.0113589765571,0.0445633965512,0.0429309166688,0.0217474226558,0.0134803891365,0.0135901301623,0.0101353810559,0.0100742903774,0.0100191593407,0.0100330132024,265.072428867,154.041620422,1.81077445244,74.7514867577,3.07224252227,11.535607251,0,1.39629777234,4.03182983939,5.03988443977,4.84813237703,8.48953637272,2.79682442457,1.82365911233,0.156550675365,158.44100513,80.4027233809,80.0896221385,7.87040312782,3.79326198651,127.348142962,2.31895260317,9.41780074279,0.733244186963,3.11338940706,13.4425671611,4.25787379639,3.77711203531,3.55409370462,0.932121148131,108.588917641,29.5668672779,0.548790542599,1.59062238839,2.59209222847,1.59319999507,2.36495163159,1.73378319411,2.12397765127,1.97569033516,0.34343564248,4.85947982113,4.03571160946,1.0612127189,0.81279982729,0.63682181615,0.807125747147,0.463398755091,1.65234085496,1.17071704032
sobol__0002973@@pectoralis_major@@0.75,80.56143257,115.55620206,-13.56199635,51.0573158,78.53427269,5.06211871,-35.74601163,Pectoralis major,PECM1;PECM2;PECM3,0.75,1,usable,Converged with independently replayed constrained generalized-force equilibrium and small reserve torques,354.781658,2.14357144775,7.39151175821e-08,2.40810931917e-12,0.000159415481897,25,1,0.585560071596,0.535781293044,0.0100042448757,0.0100000968101,0.641250281832,0.0100000422266,0.999999042295,0.01000039179,0.0100001472362,0.0100000501843,0.0100000681915,0.0100001532032,0.0100001424238,0.0100001685188,0.0100002099057,0.0100009018728,0.056650612107,0.0553028159053,0.0100587641936,0.0100452380181,0.0100001578712,0.0100008131403,0.0100061743814,0.0100013863774,0.0100452380181,0.0517518060203,0.010001984485,0.0100032075503,0.0100009294028,0.0100085188671,0.286154768935,0.0534250465068,0.0100066365161,0.0100033990239,0.0100098376904,0.0100305187701,0.010005518337,0.0100083650165,0.0100108106034,0.0105357145964,0.0100339399697,0.0100186451099,0.0170123931609,0.020241742992,0.0100104180536,0.010047788444,0.0101812632403,0.0270730075603,0.0116821342613,0.0587396395851,521.980635879,390.272605345,1.85452376941,4.94903524474,670.346084479,13.0619089925,254.120995791,1.27876002115,3.29944409488,4.90621065542,3.72417639566,2.75511370673,3.06793926387,1.88072894943,2.08010493066,0.523231602141,37.8363374306,36.0570717138,0.496404401791,0,3.78340991851,0.488981496935,11.7581189401,2.75627539042,0,13.0513548726,1.92832203017,3.55925207471,4.79777398837,0.749484202853,152.993507151,10.1866201332,0.737734249229,1.70916868387,2.54709201609,1.53007843215,2.32874960875,1.71863063896,2.12500262246,2.05154079518,0.359900731631,1.0872564493,1.60557360625,0.972645568409,0.72179054524,0.47523843662,0.785628483653,1.23427096194,1.43037041619,6.57226387234
sobol__0002818@@anterior_deltoid@@0.25,84.07705757,31.76713956,78.43019115,88.1276283,61.65927269,-8.47303754,25.66023837,Anterior deltoid,DELT1,0.25,1,usable,Converged with independently replayed constrained generalized-force equilibrium and small reserve torques,505.613878,0.227899199251,1.85947099496e-07,2.02504679692e-13,2.14929205075e-05,9,0,0.142821096953,0.0260936173455,0.0100145375303,0.0100197624564,0.0786174735998,0.0100131634947,0.0100344453304,0.0100169270279,0.18645897355,0.124336109781,0.0196527836056,0.010009377074,0.0100111518665,0.0100088737167,0.0227641412575,0.012288116262,0.0624584993496,0.0611608526715,0.0128203570583,0.0100702434763,0.0100022339334,0.0100046202159,0.0100058114024,0.0100031610576,0.275302159453,0.169927219063,0.010003995433,0.0696718290537,0.0100015395564,0.0100321091738,0.111379831234,0.0461079088605,0.0100199459239,0.0100094443183,0.0352455776021,0.0436115906168,0.0100123572184,0.0100254139881,0.0105088081718,0.0638051407048,0.0100447407512,0.0100377138033,0.0172673242825,0.0254481781974,0.0100206784247,0.0157057909466,0.0274968139137,0.0386503031481,0.0100145683322,0.0657341710622,43.4885668079,27.7939822141,1.99487272555,4.82856661658,53.8831713442,12.2927971118,2.64616492074,1.32803867585,74.4676817451,57.3592719663,2.07987027133,2.24355577889,1.65866545831,1.66988203725,3.63168934316,2.62373704558,44.0648472762,42.2524354647,3.34483230588,0,5.23164838249,3.16514432676,11.026086552,2.55767704685,88.4615471102,37.5478189168,1.1887992098,24.9376858231,3.59882672407,0.769630001158,55.1372590054,10.6080377183,0.461848171269,1.54082660689,8.75885256721,6.9694650266,2.33823485749,1.69903213926,2.09205005015,12.2309115946,0.176686785995,0.737985268637,1.14950998608,1.06222157549,0.413345244459,0.534470409228,1.71418415022,1.76648398591,2.01063543909,7.44909351215
sobol__0003935@@triceps@@0.25,-58.21786431,122.34819425,74.10890208,97.07782362,71.26864769,13.11143512,-33.10929288,Triceps,TRIlong;TRIlat;TRImed,0.25,0,reserve_too_high,The posture requires more reserve torque than the quality limit permits,227.510652,81.4980326738,2.09894324144e-08,9.24188356066e-07,0.121569051856,32,10,,,,,,,,,,,,,,,,,,,,,,,,,,,,,,,,,,,,,,,,,,,,,,,,,,,,,,,,,,,,,,,,,,,,,,,,,,,,,,,,,,,,,,,,,,,,,,,,,,,,
sobol__0000234@@posterior_deltoid@@0.00,111.98233101,59.98247159,63.89161693,97.49042127,72.94833519,3.01988238,-22.35733976,Posterior deltoid,DELT3,0,1,usable,Converged with independently replayed constrained generalized-force equilibrium and small reserve torques,322.88057,1.30602264443,6.38895762961e-08,5.18696197105e-13,0.000115708315649,21,0,0.238579813386,0.0100001134245,0.0100452372523,0.0100001313521,0.0100004330994,0.0100000509177,0.636635198384,0.263254534742,0.698805954119,0.0100002303588,0.0100004298584,0.0377653227976,0.0100016920528,0.0100007216624,0.01002116317,0.50967928702,0.0100118988013,0.0100120716864,0.0100284566796,0.0100452372523,0.0100001462161,0.0100008750967,0.0509118280051,0.0100040728427,0.0100159714117,0.0388436695951,0.0313092316791,0.0100023606906,0.010004882859,0.0100065392141,0.102597653664,0.025389673191,0.0100136515423,0.010007050043,0.0100058023301,0.0100088847717,0.0100087786238,0.0100105078079,0.0100086577004,0.0100089753543,0.0133128998222,0.0504464353829,0.0419844714675,0.0202161579991,0.0176995238435,0.0127861635089,0.0100777325289,0.0100248218427,0.0100086452266,0.0100113626562,267.881644421,10.5151144281,0,4.98892947417,7.79981248295,12.7931577358,171.350786546,36.4751474,202.809480403,4.79215374247,1.87869914624,9.68854209351,2.68728146478,1.76762185386,1.52049732516,72.0246443544,7.14676761891,7.00821037415,2.70335015029,0,5.23293770797,3.13671077659,54.8365248194,2.4715310665,3.06227076003,9.80755861872,5.48829154497,4.00562323207,4.44038288724,1.00484311485,42.4289217402,5.11079775487,0.705592865046,1.65621907773,2.58735492367,1.60428210418,2.36476481306,1.7297884348,2.11049097411,1.97269061176,0.4211709686,5.50836008991,3.95488882124,0.986481940021,1.12750518281,0.60371844106,0.738642606286,0.460332399768,1.49145554128,1.16193012923
sobol__0003163@@middle_deltoid@@0.75,10.16104194,88.95952238,-42.93211354,118.53290174,-59.51260231,-9.68641644,12.00789462,Middle deltoid,DELT2,0.75,1,usable,Converged with independently replayed constrained generalized-force equilibrium and small reserve torques,330.982145,5.87548643535,9.4400711248e-07,3.14770431942e-12,0.000532334196256,26,3,0.0100014072204,0.580115688156,0.253712350226,0.243572889318,0.205908346668,0.241085213136,0.0100047947351,0.0100039056305,0.0100065366135,0.0100003816894,0.0100003500117,0.0100032655599,0.0100023484283,0.0100016789576,0.0100010357895,0.092555979671,0.486201478807,0.485720776236,0.122588405715,0.999999808722,0.448461682368,0.0833608561803,0.0100005867883,0.0100000937578,0.999999207858,0.999999778909,0.0100001482979,0.340014784691,0.0100000825279,0.0100011528726,0.0100000658128,0.0100003833855,0.010001216065,0.0100003453105,0.0903505302733,0.349931548471,0.0100005072144,0.0100011011375,0.0100048318981,0.700174125533,0.0100024097886,0.0100007981021,0.0347304031361,0.206664560177,0.0100009579179,0.162574221456,0.333047222458,0.412383166851,0.0100009381703,0.720691962226,9.98285020789,169.251611929,47.9518633067,39.0942854923,202.318870136,314.318906168,2.53829188603,1.43912695161,4.44196890883,6.55556590041,4.96458623031,2.66621688355,2.88122286473,1.83457809249,1.65066182355,10.0133357572,348.794365997,348.105017346,34.7170316906,350.145630176,126.051279407,26.4085825391,9.01041864037,1.43523991206,245.002109074,251.930293585,1.25689051299,123.195834933,2.69906215757,0.818896144665,5.5317167188,2.5013605029,0.377091933398,1.55319127531,23.3812919116,56.8352866669,2.36794605015,1.72910718,2.08259180648,138.138431971,0.222128200786,0.888870490955,2.76338799668,9.91496261106,0.475893352158,6.49850754925,25.7716245509,18.9232703038,2.00890688828,83.1274270382
sobol__0002997@@middle_deltoid@@0.25,117.12393257,125.71245206,-53.40574635,77.4635658,-33.96572731,18.73399371,7.37898837,Middle deltoid,DELT2,0.25,1,usable,Converged with independently replayed constrained generalized-force equilibrium and small reserve torques,460.649432,1.4075848224,7.23994162399e-08,7.97875431672e-12,5.51643507117e-05,13,0,0.897526388626,0.396031288479,0.0247702689509,0.0100179855284,0.0653239434706,0.273430083526,0.0100021880299,0.0100041630941,0.0100018753969,0.316729677057,0.0100012343967,0.366778149718,0.309048608571,0.0821439986862,0.0100019031706,0.0100452377698,0.0984764239408,0.0963820189642,0.0190349071608,0.0100090229645,0.0100003641266,0.0100015764963,0.0100025305496,0.010004752679,0.0100067066058,0.0153328238194,0.0590981201032,0.0100041115477,0.0100203215625,0.0100103815711,0.0144527952556,0.0196915954864,0.0100212298214,0.0100130265455,0.0100110387851,0.0100146392566,0.0100194766224,0.0100207037333,0.0100169989899,0.0100139446566,0.0101714403226,0.0304054236083,0.020936831178,0.0104641700678,0.0164629599972,0.0101158845353,0.0100355791407,0.0100219541742,0.0100088381844,0.0100102497715,296.454818834,97.678180488,3.78623383624,4.44877582535,67.7707333111,266.643433628,2.04166853627,1.16096131412,4.4398845423,206.857626111,4.79522075989,102.130687943,96.9034312874,15.0910009919,2.08020718509,0,68.4597385557,65.5786172256,4.69109523134,3.70040108663,5.0011309374,2.46749202419,11.2776455712,2.66088358743,3.37443228485,3.68260352171,11.393583945,3.98189864925,2.67848549357,0.973240630375,7.97370202248,5.48439624567,0.670951074742,1.61694561843,2.59074740745,1.621910398,2.37244207522,1.73241501863,2.0827451586,1.97533827109,0.28972472337,3.1685962827,1.77783438002,0.492097968179,1.04102104255,0.392334690281,0.612252239572,0.414987542545,1.74237887095,1.1061375022
sobol__0001720@@teres_major@@0.25,-30.31259087,4.18657316,52.24610911,0.30780409,-59.16103981,2.8318941,8.87312899,Teres major,TMAJ,0.25,1,usable,Converged with independently replayed constrained generalized-force equilibrium and small reserve torques,573.885068,0.734882968346,9.60386674409e-07,9.45021838561e-13,3.4207313938e-05,11,0,0.0877876651018,0.0100060937623,0.0100032659041,0.346220133906,0.0100006000663,0.0783155869154,0.0100037318831,0.0216176131951,0.0774065463574,0.0246399958428,0.0100026797282,0.150450466547,0.0539552014346,0.0817405243941,0.0742715095322,0.260409642705,0.549148440071,0.400255691143,0.0100655155319,0.0100049378123,0.0980399960375,0.010002747828,0.0100009004219,0.0100039961808,0.0326778693818,0.0100217223787,0.0494503744572,0.0100056462975,0.0100020611311,0.0100280651344,0.0100513335258,0.0434842926703,0.0100310872264,0.0100143423335,0.0165201303024,0.0132364365266,0.0100328794566,0.0100502011619,0.0101007528831,0.0116197853701,0.0137885948786,0.061136663886,0.0483665047449,0.0281722264165,0.0233675659397,0.0101355055752,0.0111047867844,0.0133174070593,0.0136489451581,0.0311808178871,69.2596509857,10.9581083555,1.99689222627,172.361251592,7.25381376085,96.6726533282,2.69116798957,0.670519270554,32.7094505951,14.3256126778,2.50339115717,27.8271179025,4.88764327824,12.46256184,13.7098903594,197.361010877,241.584046441,128.340275879,0,3.50573020619,31.4491811329,2.51396064007,11.5076277984,2.31006784444,9.86278850608,2.20345529738,9.53882490913,3.5817202783,4.78003606153,0.935453386483,1.60334626235,10.8936183924,0.752783703461,1.71253445633,4.27523125252,2.14513411286,2.37565473509,1.73759536615,2.10797706829,2.29238114882,0.444341034232,6.67605855549,4.54994572999,1.37479540878,1.62915997726,0.392922191992,0.797853671488,0.612537071864,2.72624315705,3.63856997487
sobol__0002818@@supraspinatus@@0.50,84.07705757,31.76713956,78.43019115,88.1276283,61.65927269,-8.47303754,25.66023837,Supraspinatus,SUPSP,0.5,1,usable,Converged with independently replayed constrained generalized-force equilibrium and small reserve torques,561.025883,0.189774240127,1.86849213435e-07,5.06327360508e-13,2.12135669004e-05,12,0,0.0630741386969,0.0100018766968,0.0101844648491,0.0100064224608,0.060532818146,0.0100028819409,0.0192758850375,0.0115063915086,0.112397066494,0.126049126005,0.0239086329546,0.0100259788426,0.0100295979382,0.0100217343898,0.0279865289647,0.0665704959119,0.0551360283602,0.0539905112735,0.0114170666481,0.0100452376905,0.0100011485371,0.0100035540584,0.0100041807694,0.010002149501,0.27643299639,0.167749109616,0.0100025942156,0.0710480245576,0.0100010029425,0.0100213304593,0.112424536855,0.0452304034128,0.0100130513421,0.0100062046156,0.0345443516746,0.042875412192,0.0100079956842,0.0100163841942,0.0103069665537,0.0627865305452,0.0100289220359,0.010024439813,0.0170319713604,0.0251268103996,0.0100134043422,0.0154866643331,0.0271612899734,0.0381306530409,0.0100094353303,0.0648247974083,76.8234932542,10.6536391382,2.02872185457,2.41106900764,41.4882349093,12.2801748215,5.08320780283,1.52551105753,44.8889576992,58.1495280073,2.53027031095,2.24727698928,1.66172163703,1.67202771402,4.46484573432,14.2140155939,38.8987999145,37.2988683724,2.97871371222,0,5.23108066801,3.16480702833,11.0242896458,2.55741840497,88.8249136116,37.0665348908,1.18863269992,25.4302684365,3.59863364084,0.768803095429,55.6544280753,10.4061502061,0.46153038117,1.54032789616,8.58459142886,6.85181809652,2.33721628726,1.69750183753,2.05186825618,12.0356525514,0.176408535251,0.737009348813,1.13384221279,1.04880749955,0.413045194379,0.527013498223,1.69326718842,1.74273375588,2.00960488097,7.34604194505
sobol__0003935@@teres_major@@0.00,-58.21786431,122.34819425,74.10890208,97.07782362,71.26864769,13.11143512,-33.10929288,Teres major,TMAJ,0,1,usable,Converged with independently replayed constrained generalized-force equilibrium and small reserve torques,311.763107,3.1143819612,2.09894324144e-08,1.69450721574e-07,0.00193460868268,27,1,0.557342362967,0.0100000929222,0.0100000238418,0.0100000116525,0.01,0.0100000819854,0.010000015586,0.0100452658071,0.01,0.0100000034105,0.0100000400438,0.0100001178365,0.384579869955,0.999999671001,0.0100012242429,0.0100000384664,0.603340912632,0.591554390694,0.126935544929,0.0100452658071,0.412282375792,0.0100005566441,0.0100004029918,0.0100001797339,0.0100005166132,0.0100110105669,0.0100012557534,0.0100005035633,0.010000480038,0.010001567284,0.791806275677,0.308621590165,0.0100022704691,0.0100011444616,0.0100059399501,0.0100272079434,0.0100048392701,0.0100067691831,0.0100096661167,0.028872811616,0.0199855844483,0.0495369961727,0.0608849158757,0.0440744406452,0.0100073460414,0.0100259410887,0.0100270849783,0.0287640057254,0.0369588210352,0.069987955961,382.59262416,1.37029593959,1.53023380385,3.38435991788,10.6704185478,12.2771268297,2.32020421264,0,4.23495712427,3.70610155109,3.23963525786,2.63235041343,114.416780142,187.974251557,0.0875526954291,1.16263624625,430.492901767,413.837267723,34.1692469848,0,213.935497388,0.373681305025,10.7831493363,2.47180942995,3.09170300243,2.52765439129,1.92907096913,4.07836513606,4.38424647938,1.01011772943,334.365161541,63.2935078574,0.711616646647,1.6691736398,2.56078801317,1.53460057214,2.35671216793,1.72613410455,2.12282430117,5.62074506033,0.742690675388,5.36139295192,5.74736421309,2.13584902171,0.718717287701,0.474213855423,0.738214852172,1.23871459934,4.41799368942,7.31758883839
sobol__0002818@@teres_minor@@0.75,84.07705757,31.76713956,78.43019115,88.1276283,61.65927269,-8.47303754,25.66023837,Teres minor,TMIN,0.75,1,usable,Converged with independently replayed constrained generalized-force equilibrium and small reserve torques,569.812325,0.191177900434,1.81434353763e-07,4.68958205602e-13,2.1205401437e-05,12,0,0.0615130266164,0.0100018268888,0.0102538417218,0.0100033397057,0.0639273552607,0.0100028320119,0.0150749308611,0.0117275585923,0.114148144646,0.128811604627,0.0244611755572,0.0100256911009,0.0100295198769,0.010021647644,0.0284267751902,0.0681597437183,0.0549213697812,0.0537798823378,0.0113821456399,0.0100452377222,0.0100011386225,0.0100035972834,0.0100041956479,0.0100021533132,0.276466515945,0.16768560672,0.0100025951382,0.0710874384162,0.0100010034611,0.0100213510928,0.112455106294,0.0452046410795,0.0100130583788,0.0100062087769,0.0345232031078,0.0428532309997,0.0100079973271,0.010016385421,0.010305046573,0.0627561711065,0.0100289265819,0.010024446379,0.0170257963334,0.0251179904057,0.0100134079249,0.0154812870646,0.0271514507688,0.0381155420728,0.0100094375685,0.0647979505831,74.92207873,10.6535860855,2.0425415674,4.82065242265,43.8147968664,12.2801135262,2.98153649133,1.55483326767,45.5883004482,59.4239266073,2.58874635102,2.24721249233,1.66170870193,1.67201324116,4.53508064829,14.5533490191,38.747356994,37.1533572297,2.96960281789,0,5.23107548237,3.16482070334,11.0243060418,2.55741937981,88.8356842993,37.0525030165,1.18863280927,25.4443758597,3.59863382393,0.768804677272,55.6695611176,10.4002230734,0.46153070471,1.54032853652,8.57933581313,6.84827337207,2.33721667073,1.69750204531,2.05148603418,12.0298328999,0.176408615094,0.737009831098,1.13343113203,1.04843934752,0.413045341974,0.526830508704,1.69265380032,1.74204312002,2.00960533025,7.34299962249
sobol__0003903@@coracobrachialis@@0.75,-53.99911431,107.11381925,16.68702708,116.37469862,-9.98135231,-2.47450238,-15.29679288,Coracobrachialis,CORB,0.75,1,usable,Converged with independently replayed constrained generalized-force equilibrium and small reserve torques,407.051,1.83175271862,2.96699815827e-08,1.71240799318e-12,0.000341407322483,17,0,0.567728871288,0.694503067764,0.0100004646401,0.310796904994,0.0100002816641,0.010000897446,0.0100452375439,0.0100014272964,0.0100001588817,0.0100000587261,0.010000076544,0.0340085595589,0.0100003279687,0.010000304194,0.0100013276646,0.881356334055,0.112334157637,0.112115207514,0.0278196473986,0.0100022002837,0.242919980278,0.0100004259291,0.0100023584931,0.0100234119199,0.0191843142326,0.0532526170828,0.0253409282448,0.0100046502204,0.0100039309433,0.0100096265852,0.211364409195,0.104049251962,0.0100181867471,0.0100101363846,0.0100127295209,0.0100196145896,0.0100122464544,0.010015706643,0.0100160174838,0.0100178768989,0.0110003469534,0.0445832800936,0.0429500002385,0.0217112623866,0.0133040376284,0.0134218361101,0.0100555284303,0.0100302820311,0.0100077803363,0.0100134179241,265.336535428,154.230331443,1.81064875008,74.8010336291,3.07211142882,11.5340778969,0,1.39600436886,4.03173025328,5.03983377613,4.84807100719,8.49984982152,2.79668617421,1.82357530863,0.469276931533,158.637342403,80.5869316995,80.2730759446,7.87836377681,3.79203513201,127.554837969,2.31880471483,9.41453474673,0.730750721138,3.10003335659,13.44567744,4.25238495198,3.77454456217,3.5520480597,0.930812676578,108.784473132,29.6220894248,0.547340645448,1.58827183873,2.58729873798,1.58867561188,2.36073839143,1.72982838497,2.11904116123,1.97057119234,0.332592571597,4.86164805071,4.03750555642,1.05944820003,0.80216671626,0.628935701568,0.800766725294,0.46137445242,1.65046425078,1.16843053618
sobol__0001218@@biceps@@0.75,81.30850288,1.26665128,74.65821849,32.17303846,48.80771019,-1.91908246,38.28719149,Biceps,BIClong;BICshort,0.75,1,usable,Converged with independently replayed constrained generalized-force equilibrium and small reserve torques,399.804482,0.215034536936,2.27091458971e-07,6.67910171614e-13,0.000356078683668,21,0,0.010000656708,0.010000702798,0.0885009624355,0.0106346824662,0.0100011336365,0.0100007858375,0.0968618359882,0.177501364187,0.0100032761121,0.0100026097486,0.0100016171862,0.183239858729,0.08513236629,0.12133548222,0.0240348571414,0.165106060884,0.0100036470788,0.0100038765563,0.0100644199276,0.0100644199276,0.15174193924,0.0225271933653,0.15916722537,0.0903168192955,0.0435560618354,0.0485546001824,0.0929634640988,0.0100021950644,0.0100063578341,0.0100061479327,0.0715212113359,0.0100962166599,0.0100115008092,0.0100052510493,0.0100026796219,0.0100039282595,0.0100040460629,0.0100049741566,0.0100039589175,0.0100036509341,0.0110549924567,0.0473049749491,0.0359022740634,0.0162087294133,0.0267796878762,0.0111187791733,0.0100605218598,0.0100146875708,0.0100053353344,0.010005389118,8.3264293776,10.9906903313,17.8221533409,5.30728422476,5.92208130439,12.4176114843,26.092245555,21.6657458698,4.2192164282,5.81666032851,2.89734935904,32.4878579925,7.16420082346,18.2466882212,4.30719849145,94.0180858065,6.42941337178,6.02722855326,0,0,37.9417575847,3.83953645436,187.398637175,23.6996923209,12.8471976824,8.67762992354,15.1043089536,3.87761767397,4.22195176345,0.920864281366,39.8496680431,2.55316216796,0.673038634709,1.5960905647,2.42027178264,1.56548658823,2.2783830403,1.65583002856,1.9461775395,1.88132306525,0.209841588887,3.58063977479,2.36896529972,0.637645313314,1.29458874296,0.306457209331,0.546277485443,0.460346187127,1.95815462177,1.12839937704
sobol__0000261@@coracobrachialis@@0.75,106.00576851,72.42387784,54.80958568,105.36151502,63.88583519,-0.19300824,-11.81046476,Coracobrachialis,CORB,0.75,1,usable,Converged with independently replayed constrained generalized-force equilibrium and small reserve torques,322.713673,0.724612947986,6.18157438292e-08,2.05346850635e-12,7.97846441237e-05,18,0,0.266352718231,0.0100001888938,0.0101602929522,0.0100001797372,0.0100009620986,0.0100000797727,0.710442197786,0.170300733409,0.243299459003,0.0100007432915,0.0100010348258,0.0371016474899,0.0100035087718,0.0100018312188,0.132456340639,0.152530161561,0.0362355125044,0.0357533238931,0.0102855146963,0.0100617711797,0.0100001961143,0.0100035484312,0.0100082710552,0.0100049398366,0.0100113885755,0.0482300296677,0.0551202587457,0.0100027726113,0.0100057866052,0.0100078511754,0.0483606812032,0.0260156438469,0.0100172760811,0.0100086849643,0.0100067243745,0.0100100612896,0.0100103115369,0.0100124285913,0.010010093411,0.0100100079288,0.0132576723637,0.0554022712827,0.0100617711797,0.0208838151082,0.0214387109064,0.0145204503349,0.0101139572004,0.0100276620719,0.0100090690534,0.0100118674345,262.569115604,10.2140652088,1.91274449166,4.98156954612,8.99844399735,12.8212904729,191.370855325,24.3540660318,85.269747315,5.76298704602,3.05811892478,9.73992868996,2.85130183276,1.80857876628,17.6488813533,7.71264220709,25.9825597957,25.2951336296,2.84829196697,0,5.06497228661,3.12616940895,10.5130975731,1.99636857008,2.89057456604,12.1523709374,8.78642536942,3.84221855772,4.217235277,0.954147475757,17.5128003804,5.82913531906,0.667293561483,1.61032960746,2.58963256496,1.62405241486,2.36987349121,1.73105563353,2.09053890009,1.97486924686,0.38082144214,5.99102467989,0,1.01906358621,1.24179625,0.665373927098,0.719787844009,0.461229797004,1.71180117919,1.16822495292
sobol__0000317@@latissimus_dorsi@@0.50,80.69326851,115.08012784,89.96583568,78.95526502,-63.61416481,-9.48988324,-21.18546476,Latissimus dorsi,LAT1;LAT2;LAT3,0.5,1,usable,Converged with independently replayed constrained generalized-force equilibrium and small reserve torques,323.853437,2.92117156788,5.75661804447e-07,3.49907630721e-12,0.000110826112079,27,0,0.0100003947373,0.01000982578,0.434183479843,0.010000743379,0.426688232176,0.0100004389292,0.424528089404,0.0100027658375,0.0100003075825,0.0100001913973,0.0100002618182,0.010003005852,0.0100035455743,0.0100036322094,0.0100014086321,0.01004523782,0.602562985896,0.589778271372,0.116708767767,0.664535295618,0.369585492436,0.010000716039,0.0100004223607,0.0100002333688,0.665349026654,0.520300446932,0.0100004792003,0.419391629683,0.0100002033628,0.010013580626,0.0100003462618,0.01000197573,0.0100027498798,0.0100015750198,0.179154008313,0.169402138242,0.0100039135662,0.0100231859483,0.108539705844,0.249389558758,0.0100053270596,0.0100011879681,0.0100054310387,0.0122470091657,0.0100023868035,0.0100382157275,0.0100061134906,0.0803560651156,0.0326693301828,0.18086307823,4.97559891309,5.78110521771,82.9428680543,2.23535500236,458.889270711,11.3617614361,112.650428559,1.42303771686,3.93833442666,6.34223053933,4.62278551294,1.35914779549,1.5120734815,0.940176365132,2.06780333056,0,419.770272864,402.146500899,29.1490005504,230.681644672,171.738248243,3.15443561313,11.2409473309,2.69920282939,210.176874434,127.392387102,1.53225500278,171.066566267,4.78744732515,1.00942319217,4.71633854349,2.45746451916,0.750644567756,1.71196989952,44.2020075808,24.7758643334,2.23016622497,1.68664228057,23.052559401,47.6724708115,0.294425809257,1.08879527013,0.944337896889,0.595137049309,0.609616867148,0.474665652311,0.848624382961,3.69624077387,4.92258694558,21.104742547
sobol__0002818@@brachialis@@0.75,84.07705757,31.76713956,78.43019115,88.1276283,61.65927269,-8.47303754,25.66023837,Brachialis,BRA,0.75,1,usable,Converged with independently replayed constrained generalized-force equilibrium and small reserve torques,510.134865,0.190522148922,1.80202295752e-07,6.11066752754e-13,2.11331159924e-05,12,0,0.061972426955,0.0100018371188,0.0102362507662,0.0100033609737,0.0633332510865,0.0100028429475,0.019874127101,0.0116654834044,0.113813991955,0.128264270944,0.0243508714914,0.0100257054903,0.0100294948449,0.010021639755,0.0283311985583,0.0672562677572,0.0530467418109,0.051944522214,0.0110917580628,0.0100452373549,0.0100011532156,0.0100036642284,0.0100055981635,0.0100021871704,0.276758888216,0.167130982354,0.0100026032234,0.0714309594533,0.0100010080179,0.0100215338322,0.112721081961,0.0449808324798,0.0100131203796,0.0100062454814,0.0343373324033,0.0426609599796,0.0100080119675,0.0100163969159,0.0102919203103,0.0624903829458,0.0100289665228,0.010024499138,0.0169760441647,0.0250402371704,0.0100134394443,0.0154369400766,0.0270697971044,0.0379838679918,0.0100094573645,0.0645635990031,75.4816224601,10.6535969811,2.03903748959,4.82066267142,43.407607295,12.2801269507,5.24096910508,1.54660337355,45.4548470893,59.1714282701,2.57707278117,2.24721571838,1.66170455592,1.67201192508,4.51983278159,14.3604404003,37.424795676,35.8854148809,2.89384067294,0,5.23108311524,3.16484188269,8.26938867714,2.55742803667,88.9296309045,36.9299509338,1.1886337701,25.567332583,3.59863546478,0.768818696687,55.8012292054,10.3487314725,0.461533562727,1.54033418675,8.53314522123,6.81754699575,2.33722008982,1.69750399341,2.04887291214,11.9788835336,0.176409317673,0.737013710092,1.13011906052,1.04519388291,0.413046642158,0.525321374147,1.68756341368,1.73602505195,2.00960930475,7.31644255484
sobol__0000261@@posterior_deltoid@@0.75,106.00576851,72.42387784,54.80958568,105.36151502,63.88583519,-0.19300824,-11.81046476,Posterior deltoid,DELT3,0.75,1,usable,Converged with independently replayed constrained generalized-force equilibrium and small reserve torques,332.72071,0.711420255002,1.20475229515e-08,9.52127265919e-13,7.78121144261e-05,25,0,0.269072128966,0.0100001391597,0.0100878089431,0.0100001317275,0.0100007373708,0.0100000570448,0.698714743687,0.163370708915,0.230472323001,0.0100005471808,0.0100007644658,0.0315801427048,0.0100025486275,0.0100013532755,0.17102690472,0.148987092653,0.0363622881039,0.0358779813295,0.0102185014225,0.0100452382077,0.010000143689,0.0100025439651,0.0100060258558,0.0100036030745,0.0100083079519,0.0482321635874,0.0551177742005,0.0100020237893,0.0100042254921,0.0100057360466,0.0483506310935,0.0260245935031,0.0100126253187,0.010006344898,0.0100049136666,0.0100073537014,0.0100075366403,0.0100090847216,0.0100073771923,0.0100073148177,0.0132102994116,0.0554048899644,0.0100452382077,0.0208709788674,0.0214255476177,0.0144852525998,0.010083774602,0.0100202287607,0.0100066281286,0.0100086743289,265.249896698,10.214014411,1.42432416161,4.98154563059,8.99824179713,12.8212613315,188.211846853,23.363029347,80.7741900528,5.76287403472,3.05803625004,8.29042262978,2.85102816244,1.80849234219,30.384185809,7.53348800728,26.0734638387,25.3833275683,2.82973447328,0,5.0649457341,3.12585550738,10.5107391259,1.99610183836,2.88968510171,12.1529086154,8.78602931541,3.84193092389,4.21657730297,0.953945819724,17.5091609749,5.83114060544,0.666983754613,1.60995310684,2.58916397324,1.62361313031,2.36921655321,1.73047750961,2.08997163663,1.97433792438,0.379460672579,5.99130785563,0,1.01843721859,1.24103379145,0.663761053348,0.71763981591,0.460887896311,1.71138371974,1.16785236852
sobol__0001262@@infraspinatus@@0.25,44.74600288,60.17290128,-58.93553151,17.95428846,-63.69228981,12.84654254,-53.58780851,Infraspinatus,INFSP,0.25,1,usable,Converged with independently replayed constrained generalized-force equilibrium and small reserve torques,277.674654,4.71708424207,1.93386640035e-08,3.11928260999e-12,0.000373571739676,14,2,0.0100000377967,0.598004649666,0.0100000593849,0.010000032995,0.968550147147,0.0100000114299,0.999999760473,0.0100000782168,0.999999740457,0.0100000931329,0.0100000591528,0.0100000423068,0.0100000322311,0.0100000424175,0.862562895539,0.0100000220757,0.173669887975,0.141863142115,0.0100452385048,0.0100006313663,0.495214519906,0.0100004948876,0.010002574101,0.160535281319,0.0100452385048,0.216081723725,0.0385166934505,0.20056971957,0.0117489666794,0.0298209786601,0.416404067787,0.231070858217,0.0371376711739,0.112527296352,0.0882774431693,0.0506183568721,0.0248172559088,0.0284821724012,0.0549985985054,0.0392649591853,0.0139989340772,0.0397090900388,0.0540037400871,0.0344354073096,0.0195299585484,0.0181984876229,0.0112804889072,0.0119181943821,0.0100109854598,0.0100762353077,9.55633636867,595.218604653,2.00250185565,4.77391039346,221.750888108,12.0249888947,208.048871182,1.43857893872,443.873393255,6.48457125958,4.58399256902,2.66501057385,2.85229180844,1.8050090217,174.756943514,4.86432216313,102.403358944,68.3283835213,0,3.47095559584,223.081344091,1.47832368994,11.7615323679,39.0492826404,0,52.7632642382,7.11049627035,35.7356454302,5.08673490679,0.767993509799,83.773227315,56.7547340135,1.77113746838,15.0123331586,17.7443083211,5.91170537491,5.12023146493,4.39490655605,11.6500507263,6.20289818809,0.549217549634,3.8697106309,4.7476705717,1.53995904143,1.37653207037,0.837151078426,0.993000983387,0.505223935864,0.845531064026,0.984527816882
sobol__0001262@@infraspinatus@@0.00,44.74600288,60.17290128,-58.93553151,17.95428846,-63.69228981,12.84654254,-53.58780851,Infraspinatus,INFSP,0,0,reserve_too_high,The posture requires more reserve torque than the quality limit permits,274.842332,1530.00523188,9.1142098313e-08,1.89702780418e-06,0.5,15,4,,,,,,,,,,,,,,,,,,,,,,,,,,,,,,,,,,,,,,,,,,,,,,,,,,,,,,,,,,,,,,,,,,,,,,,,,,,,,,,,,,,,,,,,,,,,,,,,,,,,
sobol__0000317@@teres_major@@0.25,80.69326851,115.08012784,89.96583568,78.95526502,-63.61416481,-9.48988324,-21.18546476,Teres major,TMAJ,0.25,1,usable,Converged with independently replayed constrained generalized-force equilibrium and small reserve torques,347.900079,2.92637594357,5.84335408504e-07,2.42466475821e-12,0.000110468124071,27,0,0.0100004001301,0.0100099438188,0.431520795203,0.0100007432568,0.431175159103,0.0100004389412,0.426170509677,0.0100092910945,0.0100003076626,0.0100001904195,0.0100002605461,0.010001535929,0.0100018050571,0.010001856569,0.0100014064673,0.0100452378286,0.604090828007,0.59127375069,0.117004662296,0.66239205572,0.37167369822,0.0100007114782,0.0100004212776,0.0100002335951,0.665329352684,0.520256957449,0.0100004797251,0.419453902849,0.0100002034519,0.010013611286,0.0100003469443,0.0100019818818,0.010002751929,0.0100015766692,0.179258983403,0.169410497431,0.0100039185355,0.0100232843978,0.108589106125,0.249300132573,0.0100053331693,0.0100011894565,0.0100054483205,0.0123410772683,0.0100023894973,0.0100383936062,0.0100061162072,0.0802807243621,0.0324459431349,0.180634800959,4.97560159364,5.78117339268,82.4342105181,2.23535497836,463.714814211,11.3617614501,113.086252135,0.3559915072,3.93833445826,6.34222991922,4.62278492488,2.71789614253,3.02362079155,1.88001896847,2.06780288293,0,420.834630816,403.166209169,29.2229027121,229.937656943,172.708591493,3.1544341747,11.240946113,2.69920289034,210.170659638,127.38173898,1.53225508313,171.091967005,4.78744736744,1.00942628291,4.71633886616,2.45746603061,0.750644721479,1.71197018184,44.2279077046,24.7770869084,2.23016733318,1.68665884728,23.0630514406,47.6553764069,0.294425988964,1.08879543214,0.944339527988,0.599708239938,0.609617031191,0.474674063455,0.848624613313,3.69277522881,4.88892717754,21.0781050868
sobol__0003903@@pectoralis_major@@0.25,-53.99911431,107.11381925,16.68702708,116.37469862,-9.98135231,-2.47450238,-15.29679288,Pectoralis major,PECM1;PECM2;PECM3,0.25,1,usable,Converged with independently replayed constrained generalized-force equilibrium and small reserve torques,446.047703,1.62269392471,3.41826051908e-08,8.76264879267e-13,0.00032052786637,17,0,0.545034300119,0.654160277751,0.0100004937784,0.296452523873,0.0100003028007,0.0100009296814,0.0100452379306,0.0100015010249,0.0100007005461,0.0100002816448,0.0100003567086,0.02646408592,0.0100003489789,0.0100003242536,0.0100010649325,0.823209035704,0.101362248352,0.101164813796,0.0251097949831,0.0100023804895,0.225458083599,0.0100004563828,0.0100026001638,0.0100256665705,0.0200098451848,0.0533653550323,0.0261286318028,0.0100045622376,0.0100040491796,0.0100096186444,0.19573329403,0.0958054163908,0.0100184092531,0.0100101519954,0.0100117532218,0.010018040274,0.0100118064178,0.0100150903501,0.010014992327,0.0100165617084,0.0109102762794,0.0440054127187,0.0422076098294,0.0212955753303,0.0135039290467,0.0133488425123,0.010058732237,0.0100300661208,0.0100078243576,0.0100133607033,254.729889775,145.27129,1.81065402561,71.348700241,3.07211792285,11.5341150737,0,1.39601465986,1.00798715865,1.25998653089,1.21205170806,6.61423944112,2.79669204971,1.8235789665,0.625686138621,148.171277273,72.7158395689,72.4327320161,7.11094919369,3.79210345159,118.385771682,2.31881177632,9.41476221446,0.73091509476,3.23343262733,13.4741424843,4.38456711625,3.77451136776,3.55209003763,0.930811938027,100.739492264,27.2751274824,0.547352801467,1.58827431553,2.58704646142,1.58842599403,2.36063463746,1.72972194407,2.11882427363,1.97031248722,0.32986930855,4.79863366963,3.96771730507,1.03916384734,0.81421916562,0.625515284258,0.801021858617,0.461364520947,1.65047151149,1.16842385929
sobol__0001720@@coracobrachialis@@0.25,-30.31259087,4.18657316,52.24610911,0.30780409,-59.16103981,2.8318941,8.87312899,Coracobrachialis,CORB,0.25,0,solver_failed,The static optimization solver did not converge,658.044933,,9.70648511789e-07,,,0,0,,,,,,,,,,,,,,,,,,,,,,,,,,,,,,,,,,,,,,,,,,,,,,,,,,,,,,,,,,,,,,,,,,,,,,,,,,,,,,,,,,,,,,,,,,,,,,,,,,,,
sobol__0002818@@biceps@@0.50,84.07705757,31.76713956,78.43019115,88.1276283,61.65927269,-8.47303754,25.66023837,Biceps,BIClong;BICshort,0.5,1,usable,Converged with independently replayed constrained generalized-force equilibrium and small reserve torques,532.092701,0.186277877317,1.86849211659e-07,4.1425149952e-13,2.06881163769e-05,12,0,0.0625099322713,0.010001825791,0.010183838004,0.0100034032527,0.0591613290355,0.0100027867679,0.019658671842,0.0121621120516,0.115177832368,0.129124935473,0.0244964150446,0.0100267820053,0.0100302406306,0.0100219605513,0.0289425894903,0.0653132060363,0.0471914798861,0.0462110715737,0.0104679699155,0.0100452377172,0.0100024559221,0.0100078973001,0.0100048117014,0.0100024120694,0.277906377212,0.164759673432,0.010002668291,0.0742966932976,0.0100010353444,0.0100229849833,0.103164730984,0.0409455813802,0.0100135477361,0.0100065040067,0.0329644657367,0.0411783917407,0.0100080777888,0.0100163933757,0.0102028403753,0.0603776523385,0.0100290348953,0.010024407676,0.0164064929734,0.024365078592,0.01001368667,0.0151965962699,0.0267256565729,0.0371473731453,0.0100095570901,0.0630296131408,76.1362970526,10.6535849152,2.02859698849,4.82068304593,40.548237993,12.2800579811,5.18415179932,1.61244612646,45.9995354532,59.5684737349,2.5924757735,2.2474570145,1.66182811946,1.67206544683,4.61737135709,13.9455612636,33.2938731416,31.9245110913,2.73109428957,0,2.61588224655,1.58309054609,11.0249849128,2.55748554026,89.2983481364,36.4059767462,1.18864150248,26.5930666795,3.59864529992,0.768930024993,51.0704714562,9.42034202591,0.461553261403,1.5403739836,8.19197513638,6.58062127662,2.33723546154,1.69750339356,2.03113924741,11.573890755,0.176410520445,0.737006986061,1.09220323963,1.01701237634,0.413056840182,0.517142438747,1.66610928303,1.69779366362,2.0096293268,7.14260900804
sobol__0001218@@coracobrachialis@@0.25,81.30850288,1.26665128,74.65821849,32.17303846,48.80771019,-1.91908246,38.28719149,Coracobrachialis,CORB,0.25,1,usable,Converged with independently replayed constrained generalized-force equilibrium and small reserve torques,547.247514,0.202801073505,2.27018943422e-07,8.66862137627e-13,0.000302248571891,23,0,0.0100004724714,0.0100005309828,0.101096990501,0.0100093883634,0.010000969533,0.0100006471017,0.0949149786548,0.161041595611,0.0100022288102,0.0100019632604,0.010001226869,0.164707375089,0.0780712173495,0.113478439085,0.0100612956245,0.177938228657,0.010002568364,0.010002730095,0.0100452374122,0.0100452374122,0.138487051166,0.0154733103173,0.1581745004,0.0871301592362,0.0430655329551,0.0485523804911,0.0921451100606,0.0100015057698,0.0100042417969,0.0100042331743,0.0842485267314,0.0101968588112,0.0100078886766,0.0100035991216,0.0100018596825,0.0100027323658,0.0100028036396,0.0100034499288,0.0100027496922,0.010002542028,0.0110500614019,0.0481239883729,0.0366474876034,0.0166591989635,0.0268848500262,0.0111272340401,0.0100425251898,0.0100102906513,0.010003712826,0.0100037641757,8.32627598481,10.9905015077,20.3587172096,4.99522850162,5.92198413312,12.417439221,25.5678090823,19.6566730689,4.2187746935,5.81628438624,2.89723628816,29.2021061882,6.56997924609,17.065129342,0.450761960857,101.325242493,6.42872007367,6.02653782051,0,0,46.1699834876,3.51636282779,186.229833069,22.8634929959,12.7025123894,8.6772332226,14.9713462638,3.87735045062,4.22105895109,0.920688066464,46.9409810133,2.57861286331,0.672795803557,1.5958270405,2.42007338817,1.56529944617,2.27810008317,1.6555777678,1.9459422959,1.8811145203,0.209747989528,3.6426330866,2.41813725535,0.65536661593,1.2996725116,0.306690243472,0.54530028218,0.460144073469,1.95783707889,1.12821611737
sobol__0001262@@anterior_deltoid@@0.75,44.74600288,60.17290128,-58.93553151,17.95428846,-63.69228981,12.84654254,-53.58780851,Anterior deltoid,DELT1,0.75,1,usable,Converged with independently replayed constrained generalized-force equilibrium and small reserve torques,365.995299,3.66650002932,3.3858242432e-08,4.87518441078e-12,0.000309677029868,13,2,0.0243804818311,0.683647392527,0.0100000718633,0.0100000421256,0.310964780411,0.0100000243308,0.999999037202,0.0100001060097,0.999999823517,0.0100002641236,0.0100001016814,0.0100000591156,0.0100000452569,0.0100000582018,0.949127730929,0.0100000310856,0.0409672299632,0.0334713611761,0.0100452379729,0.0100011316031,0.26315903826,0.0100011897065,0.0100092418317,0.102572341523,0.0100452379729,0.124889206728,0.0130793912313,0.120197387512,0.0128793075621,0.0178164940674,0.238789042966,0.128353687162,0.0222609674534,0.0671719897865,0.0498631176228,0.0287903948927,0.0134238413754,0.0157419040405,0.0308125662433,0.0226178468255,0.0101112987108,0.0173399541518,0.0266821379946,0.0178973739713,0.0101956184071,0.010543248447,0.0101135754604,0.0101475908267,0.0100170354976,0.0100714931883,17.4740403378,680.462346412,2.00250435446,4.77391475253,284.783256375,12.0250044049,208.0487206,1.43858293692,443.873430123,6.48468213855,4.58401206386,2.66501505341,2.8522955238,1.80501187076,192.295149853,4.86432654654,24.1560699027,16.1214813692,0,3.4711292149,118.546346262,1.47842640147,11.7693726228,24.9501313487,0,30.4956944153,2.41456247236,21.41565153,5.57611789599,0.458836444328,48.040185772,31.5257381696,1.06165067156,8.96145488547,10.0227929274,3.36242309643,2.76957191597,2.42903512778,6.52685649273,3.57306371925,0.396694681963,1.68980464814,2.34572644681,0.800374527815,0.718618817327,0.485001390813,0.890279708637,0.430166316509,0.846042052386,0.984064474344
sobol__0002818@@anterior_deltoid@@0.50,84.07705757,31.76713956,78.43019115,88.1276283,61.65927269,-8.47303754,25.66023837,Anterior deltoid,DELT1,0.5,1,usable,Converged with independently replayed constrained generalized-force equilibrium and small reserve torques,565.651546,0.201411948567,1.86713272399e-07,5.25085411279e-13,2.13085082862e-05,12,0,0.112229040313,0.0100029701157,0.0100268798827,0.0100045661396,0.0680948606039,0.0100038235277,0.0104506251901,0.0100342779237,0.132825797785,0.122239379785,0.021930498579,0.0100124717222,0.010014689029,0.0100114271341,0.0252770054122,0.0481796249056,0.0576209697784,0.0564236822457,0.0118432346751,0.0100452378784,0.0100012231709,0.0100032806517,0.010004016005,0.0100021063524,0.276045558278,0.168484261761,0.0100025835857,0.0705924134401,0.0100009969711,0.0100210932694,0.112071874307,0.0455270919533,0.0100129701303,0.0100061566777,0.0347900697701,0.0431302142098,0.0100079763413,0.010016368866,0.0103261256408,0.0631387392813,0.0100288693114,0.0100243696627,0.017098304316,0.025229476512,0.0100133628521,0.0155454605084,0.0272702236977,0.0383052926988,0.0100094092273,0.0651354302968,68.3467669911,10.654803809,1.99733129365,4.8212434462,46.6711390437,12.2813307735,2.75591493776,1.33033904807,53.0477511956,56.3919994168,2.32092272258,2.24424943002,1.65925150163,1.6703080498,4.03258045827,10.2872290612,40.6519410428,38.9798030706,3.08990098847,0,5.23111970525,3.16472053117,11.0241080811,2.55740737257,88.7004199548,37.2289771264,1.18863143665,25.2671912293,3.59863148828,0.768784897988,55.479846688,10.474409285,0.461526637101,1.54032051651,8.64565465116,6.89253740303,2.33721176983,1.69749923969,2.05568236779,12.103168018,0.176407607721,0.737004190862,1.13825809011,1.05309284163,0.41304348279,0.529014340567,1.70005824622,1.75071553435,2.00959964018,7.38124332299
sobol__0001720@@anterior_deltoid@@0.25,-30.31259087,4.18657316,52.24610911,0.30780409,-59.16103981,2.8318941,8.87312899,Anterior deltoid,DELT1,0.25,1,usable,Converged with independently replayed constrained generalized-force equilibrium and small reserve torques,550.875274,0.750982318003,9.6799739091e-07,7.46069872548e-13,3.02938667912e-05,11,0,0.0548692859184,0.0306480671505,0.0100021055893,0.355590548266,0.0100004743024,0.106956746784,0.0100025124194,0.0516889592607,0.0891586784238,0.0899255807018,0.0100024902418,0.108841169483,0.0338922393258,0.0596407113483,0.0754383804833,0.245915286391,0.562512706379,0.409996192644,0.0100452377321,0.0100043290488,0.0881740824648,0.0100020403537,0.0100006027097,0.0100025875747,0.027928685447,0.0100122575822,0.0448860017618,0.010003269082,0.0100013493142,0.0100155346091,0.0100157593729,0.03340607929,0.0100182394471,0.0100082663312,0.012347453197,0.0110628631234,0.0100205325171,0.0100306389484,0.0100512221279,0.010578572088,0.0136892463928,0.060862047732,0.0478896959771,0.0278954020438,0.0230497520909,0.0100856028269,0.0111156303151,0.0136027780947,0.0159997475875,0.0326025589734,10.8222139981,33.5640309495,1.99666059955,177.026192156,7.25372253979,132.02726188,2.69083993384,6.41300090744,37.6755135613,52.28243735,2.50334373392,20.1311177384,3.07019844838,9.09311579382,13.9252848344,186.375930659,247.463319358,131.46352606,0,3.50551689543,28.2844023134,2.51378283278,11.5072852333,2.3097425769,8.42939650076,2.20137429225,8.65837147597,3.58086930698,4.77969588056,0.934284494823,1.59767162383,8.36883981361,0.751819540887,1.71149541024,3.19538749578,1.79287869695,2.37273114117,1.73421322375,2.09764024513,2.0869679141,0.441139503558,6.64607076407,4.50509125828,1.36128647019,1.60700235905,0.390987616826,0.79863275451,0.62566277551,3.1957929254,3.80447660526
sobol__0001065@@teres_major@@0.50,65.13662788,116.54008878,85.79103099,115.96210096,-3.06728981,-6.70423871,42.50594149,Teres major,TMAJ,0.5,1,usable,Converged with independently replayed constrained generalized-force equilibrium and small reserve torques,352.425408,1.40116656753,6.94364477027e-08,6.25277607469e-13,0.000109024677423,24,0,0.0382587965072,0.519813672652,0.417814555647,0.129871619196,0.0100452385705,0.205555900696,0.87626154571,0.0100019709027,0.0100003859025,0.0100001009688,0.0100001302348,0.0100005616637,0.0100004611305,0.0100005165043,0.0100005983208,0.0100452385705,0.15170222522,0.151368552713,0.0374220560277,0.0100031390864,0.178005449897,0.0100003523649,0.0100017542026,0.0100080064565,0.0100078474883,0.073248643723,0.11895565446,0.0100028391811,0.0100452385705,0.0100452385705,0.100134483459,0.0730466705583,0.0100452385705,0.0100041426239,0.0100011603777,0.0100017261718,0.0100017071223,0.0100021271603,0.0100017023204,0.0100015828504,0.0153914244743,0.0713047308813,0.0580277790769,0.0287214039772,0.0353138020103,0.0167120890316,0.0100399715211,0.0100079421663,0.0100038889548,0.0100029620996,33.520053069,201.323391024,78.2470096231,20.1609200068,0,235.426863311,221.369573824,0.713977101691,3.98518279201,6.33347422943,4.62682754938,2.71378787875,3.01246622524,1.87912596635,2.08025640686,0,108.828970368,108.350727706,10.5975032316,3.70805216269,64.7658000526,3.1606957649,9.48640835209,0.697002462884,2.83111056417,13.9646738513,14.7677600412,1.13724502968,0,0,50.9517819168,20.7714392922,0,0.678329846252,2.42121357509,1.56744130558,2.28113200927,1.65651183195,1.94945705282,1.88262088276,0.250919329976,4.62416421419,3.4262534227,1.08180422609,1.32963058147,0.465229075703,0.616439599581,0.45552635229,1.93246695619,1.10691449798
sobol__0000317@@subscapularis@@0.00,80.69326851,115.08012784,89.96583568,78.95526502,-63.61416481,-9.48988324,-21.18546476,Subscapularis,SUBSC,0,1,usable,Converged with independently replayed constrained generalized-force equilibrium and small reserve torques,324.426922,2.90890596945,5.74992734315e-07,2.81228009091e-12,0.000111052279755,25,0,0.0100004167203,0.0100123167342,0.419009740167,0.0100007647814,0.434140436878,0.0100452384262,0.419439398228,0.0100027448765,0.0100003151884,0.0100001934518,0.0100002645663,0.0100015450273,0.0100017877987,0.0100018471207,0.0100014224583,0.0100452384262,0.601581759864,0.588817866047,0.116519098314,0.665911582409,0.368244494564,0.0100007249365,0.0100004230593,0.0100002332237,0.665361592118,0.520328533868,0.0100004788638,0.419351577389,0.0100002033057,0.010013561097,0.0100003458248,0.0100019717577,0.0100027485669,0.0100015739628,0.179086580827,0.169396994014,0.0100039103867,0.0100231234225,0.108508159253,0.249446882428,0.0100053231508,0.0100011870142,0.0100054200041,0.0121869834288,0.0100023850775,0.0100381028246,0.0100061117605,0.0804046291093,0.0328130088681,0.181009635079,4.97560984929,5.78254384999,80.0442006801,2.23535978678,466.9038737,0,111.300121587,1.42303473483,3.9383374222,6.34223184254,4.62278678347,2.71789861501,3.02361557426,1.88001719251,2.06780618917,0,419.086710266,401.491638453,29.1016290019,231.15939823,171.115116029,3.15443841954,11.2409481161,2.69920279022,210.180843732,127.399264014,1.53225495126,171.050229249,4.78744729785,1.00942122353,4.71633833739,2.45746354321,0.750644469239,1.71196971859,44.1853714443,24.7751119649,2.23016551608,1.68663175907,23.0458592753,47.6834286108,0.29442569425,1.0887951663,0.944336855418,0.592220129796,0.60961676198,0.4746603136,0.848624236241,3.69847463405,4.94423632737,21.1218441278
sobol__0001047@@teres_minor@@0.25,-22.05087212,86.07133878,-38.42771901,8.30585096,-55.56728981,15.71763629,36.88094149,Teres minor,TMIN,0.25,1,usable,Converged with independently replayed constrained generalized-force equilibrium and small reserve torques,303.353909,1.45173787872,6.55003820071e-08,9.45227412459e-13,9.62365582634e-05,29,1,0.346698508567,0.999999741993,0.485324079537,0.0100002485898,0.0100000994941,0.0233923021278,0.0100016047432,0.0100008811044,0.0100003521258,0.0100000922071,0.0100000773572,0.0100011273182,0.0100004651647,0.0100003490734,0.0100003580545,0.117020890193,0.010002251552,0.0100028914302,0.0100452378415,0.151765119446,0.0100003520631,0.0100340622777,0.206455753379,0.022585191468,0.0299079505342,0.059882412167,0.0477909550056,0.0100012339906,0.0100020901185,0.0100034607612,0.0100058631371,0.0100068234903,0.0100065750471,0.0100030425625,0.0100018810829,0.0100028453162,0.0100028674177,0.0100035546359,0.0100028397462,0.0100028203876,0.0116565961733,0.0519692806721,0.0377745000389,0.0183784596603,0.0264483004949,0.0131457421442,0.0101129105519,0.0100149084082,0.0100036562829,0.0100051383748,194.552237586,365.464658381,77.4048056658,4.29940788916,10.724323864,30.0508077371,0.661573201098,1.41138351941,4.41804875434,6.34506131554,4.97234454129,2.58197398003,2.72390450325,1.79656015843,1.18979259207,88.2056416731,5.08817869615,3.90749910049,0,53.5711334241,2.09683897869,0.00416125361506,241.151833366,5.35508014891,7.42609033478,9.64060737526,9.21871342186,4.07926268641,4.12156951777,1.00415430435,1.95423148033,2.54809730243,0.718857184543,1.67442572715,2.52733007568,1.62409572338,2.32366427095,1.69325716083,2.00682578536,1.95960157932,0.323809404846,5.20396752325,3.06973647783,0.813352826457,1.67580012175,0.341203145081,0.520928443259,0.437873867649,2.0106889624,1.16745191646
sobol__0002997@@middle_deltoid@@0.75,117.12393257,125.71245206,-53.40574635,77.4635658,-33.96572731,18.73399371,7.37898837,Middle deltoid,DELT2,0.75,1,usable,Converged with independently replayed constrained generalized-force equilibrium and small reserve torques,491.431313,0.848164725867,3.84203282522e-08,2.99933340991e-12,2.7782582743e-05,13,0,0.472656860587,0.53116377848,0.0165741361451,0.0703773718444,0.209440425885,0.241769200076,0.0100042587761,0.0100082480873,0.0100047117559,0.372832476117,0.0100093142884,0.202099000302,0.160537878446,0.0335486859696,0.010004824536,0.010045237635,0.0984771897213,0.09638283427,0.0190349773847,0.0100090228374,0.0100005676946,0.0100027452708,0.0100025305296,0.0100047526605,0.0100067065858,0.0153329103238,0.0590981782403,0.0100041115582,0.0100203214888,0.0100103815879,0.0144534110489,0.019692160662,0.0100212298151,0.0100130265659,0.0100110388573,0.0100146393349,0.0100194767397,0.0100207038362,0.01001699909,0.0100139447238,0.0101714230984,0.030405091097,0.0209371039925,0.0104637613141,0.0164631649193,0.0101158802095,0.0100355790081,0.0100219541719,0.0100088381942,0.0100102497832,156.119536134,393.022821076,2.5334224345,31.2531046899,217.285278493,235.768386748,2.0420912272,1.16143536892,4.44114361684,243.498625304,4.79909476909,56.275189647,50.3372959531,6.16336264704,2.08081477401,0,68.4602709188,65.5791719629,4.69111253821,3.70040103968,5.00123274102,2.4677803712,11.2776455485,2.66088358245,3.37443227812,3.68262429784,11.3935951532,3.98189865321,2.67848547275,0.973240631938,7.97404176005,5.48455365546,0.670951074253,1.61694562165,2.59074742615,1.6219104107,2.372442103,1.73241503643,2.08274517937,1.97533828434,0.289724232684,3.16856163061,1.77785754555,0.492078745686,1.04103400043,0.392334522437,0.612252231461,0.414987542508,1.74237887309,1.10613750367
sobol__0002973@@brachialis@@0.75,80.56143257,115.55620206,-13.56199635,51.0573158,78.53427269,5.06211871,-35.74601163,Brachialis,BRA,0.75,1,usable,Converged with independently replayed constrained generalized-force equilibrium and small reserve torques,341.302407,2.25514817806,3.00320124325e-08,6.6862071435e-12,0.000171357853869,25,1,0.615128827321,0.540930980201,0.0100039391225,0.0100000894471,0.694283466081,0.0100000385031,0.999999226779,0.0100003660483,0.010000100237,0.0100000322635,0.0100000449453,0.0100001427922,0.0100001326174,0.0100001570666,0.0100001962961,0.0100008434621,0.0552227739718,0.0539089547933,0.0100583249257,0.0100452377808,0.0100001474194,0.0100007664449,0.010008045439,0.0100013934935,0.0100452377808,0.0517864884093,0.0100019855794,0.0100032227619,0.0100009312066,0.0100085446686,0.286181375313,0.0533308032562,0.0100066515672,0.0100034078005,0.0100098540893,0.0100305722318,0.0100055243594,0.0100083743126,0.0100108241362,0.0105379964179,0.0100338990224,0.0100186035502,0.0169420597921,0.0201990776468,0.0100104166517,0.0100477679944,0.010180978734,0.0270516786587,0.0116824668049,0.0586962559958,548.338850657,394.023728258,1.8544670914,4.94903160199,725.78557261,13.061904129,254.121042679,1.27875672931,4.39923811757,6.54160248343,4.96555698481,2.75511083849,3.0679362555,1.88072679562,2.08010209977,0.523228544479,36.8826996248,35.1482834506,0.496382725026,0,3.78340596838,0.488979212827,8.82023819574,2.75627735159,0,13.0601014688,1.92832224116,3.55925748646,4.79777485369,0.749486134672,153.007732328,10.1686506568,0.737735358779,1.70917018342,2.54709618865,1.53008658705,2.32875101022,1.71863223519,2.1250054951,2.05198511701,0.359899263036,1.08725193903,1.59893577466,0.970595435634,0.721790444182,0.475237469395,0.785606530131,1.23329856742,1.43041113217,6.56740976627
sobol__0000261@@latissimus_dorsi@@0.00,106.00576851,72.42387784,54.80958568,105.36151502,63.88583519,-0.19300824,-11.81046476,Latissimus dorsi,LAT1;LAT2;LAT3,0,1,usable,Converged with independently replayed constrained generalized-force equilibrium and small reserve torques,305.01219,0.703067079336,1.90905001529e-08,6.53699316899e-13,7.82141429496e-05,23,0,0.263037228674,0.0100001385944,0.0100817986092,0.0100001321862,0.0100006937738,0.0100000572958,0.688545903123,0.168859604514,0.245591912056,0.0100005556175,0.0100007730608,0.0100452377732,0.0100452377732,0.0100452377732,0.173418138278,0.149036361476,0.0363605336671,0.0358764879609,0.0102184493183,0.0100452377732,0.010000144302,0.010002643589,0.0100060260913,0.0100036031444,0.0100083081494,0.0482321754069,0.0551178249518,0.0100020237966,0.0100042255192,0.0100057360637,0.0483509634472,0.0260241750432,0.0100126253632,0.0100063449235,0.0100049136658,0.0100073536989,0.0100075366364,0.0100090847173,0.0100073771891,0.0100073148139,0.0132101461567,0.0554046999976,0.0100452377732,0.0208710592936,0.0214256599308,0.0144854843189,0.0100837728709,0.0100202287279,0.0100066281249,0.0100086743279,259.300723623,10.2140138338,1.89796739574,4.98154585906,8.99820257038,12.8212616536,185.472680004,24.147975619,86.0731888354,5.76287889615,3.05803887753,0,0,0,30.8090060121,7.53597927813,26.0722058253,25.3822710243,2.82972004442,0,5.06494604469,3.12588664042,10.5107393733,1.99610185236,2.88968515899,12.1529115934,8.78603740648,3.84193092673,4.21657731413,0.953945821357,17.5092813306,5.8310468443,0.666983757563,1.60995311093,2.58916397303,1.62361312991,2.3692165523,1.73047750887,2.08997163597,1.97433792364,0.379456270403,5.99128731327,0,1.01844114313,1.24104029702,0.663771671454,0.717639692677,0.460887894802,1.7113837191,1.16785236841
sobol__0001065@@teres_major@@0.75,65.13662788,116.54008878,85.79103099,115.96210096,-3.06728981,-6.70423871,42.50594149,Teres major,TMAJ,0.75,1,usable,Converged with independently replayed constrained generalized-force equilibrium and small reserve torques,347.334392,1.40336208429,8.82522277479e-08,2.22795715471e-12,0.000109105559846,24,0,0.0383543044258,0.520329826598,0.418139154617,0.129987447486,0.0100452374894,0.205614825348,0.876954478813,0.010001328997,0.0100003856034,0.0100001008804,0.0100001301224,0.0100005611992,0.0100004607427,0.0100005160721,0.0100005978069,0.0100452374894,0.151783632912,0.151449792428,0.0374419484339,0.0100031372603,0.178115875424,0.0100003520783,0.0100017532942,0.0100080031846,0.0100078429485,0.0732470778433,0.118954255521,0.0100028391522,0.0100452374894,0.0100452374894,0.100204038342,0.073092199581,0.0100452374894,0.0100041425284,0.0100011604126,0.0100017262277,0.0100017071616,0.0100021272088,0.0100017023694,0.0100015828953,0.0153924739777,0.0713066864809,0.0580297443636,0.0287228884459,0.0353132461931,0.0167126190947,0.0100399637967,0.0100079421684,0.0100038889073,0.0100029620864,33.6037313554,201.523297173,78.3077995076,20.178900889,0,235.494350765,221.544629209,1.07089692021,3.98518267276,6.33347417317,4.62682749713,2.71378775267,3.01246610834,1.87912588514,2.08025629996,0,108.887371062,108.408879695,10.6031365362,3.70805148532,64.8059774465,3.16069567425,9.48640749023,0.697002234698,2.83110927946,13.9643753235,14.7675863772,1.13724503,0,0,50.9871737707,20.7843858551,0,0.678329841245,2.42121358383,1.56744131452,2.28113201844,1.65651184013,1.94945706258,1.88262089144,0.25093643975,4.62429103954,3.42636946496,1.08186013964,1.32960965475,0.465243831758,0.616439125342,0.455526352419,1.93246694728,1.10691449666
sobol__0002997@@teres_major@@0.75,117.12393257,125.71245206,-53.40574635,77.4635658,-33.96572731,18.73399371,7.37898837,Teres major,TMAJ,0.75,1,usable,Converged with independently replayed constrained generalized-force equilibrium and small reserve torques,582.659975,0.699037376616,3.38073853356e-08,4.61663949094e-12,2.06494794759e-05,11,0,0.362504924081,0.484991011454,0.0142821320607,0.0903694149024,0.239270984289,0.231569724293,0.0100056023393,0.0100134705983,0.0100074360755,0.378958413543,0.0374116547082,0.157935331573,0.120682654523,0.0203919898609,0.0100077635031,0.0100452377404,0.0984775785135,0.0963832397514,0.0190352017989,0.0100090227716,0.0100006648349,0.0100033467794,0.0100025305193,0.0100047526519,0.0100067065983,0.0153327936983,0.059098053881,0.0100041115512,0.0100203212151,0.0100103815694,0.0144537717065,0.0196922301669,0.010021229766,0.0100130265266,0.01001103884,0.0100146393193,0.0100194766694,0.010020703783,0.0100169990547,0.0100139447067,0.0101714365419,0.030405314807,0.0209369375262,0.0104642488906,0.016463242406,0.0101158837437,0.0100355791479,0.0100219542065,0.0100088381956,0.0100102497938,119.736124247,478.47774576,2.18308052123,40.1311488455,248.233177702,225.822066261,2.04236547854,0.871531072444,4.44235295645,247.499503547,17.9375001364,43.977658093,37.8405305711,3.74629363189,2.08142602371,0,68.4605412026,65.5794478534,4.69116784429,3.70040101536,5.00128132031,2.46792876943,11.2776455369,2.66088358019,3.37443228235,3.6825962867,11.3935711778,3.98189865035,2.67848539857,0.973240630116,7.97424073713,5.48457301355,0.67095107094,1.61694561529,2.59074742166,1.62191040819,2.37244208634,1.73241502722,2.082745172,1.97533828097,0.289724615599,3.16858494361,1.77784341009,0.492101674894,1.0410389002,0.392334659463,0.612252239918,0.414987543917,1.7423788734,1.10613750482
sobol__0000317@@latissimus_dorsi@@0.00,80.69326851,115.08012784,89.96583568,78.95526502,-63.61416481,-9.48988324,-21.18546476,Latissimus dorsi,LAT1;LAT2;LAT3,0,1,usable,Converged with independently replayed constrained generalized-force equilibrium and small reserve torques,309.054106,2.91377770405,5.854452656e-07,2.83506551568e-12,0.000111286751313,24,0,0.010000388555,0.0100096672418,0.437137614391,0.0100007440467,0.420692737772,0.0100004392458,0.42214948072,0.0100028042194,0.010000307727,0.0100001927847,0.0100002636318,0.0100452377828,0.0100452377828,0.0100452377828,0.0100014125804,0.0100452377828,0.6005939753,0.587851038899,0.116327432988,0.667297272349,0.366894401613,0.0100007224732,0.0100004237647,0.0100002330778,0.665374259693,0.520356557646,0.0100004785257,0.419311385967,0.0100002032482,0.0100135413426,0.0100003453861,0.0100019678572,0.0100027472448,0.0100015728996,0.17901864796,0.169391402196,0.0100039071841,0.0100230603505,0.108476135737,0.24950494365,0.0100053192109,0.0100011860555,0.0100054089321,0.012126702741,0.0100023833419,0.0100379889916,0.0100061099989,0.0804533008974,0.0329573199088,0.181157248233,4.97559584093,5.78101365552,83.5072018033,2.23535515253,452.441312115,11.3617617958,112.019254098,1.42304317728,3.93833448356,6.34223141895,4.6227863511,0,0,0,2.06780414684,0,418.398578727,400.832397222,29.0537589685,231.640415922,170.487757537,3.15443764265,11.2409489089,2.69920275082,210.184845296,127.406125471,1.53225489969,171.033835483,4.78744727017,1.00941923219,4.71633813062,2.45746258486,0.750644370003,1.71196953661,44.1686106203,24.7742941357,2.23016480229,1.68662114575,23.0390578564,47.6945273997,0.294425578305,1.08879506192,0.94433581041,0.589290821094,0.609616656198,0.474654930906,0.848624086835,3.70071345258,4.96598099347,21.139068968
sobol__0002818@@pectoralis_major@@0.75,84.07705757,31.76713956,78.43019115,88.1276283,61.65927269,-8.47303754,25.66023837,Pectoralis major,PECM1;PECM2;PECM3,0.75,1,usable,Converged with independently replayed constrained generalized-force equilibrium and small reserve torques,537.455843,0.212167595201,1.80202295752e-07,5.73645105829e-13,2.10544008166e-05,8,0,0.0689488230208,0.0100020925317,0.0112904771361,0.0100043546847,0.0612374606934,0.0100030820658,0.0308037981636,0.0252340921736,0.137761348864,0.154889190426,0.0294842384143,0.0100698972683,0.01007027979,0.0100410770531,0.0495344193466,0.0969605291704,0.0510042373666,0.0499450130503,0.0110636440831,0.010084514488,0.0100020767184,0.0100119339192,0.0100084243829,0.0100041825213,0.277091073461,0.16654140468,0.0100049078936,0.0717606904923,0.0100019085219,0.0100407073678,0.11300764956,0.0447444887776,0.0100247302664,0.0100117933089,0.0341071263059,0.0424336746601,0.0100150549315,0.0100307417393,0.0104623384858,0.0621757465966,0.0100543326619,0.010046033557,0.016984849333,0.0249855307548,0.0100252726275,0.0154625016653,0.0270046731608,0.0378497260826,0.0100177776573,0.0643015356575,83.9787835339,10.6538690378,2.24903694543,4.82114154502,41.9711857503,12.2804205074,8.12321233904,3.34552206121,41.2641776717,53.5906134674,2.3402559222,2.25712110193,1.66846187821,1.67525484691,7.90249985079,20.7028422296,35.9837964951,34.5040716162,2.88650573313,0,5.23156615154,3.16745815039,11.0289659737,2.55793822174,89.0363704257,36.79967542,1.18890763968,25.6853534412,3.59895949065,0.770289626472,55.9430910821,10.2943559224,0.462068695852,1.54118820422,8.47593687327,6.78122506704,2.33886486773,1.69993504673,2.08279905742,11.9185703781,0.176855507545,0.738596947502,1.13070523292,1.0429104057,0.413534751826,0.526191238822,1.68350350942,1.72989419359,2.0112797787,7.28674514882
sobol__0001047@@brachioradialis@@0.25,-22.05087212,86.07133878,-38.42771901,8.30585096,-55.56728981,15.71763629,36.88094149,Brachioradialis,BRD,0.25,1,usable,Converged with independently replayed constrained generalized-force equilibrium and small reserve torques,338.307447,1.46875855448,5.00453154473e-08,1.73969577305e-12,9.83492185589e-05,29,1,0.352513517444,0.999999751019,0.49664162216,0.0100002427515,0.0100000970252,0.0257697267006,0.0100003956765,0.0100008632954,0.010000344178,0.0100000899975,0.0100000754751,0.0100011063397,0.010000455565,0.0100003415643,0.0100003501423,0.118469477881,0.0100021808044,0.0100028019699,0.0100452377743,0.147901136058,0.0100003433577,0.0100338640861,0.213471723422,0.0101180937281,0.0298207606163,0.0603066698178,0.0480687627671,0.0100012519202,0.0100021302584,0.0100034957751,0.0100061272109,0.010006975093,0.0100066598778,0.0100030857468,0.0100018888761,0.0100028554604,0.0100028814331,0.0100035704925,0.0100028518182,0.0100028278095,0.0116058736769,0.0515922450819,0.0375292752129,0.0182162849497,0.0263328208424,0.0131142776906,0.0101077882372,0.0100147872547,0.0100036321207,0.0100050962217,197.815369483,365.464661387,79.2098514237,4.29940538172,10.724321217,33.1049547098,2.64597290143,1.41138100607,4.41804524295,6.34505991261,4.97234360549,2.58196856398,2.72390188844,1.79655880942,1.18979164992,89.2975288448,5.08814270353,3.90746415084,0,52.2071970353,2.09683714998,0.00416117118854,249.346877626,0.599764705783,7.40444123576,9.70890959062,9.27230159851,4.07926999947,4.12158605931,1.00415781901,1.95428305651,2.54813590638,0.718863278638,1.67443295582,2.52733204477,1.6240973704,2.32366752669,1.69325984476,2.00682820724,1.95960303322,0.32240038099,5.16621289278,3.04980833582,0.806175660285,1.66848317444,0.340386472233,0.520664586731,0.437868570756,2.01068410592,1.16744699782
sobol__0000261@@brachioradialis@@0.25,106.00576851,72.42387784,54.80958568,105.36151502,63.88583519,-0.19300824,-11.81046476,Brachioradialis,BRD,0.25,1,usable,Converged with independently replayed constrained generalized-force equilibrium and small reserve torques,369.304302,0.709781893633,5.11744957521e-08,1.35003119794e-12,7.78286089923e-05,24,0,0.269316276508,0.0100001391462,0.0101249292822,0.0100001317259,0.0100007365157,0.0100000570446,0.698571685493,0.163445099584,0.230725446741,0.0100005471575,0.0100007643989,0.031687273708,0.0100025495877,0.0100013533003,0.171053155115,0.14857155572,0.0304220745644,0.0300173787683,0.0101365023842,0.0100452377019,0.0100001451957,0.0100028267587,0.0100070233628,0.0100131399656,0.0100099216374,0.0487784972445,0.055799515811,0.0100021045641,0.0100044477045,0.0100059387749,0.0416212026614,0.022270709976,0.0100131633373,0.0100066297393,0.0100049565344,0.0100073898473,0.0100075854398,0.0100091483366,0.0100074132025,0.0100073216533,0.0128941889376,0.0542257317253,0.0100452377019,0.0203932391235,0.0213708971224,0.0144214111903,0.0100874833273,0.0100203503521,0.0100066667301,0.0100087404674,265.490576441,10.2140143982,1.90608703913,4.98154562979,8.99824102601,12.8212613312,188.17331146,23.3736676742,80.8629028977,5.76287401929,3.05803622403,8.31854667232,2.85102843578,1.80849234652,30.3888493719,7.51247654348,21.8140524817,21.2370074841,2.80702708239,0,5.0649464975,3.12594388186,10.5117869484,0.49950120353,2.89015101962,12.2905666117,8.89470209446,3.8419619506,4.21667096065,0.953965147762,15.0722404444,4.9900353381,0.667019594288,1.60999893584,2.58917506694,1.62361899471,2.36922810618,1.73048850804,2.08997915706,1.97433927297,0.370380523013,5.863797449,0,0.995125042427,1.23786826597,0.660835633688,0.717903757549,0.460893488999,1.71139032209,1.16786008583
sobol__0001262@@teres_minor@@0.00,44.74600288,60.17290128,-58.93553151,17.95428846,-63.69228981,12.84654254,-53.58780851,Teres minor,TMIN,0,0,solver_failed,The static optimization solver did not converge,939.623984,,1.93386640035e-08,,,0,0,,,,,,,,,,,,,,,,,,,,,,,,,,,,,,,,,,,,,,,,,,,,,,,,,,,,,,,,,,,,,,,,,,,,,,,,,,,,,,,,,,,,,,,,,,,,,,,,,,,,
sobol__0000234@@brachialis@@0.50,111.98233101,59.98247159,63.89161693,97.49042127,72.94833519,3.01988238,-22.35733976,Brachialis,BRA,0.5,1,usable,Converged with independently replayed constrained generalized-force equilibrium and small reserve torques,399.468497,1.3123701531,1.50828611822e-08,1.172395514e-12,0.000116318853916,21,0,0.239760089035,0.0100001128378,0.0201637580514,0.0100001308156,0.0100004285459,0.010000050661,0.637887556617,0.2651888492,0.703493507357,0.0100002291435,0.0100004276811,0.0391192275992,0.0100016902164,0.0100007187429,0.0100211449789,0.499337067207,0.0100044754578,0.0100045552947,0.0100155143735,0.0100452379045,0.0100001537639,0.0100010496424,0.082561292799,0.0125041568838,0.0198084989624,0.0298409613375,0.0389054227501,0.0100028978185,0.0100115130583,0.0100079138556,0.114625170726,0.0210251869065,0.0100182143965,0.0100095050301,0.0100060961558,0.0100091385041,0.0100096954055,0.0100113409109,0.0100091402691,0.0100091005293,0.0132821545685,0.0499330974837,0.0397309504484,0.0187788913127,0.0184235674077,0.0122158369272,0.0100686605893,0.0100232123248,0.0100087446035,0.0100106783337,269.206878772,10.5151138103,3.70238568364,4.98892920651,7.79980893078,12.7931574075,171.687859594,36.7431557217,204.169915639,4.79215316616,1.8786987426,10.0358809411,2.68728097268,1.76762133803,1.52049456612,70.5631472636,7.14146863311,7.00294908015,2.69986132,0,5.23294165736,3.1367655219,44.4628935836,3.08918304391,6.0562260699,7.53448324031,6.81985125644,4.00583833494,4.44332551178,1.00498115457,47.4028617797,4.23225132558,0.705914377838,1.6566253909,2.58743090268,1.60432277371,2.36498142023,1.72993239272,2.11059273176,1.97271528275,0.420198302716,5.4523075666,3.74260973875,0.916348058538,1.17362862066,0.576789591418,0.737977682649,0.460258491867,1.49147034894,1.16185070577
sobol__0002997@@infraspinatus@@0.00,117.12393257,125.71245206,-53.40574635,77.4635658,-33.96572731,18.73399371,7.37898837,Infraspinatus,INFSP,0,1,usable,Converged with independently replayed constrained generalized-force equilibrium and small reserve torques,513.423722,0.784624739744,3.73310058421e-08,7.30437932361e-12,2.31764370123e-05,9,0,0.370268567973,0.463693593793,0.0181661769452,0.10575723409,0.0100452377498,0.229576450074,0.0100063570684,0.0100150062715,0.0100316710883,0.505171974198,0.119077868884,0.201141610012,0.167374517294,0.0459214640242,0.0100139992374,0.0100452377498,0.0984779811653,0.0963837196592,0.0190352106725,0.0100090227153,0.010000613911,0.0100043135222,0.0100025305097,0.0100047526442,0.0100067065933,0.015332780859,0.0590980391301,0.010004111556,0.0100203211799,0.0100103815789,0.0144541264204,0.0196924530459,0.0100212297707,0.010013026538,0.0100110388752,0.0100146393601,0.01001947673,0.0100207038394,0.0100169991066,0.0100139447418,0.0101714331037,0.030405451704,0.0209368513939,0.0104642499973,0.0164631651363,0.0101158837521,0.0100355791331,0.0100219542165,0.0100088382037,0.0100102498028,122.300471798,457.466345219,2.77677218394,46.9645544003,0,223.878265941,2.04251953628,1.1622196415,4.4531110048,329.930167413,57.0934193123,56.0086008959,52.4809514963,8.43641495576,2.08272293884,0,68.4608211221,65.5797743844,4.69117003132,3.70040099458,5.00125585368,2.46816727465,11.277645526,2.66088357809,3.37443228065,3.68259320326,11.393568334,3.98189865231,2.67848539003,0.973240631055,7.97443643526,5.48463508868,0.670951071276,1.61694561715,2.59074743078,1.62191041479,2.37244210071,1.73241503699,2.08274518282,1.9753382879,0.289724517679,3.16859921005,1.77783609634,0.492101726968,1.04103401416,0.392334659836,0.612252239085,0.414987544347,1.74237887472,1.10613750582
sobol__0003935@@latissimus_dorsi@@0.75,-58.21786431,122.34819425,74.10890208,97.07782362,71.26864769,13.11143512,-33.10929288,Latissimus dorsi,LAT1;LAT2;LAT3,0.75,0,capacity_limited,At least one muscle reached the conservative capacity threshold while nontrivial reserve torque was still required,247.721958,6.4622959215,3.12897867616e-08,6.39701596583e-07,0.0117347820002,29,3,,,,,,,,,,,,,,,,,,,,,,,,,,,,,,,,,,,,,,,,,,,,,,,,,,,,,,,,,,,,,,,,,,,,,,,,,,,,,,,,,,,,,,,,,,,,,,,,,,,,
sobol__0001720@@brachialis@@0.75,-30.31259087,4.18657316,52.24610911,0.30780409,-59.16103981,2.8318941,8.87312899,Brachialis,BRA,0.75,1,usable,Converged with independently replayed constrained generalized-force equilibrium and small reserve torques,635.153876,0.724967699712,9.73344905564e-07,5.45483333416e-13,3.27592488118e-05,10,0,0.101138568687,0.010010679132,0.0100042591107,0.339559763077,0.0100008056248,0.0867791495384,0.01000486448,0.0787164119394,0.0731746785566,0.0246926759923,0.0100036059954,0.140786641163,0.0498638178378,0.0763634206804,0.070628842016,0.261988710236,0.544030758891,0.396525777911,0.0100834603606,0.0100069712177,0.0933693925527,0.0100035977333,0.0100015463326,0.0100050725346,0.0306626501898,0.0100261656369,0.0469548092577,0.0100068202837,0.0100026249861,0.0100329091848,0.0100450775151,0.0389973211569,0.01003740942,0.0100172166483,0.0143585869666,0.0120825384208,0.0100401802554,0.0100603642224,0.0101085108938,0.0110480732215,0.0136114346604,0.0600760217957,0.0474464111728,0.0276434093772,0.0229052700483,0.0101643634642,0.0111669684135,0.0132668020106,0.0141689767885,0.0310995628677,79.7927813641,10.9631299932,1.99709049413,169.045471426,7.25396286198,107.120063449,2.69147267672,9.76627172282,30.9212029952,14.3562407438,2.50362297552,26.0397096325,4.51701685153,11.642742197,13.0374848496,198.557765196,239.33265136,127.144295192,0,3.50644271132,29.9509491738,2.5141742443,8.63127826634,2.31031639022,9.25455788856,2.20443222744,9.0574380693,3.58214053033,4.78030553069,0.935905256688,1.60234832973,9.76954916113,0.753258152963,1.71302598767,3.71584718873,1.95813014207,2.37738346881,1.73935247396,2.10959612666,2.17959230545,0.438632000346,6.56023756934,4.46339046113,1.34898931071,1.59692923619,0.394040923054,0.802321280127,0.610209481498,2.83011438358,3.62908811731
sobol__0001218@@anterior_deltoid@@0.75,81.30850288,1.26665128,74.65821849,32.17303846,48.80771019,-1.91908246,38.28719149,Anterior deltoid,DELT1,0.75,1,usable,Converged with independently replayed constrained generalized-force equilibrium and small reserve torques,342.608144,0.198018372851,2.27963380617e-07,2.62900812231e-13,0.00029916364916,23,0,0.0100006421574,0.0100005371608,0.0996173645869,0.0100091983053,0.010000988448,0.0100006565776,0.093593823097,0.158592295859,0.0100022863163,0.0100020213455,0.0100012523208,0.161828686394,0.0767333593094,0.111479809461,0.0112770077236,0.1757043723,0.0100025817172,0.0100027442319,0.0100452389174,0.0100452389174,0.136195847148,0.0166408447587,0.157310616067,0.0867469965553,0.0430328725848,0.0486046404213,0.0921329021465,0.0100015061172,0.0100042300691,0.0100042343624,0.0833210988022,0.0101819006788,0.0100078883572,0.0100035990041,0.0100018603716,0.0100027333457,0.0100028041551,0.0100034507641,0.0100027504284,0.0100025429466,0.0110452779692,0.0481118377185,0.0366414000614,0.016662287215,0.0268833745709,0.0111293668751,0.0100426327725,0.010010300926,0.0100037153008,0.010003767851,6.24481294769,10.9905082972,20.0607529933,4.99513365231,5.92199533354,12.4174509869,25.211921597,19.3577125161,4.21879894863,5.81631816356,2.89724366111,28.6917236211,6.45739358596,16.7645711628,2.02091114455,100.053194076,6.42872865642,6.02654633983,0,0,45.4061225415,3.78168903396,185.212722,22.7629487415,12.6928789613,8.68657306442,14.9693627744,3.87735058512,4.22105400176,0.920688175751,46.4242434689,2.57483020498,0.672795781995,1.59582702167,2.42007355488,1.56529959952,2.27810020053,1.65557790603,1.94594243911,1.88111469305,0.209657192238,3.64171337048,2.4177355763,0.655488106442,1.29960118476,0.306749028876,0.545306123692,0.460144545768,1.95783756325,1.12821653191
sobol__0003163@@teres_major@@0.50,10.16104194,88.95952238,-42.93211354,118.53290174,-59.51260231,-9.68641644,12.00789462,Teres major,TMAJ,0.5,1,usable,Converged with independently replayed constrained generalized-force equilibrium and small reserve torques,350.663522,5.68312628013,9.41742738902e-07,3.28270743921e-12,0.00049729719122,26,3,0.0100014941433,0.565804840503,0.198549602946,0.181021204697,0.152735022806,0.160879332294,0.0100064914156,0.0100097803207,0.0100066720657,0.0100005130905,0.0100004744636,0.010004711504,0.0100033835954,0.0100023339302,0.0100013864656,0.0951635945269,0.506443053187,0.505942327733,0.127691632192,0.999999787601,0.413096572466,0.159445761062,0.0100005632367,0.010000099841,0.999999172579,0.999999764507,0.0100001557346,0.363357708923,0.0100000865121,0.0100012274713,0.0100000707121,0.010000410851,0.0100012759372,0.0100003638963,0.0940078229873,0.339485605685,0.0100005304054,0.0100011535783,0.0100052145929,0.672301810674,0.0100025285318,0.0100008451984,0.0405278828558,0.202123135258,0.0100010027726,0.157597564673,0.318980945777,0.394372973415,0.0100009608098,0.686677538393,9.98293696467,220.101802171,37.526054254,29.0545252166,150.072484902,209.749138462,2.53872234677,0.719986032018,4.44202903699,6.55565203802,4.96464801333,2.66660227767,2.88152104926,1.83469823209,1.65071970215,10.295445294,363.315397731,362.59734273,36.1622652285,350.145622782,116.111038177,50.5121556382,9.01039741951,1.43524078459,245.00210036,251.930289958,1.25689144765,131.653558449,2.69906323302,0.818902252803,5.5317194289,2.50136737276,0.37709419084,1.55319416193,24.3277415704,55.1386744141,2.36795154138,1.72911624659,2.0826714677,132.63946003,0.222130837778,0.888874676904,3.22467506583,9.6970826892,0.475895486564,6.29957784596,24.6831578805,18.0968259045,2.00891143592,79.2040704816
sobol__0001065@@pectoralis_major@@0.00,65.13662788,116.54008878,85.79103099,115.96210096,-3.06728981,-6.70423871,42.50594149,Pectoralis major,PECM1;PECM2;PECM3,0,1,usable,Converged with independently replayed constrained generalized-force equilibrium and small reserve torques,327.850385,1.24144624806,8.18103522704e-08,1.99662508749e-12,0.000102308502313,21,0,0.0420476788291,0.489028855323,0.39192203701,0.122390475726,0.0100452383935,0.192512513097,0.823312311781,0.010001065371,0.0100452383935,0.0100452383935,0.0100452383935,0.010000597558,0.0100004906215,0.0100005495084,0.0100006370086,0.0100452383935,0.143418616626,0.143103147965,0.0353805179728,0.0100033369033,0.166766244668,0.0100003753446,0.0100018519324,0.010008354882,0.0100083395442,0.0733998465402,0.119093887125,0.0100028423072,0.0100452383935,0.0100452383935,0.0930558032647,0.0684081640588,0.0100452383935,0.010004152641,0.0100011569033,0.0100017205939,0.0100017032195,0.0100021223532,0.0100016974388,0.0100015783715,0.0153520646128,0.0711023140878,0.0578220489887,0.0285877819091,0.0353603717652,0.0166917246537,0.0100407067542,0.0100079428247,0.0100038944141,0.0100029636271,36.8396435613,189.400457687,73.3979393165,18.9995674827,0,220.48803733,207.993031818,1.42782492312,0,0,0,2.71379761913,3.0124751088,1.87913216792,2.08026445443,0,102.88643002,102.434289959,10.019362733,3.70812549077,60.6765088576,3.16070302776,9.48650104494,0.697026727892,2.8312497603,13.9935003017,14.7849209534,1.13724538879,0,0,47.3499121381,19.4524406925,0,0.678330527103,2.4212127343,1.56744043162,2.28113111939,1.65651103599,1.94945610159,1.88262003993,0.250277664431,4.61103734004,3.41410608041,1.07677129304,1.33138402054,0.464662174962,0.61648474192,0.455526382286,1.93246801107,1.10691466715
sobol__0002997@@teres_minor@@0.75,117.12393257,125.71245206,-53.40574635,77.4635658,-33.96572731,18.73399371,7.37898837,Teres minor,TMIN,0.75,1,usable,Converged with independently replayed constrained generalized-force equilibrium and small reserve torques,526.622697,0.698840502858,3.38073853356e-08,7.42799347902e-12,2.06460002729e-05,11,0,0.36244199923,0.48489618851,0.0142802764316,0.0903589799173,0.239258812232,0.231530840443,0.0100071782353,0.0100109141758,0.0100074385422,0.378924148991,0.0374269519826,0.157916604227,0.120670991069,0.0203933570148,0.0100077655419,0.010045238279,0.0984775825888,0.0963832774985,0.0190349543855,0.0100090227591,0.0100006649006,0.0100033470385,0.0100025305203,0.0100047526558,0.0100067065674,0.0153328393449,0.0590981073648,0.0100041115647,0.0100203216803,0.0100103816072,0.0144537594533,0.0196922763824,0.0100212299021,0.0100130266089,0.010011038912,0.0100146394028,0.0100194768954,0.0100207039835,0.0100169991963,0.0100139447813,0.0101714602251,0.0304054573933,0.0209367905293,0.0104640501089,0.0164630308969,0.0101158912626,0.0100355791813,0.010021954211,0.0100088381921,0.0100102497789,119.715340039,478.384196256,2.18279688097,40.1265148889,248.220549725,225.784147524,1.53201536542,1.16174476267,4.44235405147,247.477125209,17.9448346118,43.9724433967,37.8368734481,3.74654479717,2.08142644775,0,68.4605440358,65.5794735367,4.69110687001,3.70040101072,5.00128135317,2.46792883337,11.277645538,2.66088358121,3.37443227192,3.68260725002,11.393581489,3.98189865575,2.67848552291,0.97324063379,7.97423397693,5.48458588524,0.670951080054,1.61694562857,2.59074744029,1.62191042172,2.37244213986,1.73241506188,2.08274520145,1.9753382957,0.289725290193,3.16859980275,1.77783092796,0.492092326797,1.04102552561,0.392334951078,0.612252241958,0.414987544103,1.74237887278,1.10613750318
sobol__0002687@@biceps@@0.75,-49.16512993,86.86479581,24.2309724,2.05340955,19.47177269,8.41172809,9.95711337,Biceps,BIClong;BICshort,0.75,1,usable,Converged with independently replayed constrained generalized-force equilibrium and small reserve torques,359.788139,1.50602230546,1.13508239252e-07,1.14526092776e-12,4.17038471292e-05,26,0,0.0100089340844,0.989945574199,0.0100046524477,0.0100004374037,0.0100002271798,0.300098732593,0.207038756727,0.0100018147009,0.0100006165064,0.010000181063,0.0100002266756,0.0100027841249,0.0100007583194,0.0100006690568,0.010001450807,0.175206484018,0.470623167422,0.347164926714,0.0100452377939,0.0100452377939,0.0100452377939,0.0100452377939,0.0100007569981,0.0100027619664,0.0100150427632,0.0165642682235,0.0510698552972,0.0100017442523,0.0100011429152,0.0100066659398,0.0100038680827,0.0262983608278,0.0100083082012,0.0100045283031,0.0100049540179,0.0100079413478,0.0100054062903,0.0100071937992,0.0100066401494,0.0100079796661,0.0173595086123,0.0795617455058,0.0623900454035,0.0350732038942,0.0311029995414,0.0138847469166,0.0166731310633,0.0106423083778,0.0100256551677,0.0174585893647,2.32074331699,568.097859064,1.15578226024,2.91732245315,5.11180206935,340.386309233,55.7538969125,1.3267297363,4.36470533793,6.19480775714,4.9721530209,2.17454384814,2.12100488749,1.7580989964,0.974736101684,134.284913121,213.819880797,116.351628692,0,0,0,0,11.5553438627,2.32741490077,2.68036585367,3.34934389986,9.84967543511,4.06068772541,4.56460610846,1.01066321143,4.54855149474,7.15760079148,0.748936068289,1.71006114791,2.57628996459,1.62622662491,2.36716328606,1.72661280941,2.0458288262,1.97405335448,0.559152578918,8.68726627662,5.81546492904,1.7110107978,2.18324314136,0.516884617593,1.01640156242,0.487211577965,1.97437995565,2.03695777727
sobol__0002687@@brachioradialis@@0.25,-49.16512993,86.86479581,24.2309724,2.05340955,19.47177269,8.41172809,9.95711337,Brachioradialis,BRD,0.25,1,usable,Converged with independently replayed constrained generalized-force equilibrium and small reserve torques,332.228213,1.50371637695,1.87912190697e-07,1.34263614468e-12,4.17594288016e-05,26,0,0.0100088701152,0.989876135698,0.0100046740219,0.0100004373112,0.0100002271142,0.299793925209,0.207453574097,0.0100018163583,0.0100006160792,0.0100001809594,0.010000226543,0.0100027899309,0.010000758465,0.0100006689684,0.0100014501577,0.175086355099,0.469220811848,0.346130201576,0.0100452386917,0.0100452386917,0.0100452386917,0.0100452386917,0.0100007592515,0.0100093858377,0.0100152002236,0.0167410094743,0.0511058193739,0.0100017462152,0.0100011451558,0.0100066657576,0.0100038429141,0.0256900036079,0.0100083176982,0.0100045320438,0.0100049475741,0.01000792703,0.0100054053446,0.0100071911482,0.0100066334405,0.0100079634616,0.0173182757843,0.0793933973982,0.0622523113187,0.0349904670578,0.0310710962993,0.013873277244,0.0166694839455,0.0106207082603,0.0100255231273,0.0173400318327,2.32072848208,568.058010759,1.15578475172,2.91732242443,5.1118020335,340.040582142,55.8656039432,1.3267299561,4.36470515153,6.19480769289,4.97215295498,2.17454510996,2.12100491799,1.75809898083,0.974736038414,134.19284174,213.182743944,116.004842856,0,0,0,0,11.5553464683,0.58223903133,2.68040799536,3.38508150048,9.85661170867,4.06068852309,4.5646071298,1.01066319302,4.54854005244,6.99202476417,0.748936778791,1.7100617872,2.57628830502,1.62622429836,2.36716306225,1.72661235193,2.04582745436,1.97405015814,0.557824462303,8.66888451745,5.80262653691,1.70697456484,2.18100372487,0.516457637942,1.01617923185,0.486222710994,1.97435395344,2.02312523435
sobol__0000234@@teres_minor@@0.50,111.98233101,59.98247159,63.89161693,97.49042127,72.94833519,3.01988238,-22.35733976,Teres minor,TMIN,0.5,1,usable,Converged with independently replayed constrained generalized-force equilibrium and small reserve torques,328.373559,2.05566498688,1.57691601999e-08,9.02389274415e-13,0.000164672459364,23,0,0.254622798324,0.0100000683527,0.181884930476,0.0100000669101,0.0488158607536,0.0100000253946,0.755189315699,0.230510907978,0.714344356789,0.0100001555055,0.0100002880829,0.0100016707051,0.0100006762411,0.0100004126048,0.0100135063452,0.889258583142,0.0100074388783,0.0100075616905,0.0100218620721,0.0100452377912,0.0100000741702,0.0100005533715,0.0922281629574,0.0100069846034,0.010064635962,0.0392846040046,0.0318099090111,0.0100025663567,0.0100056112245,0.0100070114882,0.103603854192,0.0228724398206,0.0100148960345,0.0100077151436,0.01000585067,0.0100089241244,0.0100088028443,0.0100105540707,0.0100086849359,0.0100089668824,0.0131196997977,0.0498194474009,0.0414904571565,0.0200144415075,0.0176739270748,0.0128348155328,0.0100816630313,0.010024984882,0.0100086426171,0.010011434906,285.894992283,10.5150670344,33.3969571019,4.98889732492,38.073807027,12.793125084,101.629852986,31.9383647265,207.319080455,4.79211787759,1.87867251661,2.56588850462,2.68700853483,1.76756722827,1.51933556652,125.664382903,7.14358400375,7.00505348509,2.70157245573,0,5.23290000723,3.13660986975,99.3378581203,2.47225042418,3.07714940015,9.91888924514,5.57605682226,4.00570559527,4.44070615076,1.0048905401,42.8450326498,4.60409290022,0.705680555814,1.65632915538,2.58736742364,1.60428841167,2.36477053562,1.72979642889,2.11049671724,1.97268894199,0.41505883393,5.43989785766,3.90835324269,0.976638839467,1.12587460379,0.606015621463,0.738930690468,0.460339886383,1.49145515116,1.16193851441
sobol__0001218@@teres_minor@@0.75,81.30850288,1.26665128,74.65821849,32.17303846,48.80771019,-1.91908246,38.28719149,Teres minor,TMIN,0.75,1,usable,Converged with independently replayed constrained generalized-force equilibrium and small reserve torques,399.933975,0.206733602115,2.31633817238e-07,1.39266376209e-12,0.000296416362491,23,0,0.0100004529397,0.0100005278769,0.107543066247,0.0100085790876,0.0100009589718,0.0100006478199,0.073339754821,0.16407088162,0.0100020418961,0.0100018082837,0.0100011733026,0.169111896838,0.0804026739602,0.117608124903,0.0101110123325,0.18153553824,0.0100025119417,0.010002670355,0.010045238078,0.010045238078,0.13775146465,0.0112739994937,0.161926090414,0.0898770025636,0.0433892294163,0.0483507220101,0.0925174866923,0.0100015159415,0.0100043703793,0.0100042568322,0.0828271186094,0.0101400003025,0.0100079557612,0.0100036299473,0.0100018629846,0.0100027354919,0.0100028129651,0.0100034596467,0.0100027553849,0.0100025438197,0.0110204088032,0.0478490578375,0.0363779293644,0.0164578256697,0.0268472627542,0.0110661162737,0.0100421052267,0.0100102515611,0.0100037123889,0.0100037538092,8.32625972402,10.9904980943,21.6568155267,4.99482462902,5.92197788045,12.4174401127,14.8169725894,20.0264265146,4.21869585619,5.81619426491,2.89722076964,29.9830142208,6.76617987139,17.6861602909,1.81195739206,103.373696426,6.42868381086,6.02650182855,0,0,45.9247474439,2.56205504422,190.646840743,23.5842816861,12.7979891659,8.6411930178,15.0318484428,3.87735439397,4.22111320245,0.920690243684,46.14901118,2.56423430983,0.672800313374,1.59583195795,2.4200741872,1.56529993539,2.278102207,1.65557937613,1.9459434034,1.88111485731,0.209185135422,3.62182286106,2.40035080223,0.647444666294,1.29785546079,0.30500570774,0.545277478397,0.460142276612,1.95783699342,1.12821494833
sobol__0000261@@coracobrachialis@@0.50,106.00576851,72.42387784,54.80958568,105.36151502,63.88583519,-0.19300824,-11.81046476,Coracobrachialis,CORB,0.5,1,usable,Converged with independently replayed constrained generalized-force equilibrium and small reserve torques,399.661672,0.734580920028,6.1815745217e-08,8.85192217968e-13,8.12664651699e-05,25,0,0.264106454072,0.0100001327262,0.0101140998133,0.0100001265416,0.0100006759228,0.010000054612,0.71945774972,0.175490938417,0.25281326606,0.0100005360418,0.0100007461998,0.0411870300161,0.0100025728409,0.0100013235829,0.090410014495,0.155213408841,0.0361429108811,0.0356617562236,0.0102139219301,0.0100452373929,0.010000138514,0.0100026282444,0.0100060576129,0.0100036131004,0.0100083369967,0.0482334034548,0.0551195342872,0.0100020248784,0.0100042293846,0.0100057387262,0.0483640742243,0.0259947240324,0.0100126331004,0.0100063488367,0.010004913732,0.0100073536425,0.0100075364037,0.0100090846009,0.0100073770328,0.0100073145411,0.0132091892477,0.0554014614013,0.0100452373929,0.0208703201347,0.0214257367061,0.0144860445959,0.0100838144778,0.0100202299849,0.0100066281428,0.0100086748486,260.354760152,10.2140078399,1.904048318,4.98154304686,8.99818650843,12.8212582139,193.799362373,25.0962976884,88.6040741855,5.76286761715,3.05803066866,10.8124237722,2.85103506421,1.80848697314,8.03100156764,7.84831980691,25.9161600942,25.2303503819,2.82846630856,0,5.06494311278,3.12588184501,10.5107724828,1.99610383541,2.88969348786,12.1532210201,8.78630988737,3.84193134202,4.21657894022,0.953946075076,17.5140290914,5.824447969,0.666984272694,1.60995374035,2.58916399016,1.62361312076,2.3692164972,1.73047748874,2.08997160326,1.97433786981,0.379428783639,5.9909371019,0,1.01840507453,1.24104474431,0.663797345025,0.717642653468,0.460887952619,1.71138372243,1.16785242916
sobol__0001262@@coracobrachialis@@0.50,44.74600288,60.17290128,-58.93553151,17.95428846,-63.69228981,12.84654254,-53.58780851,Coracobrachialis,CORB,0.5,1,usable,Converged with independently replayed constrained generalized-force equilibrium and small reserve torques,301.774113,6.73268070843,1.93386640035e-08,8.35473303873e-08,0.0016725554515,14,4,0.33147365045,0.263174841361,0.0100000052875,0.01,0.999997219087,0.01,0.999999944321,0.0100000122026,0.999999984592,0.0100000660421,0.0100000141255,0.010000003182,0.0100000005157,0.0100000030523,0.9999997779,0.01,0.439541190985,0.359039278243,0.0100452377722,0.0100003317775,0.960259832577,0.010000369598,0.0100010473866,0.276395980026,0.0100452377722,0.398098686597,0.0880931266511,0.362158629349,0.0101675480562,0.0540337661169,0.771658891856,0.437369232404,0.0669144132098,0.203307644418,0.165677316148,0.0946999305539,0.0477161865466,0.0541019046105,0.103660318195,0.0730647889581,0.0293167622395,0.0837294424278,0.108131009442,0.0674574204646,0.0421532076399,0.0348170400807,0.0205694410871,0.0212140233183,0.0100064588228,0.0101012417557,316.766172832,261.948735586,2.0024910227,4.77389464199,915.802953894,12.0249751503,208.048909431,1.43856944213,443.87350162,6.48455369249,4.58397192867,2.6650001471,2.85228276232,1.80500191627,101.300963445,4.86431142484,259.172703316,172.931271205,0,3.47085161645,432.572239942,1.47830516899,11.75973718,67.2317303462,0,97.2085275504,16.2627108503,64.5260530634,4.40205705111,1.39155666756,155.244294564,107.424945933,3.19122391536,27.1233930845,33.3021582185,11.0599814584,9.84467906686,8.34812780144,21.9577952549,11.542440294,1.15017902303,8.1595602711,9.50620106289,3.01671078323,2.97108885518,1.60162334669,1.81069059996,0.899283231396,0.84514874281,0.986971144465
sobol__0001218@@infraspinatus@@0.75,81.30850288,1.26665128,74.65821849,32.17303846,48.80771019,-1.91908246,38.28719149,Infraspinatus,INFSP,0.75,1,usable,Converged with independently replayed constrained generalized-force equilibrium and small reserve torques,407.84562,0.20042429812,2.4137342769e-07,8.24229573482e-13,0.000291262150864,23,0,0.010000470463,0.0100005403682,0.10373285537,0.0100084725843,0.010001319447,0.0100006656044,0.0948355839831,0.159047132437,0.0100021578774,0.0100019204029,0.0100012243655,0.163169559045,0.0775878565563,0.113310401053,0.0101563381238,0.176468330869,0.0100025477007,0.0100027082178,0.0100452377154,0.0100452377154,0.133836056402,0.0136755080108,0.159529142871,0.0886145334017,0.0432646869746,0.0484918860838,0.0924248396231,0.0100015147351,0.0100043217894,0.0100042547797,0.0812606637134,0.010131453906,0.0100079425734,0.0100036239534,0.0100018637264,0.010002736835,0.0100028122431,0.0100034594818,0.0100027557726,0.0100025452884,0.0110162705311,0.0478756394005,0.0364149389666,0.0165013413544,0.0268506918668,0.0110817054261,0.0100423890321,0.0100102788241,0.0100037173373,0.0100037629222,8.32627431459,10.9905118221,20.8895225998,4.9947714781,4.4416434983,12.4174621952,25.5464220701,19.4132296889,4.21874477516,5.81625946386,2.89723556196,28.9294561802,6.52930266443,17.0398594255,1.82008006062,100.488223056,6.42870679367,6.02652464125,0,0,44.6193955658,3.10780608964,187.824747803,23.2530019664,12.7612544091,8.66642172055,15.0167955382,3.87735392617,4.22109270096,0.920690054764,45.2762252408,2.5620730707,0.672799426779,1.59583100173,2.42007436664,1.56530014555,2.27810204254,1.65557934882,1.94594347878,1.88111513349,0.209106584301,3.62383488987,2.40279283285,0.649156556885,1.29802123142,0.305435377931,0.545292888762,0.460143529812,1.95783796184,1.12821597607
sobol__0001218@@posterior_deltoid@@0.00,81.30850288,1.26665128,74.65821849,32.17303846,48.80771019,-1.91908246,38.28719149,Posterior deltoid,DELT3,0,1,usable,Converged with independently replayed constrained generalized-force equilibrium and small reserve torques,373.150395,0.221525074839,3.07225805463e-07,3.33955085807e-13,9.95583649379e-05,25,0,0.0100003122957,0.0100006806673,0.0100452375339,0.0100048669106,0.0100009790544,0.0100009157296,0.117475922837,0.170778974779,0.0100008940156,0.0100008035224,0.0100007613848,0.202746884782,0.0999108483767,0.158779181365,0.010005135356,0.170613486823,0.0100023381664,0.0100024862996,0.0100452375339,0.0100452375339,0.0883551233237,0.0100045639291,0.174613116658,0.103295080674,0.0451705225341,0.0477685447361,0.0949906907402,0.0100015997616,0.0100052697108,0.0100044566926,0.0572737247318,0.0100332492363,0.010008467559,0.0100038658812,0.0100018988915,0.0100027748035,0.0100028909364,0.0100035457074,0.0100028096892,0.0100025722494,0.0107557198397,0.0456664468402,0.0343297090492,0.0150657728995,0.0265447981973,0.0107176968909,0.0100408697964,0.0100101407544,0.0100037505705,0.0100037399033,8.32614263708,10.9906660092,0,4.99297205103,5.92198977335,12.4177727662,31.6451840315,20.8452137056,4.21821169869,5.81560998063,2.89710143491,35.9463931651,8.4078643051,23.8775514491,1.79298356741,97.1542374156,6.42857212453,6.02639093787,0,0,29.4565777337,2.27357146013,205.584158538,27.1052684231,13.3233953625,8.53714687226,15.4336841366,3.87738688899,4.22149265409,0.92070863678,31.9113571418,2.53723877331,0.672834719735,1.59586959533,2.42008287529,1.56530608715,2.27811996464,1.65559361921,1.94595396777,1.88112020388,0.204160911926,3.45661521048,2.26520162324,0.592681834263,1.28323366185,0.295402528236,0.545210395512,0.46013718315,1.95784446597,1.12821338006
sobol__0001047@@supraspinatus@@0.25,-22.05087212,86.07133878,-38.42771901,8.30585096,-55.56728981,15.71763629,36.88094149,Supraspinatus,SUPSP,0.25,1,usable,Converged with independently replayed constrained generalized-force equilibrium and small reserve torques,336.216631,1.44188376312,4.65945451111e-08,1.01607611214e-12,9.51030187114e-05,29,1,0.34478304435,0.999999736897,0.478816741604,0.0100010204398,0.0100001009567,0.0207717762388,0.0100004099424,0.0100008902573,0.0100003567017,0.0100000934462,0.0100000784073,0.0100011368102,0.0100004701083,0.0100003531256,0.0100003624917,0.114322336215,0.0100022882631,0.0100029378187,0.010045237792,0.151592821167,0.010000356829,0.0100341655763,0.202984912175,0.0217436081794,0.0299941594492,0.059700705883,0.0477826231105,0.0100012330598,0.0100020827417,0.0100034618841,0.0100058367607,0.0100068299939,0.0100065678213,0.0100030391235,0.0100018844516,0.0100028506925,0.0100028705317,0.0100035590353,0.010002843878,0.0100028260232,0.0116607719994,0.0520451647317,0.0378218222429,0.0184284762203,0.0264527575413,0.0131408793005,0.0101146522014,0.0100149905133,0.0100036745947,0.0100051685165,193.477361508,365.464656687,76.3669439777,1.07493493334,10.7243254331,26.6843618343,2.6459766759,1.41138481102,4.41805077568,6.34506210085,4.97234506345,2.58197643038,2.72390584921,1.79656088633,1.18979311948,86.1715802204,5.08819736954,3.90751721982,0,53.5103143503,2.0968399752,0.00416129633327,237.097697276,5.1555358601,7.44749585456,9.61135406389,9.2171062275,4.07926230679,4.12156647963,1.00415441707,1.95422632838,2.54809895854,0.718856665488,1.67442515155,2.52733092688,1.62409659628,2.32366499437,1.69325790551,2.00682661431,1.95960268336,0.323925405399,5.21156620831,3.07358210655,0.815566347773,1.67608252622,0.341076928058,0.521018157978,0.437877457614,2.01069264298,1.16745543356
sobol__0001065@@anterior_deltoid@@0.25,65.13662788,116.54008878,85.79103099,115.96210096,-3.06728981,-6.70423871,42.50594149,Anterior deltoid,DELT1,0.25,1,usable,Converged with independently replayed constrained generalized-force equilibrium and small reserve torques,352.332422,1.42293695331,8.12481637524e-08,1.20387581077e-12,0.000102198143234,24,0,0.120520986119,0.530860716623,0.37297294538,0.153720630408,0.0100452376484,0.198528503615,0.881479664596,0.0100009635017,0.0100004248712,0.0100001017698,0.0100001309693,0.0100005402675,0.0100004350628,0.010000492669,0.0100006187145,0.0100452376484,0.165338732386,0.164975054224,0.0407827054673,0.0100028598681,0.19650715054,0.0100003533087,0.0100016138944,0.0100074920691,0.0100071526528,0.0729998513443,0.118728098394,0.0100028340561,0.0100452376484,0.0100452376484,0.111787699253,0.0806814601182,0.0100452376484,0.010004126248,0.0100011661446,0.010001735436,0.0100017135889,0.010002135125,0.0100017104205,0.0100015902816,0.015457951832,0.0716380243434,0.0583657536952,0.0289405052058,0.0352378174343,0.016745295532,0.0100388170463,0.010007941118,0.0100038800099,0.0100029595957,26.3983071954,205.601901824,69.8492124109,23.8631762293,0,227.378259272,222.6878249,1.42781037952,3.9851983211,6.33347473645,4.62682788896,2.71378207257,3.0124583727,1.87912148762,2.080260649,0,118.611602311,118.090361956,11.5492011627,3.70794865906,71.4974897063,3.16069606314,9.48627527237,0.696966637913,2.83091400187,13.9172422004,14.7395100792,1.13724445039,0,0,56.8813287517,22.9424563505,0,0.678328737385,2.42121497152,1.56744275761,2.28113348435,1.65651315119,1.94945863184,1.88262228176,0.252003895155,4.6457785436,3.44620915466,1.09005677003,1.32676962108,0.466153474444,0.616368716595,0.455526304601,1.93246522858,1.10691422103
sobol__0000317@@biceps@@0.00,80.69326851,115.08012784,89.96583568,78.95526502,-63.61416481,-9.48988324,-21.18546476,Biceps,BIClong;BICshort,0,0,solver_failed,The static optimization solver did not converge,1406.284802,,5.74992734315e-07,,,0,0,,,,,,,,,,,,,,,,,,,,,,,,,,,,,,,,,,,,,,,,,,,,,,,,,,,,,,,,,,,,,,,,,,,,,,,,,,,,,,,,,,,,,,,,,,,,,,,,,,,,
sobol__0002973@@latissimus_dorsi@@0.75,80.56143257,115.55620206,-13.56199635,51.0573158,78.53427269,5.06211871,-35.74601163,Latissimus dorsi,LAT1;LAT2;LAT3,0.75,1,usable,Converged with independently replayed constrained generalized-force equilibrium and small reserve torques,327.90976,2.21175966353,2.69056954494e-08,9.80548975349e-13,0.000166779998445,22,1,0.60343640657,0.539176225816,0.0100059910434,0.0100001408631,0.674142417865,0.0100000636475,0.999998762089,0.0100005593525,0.0100001570298,0.0100000539865,0.0100000731691,0.0100002980582,0.0100002776289,0.010000326851,0.0100003020654,0.0100012823423,0.0566523331184,0.0553047497846,0.0100864773479,0.0100666710162,0.0100002281038,0.0100011619165,0.0100091234278,0.0100020522472,0.0100666710162,0.0517728956501,0.0100029377586,0.0100047354208,0.0100013777391,0.010012574367,0.286158883841,0.0534302222111,0.0100098045474,0.0100050236942,0.0100145072568,0.0100448658229,0.0100081528285,0.010012353003,0.0100159521501,0.0106519282103,0.0100501558812,0.0100276212568,0.0170924818053,0.0202782097187,0.0100154066854,0.0100705479963,0.0102597569684,0.0270586940357,0.0117379633117,0.0586688399413,537.915979529,392.745534149,1.85484746358,4.94905704797,704.730653502,13.0619369723,254.120924594,1.27878144752,4.39926310164,6.54161669418,4.9655709993,2.0663652115,2.30098555757,1.41056904518,2.08012410044,0.523251508017,37.8374868758,36.0583325906,0.497772058231,0,3.78343649378,0.488998549592,11.7615843243,2.75645889704,0,13.056673493,1.92850581555,3.55979570632,4.79798906996,0.749787896796,152.995707199,10.1876069931,0.737967810526,1.70944627302,2.54828022823,1.53226696418,2.3293627771,1.71931545355,2.12609402264,2.07417020156,0.360482369585,1.08823057027,1.61313210858,0.974397848195,0.72215024527,0.476314913708,0.791685385427,1.23361840171,1.43720617093,6.56434223702
sobol__0001047@@posterior_deltoid@@0.25,-22.05087212,86.07133878,-38.42771901,8.30585096,-55.56728981,15.71763629,36.88094149,Posterior deltoid,DELT3,0.25,1,usable,Converged with independently replayed constrained generalized-force equilibrium and small reserve torques,315.083808,2.04239383017,4.21948698204e-08,2.57216470345e-12,0.000226065662667,29,1,0.586620202315,0.999999924699,0.309473425639,0.0100000965801,0.0100000353184,0.0259720723822,0.0100001660087,0.010000391939,0.0100001382808,0.0100000328756,0.0100000268393,0.0100005371996,0.0100002025438,0.0100001457323,0.0100001457705,0.424087394658,0.0100007926663,0.0100010297143,0.0100452378281,0.171417509828,0.0100001380659,0.0100252812581,0.601347971975,0.118591029245,0.0200818050768,0.0805344656992,0.0487417779678,0.0100013498339,0.0100034927748,0.0100033374475,0.0100120493356,0.0100061564786,0.0100075145438,0.0100034914512,0.0100015628163,0.0100023422733,0.0100025520342,0.0100031159686,0.0100024365666,0.0100022984432,0.0111683827387,0.0433346264681,0.0323769540824,0.012768695799,0.0259570933773,0.0136700005003,0.0100407973965,0.0100091843221,0.0100023323815,0.0100030881661,329.185935605,365.464724025,12.3395537954,4.29934254151,10.7242550421,33.3648971096,2.64591213465,1.41131448548,4.41795427969,6.34502366693,4.97231942227,2.58182163007,2.7238329714,1.79652362834,1.18976733318,319.660025827,5.08743655312,3.90677184235,0,60.508174235,2.0967941024,0.00415761156036,702.407966615,28.1186222124,4.98627608811,12.9654290103,9.4021239522,4.07930993613,4.12214751271,1.00414192602,1.95543969726,2.54792745727,0.718924676574,1.6745008674,2.52724965425,1.62401404761,2.32359100741,1.69318290955,2.00674489715,1.9594993278,0.310247289488,4.33933250286,2.63110608705,0.565088424756,1.64467657375,0.354810486372,0.517213806209,0.437623598142,2.01042286429,1.16721268738
sobol__0003163@@teres_major@@0.00,10.16104194,88.95952238,-42.93211354,118.53290174,-59.51260231,-9.68641644,12.00789462,Teres major,TMAJ,0,1,usable,Converged with independently replayed constrained generalized-force equilibrium and small reserve torques,368.032775,5.68240064686,9.37416698932e-07,5.04328495164e-12,0.000497422406092,25,3,0.0100014690458,0.56532095472,0.199429991532,0.181083904132,0.15188383065,0.16022971335,0.0100064925165,0.0100452374212,0.0100065748083,0.0100005128605,0.0100004744929,0.0100047547731,0.0100034110084,0.0100023428053,0.0100013859206,0.0955491193362,0.506342353294,0.505841688385,0.127666254265,0.999999787685,0.412633090751,0.159698183238,0.0100005633492,0.0100000998184,0.999999172719,0.999999764561,0.0100001557069,0.363275190444,0.0100000864974,0.0100012271924,0.0100000706936,0.0100004107452,0.0100012757163,0.0100003638273,0.0939941862426,0.339522319631,0.0100005303195,0.0100011533834,0.0100052131147,0.67240063375,0.0100025280884,0.0100008450203,0.040506418398,0.202138829964,0.0100010026058,0.157614830261,0.31903081313,0.394436881715,0.0100009607308,0.686798956761,9.98291190993,219.913567576,37.6924484901,29.0645886979,149.236131069,208.902186826,2.53872262603,0,4.44198586377,6.55565188728,4.96464802784,2.66661381032,2.8815289456,1.83469985996,1.65071961229,10.3371539952,363.243156989,362.525216805,36.1550782007,350.145622809,115.980765081,50.5921225698,9.01039751625,1.43524077932,245.002100182,251.930289971,1.25689144404,131.623659938,2.69906322786,0.81890222972,5.5317194184,2.50136734624,0.37709418226,1.55319415117,24.324212596,55.1446374308,2.36795152104,1.72911621288,2.08267116001,132.658956987,0.222130827945,0.88887466111,3.22296720715,9.69783566049,0.475895478617,6.30026799582,24.6870166813,18.0997585024,2.00891142006,79.2180753503
sobol__0000234@@pectoralis_major@@0.25,111.98233101,59.98247159,63.89161693,97.49042127,72.94833519,3.01988238,-22.35733976,Pectoralis major,PECM1;PECM2;PECM3,0.25,1,usable,Converged with independently replayed constrained generalized-force equilibrium and small reserve torques,355.182113,2.46049591039,1.27510730863e-08,2.09232632568e-12,0.000249962098897,24,0,0.356051939427,0.0100000518206,0.010003275488,0.0100000760638,0.0100001015197,0.0100000240427,0.633679726631,0.77227034873,0.465611526223,0.0100004511904,0.0100008421754,0.506286375033,0.0100027246597,0.0100004230615,0.0100318110872,0.911661374442,0.0100072781391,0.0100073988192,0.0100215675662,0.0100452376899,0.0100000940096,0.0100005962214,0.0946609361792,0.0100072899115,0.0100783311934,0.0392994186182,0.0318466602922,0.0100025795057,0.010005662545,0.0100070413909,0.103669837986,0.0227262457508,0.0100149769055,0.0100077585122,0.0100058537102,0.0100089265938,0.0100088051008,0.0100105575047,0.010008686952,0.0100089665142,0.0131087712528,0.0497834252903,0.0414601379598,0.0200017679058,0.0176733717095,0.0128364400969,0.0100818833514,0.0100249920978,0.0100086425485,0.0100114381441,399.781430187,10.5150496508,1.83675998599,4.98890189156,7.79955386707,12.7931233544,170.555319358,107.00166982,33.7827801642,1.19806489288,0.469694152452,129.885738899,2.68755890954,1.76756907649,1.52211291998,128.830203254,7.1434692637,7.00493947907,2.70149306638,0,5.23291038893,3.13662330941,101.958169243,2.47232585133,3.08133656336,9.92262975659,5.58249906712,4.00571086101,4.4407289279,1.00489354287,42.8723200305,4.57466485982,0.705686254229,1.65633633309,2.58736820979,1.6042888075,2.36477106876,1.72979702227,2.11049714235,1.97268886941,0.414713095115,5.43596452213,3.90549720928,0.976020409439,1.12583922553,0.606092327764,0.738946838701,0.46034021773,1.49145514106,1.16193889023
sobol__0001047@@teres_major@@0.00,-22.05087212,86.07133878,-38.42771901,8.30585096,-55.56728981,15.71763629,36.88094149,Teres major,TMAJ,0,1,usable,Converged with independently replayed constrained generalized-force equilibrium and small reserve torques,333.198215,1.45806128095,7.87676466274e-08,1.20949150034e-12,9.69523956634e-05,28,1,0.347575149166,0.999999745114,0.489523993069,0.0100002463235,0.0100000985419,0.0261511103887,0.0100004014063,0.0100452381397,0.0100003492683,0.0100000914392,0.010000076707,0.0100011222368,0.0100004622402,0.010000346605,0.0100003552898,0.118861955587,0.0100022271699,0.0100028606088,0.0100452381397,0.151882698099,0.0100003490421,0.010033997574,0.208823661922,0.0231595540091,0.029849097714,0.060006369086,0.0477965899497,0.0100012346275,0.0100020951521,0.0100034599962,0.0100058812783,0.0100068190559,0.0100065799721,0.0100030449067,0.0100018787902,0.010002841659,0.0100028652896,0.0100035516334,0.0100028369297,0.0100028165553,0.0116528857927,0.0519177411001,0.0377422081188,0.018344483438,0.026445372307,0.0131487664576,0.0101117454904,0.0100148530714,0.0100036439201,0.0100051180743,195.044170274,365.464658223,78.0746538382,4.29940692419,10.7243228453,33.5948974165,2.64597441797,0,4.41804749163,6.34506082501,4.97234421803,2.58197266804,2.72390370673,1.79655971506,1.18979226014,89.5933627562,5.08816629368,3.90748706133,0,53.6126371778,2.09683833776,0.00416122633378,243.917682598,5.49126484546,7.41147728168,9.66056347934,9.21980038349,4.07926294622,4.12157158797,1.00415422754,1.95423502465,2.54809617357,0.718857538263,1.67442611945,2.5273294963,1.62409512957,2.32366377651,1.69325665255,2.00682522022,1.95960082853,0.323706334003,5.19880658487,3.06711228194,0.811849182522,1.67561458803,0.341281642152,0.520868428974,0.437871447858,2.01068647754,1.16744954769
sobol__0002687@@infraspinatus@@0.75,-49.16512993,86.86479581,24.2309724,2.05340955,19.47177269,8.41172809,9.95711337,Infraspinatus,INFSP,0.75,1,usable,Converged with independently replayed constrained generalized-force equilibrium and small reserve torques,344.809405,1.49656135473,1.40453406683e-07,9.06727139971e-13,4.11342128774e-05,26,0,0.0100097313096,0.987775025962,0.0100045712738,0.0100004448217,0.010000310436,0.293965639839,0.201749004046,0.010001808445,0.0100006192007,0.0100001825683,0.0100002284596,0.0100027385418,0.0100007617506,0.0100006733483,0.0100014614935,0.174691701481,0.471176621702,0.347573155791,0.0100452377023,0.0100452377023,0.0100452377023,0.0100452377023,0.0100007561124,0.0100027589723,0.0100150098552,0.0165202888692,0.0510811591451,0.0100017435551,0.0100011421024,0.0100066660576,0.0100038610887,0.0262872904135,0.0100083054855,0.0100045269581,0.0100049549593,0.0100079433471,0.0100054059528,0.0100071937789,0.0100066406469,0.0100079820074,0.0173669687458,0.0795984628504,0.0624181867554,0.0350909938892,0.0311155316422,0.0138849524583,0.0166825886633,0.0106508672311,0.0100257250611,0.0175087539323,2.32092816454,566.852251634,1.15577288176,2.91732461501,3.83388346838,333.429862631,54.3294084233,1.3267289064,4.36470651394,6.19480868962,4.97215390791,2.17453393825,2.12100561476,1.75809975081,0.974737143223,133.890364206,214.071333735,116.488445928,0,0,0,0,11.55534284,2.32741420431,2.68035704636,3.34045114433,9.85185557118,4.06068744252,4.56460573706,1.01066322333,4.54854831535,7.15458776699,0.748935865024,1.71006091798,2.57629020693,1.62622694979,2.36716320619,1.72661280589,2.04582892786,1.97405381628,0.559392870897,8.6912754062,5.81808802401,1.71187866472,2.18412281907,0.516892269135,1.01697810176,0.487603407653,1.97439372008,2.04281066172
sobol__0000317@@posterior_deltoid@@0.00,80.69326851,115.08012784,89.96583568,78.95526502,-63.61416481,-9.48988324,-21.18546476,Posterior deltoid,DELT3,0,1,usable,Converged with independently replayed constrained generalized-force equilibrium and small reserve torques,350.505612,4.20907106109,5.81996424387e-07,3.76587649953e-12,0.000767169764218,25,1,0.0100000252418,0.0100007570811,0.0100452375467,0.0100001136967,0.644393597676,0.0100000631108,0.999999513117,0.0100018828743,0.0100000411304,0.0100000393328,0.010000055678,0.0100006955185,0.541613999733,0.233834498168,0.0100002636033,0.0100452375467,0.645404791972,0.631711264725,0.125006192147,0.604441763371,0.428140866116,0.0100001496362,0.0100003939156,0.0100002398775,0.664791706714,0.519075208107,0.0100004943551,0.421142336464,0.0100002058887,0.0100144962627,0.0100003664438,0.0100021735276,0.0100028085034,0.0100016226108,0.182104111654,0.169638233865,0.0100040578717,0.0100263043126,0.109926173998,0.246882380145,0.0100055036995,0.0100012311449,0.0100059608298,0.0150004451484,0.010002464671,0.01004391142,0.0100061903959,0.078241610138,0.0264093887178,0.174462744155,4.97541507808,5.77586764418,0,2.23521425102,693.024287501,11.3613344588,265.354346467,1.4229121025,3.93822949254,6.342134099,4.62269022176,2.71766776287,163.73398015,43.9531689949,2.06756659473,0,449.615645122,430.738952274,31.2213523729,209.821240511,198.947642356,3.15425695748,11.2409153574,2.6992045862,210.000822837,127.092394861,1.53225732501,171.780665873,4.78744853429,1.00951549331,4.71634806193,2.45751311784,0.750648967092,1.71197804568,44.9298756968,24.8103944361,2.230198395,1.68716702048,23.3470289614,47.1932069655,0.294431007229,1.08879997065,0.944387899916,0.72893884076,0.609621612971,0.474934978019,0.848630905345,3.598979482,3.97934427871,20.3578935814
sobol__0002997@@pectoralis_major@@0.25,117.12393257,125.71245206,-53.40574635,77.4635658,-33.96572731,18.73399371,7.37898837,Pectoralis major,PECM1;PECM2;PECM3,0.25,1,usable,Converged with independently replayed constrained generalized-force equilibrium and small reserve torques,492.243331,0.964258320341,3.95554593524e-08,5.25073479488e-12,2.72099677451e-05,9,0,0.425716582961,0.44758604878,0.0233201554297,0.174579819633,0.53150871998,0.329153911679,0.0100060205445,0.0100161488978,0.0100917132535,0.180795129779,0.0598206192935,0.238738477442,0.192603136713,0.047223547442,0.0100419587091,0.0100452377708,0.0984789166165,0.0963845768172,0.0190353582635,0.0100090225723,0.0100005386814,0.0100062280214,0.0100025304871,0.010004752624,0.0100067065848,0.0153327851496,0.0590980611777,0.0100041115626,0.0100203210013,0.0100103815889,0.0144548893249,0.019692777118,0.0100212297566,0.0100130265435,0.0100110389371,0.0100146394317,0.0100194768169,0.0100207039233,0.0100169991915,0.0100139448023,0.0101714341812,0.0304054440572,0.0209368737221,0.0104642437852,0.0164630775094,0.0101158840451,0.0100355791398,0.0100219542498,0.0100088382189,0.010010249823,140.615065258,441.575119089,3.56457823357,77.5272114096,551.41704255,320.984173313,2.04245084151,1.16235224056,1.1199410086,29.5195351663,7.17044177165,66.477583136,60.3914863474,8.67562588282,2.08853798152,0,68.4614714367,65.5803575965,4.69120640423,3.70040094197,5.00121822992,2.46863960129,11.2776455007,2.66088357276,3.3744322778,3.68259423302,11.3935725846,3.98189865475,2.67848533979,0.973240631956,7.97485733501,5.48472534813,0.670951070255,1.61694561797,2.5907474468,1.62191042643,2.37244212127,1.73241505148,2.08274520039,1.97533829983,0.28972454832,3.16859841263,1.77783799201,0.492101434756,1.04102847302,0.392334671078,0.612252239304,0.414987545701,1.74237887765,1.10613750807
sobol__0002973@@pectoralis_major@@0.00,80.56143257,115.55620206,-13.56199635,51.0573158,78.53427269,5.06211871,-35.74601163,Pectoralis major,PECM1;PECM2;PECM3,0,1,usable,Converged with independently replayed constrained generalized-force equilibrium and small reserve torques,338.770992,1.8524683208,3.00320124325e-08,2.06767936106e-12,0.000123587304032,22,1,0.496854617914,0.52033186622,0.0100055321147,0.0100001273088,0.482152411319,0.0100000578533,0.999996711463,0.0100004956238,0.0100452377887,0.0100452377887,0.0100452377887,0.0100001951347,0.0100001820358,0.0100002147335,0.0100002641671,0.0100011364969,0.056650633758,0.055302849759,0.0100587638816,0.0100452377887,0.0100002000761,0.0100009956806,0.0100061743665,0.0100013863759,0.0100452377887,0.0517517635118,0.0100019844867,0.0100032075231,0.010000929408,0.0100085188554,0.286154837132,0.0534250244462,0.0100066365193,0.0100033990277,0.0100098377142,0.0100305188088,0.0100055183553,0.0100083650378,0.0100108106364,0.0105354486476,0.0100339399664,0.0100186452173,0.0170122868985,0.0202417375672,0.0100104180507,0.010047788064,0.0101812533773,0.0270731197841,0.0116821623278,0.0587397221459,442.906718121,379.018967972,1.85476239025,4.9490503397,504.029378532,13.061929404,254.120403484,1.27877329827,0,0,0,2.75512525921,3.06795141654,1.88073764102,2.08011621737,0.523243875604,37.8363518921,36.0570937873,0.496404387695,0,3.78342589028,0.488990421118,11.7581189225,2.75627539005,0,13.051344152,1.9283220305,3.55925206435,4.79777399084,0.749484201662,152.993543609,10.1866159284,0.737734249375,1.7091686845,2.54709202186,1.53007843778,2.32874961277,1.71863064253,2.12500262949,2.0514890088,0.359900731628,1.08725646088,1.60556357755,0.972645307649,0.721790545056,0.475238418647,0.785627722744,1.23427607827,1.43037385174,6.57227310915
sobol__0001262@@posterior_deltoid@@0.00,44.74600288,60.17290128,-58.93553151,17.95428846,-63.69228981,12.84654254,-53.58780851,Posterior deltoid,DELT3,0,1,usable,Converged with independently replayed constrained generalized-force equilibrium and small reserve torques,446.63656,3.55772873061,6.45653308595e-08,4.61852778244e-12,0.000296618292698,11,2,0.0173443323476,0.675851203618,0.0100452377019,0.0100000444207,0.305778079426,0.010000025826,0.999998892708,0.0100001109552,0.999999811382,0.0100002722949,0.0100001059455,0.0100000620709,0.0100000476253,0.0100000611118,0.903811973906,0.0100000328362,0.0365237156912,0.0298430304749,0.0100452377019,0.0100011622379,0.255403512081,0.0100012223074,0.0100101170607,0.100630014958,0.0100452377019,0.121797743915,0.0122132822624,0.117551638368,0.0128836252381,0.0174258490021,0.232837666655,0.124906396451,0.0217668457629,0.065663239554,0.0486105472972,0.0280832177949,0.0130600487972,0.0153285832123,0.0300229881655,0.0220878032693,0.0101043273893,0.0165523437192,0.0257346948684,0.0173367954118,0.0101674916525,0.0104412713575,0.0101091818108,0.0101413106852,0.0100173716059,0.0100717133064,16.5747647454,672.702479141,0,4.77391584762,280.033247068,12.0250062056,208.048690595,1.43858364836,443.873424737,6.48468743749,4.58401401872,2.66501584096,2.85229619924,1.80501239599,183.114088136,4.86432739608,21.5359796309,14.373895877,0,3.47113984752,115.052682204,1.47843122131,11.7704017615,24.4776716028,0,29.7408148858,2.25467168123,20.9442565907,5.57798724172,0.448775980863,46.8428728434,30.6790279069,1.0380854507,8.76017162671,9.77101859688,3.27983205776,2.69451518053,2.36525816592,6.35960450974,3.48932986862,0.396421177422,1.61305082532,2.26243318155,0.775305330482,0.71663635642,0.480310328971,0.889892943636,0.429900095156,0.846070439852,0.984085981562
sobol__0002997@@posterior_deltoid@@0.50,117.12393257,125.71245206,-53.40574635,77.4635658,-33.96572731,18.73399371,7.37898837,Posterior deltoid,DELT3,0.5,1,usable,Converged with independently replayed constrained generalized-force equilibrium and small reserve torques,540.719142,0.699355566991,3.46251951555e-08,7.39149982636e-12,2.06581527392e-05,11,0,0.362646984708,0.485164312692,0.0101485681969,0.0904238038454,0.239292731263,0.231716883149,0.0100055995873,0.0100109052693,0.0100074277076,0.379041883167,0.0373854400361,0.157945926469,0.120667263641,0.0203606623551,0.0100077582888,0.010045238293,0.0984775175416,0.0963832917405,0.0190352649664,0.0100090227598,0.0100006647093,0.0100033461016,0.0100025305236,0.0100047526614,0.0100067066162,0.0153327341303,0.0590979521984,0.0100041115525,0.0100203212231,0.010010381573,0.0144537728785,0.0196922146355,0.0100212297928,0.0100130265303,0.0100110388352,0.0100146393166,0.0100194766633,0.0100207037817,0.0100169990496,0.0100139447035,0.0101714705082,0.030405462055,0.0209371040141,0.010464063634,0.0164632674485,0.0101158925352,0.0100355794347,0.0100219542606,0.0100088381996,0.0100102498052,119.783047011,478.648719594,0.775624446451,40.1553018334,248.255739247,225.965572642,2.04236491915,1.16174372913,4.4423492419,247.554017956,17.924931175,43.9806082803,37.8357046988,3.74053833082,2.08142493925,0,68.4604988141,65.5794832255,4.69118341096,3.70040101086,5.00128125695,2.46792860113,11.2776455421,2.66088358284,3.37443228839,3.68258198044,11.3935515744,3.98189865121,2.67848540406,0.973240630576,7.9742413831,5.48456868755,0.670951072865,1.61694561599,2.59074742042,1.62191040773,2.3724420849,1.73241502701,2.082745171,1.97533828034,0.289725583161,3.16860028916,1.77785754763,0.492092962914,1.04104048393,0.392335000541,0.612252257544,0.414987546157,1.74237887375,1.10613750602
sobol__0001218@@supraspinatus@@0.50,81.30850288,1.26665128,74.65821849,32.17303846,48.80771019,-1.91908246,38.28719149,Supraspinatus,SUPSP,0.5,1,usable,Converged with independently replayed constrained generalized-force equilibrium and small reserve torques,389.967624,0.202348434687,2.32030687997e-07,1.03739239421e-12,0.000296348361164,15,0,0.0100014885305,0.0100017101138,0.101875286396,0.0100524649267,0.0100030302065,0.0100020631658,0.0949121381393,0.161335261229,0.0100067197382,0.0100058689253,0.010003792624,0.166342812905,0.078819341088,0.114838039625,0.0106240497261,0.174634924232,0.0100081796627,0.0100086929799,0.0101408454712,0.0101408454712,0.139977792348,0.0119653264728,0.156412021472,0.0861514897024,0.0429434431153,0.0486362167325,0.0920482028524,0.010004751423,0.0100132505971,0.0100133213634,0.0834026985032,0.0105288003826,0.0100247790721,0.0100113199766,0.0100058694758,0.0100086142725,0.0100088335889,0.0100108662294,0.0100086665987,0.0100080163502,0.011539547728,0.04816237986,0.0367062933476,0.0168302244858,0.0269354794943,0.0116181013601,0.0101331154164,0.0100324141699,0.0100117034403,0.0100118740682,8.32712194449,10.991797363,20.5154489379,2.50836302331,5.9232043424,12.4191974962,25.5670439159,19.6925177778,4.22066889264,5.81855558603,2.89797955636,29.4920642359,6.63293660298,17.2695889669,1.90389693947,99.4442069822,6.43232649478,6.03013039659,0,0,46.6669793949,2.7191614708,184.154744128,22.6066840573,12.6665010455,8.69221635043,14.9556011946,3.87860871451,4.22486000513,0.921524451077,46.4697085965,2.66255526376,0.673931286441,1.59705871204,2.42104360712,1.5662198892,2.2794733809,1.65680517058,1.94709337523,1.8821440413,0.219039229553,3.64553904015,2.4220174762,0.662094695432,1.30212005093,0.320219591038,0.550219251585,0.461161027557,1.95940093038,1.1291307443
sobol__0003872@@brachioradialis@@0.00,-59.62411431,46.17631925,2.62452708,14.81219862,5.01864769,24.86924762,-56.54679288,Brachioradialis,BRD,0,1,usable,Converged with independently replayed constrained generalized-force equilibrium and small reserve torques,451.724657,0.752618852853,2.2721163333e-06,2.51313314325e-12,0.000219216039245,23,0,0.010009914623,0.272014457776,0.0844544961938,0.010007452108,0.0100037171857,0.0602862873092,0.0191700114693,0.0194691250529,0.0100038899203,0.0100011969194,0.0100013392568,0.0338397911691,0.0101415618659,0.0100105118068,0.0100035900981,0.12999116839,0.010005569057,0.0100067620318,0.0100452377628,0.0100452377628,0.197597870821,0.262859316275,0.0703485054812,0.0100452377628,0.0100452377628,0.350360054302,0.497678205061,0.0100009828458,0.246010106962,0.010004021946,0.0100001793049,0.0100003812733,0.010031147952,0.0100048147292,0.010001059779,0.0100015038545,0.0100058931964,0.0100044876134,0.0100018610806,0.0100014488506,0.0725835541329,0.170493722781,0.119195925563,0.0100248860287,0.213966889358,0.0639694988512,0.0580586701064,0.010004873907,0.0100038411639,0.0100021051803,1.12305862194,278.556587849,6.64746213171,4.65104579124,9.48253834556,74.0657338676,4.93193401142,1.79923967148,4.44076524125,6.52626221545,4.57416338643,5.5418737366,0.715490936127,1.60532378954,2.0773153937,99.5287802689,5.65601473462,4.52058366112,0,0,11.9499048427,21.9786918413,82.617203457,0,0,86.0700809513,87.0500100803,2.10662425655,118.028810973,0.362480211716,4.44587262361,2.80879413264,0.619199868489,1.55234123818,2.2146945603,1.26935609881,2.26883596582,1.67219798879,2.12430168992,1.68234899331,2.76714796891,14.1577233662,10.2967971766,0.447001246634,14.5906658495,2.90099026975,4.92459608587,0.370591400807,0.662198645461,0.841912253528
sobol__0003903@@middle_deltoid@@0.25,-53.99911431,107.11381925,16.68702708,116.37469862,-9.98135231,-2.47450238,-15.29679288,Middle deltoid,DELT2,0.25,1,usable,Converged with independently replayed constrained generalized-force equilibrium and small reserve torques,492.055173,2.52590675984,5.59956845336e-08,1.64490643328e-12,0.000594073898805,19,1,0.844982936558,0.292544078156,0.0100002752888,0.527533757687,0.0100001555407,0.010000593477,0.010045237786,0.0100009157659,0.0100000880972,0.010000029665,0.0100000399682,0.132912761315,0.0100001914943,0.0100001745234,0.0100005831428,0.999999246532,0.244239372619,0.243763270623,0.060442125791,0.0100013003694,0.38558469971,0.0100002400119,0.010001110876,0.0100091203389,0.0100420339331,0.0540884040555,0.0184453536664,0.0100051201777,0.0100029116155,0.0100091631465,0.336539810088,0.179155037996,0.0100154960137,0.0100092640003,0.0100547091505,0.0100989205206,0.0100188908875,0.0100254339386,0.0100436958484,0.0100663253857,0.0117383852747,0.0487907780618,0.0489089073523,0.0250017307304,0.0114014083403,0.0139891085339,0.0100367795662,0.0100323161253,0.0100074368775,0.010013962136,394.915348879,16.2415301279,1.8106144672,126.96416764,3.07207268441,11.5337273293,0,1.39593296934,4.0317017147,5.03981912844,4.84805327437,33.2192402563,2.79664800833,1.82355166308,0.625655995341,179.99215134,175.213862405,174.531430381,17.1168616051,3.79169395636,202.466646994,2.31876160397,9.41336045708,0.729708805632,1.62271321604,13.6567041023,3.09525932272,3.77472186755,3.55168613258,0.930769580707,173.209416244,51.0041778904,0.547193638445,1.58813342077,2.59814631381,1.60125008735,2.36230504969,1.73150840144,2.12489694112,1.98010127473,0.354906964466,5.32046073236,4.59767134101,1.220013749,0.687447716721,0.655517599677,0.799273669306,0.461468016999,1.650407608,1.16849403835
sobol__0002687@@biceps@@0.00,-49.16512993,86.86479581,24.2309724,2.05340955,19.47177269,8.41172809,9.95711337,Biceps,BIClong;BICshort,0,1,usable,Converged with independently replayed constrained generalized-force equilibrium and small reserve torques,330.679435,1.50602229863,1.28589343174e-07,1.60582658282e-12,4.17038464174e-05,26,0,0.0100089340845,0.989945573335,0.0100046524478,0.0100004374037,0.0100002271798,0.300098731871,0.207038755911,0.0100018147009,0.0100006165064,0.010000181063,0.0100002266756,0.0100027841249,0.0100007583194,0.0100006690568,0.010001450807,0.175206484508,0.470623164348,0.347164924479,0.0100452377938,0.0100452377938,0.0100452377938,0.0100452377938,0.0100007569981,0.0100027619665,0.0100150427633,0.0165642684713,0.0510698552585,0.0100017442523,0.0100011429152,0.0100066659398,0.0100038680827,0.0262983609596,0.0100083082012,0.0100045283031,0.0100049540179,0.0100079413478,0.0100054062903,0.0100071937992,0.0100066401494,0.0100079796661,0.0173595085708,0.0795617452796,0.062390045186,0.0350732038271,0.0311029994937,0.0138847469163,0.0166731310217,0.010642308338,0.0100256551673,0.0174585891109,2.32074331396,568.097859116,1.15578225856,2.91732245524,5.1118020739,340.386308429,55.7538966921,1.32672973618,4.36470533809,6.19480775827,4.97215302089,2.17454384747,2.12100488603,1.7580989963,0.974736102293,134.284913506,213.81987946,116.351627987,0,0,0,0,11.5553438631,2.32741490087,2.68036585318,3.3493439492,9.84967542763,4.06068772549,4.56460610803,1.01066321143,4.54855149648,7.15760082672,0.748936068254,1.71006114789,2.57628996454,1.6262266249,2.36716328605,1.72661280939,2.04582882615,1.97405335447,0.559152577554,8.68726625191,5.81546490848,1.71101079453,2.18324313798,0.516884617489,1.01640155953,0.487211576124,1.97437995551,2.03695774765
sobol__0003872@@brachioradialis@@0.25,-59.62411431,46.17631925,2.62452708,14.81219862,5.01864769,24.86924762,-56.54679288,Brachioradialis,BRD,0.25,1,usable,Converged with independently replayed constrained generalized-force equilibrium and small reserve torques,443.644815,0.751769036322,2.27569181277e-06,6.18172180111e-13,0.000218598316536,23,0,0.0100099683014,0.271909074948,0.0839306213568,0.010007547678,0.0100037410987,0.0603557687246,0.0188121874751,0.0191682846064,0.0100038959384,0.0100012008403,0.0100013437149,0.0334516017575,0.0101364174182,0.0100105105199,0.0100036012933,0.130198921921,0.0100056975616,0.0100069132323,0.0100452377674,0.0100452377674,0.197018263688,0.261979914943,0.0685431538957,0.0272871847643,0.0100452377674,0.350061965696,0.497197430542,0.0100009830949,0.246103978754,0.0100040234021,0.0100001797982,0.0100003823695,0.0100310867734,0.0100048162055,0.0100010613894,0.0100015060638,0.0100059177824,0.0100044997174,0.0100018649952,0.0100014511187,0.0727398431969,0.170815973881,0.119561833439,0.0100251782858,0.213995430711,0.0640109308059,0.0579383175856,0.0100048761672,0.0100038392648,0.0100021055532,1.12306464418,278.448670492,6.60622763979,4.65109020827,9.48256101294,74.1510964312,4.83987541615,1.77143749423,4.4407679127,6.52626477406,4.57416542537,5.47830074666,0.715127993467,1.60532358318,2.07731771844,99.6878484256,5.65608737649,4.52065196628,0,0,11.9148525908,21.9051616669,80.4970006435,1.65981634664,0,85.9968519691,86.9659167325,2.10662430916,118.07384805,0.362480264527,4.44587284285,2.80879444056,0.619196092083,1.55234146725,2.21469491696,1.26935637924,2.2688415407,1.67220001191,2.12430252134,1.68234937485,2.77310627413,14.1844829573,10.3284063041,0.447014278135,14.5926121198,2.90286919176,4.91438766129,0.370591484544,0.662198519862,0.841912284967
sobol__0003935@@pectoralis_major@@0.75,-58.21786431,122.34819425,74.10890208,97.07782362,71.26864769,13.11143512,-33.10929288,Pectoralis major,PECM1;PECM2;PECM3,0.75,1,usable,Converged with independently replayed constrained generalized-force equilibrium and small reserve torques,314.237144,2.73171910001,1.33807560587e-08,1.3925110906e-07,0.0016233848523,28,1,0.508705766329,0.0100001110264,0.0100000305623,0.0100000161488,0.01,0.0100000839958,0.0100000208871,0.0100001301725,0.0100000030139,0.0100000113024,0.010000069524,0.0100001377795,0.234423630853,0.999999507646,0.0100014311012,0.0100000479537,0.559624849889,0.548691998909,0.11773878844,0.0100452373137,0.3775300973,0.010000643937,0.0100004349377,0.0100001946673,0.0100005715447,0.010016562487,0.0100013110572,0.0100005414121,0.0100004995907,0.0100016743754,0.733092269533,0.285869344999,0.0100024052057,0.0100012137767,0.0100059182574,0.0100245338017,0.010004773932,0.0100067042571,0.0100092600152,0.0245278627645,0.0182154505094,0.0459688979486,0.0583301260508,0.0425730961182,0.0100076682096,0.0100283688677,0.0100329429445,0.0288360171785,0.0339601329485,0.0692213865177,349.205599589,1.37029841961,1.53023483215,3.38436143879,10.6704185473,12.2771292977,2.32020544284,1.43858446001,3.17621880044,2.77957835719,2.42973360626,2.63235566305,69.7436322763,187.97422085,0.0875545065133,1.1626373497,399.300827252,383.851766162,31.6936106752,0,195.902356931,0.37368456658,10.7831837829,2.47181312124,3.09171998484,2.52905618136,1.92908163628,4.07838057143,4.38425505138,1.01012854523,309.571321512,58.6273747816,0.711626232564,1.66918520838,2.56078246144,1.53419131172,2.35669677705,1.72612290503,2.12273817619,4.77490260761,0.676910163732,4.97521740339,5.50619926443,2.06309381049,0.718740425489,0.474328686185,0.738646127813,1.24181575426,4.05953569019,7.23744019097
sobol__0000317@@teres_minor@@0.75,80.69326851,115.08012784,89.96583568,78.95526502,-63.61416481,-9.48988324,-21.18546476,Teres minor,TMIN,0.75,1,usable,Converged with independently replayed constrained generalized-force equilibrium and small reserve torques,357.084587,3.0201080171,5.57454308492e-07,4.2561509872e-12,0.000118928856551,27,0,0.0100003479718,0.0100061992498,0.494660772042,0.0100006349439,0.477144552784,0.0100003774852,0.367016602658,0.0100024210242,0.010000265557,0.0100001643758,0.0100002257317,0.010001350848,0.010001594651,0.0100016377667,0.0100012528035,0.0100452378166,0.628791551081,0.615450372326,0.12178863331,0.627744604402,0.405433772441,0.010000599967,0.0100004044903,0.0100002373127,0.665008914068,0.519550946449,0.0100004883683,0.420462665382,0.0100002049021,0.0100141268132,0.0100003583522,0.0100020871773,0.0100027854757,0.0100016038193,0.180959610944,0.169546451728,0.0100040006595,0.0100250003183,0.109388250132,0.247854317816,0.0100054338374,0.0100012140385,0.0100057436114,0.0139148943484,0.0100024338838,0.010041513613,0.0100061603609,0.0790616109437,0.0288360403017,0.176944578124,4.97557563926,5.77901073487,94.4959563267,2.23533076484,513.153397117,11.3616916285,73.0421236273,1.42298866203,3.93831787668,6.342213403,4.62276883214,2.71784584729,3.02355718445,1.87997784087,2.067771113,0,438.0421751,419.651292233,30.4177398805,217.910408572,188.396155351,3.15439900146,11.2409272433,2.6992038938,210.069436362,127.208876474,1.53225640702,171.503433354,4.78744806224,1.00947825079,4.71634424624,2.45749190156,0.750647239022,1.71197482914,44.6474972536,24.7969708621,2.23018564033,1.68694759188,23.2327802469,47.3789993057,0.294428951416,1.08879810833,0.9443673983,0.676187063431,0.609619736558,0.474821595658,0.848628358061,3.63669810858,4.34499007792,20.6474964538
sobol__0000261@@teres_major@@0.75,106.00576851,72.42387784,54.80958568,105.36151502,63.88583519,-0.19300824,-11.81046476,Teres major,TMAJ,0.75,1,usable,Converged with independently replayed constrained generalized-force equilibrium and small reserve torques,393.229083,0.723765168559,1.7230122884e-08,6.90778649747e-13,8.00752838917e-05,25,0,0.266697417391,0.0100001350839,0.0100872336606,0.0100001288673,0.0100006778852,0.0100000557221,0.7052283014,0.129842008522,0.251558984126,0.0100005435282,0.0100007562832,0.0413913398295,0.0100026172032,0.0100013435776,0.177772909598,0.152594152876,0.0362352434467,0.035752764893,0.0102158325787,0.0100452377968,0.0100001409335,0.0100026370814,0.010006044204,0.010003608871,0.0100083247384,0.0482328473986,0.055118770115,0.010002024419,0.0100042277434,0.0100057375957,0.0483585186427,0.0260071664411,0.0100126298174,0.0100063471753,0.0100049137029,0.0100073536649,0.0100075365007,0.0100090846486,0.0100073770975,0.0100073146552,0.0132095974479,0.0554029042009,0.0100452377968,0.0208706467438,0.0214257003717,0.0144858599946,0.0100837986046,0.0100202294605,0.0100066281337,0.0100086746263,262.908918447,10.214010248,1.89899058129,4.98154420577,8.99818827479,12.8212596356,189.966395097,13.9261622037,88.1644829605,5.76287192993,3.05803374806,10.8660592071,2.85104770862,1.80849058857,31.582663125,7.7158779343,25.9823668684,25.2947381407,2.82899540995,0,5.0649443385,3.12588460681,10.5107583996,1.9961029952,2.88968994863,12.1530809132,8.78618806986,3.84193116585,4.21657825187,0.953945967435,17.5120172859,5.82723585094,0.666984054309,1.60995347326,2.58916398261,1.62361312439,2.36921652016,1.73047749698,2.08997161685,1.97433789233,0.379440508978,5.99109312165,0,1.01842101202,1.24104263953,0.663788886155,0.71764152412,0.460887928501,1.71138372048,1.16785240322
sobol__0000261@@anterior_deltoid@@0.50,106.00576851,72.42387784,54.80958568,105.36151502,63.88583519,-0.19300824,-11.81046476,Anterior deltoid,DELT1,0.5,1,usable,Converged with independently replayed constrained generalized-force equilibrium and small reserve torques,334.389555,0.923352121379,2.17821399529e-08,1.37845290737e-12,9.12549864029e-05,12,0,0.526810489739,0.0100003607018,0.0100151171178,0.0100003189374,0.0100013718203,0.0100001459753,0.706665145623,0.130926998221,0.263124105668,0.0100008805993,0.0100012591475,0.0100286034396,0.0100037775585,0.0100024055096,0.137835390241,0.149581250936,0.0363335144732,0.0358506433076,0.0104926028694,0.0101152774716,0.0100003564576,0.0100038608638,0.0100154954549,0.0100092676895,0.0100213388061,0.0482215056778,0.0551252894431,0.0100052103832,0.0100108651723,0.0100147373781,0.0483594647013,0.0260552214194,0.0100324051697,0.0100163007538,0.0100126263495,0.0100188858567,0.0100193566829,0.0100233264698,0.010018946674,0.0100187859137,0.0134064703247,0.055402212396,0.0101152774716,0.0209268476566,0.0214812576069,0.0146298785544,0.0102099416995,0.0100518496862,0.010017024549,0.0100222706694,259.663511948,10.2142406911,1.88541414995,4.98163888877,8.99881264917,12.8213753512,190.353435885,18.7233765595,92.2177389698,5.76306616946,3.05818751499,2.63271010772,2.85137844493,1.8086826122,24.4874694734,7.56353144415,26.0528317976,25.3639861798,2.90563937169,0,5.06505349886,3.12626704632,10.5206863807,1.99723214652,2.89344748301,12.1502231749,8.7872272819,3.84315494364,4.21937579278,0.954804005734,17.512359887,5.83800317996,0.668301375013,1.61155493661,2.59115993256,1.6254841303,2.37201486829,1.73293977521,2.09238784302,1.97660105094,0.385095605192,5.99101831205,0,1.02116343736,1.24426068595,0.670388281649,0.726618847671,0.462342324366,1.7131617676,1.16943884421
sobol__0000234@@posterior_deltoid@@0.25,111.98233101,59.98247159,63.89161693,97.49042127,72.94833519,3.01988238,-22.35733976,Posterior deltoid,DELT3,0.25,1,usable,Converged with independently replayed constrained generalized-force equilibrium and small reserve torques,400.73542,1.30592029546,6.06621597399e-08,9.02389274415e-13,0.000115715448041,21,0,0.238761572615,0.0100001134323,0.0100911214512,0.0100001313836,0.0100004326606,0.0100000509266,0.636269698613,0.263350857409,0.699021010531,0.0100002303469,0.0100004298446,0.0379566020906,0.010001693043,0.0100007217572,0.0100211623945,0.509591346823,0.0100119004555,0.0100120733556,0.0100284585056,0.0100452364417,0.0100001462566,0.0100008751854,0.0509022644142,0.0100040724409,0.01001596844,0.0388434490476,0.0313090142761,0.0100023606423,0.0100048827213,0.0100065391057,0.102597355159,0.0253903913367,0.0100136512693,0.0100070498993,0.0100058023151,0.010008884754,0.01000877862,0.0100105077947,0.0100086576896,0.0100089753464,0.0133134164089,0.050446496697,0.0419845596349,0.0202161870097,0.017699671975,0.0127867693898,0.0100777270868,0.0100248216368,0.0100086452131,0.0100113626052,268.085726915,10.5151144367,0.463222474393,4.98892948986,7.799812137,12.7931577471,171.252412038,36.4884933545,202.871894618,4.79215373684,1.87869914367,9.73761402864,2.68728173058,1.76762187059,1.52049720735,72.0122172273,7.14676879968,7.00821154252,2.70335064248,0,5.23293772915,3.13671080445,54.8262239898,2.47153096733,3.06226985221,9.80750293313,5.48825344186,4.00562321303,4.44038282498,1.00484310401,42.4287982922,5.11094231243,0.705592845761,1.65621905388,2.58735491978,1.6042821013,2.36476481221,1.72978843252,2.11049097183,1.97269061019,0.421187311693,5.50836678495,3.9548971265,0.986483355648,1.1275146198,0.603747048658,0.738642207115,0.460332390288,1.49145553886,1.16193012314
sobol__0003935@@brachioradialis@@0.50,-58.21786431,122.34819425,74.10890208,97.07782362,71.26864769,13.11143512,-33.10929288,Brachioradialis,BRD,0.5,1,usable,Converged with independently replayed constrained generalized-force equilibrium and small reserve torques,292.783694,3.1674840653,1.69166440855e-08,1.72869768732e-07,0.00197884686741,28,1,0.566862518115,0.0100000908345,0.0100000230533,0.0100000111265,0.01,0.0100000822547,0.0100000149649,0.01000010648,0.01,0.0100000031104,0.0100000389218,0.0100001155195,0.408002774554,0.999999686311,0.0100012002198,0.0100000373552,0.606837564405,0.594982460946,0.127671195338,0.0100452378343,0.419002513924,0.0100005467604,0.0100004006337,0.0100003656517,0.0100005125637,0.0100107100506,0.0100012513497,0.0100005006808,0.0100004785125,0.0100015590827,0.796749033059,0.310513075089,0.0100022600669,0.0100011391129,0.0100059418645,0.0100274536741,0.0100048448374,0.0100067747055,0.0100097016125,0.0292345446047,0.0201328179245,0.0498340597649,0.0610978033986,0.0441995910846,0.0100073203604,0.0100257552907,0.0100266877244,0.0287572225738,0.0372092301214,0.0700515964431,389.127819529,1.37029565066,1.53023368397,3.38435973988,10.6704185478,12.2771271601,2.32020406885,1.43858105169,4.23495712409,3.70610143899,3.23963489423,2.63234980358,121.385354257,187.974254435,0.0875524848419,1.16263611611,432.987815896,416.235463473,34.3672736328,0,217.422612474,0.373680935468,10.7831467938,1.23592769226,3.09170175059,2.5275785147,1.92907011973,4.07836396054,4.38424581053,1.01011690113,336.45239668,63.6814221149,0.711615906578,1.6691727471,2.56078850313,1.53463817968,2.35671347935,1.72613505714,2.12283182902,5.69116455869,0.748162065529,5.39354416766,5.76746019438,2.14191381664,0.718715443315,0.474205067424,0.738185605487,1.23842248461,4.44792715957,7.32424276714
sobol__0002687@@coracobrachialis@@0.50,-49.16512993,86.86479581,24.2309724,2.05340955,19.47177269,8.41172809,9.95711337,Coracobrachialis,CORB,0.5,1,usable,Converged with independently replayed constrained generalized-force equilibrium and small reserve torques,361.435044,1.50301390008,1.52165567258e-07,4.30896160318e-12,4.15801833194e-05,26,0,0.0100090311161,0.988607541999,0.0100046388102,0.0100004384799,0.0100002277405,0.299534615764,0.206181415757,0.0100018154589,0.010000617735,0.0100001814645,0.0100002271706,0.0100027808359,0.0100007593957,0.0100006702262,0.0100028259927,0.174938747808,0.470910963598,0.347377325699,0.0100452377892,0.0100452377892,0.0100452377892,0.0100452377892,0.010000756537,0.0100027604077,0.0100150256398,0.016541437618,0.0510757330202,0.0100017438898,0.0100011424913,0.0100066660014,0.0100038644416,0.0262926157693,0.010008306786,0.0100045276021,0.0100049545076,0.0100079423889,0.0100054061131,0.010007193787,0.0100066404072,0.0100079808856,0.0173632875241,0.0795809002087,0.0624046087666,0.0350824282294,0.0311094182921,0.0138847502112,0.0166781314595,0.0106467517844,0.0100256915201,0.0174846134382,2.32076581516,567.330005473,1.1557806846,2.917322767,5.11180235558,339.746460997,55.5230217815,1.32672983685,4.36470587411,6.19480800554,4.972153267,2.17454313311,2.12100511582,1.75809920199,0.487435063212,134.079709901,213.9506364,116.4228139,0,0,0,0,11.555343331,2.3274145384,2.68036127165,3.34472748526,9.85080905226,4.06068757819,4.56460591497,1.01066321766,4.54854983893,7.15603716481,0.748935962399,1.7100610281,2.57629009076,1.62622679408,2.36716324413,1.72661280733,2.04582887898,1.97405359502,0.559274298271,8.6893577592,5.81682240091,1.71146079767,2.18369369898,0.516884740342,1.01670638897,0.487414999912,1.97438711443,2.03999410156
sobol__0000317@@middle_deltoid@@0.25,80.69326851,115.08012784,89.96583568,78.95526502,-63.61416481,-9.48988324,-21.18546476,Middle deltoid,DELT2,0.25,1,usable,Converged with independently replayed constrained generalized-force equilibrium and small reserve torques,363.399486,2.92823571066,5.81996424387e-07,3.21307932444e-12,0.000110878202201,26,0,0.0100004023069,0.0100266784735,0.430263263749,0.0100007501028,0.437762005511,0.0100004414848,0.425933362825,0.0100027250855,0.010000308821,0.0100001905867,0.0100002606556,0.0100015306933,0.0100017910461,0.010001844849,0.0100013978636,0.01004523778,0.60234914641,0.589568910473,0.116667234702,0.664835262489,0.369293194004,0.0100007128375,0.0100004225127,0.0100002333371,0.665351752662,0.520306558902,0.0100004791269,0.419382881243,0.0100002033504,0.0100135763242,0.0100003461664,0.010001974859,0.0100027495927,0.0100015747887,0.179139227027,0.169401053176,0.0100039128697,0.0100231721881,0.108532868794,0.249402137258,0.0100053262054,0.0100011877598,0.0100054286283,0.0122338601831,0.0100023864269,0.0100381909892,0.0100061131098,0.0803666318952,0.0327005469798,0.180895145784,4.97560268316,1.44770959099,82.1939819627,2.2353564998,470.798752592,11.3617643395,113.02332416,1.42303191919,3.93833491481,6.3422300259,4.62278497603,2.71789471983,3.02361655609,1.88001676551,2.06780110441,0,419.621303437,402.003745969,29.1386273148,230.785772864,171.602423641,3.15443460299,11.2409475019,2.69920282086,210.177735558,127.393883583,1.53225499178,171.062997847,4.78744731912,1.00942275852,4.71633849876,2.45746430539,0.750644546202,1.71196985996,44.1983606499,24.7757056381,2.23016606979,1.68663996514,23.0511072917,47.674875276,0.294425784125,1.08879524746,0.944337669396,0.594498081335,0.609616844213,0.474664482535,0.848624350661,3.69672682756,4.92729066641,21.1084844797
sobol__0000234@@brachioradialis@@0.50,111.98233101,59.98247159,63.89161693,97.49042127,72.94833519,3.01988238,-22.35733976,Brachioradialis,BRD,0.5,1,usable,Converged with independently replayed constrained generalized-force equilibrium and small reserve torques,318.284586,1.30458847413,2.96852320503e-08,7.18394692068e-13,0.000115779751602,21,0,0.239990463974,0.0100001134538,0.0197632951571,0.0100001315602,0.0100004296328,0.0100000509711,0.633973987313,0.264065366616,0.700634635312,0.0100002302114,0.01000042965,0.0392550951322,0.0100016993421,0.0100007222255,0.0100211570308,0.508523449531,0.010011026214,0.0100111906813,0.0100273672107,0.0100452384689,0.0100001476626,0.0100008984947,0.056367985144,0.0100086908898,0.010021735497,0.0396694031592,0.0320940568907,0.0100024613289,0.0100051000754,0.0100067741876,0.0958595524753,0.0231319737428,0.0100141942368,0.010007355768,0.0100058717492,0.010008956433,0.0100088469416,0.0100105982695,0.0100087220856,0.0100090057562,0.0130011866637,0.0494039032261,0.0411992186804,0.01982194704,0.0176608353592,0.0127563218609,0.0100804611268,0.0100249832509,0.0100086790858,0.010011452307,269.465547825,10.515114458,3.6288543468,4.9889295779,7.7998097794,12.7931578052,170.634519818,36.5874919543,203.340205549,4.79215367968,1.87869911415,10.070737212,2.68728342496,1.76762195362,1.52049639493,71.8613086474,7.14614474211,7.00759369154,2.70305646431,0,5.23293846521,3.13671811576,60.7132868255,1.23633598338,3.06403306509,10.0160463959,5.62586597888,4.00566353519,4.44047929191,1.00486671073,39.6424021968,4.65633561179,0.705631105004,1.65626967688,2.58737287441,1.60429359027,2.36478095444,1.72980406631,2.11050455087,1.97269660371,0.411309516195,5.39452365172,3.88091891392,0.967245743326,1.12504062789,0.602309421617,0.73884259743,0.460339811483,1.49146058555,1.16194053398
sobol__0002818@@triceps@@0.50,84.07705757,31.76713956,78.43019115,88.1276283,61.65927269,-8.47303754,25.66023837,Triceps,TRIlong;TRIlat;TRImed,0.5,1,usable,Converged with independently replayed constrained generalized-force equilibrium and small reserve torques,670.067179,0.210663969628,1.82855488973e-07,6.28541116241e-13,2.57708809533e-05,12,0,0.0567127188678,0.0100016896314,0.0106429019038,0.0100031029605,0.068614710368,0.0100026460164,0.0219025051598,0.0130220535476,0.120220562666,0.137262737591,0.0261330018302,0.0100262336463,0.0100303201714,0.0100218889274,0.0302967443595,0.0544391968274,0.0873740875831,0.0855581602105,0.0351917688342,0.0100452383112,0.0100006653129,0.010001587167,0.0100014012281,0.0100010802343,0.257985169554,0.203328474415,0.0100021663559,0.0486014241795,0.0100007775362,0.0100137693106,0.0953465953399,0.0594721723149,0.0100100128013,0.0100045018659,0.0459245669226,0.0548452441392,0.0100071241853,0.0100155462667,0.0137770445462,0.0794218056068,0.0100266100206,0.010021563688,0.0203186583145,0.0301172209245,0.0100116745235,0.0183716430399,0.0324188490564,0.0464966652353,0.0100083005133,0.0796479414382,69.0753653612,10.6534398838,2.12004145636,4.82053833414,47.0274358262,12.279885186,5.77586891238,1.72645669682,48.0134928887,63.3226398387,2.76567710384,2.24733410126,1.66184129587,1.67205349688,4.83340717219,5.81188094704,30.8214723804,29.5535500641,9.18153564386,0,5.23082791884,3.16418476635,11.0212266799,2.55714500761,82.8971602502,44.9282980196,1.18858185612,17.3959412772,3.59855253106,0.768223028506,47.2001965186,13.6827512387,0.46139032551,1.54006577934,11.4126803496,8.76468859569,2.33701276169,1.69735983175,2.7426770252,15.2244955872,0.176367866859,0.736797892173,1.35264157086,1.2571101011,0.412973840557,0.625189753884,2.02102968743,2.12509625662,2.0093770425,9.02582255554
sobol__0002818@@latissimus_dorsi@@0.00,84.07705757,31.76713956,78.43019115,88.1276283,61.65927269,-8.47303754,25.66023837,Latissimus dorsi,LAT1;LAT2;LAT3,0,1,usable,Converged with independently replayed constrained generalized-force equilibrium and small reserve torques,532.682819,0.190546668717,2.4532822529e-07,8.73967564985e-13,2.12105637098e-05,12,0,0.0589302939927,0.0100018185874,0.010219255766,0.010003382063,0.0599269431522,0.0100027919514,0.0198749469954,0.0122857288839,0.114191437856,0.12873517968,0.0244527635769,0.0100452383596,0.0100452383596,0.0100452383596,0.0287896865879,0.067995828483,0.0549432169774,0.0538017922241,0.0113858939097,0.0100452383596,0.0100011460556,0.0100036150689,0.0100041941009,0.010002152917,0.276463139778,0.167691956433,0.0100025950424,0.0710830765183,0.0100010034087,0.0100213491932,0.112451813138,0.0452075102884,0.010013057692,0.0100062083687,0.0345254953418,0.0428554429994,0.010007997206,0.0100163854676,0.0103057082764,0.0627592482018,0.0100289262438,0.010024445027,0.0170264263586,0.025119215403,0.0100134075344,0.015482038705,0.0271528440956,0.0381173687359,0.0100094374058,0.0648007430473,71.7763434671,10.6535772425,2.03565212488,4.82067283462,41.0729777795,12.2800643448,5.24118531815,1.62883517804,45.6055908189,59.3886699193,2.58785610398,0,0,0,4.59297791185,14.5183501153,38.7627703221,37.1684934812,2.97058074175,0,5.23107937026,3.16482633016,11.0243043372,2.55741927855,88.8345994652,37.0539060508,1.18863279962,25.4428146064,3.59863379736,0.768804531563,55.6679308826,10.4008831933,0.46153067261,1.54032847358,8.57990545459,6.84862686664,2.33721664238,1.69750205316,2.05161776335,12.0304227537,0.176408609242,0.737009731814,1.13347307348,1.04849047921,0.413045326111,0.526856086875,1.69274066105,1.7421266065,2.00960529758,7.34331606922
sobol__0002687@@anterior_deltoid@@0.75,-49.16512993,86.86479581,24.2309724,2.05340955,19.47177269,8.41172809,9.95711337,Anterior deltoid,DELT1,0.75,1,usable,Converged with independently replayed constrained generalized-force equilibrium and small reserve torques,336.387056,1.50582020677,1.45478579849e-07,2.4821354562e-12,4.16123338485e-05,25,0,0.0100113445616,0.990076350012,0.0100046317195,0.0100004384898,0.0100002276959,0.299224106089,0.206129700506,0.0100018123874,0.0100006167463,0.0100001812501,0.0100002268942,0.0100027735436,0.0100007585127,0.0100006694882,0.0100014520891,0.174852231893,0.471004003618,0.347445906699,0.0100452378641,0.0100452378641,0.0100452378641,0.0100452378641,0.0100007563882,0.0100027599048,0.0100150200771,0.0165340432876,0.0510776204766,0.0100017437728,0.0100011423552,0.0100066660227,0.010003863267,0.0262907608164,0.0100083063326,0.0100045273772,0.0100049546667,0.0100079427267,0.0100054060581,0.010007193786,0.0100066404928,0.0100079812805,0.0173645363945,0.0795870041135,0.062409382631,0.0350854342651,0.0311115803993,0.0138847215539,0.0166797874302,0.0106482526469,0.010025703236,0.0174929958063,1.74097666836,568.172907221,1.15577986506,2.91732276524,5.11180232601,339.394266077,55.5090952736,1.32672942938,4.36470544272,6.19480787248,4.97215312962,2.17454154749,2.1210049285,1.75809907225,0.974736226403,134.013400814,213.992907573,116.445798664,0,0,0,0,11.5553431589,2.32741442134,2.68035978235,3.3432323285,9.8511730798,4.06068753096,4.56460585238,1.0106632198,4.54854930406,7.15553230428,0.748935928402,1.71006098962,2.57629013161,1.62622684897,2.36716323109,1.72661280712,2.04582889637,1.97405367291,0.559314524433,8.69002423834,5.81726737894,1.71160744408,2.18384546556,0.516883673274,1.0168073374,0.487483710346,1.97438942209,2.04097210325
sobol__0000261@@pectoralis_major@@0.75,106.00576851,72.42387784,54.80958568,105.36151502,63.88583519,-0.19300824,-11.81046476,Pectoralis major,PECM1;PECM2;PECM3,0.75,1,usable,Converged with independently replayed constrained generalized-force equilibrium and small reserve torques,389.890312,0.737554394186,1.52371341378e-08,1.45661260831e-12,8.52562703855e-05,25,0,0.274990280282,0.0100001275531,0.0100282375434,0.0100001252047,0.0100005204126,0.0100000541248,0.687772688344,0.202568157169,0.245989052764,0.0100007313327,0.0100009987109,0.0783569572882,0.0100030558281,0.010001360166,0.193868305819,0.158477060743,0.0360282427321,0.0355486543358,0.0102115768025,0.0100452377873,0.0100001379132,0.0100030645495,0.0100060743607,0.0100036183552,0.0100083522432,0.0482340373775,0.0551204274199,0.0100020254468,0.0100042314172,0.0100057401248,0.0483714501397,0.0259793862138,0.0100126371732,0.0100063508922,0.0100049137654,0.0100073536128,0.0100075362791,0.0100090845388,0.01000737695,0.0100073143985,0.0132085937888,0.0553998211299,0.0100452377873,0.0208699605203,0.0214257209195,0.0144863108072,0.0100838399675,0.0100202306833,0.010006628145,0.0100086751214,271.083979334,10.2140025563,1.88788415956,4.9815423812,8.99804658751,12.8212575879,185.264400183,28.9685086886,64.6592817741,4.32223511489,2.29358090785,20.5702772775,2.85117272991,1.80849358816,34.4421284818,8.01334542529,25.8339376599,25.1503318799,2.82781688918,0,5.06494280879,3.12601819312,10.5107900773,1.99610488735,2.88969788982,12.1533807485,8.78645225171,3.8419315606,4.21657980027,0.953946208554,17.5167001538,5.82101133854,0.666984544303,1.60995407127,2.5891639988,1.62361311593,2.3692164677,1.730477478,2.08997158605,1.97433784167,0.379411679263,5.9907597282,0,1.0183875265,1.24104382971,0.663809543849,0.717644467836,0.460887984741,1.71138372242,1.16785246099
sobol__0003872@@infraspinatus@@0.75,-59.62411431,46.17631925,2.62452708,14.81219862,5.01864769,24.86924762,-56.54679288,Infraspinatus,INFSP,0.75,1,usable,Converged with independently replayed constrained generalized-force equilibrium and small reserve torques,447.797471,0.741332607839,2.27184694168e-06,6.38786414471e-13,0.000210319432973,10,0,0.0100378684036,0.270976878149,0.0764040769911,0.0100337459545,0.0100193012828,0.0584165545235,0.0140257543167,0.0148722036799,0.0100138848741,0.01000442914,0.010004962229,0.0275521595808,0.0102940160867,0.0100366374824,0.010013228327,0.132310257181,0.0100292622882,0.0100349906958,0.0101565889461,0.0101565889461,0.189394306944,0.250278068689,0.0436599590168,0.0976607728011,0.0101565889461,0.34598851329,0.490819114522,0.0100034764628,0.247303760935,0.010014171306,0.0100006782037,0.0100014167332,0.0101053383015,0.0100169368588,0.0100038167469,0.0100054015609,0.0100219575111,0.0100163613631,0.0100067411221,0.0100052122424,0.0748623758612,0.17517089117,0.124499003991,0.0101041641737,0.214401985405,0.0645831753437,0.0563461293225,0.0100171943255,0.0100133718989,0.0100074111675,1.12619488477,277.494053723,6.01380898425,4.66326607271,7.12298290006,71.7686421541,3.60845348801,1.37441506967,4.44520203971,6.52837139516,4.57582037146,4.51216110661,0.726246637978,1.60951340247,2.07931683922,101.304409195,5.669408202,4.53333604144,0,0,11.4537870996,20.9267246809,51.2742053628,23.7619158619,0,84.9961603228,85.8502711848,2.10714951588,118.64947019,0.36284795787,4.44609442353,2.80908496097,0.62377946936,1.55422210065,2.21530507957,1.26985078204,2.27247854859,1.67418262414,2.12533816507,1.6829820353,2.85402490661,14.5461133562,10.7549061487,0.450536192508,14.6203355848,2.92882024435,4.77933661629,0.37104776249,0.662829526879,0.842358877027
sobol__0001262@@subscapularis@@0.75,44.74600288,60.17290128,-58.93553151,17.95428846,-63.69228981,12.84654254,-53.58780851,Subscapularis,SUBSC,0.75,1,usable,Converged with independently replayed constrained generalized-force equilibrium and small reserve torques,324.012379,3.60090455897,2.82591159362e-08,5.40723021913e-12,0.000301735135925,13,2,0.0196884565854,0.679282228229,0.0100000740037,0.0100000434977,0.309188868514,0.0100000369474,0.99999895512,0.0100001089604,0.999999816272,0.0100002688141,0.0100001042067,0.0100000608788,0.0100000466703,0.0100000599384,0.921355683135,0.0100000321308,0.0383340781504,0.0313213126968,0.0100452377782,0.0100011495604,0.258562811407,0.0100012084184,0.0100097412099,0.101421280963,0.0100452377782,0.123057835925,0.0125636482391,0.118628527361,0.0128833877107,0.0175845183061,0.23526231659,0.126310725796,0.021968501138,0.0662778297846,0.0491201476287,0.0283710345378,0.0132077597934,0.0154971670581,0.0303443041028,0.0223032215306,0.0101070712769,0.0168739787357,0.0261213396066,0.0175652397478,0.0101780280259,0.0104795153636,0.0101109313079,0.0101437922323,0.0100172327307,0.0100716144159,18.8148802542,676.11751892,2.00250478303,4.77391540721,283.156866505,9.01876468468,208.048703616,1.4385833614,443.873426907,6.48468518043,4.58401322179,2.66501552331,2.85229592697,1.80501218424,186.668478222,4.86432705432,22.6034484729,15.085910505,0,3.47113544753,116.475864865,1.47842916688,11.7699598169,24.6701424974,0,30.0485066567,2.31935210266,21.136126636,5.57788440372,0.452862264908,47.3306700301,31.0239538717,1.04770262293,8.84216447148,9.87345139482,3.31344610428,2.72499052799,2.39127128894,6.42766709812,3.52336065794,0.39652882784,1.64439464199,2.29642456512,0.785521411778,0.717378992678,0.482069596656,0.890046948692,0.430005290353,0.84605871063,0.984076319176
sobol__0003935@@infraspinatus@@0.00,-58.21786431,122.34819425,74.10890208,97.07782362,71.26864769,13.11143512,-33.10929288,Infraspinatus,INFSP,0,1,usable,Converged with independently replayed constrained generalized-force equilibrium and small reserve torques,267.618467,1.82435691296,1.41007632237e-08,1.07177644283e-12,0.000848245002291,28,0,0.386844224474,0.0100002015198,0.010000071087,0.0100000452769,0.010045237906,0.0100000794425,0.0100000551469,0.0100002393994,0.0100000091671,0.0100000205696,0.0100001046177,0.0100002244818,0.0100022309868,0.782702149827,0.0100024170294,0.0100001037742,0.486870438909,0.477359028374,0.102433234622,0.010045237906,0.319693366079,0.0100010177787,0.0100005006792,0.010000225515,0.0100006932533,0.0100954233478,0.0100014155686,0.010000618587,0.0100005362796,0.0100018893712,0.635389266597,0.248007795726,0.0100026695403,0.0100013501619,0.0100058920744,0.01002114561,0.0100046769882,0.0100066094397,0.0100086732242,0.0173743458847,0.015287507536,0.0400183408336,0.0540270163125,0.04003361686,0.0100082746255,0.0100335449929,0.0100511110931,0.0289130065159,0.0289872459744,0.0678615886955,265.552659919,1.37031081944,1.53024103352,3.38437129672,0,12.2771237076,2.32021339188,1.43860017301,4.23496100634,3.70610791052,3.23965617733,2.63237848586,2.97577474314,147.12789921,0.0875631374169,1.16264383931,347.389450378,333.948930363,27.5735728327,0,165.890572323,0.373698535542,10.78325467,2.47182074606,3.09175761156,2.54896755793,1.92910179474,4.07841204458,4.38427113593,1.01015025892,268.313148443,50.8625574699,0.711645038785,1.66920797083,2.56077576051,1.53367277048,2.35667394124,1.72610654936,2.12261373106,3.3823089385,0.568103941418,4.33118814363,5.0999978505,1.94003055183,0.718783977651,0.474573510112,0.7399837047,1.24513128053,3.46508536275,7.09526656662
sobol__0003935@@triceps@@0.75,-58.21786431,122.34819425,74.10890208,97.07782362,71.26864769,13.11143512,-33.10929288,Triceps,TRIlong;TRIlat;TRImed,0.75,1,usable,Converged with independently replayed constrained generalized-force equilibrium and small reserve torques,322.400216,3.69261612004,1.91328624055e-08,1.92559756317e-07,0.0023292075097,28,1,0.560437162057,0.0100000740276,0.0100000183873,0.010000008242,0.01,0.0100000544008,0.01000001158,0.010000088441,0.01,0.0100000011561,0.0100000315786,0.0100000939595,0.389408750986,0.999999752749,0.0100010022568,0.0100000441793,0.790127265426,0.774691501259,0.221640304549,0.0100452286298,0.414559378225,0.0100004438741,0.0100002274422,0.010000127584,0.0100003448631,0.0100085381176,0.0100011727784,0.0100003786896,0.0100003792113,0.0100012035461,0.778925638605,0.363279981545,0.0100017834216,0.0100008985498,0.0100057043841,0.0100311526467,0.0100048552467,0.0100067169484,0.0100101716745,0.0369095958238,0.0226527476183,0.0550772856642,0.066558417421,0.0466156816649,0.0100069268272,0.0100224860671,0.0100195794131,0.0285182178862,0.0421546440577,0.071071784484,384.717076436,1.3702933489,1.53023296935,3.38435876124,10.6704185461,12.2770929635,2.32020328399,1.43857845666,4.2349571237,3.70610071566,3.23963251534,2.63234412819,115.853425846,187.974266923,0.0875507521795,0.87197768275,422.825850364,406.466699324,59.6624240441,0,215.117045925,0.373677091056,10.7829600463,2.47179653979,3.09164990521,2.52703012891,1.92905496467,4.07831421061,4.38420227662,1.01008099337,328.925906476,74.5030973084,0.711581995412,1.66913259754,2.56072772556,1.53520428401,2.35671593134,1.72612509425,2.12293151856,7.18528666926,0.841805976214,5.961018915,6.2829267457,2.25899765543,0.718687180149,0.474050437438,0.737662276823,1.22812980853,5.03909340817,7.43090850065
sobol__0001065@@middle_deltoid@@0.50,65.13662788,116.54008878,85.79103099,115.96210096,-3.06728981,-6.70423871,42.50594149,Middle deltoid,DELT2,0.5,1,usable,Converged with independently replayed constrained generalized-force equilibrium and small reserve torques,346.709922,1.78617981348,8.03482045342e-08,1.03027441086e-12,0.000140649478358,23,1,0.0591623265755,0.537754278294,0.599795737484,0.217185960403,0.0100452380236,0.0100101141202,0.999998199751,0.0100006538339,0.0100002762291,0.0100000658954,0.0100000848244,0.0100003691344,0.0100002975555,0.0100003336782,0.010000359277,0.0100452380236,0.116739089694,0.116482298003,0.0288080626129,0.0100041857725,0.130568125557,0.0100002376517,0.0100022562585,0.0100097163143,0.0100104483115,0.0738856794035,0.119539708744,0.0100028524134,0.0100452380236,0.0100452380236,0.0702561089198,0.0534718244102,0.0100452380236,0.0100041852287,0.0100011458497,0.0100017028658,0.0100016907686,0.0100021070145,0.0100016819015,0.0100015641118,0.0152242016659,0.0704499007953,0.0571607233499,0.0281592700657,0.035508258663,0.0166265664009,0.0100432671388,0.0100079448598,0.0100039120927,0.0100029685392,51.8344670803,104.135886185,112.327878977,33.7153629701,0,11.4647634084,252.629110947,1.42776616911,3.98513908683,6.33345201559,4.62680653871,2.71373563327,3.01241695095,1.8790916128,2.08020668258,0,83.7469253643,83.3788889925,8.15811767295,3.70844015719,47.506124783,3.16065950878,9.48688453813,0.697121544281,2.83184630776,14.0861231413,14.840267516,1.13724653693,0,0,35.7486633593,15.2051660408,0,0.678332736315,2.42121005822,1.56743765328,2.28112827961,1.65650849561,1.9494530731,1.88261735573,0.248193173439,4.56872785759,3.37505807101,1.06063120716,1.3369522382,0.46284830747,0.616641945765,0.455526474912,1.93247142601,1.10691521068
sobol__0000234@@brachialis@@0.75,111.98233101,59.98247159,63.89161693,97.49042127,72.94833519,3.01988238,-22.35733976,Brachialis,BRA,0.75,1,usable,Converged with independently replayed constrained generalized-force equilibrium and small reserve torques,337.071096,1.30750590069,3.64773597994e-08,4.73997567105e-13,0.000115944355471,23,0,0.239920635785,0.0100001132663,0.0198847632098,0.0100001313336,0.010000429303,0.0100000508767,0.635160899802,0.264406057526,0.701501508476,0.0100002298865,0.010000429051,0.0392141640714,0.0100016965704,0.0100007211666,0.0100211533685,0.505737589977,0.0100076386932,0.010007764124,0.0100222214347,0.0100452379804,0.010000149244,0.0100009349043,0.0670130626631,0.0100066538265,0.0100534535621,0.0392618277986,0.0317696364385,0.0100025509029,0.0100055522725,0.0100069763361,0.103529335476,0.0230466227512,0.0100148014759,0.0100076644648,0.0100058471233,0.0100089212267,0.0100088005019,0.0100105502689,0.0100086826936,0.0100089673417,0.013133655102,0.0498626388516,0.0415260504649,0.0200289423866,0.0176750646898,0.0128314046766,0.0100813943367,0.0100249751929,0.0100086427007,0.0100114305625,269.387143475,10.5151142603,3.6511578073,4.98892946488,7.79980952378,12.7931576837,170.953978102,36.6346962757,203.591792031,4.79215352471,1.87869900219,10.0602365129,2.6872826806,1.76762176651,1.52049583957,71.4676285354,7.14372663705,7.00519518359,2.7016693283,0,5.23293929247,3.1367295354,54.1342299713,2.4721687051,3.07373050749,9.91313852749,5.56899732048,4.00569940651,4.44067998598,1.00488701014,42.814215679,4.63915493862,0.705673892874,1.65632076769,2.58736650652,1.60428794729,2.36476998223,1.72979577195,2.11049624435,1.97268903251,0.415500328153,5.4446140296,3.91170609119,0.977346434622,1.12594707278,0.60585457261,0.738910996392,0.460339441456,1.49145516407,1.16193801026
sobol__0003903@@brachioradialis@@0.00,-53.99911431,107.11381925,16.68702708,116.37469862,-9.98135231,-2.47450238,-15.29679288,Brachioradialis,BRD,0,1,usable,Converged with independently replayed constrained generalized-force equilibrium and small reserve torques,480.240755,1.8337725138,4.98610681632e-08,2.23820961764e-12,0.00034161969102,17,0,0.56802924383,0.694782636928,0.0100004645469,0.311439521364,0.0100002816506,0.0100008961582,0.010045238131,0.0100014271376,0.0100001587955,0.0100000586957,0.0100000765039,0.0341514121661,0.0100003278808,0.0100003040829,0.0100010002865,0.881667270817,0.110890113891,0.110674045767,0.0274629304766,0.010002192888,0.243286544717,0.0100004260486,0.0100023877121,0.010045238131,0.0196916446766,0.0529047929829,0.0254673573887,0.0100046767745,0.0100039612089,0.0100096666713,0.213102735355,0.10441644791,0.0100182702876,0.0100102033593,0.0100127871043,0.0100196948981,0.010012293289,0.0100157598379,0.0100160845506,0.0100179386996,0.0110193199545,0.0446781413906,0.0429840667114,0.0217265753373,0.0133251384993,0.0134120555589,0.0100552606912,0.0100302357292,0.0100077808611,0.0100133985631,265.476918619,154.292416463,1.81064873307,74.955695184,3.07211141507,11.5340764101,0,1.3960043466,4.03173021895,5.03983376074,4.8480709879,8.5355533529,2.7966861494,1.82357528832,0.625682093814,158.69330869,79.5509951939,79.2412222927,7.77734360077,3.79203232804,127.747317268,2.31880474301,9.41456224586,0,3.18201393993,13.3578558284,4.27360064524,3.77455458003,3.55205880198,0.930816404097,109.679150217,29.7266275259,0.547345208964,1.58828246522,2.58731361763,1.58868834557,2.36074943443,1.72983757237,2.11905535017,1.97058334892,0.333166215133,4.87199233748,4.04070796767,1.06019542871,0.803438992656,0.628477393278,0.800745403892,0.46137232262,1.65046433813,1.16842827701
sobol__0002687@@posterior_deltoid@@0.25,-49.16512993,86.86479581,24.2309724,2.05340955,19.47177269,8.41172809,9.95711337,Posterior deltoid,DELT3,0.25,1,usable,Converged with independently replayed constrained generalized-force equilibrium and small reserve torques,415.660376,1.5047432396,1.28589342729e-07,1.53978499363e-12,4.18637969413e-05,17,0,0.0100162829577,0.989592535069,0.010026830029,0.0100008236306,0.0100004320223,0.300750109943,0.208529926438,0.0100034085937,0.0100011594865,0.0100003464635,0.0100004315819,0.0100052468713,0.0100014257924,0.0100012579768,0.0100027159975,0.176510022059,0.469216227984,0.346127743358,0.010084216496,0.010084216496,0.010084216496,0.010084216496,0.0100014275457,0.0100051843539,0.0100281475584,0.016658983688,0.0511237228487,0.0100032718455,0.010002149973,0.010012467779,0.0100072672809,0.0263261777384,0.0100155528732,0.0100084814596,0.0100092658898,0.0100148428046,0.0100101200646,0.0100134593481,0.0100124208885,0.010014912097,0.0173962384285,0.0794668382212,0.0623119912629,0.0350293938193,0.0310984322254,0.0139705190618,0.0166848670321,0.0108553606509,0.010047449122,0.0173207198515,2.32244727646,567.895261834,0.289586078016,2.91743512515,5.11190678298,341.125132536,56.1554571012,1.32694116432,4.36494231829,6.19491021888,4.97225490112,2.17507923342,2.12114644664,1.75820252733,0.974859407088,135.283994264,213.180661107,116.004018815,0,0,0,0,11.5561186453,2.32797853526,2.68387314176,3.36849564541,9.86006469303,4.06130792521,4.56506573771,1.01124919137,4.55009704144,7.16517169392,0.749478197457,1.71073685585,2.57740027772,1.6273480676,2.36827851045,1.72769384941,2.04701068165,1.97542076217,0.560335652207,8.67690344648,5.80818939121,1.70887356758,2.18292254327,0.520077639507,1.017116992,0.496965245145,1.97867189919,2.02087203453
sobol__0000234@@brachioradialis@@0.25,111.98233101,59.98247159,63.89161693,97.49042127,72.94833519,3.01988238,-22.35733976,Brachioradialis,BRD,0.25,1,usable,Converged with independently replayed constrained generalized-force equilibrium and small reserve torques,485.170841,1.30418751922,1.5769145989e-08,1.67802883492e-12,0.000115793783579,20,0,0.239984677806,0.010000113438,0.0197736916208,0.0100001315412,0.0100004296057,0.0100000509632,0.634073507235,0.264093924318,0.700707129546,0.0100002301842,0.0100004295998,0.0392520233236,0.0100016991171,0.0100007221377,0.010021156689,0.508290063703,0.0100106310132,0.0100107914464,0.0100268458803,0.0100452377795,0.0100001482334,0.0100009102871,0.0591332775712,0.0100156562707,0.0100265416855,0.0400806254665,0.03248794207,0.0100025151025,0.0100052169625,0.0100068985381,0.092491691906,0.0220009329555,0.0100144832553,0.0100075194403,0.0100059071395,0.0100089927186,0.0100088816292,0.0100106441996,0.0100087546957,0.0100090210027,0.0128475224255,0.0488823987194,0.040805413404,0.0196228009081,0.0176411707979,0.0127445340945,0.0100818918942,0.0100250641492,0.0100086960779,0.0100114974806,269.459051039,10.5151144417,3.63076330227,4.9889295685,7.79980975686,12.7931577941,170.661305669,36.5914487559,203.361245014,4.79215366398,1.87869910225,10.0699491514,2.68728336391,1.76762193802,1.52049634268,71.8283280049,7.14586263703,7.00731423686,2.70291593053,0,5.23293876347,3.13672181407,63.6917504285,0.618598195288,3.06550250297,10.1198750745,5.6949113233,4.00568506962,4.44053116878,1.00487919779,38.2496345378,4.42866349254,0.705651470116,1.65629676545,2.58738202583,1.60429940634,2.36478915004,1.72981200292,2.11051142724,1.97269960867,0.406448147371,5.33757939808,3.84382291077,0.957528067862,1.12378794471,0.601752844036,0.738947464863,0.460343526273,1.4914631177,1.16194577688
sobol__0001065@@teres_minor@@0.25,65.13662788,116.54008878,85.79103099,115.96210096,-3.06728981,-6.70423871,42.50594149,Teres minor,TMIN,0.25,1,usable,Converged with independently replayed constrained generalized-force equilibrium and small reserve torques,338.983806,2.94923869608,7.85586387053e-08,4.46220838057e-12,0.000245928435275,24,1,0.0577002279056,0.999997202543,0.942467882871,0.289946869907,0.0100452378696,0.46913507448,0.492608539024,0.0100004467918,0.0100001663751,0.0100000394124,0.0100000524791,0.0100002464422,0.0100002012438,0.0100002261595,0.0100002627874,0.0100452378696,0.324524593565,0.323810724648,0.080026547399,0.0100014002313,0.412485953143,0.0100001524268,0.0100008320932,0.0100042790864,0.0100035140095,0.0700893885411,0.116075402824,0.0100027755629,0.0100452378696,0.0100452378696,0.247819285269,0.169809899181,0.0100452378696,0.0100039442543,0.0100012379307,0.0100018513842,0.0100017928693,0.0100022327149,0.0100018109897,0.0100016824541,0.016224748071,0.0755290219424,0.0623112565254,0.0314978968243,0.0343522350399,0.017133105887,0.0100290226498,0.0100079286234,0.0100037786349,0.0100029306274,50.5534642986,387.29806173,176.502451869,45.0105704023,0,537.308822957,31.1118703231,1.42773661026,3.98509530972,6.33343524289,4.62679157334,2.71370233907,3.01238793874,1.87907140973,2.08018661147,0,232.809224291,231.786107657,22.6626135681,3.70740758809,150.07957787,3.16063257276,9.48553375409,0.696742871498,2.82988466949,13.3623696222,14.4101909567,1.13723780011,0,0,126.098759799,48.2868826882,0,0.678316397325,2.42123235045,1.56746092867,2.28115156617,1.65652931363,1.94947823403,1.8826396316,0.264504622348,4.89811259824,3.67917158742,1.18638204244,1.29342579037,0.476949291343,0.615767354965,0.455525735887,1.9324456458,1.10691101543
sobol__0002818@@coracobrachialis@@0.25,84.07705757,31.76713956,78.43019115,88.1276283,61.65927269,-8.47303754,25.66023837,Coracobrachialis,CORB,0.25,1,usable,Converged with independently replayed constrained generalized-force equilibrium and small reserve torques,629.62526,0.191792848193,1.9802300244e-07,2.98427949019e-13,2.12028710861e-05,12,0,0.0616173607015,0.0100017861325,0.0102232967759,0.0100033221738,0.0612254114397,0.0100027400727,0.0202187566481,0.0124248790712,0.116892290788,0.131537099772,0.0249723326912,0.0100266723976,0.010030250892,0.0100219081289,0.0101614086464,0.0689147164355,0.0548191125548,0.0536801202002,0.0113654545019,0.0100452377032,0.0100011428975,0.0100036639845,0.0100042027622,0.0100021551316,0.276482430794,0.167655335857,0.010002595578,0.0711060389407,0.0100010037092,0.0100213610684,0.112469568629,0.0451925377559,0.0100130617729,0.0100062107817,0.0345129664559,0.0428428838368,0.0100079981531,0.0100163861304,0.010304620962,0.0627416879525,0.0100289288136,0.0100244487453,0.0170234352148,0.0251136674261,0.0100134096645,0.0154790097892,0.0271473382479,0.0381085048152,0.0100094386639,0.0647852505159,75.0491563102,10.6535426722,2.03645708464,4.8206439737,41.96292739,12.2800006549,5.33185072227,1.64728363342,46.6842530708,60.6812638093,2.64284253048,2.24743244649,1.66182981966,1.67205670069,0.405276428833,14.7145494534,38.6752139053,37.0844374372,2.96524809848,0,5.23107771821,3.16484180546,11.0243138815,2.55741984466,88.8407981441,37.0458142366,1.18863286211,25.4510335569,3.59863390971,0.768805442244,55.6767205293,10.3974384706,0.461530860769,1.54032884503,8.57679191026,6.84661981647,2.33721686361,1.69750216551,2.0514013053,12.0270566005,0.176408654378,0.737010005118,1.13327394902,1.04825890378,0.4130454138,0.526753012604,1.69239742069,1.74172148732,2.00960555019,7.3415604322
sobol__0003903@@supraspinatus@@0.50,-53.99911431,107.11381925,16.68702708,116.37469862,-9.98135231,-2.47450238,-15.29679288,Supraspinatus,SUPSP,0.5,1,usable,Converged with independently replayed constrained generalized-force equilibrium and small reserve torques,493.549511,1.93476822432,2.96699815827e-08,1.92557081391e-12,0.000368026266424,17,0,0.605975796754,0.716899173189,0.0100004699929,0.21618945489,0.0100002962191,0.0100007102897,0.0100452369451,0.0100014637795,0.0100001501957,0.0100000561472,0.0100000729141,0.0600148309027,0.0100003272815,0.01000029768,0.0100009706699,0.959581680647,0.0460217960228,0.0459334576151,0.0116586683272,0.0100031404164,0.186345375479,0.0100004555515,0.0100053681712,0.0102064986671,0.0289100083414,0.0496325578122,0.030376766254,0.0100045620168,0.0100050489541,0.0100100840947,0.161826555305,0.0714150602134,0.0100203960354,0.010011073422,0.0100096478676,0.0100146011429,0.0100109142303,0.0100137385199,0.010012738132,0.0100135884522,0.0108176398566,0.043113677312,0.0400198872501,0.0200288285135,0.0144620533505,0.0129822376288,0.0100682896876,0.0100288256913,0.0100079882712,0.0100129464935,283.211805134,159.203900204,1.81064971923,26.015694535,3.07211590015,11.5338620487,0,1.3960094612,4.03172675139,5.03983247642,4.84806924737,14.9996664473,2.79668598202,1.8235741208,0.625680241092,172.717301453,33.0153838404,32.8877768975,3.3016676638,3.79239155521,97.8480821061,2.31881158338,9.41736755053,0.74409854857,4.67162855605,12.5316538308,5.09743378225,3.77451128482,3.55244502644,0.930855221189,83.2884619728,20.3313648107,0.547461349259,1.58842051504,2.58650243588,1.58788069701,2.36042427287,1.72948846735,2.11834736437,1.9697276314,0.327068471001,4.70139309675,3.76206091367,0.977350185331,0.87198925398,0.608336494648,0.80178296132,0.461307463481,1.650498543,1.1683755266
sobol__0001720@@pectoralis_major@@0.00,-30.31259087,4.18657316,52.24610911,0.30780409,-59.16103981,2.8318941,8.87312899,Pectoralis major,PECM1;PECM2;PECM3,0,1,usable,Converged with independently replayed constrained generalized-force equilibrium and small reserve torques,444.724019,0.735396197976,9.70648511733e-07,1.14374583815e-12,3.3657412035e-05,10,0,0.13974566508,0.0100029413018,0.0100021118364,0.341334455424,0.0100004161206,0.0307106332605,0.0100025676413,0.0831030269361,0.0100452384084,0.0100452384084,0.0100452384084,0.141683823279,0.0489661213427,0.0787562739615,0.0905585833299,0.26305417989,0.546740792069,0.398500603467,0.0100452384084,0.0100032621666,0.0999392079295,0.0100020819728,0.01000062014,0.0100027841697,0.0336040181973,0.0100156305985,0.0503130902376,0.0100040384435,0.0100014310052,0.0100203366066,0.0100467469577,0.0454618539152,0.0100221951437,0.0100102764395,0.017369040608,0.0136614231063,0.0100231668698,0.0100356003949,0.0100754373866,0.0117827179802,0.0137432971191,0.0611839036729,0.048453997927,0.0282155651403,0.023406962687,0.0100959689152,0.0109505913243,0.0132026062003,0.0131708766479,0.0309282056518,110.251662105,10.9546559589,1.99666184662,169.928979243,7.2536803381,37.909163675,2.69085478943,10.3105149488,0,0,0,26.2056512397,4.43569716109,12.007568361,16.7163459634,199.365270496,240.524862294,127.777514553,0,3.50514305993,32.058408605,2.51379329274,11.5073052897,2.30978797356,10.1423174374,2.20211591041,9.70524012571,3.58114471548,4.77973492114,0.934732442192,1.60261463255,11.3890340062,0.752116396447,1.7118391552,4.4949200687,2.21400863267,2.37335492147,1.73507101618,2.10269384961,2.32452491327,0.442881302153,6.68121708988,4.55817641008,1.37691032428,1.63190667327,0.391389477993,0.786775078437,0.607256781061,2.63075365302,3.60909200228
sobol__0000261@@coracobrachialis@@0.00,106.00576851,72.42387784,54.80958568,105.36151502,63.88583519,-0.19300824,-11.81046476,Coracobrachialis,CORB,0,1,usable,Converged with independently replayed constrained generalized-force equilibrium and small reserve torques,425.679762,0.743013660739,3.03637932575e-08,5.87985216063e-13,8.25038250473e-05,25,0,0.2622351879,0.0100001305479,0.0101106686257,0.0100001247662,0.0100006564645,0.0100000537785,0.726984581618,0.179825599581,0.260758901696,0.0100005321429,0.01000073985,0.0446039007036,0.0100025812519,0.0100013131858,0.0100452376352,0.157454129627,0.0360640193453,0.0355838790986,0.0102122633764,0.0100452376352,0.0100001367338,0.0100026596241,0.0100060691439,0.0100036167294,0.0100083475432,0.0482338487175,0.0551201374774,0.0100020252719,0.010004230782,0.0100057396934,0.0483688860018,0.025984005222,0.0100126359109,0.0100063502562,0.0100049137547,0.010007353621,0.0100075363134,0.0100090845539,0.0100073769734,0.0100073144411,0.0132086524664,0.055400395721,0.0100452376352,0.0208699907606,0.0214257673739,0.0144861710848,0.0100838312303,0.0100202304887,0.0100066281453,0.0100086750419,258.510076133,10.2140056152,1.90340237332,4.98154216285,8.99816900208,12.8212571437,195.826854916,25.716181243,91.3888002179,5.76286536819,3.05802872065,11.7094210504,2.85103746125,1.80848509292,0,7.96162121234,25.8595911675,25.1752530623,2.82800701722,0,5.064942211,3.1258916512,10.5107845966,1.99610456121,2.88969653207,12.1533332124,8.7864060349,3.84193149338,4.21657953198,0.953946167404,17.5157715961,5.82204628626,0.666984460154,1.60995396892,2.58916399604,1.62361311726,2.36921647583,1.73047748062,2.08997159094,1.97433785009,0.37941336482,5.99082186292,0,1.01838900213,1.24104652064,0.663803141346,0.717643846035,0.460887975791,1.71138372227,1.16785245171
sobol__0003935@@posterior_deltoid@@0.75,-58.21786431,122.34819425,74.10890208,97.07782362,71.26864769,13.11143512,-33.10929288,Posterior deltoid,DELT3,0.75,1,usable,Converged with independently replayed constrained generalized-force equilibrium and small reserve torques,310.604619,3.12350434875,2.98827842471e-08,1.695878157e-07,0.00193675606092,28,1,0.557992691885,0.0100000927834,0.0100000350664,0.0100000116332,0.01,0.0100000816234,0.0100000155633,0.0100001088183,0.01,0.0100000033957,0.0100000399887,0.0100001176371,0.383518504165,0.999999671404,0.0100012225834,0.0100000384159,0.604990749106,0.593171813211,0.127282583286,0.0100452378478,0.413593832167,0.0100005557552,0.0100004018758,0.010000179213,0.0100005147434,0.0100108733378,0.0100012537583,0.010000502236,0.0100004793296,0.0100015635087,0.794022062058,0.309480195045,0.0100022656793,0.0100011419996,0.0100059407584,0.0100273160494,0.0100048417689,0.0100067716442,0.0100096820583,0.0290362076726,0.0200517835528,0.0496709952396,0.0609816687955,0.0441309953526,0.0100073344272,0.010025855698,0.010026902516,0.0287605281467,0.0370723297653,0.0700166497511,383.03904862,1.37029591526,1.14767664229,3.38435991253,10.6704185486,12.2771263852,2.32020420766,1.43858138807,4.23495712415,3.70610154366,3.23963523979,2.63235036106,114.101012046,187.974251633,0.0875526802472,1.16263623857,431.670085137,414.968777728,34.2626647832,0,214.616019002,0.373681270909,10.7831481333,2.47180930144,3.09170242477,2.52761974267,1.92907058431,4.07836459481,4.38424616842,1.01011734814,335.300847198,63.4695943961,0.711616305883,1.66917322891,2.56078821998,1.53461711697,2.35671275657,1.72613452908,2.12282768202,5.65255379394,0.745150721617,5.37589568105,5.75649741564,2.13858966493,0.718716453648,0.474209816557,0.738201418749,1.23856483777,4.43156232519,7.32058891351
sobol__0003935@@teres_minor@@0.50,-58.21786431,122.34819425,74.10890208,97.07782362,71.26864769,13.11143512,-33.10929288,Teres minor,TMIN,0.5,1,usable,Converged with independently replayed constrained generalized-force equilibrium and small reserve torques,321.798871,3.0157213836,1.91183104903e-08,1.62373469873e-07,0.00184917956453,28,1,0.543117450623,0.0100000972414,0.0100000254689,0.0100000127418,0.01,0.0100000816934,0.0100000437107,0.0100001140693,0.01,0.01000000403,0.0100000423636,0.0100001225669,0.339001432387,0.999999636869,0.0100012737425,0.0100000407592,0.594480052467,0.58286640989,0.125071498999,0.0100452377754,0.405238340849,0.0100005772855,0.0100004090909,0.0100001825822,0.0100005268946,0.0100118142975,0.0100012665825,0.0100005108086,0.0100004838771,0.0100015878745,0.779905366022,0.304009950726,0.0100022965476,0.0100011578677,0.010005935476,0.0100266163106,0.0100048258329,0.0100067558479,0.0100095807635,0.0279910295768,0.0196258494567,0.0488131992207,0.0603676000441,0.0437702220601,0.0100074091323,0.0100263977808,0.0100280970496,0.0287782190933,0.0363511262509,0.0698328189295,372.827806419,1.37029652984,1.530234053,3.38436028415,10.6704185461,12.2771264707,1.16010536948,1.43858214345,4.2349571237,3.70610178073,3.23963600926,2.63235165857,100.856689043,187.97424514,0.0875531288194,1.16263651271,424.170543503,407.759364667,33.6674722781,0,210.280310512,0.373682076115,10.7831559129,2.47181013405,3.09170618103,2.52785732318,1.92907305787,4.07836809083,4.38424816247,1.01011980899,329.339627264,62.3477320312,0.711618502021,1.66917587724,2.56078686817,1.53451002654,2.35670900269,1.72613180426,2.12280619966,5.44908626573,0.729322448618,5.28305635158,5.69853105869,2.12110657787,0.718721818805,0.474235456361,0.73828936294,1.23932669446,4.34535090415,7.30136849067
sobol__0000317@@posterior_deltoid@@0.50,80.69326851,115.08012784,89.96583568,78.95526502,-63.61416481,-9.48988324,-21.18546476,Posterior deltoid,DELT3,0.5,1,usable,Converged with independently replayed constrained generalized-force equilibrium and small reserve torques,395.433573,3.33227917328,5.57454310268e-07,1.1226575225e-12,0.000253509619966,25,0,0.010000102637,0.010002836633,0.607940302691,0.010000353416,0.37328708202,0.0100002040771,0.70311634753,0.0100032828352,0.0100001395794,0.0100001210384,0.0100001648333,0.0100014919685,0.0510315034846,0.0100110236294,0.0100007449003,0.0100452363892,0.567802972336,0.555755769892,0.109976821381,0.713304306787,0.322083093323,0.0100004445412,0.0100004485623,0.0100002283294,0.665769789263,0.52127254371,0.0100004675548,0.417994962685,0.01000020136,0.010012921981,0.0100003314064,0.0100018468177,0.0100027041431,0.0100015384459,0.176774583879,0.169218664277,0.0100038041876,0.0100211594572,0.107425542995,0.251432922634,0.0100051917154,0.0100011550543,0.0100050650459,0.0105465495767,0.0100023270866,0.0100345628748,0.0100060523509,0.0820730642904,0.0377645956621,0.186062839938,4.97545357532,5.77706867895,58.0679766208,2.23526783802,401.458076218,11.3614946149,186.575069751,1.42311126707,3.93826826403,6.34218591795,4.62274068085,2.7178841965,15.4272067984,1.88174207332,2.0676661034,0,395.555011199,378.947901388,27.4676400806,247.610942154,149.664928307,3.15434997688,11.2409767824,2.69920146909,210.309788964,127.63039905,1.53225321801,170.49687672,4.78744636651,1.00935679717,4.71633153814,2.45743284571,0.75064113551,1.71196363916,43.6149409643,24.7490303963,2.23014184097,1.68630127455,22.8159242906,48.0630733887,0.294421826516,1.08879168692,0.94430335357,0.512504098776,0.609613227574,0.474492924036,0.848619197664,3.77521978248,5.69033722147,21.7114978517
sobol__0001218@@anterior_deltoid@@0.25,81.30850288,1.26665128,74.65821849,32.17303846,48.80771019,-1.91908246,38.28719149,Anterior deltoid,DELT1,0.25,1,usable,Converged with independently replayed constrained generalized-force equilibrium and small reserve torques,424.871334,0.189109200955,2.30129028722e-07,1.22923893286e-12,0.000304835789843,23,0,0.0100019957245,0.0100005404742,0.0931257813267,0.0100092299017,0.0100010207983,0.0100006619165,0.0904119974282,0.154224318847,0.0100025979861,0.0100023094613,0.0100013400541,0.155254548181,0.0734772382608,0.105971089838,0.0161055849022,0.173367908046,0.0100026205469,0.0100027853376,0.0100452378847,0.0100452378847,0.133972869413,0.0234310751621,0.154848051788,0.0849409439385,0.0428193732757,0.0487374220739,0.0918872763447,0.0100014994737,0.0100041499125,0.0100042188749,0.0842713277042,0.010239514167,0.0100078447283,0.0100035789585,0.0100018581881,0.0100027312715,0.0100027980277,0.0100034443683,0.0100027466732,0.0100025417513,0.0110650253352,0.0482931871932,0.0368188811552,0.0167957476412,0.0269080745385,0.0111708596685,0.0100429136843,0.0100103267643,0.0100037155548,0.0100037746791,2.08188605701,10.9905119386,18.7534904607,4.99514942061,5.92201448988,12.4174576159,24.3548144008,18.824558981,4.21893040581,5.81648570695,2.89726907611,27.5261493295,6.18337905929,15.9361581743,2.88622273004,98.7227165987,6.42875361239,6.02657110483,0,0,44.6650074227,5.32479217602,182.313373918,22.2890293557,12.6299056803,8.71030366327,14.9294545443,3.87734800969,4.22102018004,0.920686750429,46.9536850933,2.58939967982,0.672792848914,1.59582382384,2.4200730265,1.5652992749,2.27809880494,1.65557684746,1.9459417085,1.88111446825,0.210032029149,3.65544019597,2.42944643724,0.660738389154,1.30079523557,0.307892658346,0.545321376558,0.460145733494,1.95783761297,1.1282173021
